,x1,x2,x3,x4,x5,x6,x7,x8,x9,x10,x11,x12,x13,x14,x15,x16,x17,x18,x19,x20,x21,x22,x23,x24,x25,x26,x27,x28,x29,x30,x31,x32,x33,x34,x35,x36,x37,x38,x39,x40,x41,x42,x43,x44,x45,x46,x47,x48,x49,x50,Z,C,y,true_sf
0,-7.730143645956872,-7.697408067415601,-6.76322879229161,-6.664798101012413,-6.267835338448396,-7.861667514493467,-6.386860415146906,-6.657525354633637,-6.179891343625714,-6.499650675721699,-7.202544004956388,-7.722568016598266,-7.602887965221951,-6.652638740483808,-7.987094938212819,-6.351428247635184,-6.400856707182084,-7.787736189591925,-7.169906624006942,-6.109177204325985,-6.444931012997911,-6.105645505792304,-6.491726608036154,-7.655912959125918,-6.009917787008885,-7.515811106634083,-6.109525444115778,-7.932913762450877,-7.517333755792075,-6.589492010354892,-7.470994050391174,-7.437613693998122,-7.261793417851864,-8.07928507306009,-6.343238296148307,-6.841804601101236,-6.4762338537452555,-6.235101739493489,-6.998076746580021,-7.821668905610044,-7.647771774589942,-6.497990604502196,-6.051777189996147,-7.55411435175446,-6.645055779718633,-6.153513937042997,-7.109614553174907,-7.987078114601823,-7.551394973657574,-6.840613583931178,0.0,0.0,3536.2001423382007,0.8298284491994167
1,-8.132113841704665,-7.618335765100151,-6.794452660427543,-6.235157289511167,-6.424529585991246,-7.54693498711927,-6.3895851144012195,-6.810269998280024,-6.439071085398986,-6.572852576061707,-7.071922364771062,-7.384270663715,-7.000685174802947,-6.401223040617963,-7.504596863534896,-6.503858343981483,-6.675035218930047,-7.81084796047613,-6.947831300202506,-6.145144225991559,-6.669407110650521,-6.189215258735475,-6.346396222565912,-7.549340544934441,-6.158816130015405,-7.463867394338073,-6.175014925262782,-7.830205162343212,-7.835225102527704,-6.981734604198951,-7.6944856643955415,-7.608201760236817,-7.784560297323441,-7.79727527991096,-6.70628437001782,-6.671386118222495,-6.451940639114661,-6.219017715735795,-7.114976077460821,-7.748514754145583,-7.4959695528737615,-6.519387503556434,-6.053600797926245,-7.2378514197300845,-6.301439896268577,-6.099183622430562,-7.082490835162453,-7.849920205404821,-7.53313283186402,-6.516812804138058,0.0,0.0,3269.696184987753,0.9334199080735648
2,-7.874131036061281,-7.249317539131973,-7.053968579319449,-6.304432159087736,-6.657257313796096,-7.52183115217567,-6.334159773638333,-6.697931645873005,-6.398608638437388,-6.160295960103107,-7.062452050703037,-7.007736948443211,-7.538749612136226,-6.617902579171182,-7.780567335060367,-6.396334450477209,-6.42816956599062,-7.96800430340115,-7.030825521982883,-6.12810524501898,-6.586922699667325,-6.166000732584038,-6.309106162714929,-7.8823014090932,-6.345753159143078,-7.287988564244984,-6.487268558923889,-7.730147797203042,-7.452355743162327,-6.545665998088062,-7.095294249973867,-7.728904125798744,-7.480423459279471,-7.765321365588015,-6.4472348246301205,-6.983981175485662,-6.967938382601273,-5.991533828589447,-6.86169045180393,-7.889094417391382,-7.643355853539637,-6.674329299125086,-6.043002104182558,-7.174933687971193,-6.635845479923294,-6.148634295705006,-6.611872606464884,-7.6051385306196675,-7.172816158734677,-6.671276741783794,0.0,0.0,3287.9014712837816,0.8496808706143373
3,-8.131861071514507,-7.63536195798051,-6.815015607120035,-6.579360114601855,-6.670551275081462,-7.900696686727372,-6.430793165529737,-6.839929965044705,-6.112883351453443,-6.205518335660786,-7.006746655212746,-7.145515893581793,-7.653390257039169,-6.752085257560245,-7.600017553472897,-6.624479548639208,-6.423452890287925,-7.624702582205755,-7.069024919671342,-6.514177022048718,-6.799105891867504,-6.08170976568557,-6.72875158878403,-7.351684923645841,-6.175659673732074,-7.09137402370847,-6.484844004455988,-7.834736386667918,-7.512825966784418,-6.561644433998316,-7.386468847915982,-7.411936109870309,-7.776532122696109,-7.883812501998022,-6.3761579399246235,-6.597193435684714,-6.676835440313984,-6.418281402918427,-6.539885986431007,-8.052376440092846,-7.671576064491267,-6.299748817665161,-6.115633433838791,-7.206185094056404,-6.568482451520662,-6.168288755176636,-6.958557366723127,-7.694751278479465,-7.320985675193679,-6.442968799813307,0.0,0.0,3341.184571371754,0.8858254525221788
4,-7.726858962508159,-7.4007797627072165,-6.850239469069133,-6.262931270082631,-6.463504975739613,-7.6440302219563,-6.364167566198751,-6.788588236841343,-6.162550116540328,-6.452423188287037,-6.575794691937386,-7.513637539222497,-7.5592292833661645,-6.790291485248867,-7.526539909955797,-6.369683171947791,-6.900510474761079,-7.693147666344467,-6.939313031406905,-6.27927593805636,-6.4473590712379325,-6.039875478407807,-6.244316541978712,-7.131137051767177,-6.083516756695997,-7.383413273020079,-6.403938243060805,-7.82031648796697,-7.540968549201028,-6.38162699572719,-7.340853354087691,-7.6218403259136265,-7.50595342718423,-8.027781354106832,-6.5120973866427585,-6.608105592413581,-6.624460323982282,-6.213274467808268,-6.7709723151382954,-7.924595835666073,-7.740283331709814,-6.300799007079159,-6.132046623806845,-7.327216422035826,-6.6254458818799975,-6.426220548757954,-6.850549244897661,-7.662621321460205,-7.317104101716701,-6.33696977509234,0.0,0.0,3177.784911988094,0.8775324003135103
5,-8.051091396620386,-7.526298994523601,-6.903616307081425,-6.0118520380599945,-6.6328400470949855,-7.6056804396681255,-6.009282748114319,-6.547684141768625,-6.131074384306702,-6.525764973867299,-6.7878531073655,-7.033418865836129,-7.3795247317999735,-6.771192512208536,-7.772479930193614,-6.20322636200378,-6.542349671842984,-7.904130770879153,-7.104792524161438,-6.467191192609479,-6.551616700638104,-6.1718282591432985,-6.3960778261496385,-7.741375096733639,-6.21650670961188,-7.306818863891737,-6.241554090901318,-7.876652309897203,-7.669267536888505,-6.718609894465741,-7.737538297645121,-7.417528446969528,-7.762737813612805,-7.714549478186036,-6.395656550608802,-6.72641361286181,-6.777062912746029,-6.069041896779815,-6.742844197697905,-7.505279076963346,-7.686570526395212,-6.337120608829617,-5.960420072660819,-7.329732281269992,-6.566757642453208,-6.226795286269691,-7.315286905658308,-7.620779376071719,-7.360296374089693,-6.443927116816388,0.0,0.0,3191.658108523209,0.916192830111546
6,-8.080318710155574,-7.501190410118452,-6.8203833325865535,-6.6070608051111765,-6.65511364641791,-7.464857307298107,-6.069024284148989,-6.830454421139253,-6.208054541945053,-6.137445500480553,-6.864397595904827,-6.9140525356633855,-7.6676607452073275,-6.294100057490263,-7.656788772821903,-6.383698475360355,-6.718115373125208,-7.807507020767094,-7.0915455008395725,-6.571523841252816,-6.530140955071114,-6.34592845768276,-6.399494962079333,-7.289883525257396,-5.9277275146217665,-7.33851292997604,-6.393370498997511,-7.742415372920369,-7.621157802527053,-6.406488003094176,-7.8335478880410685,-7.687612185215921,-7.401115800019764,-7.931669716245429,-6.49829007940634,-6.9904662678920415,-6.720951216012385,-6.1147380093905115,-6.583702964062692,-7.62811613787168,-7.580704386581982,-6.192181831244264,-6.5202239434297775,-7.058714208658349,-6.74350766918309,-6.372200778964026,-7.24542423821674,-7.674340663738331,-7.635237182688591,-6.778215764819039,0.0,0.0,3267.116688858963,0.9107853147754019
7,-7.5175459040740265,-7.589029938538198,-7.028317111238002,-6.501695890910512,-6.586129527120095,-7.464878953335871,-6.211204379026808,-6.536119638899469,-6.156692631789381,-6.304307697187318,-6.820412000116606,-7.093927478618147,-7.183124562357883,-6.390472537787628,-7.512951555103914,-6.615852972193228,-6.565235355794585,-7.69535550384284,-7.161457712523869,-6.158273005087942,-6.142978920341018,-5.834623977145362,-6.57743862815091,-7.624236328270653,-6.418293873710233,-7.291402718821186,-6.201809542216513,-7.483953989800221,-7.60822895889279,-6.724792180160159,-7.434485694192876,-7.431853126713444,-7.827067613836544,-8.226035019509432,-6.7342500756259875,-6.7694709985510855,-6.5764256392227525,-6.534105151067683,-6.795966790734285,-7.752900996795028,-7.698974702001507,-6.685498681821073,-6.1921441390200656,-7.275464647590619,-6.434613162600422,-5.949502865212613,-6.85745166987202,-7.552352465396438,-7.613860817200126,-6.352232290048438,0.0,0.0,3229.2178058349737,0.8407566854171135
8,-7.8703371524862895,-7.774109895275247,-6.6587280420389305,-6.290294315141312,-6.495144537413842,-7.735334496897411,-6.281315620132533,-6.627670083264548,-6.236202774466035,-6.482682074068563,-7.216693801354415,-7.017510260574159,-7.431177374934316,-6.904502772511956,-7.430252622716605,-6.360402233783849,-6.472669139086161,-7.814929977126298,-6.926112157833364,-6.438106549025566,-6.67367687747398,-6.137926381384715,-6.359185869534021,-7.395114702458377,-6.225464734380241,-7.801878970940532,-6.506502770721955,-7.986437328830276,-7.7097003052084485,-6.619973932175448,-7.425766388270771,-7.73903948055326,-7.78149640845592,-7.897769244753599,-6.168660358191018,-7.1996020410242645,-7.003132153602668,-6.108182630582761,-6.626911632553611,-7.935258801806015,-7.540926094749381,-6.347839348196777,-6.053502335061749,-7.1953123925992815,-6.601503276290912,-6.278918956490866,-6.878557493957011,-7.753912587992891,-7.230455969926897,-6.504898073686656,0.0,0.0,3439.383564090754,0.8358668890007747
9,-7.715691414591684,-7.416223272635775,-6.710488675320846,-6.567184291294475,-6.4174967987138825,-7.474680114777638,-6.092941569789603,-6.492526921508146,-6.72545563586966,-6.493504087795562,-7.315818996457344,-7.277434040434864,-7.767141746814003,-6.5285813257255665,-7.920236758546587,-6.340218934107693,-6.800107770652905,-8.015241799006287,-7.118647289789071,-6.351522112664077,-6.432078861856181,-6.018752798378053,-6.255795126980679,-7.958011909675507,-6.226490993533412,-7.331810092838047,-6.302470953908833,-7.8783528994819845,-7.884086512313008,-6.660685933931366,-7.5626431524066104,-7.683687246877225,-7.718958063273242,-7.695648459472208,-6.355180816336055,-7.043207643574719,-6.506065930781181,-6.336011100228909,-7.053050960639525,-7.923611840746682,-7.8117957681300565,-6.319591712761109,-6.050148023616637,-7.3132457158169295,-6.189601764455847,-5.920192936466404,-7.028555669842644,-7.482993031372835,-7.42612042727184,-6.903842575404753,0.0,0.0,3336.187791744739,0.9333986150462559
10,-8.132019097687603,-7.394206742270543,-6.161135241277838,-6.16185808460899,-6.5274521542878166,-7.698163476608738,-6.008632780271361,-6.919221925953052,-6.1717400767706385,-6.40439814959557,-7.122848470396546,-7.288818231055073,-7.453069389747408,-6.4844173743254645,-7.8446540698451726,-6.475305809550631,-6.392911225025092,-7.946781534513924,-7.175458256989131,-6.303941937476685,-6.143110840410516,-5.978283848953857,-6.22158238498445,-7.193665728200441,-6.226035435928256,-7.615563749649001,-6.260763851590499,-7.682314125298658,-7.629888005729992,-6.7983407825903095,-7.72716429970195,-7.39309104677368,-7.730246223895824,-7.72850331477135,-6.259781683376096,-6.922821001778279,-6.494404103943197,-6.410244940126339,-6.647958196184368,-7.776047413360056,-7.6469298743597625,-6.329881241937984,-6.1972601683596045,-7.421544390286031,-6.451494111013785,-6.157107223781376,-7.246196126039808,-7.916122970350737,-7.6397430644731354,-6.517418096301257,0.0,0.0,3241.9665885080126,0.8894553572696271
11,-7.84727206954991,-7.653211594964192,-6.4177623863808915,-6.5198164209325755,-6.586562868427867,-7.778857232567029,-6.052670803453632,-6.653710135573438,-6.32299410088944,-6.0315496132554465,-6.693115197085417,-7.372805184305807,-7.555968746984603,-6.448402957394644,-7.960230737445831,-6.294253301083601,-6.50472188626404,-7.879623417602864,-7.313129936706339,-6.338659424808724,-6.43831711212208,-6.324168128941518,-6.445681822311937,-7.6083766781524265,-6.388799370561983,-7.622358481643489,-6.086399663921069,-7.908664186324056,-7.7977671822095695,-6.9283332538535225,-7.5727149054015905,-7.3718068337452785,-7.381353044940211,-7.938047458739566,-6.481523108296243,-6.670150031415638,-6.551735231970005,-6.1707985661694185,-6.702697054972836,-7.445660106559782,-7.68940729598693,-6.687464638405903,-6.233408225131071,-7.1237695474560505,-6.5541261550773955,-6.017883903928063,-7.127357484525895,-7.576861429615432,-7.573107933756076,-6.7033258906388635,0.0,0.0,3298.10439891848,0.8921600450795814
12,-7.553444287741829,-7.585269106197781,-6.689510564731087,-6.3368974411158865,-6.611182236215422,-7.493456914221171,-6.199049946083831,-6.9945361554120975,-6.202527064301335,-6.516183436568349,-6.502378262348671,-7.222731282152542,-7.605425418228353,-6.392570557969104,-7.791258343838582,-6.483661714558945,-6.4913481567136,-8.132414504557689,-7.086244899740985,-6.151050573822798,-6.452723051792481,-6.164497734966605,-6.3317649809713235,-7.681087708166103,-6.078221828407689,-7.481017240153764,-6.485068084973102,-7.9010810796009245,-7.479038459037239,-6.674638309753576,-7.321578280616333,-7.69798405802144,-7.388010459173425,-7.753911014962866,-6.345633697056027,-6.849487978682519,-6.704892579651836,-6.29963115917689,-6.5592588897799,-7.883354080546078,-7.460105548302596,-6.60392259687188,-6.219205959057197,-7.210656250801585,-6.468447043483984,-6.260840204264125,-7.134864157055052,-7.642501052447288,-7.584061945676365,-6.432331177507707,0.0,0.0,3332.0339100056544,0.8192193338756745
13,-7.647089303481073,-7.379318947531142,-6.820480006709616,-6.1529143003660165,-6.749884714708574,-7.750165310279613,-5.908956510300653,-6.861831003182165,-6.3903587983922145,-6.294412407131805,-7.121742870284918,-7.3129469500389845,-7.609588055200997,-6.462248566695235,-7.6314349606271845,-6.342985200701988,-6.610328975452827,-7.651630306996348,-7.124027630133731,-6.732782021521362,-6.402472676769692,-6.3730753920400405,-6.448877269996565,-7.82791294382066,-6.202601375675779,-7.446525012928774,-6.158236552869015,-7.709758295561362,-8.045736571818548,-6.497528688117494,-7.508037390459508,-7.380478224175284,-7.577788905211528,-8.099037935329257,-6.3886139068480645,-7.051402250127383,-6.764336508269504,-6.427453333358762,-6.980201557189582,-7.5842693795904905,-7.682277012652687,-6.332234692208775,-6.222843134840852,-6.986467123384926,-6.500297496385769,-5.7630519391358686,-6.853536817077629,-7.796073030866191,-7.218226328365737,-6.6737322162132475,0.0,0.0,3336.81475641341,0.8684353614067422
14,-7.938585879298388,-7.455049600196698,-6.371065039786138,-6.664013866148794,-6.45118066873038,-7.609392109544099,-5.989777405788668,-6.654098637811439,-6.4085455251790835,-6.405993843320769,-7.155580117475434,-7.109338694801342,-7.522132448291983,-6.668971067397525,-7.558790483237614,-6.4014709263312675,-6.3796662470067504,-7.677677837091241,-7.071894933916032,-6.312598481377125,-6.266120933475568,-6.399078763664533,-6.343674171756183,-7.448210403301816,-5.996142909260728,-7.443505938515617,-6.060875362112682,-7.910297708160895,-7.409445364100357,-6.653176716885176,-7.39190950315879,-7.4505979442589565,-7.818285482082908,-8.231505371727375,-6.306404698758404,-6.702982140132595,-6.654914411494413,-6.233237415857427,-6.768769024007962,-7.857069540775139,-8.089209054063705,-6.693696806568812,-6.191707112696958,-7.081994540135898,-6.752900264392003,-6.146575351064257,-6.848737083964259,-7.808501822382399,-7.695149778660615,-6.536079172298973,0.0,0.0,3390.0203740764236,0.8052993101222519
15,-7.873480990124908,-7.9839301339555995,-6.649887772055375,-6.452303599596126,-6.621647576830646,-7.414047587895471,-6.15794884286642,-6.402279579764119,-6.373167211177545,-6.428195245656538,-6.973210295994965,-7.241908899532364,-7.441230843699731,-6.5830214958225435,-7.770633652954618,-6.357061293498278,-6.681669925104577,-7.881905171212109,-7.471864031683323,-6.677933643080179,-6.601887387050938,-6.336980064706425,-6.434991733744,-7.627023262600617,-5.935070068808272,-7.787210264160543,-5.970961258456064,-7.961468557979254,-7.723165519309929,-6.592268577584733,-7.445573705602896,-7.249703013350241,-7.795115051387409,-7.646238329291034,-6.467070640949285,-6.709688241336664,-6.60077654974532,-6.365101606432138,-6.702565251928567,-7.961598702771429,-7.487652122373371,-6.5385314465621525,-5.982280539184089,-7.2925719156835775,-6.353890180370263,-6.19748301632747,-6.986497867952675,-7.820713961929426,-7.471560426705622,-6.5250828641686525,0.0,0.0,3421.1645810574037,0.8451110428652394
16,-7.8355160848060414,-7.653044137325579,-6.515137033557259,-6.304785930904345,-6.430292798225567,-7.927253057587635,-6.055361165191561,-6.696744556361367,-6.364129418657599,-6.2796392500107565,-6.894467033586289,-7.48812259909624,-7.429685377564818,-6.354264428409011,-7.600662635567669,-6.53412194319145,-6.595860108674911,-7.8644754968868815,-7.385145093181276,-6.337687795789569,-6.317535034580127,-6.104587864686809,-6.3693911453810585,-7.301140401521866,-6.297528275939361,-7.626491374428728,-6.274884335735519,-7.660846840198562,-7.525112782450585,-6.539236405454161,-7.48800427905636,-7.46814763896891,-7.934028351820985,-7.769903098125326,-6.361376932474116,-7.0299174571627825,-6.584921378193405,-6.01606455814475,-7.301564904344845,-7.782273887009331,-8.165095632799634,-6.40521482418402,-6.2223969002416135,-7.560883070869506,-6.365717964958825,-6.15904517826425,-7.126731647678991,-7.879108428968056,-7.597532597101172,-6.637817944357807,0.0,0.0,3366.1024019181027,0.9061892079186954
17,-7.966054335653546,-7.533428173725913,-6.785842628536218,-6.481185404702852,-6.921708939709192,-7.726097260297211,-5.725193980770385,-6.581800976066081,-6.340739766722348,-6.440687132769811,-7.173590158364716,-7.143303387980997,-7.600960581055223,-6.583262303765658,-7.918946439294291,-6.415944717012299,-6.690415506578681,-7.586947312912671,-7.2578889062944425,-6.378829444910306,-6.467214229435121,-6.353122570106346,-6.458991419591005,-7.241222668890207,-6.486000106426952,-7.619546650901521,-6.238805117300013,-7.694045138980964,-7.589495072982983,-6.6441079592419205,-7.564216665390497,-7.564540697582822,-7.5724309341685725,-7.879508476859185,-6.462572580956663,-6.61646387987431,-6.532156476076304,-6.2106136227729705,-6.688492995974416,-7.742403614247961,-7.317129026161336,-6.287883485089791,-5.822238765836034,-7.305196698963034,-6.527456112896724,-5.989502631755143,-7.001970571248876,-7.503345128740717,-7.225768050126151,-6.457248403247863,0.0,0.0,3286.0642170245364,0.838611384900008
18,-7.742737740300345,-7.609546138382947,-6.617188861583632,-6.408204480307926,-6.921617472052556,-7.66850131894355,-6.233064916526381,-6.7902108660007245,-6.145448701230375,-6.099397198020339,-6.978739980217678,-7.375055978490875,-7.666236057908609,-6.970559057313832,-8.119819876087986,-6.621490496609661,-6.549093342934052,-7.455287894879176,-7.426272654698331,-6.099763090440792,-6.27405525842938,-6.145573106713535,-6.434328170061563,-7.877710123477014,-6.189445339081189,-7.510012013505133,-6.142762952170099,-7.864739263147199,-7.527725433590307,-6.5932437941034365,-7.548960183019547,-7.568076915412182,-7.4063668293390466,-7.966763518209431,-6.54564892106459,-6.801473646666297,-6.800992875211368,-6.0254984639745,-6.764695000637098,-7.750979369980475,-7.4349042265897385,-6.4211551423433235,-6.165253720943961,-7.15887952871157,-6.5433114867307065,-5.957047615357713,-7.23414337427209,-7.716789998676396,-7.559369908423597,-6.853982788473738,0.0,0.0,3344.3425406454708,0.9079837126570535
19,-7.749346932127818,-7.416643660263978,-6.521595540370719,-6.691852798950912,-6.614868190602056,-7.698933333971426,-6.457408881824523,-6.559325321018653,-6.350261166509721,-6.124653429966523,-6.966390886959151,-7.258515669751899,-7.632631897111203,-6.3147419581433475,-7.617950257349951,-6.069274531016077,-6.3808864288733425,-7.856946914087119,-7.374478439929211,-6.164531181984993,-6.582996620825219,-6.020547915250815,-6.223311167766698,-7.632007226827422,-6.091635558725821,-7.55133201799807,-6.299542926187241,-8.022118816838514,-7.382933863761714,-6.8563462613730914,-7.268310904313461,-7.371404583612904,-7.535860871947465,-7.875207373202185,-6.385918565706714,-6.616177948791803,-6.534196956788117,-6.211176350015135,-6.714481615253152,-7.930314944507718,-7.5124952978237625,-6.3572200098451495,-5.920920489485463,-7.26152843513044,-6.3675199276412995,-6.12643154961204,-7.091382604747742,-7.285347421148537,-7.706334824807806,-6.5758699377275684,0.0,0.0,2984.2453050266795,0.9608974564221857
20,-7.988562993627649,-7.384761597939021,-6.527878291034155,-6.371096700078194,-6.430708846906436,-7.602597373347238,-6.019566109980952,-6.884215430538066,-6.38208425330783,-6.2103833915955,-7.067968446206711,-7.474967179792614,-7.511855519825823,-6.428974186065423,-7.701368017505875,-6.268077934518824,-6.526066634304649,-7.509693121521721,-6.828675887866491,-6.254925164827739,-6.596354050068879,-6.002515773664802,-6.292175341856804,-7.178083416650439,-6.003050070961848,-7.387584032908795,-6.0097936540790755,-7.843699505759396,-7.379256688005263,-6.910677242794311,-7.590106928862429,-7.47617993004296,-7.492292796138728,-8.077228744729545,-6.261077904440971,-7.085527091715343,-6.648587777630939,-6.41755209863739,-6.726293713938993,-8.130061099966255,-7.6150818803452935,-6.395337440454345,-5.871434044270138,-7.123009351713989,-6.528405146247831,-6.168848518579152,-6.7345571705235345,-7.803434864294337,-7.814711287305015,-6.649709770987341,0.0,0.0,3024.068125912428,0.9597668978443663
21,-7.7580414752946165,-7.461180112862437,-6.3202272890883116,-6.198683365809845,-6.537178824583005,-7.626762868770073,-6.003548698727385,-6.697174678746025,-6.148669692926124,-6.376333077949279,-6.922887793953274,-7.174859553957412,-7.535556128585682,-6.18819858764157,-7.7866208047855645,-6.5487374235651385,-6.834928637414075,-7.913566481984232,-7.052868436274445,-6.247170906792813,-6.436976787690798,-5.859810028021629,-6.039173774851458,-7.812013626350451,-6.356992285193846,-7.333187837178801,-6.508169820382594,-7.760688229787509,-7.562547975481477,-6.497512307566136,-7.760606562025185,-7.116942364502882,-7.639089864016394,-7.816365135021053,-6.368803512885349,-6.895920359687419,-6.616681021613401,-5.875844916146205,-6.70742258528952,-7.867589643730373,-7.767807665296664,-6.274816181931629,-5.879064696676439,-7.592862450412197,-6.48489386315218,-6.200111483176688,-6.999614782406129,-7.841639659318835,-7.499027823677248,-6.87838896703449,0.0,0.0,3189.71397996274,0.8832210115261387
22,-7.83362639119288,-7.904068152696138,-6.687039227177787,-6.617205497981647,-6.451785404070128,-7.537194716393524,-6.101017365410859,-6.7514807024770676,-6.2982923848318935,-6.4694827178506715,-7.217442824428195,-7.185838394916204,-7.524701192971347,-6.739654341503236,-7.558385232651729,-6.4622093784464845,-6.562915310372507,-7.988943009971387,-7.115113984484629,-6.359013709672849,-6.736517371810937,-6.4279001438129795,-6.593723484211035,-7.4137858489798045,-6.110746582622952,-7.190702394361745,-6.089619643946737,-7.882180606123498,-7.179591641032051,-6.635306119776374,-7.1988494670376895,-7.407493421193639,-7.694631087560932,-7.64158172620937,-6.381010500343579,-6.982427950197617,-6.9990116551829145,-6.228380987877309,-6.885263532492956,-7.664466991714699,-7.93572227130037,-6.259297359842126,-6.311016224661674,-7.193711901878968,-6.456534320144366,-6.216802825960339,-7.224125827837874,-8.021906133299959,-7.412208873008656,-6.873796752123877,0.0,0.0,3301.904550770382,0.9324415003536437
23,-7.8149713885547065,-7.976733733976854,-6.416769941548769,-6.44586066979022,-6.304564374038456,-7.551574270391354,-6.454653799835208,-6.620082178818153,-6.5034679935605135,-6.440355104039555,-7.348682042044322,-7.090398459314764,-7.674392658845063,-6.4652049072148285,-7.890153519639478,-6.28871493975781,-6.5024795755616,-8.02180067367565,-6.872865713406402,-6.28193397383435,-6.259213715389547,-6.129314898188067,-6.465781005784563,-7.654413938611878,-6.058682115810143,-7.580275466826834,-6.480032716947169,-7.830662867826962,-7.647301124734394,-6.912193996248683,-7.423351687544269,-7.6741912339803005,-7.4220304638640995,-7.855014883257301,-6.423277039653621,-6.903287321258486,-7.032673195780793,-6.098902807191809,-6.494113322731607,-7.8838977976948525,-7.573679871028616,-6.324408020947857,-5.889574149446352,-7.55106259938018,-6.62343373843819,-6.272707972313719,-7.10394578185851,-7.6976616764181935,-7.529208597340647,-6.64233117372453,0.0,0.0,3177.1844536489803,0.9728002918341581
24,-7.715081743708998,-7.76213484629438,-6.85475074320846,-6.2564740696224765,-6.468695326767799,-7.364819985659921,-6.162846162123308,-6.877123287223654,-6.207553863091898,-6.39938181783117,-6.620509106957553,-7.363575456791437,-7.177613450435347,-6.440815951600935,-7.766076857456143,-6.172897250504057,-6.799232581581694,-7.998150143173024,-7.355863390219613,-6.271977131884073,-6.650659118460317,-6.219075280748321,-6.213055760844119,-7.466253643373278,-6.020143674394073,-7.533595897468516,-6.089875945021571,-8.05473035085311,-7.595679680433424,-6.567849146878227,-7.452480646791452,-7.489108423539604,-7.560376384854863,-7.823921082425255,-6.439682309774761,-6.9992867080522485,-6.727946787864535,-6.13786890165571,-6.896963908501072,-7.78472921359456,-7.557342109730841,-6.698210253680547,-6.153333476960837,-7.3176993377339015,-6.566208179240725,-5.845709322647919,-6.92504224861235,-7.677837538148463,-7.725586304452191,-6.830058430931751,0.0,0.0,3322.1581315257436,0.8626422545715791
25,-7.56536005651968,-7.342528275121872,-6.6279532103805465,-6.176383336203508,-6.623577523684411,-7.537657257135537,-6.411740956812977,-6.7834906009225024,-6.174542839416098,-6.541956984069451,-6.95505314726702,-7.068125144834064,-7.593953727481,-6.569635525836381,-7.557037872004647,-6.355034419730737,-6.612076163012952,-7.443293031816109,-7.2986148210810295,-6.653192591735446,-6.541154466828217,-6.015184960580928,-6.298855694868194,-7.642174974427914,-5.779117342399336,-7.853821059094547,-6.330433227601633,-7.840216831139754,-7.729554912545982,-6.591855429191861,-7.423574455388479,-7.422665793834858,-7.5794490303724515,-7.5791815678097265,-6.421971576415994,-6.840316666981312,-6.742196081947094,-6.251962081218371,-6.868802194886814,-7.686127324975613,-7.679217768924969,-6.534805585868986,-6.331032174458346,-7.263690618279668,-6.697927452202724,-5.966067326326498,-6.9353184745221705,-7.7170024898867915,-7.517866406519692,-6.679494499755497,0.0,0.0,3309.0833601687264,0.8352580391635362
26,-7.856400698402877,-7.5482769674444565,-6.726155239344098,-6.4389872762810425,-6.617899098710495,-7.7450018741156885,-6.204914819897105,-6.726703407380908,-6.413252080052088,-6.1380384508160954,-7.203456719108801,-7.17956489069036,-7.7235666861283,-6.527417948499342,-7.908866831386227,-6.3930073307387865,-7.033150880114268,-7.628905665783577,-7.393186124074817,-6.314331291392363,-6.619241109099116,-6.222586738969836,-6.56187671681465,-8.053180651294584,-6.081827151810385,-7.5530622789941795,-6.629350470367728,-7.695737103112867,-7.238039772725719,-6.62828530796432,-7.628104807271215,-7.6532001935027125,-7.798513666465575,-7.751880954324438,-6.47360691176589,-6.844972936186748,-6.748318359219164,-6.269659326836368,-6.686702014464224,-7.564161041379456,-7.575439990891331,-6.488345575292043,-5.69416204041305,-7.069025137254907,-6.4656633649199176,-6.2779466295704225,-6.887797697147255,-8.043241781774691,-7.432189542324385,-6.506159874232397,0.0,0.0,3486.272458713112,0.8442751729885579
27,-7.839208105593142,-7.397187594200464,-6.776937306121796,-6.146866449555155,-6.450636183973325,-7.856935540862331,-6.309758217186461,-6.720358537380915,-6.149962033145732,-6.215661703453752,-7.1295570086939275,-7.593978962220925,-7.5176431230966525,-6.698408425923568,-7.829175253102404,-6.484541137997538,-6.541041067425607,-7.777207163217095,-7.089907975831028,-6.532673001271844,-6.4775264615375825,-5.913280665111613,-6.1751602425417556,-7.44170980875109,-6.259396386065393,-7.656316858726422,-6.386055266841308,-7.924118883700422,-7.333862041270354,-6.662760110388903,-7.560271649499001,-7.581817171900013,-7.450606181859403,-7.852940111037044,-6.1201858779201945,-6.7909782312432325,-6.661856616163856,-6.299756644761078,-7.110537935039641,-7.931469022422851,-7.426508139268024,-6.5214392084725334,-5.764976348733238,-7.235145986138833,-6.75411055984585,-5.9628158822856285,-7.117743614859459,-7.755426245686341,-7.5908486870639535,-6.617729431245096,0.0,0.0,3158.4947802559645,0.9583663426851248
28,-7.810642096726078,-7.8106024946306505,-6.515257787966066,-6.47530178226377,-6.316748221017037,-7.713516626241277,-6.332928572512173,-6.609798533192887,-6.432688549840327,-6.02565617064306,-6.856130110565037,-7.300447506195983,-7.382202793198747,-6.562441175630936,-7.660942811315801,-6.528318971823602,-6.576699231768594,-7.874495431632659,-7.164325693513873,-6.384888285977933,-6.691001363101512,-5.968542944899616,-6.110264000066204,-7.546620430237072,-6.161173403433169,-7.367980994361594,-6.037550914648128,-7.964182356886941,-7.349920794643012,-6.800492677385018,-7.525111171347493,-7.595032585334456,-7.765006008019709,-7.906195529760629,-6.2938995138159735,-7.058434877837171,-6.34111740138345,-6.192524559174135,-6.9064714074547116,-7.943931459332081,-7.405414599097661,-6.014423890278561,-6.053558410650539,-7.316018997623912,-6.655396198030051,-6.334109901349496,-6.950517296936138,-7.640547136766607,-7.383044398120432,-6.495598586839283,0.0,0.0,3325.6370751645163,0.8020104029378959
29,-7.827072137475834,-7.465210255737909,-6.637904597075205,-6.469747090871693,-6.462154878327869,-7.569118891322685,-6.207494247375277,-6.734437187244054,-6.084282552676826,-6.205730058335829,-7.0890861564673235,-7.3435121414766815,-7.467754668867579,-6.425551993867202,-7.7588507864669,-6.460517916158897,-6.506146496127606,-7.859502384785908,-7.238825956286849,-6.361184833640257,-6.129961588904758,-6.0867757585697175,-6.397352702975771,-7.600830045975345,-6.006739577804707,-7.417169227346332,-6.410456257530317,-7.6161270990393115,-7.39729627387023,-6.515552033434536,-7.220890819546915,-7.48647193131211,-7.681798761061562,-7.812431328759747,-6.159846478189816,-6.922936468184084,-6.673838085490293,-6.228696302947762,-6.85687359147621,-7.951782025385024,-7.563914546821641,-6.168691674123106,-6.006216803649287,-7.126793251831539,-6.522014799808072,-6.22200630784766,-7.254473400165994,-7.576968173324059,-7.510044753365905,-6.950105427267748,0.0,0.0,3229.0685957563924,0.8486458186804571
30,-7.646932429199342,-7.802938712861287,-6.672523541979298,-6.428130191283443,-6.572940664257339,-7.4689561673630305,-6.063984652135174,-6.443509412157509,-6.214456815215972,-6.092084787657536,-7.047501859531908,-7.068782420914066,-7.7722686735343,-6.334243605745935,-7.3264315469341375,-6.263420455121428,-6.40700018895442,-7.81623060162289,-6.982420452191157,-6.004853832517157,-6.352479137119313,-5.76171085809463,-6.164585208864838,-7.550901760731313,-6.320899936220821,-7.284107107348398,-6.14942622547298,-8.104563350472992,-7.723449472277141,-6.798609676872937,-7.285463950760918,-7.588868780210705,-7.743842233976343,-7.833462145813473,-6.419647483124229,-6.972798362992032,-6.787535586056119,-6.158553352093711,-6.791965482710703,-7.649089797491124,-7.714765834077079,-6.49950705782435,-5.887208625092654,-7.245772616401345,-6.713795865279345,-6.049394302652506,-6.952224888433534,-7.438345183277953,-7.514276266141511,-6.600789007343265,0.0,1.0,3835.922740423939,0.13664329403734846
31,-7.692373197687552,-7.461567986671544,-6.681436817998869,-6.510245445936152,-6.698153740850855,-7.414814350734124,-5.989316189596897,-6.6046424981263465,-6.311956835462366,-6.367967121799554,-6.753061547425954,-7.200209677998933,-7.642193884608464,-6.447654479292915,-7.59980105235314,-6.639251106710207,-6.51422949211317,-7.815802960421126,-7.086421131173623,-6.5079621028833134,-6.458327636091989,-6.37924633813534,-6.5075455309238714,-7.696405837084358,-6.013458045008368,-7.29940643714334,-6.605546028238634,-7.983013233155056,-7.825935362537692,-6.602008909815773,-7.22245610363547,-7.534704117190184,-7.637780575708386,-7.608460044169804,-6.506270876430392,-6.82896080329775,-6.548204847239537,-6.064695715952682,-6.668249276478556,-7.882866452399514,-7.675952124545624,-6.446397818436037,-6.0267090002490535,-7.093743803740629,-6.462367964726285,-6.115412208578311,-6.700753686322978,-7.62215271788958,-7.344525214792858,-6.391239525362274,0.0,1.0,4365.270664905036,0.012331432404843934
32,-7.748256003004114,-7.68089527408583,-6.708184420089381,-6.41963510089314,-6.655975385161309,-7.664985767205173,-6.371053647476016,-6.686162649271254,-6.38645715577432,-6.51868972456015,-7.101095926562461,-6.897779748527427,-7.377423140742339,-6.637443569470959,-7.887793218606939,-6.358024363458913,-6.6810409347097215,-8.025123605235482,-6.9327607148453625,-6.459742963388901,-6.2390452634894045,-6.108521349390752,-6.584734882283132,-7.5257337293535596,-6.361318426624329,-7.505801679458156,-6.047892656459275,-7.994261664494748,-7.445815839723833,-6.670697456443042,-7.287942393617083,-7.240676658609734,-7.575587544821509,-8.094700033084447,-6.425702611258548,-6.706542533063432,-6.972042889166708,-6.208281255291708,-6.557761252506504,-7.809382668406435,-8.086820984382726,-6.6863648202481905,-6.13975549017962,-7.38736614714189,-6.485728965229049,-6.1194111425126385,-6.790741289062778,-7.7968328653346175,-7.387628782291126,-6.669401081022613,0.0,1.0,4048.1557713397774,0.2124896772467272
33,-7.695807657834323,-7.639169289107398,-6.8884972150135,-6.469456945369083,-6.234576956941033,-7.589207803012074,-5.960875076514307,-6.811873633908563,-6.292820964588366,-6.463213909845843,-7.027568697932474,-7.310672568253983,-7.34396522919529,-6.483092370352735,-7.652544910620971,-6.264764824355886,-6.667768232844599,-7.565392006799596,-7.112775799215615,-6.467326744686152,-6.6004418380815775,-6.204008478122169,-6.612220500255807,-7.632674404812422,-6.24173074807887,-7.176923451337715,-6.281388688750878,-7.656270333717581,-7.36837817264697,-6.635539975154919,-7.326846496378072,-7.37168291089591,-7.6520713608115605,-7.987134785228772,-6.422755064254562,-6.464628299832777,-6.439939902483964,-6.441696621722438,-6.882066654451722,-7.722273405188066,-7.856855746809081,-6.713682952215095,-5.950320566306885,-7.151023425616973,-6.7406459942363535,-5.860493007025404,-6.9555985543067775,-8.092515850584329,-7.624357203917808,-6.700830501433806,0.0,1.0,3494.3049747563537,0.6618265154260521
34,-7.943378220311691,-7.682840909709027,-6.781090857900777,-6.280621201513114,-6.34870420753273,-7.591213488276374,-5.9644123520434515,-6.991034856930885,-6.394100971690816,-6.428415220480759,-6.977111357386522,-7.001528000807701,-7.445801363371918,-6.3185681555816045,-7.715599043888231,-6.477997041253884,-6.602233253697992,-7.716461553493153,-7.151587424312298,-6.455714311664036,-6.610296895101036,-6.01593845193308,-6.012502115190222,-7.696181409400868,-6.031144103623602,-7.36711092674184,-6.296786741748467,-7.9786801372625344,-7.627427141368042,-6.5630410942836,-7.191771364441148,-7.395014189828468,-7.545769662846371,-7.914168683948727,-6.7168199148848835,-6.716453384465718,-6.829322102668386,-6.586055286406262,-6.485998926287108,-7.888900322276897,-7.759054243058358,-6.605541600839629,-5.921140003936768,-7.11985737400513,-6.830986940115143,-5.913648682648993,-6.847583576601146,-7.37722488132944,-7.737030395531822,-6.751610284088824,0.0,1.0,3489.3210182718512,0.6676636494679553
35,-7.81117949397258,-7.619061510415012,-6.6108119867462145,-6.234305278727009,-6.300188714783097,-7.733904202240068,-6.272273770905398,-6.952392206321595,-6.356955211043079,-6.1326205533880005,-7.232400380932037,-7.203533616542219,-7.757008811545727,-6.465769366764579,-7.665595006816858,-6.514834774508769,-6.479170154322253,-7.82848903063859,-6.961249717537603,-6.226051354691634,-6.58634988647029,-5.914870271952687,-6.193212396061143,-7.465325913198052,-5.904174748238377,-7.229946714265978,-6.239389784463702,-8.153058732344467,-7.625403827678507,-6.58814223315919,-7.525229533632305,-7.7088046931628025,-7.567579727168448,-8.184575842644247,-6.2317447879529455,-7.018880197003891,-6.410141166702789,-6.360224525997687,-7.201098693759212,-7.861850462220833,-7.39475853402088,-6.36818302928321,-6.0426000296108136,-7.1921805213970105,-6.7540426393806925,-6.051100082847006,-7.235556091539209,-7.754532679254552,-7.5264228883384305,-6.586060288053967,0.0,1.0,3532.4026944377506,0.695001101662042
36,-7.734692203860205,-7.478270826825129,-6.795389779074826,-6.214577803590831,-6.446448706778949,-7.371798340978646,-6.201586640069082,-6.544533122759617,-6.022839548901143,-6.21086779398534,-6.9742835122095705,-7.295021600371193,-7.524095964911496,-6.517101579042403,-7.629613275012546,-6.479093251869584,-6.785017145795718,-7.8423872677661715,-7.004806925700863,-6.456648612890948,-6.450733417091733,-6.292670577410164,-6.600284682480977,-7.6322949387145735,-5.750583385448034,-7.22248455652259,-6.1257773965118165,-8.05067489174097,-7.641659010443722,-6.583619041665794,-7.574656559989012,-7.3767967123544445,-7.537628026206059,-7.60020868767849,-6.4326065054573505,-6.77880584294652,-6.782717887892628,-6.197645226042747,-6.597419190314539,-7.494295458973838,-7.828330689696681,-6.393203448630546,-6.091243929311684,-7.387840127511869,-6.390579868371071,-6.174161151976311,-7.1862052260217935,-7.997551809097723,-7.542154011336678,-6.6856207373115515,0.0,1.0,3313.209114356299,0.7946519200934042
37,-7.722882999731392,-7.460602883764518,-6.75106311424891,-6.506669593924827,-6.393677074248887,-7.441272417695463,-6.096787888818798,-6.897846296746501,-6.357719459340574,-6.491260607511059,-7.424496770076926,-7.301985581591132,-7.565352664234444,-6.425255708425414,-8.160794754482417,-6.376035764156168,-6.413263251731882,-7.8452149148496275,-7.305697481601764,-6.132852998378666,-6.4652441142183115,-6.181819353291142,-6.392943702138353,-7.457148829713032,-5.892429700775027,-7.497650698446045,-6.167946762237124,-7.913170434836634,-7.637073329629411,-6.550240763111939,-7.2318580574932785,-7.416250280923758,-7.510172646586288,-8.133497457439463,-6.477900959867989,-7.051612276445014,-6.4435482383187965,-6.12008717864984,-6.914420342448959,-8.100949569548057,-7.609947134558582,-6.664812968855463,-6.137788736436939,-7.510410846957213,-7.08244863602954,-6.0845262342770114,-6.670497929964719,-7.828740980869195,-7.7097650222501315,-6.361254622294624,0.0,1.0,4457.804969798402,0.04003801151201128
38,-7.674204201397093,-7.564799151347606,-6.663145481250337,-6.597636465513898,-6.324148395390722,-7.582932597003116,-6.366848085631777,-6.506058307277269,-6.296873172597913,-6.395344601194276,-7.147359024170973,-6.905413760228317,-7.642574647167111,-6.895058792448723,-7.769112093570922,-6.564644688016722,-6.507107432606815,-7.864390491268935,-7.317188410914236,-6.275783111948871,-6.44792740658494,-6.000014821253369,-6.265125445209026,-7.323716427497611,-5.971183772306522,-7.483651423824592,-6.517613772615248,-7.591224870729096,-7.397644450592842,-6.7654472854405885,-7.4595270967349006,-7.296419872896717,-7.734303274778753,-7.941855882727795,-6.502656582976974,-6.734541723038581,-6.846250300766477,-5.890511532240349,-6.6940923967393156,-7.79423596588976,-7.6626617395337355,-6.445144888883565,-6.159599309831105,-7.435284647319623,-6.629713236587399,-6.424259052541844,-7.003254996177432,-7.568900171759345,-7.599134055363366,-6.529216106376614,0.0,1.0,4143.288273674652,0.08723160587434081
39,-8.034380343538073,-7.686312920612356,-6.682043464493435,-6.092621662482279,-6.703290327474302,-7.478570555169166,-5.952000892786466,-6.850682458408712,-5.930808731592362,-6.590264571954953,-6.696895564085252,-7.049971826694969,-7.519751175807244,-6.733474828407544,-7.880241901587321,-6.467894856944773,-6.443601237631428,-7.756517776059152,-7.121429540495712,-6.246836645810652,-6.695234393801014,-5.892432849147655,-6.193157747050612,-7.440540445701306,-6.125033801425751,-7.772358038203741,-6.078287373538622,-7.813275315657284,-7.414930496308237,-6.6400436620346825,-7.532743338959501,-7.34906980677088,-7.703008560646447,-8.02144695812641,-6.509970494834655,-6.859005487600422,-6.690138871461178,-6.154729332846699,-6.900002576435887,-7.797215296554429,-7.607484455443846,-6.700557445181155,-5.95866088523579,-6.848551430179057,-6.536126635343608,-6.147947730940919,-6.931954567818975,-7.572169278642162,-7.72290377713835,-6.639358948249599,0.0,1.0,4430.522324104007,0.012893590296519887
40,-7.81844731209368,-7.292226550488614,-6.689879371321138,-6.338006337527276,-6.428608701361356,-7.462720685572065,-6.360583546312008,-6.479856508066028,-6.365003543941881,-6.619792272545262,-7.243367635858661,-7.370933433394869,-7.7178570120369425,-6.520889513886675,-7.580848740992921,-6.2417266026845075,-6.516157977005956,-8.069801797581748,-6.959990227252067,-6.3989743078563475,-6.329913837054751,-6.073101788796683,-6.275310788209172,-7.619234174932907,-5.633216542795684,-7.618264022697999,-5.987269438301429,-7.665956809745718,-7.515413944709031,-6.623590423060706,-7.406219120697275,-7.607137384590738,-7.71698908467894,-7.730274335981879,-6.756945370312135,-6.498420016475367,-6.801653119750124,-6.238525939116604,-6.730250180578081,-8.002142082994425,-7.446800621738456,-6.557723563483194,-6.107047112009523,-7.496316218604742,-6.481277724484482,-6.225110226227846,-7.118443675127113,-7.722622392819621,-7.421606784053541,-6.783025108612786,0.0,1.0,3460.976523862905,0.7069411576772188
41,-7.442662871883766,-7.634595816241505,-6.365745160630871,-6.130965730992168,-6.7082102742086365,-7.5272942244902605,-6.084340477858994,-6.828145310299681,-6.502465507561961,-6.3631341167477355,-7.020248635367609,-6.852600708976805,-7.577886845837771,-6.4640308409857345,-7.745862292859187,-6.4263902116511975,-6.724488246122335,-7.598654663740942,-6.977965487719029,-6.316956473919663,-6.375483032876077,-6.245383119308429,-6.391703382185657,-7.538091188827114,-5.857951869788534,-7.441077229145984,-6.429672639647074,-7.7508037568231,-7.428504487440131,-6.686910777877514,-7.476014047174613,-7.654404358451613,-7.610639646938003,-8.22467097033288,-6.274170120794568,-7.052362981455356,-7.069384820102846,-5.992069052139061,-6.606757436553245,-7.738171002796575,-7.421962071921707,-6.275058441414865,-6.192485123831961,-7.267525934102539,-6.487467412458447,-5.864124958192745,-6.70441710305384,-7.641310649516114,-7.163042712480495,-6.722762362826088,0.0,1.0,3817.493639123626,0.16068724709094237
42,-7.892750581672155,-7.668237185394153,-6.402372990562137,-6.458258854695652,-6.522934026362595,-7.598713451432792,-6.103067897989448,-7.096013881045193,-6.186851675133981,-6.221333070746386,-6.952776001562394,-7.133727536649377,-7.867995751417348,-6.5230327981028795,-8.04879050637074,-6.3695968358683785,-6.41404042513189,-7.987016336930404,-6.943206932788375,-6.382226366587773,-6.461891971834353,-6.072148829949263,-6.344568055043045,-7.790002284067733,-6.082434672539207,-7.59139217775555,-6.253530435165215,-8.038035345211119,-7.3613641607010845,-6.771189630766525,-7.421338443526227,-7.479799916395836,-7.864636773668527,-7.915600981565027,-6.242699579857288,-6.840564280205691,-7.18932490355077,-6.218279034283066,-6.673569398581667,-7.986836382363031,-7.728992578034689,-6.551268753209031,-5.692497685927882,-7.296154376821808,-6.494638254521101,-6.140937630976123,-6.699654796215046,-7.670658065823934,-7.590460095187977,-6.787035583777724,0.0,1.0,3917.586684759622,0.34878707015021626
43,-8.129308333188888,-7.693371389262914,-6.718781260170418,-6.373052974980364,-6.400386068814688,-7.535759452093321,-5.968115956281369,-6.75089647422575,-6.379735121313032,-6.337512227722453,-7.002323239399005,-7.232691475686084,-7.604421470137804,-6.468122413947121,-7.909138377633733,-6.5054228732944,-6.2830358415508325,-8.08690609498625,-6.717265799497308,-6.330866894260208,-6.547289145282593,-6.248603572272024,-6.359376782427834,-7.577573993673066,-6.01738583967424,-7.425008218161009,-6.388070531367824,-7.958698388271134,-7.6222458235782105,-7.116489754941128,-7.349545790555721,-7.217607933823973,-7.819354034721588,-7.643605340734968,-6.594800107200695,-6.7453374102144865,-6.991598869913496,-6.219622328275495,-6.626880633728994,-7.711954821731146,-7.778631428581204,-6.5855688685610385,-6.195971632266826,-7.545357759020421,-6.619090299226738,-6.585164421290866,-6.646809134387304,-8.168905627658962,-7.328945329119342,-6.8409188347991385,0.0,1.0,3845.4665925557074,0.4876576042628877
44,-7.730711374489969,-7.436075977095239,-6.934013936576913,-6.501160216456055,-6.5794304881162295,-7.366703563701152,-6.217625021121673,-6.771192575227585,-6.4958879919529275,-6.281579288925815,-7.1400656077079665,-7.32630196600315,-7.522667188469604,-6.424166179673712,-7.788889583103428,-6.43473124823393,-6.322038448042991,-7.690273975774856,-6.976414954623288,-6.16774389122852,-6.372764062359151,-5.940610573633155,-6.299049266157897,-7.223804429318549,-6.073016297192454,-7.471082203420728,-6.378139692052747,-7.776453066838199,-7.714062019397558,-6.627803380584032,-7.449834701601427,-7.7499395904578225,-7.318005502306899,-7.745704994191751,-6.733281303832699,-6.910902118585667,-6.65361326335481,-5.970858988047232,-6.859324351734874,-7.962625240522691,-7.752828408055994,-6.432659208300709,-5.964717109180789,-7.438934237211083,-6.596042047303289,-6.430234857529015,-6.5865664349974065,-7.601350569861557,-7.310873926141366,-6.648507205589834,0.0,1.0,3457.642373081799,0.6482417671406635
45,-7.840767968955427,-7.263662354087083,-6.813488797691388,-6.356726028313389,-6.652544782210272,-7.586283923478928,-6.1637842107831755,-7.2802929573511594,-6.48227110257705,-6.318666266571218,-6.997700479367754,-7.136187952997014,-7.436235827291301,-6.279088460029886,-7.6677419802543145,-6.328441183195858,-6.416418112722463,-7.676819076232849,-7.2314488769447305,-6.520223558087427,-6.494752672627079,-6.0662084023715686,-6.204579775277385,-7.856875116182391,-6.070872611701884,-7.750547018981961,-6.295229282015869,-8.1507980606463,-7.3572930382818695,-6.54918140340156,-7.176491734620317,-7.511410267718019,-7.814921230086957,-7.864694388998525,-6.469023906184954,-7.27466231526398,-6.598854202070056,-6.327779661047318,-7.0950952962821106,-7.606732956555423,-7.523919818862056,-6.470645545045703,-6.5475015311810845,-7.473346720842066,-6.340520869045418,-6.319587928630294,-6.555422346967929,-7.913354190061713,-7.362853964648177,-6.767148608060933,0.0,1.0,3540.218461792117,0.74800204614378
46,-7.571753612356288,-7.688708854687916,-6.760897711044499,-6.230860333550155,-6.546387824569148,-7.307237196953251,-6.170338113322043,-6.633921504059959,-6.072747344376824,-6.255318911324215,-6.888780381397464,-7.203973105907686,-7.258480483007264,-6.579610544121563,-7.766729286200227,-6.450765401174312,-6.126848126171291,-8.16838973276016,-7.103442376153601,-6.607605894055643,-6.447033708255654,-6.252236239048452,-6.3778565144595,-7.351716244435899,-6.317779199887917,-7.401763087080126,-6.1566660500887265,-7.760964742003105,-7.672035833938918,-6.586749266807495,-7.632707203301685,-7.311561141165647,-7.85431251159897,-7.57996373105739,-6.504095873890511,-7.174138931500963,-6.623481500549955,-6.184763367818816,-6.578723914911216,-8.11541881211847,-7.5891855218618485,-6.434067275423352,-6.043417430123802,-7.069767736006008,-6.428550292294186,-6.0822101612011155,-7.159500490569702,-7.811458150928367,-7.398779830484998,-6.389226391384435,0.0,1.0,3471.3111357340954,0.6006640741133773
47,-7.573615110984291,-7.74816197691573,-6.63020633100126,-6.2922432828237715,-6.548906035997482,-7.628861233541131,-6.405414707589342,-6.676675133420323,-6.333644761783881,-6.655450252530057,-7.053775982689074,-7.138462865701787,-7.31569476594041,-6.274289240328795,-7.8462502177918,-6.176409960408519,-6.748610265279577,-7.843952588649179,-7.058967807917444,-6.1809664693921595,-6.287832606190669,-6.256376395467172,-6.488465128675747,-7.2588730421182985,-6.334252014003595,-7.24257345015316,-6.295894997939846,-7.87843633082189,-7.669423233209266,-6.539809073954917,-7.153886560932912,-7.5805415812384505,-7.329148145241872,-7.696168733303678,-6.652016406017185,-6.891572483986951,-6.568738758644421,-6.274719172864001,-6.911114340441882,-7.846736118292333,-7.670696083912251,-6.584726928620802,-5.87743613712036,-7.300276525510778,-6.354773518544326,-6.2944987068763085,-7.050052107704369,-7.951902039953231,-7.323315731888427,-6.760424776386355,0.0,1.0,4297.106795223377,0.029147214286083845
48,-7.833175577787053,-7.666566374408997,-6.589858165181341,-6.13406716628271,-6.7412187503248155,-7.667705866875436,-6.39947749786635,-6.793113112159711,-6.1450693213922865,-6.331155360244813,-6.749826756117538,-7.447729543032548,-7.9622994864876535,-6.594487940212576,-7.923140093510931,-6.202367311302433,-6.83479662923069,-7.7951017664641835,-6.762490826106913,-6.359164785883452,-6.328095901306337,-5.988575800717577,-6.192938157051639,-7.491304396563456,-6.232967281975605,-7.338633827048487,-6.011824258506753,-7.931736092118171,-7.520812717642195,-6.516953432164185,-7.452232508960534,-7.306505785660768,-7.562717083170328,-7.7733311799463785,-6.57449931179632,-7.031927986447587,-7.009248748540723,-6.166833721085262,-6.889504308072477,-8.211376780570694,-7.690433884969874,-6.26070496123833,-6.289038742855386,-7.482354357296486,-6.286295238119864,-6.473298718868698,-6.975086715570895,-7.914195464476835,-7.325250321177022,-6.901592767535476,0.0,1.0,3640.982015584894,0.6435214537146234
49,-7.804110131698905,-7.667687041225378,-6.841676845275668,-6.536632867857044,-6.38015156358666,-7.641802924767796,-6.181113509774766,-6.700487048646867,-6.655171568062962,-6.153564031669231,-6.9895231039896135,-7.6483774762984424,-7.62963978159722,-6.662239787553444,-8.023448693704148,-6.444035773566544,-6.58568585448798,-7.598880678886483,-6.928877605521883,-6.249449669940059,-6.43862721911939,-5.946296125544245,-6.2758426063611825,-7.661516563831058,-5.98660158493571,-7.618805761054288,-6.487175894155942,-7.875385915470399,-7.6251614403211,-6.5663846195476845,-7.391541421870452,-7.6007888479423364,-7.477946871049038,-7.884454687528421,-6.21008531622596,-6.659254359789423,-6.619602913923987,-5.967956041429563,-6.717462556343124,-7.942886410077625,-7.586168831064661,-6.522927426993376,-5.990440269703853,-7.256093568734433,-6.488955326282241,-6.447166743041552,-6.83564504139091,-7.638156196983423,-7.368918277846116,-6.4765115439013154,0.0,1.0,3402.2461593115395,0.7878142871462128
50,-7.985270969994203,-7.409776009959748,-6.828387237021103,-6.459322116237936,-6.2533787764523305,-7.913122643586859,-6.13935681618092,-6.770798596500221,-6.420508198580368,-6.174563480638622,-6.953779925133803,-7.224459243536903,-7.981554999691964,-6.900964838278497,-7.772929699501526,-6.550630599037633,-6.833291247311845,-7.780849663706356,-7.434115915378744,-6.33064323790505,-6.369413364321741,-6.417355092459003,-6.485648171461266,-7.58915930469849,-6.239443376445493,-7.267733099601369,-6.145221369003879,-7.843045083148393,-7.735955321044012,-6.467104808540866,-7.634324350988865,-7.410879365436715,-7.696889581032053,-7.815975726756665,-6.771459822217137,-6.956919257675501,-6.721515351124563,-5.87048392743233,-7.027270424628146,-7.886165729892425,-7.659962742332816,-6.333767708416032,-5.864089257322027,-7.022712495630436,-6.56624539968727,-6.158126370978621,-7.077756518780913,-7.598111177097542,-7.571823591279707,-6.5972524781229565,0.0,1.0,3908.8653969510256,0.42480362964093854
51,-7.696348534625595,-7.470482726305258,-6.790953816014424,-6.13774385853086,-6.499222208164739,-7.779320903067602,-6.107184227474382,-6.705505051626831,-6.76690964564165,-6.130645408081767,-7.045304398132507,-6.9103095899863085,-7.53109080386901,-6.303513775147118,-7.623844809787575,-6.10159471379345,-6.618881282155977,-7.851002628439826,-7.044927125183386,-5.88722134436452,-6.589727846974264,-6.1061258104027045,-6.3614837775597275,-7.711312261670368,-6.230920741003836,-7.542502668617399,-5.959340484817069,-7.373580455324626,-7.504619889773487,-6.6547484382571485,-7.505060694780866,-7.652434612154585,-7.612688808200934,-7.975664089292767,-6.218458479635078,-7.024117427695687,-6.500603424632362,-6.004058044236964,-6.75919405740505,-7.8295116699637335,-7.751363351759418,-6.682688622716489,-5.896094948470165,-7.431697633564708,-6.467028546434574,-6.2420474853424555,-6.868236946777466,-7.423631273880194,-7.3782633536225255,-6.532851793038853,0.0,1.0,3259.0296081209385,0.7668061315155643
52,-7.883260466990347,-7.757982637341695,-6.5553813780730845,-6.438955862242658,-6.557944066666899,-7.537760444733888,-5.946948640837612,-6.724079464666034,-6.369928976915969,-6.170513108107205,-7.0326411378134415,-7.282142876489908,-7.328419002537512,-6.577295618842845,-7.719413417923157,-6.464214750229331,-6.341286359809376,-7.716289799398339,-7.30375098283947,-6.302308281503892,-6.802410925748211,-6.069415728447385,-6.564625509016761,-7.557670085498738,-6.186709325652634,-7.508929959562629,-6.254613705677743,-7.764654715680751,-7.522725999002113,-6.71078522440601,-7.07466983713993,-7.589715312694447,-7.739278244457149,-7.965948762076927,-6.3085911017578775,-6.943281107658489,-6.7110637926164864,-6.261599411519945,-6.758937163917011,-7.808840209531517,-7.612877879880479,-6.529423787680223,-6.021884206433865,-7.1641428879224955,-6.573504729957294,-6.099229459684307,-7.051139524653067,-7.758330866590284,-7.433496398429592,-6.503005849024322,0.0,1.0,3789.8056341802153,0.3462937876763576
53,-8.014106284921194,-8.16905568898048,-6.5382066728724,-6.2597156232625,-6.515727872979119,-7.631506069590663,-6.117936188734106,-6.730032822544444,-6.228464225050567,-6.4113532378798865,-7.1502613678401925,-7.030404568636147,-7.643757247640377,-6.491789897597204,-7.647692626638313,-6.4035264768470075,-6.680346844162942,-7.6686494597656525,-7.249726670371576,-6.2684047728545025,-6.43510532453067,-6.060054185754817,-6.271797128752013,-7.592970201941746,-6.270662013930682,-7.563872157145485,-6.172281113530832,-7.850513906425595,-7.390975730587067,-6.8000360050872874,-7.197090522996,-7.433109339459317,-7.744361244339,-7.986650173520873,-6.742739662795434,-6.822305123400573,-7.037138882395156,-6.000032803778762,-6.86710945273767,-7.751429328881511,-7.685457218222481,-6.263734211225477,-5.91465448081546,-7.335194838996332,-6.981768270041837,-6.398766733525677,-6.625456005866272,-7.504417143245688,-7.601873264237415,-6.651432282573112,0.0,1.0,3619.498323771501,0.6376754981246148
54,-7.873089420080839,-7.570691250691155,-6.683982806919565,-6.395426857463365,-6.402615902058487,-7.839323811177305,-5.978684534896013,-6.804799651978305,-6.071789361112373,-6.2558570023964215,-6.869187975126944,-7.255252537705425,-7.5350636191142,-6.51179134085843,-7.687791296737151,-6.234058989616748,-6.686181038384415,-7.984469677467369,-6.9930534814228915,-6.387193464671577,-6.351068274872358,-6.473610388418919,-6.480204512215822,-7.599590207965148,-6.3478074109391915,-7.17264167772162,-6.1921508331407065,-7.614809709465576,-7.57377153543825,-6.555691272201791,-7.487707733136667,-7.516361553688918,-7.364694076236692,-8.054282463144286,-6.533851851189569,-6.839479651100298,-6.557639573239195,-5.982583686881533,-6.775890940792972,-7.776618336178542,-7.627688963854671,-6.312531679900872,-6.203705994048305,-7.058874130147538,-6.570362699344858,-6.151937027873769,-6.903987510131204,-7.5816383482468925,-7.447843709263231,-6.690640806216528,0.0,1.0,3640.1294647119335,0.41025624203108546
55,-7.77103901642463,-7.537571370378228,-6.919441656600899,-6.237849337984405,-6.539400648810668,-7.695914850356309,-6.195498979419649,-6.616162068556776,-6.050266829123102,-6.450618807192244,-7.309480727588985,-7.288880893039061,-7.326745454374746,-6.315366190776111,-7.740622918739633,-6.577169573917628,-6.357461294120692,-7.833874741984395,-7.0871197789421965,-6.296461988269891,-6.6517693975797485,-6.0159018817371095,-6.216702560576733,-7.841944696650023,-6.037291093304851,-7.739742482314378,-5.965152698829666,-7.503822743810655,-7.363531151724331,-6.336306523144552,-7.663339960300867,-7.686088166705648,-7.410566603321283,-7.856572045026987,-6.363117023632368,-6.925085045145511,-6.8062454834208275,-6.216488946610757,-7.099811494880132,-7.74456174379473,-7.6158501221175054,-6.070920366710128,-6.170021803830584,-7.354109165958719,-6.21333864246391,-6.254832067213047,-7.234179330524265,-7.619434734083251,-7.656549236518666,-6.681939105920656,0.0,1.0,4010.9894298572854,0.13912451056377595
56,-8.09495342219316,-7.44819847426074,-6.691622619578969,-6.216573976409196,-6.549696112988047,-7.653671187005105,-6.070209599575385,-6.869395877699623,-6.049362840868064,-6.090764993559825,-7.0292303960747,-7.380515154435552,-7.6446783889672325,-6.47407084827675,-7.520952025328013,-6.5978018109912675,-6.4422884780059455,-7.990687750339905,-7.207321618144716,-6.063149793979264,-6.560355606914081,-6.27366780650352,-6.296987451178713,-7.469424262984007,-6.16352946734635,-7.505544905186054,-6.017167919540422,-7.891753454032324,-7.255793747355957,-6.482434613769058,-7.657840124514816,-7.475379449476828,-7.642703523955904,-7.985846490112568,-6.281473089607409,-7.0087252319697635,-6.951654606457028,-6.001871388225812,-6.741081804924889,-7.700938369405167,-7.703359752595327,-6.485815190786322,-6.164466933127896,-7.189821868871521,-6.939005920055495,-5.954325886849715,-6.867490713404105,-7.444898864726417,-7.515514834239649,-6.646303391965153,0.0,1.0,3395.4480321007713,0.7568015745206266
57,-7.611414042617882,-7.497116151882049,-6.531765864525148,-6.5651677019056125,-6.721534942799981,-7.674390902057047,-6.2330088128395476,-6.628750469145366,-6.449343747316318,-6.116816193126331,-6.827845918476569,-6.863355775652184,-7.650655814634239,-6.558059118641288,-7.8040214211984535,-6.1953415059908865,-6.419741248652301,-7.958558034839584,-7.282831888543615,-6.266335724457438,-6.232066054327087,-6.111458767740985,-6.3227176861520205,-7.523188371496077,-6.157340243236681,-7.2839862262369675,-6.250922437671986,-7.794855590445105,-7.450627604676374,-6.665783992642292,-7.286279932637328,-7.503451062639255,-7.875363058384129,-7.843013035828294,-6.192624620163481,-6.636729693212412,-6.59812399656831,-6.266867414074536,-6.719958951566942,-7.718983097914794,-7.76496446843977,-6.535505997805472,-6.149211032921033,-7.1875446655358886,-6.681107584539466,-6.255590422032931,-7.040893394168684,-7.8653219655956095,-7.5418892816956795,-6.674057176762003,0.0,1.0,3394.7499997219734,0.7170136219716221
58,-7.776755934175877,-7.551036276928226,-6.370278056982899,-6.410089783625524,-6.56179806429217,-7.711399176983914,-6.102814525663019,-6.554681480367481,-6.388247619753077,-6.1998689877383635,-6.871815902899705,-7.261578139475694,-7.532028383039392,-6.65384999976116,-7.7362886486250195,-6.411759974711823,-6.539310784635511,-7.60968760572368,-6.9596176007822255,-6.01219360707744,-6.99131342711453,-6.139902798262143,-6.357997537868433,-7.42135256620491,-6.0757947508464625,-7.575878162126696,-6.138785895750783,-7.850169615818111,-7.521109299080807,-6.576117430681712,-7.487943017864935,-7.56684402452994,-7.431395710384982,-7.847580821950615,-6.4898676166211695,-6.877573014712167,-6.931912251643328,-6.152755577471334,-6.835566352930952,-7.827250788643706,-7.62744922785954,-6.488241253793125,-5.98830272839935,-7.335492061784354,-6.832135954110363,-6.28378909426031,-6.670984765220796,-7.59579780165059,-7.4111182167606575,-6.37410267840118,0.0,1.0,4219.223189115827,0.03574329944388417
59,-7.622952112004047,-7.408261763555462,-6.762891201651909,-6.493614339162208,-6.452273896871801,-7.691515722705997,-6.111741715400323,-6.823657900499112,-6.255424215659924,-6.396547744112148,-6.800136677622028,-6.8460076478811995,-7.697048354774047,-6.306373406131233,-7.91600940207831,-6.447270604921714,-6.546676571824275,-7.7586792281851515,-7.160789584754151,-6.025174467920605,-6.53921149188515,-5.870636378629438,-6.544575707764185,-7.280566676549278,-5.909902054095534,-7.5726991648269175,-6.215303213182867,-8.000809195736496,-7.800639817477507,-6.494719726262624,-7.597340406682188,-7.255082616323672,-7.364446481684216,-7.876868288962971,-6.556033858546321,-6.712694606795907,-6.833142572607674,-6.367403161969008,-6.780030916823529,-7.473213497061123,-7.827830164032278,-6.508644667663307,-6.085039699638746,-7.0651731900526835,-6.849538696986004,-6.217336593261962,-6.707827290156582,-7.688892993705889,-7.28084577653022,-6.624241313671256,0.0,1.0,3712.1158940515033,0.29175385777686647
60,-8.143348215262646,-7.450868484977543,-6.789263455234983,-6.457783315127124,-6.7452917095393605,-7.466904505361054,-6.436510900154064,-6.444539939995961,-6.24169230433633,-6.405845452570177,-6.868615389949893,-7.416430710578646,-7.636586512457764,-6.750382833458148,-7.945948766523835,-6.417905644945098,-6.546506710446229,-7.752285836598243,-7.043475689229984,-6.178201305320914,-6.478023103524329,-6.336732974242409,-6.474795524319674,-7.458568123739592,-6.214826901890217,-7.514306923358715,-6.11164252618096,-7.7743770182218555,-7.699532425205318,-6.7031037970385,-7.231840785757472,-7.518125892367129,-7.308563703358724,-7.959418739767716,-6.566420692159836,-6.83842188903716,-6.355669632335108,-6.018695892800378,-6.787288866007159,-7.846700657593876,-7.462392542747395,-6.559818898791654,-5.812192036449141,-7.33966099428229,-6.688647875251284,-6.085496190699126,-6.993127011596815,-8.08988018225832,-7.309114057392714,-6.865072841788414,0.0,1.0,4202.734641036995,0.09021311602738846
61,-8.076814759141472,-7.559388216897385,-6.722667585482808,-6.177923021512389,-7.008098071797332,-7.392242572260516,-5.758103044549507,-6.609307058750714,-6.125419227041564,-6.242408818282413,-6.889015637173819,-6.965844111572419,-7.292773089325759,-6.449093588703395,-7.915639007320741,-6.594670241000615,-6.457871565215138,-7.5433068065456705,-7.056558462957425,-6.278170003205204,-6.5107840261285626,-6.256507586912722,-5.965553976755796,-7.577317435143061,-6.373877079672228,-7.325529404180866,-6.1341259576231435,-7.751843296925876,-7.2882085195743285,-6.558704342906712,-7.658357941987106,-7.717890854548114,-6.9758988002776325,-7.932006892059297,-6.557174230089994,-7.013395844147995,-6.657552804762421,-6.270828635262464,-6.952111754558944,-7.946227081842928,-7.353021044466943,-6.2826420849560884,-5.9936974590966505,-7.2212000903573434,-6.665756258564107,-6.310059967645508,-6.948671885910192,-7.52601686023021,-7.278992528107397,-6.317366554874664,0.0,1.0,4089.972000138373,0.03187220298792566
62,-7.547346439272326,-7.385080447646966,-6.774132637953878,-6.4083620724397745,-6.485557228665825,-7.73501767609664,-6.232411876650779,-6.424882200194153,-6.432243615801814,-6.392519976414393,-6.869507453406845,-7.487490834301791,-7.431306475374586,-6.368490196166698,-7.910650647863214,-6.450917051887326,-6.746500993131926,-7.786989259531152,-7.147238259045542,-5.971479911346878,-6.412228397401693,-6.0894601440992835,-6.285785566754353,-7.521478989617538,-6.3199847557717375,-7.142046051296396,-6.199351450765616,-7.99277598459829,-7.362540018902127,-6.868933998388914,-7.488948880335757,-7.517136961088074,-7.611791061983424,-7.8563662343463845,-6.278047504715708,-7.156441982547062,-6.600471468130389,-6.151544284583328,-6.836204968408381,-7.922946489839038,-7.519035146590391,-6.301554025056806,-5.863824039140893,-7.162960705031831,-6.514111381659102,-6.381029418789361,-7.161183517352195,-7.548222224084208,-7.517170689939158,-6.709923825835358,0.0,1.0,4146.371456529795,0.06431086941738694
63,-7.779611806646083,-7.252245500985589,-6.528708652904028,-6.8831363330603965,-6.790264558083213,-7.69925506260075,-6.278035148340242,-6.495413142496872,-6.2641607059259865,-6.33363671317666,-7.000183770792374,-7.2315446192578055,-7.654219905935351,-6.674048252983951,-7.7044822944274145,-6.447912138952974,-6.725602658538729,-7.82759264991085,-7.169311267108172,-6.3774249693204625,-6.391472968856089,-6.238771770920371,-5.98555725154834,-7.7413162362128025,-5.864846369889466,-7.140836729201098,-6.058491120527215,-7.931059690669762,-7.132005737186931,-6.53180802093644,-7.307211262131681,-7.531926753009245,-7.3607999197062455,-8.012404341835287,-6.329466265764427,-6.907333943440059,-6.766785145413822,-6.078943846886197,-6.837309375896211,-7.915420230284836,-7.668051607048546,-6.274174041997677,-5.9896484805537975,-7.462424660397444,-6.675309894552276,-5.967340854587706,-6.950557616889586,-7.612620940227681,-7.438694079230205,-6.739839145981467,0.0,1.0,3411.426070628176,0.6972438709885637
64,-8.168628966350694,-7.350562310925729,-6.542340148995858,-6.652205299953828,-6.417739211650477,-7.931117349944867,-6.399234861961069,-6.813389814353137,-6.355811793192226,-6.344689784020423,-6.990963085696485,-6.982440590092477,-7.380337982638979,-6.509768818901696,-7.728105839451142,-6.0074762149244565,-6.7286414141828415,-7.638181736219457,-7.021479262655109,-6.431239584309906,-6.487285200612954,-6.295140905477524,-6.353571890006409,-7.243109988340109,-6.152641239893598,-7.625125358770574,-6.644050826967292,-8.129651797036848,-7.46204311918309,-6.937897694991553,-7.509962139214749,-7.617100232600413,-7.793339696623871,-8.156129693300775,-6.402490862052994,-6.693852223545596,-6.742102444842634,-6.36108619084405,-6.762166950797969,-7.683096894816605,-7.2267598517881835,-6.263617239863372,-6.005704998240967,-7.375613265238816,-6.480758827700687,-6.038115207231896,-7.068294099950426,-7.361256131064947,-7.397999218665502,-6.129751694712292,0.0,1.0,3476.804865220652,0.692855230048145
65,-7.589892778462142,-7.606279720345192,-6.840469251237414,-6.485980191855365,-6.5218931673243485,-7.704501285637409,-6.311312803344536,-6.749102584109272,-6.331567461995611,-6.3805945521697565,-7.076881030593417,-7.291342148161864,-7.457289320929381,-6.605782039294347,-7.872794545454249,-6.5328939757920494,-6.951125444891862,-7.911740757857794,-7.307194791863125,-6.459383134657027,-6.4339418083392985,-5.944452925818649,-6.337169683166427,-7.834423438900317,-6.049349882448507,-7.504575940401286,-6.2494950889590495,-7.922244160674487,-7.6349951270633385,-6.4082950731544095,-7.229383039965363,-7.3466918983284275,-7.26019771130911,-8.001024315311703,-6.4817558355239075,-6.626042156706737,-6.697299580598062,-6.246164454254498,-6.827958784328046,-7.8576708419082655,-7.594838335435858,-6.555737085403196,-6.183957853517895,-7.3092838173775965,-6.685309737992864,-6.09556197872796,-7.034061920519107,-7.707240118609549,-7.31940640433031,-6.547299346238625,0.0,1.0,3559.531211173966,0.7043787062566813
66,-7.782862340632904,-7.7286407825235655,-6.759586223757499,-6.4346761331806315,-6.4698726438346865,-7.748616645050569,-6.006750821361167,-6.698002544917911,-6.538879511388506,-6.131346488376078,-6.937757805541261,-7.030389289589755,-7.6043726953144475,-6.687348910582838,-7.897990048596114,-6.67581809784082,-6.752115406115117,-7.739876617840851,-7.1427403721020974,-6.261123380464807,-6.315739150642006,-6.279904616354086,-6.373730581304994,-7.771237736878809,-6.116182940578257,-7.479087457655375,-6.365115581250728,-7.749544979977554,-7.840049051854496,-6.832647521966253,-7.354272785101974,-7.645966084892338,-7.799800587812156,-8.026609718950711,-6.31567757875536,-6.713471266536157,-6.697354789240688,-6.248215833214627,-6.946667995934352,-7.9062188787222984,-7.566374995861079,-6.459825970527758,-6.18617731786769,-7.170945542553318,-6.658075741688259,-5.9694420671705215,-6.820555662625032,-7.6048699766634185,-7.4667345479975324,-6.59669394691942,0.0,1.0,4073.968123474128,0.2130375963048584
67,-7.808526427991297,-7.464760706733075,-6.641224283819264,-6.201841852130493,-6.710697422103657,-7.851881407760326,-6.150901743801593,-6.727635030074758,-6.32992688269368,-6.194404030792737,-6.90573224030253,-7.1918517526736,-7.821643396755177,-6.383263011193672,-8.112362962997137,-6.316561308687986,-6.596851626453784,-7.581980545405155,-7.308696244374916,-6.2390689352666,-6.458242028376262,-6.1000723729543695,-6.5462955947611885,-7.416346059858307,-5.926398374398169,-7.1973918907180865,-6.198220113213684,-7.688611007051007,-7.560723884896841,-6.659062576851103,-7.55365110387475,-7.719962488424304,-7.974954990311532,-8.068136556221328,-6.809030886560346,-7.025591882105811,-6.860270435328584,-6.143808207687214,-6.37194705977352,-7.742181235751023,-8.230988088420391,-6.500129621067733,-5.884437632779624,-7.091032237658046,-6.66832976655266,-6.215095554341374,-6.840558539170865,-7.985847287382455,-7.460837813801898,-6.600439218476099,0.0,1.0,3859.9499809171534,0.4049375741946317
68,-7.535347456050978,-7.608158778705831,-7.103412694566829,-6.27512726471344,-6.409313942505297,-7.671903381097273,-5.72307239961685,-6.47140340774951,-6.557342012943623,-6.159093781346472,-6.794113286790861,-7.2631066096514765,-7.390922354962292,-6.422210087250822,-8.05263909685022,-6.365589670821429,-6.501869048388737,-7.974343326304392,-7.39452023347987,-6.322070616684459,-6.432137451598246,-6.136742438118262,-6.307360736848288,-7.733751504504972,-6.06890094790436,-7.509799440293092,-6.232650988963297,-7.662699271309665,-7.41756732640772,-6.534587901494872,-7.566955121158062,-7.676369151621637,-7.316678294467011,-7.9186639666103495,-6.590715198091105,-7.20674620044799,-6.522719815559815,-6.128941279261886,-6.727753618037163,-7.496821455520957,-7.449413164939674,-6.66189815232465,-6.354375045347968,-7.523029059492924,-6.601419511086478,-6.2248049530822485,-6.77197190376062,-7.67146133636675,-7.331957137383944,-6.243092326091684,0.0,1.0,3589.5050927410384,0.4903987564972643
69,-7.747664496850828,-7.617617060488162,-6.840832335234982,-6.431816587094765,-6.533742787996056,-7.620058399079639,-6.330326482219725,-6.828762102933834,-6.342525450094468,-6.748646166552035,-7.134761365326471,-7.03949729563923,-7.287766940440988,-6.689084708888486,-8.01441009971877,-6.209738698165092,-6.560664502362475,-7.803723435228387,-7.3832746473299355,-6.233294748493807,-6.681258397915948,-6.384575713371439,-6.25454632236517,-7.483909103790834,-6.301824433565303,-7.46363185333058,-5.953902760798784,-7.984500902259332,-7.293176367374722,-6.776392114186656,-7.268138423118886,-7.452891824003399,-7.6174759284705384,-7.808590659230759,-6.2325182087273285,-6.9544971960163915,-6.919721395301054,-6.252816941452719,-7.170667127341979,-7.896179675555597,-7.533023873741928,-6.589296850177855,-6.190190970363299,-7.277834520844586,-6.768338687346802,-6.004421877450659,-7.052201440284627,-7.790563250064217,-7.543208457051285,-6.42233190326304,0.0,1.0,4528.048699098499,0.03048300245744047
70,-7.773609755924047,-7.29960120902876,-6.790931604604265,-6.333391537672593,-6.8879540848765695,-7.249915597841712,-6.058528949308729,-6.654834647311646,-6.563443516905526,-6.668232538219113,-6.82270687488788,-7.428908066659587,-7.765004314484387,-6.386424047213136,-7.661148052581041,-6.467646450084011,-6.399841383454827,-7.764982339033595,-6.956584091889748,-6.217732371196783,-6.559863282967096,-6.1776768555745765,-6.40853122294287,-7.5368034564272355,-5.9412446506648555,-7.5238901285876265,-6.4538085956594555,-8.041737794130885,-7.698855467974954,-6.495028642400877,-7.5667626425740115,-7.19327744923453,-7.72592277283467,-8.042167009227947,-6.702485034442227,-6.869421692419191,-6.442975746616053,-6.156978851488063,-6.80845994552541,-7.664313560385416,-7.862864977293063,-6.521068864513519,-6.031262928043389,-7.198035433617878,-6.692964644711081,-6.103556935183949,-7.049074102730661,-7.641939010955332,-7.195412567806969,-6.326678720460683,0.0,1.0,3859.1603229546636,0.2662174567575226
71,-7.851721104743635,-7.704018337434156,-6.785335326129227,-6.277576436759354,-6.824196229399472,-7.840617818855182,-6.200168990091056,-6.562223638831981,-6.295337150322344,-6.325474055902576,-6.871279830849418,-7.386789594179136,-7.472587645542848,-6.282137484511006,-7.967480440313581,-6.453231021831137,-6.6240881758502965,-7.850303041495305,-7.241668991334463,-6.626742213061384,-6.6752570683877845,-6.220905958283613,-6.481746680018128,-7.641028119702263,-6.036734355642414,-7.282473762005943,-6.129598352529288,-7.898116916455965,-7.470187058121159,-6.367446475860467,-7.593813798948678,-7.668262123729152,-7.600589751528321,-7.690947811256984,-6.403849089600674,-6.650963261393182,-6.663979691020407,-6.153911745554629,-6.588566765804259,-7.940106274215736,-7.502634932659045,-6.174103089529282,-6.2418000935916425,-7.3496850246969405,-6.698073858454026,-6.020226847863346,-6.772092683667446,-7.887076076446702,-7.60915474559831,-6.570260575105465,0.0,1.0,3851.3569561110444,0.34535218174690113
72,-7.5694301723445285,-7.5288921458845754,-6.399066653667976,-6.386913053989867,-6.345023630818251,-7.551043316072808,-6.0267341894399635,-6.595708686580222,-6.2398460091890025,-6.128191730693252,-7.212952703068897,-7.317817203357171,-7.524540246722271,-6.454450582865081,-7.862907879621307,-6.128251808795852,-6.328215965939445,-7.607131380817236,-7.275031896688184,-6.205543439455228,-6.4399609942108125,-6.103548963694588,-6.495730303075124,-7.523011843177448,-6.148651599748179,-7.177707753471519,-6.299137538516714,-7.833980641130514,-7.493737227984098,-6.604112190699598,-7.518655839240788,-7.547148049707043,-7.464656895329085,-7.930117359227153,-6.387536794309495,-6.767686731781041,-6.882876313650324,-6.286693571786806,-6.8002439487029225,-7.99625185123146,-7.432114315283251,-6.541604929705347,-5.911232211787086,-7.125628032944479,-6.756192928805708,-6.013388135762884,-6.997768162387591,-7.511588804845374,-7.342171609204038,-6.571698697947561,0.0,1.0,3770.1575011532154,0.18089935471883783
73,-7.936151762624149,-7.65714354325465,-6.700355168663788,-6.484690434273336,-6.7508215827768465,-7.957495990800584,-6.051839192779806,-6.535200151882453,-6.2853419879701065,-6.42176413728215,-6.9288529091999,-7.418138845119537,-7.376598776480542,-6.7594609964386985,-7.8366208542050995,-6.609579466215186,-6.3404987212446215,-7.652298965023828,-7.085591879300097,-6.316725176286741,-6.528917025288217,-5.992555183658554,-6.415361131216563,-7.575266909519225,-6.325154563473809,-7.681526361779133,-6.346851068162273,-8.193069042426993,-7.536681528669146,-6.447959318143946,-7.5728208899748894,-7.2821155097114945,-7.722509283186355,-7.968728688940737,-6.125253235713267,-6.8439978931548575,-6.61950838114098,-6.14209563202453,-6.589906573113976,-7.460326250226153,-7.3098059472970425,-6.5851569164189625,-6.0500697027049,-7.4358975411577335,-6.404967112374309,-6.621786204250367,-7.049068631742014,-7.727486989463786,-7.288641807902261,-6.708269444283842,0.0,1.0,3907.123416642762,0.29917818143001346
74,-7.863043667408852,-7.787481039446501,-6.346297441417325,-6.327179576209185,-6.675193586996613,-7.376530560845223,-6.110872167083781,-6.623148736514999,-6.084838029467092,-6.346726221473698,-7.025772813007055,-7.14319228410928,-7.4996843940221805,-6.522615136416788,-7.710855610880769,-6.1440262222222195,-6.755582621955677,-8.078367350517567,-7.343002002476028,-6.177377493827213,-6.608064957436424,-5.991522176035646,-6.382593040973735,-7.604902675424922,-6.428496155612967,-7.455200620483977,-6.472870972557408,-7.823509919580478,-7.662397824317019,-6.5481275573103614,-7.778295816737792,-7.455016972745672,-7.4461330363214095,-7.628029878999454,-6.387338406948131,-6.7192383537184455,-6.490652271652274,-6.304186320132077,-6.706468004996096,-8.062401209605055,-7.60578910503722,-6.528336632405964,-6.103801092785634,-7.067842348412267,-6.688266946382173,-6.3141386325370705,-7.204677849661145,-7.719736389445111,-7.488588567811692,-6.544032251204783,0.0,1.0,3794.54762285546,0.3727685019246143
75,-7.650358301356037,-7.681422432190046,-6.736612557811482,-6.351443533041837,-6.410057301199045,-7.735767049972209,-6.219002844723252,-6.461232197064382,-6.214191358154521,-6.304410189181579,-6.899897105123207,-7.18426189673219,-7.532549365121726,-6.670712455122383,-7.58863483908599,-6.294543378583517,-6.32824141625259,-8.19190090080003,-7.116590017865531,-6.306989243875028,-6.398871938449836,-6.132124312810558,-6.3077984344403175,-7.378930919179081,-6.55524437981899,-7.464952299665445,-6.3168294350874215,-7.9860823647501,-7.420866708412047,-6.602448603929098,-7.359048094686011,-7.478459780455059,-7.7788359520795805,-7.74162184432701,-6.5587005766041315,-6.630754932483336,-6.57989315822151,-6.1683042624924465,-6.252082560893569,-7.52856731881306,-7.488870650706199,-6.09651357380503,-6.111930871735347,-7.366074072376169,-6.722603795179516,-5.783084116515506,-6.814821373306264,-7.8035074653106,-7.642255605385549,-6.706745420900139,0.0,1.0,3732.4923393748422,0.2490802145549994
76,-7.885530713552118,-7.6411137132018165,-6.612131004566423,-6.575717152665814,-6.54222380470464,-7.509843778228703,-6.036062355997973,-6.7146955082044295,-6.014944390251435,-6.327326957404422,-7.043695779132891,-7.215103635907114,-7.279445335176063,-6.419528924659979,-7.775963594745323,-6.507171063937684,-6.574061002359938,-7.999796600121495,-7.126248934447309,-6.408306946141442,-6.742596534574282,-6.218123327936883,-6.2905496745211185,-7.472524981646305,-6.2334692549601955,-7.500989250363835,-6.078084895868679,-8.051843337528735,-7.486508133520049,-6.642731507908987,-7.401884502036295,-7.441856214041719,-7.596740363732278,-7.823345751958277,-6.6132916870833816,-7.096374673645909,-6.755128771268525,-6.226532043824875,-6.574944815400691,-7.50798874005247,-7.832203959102892,-6.518820937561983,-5.903786708759241,-7.469970812994079,-6.565076231821253,-6.081344053974202,-6.951209402518633,-7.662111864430076,-7.477669968180138,-6.745809668803423,0.0,1.0,3540.8715492209985,0.6628890457341139
77,-7.531200025307726,-7.3461755513908935,-6.879514562543006,-6.321759850877748,-6.593932604709915,-7.794370449399706,-6.412125340724535,-6.636244625693056,-6.326792955955474,-6.328281517411086,-6.6105456923264665,-7.3493031762038985,-7.637088074160468,-6.5830943670159145,-7.856443827759387,-6.611080785717748,-6.557763566086798,-7.901888937466198,-6.863761835702477,-6.345887816417339,-6.841272935001418,-6.087080484745407,-6.561675891818598,-7.451487020563726,-6.2086022162969865,-7.462399450618679,-6.310514466063686,-7.682231925157743,-7.457861728645104,-6.608187157327365,-7.637910264890237,-7.101968088823552,-7.630544600876806,-7.599539428591155,-6.286747505032401,-6.848150516255612,-6.955195635267978,-6.335308943471036,-6.877021401455385,-7.7226740499663515,-8.035705001045505,-6.5534208386846,-6.0368583821991395,-7.242322778345643,-6.591332095628336,-5.9309659835281625,-7.046302834607953,-7.6410826972076995,-7.6178908614417375,-6.449385039098677,0.0,1.0,3916.436944375539,0.2493352495509057
78,-7.725341945134895,-7.312994547084806,-6.58342734007897,-6.299703809032404,-6.760106091218327,-7.701106493073524,-6.533145528972834,-6.785885447482505,-6.184377304501785,-6.284584605879168,-6.667290831328609,-7.475440585467324,-7.940667611659256,-6.4775715433624885,-7.918451788911864,-6.354572348879342,-6.89757685794557,-7.7175568193547,-7.32239888365583,-6.133680255933092,-6.7988265345935694,-6.40246980034807,-6.242617760737482,-7.585104625460199,-6.18005503108961,-7.0777123081708835,-6.110548808539425,-7.97971527960574,-7.669934205138495,-6.705645492314985,-7.429871146793633,-7.513472527034815,-7.515847049555106,-7.849626053997067,-6.345941225697784,-6.763846096866187,-6.7113978369468485,-6.200609552322899,-6.5108836622168935,-7.533368238002794,-7.412649987606696,-6.366924121833724,-6.037130279872311,-7.2188301218861275,-7.109752402199294,-6.159594036704759,-7.1861887336719015,-7.733554488233933,-7.591219533491202,-6.666095193519641,0.0,1.0,3659.3662369523468,0.5682777626913941
79,-7.831877544676215,-7.490091871514773,-6.763191012843629,-6.588719924259306,-6.605244293796546,-7.81483757571531,-6.340741961910611,-6.554209600920962,-6.365415953754163,-5.854347945616235,-6.825233007545169,-7.21569270751443,-7.575429060511693,-6.534274457016167,-7.932089962513508,-6.157338863986901,-6.668697399022075,-8.079052904572572,-7.024525085320231,-6.351253887834876,-6.4494888300525535,-6.012092267344164,-6.45540753180801,-7.310754408773874,-6.088178838824438,-7.311838551267639,-6.363622840586736,-8.133776643166227,-7.470100799823059,-6.6930956460561575,-7.57249822593484,-7.27540565049545,-7.517155699067318,-7.696152029245565,-6.205487869860028,-7.094392042650934,-6.620206720020867,-6.247941202504435,-6.819534455920081,-7.831699131202799,-7.689216667026397,-6.2177523702568775,-5.829631993827383,-7.420154334924472,-6.324927022988836,-5.917926014840787,-7.223220165401056,-7.964755498584707,-7.212961150370742,-6.480312415714369,0.0,1.0,3445.7378775730795,0.6781738247067703
80,-8.070634537789742,-7.403941123925337,-6.445036253145938,-6.276156123361175,-6.571673161887534,-7.593288174522899,-6.0796976012520485,-6.86720598586053,-6.087239083785053,-6.470044616402261,-7.004106409935266,-7.071619768383089,-7.613713093324859,-6.9134742476049595,-7.742838902227499,-6.575478412474315,-6.27077047552035,-7.761182939495481,-7.134150552760912,-6.377941188499742,-6.6602283967388125,-6.329119980823664,-6.130914763763068,-7.452888296406106,-6.006976987618348,-7.34701742983852,-6.280915371264422,-7.782180205610418,-7.540955594760916,-6.595665382345012,-7.209412889533949,-7.506589188004694,-7.768854914441003,-7.735107292027945,-6.512943082347863,-6.671192354104302,-6.761486594823345,-6.08791436098782,-6.636865981451082,-7.8215941986336075,-7.695661977272758,-6.57405605158939,-5.898567343498265,-7.300152873988639,-6.433872096134909,-6.030014516304356,-6.889179590434888,-7.659966723266003,-7.602402165145435,-6.880869550264649,0.0,1.0,3751.1636192646665,0.32107327236309113
81,-7.917860145793794,-7.737722578942864,-6.749545762401411,-6.77411579837901,-6.741538589145746,-7.741057954126595,-6.244674058549214,-6.571928903281333,-6.352306732197687,-6.078419000088622,-6.860007576429328,-7.413518545586128,-7.638096853476207,-6.307318110541443,-8.090503064155023,-6.185326803125379,-6.442396695533363,-7.775271770011224,-7.131000368496753,-6.240263051748609,-6.54558355819327,-6.24610116455837,-6.224007242434132,-7.620117827981067,-6.05963983120055,-7.742007799842898,-6.393061869618056,-7.868059176854463,-7.53751541215907,-6.52177466587835,-7.473714682412212,-7.526741382975741,-7.7078821025377575,-8.02456635172398,-6.828587099526735,-6.788544024960902,-6.589332259978999,-6.292113486636997,-6.911876702009848,-8.004928314621024,-7.740676791106414,-6.420812062048861,-6.241076424538018,-7.274023165147003,-6.46476499077866,-6.088351680949376,-6.539580257510879,-7.489036872780189,-7.362314801416435,-6.841970294974163,0.0,1.0,4123.964712210008,0.18472723786693362
82,-7.829337174290113,-7.419811987146329,-6.569383908654956,-6.232630491471082,-6.32268388177996,-7.71670635689003,-6.171231327206798,-6.76205020791169,-6.460400157462137,-6.418592227895053,-6.8570022354887,-7.098210996373333,-7.7711011589631385,-6.4900133981999675,-7.791347222041943,-6.586324174063241,-6.684556875799693,-7.915908555368007,-7.191629701874781,-6.176500865266273,-6.612544055294933,-5.994195296488985,-6.585163262523005,-7.609989854568049,-6.227291935610927,-7.2879905346966565,-6.22558133972263,-7.822457654650783,-7.300011549232109,-7.044447890847407,-7.197212461409237,-7.4423628000689535,-7.44397285920728,-7.809505400208593,-6.555606344951388,-7.054550998014517,-6.756199800659307,-5.966524298827213,-6.921871186872615,-7.831688313924084,-7.511234520048569,-6.1585912259003,-6.024551191989394,-7.33490143590679,-6.523895566137838,-6.0635311418727555,-7.051412790215047,-7.766455582127776,-7.4912793212690865,-6.477553795686345,0.0,1.0,3875.20386300931,0.2362474308600646
83,-8.053959672207199,-7.906149132242687,-6.65479381453439,-6.566722901582698,-6.669612490321696,-7.669132565382112,-6.335784775522789,-6.444339055944146,-5.974498669101011,-6.269373589621982,-6.874662892097212,-7.255554395203321,-7.709250076923971,-6.479617857666016,-7.576099513825196,-6.352624917297008,-6.4547243141943556,-8.00109368971031,-7.175907926958995,-6.064375878243906,-6.705735900703455,-6.309130895532505,-6.014626068418672,-7.560318896497871,-6.211142368868577,-7.442798652038521,-6.356359118734042,-7.653302909716868,-7.21937762349548,-6.256296256459706,-7.449454140434068,-7.2383196303733515,-7.350373081086126,-7.811998752790257,-6.814849242825365,-7.004280902826293,-6.4260837698525695,-6.079739275610128,-6.534089151632923,-7.769977076068799,-7.406015393061619,-6.508182008108545,-6.077102796026368,-7.35951669614399,-6.597525218085459,-5.883473095054973,-6.858166978492076,-7.917827511362137,-7.287772829980099,-6.645300072443767,0.0,1.0,3710.4031598211864,0.28395838558422176
84,-7.681587242434429,-7.395568067813911,-6.6582805229457485,-6.3880000514936945,-6.768334519248156,-7.367583466263458,-6.190625421125586,-7.016807973323118,-6.049763720285375,-6.262151442102916,-6.760157404028712,-7.3943709881668,-7.418312070829702,-6.331673380203992,-7.8778228147338645,-6.198689402319162,-6.489977225390762,-7.543903094074766,-7.12672349923275,-6.364288118748141,-6.548589580576011,-6.290905918733908,-6.31488834444982,-7.587343985239182,-6.109434797592072,-7.883153819598882,-6.127501995215337,-7.609472649575006,-7.812185770927173,-6.518410615580908,-7.598570175891924,-7.612362312697211,-7.807269302192691,-7.9046285178421645,-6.6228004843105595,-6.788159832339092,-6.575998337507776,-6.2920154546693,-6.779621520661048,-7.7756045080479765,-7.573276384914197,-6.622507821248498,-5.948425337061198,-7.4409665310419975,-6.345753616651404,-6.2249165101025055,-6.924180910045241,-7.628362921947667,-7.777632043929085,-6.634928848071054,0.0,1.0,3994.667835520896,0.17620865918714373
85,-7.96097932407297,-7.431910954465808,-6.795056467694708,-6.304405731923031,-6.474352521917859,-7.6415521746216255,-5.928003014526637,-6.58371784893332,-6.335674886008923,-6.197252125587483,-6.8915760017740215,-7.325916825582558,-7.3137818717574605,-6.65939603385948,-7.786586592789487,-6.304010613587884,-6.529052736633711,-8.26688915661272,-7.163686859036833,-6.1739465294232945,-6.301150785269858,-5.902161642591909,-6.2735679688096795,-7.523829596579415,-6.0114633070161565,-7.363188308240267,-6.311573609753367,-8.053868242595385,-7.450814352206971,-6.655098321935027,-7.5561583309954745,-7.388310213089886,-7.480806723662103,-7.575818017010913,-6.513404418007731,-6.588884527778035,-6.355164577347484,-6.36138149646116,-6.752557111943782,-7.74166156321833,-7.444139280964368,-6.639841169144772,-5.957408358289782,-7.237135382601992,-6.387054346488863,-6.17858972866366,-7.128278682950106,-7.535842988088591,-7.541802749713674,-6.753052648713066,0.0,1.0,3764.0112168233863,0.2223308429701792
86,-7.784039787097172,-7.4307863883515965,-6.7183066348803955,-6.377983246888829,-6.533242748582167,-7.7710521494095985,-6.065664082898631,-6.932280199137531,-6.346484442678353,-6.364461394354667,-6.822506349267176,-7.2681038039303685,-7.5118882296335165,-6.828928702821144,-8.021820943050948,-6.455499788105763,-6.615458504375636,-7.6557805455639505,-7.3930655496164945,-6.134648335897729,-6.513366944881952,-6.207596039458045,-6.126078560095827,-7.444172444525902,-6.017894117928731,-7.598343775967644,-6.36278811908913,-7.928738888212423,-7.623657569168766,-6.7410621877487324,-7.321988240756422,-7.5854963954677705,-7.453547123973299,-7.729521954682531,-6.214883369609375,-6.483447187951381,-6.696716049331389,-6.231040768432484,-6.808624104032284,-7.821164984499925,-7.839960270626406,-6.0428158252627515,-6.263478281946006,-7.131976537957386,-6.848823196195811,-6.357004455778179,-7.054415798663446,-7.908014820214551,-7.395402834714225,-6.514732910845436,0.0,1.0,3776.993153636121,0.404599201338617
87,-7.533018689425504,-7.70691856681175,-6.70870168549351,-6.4913874454385185,-6.498420639295455,-7.565620688786388,-6.2672940216788415,-6.857636898955666,-6.356240171329426,-6.246720208625286,-6.82675958174941,-6.888764476571459,-7.406406104567068,-6.642475227518736,-7.888755724215216,-6.8347054748542835,-6.983586315755323,-7.5681984723910345,-7.215986868657533,-6.044951352616454,-6.625095563657051,-6.181638007055771,-6.353731338539482,-7.679892636004924,-5.99536704657779,-7.437789115157015,-6.191002460724336,-7.795173443380882,-7.489208454454256,-6.567254823892911,-7.089742474734344,-7.4369183130662515,-7.829164618842839,-7.6045383601914205,-6.383480813605363,-6.661056130489362,-6.834838256745094,-6.367155670346227,-6.6299786510206165,-7.773680563600979,-7.541892173838687,-6.214475499659935,-6.1325193546982195,-7.224879274758829,-6.808364007999393,-6.211238991316843,-6.9450402397336735,-7.873980049440668,-7.565818931752989,-6.539988965021111,0.0,1.0,3677.76712246445,0.4209206401161734
88,-7.846890598679527,-7.312991228415685,-6.729279517855726,-6.580038739604312,-6.646666980050972,-7.846484783171698,-6.254075132628575,-6.671743910287868,-6.062627036507883,-6.256695285129971,-6.847639084011718,-7.305169319368914,-7.533706627920422,-6.588055010253043,-7.775331029127753,-6.393760303396363,-6.749103593848229,-7.94806181084036,-7.078094214227461,-6.256215111868834,-6.453939371868413,-6.303145136620501,-6.576097893463111,-7.475864227044275,-6.00997801763509,-7.765043464748833,-6.408017912422637,-7.94445284249688,-7.865123666110293,-6.70637230311387,-6.879315686765086,-7.453724487450079,-7.487927646326825,-7.674757457922388,-6.5170975380154035,-6.813122887229973,-6.652383477794668,-6.221115940058349,-6.699996533161445,-7.883396703478629,-7.953035200796885,-6.400448916281236,-6.083269746006222,-7.298828682602949,-6.584306349318653,-6.111516693696792,-6.944631761671631,-7.693860438514251,-7.290062342981613,-6.63890722236793,0.0,1.0,3869.04637654977,0.31985933536533406
89,-8.055034832784282,-7.536428451737552,-6.6505513625328385,-6.232901605361206,-6.573181927783138,-7.536380929501627,-6.373230581057039,-6.8518622025000315,-6.235654387272267,-6.505681820167659,-7.076295703122947,-7.082406925400367,-7.28231312887677,-6.494248289016595,-7.735932448983923,-6.388259108593943,-6.646589966536631,-7.879362354341046,-6.849305032022017,-6.336680166052074,-6.7256759892156746,-6.050297128192347,-6.148041885712786,-7.51182821737247,-5.900852074595275,-7.311380661732616,-6.549016037617695,-7.86185485810974,-7.626220694857821,-6.416023328097879,-7.156841338541886,-7.568488162348802,-7.536283893761077,-7.955357444435741,-6.257852524724132,-6.635076083040733,-6.923033329729318,-6.125485779146862,-6.878064587386426,-7.8115650987437615,-7.572498149678573,-6.707297996090518,-6.172264382692175,-7.449687859982807,-6.562888085743782,-6.289569485119379,-7.051239619110969,-7.491371420220728,-7.517719322043908,-6.846533312410239,0.0,1.0,3577.3998148367536,0.5887957456366089
90,-7.810813454812305,-7.523905800657914,-6.685027204129281,-6.416457514673983,-6.540417295667366,-7.771157781713316,-6.232628779167485,-6.801245963126573,-6.059722439185897,-6.1448361307834585,-6.869135899552729,-7.257352220061557,-7.335205253644919,-6.565602050985185,-7.647097000636672,-6.091992409091919,-6.568317783490808,-8.402537923613405,-7.139978550871193,-6.286064882902161,-6.647981893503939,-6.438207764996183,-6.255547365385217,-7.633704280832157,-5.9577013852202425,-7.498985761532339,-6.304232500584607,-7.935380552150736,-7.714531749377319,-6.76313866851116,-7.20453268181382,-7.210127492502816,-7.660873559392777,-8.039382518406772,-6.562892500632702,-6.394970815820094,-6.7373209934933564,-6.217944964575445,-7.117087994644522,-7.8796192188544225,-7.767292028196291,-6.5700508799835955,-6.037011311521178,-7.436031196298763,-6.922640925512014,-6.309253130813702,-6.698193001966539,-7.590109825827855,-7.888865384293217,-6.647845047234525,0.0,1.0,3807.6699142757866,0.46723791903648704
91,-7.731436651251956,-7.152856972782505,-6.826389879981052,-6.271538627364328,-6.579211868831033,-7.630796375536027,-6.060068821170536,-6.774802953449429,-6.221473315694301,-6.359828082332171,-7.06703970438412,-7.321278805420013,-7.418598732162332,-6.569111559657982,-7.624645817002974,-6.498675527829356,-6.919599107255409,-8.043428981536188,-6.902325661881035,-6.341956315290385,-6.378839970586672,-6.159352251236725,-6.4195131359749045,-7.268727637380204,-6.4590175391066875,-7.721338923088074,-6.378487314876141,-7.872536983851483,-7.627532192101528,-6.784355542036007,-7.442323933154136,-7.261336163020514,-7.353765917343583,-7.802112396678529,-6.478826295373841,-6.915094005538109,-6.541812165816198,-6.1541025452825515,-6.772051684333034,-7.508691252784516,-7.742671490019028,-6.542510435144417,-6.118728348731858,-7.1557258874123155,-6.553935961264265,-6.21264697603841,-6.966716945764906,-7.590687861669639,-7.758400640609732,-6.577060043464479,0.0,1.0,4325.61004514728,0.03007300960461139
92,-7.821418921394422,-7.498023638953587,-6.82120136062306,-6.360995068613693,-6.598014673414126,-7.861399384012245,-6.469913533623638,-6.893288137491505,-6.096086113190055,-6.309695809743657,-6.93639888370034,-7.210875685691758,-7.254321762452967,-6.560011306029302,-7.62193461209354,-6.540945690186691,-6.360588750365533,-7.906784321694582,-7.294510172040877,-6.487770813575874,-6.4897076378710565,-6.3202791089417945,-6.208939522539045,-7.372525476275322,-6.056548240487751,-7.612568077629331,-6.213757304643978,-7.814586808155738,-7.549820257259734,-6.420742505055241,-7.320020152562028,-7.468173388504036,-7.746676884317614,-7.986932566625096,-6.288190866224933,-6.9091286330808295,-6.768992274121403,-6.060819432249239,-6.730286693893365,-7.860685216210197,-7.880657018848304,-6.270058586751079,-6.148698987152287,-7.042020588390553,-6.341537517402508,-6.459223141023754,-6.702022510740934,-7.683486346962439,-7.630843379742592,-6.731332916011906,0.0,1.0,4249.8262002096335,0.05520797513007887
93,-8.257507397702302,-7.538358568260112,-6.979541343515607,-6.330860985661762,-6.652130228108541,-7.594017013504958,-6.234285569379267,-6.960506955277838,-6.188538042934639,-6.404557935019155,-6.979270110184459,-7.347639828727572,-7.363654615672541,-6.427397712748018,-7.902346883603149,-6.471583435335245,-6.557268192618287,-7.9414723385923205,-7.110435236403474,-6.609048850015999,-6.483033312592042,-6.3683467527463975,-6.323674028477931,-7.719737153595177,-6.366623852046595,-7.435677146755232,-6.254564308329197,-8.060469408878083,-7.610104498927725,-6.604447696459306,-7.105041740021145,-7.182673735039833,-7.553314848357439,-8.008460319273972,-6.302536926494319,-6.962035644398259,-6.9278311842488876,-6.22129386057941,-6.9017751137078935,-8.039691602337445,-7.844790975612272,-6.960955794660894,-5.927537996388872,-7.5331352421188,-6.470447319648667,-6.240651019179274,-7.20671751363563,-8.070994860349204,-7.504914252811345,-6.469576145417753,0.0,1.0,3810.994681902851,0.687970847755774
94,-7.933919339541408,-7.532478364671388,-6.951339734492253,-6.342127182109659,-6.572149912992474,-7.587134272171095,-6.122126981925091,-6.925158356992952,-6.525014559731742,-6.141245790580403,-7.096065919989421,-7.356557479702999,-7.722758863361157,-6.544160022441603,-7.8611883991516756,-6.275618676570215,-6.540889803661327,-7.73238346561622,-7.190464809657933,-6.269732788599072,-6.516247067433782,-6.183758322759441,-6.3411535658323785,-7.459922367762597,-6.024104393809514,-7.42795274465247,-6.178068161853895,-7.789749386843876,-7.391381962538267,-6.5847344626869315,-7.465055759891754,-7.166605537702435,-7.612219387213613,-7.730277555666004,-6.148550000050105,-7.245246589004231,-6.382081420508378,-5.952014727638096,-6.695665408632618,-7.968420152064678,-7.509742527831213,-6.427277490984324,-6.0951537656206165,-6.87800109755592,-6.510715591554628,-5.837458205126711,-6.965606290122796,-7.780809165890685,-7.700809237786952,-6.374125082069625,0.0,1.0,3509.8643054738354,0.5520463987721588
95,-8.063368209543633,-7.507727705206053,-6.792383950952258,-6.646246087141592,-6.873568442228749,-7.765198807987419,-6.047611486199332,-6.708957517094433,-6.396019926789805,-6.08222607873001,-6.930953138705715,-7.186889422029017,-7.551683692470567,-6.640155308375635,-7.931806818264368,-6.367274946048469,-7.018837747733921,-7.68064513693773,-7.132079704507013,-6.436130108652714,-6.447095432752864,-6.488034786551456,-6.653495058780001,-7.703044229749302,-5.870463964902077,-7.228296644432279,-6.264622101458935,-7.755276255491463,-7.426898704167071,-6.481450976933098,-7.396467054134079,-7.3761959949896045,-7.352788368633517,-7.906748544797977,-6.492935678950096,-6.761410686676864,-6.6611668996347415,-6.541685733406775,-6.833642086108237,-7.8722926674220925,-7.818975222829015,-6.455891036159926,-6.25911411822403,-7.176771402032966,-6.537241380897991,-6.271167299127618,-7.087917562737839,-7.551561499449844,-7.638657207027724,-6.65909111902252,0.0,1.0,3739.467592732018,0.5738203745509496
96,-7.881672783269165,-7.792802186799204,-6.921892735292205,-6.552720881342065,-6.695339222420174,-7.602279436376509,-6.103330111081096,-6.589687308364935,-6.201692810914503,-6.198548288379086,-6.625549954387825,-7.091544215622603,-7.821985508522531,-6.655019604738732,-7.703138741500099,-6.284946449035127,-6.52822379906456,-7.892410958682666,-7.334424278688395,-6.030264921397826,-6.404551742871686,-6.183990109032337,-6.218048442267599,-7.456301791347898,-5.857579926448128,-7.379144349458068,-6.476829170877425,-7.431003004996712,-7.4530466720881545,-6.464044673226956,-7.569308856548484,-7.8734106957435355,-7.198453374317074,-7.927717099824586,-6.524945007976016,-6.866665934176054,-6.640484596521912,-6.191525116523462,-6.7913439263244015,-8.032909620178769,-7.724700763512404,-6.295099954365314,-5.889127719728388,-6.865597660401217,-6.44014637437664,-6.323421203278082,-6.895418843379149,-7.474277404392736,-7.3150260401326905,-6.71380019879625,0.0,1.0,3704.8771399895872,0.30434613336295463
97,-7.936833392743136,-7.405558018111108,-6.7289337587418965,-6.0924291261365155,-6.477914231127083,-8.064047158851494,-6.2342652934540705,-6.588100169408147,-6.208194385336792,-6.30371813233334,-7.03416367147565,-7.224789827272413,-7.753203692617858,-6.49939842654437,-7.749714463778537,-6.664574097732024,-6.670964601414974,-7.713074606828877,-7.162394992388047,-6.100503868559684,-6.0944252356376944,-6.207666587254166,-6.276706507020315,-7.587983318899917,-6.027628909866526,-7.370567774176749,-5.953757244007111,-7.620642421386039,-7.668636275879597,-6.50915295064459,-7.363351298790828,-7.356077556695229,-7.659405850006482,-7.624887646625557,-6.4944333676928325,-6.789488498895032,-6.65421444004655,-6.3161185103887805,-6.734529067581569,-7.802648710376022,-7.721745950356472,-6.5479545403859065,-6.1334741365400545,-7.215896703460022,-6.766098942880795,-6.043166209423942,-6.942697994323022,-7.522247518290448,-7.423353986461378,-6.884661425680439,0.0,1.0,4083.8610425515117,0.07620543539994272
98,-7.903162491378776,-7.527285290810945,-6.445616916844419,-6.52753733876433,-6.2132639983761315,-7.5070349097750375,-6.396734744068217,-6.55674469503041,-6.227013681049959,-6.313183931324898,-6.879761033107851,-7.294769917150482,-7.75508883933615,-6.551295275561972,-7.958029074475497,-6.543347715182254,-6.6848040064934,-7.823503556647703,-6.95155730172887,-6.173197943019117,-6.53641011029608,-6.19047680857645,-6.805767311859072,-7.4602362946890715,-5.982197390353292,-7.569489278718985,-6.282899192077804,-7.726696962948633,-7.651906308143491,-6.465414171385189,-7.575894868040413,-7.242868011523567,-7.869581450519661,-8.078317125325373,-6.626266197188233,-6.8083252984947595,-6.606736558964594,-6.394981780168577,-6.780888106561309,-8.159381212773711,-7.848541043405596,-6.444552900912644,-6.101646625765075,-7.177296972377088,-6.37686079555515,-6.329365776758863,-6.796427395896128,-7.608167369601926,-7.6573633346340735,-6.780424939967662,0.0,1.0,3681.6817895376166,0.6046683895063079
99,-1.3720326484333336,0.8088401699697831,-0.954086934435006,-0.19314836795413148,-0.3677389407682048,0.4461648444535977,0.3323224163242502,-1.1419645175344542,-1.2449075999836916,0.8083918957106495,-0.11672932063943131,-0.059788524640394414,-1.5953824447226443,-0.5592555493317457,-1.888435576373646,-1.0502938344160127,0.23556227197253454,-1.1871287389472016,0.2733413190958611,1.3873148720460153,1.3635136388287648,-0.24797870471286831,0.7882421127082888,1.637900880719115,-0.6812156932299152,-1.2577254912939742,-1.0678910949777287,1.3340282670552566,-1.9576757276232453,-0.9758775014640628,-1.3167835298132577,-1.9383428379757803,-0.937551613766364,1.30913257713026,1.3383182473397763,1.4750055083102098,1.973259600467021,-1.7998099424399436,-1.563841970628296,-1.9355320485174006,1.5347057883860935,-1.1965637645452882,-0.2560646492489189,0.4382880213144382,1.2412088357033175,1.7400102307188994,1.003320370566886,-1.8542639285695808,1.2176072685731167,1.9390714357310639,0.0,1.0,1.358220599580544,0.05970837998606387
100,-6.439067451615544,-2.276601872336961,-6.464141314435713,-6.440316257705787,-1.1129998234402745,-1.8089553891063515,-0.12605423177726066,-7.875457890684858,-2.570828980164518,1.0907232544139642,1.0088710874870774,-2.394075783186639,0.7532283984356679,-2.026887515367835,-1.9209835658447256,-5.836091204355762,-4.604382993759204,-0.6300852711742899,-0.7665651646712321,-5.743197805889299,0.4034206655086979,-7.832515570359443,-4.406164993849041,-6.312890477108274,-4.2957785652926015,-6.25588330202332,-3.144098645186723,-1.8389630325757438,-7.465448309628662,-8.211856035833987,-7.675343600113856,-8.070361869854631,-2.0213364337137927,-4.983865793682086,-3.32469682549287,-0.8285868471227946,0.6540515896999649,-2.832710939079082,-6.743013161616656,0.537383491096608,-0.37629195280716043,-5.304528216977315,-0.7198614383664861,1.2407728085571517,1.5369538701160852,-1.2291600236146636,1.402051197771205,-6.205042599721919,-0.9164281846442773,0.7662683449119123,1.0,0.0,4915.256385002961,0.9323291452635938
101,-7.007539154111842,-2.1647767499943873,-6.508298532223298,-5.832712395131742,-1.3345989534612204,-1.3638563803738,-0.12990753841609948,-8.091471437309425,-2.9373644860726364,0.9872001341616421,1.193597982576584,-1.9156510786242074,1.6048717519451463,-1.671332022824033,-1.2386282448163006,-6.051659913922537,-4.992129963584445,-0.662770251009192,-0.452503229878603,-5.79406285572692,0.08596352377978927,-7.950701048375843,-4.200636791692114,-6.162174323583844,-4.506352621387304,-6.182423799614297,-3.2367147576175936,-1.693711137331129,-7.915014563543237,-8.766570831788655,-7.991408471715485,-8.311609826708395,-2.7606404446219583,-4.585043719488556,-3.8381215069254404,-0.5875787173566325,0.688407383304191,-2.809964694543421,-6.908333780780623,0.640839084241543,-0.16161119205777008,-5.334788001812548,-0.722440409433682,1.6880361363019043,2.0229001127379673,-1.1523253558417608,1.440409927646401,-6.011072024348782,-0.8906016160418513,1.2241917992023263,1.0,0.0,6155.052836217803,0.8543664736405722
102,-6.642696371511905,-1.6429061700673298,-6.875309464371949,-5.930681855218554,-1.6637256624631132,-1.328354196528986,-0.05152426981007402,-7.93260101576077,-2.8801419448127423,1.5706432956970426,1.2069910291715167,-1.383151991796113,0.8439337272377737,-1.9777631649347398,-1.6289094284621182,-5.899598165449631,-4.643009209113418,-0.8850228825867132,-0.5698747839190115,-5.769966097746482,0.20261409647658107,-7.917870750648417,-4.147900683309151,-6.633052093416628,-4.7707215032893915,-5.933693572762338,-3.678308081241411,-1.5522086545345843,-7.373555522911622,-8.149876694901506,-7.1440238469828365,-8.482308749096587,-2.3305260034429067,-4.5398540604821385,-3.4717701265115704,-1.0296548868689972,-0.04132362368848819,-2.488253896119705,-6.550133813822493,0.44202941788549255,-0.3700468973674505,-5.553908790484174,-0.70745159299792,1.7770152458690809,1.5499792010001758,-1.2222591686549598,2.1059646093705067,-5.664898460047216,-0.3810368901531822,1.0057468036861748,1.0,0.0,5064.167221243352,0.8431017761771986
103,-7.007181683080756,-2.1888554228813706,-6.537378930318177,-6.319488698582129,-1.6825261628105403,-1.8641509738077353,-0.18818452320101264,-8.133416964567571,-2.4760653688471033,1.506689198860643,1.2857703549712431,-1.578000844620555,0.6818073724168336,-2.1675261285481,-1.373573478657619,-6.222244057459271,-4.63633882236535,-0.3995209324861573,-0.6238968902045146,-6.315954040871418,-0.09745825164052985,-7.798665322075062,-4.7413689362439095,-5.882647063278227,-4.530172989349841,-5.655638622975845,-3.674879243430194,-1.7001192562252825,-7.459073333277717,-8.172473615671295,-7.555806912411107,-8.034048282132103,-2.749286891182885,-4.70742583261417,-3.371252232189828,-0.4826544194828608,0.37035810534090785,-3.0917661034455692,-6.095033574459883,0.2111137668893701,-0.40995630242827585,-5.0241719934033044,-0.8101678044509572,1.7328190835401476,1.645244909369702,-1.2500547718008528,1.6156783195452333,-5.791630023432064,-0.5905802298597664,1.3286229916183279,1.0,0.0,5035.02690477641,0.9047498061257494
104,-6.434422207734272,-1.857106100834625,-6.587192993605749,-5.871990735136994,-1.3897184782421383,-1.5011697783221287,-0.0939616970258968,-8.060808796226702,-2.5463047816321738,1.157513007660868,1.8952284661665701,-2.0986034684887414,0.8149710984314537,-2.2215578939124625,-1.2696603986645196,-5.861907565898746,-5.3110001283602335,-0.49631689875289264,-0.4404565786199234,-5.983753742073284,0.3999868726154272,-7.739502705634638,-4.056274322962983,-5.570745271714896,-4.399863226400801,-6.068644490097579,-3.560461218391005,-1.6797264399143566,-7.49887295501149,-7.917890513004609,-7.491296862384792,-8.330897671259855,-2.3666308303007666,-4.9110285358257375,-3.563499641400109,-0.49808653952356563,0.44442770518807045,-2.8018425154322406,-6.421838994596738,0.3918228306779438,-0.5071230515623373,-5.025657185515643,-0.8333795603055848,1.5616549380396223,1.564686453596234,-1.614825412450769,1.7684248702772531,-5.746191402456961,-0.5850908560052767,1.4785282499770396,1.0,0.0,4535.851880140992,0.9366991042592571
105,-6.892956113417024,-2.0346171008080085,-6.6626792418393235,-5.5169110799803605,-1.6291944327383212,-1.4469349960961366,0.4079212257894159,-7.720118957743647,-2.501791374221756,1.0537920598046018,1.5953325790527826,-1.419471707680925,1.0691117124765355,-2.194547867211429,-1.6174721108151555,-5.626502087726565,-4.804484263363026,-0.7946920666174252,-0.674479921568004,-6.249506043639098,0.2525443191368364,-7.926112117743613,-4.270897189280664,-6.43375219118251,-4.587939421473803,-5.960323637906324,-3.3308153480926013,-1.7593973233355282,-7.680315123437858,-8.394456298688468,-8.052294089552916,-8.041957041103181,-2.7297787921937102,-4.46805176873098,-3.398827431866826,-0.6653993465789646,0.22861505450513508,-2.5978668573478623,-6.382059829428514,0.9848262777656686,-0.43116167381332204,-5.077023687318253,-0.5906629640115542,1.5580969757896423,1.647684157745399,-1.3327955015600526,1.111186567484,-5.68701795581249,-0.6461739533848749,1.3272677267155175,1.0,0.0,5004.687416034981,0.8803902274236476
106,-6.934289776610217,-1.9991082002102574,-6.544970040472022,-6.358663390787511,-1.6606940589836665,-1.2477810124025959,0.32343393529218434,-8.120016521865619,-2.6106577571875316,1.602958725601717,1.4870823252355552,-1.2506622246599262,0.6616258545077397,-1.5198372472429749,-1.4538601070134416,-5.881728198065568,-5.053054501916367,-0.658045448761603,-0.6557458015251495,-6.397054690348811,0.2829156097797476,-8.172326979729968,-4.275729749256912,-5.795246687503664,-4.1795439673876,-6.005145816009495,-3.5455161714130057,-1.5695576264914666,-7.612277684621725,-7.953049286797258,-8.18807215440875,-8.423913126707655,-2.2183680361177642,-4.775106154060248,-3.543973160246514,-1.0388261925033415,0.30796897703362025,-2.662490919549637,-6.15700013848881,0.8111084402670514,-0.2814443430933652,-4.87204930234327,-1.3823451903219715,1.9413744097252437,1.397721872794192,-1.5384299213719237,1.2099872992834253,-5.762765055248779,-1.0349989737552614,0.8545121869628035,1.0,0.0,4840.510497261047,0.986345197693077
107,-6.13840884171493,-2.1233320526139194,-6.839032810316386,-6.209654900126654,-1.5631357818843312,-1.2478116245227733,0.12236091681647965,-7.703764280943985,-2.5380210472559916,1.3669799439716417,1.5492873513483176,-1.5050438085176352,1.3468634957539136,-1.6561285159190426,-1.2504435629426491,-6.21004423605252,-4.836849507991566,-0.4994392524866063,-0.7546165994645802,-5.812629753182424,0.8304454101310133,-7.449233248851848,-4.527380095153725,-6.268092956142472,-4.873309565654499,-5.938521916468041,-3.274608068312152,-1.2040380331332452,-7.59399353860835,-8.403199370963977,-7.623712987638275,-8.062215197473677,-2.8207548681348737,-5.191401558228271,-3.877670987077844,-0.7262916853810664,0.5123590078393125,-3.2555656189231317,-6.457186520968989,0.6346360003988392,-0.448703827185801,-5.569704682976175,-0.9183702813850443,1.634842999336908,1.8345646733459482,-0.9406447989578636,1.7586633672652519,-5.590247690704215,-1.0047682277672303,1.4569437943302042,1.0,0.0,5054.342818750325,0.930117650331124
108,-6.637331009906087,-2.3850746375548795,-6.31635493615021,-5.910687924566807,-1.4344635754693733,-1.6302935222464907,0.02320864876995346,-7.833236161006364,-2.6504653693755356,1.1147204810063358,0.9888602535161684,-1.3969735423610066,0.9960638440235308,-2.383077045336013,-1.1334896111667419,-5.848782337275752,-4.705941108904945,-0.6685430943176929,-0.42178772417704896,-6.20837414622594,0.07992516162988186,-7.878167622427509,-4.218724083892378,-5.944066045485778,-4.600607981593293,-6.660444355484606,-3.7055093644277926,-1.9146567860560675,-7.737495692760212,-8.254963983079813,-7.611382026948756,-8.496642305249885,-2.756307451431906,-4.72716364750566,-3.077806337942543,-1.3345888392443142,-0.0910951319497148,-2.653220213933224,-6.2181064234807515,0.376743119347714,-0.22518934329566515,-5.092182273902833,-0.7223011619153206,1.748195405400444,1.5985464111388692,-1.4065095029075014,1.728815224599197,-5.875296749713703,-0.46255189287384424,1.24104177259872,1.0,0.0,5119.310327805798,0.8913770612820286
109,-6.418628910012342,-1.878946522026236,-6.389555525734516,-6.302269484127772,-1.3246530903122877,-1.2616725599607284,0.2896097855640771,-7.642114868788479,-3.342373401402386,1.0994158424214266,0.8486760582287278,-1.7645612770232932,0.5209384728371192,-1.851443836903785,-1.8264318214051636,-5.820238841140292,-5.169009262511521,-0.9518267895240355,-0.6940735190221041,-6.085925262033093,0.4215963519590008,-7.709630725062891,-4.072507493549617,-6.740122910154183,-4.602059331206218,-5.995666572822567,-3.416964801935053,-1.7618023201903565,-7.984115031938283,-8.312539448114391,-7.804955003163402,-8.418362425677593,-2.667864875506193,-4.441321691723218,-3.3415860995112974,-1.1134137612919979,0.6118626617620009,-2.9754183256015123,-6.820758440720408,0.3932144096382536,-0.608256909026187,-5.0522340847647405,-0.7175574491772193,1.581412500250316,2.1810631155379996,-0.899194300212785,1.5166857699305094,-5.492158638429514,-0.7392632221254349,0.6768490476348092,1.0,0.0,5363.222539421926,0.8745023284568887
110,-7.007405165837959,-1.8478104461873268,-5.612652448774661,-5.72905166544792,-1.4801534454205008,-1.5777257612270033,0.4088404191280337,-8.245552731071314,-2.5593013480275486,1.2254306687118335,1.1215775933221794,-1.7806609537950338,0.965103859767184,-1.7889865778657748,-1.7195417579629992,-6.011280532490301,-4.593146385133193,-0.855009354995289,-0.7744163593279615,-6.018636732982995,0.8302588469795785,-7.6523989879322025,-4.024123369812579,-5.659174173964056,-4.601415075462563,-6.396954842657579,-3.357982052189182,-1.4845616269892994,-7.624624056393595,-8.507212802014283,-8.037623040965652,-8.007397338317073,-2.683828745352893,-4.487785473677069,-3.206671351840691,-0.9431613397349214,0.6283549754383242,-3.0804008287714915,-6.247870759208716,0.6019020241722397,-0.37510132608347546,-5.066785676477111,-0.9256054394625185,1.428255046029084,1.810691407154048,-1.234241698453575,1.2088956850554125,-6.104696872401894,-1.0413712528854133,1.2233357868159334,1.0,0.0,4860.360096313806,0.8652038230686653
111,-6.6047120568001985,-2.2140986215871306,-5.975578037852487,-6.2352811994412445,-1.5637486190389198,-1.6918439653020425,0.3465612494835658,-7.870062356146501,-2.7732068402998653,1.7527181255149935,1.7293122166417612,-1.8994364421446173,0.8195821932028682,-1.73805450100125,-1.882991848777737,-5.7552336195145575,-4.751270538675217,-0.7600334352362295,-0.9691135159387219,-6.06773467441948,0.41277413382748906,-8.141553227702406,-4.341047833401291,-6.245664023850784,-4.8315980392867885,-6.406564044796873,-3.111393853194907,-1.8046689531353952,-7.86204106461104,-8.691049917881115,-7.819198612845774,-7.9772969155878695,-2.1904192798544035,-4.784125643992781,-3.520261082302698,-0.5858306266301034,0.5472765166366631,-2.7417725192605538,-6.325283195696193,1.0691402342851086,-0.43517347184325683,-5.572484965441477,-0.9767265116021593,1.8493722672927588,1.6655477785052177,-1.037350191318412,1.3769589036183838,-5.624908600302433,-0.9471349472948446,0.960422462712822,1.0,0.0,5350.261531632578,0.938519444402968
112,-6.189176822765209,-2.1180134325122895,-6.359887997225516,-5.976594697369032,-1.5985656628611304,-1.2882269643917317,0.13954988072739086,-8.352063135811974,-2.602840723338071,1.0673423998011606,1.9990549765919394,-1.687199894361217,0.7496398979801308,-1.6590955645138183,-1.6440287980717196,-6.023097566678959,-4.7323572289654745,-1.1175340188547778,-0.6482496195627966,-5.802415692933951,0.39240105856687835,-7.915745191033628,-4.17994509139469,-6.348492948630244,-4.392375067003684,-6.206677344159454,-3.67519614113656,-1.7939448207626194,-7.411290581582871,-8.332271087229486,-7.46403779206586,-8.438581169896427,-2.1998342853533495,-4.52371738787662,-3.3280844339438893,-0.8394527839030781,0.33067931836792586,-2.9239693195674143,-6.122430997118431,0.450147480104711,-0.11089183039221773,-5.454338677275727,-0.9566414743040551,1.726495913031616,1.786716340132699,-1.3809422863176608,1.3663428655193555,-5.717737045140298,-0.9626262595149135,1.34366686135431,1.0,0.0,4958.217862985799,0.8833287264891287
113,-6.32161087407229,-1.8267559249530383,-6.545106758327988,-5.716403244472567,-1.7947205890809093,-1.6512674596726242,0.5498039519673701,-8.164389709731617,-2.86847490913345,1.3809739973717647,1.1231411479946039,-1.8147841154247708,0.7437530403181815,-1.757635149453465,-1.4180044019498106,-5.824150932875084,-4.900621516488745,-0.437602486088865,-0.7016824693077047,-6.625108195928195,0.463465820438441,-8.210718542474886,-4.345566878854744,-6.5561351881915435,-4.5682743096320415,-6.157897968621419,-3.2129865558237816,-1.5233735447828916,-8.212722738449434,-8.081800258284972,-7.727730794034094,-7.989560113538616,-2.4682215375865253,-5.0118005593988295,-3.3888676295454294,-1.1250026850170884,0.24661290831608257,-3.104737171867433,-6.71773382635071,0.873117120494405,-0.4250897284484075,-5.070113957768435,-0.9617852176260356,2.043547217560846,1.741672997671269,-0.6769633705831077,1.7641998051817747,-5.93492061982078,-0.44525656791508983,1.002274238445982,1.0,0.0,5896.008900660141,0.8113388003558181
114,-6.733849284978453,-1.933855241040034,-5.909538016971349,-6.439207182125572,-1.3722892761228316,-1.4521840899737901,0.4355059454450812,-7.870611781280493,-2.8941948248106133,1.2231740170042635,1.0752880541044054,-1.5268385594565743,0.8674339457144784,-2.0499849135943236,-1.3152695967939727,-5.906862239265243,-4.574415157586321,-0.4744392564153833,-0.6279557032735588,-6.030878934770275,0.656296305058206,-8.24749286329367,-4.196787230519527,-6.019154705722275,-4.276297946361127,-6.153628352640519,-3.0752970394073826,-1.8069791018714858,-7.3128710828756125,-8.301919811524865,-7.563501160843684,-8.08872437267075,-2.808335058302335,-5.199137804525844,-3.272606252513079,-0.6322622400589326,0.4013591215987164,-2.83007438730831,-6.418723070398363,0.4873194327295082,-1.0005785403760385,-5.5812985821804535,-0.9177522328317906,1.9084510492131543,1.3844387372638685,-1.2193473812198379,1.770987652846473,-5.952497585346909,-1.119728179535877,1.1969450400514867,1.0,0.0,5054.125091690891,0.875628408512782
115,-6.64177706773252,-2.681805264756994,-6.303852906444427,-6.139803651873166,-1.6133658894940346,-1.1759252181230155,0.1976756183259506,-7.514485854125956,-2.8441623333357438,1.1917764927173171,1.3331979290096452,-1.7143211409537626,0.981846092146587,-1.9284338637928282,-1.614861080503865,-5.844057534212819,-5.001512855038826,-0.7632603221364166,-1.193597425866192,-6.547540875262501,0.18145083262200218,-8.15967204102139,-4.325929765165545,-6.272034276469351,-4.189927907100615,-6.639699671413872,-2.9481392945675715,-1.879345611682765,-7.756538381162783,-8.215782694867269,-7.639393803754073,-7.80461603676764,-2.775567120966734,-4.37144521550238,-3.4998222069708746,-0.6417460993323747,0.4779216199221641,-3.016558514010419,-6.325096798043425,0.3394928741708614,-0.1498485690400222,-5.361861625648532,-0.6215783322485651,1.6106496687846934,1.94872420961104,-1.2913416918638232,1.5761644837669055,-5.969768158719908,-0.8035250855989153,1.2124961681454205,1.0,0.0,5084.448260034716,0.9402191270890868
116,-6.588086583736368,-2.2138618007234805,-6.113286584520601,-5.931182164119587,-1.3427493663658312,-1.9017073536457287,0.34275650342609587,-7.930922217673659,-2.8313809645801227,1.4018663965314195,1.4445577186534984,-2.0625198941190517,0.9981738469385003,-1.6049225165679146,-1.3744857625048907,-6.094459106371495,-4.880159448859247,-0.7386110403179339,-1.0709583269219978,-6.066360583482997,0.5835857859789186,-7.831019839963927,-4.233156523403017,-5.811166314586833,-4.702521219418837,-6.412408837825592,-3.3779514323743434,-1.4542023012534138,-7.476449514631189,-8.140783877798109,-7.6993996961912305,-8.113543388945073,-2.972020194433906,-4.546333608775569,-3.3503487309877817,-1.0946185994217714,0.5003442185646337,-2.522945586551721,-7.1722102303472965,0.5930964606916762,-1.1078983692264823,-5.173323450191605,-0.9611541466037917,1.2312003941847598,1.9319971962330693,-1.2369823799665172,1.3778439705751084,-6.0523504059734865,-0.9816766374538765,1.0530646887866997,1.0,0.0,5297.7373096973615,0.834673428786165
117,-6.772695548493371,-2.0446992827245056,-6.496122108350122,-6.180648692360913,-2.0377167384210293,-1.6172300969676372,0.8096834134850621,-7.768367447512346,-2.7983030015941046,1.1741102965420933,1.049818010019889,-1.5748718891930829,0.7559541312641579,-1.928774417651908,-1.8246070344187741,-5.927331270345307,-5.013880974970342,-0.3461269186008311,-0.8909909015307539,-6.1245436616479365,0.37190743860989994,-8.18250099108864,-4.359870446383072,-5.726429844472496,-4.969060638219672,-6.402587515626486,-3.3269277123430308,-1.5011517856392005,-7.56749982307875,-8.289094651471897,-7.807180286565785,-8.249863759755494,-2.4606442222707745,-4.701339021890033,-3.4934609895249404,-0.5099069430087415,0.5749650587559276,-2.7980795122959505,-6.3051956228198796,0.6494815411663204,0.09130750632088946,-5.00739187915315,-0.3952450858335056,1.592795529048865,1.7032649138661857,-0.9972130112940664,1.5542827769188423,-5.520940850549911,-0.455922173112312,1.3084285827758677,1.0,0.0,5341.498283907075,0.8333358336680237
118,-6.4568781906418895,-2.15234634068272,-6.257609663780464,-6.077438079287084,-2.0375873836204965,-1.5357771355676446,0.0914454482038184,-8.063103540390603,-2.522119728165064,1.6567671509662247,1.3253777745862447,-1.9026195458072501,0.6636406666077289,-2.476494739182806,-2.108684973052912,-6.218016899540447,-4.814021254480198,-0.159932384003713,-1.1291214822067515,-5.729884238355133,0.645075475100251,-7.888981725095268,-4.324991344406343,-6.626559035029489,-4.549668864252896,-6.247682145870894,-3.1911035798566285,-1.7425497310524882,-7.480144361306732,-8.217161859294269,-7.785604362282681,-8.254864726969279,-2.2257941129975123,-4.8247362847529764,-3.610948676417891,-0.7715502643774523,0.19477297703957275,-2.5362871441223045,-6.412961531293862,0.6373535911018011,-0.07525177943616723,-5.195866464321035,-0.8803414874439349,1.7997192556265376,1.6808420291536723,-0.95131468693778,1.225940850069236,-5.82279748043191,-0.9277064455494275,0.7473614345296841,1.0,0.0,5222.169545798028,0.9009947610299494
119,-6.466224999360627,-1.8795410399114953,-6.122420292448876,-6.47857737845632,-1.603778389544998,-1.5788145039504096,-0.22582483015737337,-7.736582071321054,-2.8117682943061837,1.6210494452134903,1.342842029755463,-1.7378066606254443,0.711164126559586,-1.549029303099726,-1.3989341516905682,-5.437065591639048,-4.576140755330617,-0.7279640164170608,-1.0558734012277968,-5.821480151825964,0.2081664104220332,-7.712169403690397,-4.026568237869632,-6.279082666273281,-4.411344946341601,-6.306117456622124,-3.4128239454201736,-1.9651180303229692,-7.275378159537846,-8.589244936800839,-7.388706346066307,-7.976728047995199,-2.408926344300857,-4.6952563427651315,-3.385055841548109,-0.5095025753939555,0.5720793832595205,-2.798875328793736,-6.341949080671219,0.3837347893894023,-0.18498212469438058,-5.105448532829995,-0.5348021177768808,1.6545517800062053,1.9294488361686233,-1.1908597440083604,1.4278350665053892,-5.212645535906805,-1.1355462234930034,1.140672399925162,1.0,0.0,4283.010360471938,0.9010472415484045
120,-6.804527597871165,-1.8344529949751165,-6.131305443646115,-6.0249597532166375,-1.3433377480529232,-1.4425748818914421,0.39337835597083404,-8.196046070484288,-2.8567729352526445,1.4998089707760658,1.1991896678348066,-2.0439153217211588,0.8819677173308609,-1.7105780690872194,-1.5169046794458638,-5.718216061118563,-4.781456570839683,-0.2368729933855821,-0.28399202972285126,-5.949316548319096,0.18927615282721094,-7.686668104500826,-4.12395688682948,-5.63713745763692,-4.286066148116355,-6.074542835297603,-3.003056595117073,-1.712795020805617,-7.270177847711844,-8.666080547583768,-7.843794648301204,-8.124902763918925,-2.3473117806056427,-4.980957706268338,-3.2085044852504705,-1.1732624988046139,0.41030633301261016,-3.09073471144023,-6.3586539108328255,0.10125106730805394,-0.3300614610138361,-5.1593547201603345,-0.4648177157997355,1.8504473464212408,1.7019227780299064,-1.2508463967964099,1.932462434984932,-5.945331824498795,-1.2888136865985764,1.0362471062858232,1.0,0.0,4699.749242805555,0.9205361821247511
121,-6.478520940225753,-1.9425250951962219,-5.837642580453941,-5.781130477560372,-1.4939090344686883,-1.4767500532598807,0.4160303961997356,-7.931530502583524,-2.526674898305484,1.2651206736629919,1.4043646938895529,-1.6194990470934258,0.8484499949861686,-1.3700699523077087,-1.6374703274469091,-6.115128516936564,-5.218253404538753,-0.8080361772328629,-0.6010481722643671,-5.938350371439964,0.41466963881618735,-7.484851703583685,-3.766158639468875,-6.533650157792698,-4.78661602777961,-5.997614997554744,-3.707866928667018,-1.595399348496278,-7.529390872325531,-8.081777092687082,-8.08491754189961,-7.616864126618252,-2.5549141849148413,-4.6120408514889855,-3.360851501727403,-0.9051180868534829,0.4554293001039427,-2.3246450671262786,-6.331966104759452,0.4724417604526554,-0.5460483374161419,-4.988911921803236,-0.475609087922481,1.1859747219192105,1.7634570247000303,-1.2950589053302348,1.5576143654503416,-5.999361563770124,-0.8423698509192743,0.7128458858033693,1.0,0.0,4189.6999880337435,0.96139204087478
122,-6.585414153399905,-2.5688633677418773,-6.3563929981404375,-6.373010153031039,-1.3731445010419476,-1.350081557412264,0.27818888586954416,-8.00833081786252,-2.7382733384373936,1.1333871895842722,0.9878009749266989,-1.6350254728764868,0.863801192150649,-2.1499461584675563,-1.3146964859192556,-5.992759382004132,-4.83356846829034,-0.9146346853968931,-0.6890766707405571,-6.096519980126732,-0.008944717727671692,-8.288252449985915,-4.550410359455245,-5.970471034121436,-4.438372015527761,-5.796110151882128,-3.115947592617776,-1.7672155148355702,-6.987808830350465,-8.276646970725892,-7.290473039408984,-8.027765371552155,-2.6334613365223234,-4.364859784269703,-3.378114788946549,-1.0274582946012234,-0.0852678672007613,-2.823206360994141,-6.583471184239828,0.7597005697584125,-0.7835154505471166,-4.966964993132207,-1.0864807970869823,1.7504588410835624,1.8035634750443856,-1.3186640286690918,1.2401078000982069,-6.254296856115406,-0.7195893134127501,0.7193402584112896,1.0,0.0,4673.219100797596,0.9376465117235208
123,-6.559031995662895,-2.67162801830679,-5.974174508910993,-6.130691973160236,-1.1649425237046211,-1.3704173176968721,-0.221928555842635,-7.822505243628281,-3.028435466969564,1.1745798560755185,0.8022006934587385,-1.500053021556916,0.6521054909405295,-1.7618160463112664,-1.7838876969426187,-5.747401193814301,-4.748099432468773,-0.9611024390353551,-0.34648588032029515,-5.98751277231979,0.6660645865537267,-7.865989146098662,-4.369472371260903,-6.3107705419670435,-4.364741740443361,-6.3470496744976135,-3.668075055382744,-1.6943584306338215,-7.649249925452838,-8.668225560889717,-7.607967124432264,-8.404933035450291,-2.2479458373788974,-4.666699849626994,-3.4378887020733875,-0.9155365438207672,-0.13287247444465405,-2.6400965618373124,-6.030301252670249,0.4493785479388198,-0.27151017792869425,-5.059045373123009,-0.49047169856281236,1.2450886381538635,1.5675320541410787,-1.397725844848496,1.4100680510488453,-5.795745947668916,-0.8850519103569658,1.0466820186061796,1.0,0.0,4811.517890501491,0.9160944670287408
124,-6.417766705181463,-2.368139360876055,-6.593572898677167,-5.862858874671282,-1.3970587430596753,-1.1063068753983925,0.1907497630135893,-8.186016265222753,-2.6099496903630057,1.2325248331264118,1.83199273401147,-1.886383636316787,1.3546573849785213,-1.7273248545099822,-1.6084167985089626,-5.583610246908931,-5.167771558257374,-0.9276555380412237,-1.0295477454642343,-5.973431671395304,0.11247718860243969,-7.99292949647917,-4.012064902312064,-6.044671700540489,-4.3102401539200335,-6.281034794425344,-3.116310057073859,-2.0112377040162017,-7.576246178813118,-8.181248404776698,-7.649161693657442,-8.14318641476293,-2.4435965151430317,-4.622726574784586,-3.4610892575730974,-1.0513001786040073,0.29807574444375484,-2.6952029411008716,-6.6000180146753715,0.5896241045347903,-0.24840509432256636,-5.587681560298924,-0.8634837167362039,1.5751141277336516,1.6484612160725185,-0.7938585633761243,1.6630758541220307,-5.767710382465504,-1.1627719271018429,0.7811955854366248,1.0,0.0,4900.859073767098,0.9372642426883422
125,-6.206028264576947,-1.7747260570630228,-6.272832751839175,-5.749593473249768,-1.6160952465092897,-1.3507356888027697,-0.16124063124060856,-8.05359965037424,-2.5632650529728704,1.0308930993746364,1.35887601499473,-1.4685537981393089,0.765863318618387,-1.9095032434928783,-1.312791030218745,-5.841191101841545,-4.903092412832282,-0.14296908598111435,-0.9485860425619952,-6.512551744903411,0.2673401520834979,-7.7045850404618506,-4.133404332659628,-6.293462032828683,-3.9693774463240366,-6.7339015610099935,-3.456509428626198,-1.7078697751251868,-7.765574347732544,-8.215198414806798,-7.608282165738807,-8.049222346714744,-2.4705693091043406,-4.276612633966697,-3.436042498257555,-0.8264825905104795,0.2779241994979567,-2.8565550630126566,-6.560191337342421,0.7290682326953065,-0.4207633044780646,-5.356592462924743,-1.1147876247532151,1.6514939912722326,1.4621820338237352,-0.9640704845185213,1.648543076070353,-5.823097988383536,-0.8690116302709476,0.9941251389102936,1.0,0.0,4863.367714701624,0.8613621936321039
126,-6.617621887529935,-2.0656986481861503,-6.411711393051984,-6.120971526840029,-1.6080647408982593,-1.6439652582211548,0.13125569663905245,-7.97329043109861,-2.9008508985440686,1.6021201671953789,1.0075803147541644,-1.6261533981166925,0.5825629146400718,-1.8497985730523026,-1.8103523162117883,-5.894892907591915,-5.498581988529378,-0.4054649902857021,-1.082330061867106,-6.033329498194841,0.1569089635438155,-7.997895448319743,-4.505372229085538,-6.874711835265861,-4.397473764256517,-6.308564415189267,-3.8792422473731816,-1.5035445842615873,-7.070466970887019,-8.266718043442415,-7.897531763288312,-8.375247221318565,-2.780373488503561,-4.520846448589316,-3.5090658898070597,-0.8330675495708686,0.26926599194718603,-2.8815827477822746,-6.302662792478206,0.9015546051092351,-0.27399936330994834,-5.290888085858833,-0.21411724371598662,1.926792554663332,1.7906530561112888,-1.40513442498955,1.715747603928471,-6.2844700195503975,-0.7478462469443455,1.2392573171539223,1.0,0.0,5905.005860848942,0.8687398445682397
127,-6.59330788960605,-1.8520260074140458,-6.483528080614342,-5.707850291832639,-1.3715192583948983,-1.802263367820406,-0.017015257732825667,-7.964317429893126,-2.5285025433712525,1.4923443105596919,1.1120902874783232,-2.2122233985134723,0.8737828102916185,-2.091615625262294,-1.6976514053958882,-6.024341259232886,-4.8026336172481905,-0.6151949792764216,-0.6534299914493401,-6.342111305538134,0.3573237401122591,-7.5604706037450695,-3.9584725463757047,-6.009961476745148,-4.648594583600154,-6.454588442223738,-3.535170870885796,-1.8265251957674242,-7.2059801226402,-8.315472776591394,-7.801601191588254,-8.274296384044856,-2.288358005322404,-4.663765678614271,-3.009253070514558,-0.7567075055434153,0.39154136160242103,-2.924146782982455,-6.902057299576848,0.3821026767497854,-0.06337791887492938,-5.337689550730882,-0.3142637989524663,1.6918621971787529,1.3827271210185579,-0.9594722482586263,1.3905549684875445,-5.877437384952571,-0.9722241612295598,1.0814741364786051,1.0,0.0,5133.25719065111,0.8433700138670016
128,-6.552909452443378,-2.4366829664895384,-6.113457357043252,-6.172327993711682,-1.1821730853436092,-1.599438393662483,-0.049783088479450566,-7.8079619725143905,-2.9283382177232524,1.7610527119864978,1.4987743151298052,-1.797107232419877,1.0653243617255221,-1.8993288958598757,-1.4597348045901306,-6.086252465561022,-4.853061876871371,-0.7527813679295058,-0.7586725370772721,-6.133112156858038,0.0554246390942886,-7.63862326930892,-3.866695400119726,-6.158327500487615,-4.509686309424927,-6.046819952320429,-3.042311289468152,-1.88318350290357,-7.228690629454617,-8.51025604081776,-7.751876766526869,-8.292985800956211,-2.7329865034860523,-4.739080214043023,-3.25492125036751,-1.1349483225033907,0.845135109129769,-2.7724977132238475,-6.613463648639857,0.36447812945253444,-0.033547148287539796,-4.620661611410057,-0.7223804647735056,1.5774904875065985,1.5223303102994665,-1.4845612856467618,1.627048695280419,-5.714973791084946,-0.6783445174863344,1.2541932330213843,1.0,0.0,4865.545141407052,0.8558056688138777
129,-6.576145038902025,-1.9482245779090155,-6.286906137867181,-6.16447247381021,-1.3878091521719245,-1.395229158564655,0.12760783531626327,-7.984227647469479,-2.435617731322507,1.5063897777821358,1.1693247155779838,-1.8580098236924925,0.9443357388682032,-1.7057383584674477,-1.598197590913304,-5.990367293096782,-4.753285241265362,-0.7315779977375352,-0.8640318190911743,-6.099590413087034,0.8488546967940774,-7.805829717918709,-4.272700137378536,-6.234991474275715,-4.291283898731993,-6.116382618516613,-3.5696790828535323,-1.390959036800187,-7.295689674701674,-8.107289117671666,-7.321644219060576,-8.139457851697717,-2.615313686350113,-4.606477609322498,-3.0653416293077145,-0.9433246338920098,0.37459700518381683,-2.8236522838431957,-6.543321744618974,0.3533757524681549,-0.2576999239942196,-4.838829203560254,-0.6554293220877976,1.845096103556337,1.7109600926332762,-1.3260228633257043,1.197189851726682,-5.625059558702872,-0.8579501423006836,0.611423495096105,1.0,0.0,4398.355187259752,0.9198854635323527
130,-6.321389020335478,-2.4258447423722367,-6.335864719265595,-6.1056172899885865,-1.5444839131515429,-1.2535776758966788,0.3305610512354913,-7.572793642271058,-2.619711938877283,1.667108460874938,1.2281337922857976,-1.4694833268858707,0.5136879035359833,-1.5766087976279262,-0.9866644377350107,-5.711629390588291,-4.613071189001834,-0.6703824551203285,-0.5014196777319359,-5.595662278604762,0.5341673622430441,-7.3461185270153795,-3.9435171903272557,-6.164382216137572,-4.735573738364055,-5.928204363777419,-3.2005268713313613,-2.081712207932372,-7.756939951300091,-8.50759307595562,-7.412964416988317,-8.284268864154377,-2.7030564072029244,-4.6362196760276655,-3.432755734004121,-1.0138400017750306,0.21380445787570174,-2.7244551714405265,-6.451527816894807,0.7814472063806368,-0.4710358603322997,-5.306672805832212,-0.4871263419396896,1.676833872539184,1.439740708837439,-1.0819126245503032,1.624633796225809,-5.429017046122957,-0.8639344050573003,1.1054315137129236,1.0,1.0,5477.759585515259,0.07368395195606015
131,-6.385651971416159,-1.9430736315975499,-6.348469995097648,-6.221745796796169,-1.7215619442565546,-1.1770095845285633,0.4361582036386702,-7.800670237795218,-2.7575977898413857,1.2769519223121508,1.6445352749754047,-1.6553495363207846,0.697641434157718,-1.7369959931186443,-1.3732672998377895,-6.2431341952206605,-4.764716323812755,-0.6697776791329644,-0.6484988484449506,-6.307164817898651,0.3844749794390525,-8.219445578135533,-4.428536329138985,-6.370156054296618,-4.300785246169769,-5.949840883468643,-3.845577682469491,-1.9098143835133075,-7.9018768872584415,-8.229557604810426,-7.323857865047578,-8.207668463109389,-2.5530625716326,-4.318018652320739,-3.555259711636476,-0.810422974076726,0.552269234602885,-2.5917204294776055,-6.276566680155958,0.45083709044297643,-0.41614498590690585,-5.231564999201941,-0.6844096644420041,1.8918350812754474,1.7953134557585708,-1.1752760424700477,1.9802677807968232,-5.688960154437082,-0.6238701660129436,1.4017792331186976,1.0,1.0,5990.434541374332,0.3469609381436226
132,-6.464682192598296,-2.253249256057335,-6.386296816735009,-6.093603417945035,-1.661912741601802,-1.5308053946200078,-0.10370008655980767,-7.91595714115105,-2.86295715322769,1.0637979733319436,1.1523403358284565,-1.2276490283946422,1.0720838110528048,-2.0053982984388847,-1.7805497272111193,-5.845419520812665,-5.000623328291818,-0.9658017739141075,-0.4311902036736282,-6.238972656859692,0.6945870847629774,-7.836582627379633,-4.537698556702034,-6.1287892448249215,-4.792734115663341,-6.241727834359539,-3.0569367209960365,-1.9257220676693225,-7.364306702772294,-8.326697879030405,-7.416469464489072,-7.7918508434748235,-2.4651083438672896,-5.005665839211971,-3.441318978333582,-0.6372973960291002,-0.04712827254017682,-2.794781046571511,-6.120313018174878,0.5547588543804833,-0.9972012998453051,-5.570929587686697,-0.8442815436804838,1.476590381021613,1.762276012016957,-1.1809313890750075,1.8530060925567566,-5.935995188031187,-0.684827815755659,1.008399388573048,1.0,1.0,5769.161365590903,0.3446902106637151
133,-6.390509031535154,-2.1942398021974614,-6.641297616786097,-6.164062146105356,-1.0659653692499824,-1.4236391699291044,0.4763800114890561,-8.093739320564408,-2.730535581723555,1.1422526228846133,1.2563235397606918,-1.8115676538584078,1.119400443331321,-1.7871127392773427,-1.4478583795320406,-5.7135306157925,-4.981852893304827,-0.3156431123546153,-0.6857699774217758,-6.249697743224337,0.18349514757954624,-7.9716218198636675,-4.576569090409196,-6.280026198428184,-4.623611598771641,-5.7766237837823775,-3.3871499766231272,-1.4477301437197223,-7.254793303753662,-8.276977692173864,-7.471488174245619,-7.977121662213604,-2.5732727937424684,-4.853545606854452,-3.4371505173848127,-0.2951790064632186,0.7053789878057912,-3.1248802234441353,-6.578950115956664,0.6779499558322295,-0.6719813419943055,-5.609563260412991,-0.5763801051525484,1.810829463170318,1.401768892314971,-0.8147658503246062,1.6198627121929527,-6.354154075934294,-1.0196123602192886,0.9639514759700124,1.0,1.0,5991.895296243856,0.394948078120245
134,-6.740626678634983,-2.2560008003430965,-6.489402089872196,-5.897008076083433,-1.227365674873114,-1.4264756372317298,0.47137754846188845,-8.347111552013928,-2.8737671413650814,1.1914654013375228,1.327680995082055,-1.3743712138419117,0.9753824012390871,-1.5544403634092259,-1.5370303899622795,-6.015086508864529,-4.889172436985859,-0.5292877141501997,-0.7406579040112459,-6.23327528295231,0.16955799228466845,-7.705650638151194,-3.728439216644956,-6.369838665622856,-4.325797110128359,-6.045589490892391,-3.408926112006457,-1.9036864605350403,-7.621143868637764,-8.174448791588773,-7.280463090721085,-8.010117073307539,-2.422939490776809,-4.750355956830723,-3.853021017363432,-0.6513134564968781,0.15470939935830616,-3.3290342048860695,-6.018825763167967,0.44230390982878676,-0.5336691289695519,-5.456628294644454,-0.5351125580910537,1.8549049160454072,1.2740075014155723,-0.8899393277085899,1.7726189586036851,-5.342579886171032,-1.1789563159156895,0.8921380186449286,1.0,1.0,5565.947575155083,0.3406642322366624
135,-6.5536694469177625,-2.165803108861491,-6.248591400899833,-5.831507469925498,-1.1587544070413691,-1.6282707801438856,0.03599575457589993,-8.292462591436223,-2.8212351028723877,1.6097822312177372,0.9666477956590038,-1.6600502952891958,0.5352686073201636,-1.7626143126619334,-1.4663140025625379,-6.067182930840669,-4.7151349328210195,-0.6877184916877183,-0.47147973765947865,-5.908482814427232,0.20342417666853357,-7.562718647298556,-3.9840021467128635,-6.043359691944463,-4.146235325736805,-5.851610001336802,-3.327754556575393,-2.1502950346874767,-7.61828247097709,-8.209947162617643,-7.752044156075322,-8.453883858866833,-2.45378357953732,-5.132769428020701,-3.1670211940864346,-1.0790095564136273,0.7475207640891022,-3.0096612807152323,-7.030129552776861,0.48055818878036743,-0.018477196534427587,-5.12095258360386,-0.7068829736854735,1.7526245401303011,1.382823175061547,-1.0843249620357915,1.2239429661502785,-5.876173691185853,-0.8811123229052059,1.1262610682882352,1.0,1.0,5924.263994058624,0.24980897837797222
136,-6.445500083891677,-1.9666950146728994,-6.509623818123839,-5.803608607036537,-1.365597271354484,-1.1161757601331934,0.13596245368985993,-7.715662743925813,-2.348724202069994,1.4991239223467083,1.3316801720835911,-1.7894338428142995,0.8646571138812194,-1.835209023451847,-1.415428149447208,-6.016636784784469,-5.147667896173802,-0.7073735671266214,-0.5330789321830685,-6.234596584418752,0.39521482694484517,-8.09700896314522,-4.559689295034017,-6.2794895523261465,-3.9290243374153353,-5.841056916651535,-3.1670823766802427,-2.005502418738165,-7.64127077090251,-8.203550403862472,-7.82194452709675,-7.984353669591548,-2.411425477820167,-4.306349472062747,-3.4510825591427166,-0.7394931489277329,0.22061771195793145,-2.779739429757833,-6.17639781167875,1.000359459290355,-0.6316408193584839,-5.1563367999811245,-0.7756758363691612,1.4759200715540897,1.8968371552410612,-1.2583595949985884,1.293735629479858,-6.219854640526172,-0.9033594904006874,0.9854613306722015,1.0,1.0,5546.551057032687,0.3410810455702466
137,-6.428799347251878,-1.9417087699773485,-6.446936447552263,-6.216688778384714,-1.2909669129219008,-1.2144269416594635,0.2841702690277754,-8.21532302634315,-2.8223159131797257,1.1025886026666876,0.694982476847401,-1.7992823995036495,0.8063113301599567,-1.7053193475773378,-2.1666322017949042,-5.870891487956058,-4.621928497323716,-0.7113724639816497,-0.9586024371281029,-5.776680434938551,0.37469360226894943,-7.940241658590439,-4.266464868597745,-6.031795549579289,-4.129625320323419,-6.230200606465565,-3.226718865605644,-1.8110417508973067,-7.634785638902196,-8.156346389642943,-7.3371542357060955,-8.040149441346287,-2.372597707601784,-5.060533682919977,-3.5151385908705306,-1.1252997070839372,0.7002760303305737,-2.6700557872636077,-6.624705140315143,0.1424209884469076,-0.32279983388293154,-5.540450667152852,-0.8415001338637358,1.3025788977646575,0.918386960636095,-1.1315966787260423,2.0230558817785296,-5.981120077769954,-1.1403972552375585,1.444184289703412,1.0,1.0,5214.243029788752,0.7147113304937078
138,-6.359957130447487,-2.089064544742007,-6.322602138593941,-6.345335361912629,-1.192638512306801,-1.4147646884845506,-0.09775252396228706,-7.661251138060875,-2.736266269248212,1.2382343196485448,1.0869144357531095,-1.2384451512773558,0.6971029545832359,-2.369721240647808,-1.6127092705874877,-6.137624786064248,-4.7546442106668385,-0.7384908242201564,-0.9748530652060716,-5.978814140021062,0.39918312505971354,-7.683131223681726,-4.085702556129403,-5.84309363670622,-4.24100039637536,-6.210402642432522,-3.7212226939968414,-1.3557419677905693,-7.2961820709448935,-8.460694372231268,-7.659126878734051,-7.870683653129745,-2.6895662817347703,-4.789511568848201,-3.550148328816256,-0.6768942302274163,0.1307693120214476,-2.3453867945207367,-6.313114371322763,0.5761795265047969,-0.39734954317393323,-5.229793089236137,-0.8723449425608997,1.408823388181685,1.5586515026935706,-1.6120514378994026,1.5524663257650282,-5.6136496814688055,-0.9839414414478453,1.2066508809583478,1.0,1.0,4711.433633105141,0.7553280145631037
139,-6.869323115506481,-2.2609109652512913,-6.349327922797829,-5.631136578266137,-1.7288261747237383,-1.2671744735260304,0.4889300024719587,-8.148623286512276,-2.2185729720756355,0.9625758534214277,1.723965970359847,-1.4428811294249266,0.8708015735581033,-2.1412070072387657,-1.769870552268197,-6.000799862804993,-4.664832888437935,-0.5859357673604706,-0.6980082157053575,-5.93787765502562,0.049438229669110934,-7.530987339662982,-3.9839248613409994,-6.0083077476608056,-4.458577194127269,-6.618695452034333,-3.0999213421141407,-1.669768718538994,-7.320628231235407,-8.283346867239908,-7.762670281474075,-7.945141903672633,-2.6453088725782736,-4.902070347120779,-3.5604917621593892,-0.852912574094784,0.3515442125864495,-2.719047191558627,-6.604315340080336,0.5719661166720282,-0.319317079679098,-5.59100099035257,-0.5881750972963222,2.238589461356672,1.691002943428942,-1.2212882194541406,1.6533003585525692,-5.618272896759334,-1.158978260593172,1.050885380183257,1.0,1.0,5630.221705751339,0.40146934070746926
140,-6.563947693873483,-1.7035886758759127,-6.360409568507058,-5.978162913713287,-1.3403676937401148,-1.244759372979965,-0.08889312749424955,-7.624196198257762,-2.8326171644123668,0.9208173787809208,0.9511377549997693,-1.8967893866209853,0.5906376131767996,-1.8405659722820034,-1.3464646840738506,-5.680949650251878,-4.767443613302964,-1.0289862794725102,-0.4696985494159966,-6.1530328000383765,0.5660795156333669,-7.786491804414204,-4.10010680633763,-6.261018843051161,-3.7630425567634727,-6.400773605425583,-2.971202543682507,-1.4614288894903151,-7.462733286757826,-8.260078473537943,-7.583738016038981,-8.310104572234248,-2.6650803192741077,-4.49029007589225,-3.909766980625047,-0.342967710435039,0.19383925025838156,-2.8375534886263645,-6.3642491996129005,0.2821558759950502,-0.0920758227988333,-5.389003377688918,-0.7980249116691052,1.32251171233733,1.7685710170473115,-1.330412466795463,1.3895649337625493,-5.831045731330362,-0.7328799666704024,0.8477107477435712,1.0,1.0,5052.468469232277,0.499162361433689
141,-6.032508241999842,-2.187771934843369,-5.902014571719785,-5.685363279989384,-1.7357840301215866,-1.336080147488504,0.3017735664235619,-8.116750945999273,-3.027017737674322,1.2837868236034506,1.266675671517344,-1.163756217927163,0.7885853205432845,-1.760155665926958,-1.5798290870984806,-5.942103430529333,-5.0620671053401844,-0.3626836129216311,-0.49511940655556314,-6.037042066928653,0.5016349408764116,-8.030134398567597,-4.264710791298961,-6.146265331608897,-4.080866304141114,-6.150193638910921,-3.5968551510627935,-1.5814205927731009,-7.339824753589664,-8.34962697809415,-7.682442947648065,-8.376950167720633,-2.514679502070121,-5.1894725013830465,-3.2270196751792497,-1.1263613642909036,-0.18479055145764778,-2.4890108165224705,-6.189604086158307,0.6554673576851258,-0.056948808778307214,-4.989254528450043,-0.9188525067305894,1.6460700356195437,1.7598174763676733,-0.8199022049233364,1.9750869271714138,-5.716053561170343,-0.36721514990939325,0.9329351401409616,1.0,1.0,5835.295477864876,0.09249471606343658
142,-6.6690283854400265,-2.235348015355844,-5.953814145568877,-6.148225654402307,-1.4737638476321158,-1.437082186844834,0.27528899488681396,-8.495574311681075,-2.580672375382122,1.48432378601725,1.3620963853337131,-1.5613295903686382,0.37830937170743056,-1.8435970338885797,-2.0082342750719704,-5.861785468244319,-4.623027586486322,-0.9119099582520759,-0.445963386764143,-6.12934763435453,0.37943424749134896,-7.785144117087799,-4.198051372386987,-6.502521419010442,-4.39833292831064,-6.362771077861984,-3.3477524565782533,-1.9876274006134043,-7.244873992933142,-8.468815274871037,-7.605119967437581,-8.130022197714768,-2.8738856834962268,-4.7523815315450495,-3.182513609370531,-0.8268327684906204,-0.3544114441418629,-2.8089200412146984,-6.2840904689876576,0.3038014054095899,-0.4911555145855615,-5.379874897456652,-0.21176349103046543,1.6055833036563325,1.7496763742690309,-1.2113744410103349,1.9818218460910186,-5.757557075333472,-0.9716746093283265,0.8420390793737551,1.0,1.0,6113.288442667391,0.25382838545625674
143,-7.003571565919475,-2.270893147346497,-6.40128301169591,-6.027726343715017,-1.3004548640267446,-1.3480517871733273,0.466139861118964,-8.007504594345985,-2.8534507609257975,1.3200216465566237,1.2920260096070515,-1.701285735140213,0.7510596949857036,-1.76594202390039,-1.8107363405978214,-6.053872492495593,-4.43775912765295,-1.0531754088368221,-0.12643437176596684,-6.056714372032563,0.2586644066125205,-8.034688806825697,-4.21899407549604,-6.202102449702573,-4.306339986656464,-6.127468625642048,-3.538020885310965,-1.8754280001114683,-7.61381637874842,-8.957143393567874,-7.503589823927948,-7.759226740016148,-2.809846219936065,-4.3677216073768195,-3.680458950458295,-0.6921616374467194,-0.07478460573779061,-2.8108197457970454,-6.218062584522559,0.6925426365014848,-0.561355450249054,-5.428382585778423,-0.9237831742445032,1.2531565007618084,1.5736746047812558,-1.8396059926429131,2.0565568977603936,-6.462185534699896,-0.6018368803932347,0.7658366549945163,1.0,1.0,6342.436810807756,0.33186096956290545
144,-6.439870341006795,-1.9070224859225948,-6.705667981735835,-6.208897342048144,-1.5536619100701992,-1.1089706570100901,0.11328075768677678,-8.036207615646074,-3.0177157258933054,1.3991227671862128,1.0972288842311282,-1.8336709601270034,0.8666777089029422,-1.7037785212400847,-1.6406788645140495,-5.953899437588883,-4.492917142722063,-0.49225288657528427,-0.4929266216226575,-5.826023608810122,0.5054801458571417,-7.59912093103465,-4.1336780838028115,-5.701796733837594,-4.385013334159741,-6.19262708046892,-3.5239765576658337,-1.6176941948619656,-7.743664088121646,-8.266036495205134,-7.645419762084413,-8.512057388508275,-2.100832325919364,-4.512112322008994,-3.8763009368689314,-0.9263054934755891,0.40319922294439997,-2.4590152562250043,-6.546787643014903,0.3380411305607389,-0.5248644686721115,-5.212135670420404,-0.5967398913361084,1.4036620886600828,1.6062697552403902,-1.6205025023583577,2.1417529402715516,-5.65954147456936,-0.5762800572106727,1.0379477905806176,1.0,1.0,5210.314511216201,0.6930473263066927
145,-6.595513869528442,-1.6631928019265796,-6.535219695717025,-6.004636554306438,-1.65706113638133,-1.4195041798385848,0.1894231618766382,-8.756184280654557,-2.9984585362606055,1.3466738604126558,1.2985635795388426,-1.5648091445365504,0.9889101120956649,-1.4986076425216253,-1.4693502815158432,-5.803582586066524,-4.626390144523996,-0.4732247851626118,-0.853599053434848,-6.324505134142738,0.3329621987611921,-7.776743083841128,-4.000078048569112,-6.597093885141291,-4.381981705065515,-6.587850012841712,-3.406723531329767,-2.147097962111856,-7.239116556393808,-8.154848228773094,-7.258854431000427,-8.174725985265976,-2.803577287502419,-4.6803887379233,-3.502584541158069,-1.4407400970695643,0.4806402300761188,-2.963777312673057,-6.880218110407119,0.8413488252911847,-0.20113883729035123,-5.265856463030045,-1.4209215248686917,1.3549954875942052,1.9676312710062258,-1.4640241148748543,2.185797331950581,-6.100781225765925,-0.6497909326396798,0.8701635101470258,1.0,1.0,6781.299436141868,0.20036429231720537
146,-6.215070117952868,-2.264299327715501,-6.460844667721055,-5.82663558173476,-1.5069325271449856,-1.0248725146501554,0.1801545440197005,-7.842077005079335,-2.419304483299846,1.4362605493434333,1.452599859303433,-1.6606718271103564,1.2402941307664486,-1.923610049636702,-1.609339472087327,-5.976575154138335,-4.216876342287135,-1.168410674488179,-0.6725705239441107,-6.4480824187808325,0.4004470053576594,-8.039826173448505,-4.245128363164244,-5.88269135756431,-4.731160350717471,-6.0945950460083225,-3.2107655294921527,-1.5957903958217363,-7.68423008667123,-8.207977210711148,-7.9040405341740145,-7.892096640067194,-2.8592849720559648,-4.277718779839533,-3.5521837935463796,-1.2985785644162697,0.44581197056123445,-2.761521731148982,-6.149958699651071,0.1219583893665625,-0.29343847963047287,-5.214126978041977,-0.7080389525768329,1.925742361438124,1.8431388667599362,-1.1283212567706633,1.3315018285357914,-5.956678465271447,-0.7005977793461089,1.4046262344930327,1.0,1.0,5434.781580266336,0.3864274114101635
147,-6.217702674558929,-2.348378739495501,-6.27601914557865,-5.913444181095969,-1.510493815899858,-1.4797175891779162,-0.1522939637895907,-7.902539767561434,-2.7882691493850205,0.8703893798795954,1.2192608422249347,-1.568026356936856,1.1593809158809418,-1.4918205209315325,-1.7217990520366737,-5.588577968896503,-5.09618079198418,-0.7095872651488364,-0.6096739863638496,-5.844723158178679,0.6255913630427048,-8.045681238806205,-4.401552565504153,-5.75139124167261,-4.754456427850314,-5.869466902476959,-3.407664995818143,-1.7619203099227772,-7.68053531128629,-8.141593753358622,-7.226885887791899,-8.272492426431237,-2.1165904026786846,-4.4420574700318305,-3.7613750162333677,-0.8989692620703685,0.523229898605532,-2.888738450658073,-6.620029747439504,0.5019330989504233,-0.4087118219588063,-5.427191902896237,-0.47330595691114224,1.5997537050742723,1.9474749807851186,-1.4285425972009813,1.4862852159637487,-6.155296117882833,-0.5938754276385771,0.8796724440923275,1.0,1.0,4882.423192623315,0.7884478284885641
148,-6.584776606967285,-2.2329851318004743,-6.218958222259243,-5.689749371840092,-1.7824650647183558,-1.534652196464701,-0.14389748127668206,-8.067207936269986,-2.5215832040527473,1.3290116147577096,1.6491099607152138,-2.005395486408081,0.2449437505885661,-1.9446498649614095,-1.830537757087849,-5.6252872065739545,-5.218066716775467,-0.6405017698817395,-0.19039221775595516,-6.096733634152718,0.5686504650242965,-7.666954005699744,-3.9836143141862914,-6.0800988154497,-4.611218186155007,-6.005316790289001,-3.005928303438509,-1.837297555219227,-7.47036830466008,-8.10927099476143,-7.64881077377162,-7.884947287749577,-2.446906762446186,-4.551181648579827,-3.651749290270466,-1.0974619172038906,-0.09974530346665439,-2.7361653815698324,-6.5894685465793685,-0.01374667103634053,-0.43662528790591804,-4.968955642117133,-1.0553999442497222,1.3422567659554387,2.0443178936893807,-1.6814039991130907,1.5923022902275235,-6.101970967453468,-0.5966113500481309,0.6800307564362758,1.0,1.0,5262.13498272317,0.41558809540784747
149,-6.543671858913003,-2.234569994011102,-6.575083614907532,-6.2590632467527545,-1.2718389523053568,-1.4980199044307108,0.16491583221631184,-7.9362149010208904,-3.2429767194914034,1.5801636801891548,1.3101281347032254,-2.2891545148948405,0.7153956168996483,-2.040465446346697,-1.9723955399037587,-5.967058023505709,-4.8657708806010564,-0.3630032466057575,-0.42569865780418653,-5.941573029188236,0.4123355763061071,-7.60716151565689,-4.100858910780921,-6.3208151708804605,-4.262804476097686,-6.401539739156305,-3.678177033469826,-1.7576063711618275,-7.617939683488896,-8.179177250363379,-7.562980615293659,-8.301126385604856,-2.327023578779014,-4.708334020100821,-3.136390075416295,-0.5704218200451469,0.45129712037051906,-2.4549098697474503,-6.346164767989292,0.365956052281534,-0.2891722345916047,-5.339794209546833,-0.6331179338149256,1.6622378417731247,1.75771324845842,-1.6444478044867354,1.7895025970128695,-5.7115924916167495,-0.6583671666106826,1.2811863880098555,1.0,1.0,5766.651588143576,0.49031562061037415
150,-6.799871973401093,-1.8698287157096163,-6.5562892706753,-6.149729333295754,-1.0925551574001506,-1.8817239305238838,0.2239687146165867,-8.03565044558655,-2.911112599776951,1.5504659746542804,1.3606766230034393,-1.689643600786237,0.21771234266457595,-2.378073650760271,-1.6181081806703421,-6.117805871365717,-5.2159377852492845,-0.620346252869284,-1.1402135278342185,-6.056398074181787,0.5102187484650632,-8.273339495345201,-4.39756878640681,-6.218486553679038,-4.620376766785531,-5.905048019951168,-3.1945803062849274,-1.7118695274736127,-7.774625892235186,-8.038774395167698,-7.906327526365585,-8.032553819822152,-2.636655328619713,-4.611490145040189,-3.9302935153595144,-0.9913835556780407,0.30717116950696727,-2.3170634841793873,-6.784299257047868,0.4461712074664704,-0.3935325847275854,-5.072281970080076,-0.45443061848497657,1.992288520557984,1.6484085784122156,-1.2356829902419735,1.4471052620817397,-5.654960281388638,-0.9453186127460314,1.1104329213000137,1.0,1.0,7105.814832182855,0.096502932792259
151,-6.391273946828943,-1.9556809772925736,-6.503350419001633,-5.694948999882098,-1.4402302727481835,-1.6924996944124264,0.26946762590202566,-7.943311428891184,-3.4009982242366807,1.6125755084974696,1.2312414719996219,-1.2453689001201775,0.8547649177608863,-1.5331502544256501,-1.407270307691976,-5.4827732324611835,-4.912716304617914,-0.719557527036039,-0.5898174624163669,-5.429304818483612,0.19864701911065372,-7.833194823653542,-4.221973816587418,-6.391236922112646,-4.608323940156779,-6.293630870981047,-2.931705038882038,-1.0479462837508038,-7.44746818787498,-8.30414256120538,-7.7235211106343,-8.374164525792942,-2.5175774537196483,-4.837323593091895,-3.148231516669436,-1.0864161190872414,0.6195878120422063,-2.5059658117465085,-6.405182022769256,0.5262921473811234,-0.5227925661878522,-5.565730659279403,-0.49969350097979837,1.4138961916823056,1.7887223978981597,-1.354365368344771,1.7434106823916216,-5.4082084358971185,-0.6715830995150863,1.2015092435720711,1.0,1.0,4982.014714105993,0.6610726404054666
152,-6.655607336548538,-2.362267250661361,-6.170200682343697,-6.120927100680897,-1.5232755214496918,-1.3508816181038266,0.49607496569855397,-7.969579615724346,-2.8395827785248824,1.5561940664208735,1.249150026486706,-1.7712205768353277,1.141386127914477,-1.9203362509116584,-1.5424247294544362,-5.995595405977034,-4.520137800589445,-0.5290448171799205,-0.9558496721793253,-6.016326394550019,-0.10213227537872743,-7.781278927876501,-4.509259608297908,-6.17395407281821,-4.545799556955399,-6.246151890510185,-3.349284432428789,-1.6010088066414634,-7.473074093107912,-8.3833905441689,-7.1148565226370994,-8.285466041873876,-2.6966019513263526,-4.823584045580362,-3.275698293287748,-0.9720962989583041,0.32195190529702433,-2.870184306230211,-6.404818720514386,0.5555260070784233,-0.3269445336650191,-5.34898145093624,-0.6775863755929099,1.7922757416468063,1.638142335090602,-1.152390179507668,1.4847473761669447,-5.881545139228478,-0.7496944205724008,1.243717782379249,1.0,1.0,5602.849687789675,0.48244810272874195
153,-6.840651266846142,-2.9436123354150254,-6.14591198131913,-5.867443123792164,-1.4635728077846646,-1.4834579521894173,0.25426205646641314,-7.977998935177653,-2.6395214078390867,1.2155946885326512,1.0828099019734314,-1.415208847699687,0.6954305049550745,-1.7994129002655803,-1.4409962137152805,-5.909769226682745,-4.999641736027049,-0.46167120275531504,-0.8794477567893463,-5.968379592806019,0.41731628739872306,-7.768039707235936,-4.095137741479756,-6.223875976245262,-4.664526587315895,-6.323851891478443,-3.232848563989295,-1.7224320386472003,-7.286751076669058,-8.509610208660751,-7.28798551688977,-8.063991750576117,-2.7037903986968064,-4.852860262404657,-3.889677076391823,-0.8010104212993261,-0.13918790901999412,-2.5002732620987067,-6.5577974384375,0.6367172531214438,-0.4295872182963446,-4.973239648532775,-0.5259406433338163,1.5503717525678065,1.060770499680591,-1.5759998546103973,2.086754781713933,-5.522456908001901,-0.987815267787699,1.0338111070398806,1.0,1.0,5470.44245573627,0.43605440517317196
154,-6.641223304065578,-2.0973972315445044,-6.352070567158948,-6.059367791765417,-1.303608324441956,-1.777356620842995,0.451193633907128,-8.083735199378657,-2.4179496903747326,1.4354995736513276,1.4803077059707275,-1.7331918950295053,0.8491465085603366,-1.8276992125926412,-1.4977042968021819,-5.670106007860423,-5.007892532620573,-0.9083084379007065,-0.5164570518805653,-6.136372171830283,0.5361626227673286,-8.352896497847027,-4.389870289672965,-6.233238078546549,-4.773626654039985,-5.770568441463484,-3.26094859094213,-1.389095966598082,-7.545263383034507,-8.16405457351965,-7.698980316929734,-8.181728161037208,-2.166859940378736,-4.948506763644432,-3.5942651002043733,-0.825298871299629,0.5389265171368962,-2.475596484331212,-6.428794981705817,0.6010946173792686,-0.3478905694947682,-5.042249690542994,-0.9347212135721716,1.9411482465863186,1.6425858373961013,-1.2269299372809113,1.6928517508342864,-5.6316641834173975,-0.7699845821369145,0.9783618811427351,1.0,1.0,6025.627618459652,0.27421106701944675
155,-6.4969022391693185,-2.0505586476217896,-6.685059665759058,-5.836519526593162,-1.4970511684246584,-1.5745457234841105,0.144571705943413,-7.8169613705306435,-2.387512233738897,1.1600647878768136,0.8576397240243274,-1.780749571222635,1.1437528824235457,-1.5499121013550559,-1.5724194931602604,-6.155337649572484,-4.543012612063002,-0.6953350377159823,-0.6494868855945892,-6.008058487368884,0.11090701681372012,-7.705598920084074,-4.017222255953186,-6.575979083346695,-4.334490266303349,-6.572570090551259,-2.939924750766068,-1.2321366945222558,-7.247938581027759,-7.853797686025085,-7.947361794575137,-8.421757839061119,-2.231733490322092,-4.668902008920493,-3.3528095915035476,-0.9463631805706617,0.18734466727192317,-2.806388474950682,-6.886887822427287,0.6464294850919212,-0.3311479189472798,-4.700559694605872,-0.8870845749287153,1.5236228548544406,2.1474941007306017,-1.3724454974154314,1.2258900002497588,-5.685116344875862,-1.0651387693237793,0.9906679437168636,1.0,1.0,5645.908086657951,0.24329663122174727
156,-6.954986384855198,-1.9241662858238753,-6.362874893835867,-5.80643162170911,-1.5116111534952341,-1.514804161848513,0.3217576461404844,-8.175088057871857,-2.3862338012883972,1.6689749315874622,1.2539735437113861,-1.910339986467594,0.6941278143977729,-1.774354380404236,-1.2617579364389315,-6.184516039064123,-4.662976365971444,-0.9171021208888713,-0.819477956816982,-5.678105217936053,0.24018563936104279,-8.070134986806375,-4.130762237096146,-6.049155633795109,-4.513018286964764,-6.241364700701463,-3.0134853813450486,-1.7807535661787672,-7.095574882595131,-8.060454013629947,-7.93958385221568,-8.123770713445886,-2.560024671811099,-4.851723682428776,-3.237347632719956,-1.0646482671369388,-0.018294886618649975,-2.502873413159293,-6.379567429666686,0.7081222527901213,-0.4549052252072736,-5.287309581772824,-0.8792288014437446,1.7559601785207744,1.1212455949902203,-0.9474655815686717,1.7444660157489233,-5.4382853513108484,-0.8656860048596104,1.041064453697585,1.0,1.0,5471.5591590944505,0.3336177688197613
157,-6.271158436318365,-1.9933463289557267,-6.1368033028018,-6.299417596064306,-1.7546279571575931,-1.5441062638834753,0.09152479079863608,-7.834764057371612,-2.951892223877801,1.632132971844421,1.5387742031820837,-1.1789661790837105,0.6856744579514152,-1.8931317314340246,-1.662078515171668,-5.615351217415772,-4.631089768425583,-0.8716638414731268,-0.9262656053135647,-5.965453516501683,0.704457177014964,-7.840736764248895,-4.167150284358444,-6.125189565221777,-4.504265402288304,-5.9280334120701985,-3.344064191152694,-1.6437192933287446,-7.371111566027128,-8.319749191885155,-7.414118389624586,-8.163469969497879,-2.8890549408149053,-4.649726674219359,-3.111696922236262,-0.5385671310840066,0.481672896600007,-2.8776343868895298,-6.3496952039718595,0.682603153002465,-0.5420274498606248,-5.357582994984569,-0.8576537004649893,1.759180630362307,1.4859689187904364,-1.3735179730868015,1.4992375928598034,-6.032853402495013,-0.9029851061520253,1.0018146748306962,1.0,1.0,5080.569989299113,0.5450406126342373
158,-6.5049871817881035,-2.0696009010808822,-5.908425055217655,-6.080104300808018,-1.5287258971607043,-1.5964438682050837,0.2756473174671809,-7.730014688890667,-2.8654892516693886,1.5146785833110967,1.476591254873551,-1.742137646843192,0.853438980582334,-2.028600494665416,-1.5662899095811849,-5.921413151028937,-4.800186627859696,-0.3782865491064952,-0.4691715760086477,-5.606042287332675,-0.36928075477717826,-7.88096269798047,-4.217043529134306,-5.981171988243823,-4.388942660999665,-6.340830946552791,-3.18547917273011,-1.7219451382006983,-7.470787734152914,-8.192941523869136,-7.699313059783469,-8.253121155962686,-2.2611902960236976,-4.6561864993035655,-3.5320619991471434,-0.8791710227559443,0.009625019312066552,-2.7162558799379783,-6.513188758891552,0.5294895164068228,-0.3475515315990645,-5.290740552980215,-0.6300949939119651,1.5499514160699401,1.272382550240176,-1.4133969177916754,2.022367392756744,-5.651688674456696,-0.7180468925549437,1.4260143945073893,1.0,1.0,4900.8977252085715,0.70036547343614
159,-6.287475730527882,-1.8676872479079007,-6.4636638891745175,-6.198225860039181,-1.373835334187196,-1.568324417498429,0.263022364666807,-8.110404790199382,-2.67764859220029,1.2365328186166178,1.5779609874016376,-1.1544322215082028,0.6200654984927599,-1.5371943833467696,-1.8204534365547396,-5.971632765880181,-4.8106034239996,-0.5889925222714792,-0.7536717241112474,-5.624399996788358,0.270087933599333,-7.500162475444255,-4.480904907443631,-5.782070673702067,-4.154334959355855,-6.336335165456696,-3.29369100079897,-1.934981675151465,-7.8661035843667095,-8.077827786333627,-7.854024330737031,-7.812223944252848,-2.1665097888046554,-4.697605232359993,-3.625635195848953,-0.6459977421382853,0.14930643895552645,-3.0198134050652143,-6.43464979195613,1.0301738557487494,-0.630932969175569,-5.31959533759414,-0.7669017306216149,1.9322400306382619,1.247771355242954,-1.3194188896261996,1.9702641943204862,-5.783345157653029,-0.533813840777621,1.0722649440349519,1.0,1.0,5334.410502775215,0.40833786998240895
160,-7.023426957562303,-1.9279422511912598,-6.500959887862044,-6.147553139895049,-1.788225098878558,-1.2506761876680792,-0.19627062105278736,-7.574251028716599,-2.658228736969158,1.2233838732162816,1.4811174636937254,-1.9611322530653297,0.7055714559025115,-2.1651185372940027,-1.8627940918024322,-5.930104441222708,-4.810363203735044,-0.5799509011797109,-0.58776482200615,-5.840812625646937,0.35662138227895857,-8.159322602336045,-4.382220825631521,-6.033802734440647,-4.585563814611647,-6.253756065635001,-3.1470926513559605,-1.6147582187525873,-7.723116138959202,-8.372527365407384,-7.337129809783073,-8.184223312724555,-2.0874796057936553,-4.814349199468076,-3.6403243968152976,-0.8238029698441743,0.8245551467551478,-2.5266668557088527,-6.444914082126633,0.5019832479511136,-0.11412612895312407,-5.391966629299863,-0.3810368648770698,1.5440556551907416,1.4753053374015452,-1.1329684042531083,1.5667894589184426,-6.3504266780417336,-0.5737912269583316,0.7316777307246287,1.0,1.0,5810.8137754682175,0.5354510263698179
161,-6.929334441564184,-2.081412327857393,-6.406779105660487,-5.751770917095375,-2.159889420661718,-1.145088269284305,0.7631429691636256,-7.807266922692709,-2.4937937741200455,1.4545181780146499,1.4522671573938855,-1.3239065737271551,1.1917970618217126,-1.7390312011646838,-1.8199296192651533,-6.180087330311821,-4.685014179246326,-0.2844099226277885,-0.6062666580449555,-5.982189714007679,0.31029044121619637,-8.045866771527768,-3.6620445225428204,-6.2017396211498985,-4.81049473312882,-5.986784337742539,-3.178889025030182,-1.5828907244850772,-7.141416293087586,-8.168315698974938,-7.940316156707826,-8.466733631527852,-1.6170203881308443,-4.775582992669125,-3.627247924752159,-1.0712535102239795,0.39762787005622635,-2.8832363996170574,-6.678008846506078,0.3612316289636045,0.0405485272521563,-4.999979419998244,-0.6377242952294375,1.7115846721323764,1.5076789721851984,-1.4505495432284075,1.6296585005814654,-5.5530035207048325,-0.5311929517236178,1.5062513898750636,1.0,1.0,5500.464707805727,0.4687492420497703
162,-6.180553162758341,-1.8349039165564505,-6.479561680853316,-6.077660948217267,-1.420905073411268,-1.6298454699731975,0.0923689860526652,-7.546450786483282,-2.927708985971625,1.2422289423208703,1.4798558954544072,-2.0616264437785126,0.9958812684299934,-1.6250407902660056,-1.8128750136663274,-5.976789620633424,-5.093197830706236,-0.6290289525522007,-0.7345072555059978,-5.548464426656183,0.44966914800994284,-7.809626012341259,-4.114920380219082,-6.122772134185872,-4.734279477760942,-5.727299691623633,-3.2711318020447404,-1.9236209990104065,-7.246536907548485,-8.607046685208202,-7.7007355641315876,-8.18282475269746,-2.5163078488432764,-4.668610948664703,-3.2325031241070534,-1.273551299193039,0.4783530704796291,-2.714542853107755,-6.514091897560874,0.3941553579155803,-0.19423086751601645,-5.026724942179465,-0.45405554333622933,1.7939476007239892,1.722137213768654,-1.5509155035502202,1.3291216692341516,-5.584406647424586,-0.8680277384471886,0.95109157327428,1.0,1.0,5093.440259924673,0.4999228016764799
163,-6.509025995367878,-1.647046933430825,-6.132479752664167,-6.74909314665261,-1.8518263112278253,-1.5792694969414034,0.02784793646959227,-7.64619660165474,-2.6900038552220957,1.3255024517884568,1.2950516751268215,-1.6996638352252462,0.6806340716958454,-2.0571651383093337,-1.5213089321052893,-5.972540032007913,-5.0636431224935246,-0.6864508179054983,-0.7657232028705383,-6.122557433220759,0.47902175655200135,-8.02078454001163,-3.6903334250463127,-6.433668949835654,-4.090616599689634,-5.725589451915185,-3.0719252126212395,-1.8363409791172771,-6.920512199754916,-8.130278555666626,-7.443719759674001,-8.203740677017056,-2.161352771399375,-4.889282156522539,-3.3052202333425735,-0.9212593317917472,0.24315001245725726,-2.6118703294822496,-6.515653765608549,0.40479909625107374,-0.40497196691277226,-4.988003798799699,-0.6319981748603779,1.3704416136040478,1.4941680906007542,-0.9658715254575856,1.6269916742554187,-5.675480185194101,-0.7570450512535142,0.9087849218009196,1.0,1.0,4849.924588638838,0.5397512407902599
164,-7.059179338617998,-1.7860878994574283,-6.151757599312668,-6.422507347660471,-1.3249959139749141,-1.9071722883063016,-0.1435543422887151,-8.09588352351213,-2.8196180658402517,1.3098710490953376,1.3080916930437987,-1.347377538737855,1.067961602110403,-1.8248389346112306,-1.5547176698691758,-5.349669574890457,-5.067940571938166,-0.41858333490165145,-0.5566571772202173,-6.198662791592716,0.3435227989602098,-8.10050253460159,-4.210784717905544,-5.729098917235079,-4.49762000803088,-6.410476999955417,-3.9000316910480053,-2.1171926293218504,-7.387255541463992,-8.704576080255036,-7.7304527998279156,-8.324194167009393,-2.7730563901821146,-5.092540497821874,-3.408492607800684,-0.6193505881982642,0.2780566223610258,-3.01087985882718,-6.409386328925011,0.7333539081260004,0.21910881833986018,-4.973074226046076,-0.6547055199380559,1.4932114660059095,1.769304847916426,-1.0659615748351758,1.4604871431246695,-5.319996662972837,-0.6994938275240287,1.771578869619422,1.0,1.0,5822.543557862974,0.6738739500962059
165,-6.240722772669904,-2.1477269279933466,-6.573375819040792,-6.18742954538069,-1.4722918506637095,-1.5866887767110802,-0.019213774561451402,-8.004967650613853,-2.785331403851334,1.259094039024689,1.186585370119333,-1.7842303115977634,0.9591359758573565,-1.9606221330576348,-1.759338400220984,-6.092722498221111,-5.3825805055782965,-0.8054542134121025,-0.9607199536068007,-6.238463782186944,0.41896174777660117,-7.6045548376067895,-4.187588494539593,-6.565342418630958,-4.351543969456104,-6.239994377561382,-3.3420456152446234,-1.823873937038453,-7.631846616647898,-7.955604869784599,-7.333654032351007,-7.941779033303234,-2.019079763879462,-4.8731883686727215,-3.520590208304393,-0.5234526720093235,0.341417440608859,-2.848355980330767,-6.502430032196639,0.486469064511971,-0.30143276525240387,-5.38619407344683,-0.906793125402416,1.5870154707559656,1.4800261763854665,-1.147203578199458,1.5088987555460303,-5.8092919105223375,-0.5883468035861301,1.1810773178938463,1.0,1.0,6461.016985773782,0.06655599066595101
166,-6.513622944616994,-2.32077160163238,-6.458989944612901,-6.1148746497980975,-1.3987237208228809,-1.6490773163021346,0.4115019109426592,-7.932701282151634,-3.078514915746127,1.6115840312369436,1.3833353218291762,-1.4151872398650593,0.751128673002396,-2.07597510867416,-1.7949702224750228,-6.29484773001275,-5.101137809691828,-0.5624016157145528,-0.7281462827885569,-5.95808214893555,0.5861255494006554,-8.078955167882986,-4.239293412539695,-6.475984341884076,-4.446060186678067,-6.203948219577802,-3.5055576835317694,-1.579640413486129,-7.921836658105387,-8.555729858120543,-7.510274803724521,-8.365016646810094,-2.7821934701256033,-4.909371593497798,-3.2857200851670325,-0.6470961048762964,0.3413393637976979,-2.8512570682777474,-6.670310209228894,0.4178117724229773,-0.2611795243953201,-5.250555274007661,-0.9099319219871002,1.7826553352077557,1.5185408633170576,-0.9688430887896327,1.8108422011113585,-5.664518667400061,-0.7967002624795675,1.111222803703062,1.0,1.0,6405.797797768779,0.6109462731546706
167,-6.549917445025161,-1.947588819609427,-6.291600883883459,-5.785597251751602,-1.739301388406352,-1.7951157442415122,0.2076417213988166,-7.974607944547267,-2.7830112743523956,1.5224071995413875,1.4286263105324537,-1.6435296449723966,0.4438615003186004,-1.6459327056315807,-2.0981393054263977,-5.786781906418201,-4.881561666749462,-0.33910284863054824,-0.9628433281122348,-5.926892453425633,0.3845960470316766,-7.824633970315129,-4.4833371949605425,-5.974091719068349,-4.177664279257092,-5.8055705283547105,-3.269531849135176,-1.4934667625641314,-7.526811218681742,-8.310243674514908,-7.792238326176128,-8.469663364251833,-3.0298992016495774,-4.968099409968364,-3.983427024106472,-1.0885013125111391,0.11094184757741965,-2.7036023882417095,-5.857532066730484,0.6497960318526701,-1.201084373623425,-5.307553243214438,-0.4832075670293704,1.8956698148047058,1.5040394822849104,-1.3162495819908984,1.7825538618137666,-6.203301947175351,-0.7883610210063915,1.1059261898728372,1.0,1.0,6090.539245584524,0.19493309962949923
168,-6.163584037952023,-2.150384317811452,-6.945234002734332,-5.889238476150513,-1.3130807840831573,-1.5405883780054765,0.8126837823260659,-7.6122417091460415,-3.104624835840708,1.5723434331990713,1.5864793484065483,-1.7442992300954656,1.0529930392215674,-1.701012188806379,-2.01367700392407,-5.856118481088254,-4.747236016660712,-0.893987614748671,-1.0842167774814206,-6.04427455698654,0.4215134935511572,-7.8764932738030105,-4.14543227837643,-6.422970803658726,-4.379193351382615,-6.247381521951429,-3.3182244605846605,-1.4568220344540985,-7.32435727212377,-8.134209900454136,-7.8110530478522335,-8.408013076116402,-2.098955370592108,-4.75671324653749,-3.674682016594452,-1.3446922063931013,0.5883105120418566,-2.6825773764317797,-6.3607185270082205,0.9967871607149118,-0.09577051682628074,-5.536328494083147,-1.1477994293500424,1.2847340504637486,1.5986648730270339,-1.3299807453727304,1.8795500118084738,-5.758693071429378,-0.606096220488303,1.6112910115547558,1.0,1.0,6271.038327764589,0.1553783684630167
169,-6.463845676574094,-2.163760348184771,-6.573889297354433,-6.110830640941234,-1.4890497449266145,-1.4672685012951487,-0.046103177097351455,-8.117623222507666,-2.80082833923706,0.7385904543119569,1.1047302157451533,-1.4280679055464032,1.1988768254698143,-2.0784298981795515,-1.9596130377048526,-5.635711921848625,-4.830385345076255,-0.6526946507783653,-1.068313117031348,-5.918726520179874,0.06920327259744322,-8.226982452873397,-4.0707414171256096,-6.06964029211294,-4.708596903799537,-6.182090694327005,-2.924014935826938,-1.9119182653368978,-7.148441890822707,-8.476172697481807,-7.388462420821685,-8.091968408515795,-2.524347464129635,-4.60104608238601,-3.168114976234988,-0.987958243230825,0.02686549368825264,-2.8577640179500037,-6.987092818825353,0.43200934969674426,-0.21401391517405563,-5.433654747941203,-0.9156080837810436,1.631491492440042,1.362605510139539,-1.0183120108970414,1.483245600678697,-5.927128613084926,-0.9048507018310707,1.357807970605005,1.0,1.0,5707.292836048162,0.4579655659931785
170,-6.500537813834724,-1.7140180180012572,-6.503319007324146,-5.971636601171157,-1.9899801649208002,-0.943807531769704,0.3382765801649264,-7.871652655897722,-3.1132536654945047,0.852312498100005,1.5460419083228343,-1.9787778992575558,0.5239612586263169,-1.6504030856414573,-1.4600250595709918,-6.000448562453516,-4.60294710917392,-0.5979064671184896,-0.4648815465913255,-5.896717995143655,0.24088189056394993,-7.934383282137572,-4.288508951923267,-6.144444202984283,-4.198660084504178,-6.267308764440731,-3.630988547396344,-1.9928634540897305,-7.722158776862875,-8.07826465972598,-7.810780842028204,-7.7248182387306485,-2.677714462225953,-4.931372924401639,-3.8327484350264296,-0.8676433122179438,0.7010856558609404,-2.722228491330055,-6.474854509911425,0.7599175544251764,-0.6804796772441799,-5.337165805281303,-0.6908498908908202,1.7443444438610471,1.469200503485864,-1.1585101540501002,1.4876683238616333,-5.7169421984397575,-0.41299303832414785,1.4930819990082511,1.0,1.0,6301.028156985383,0.0765700132899097
171,-6.6110039427106395,-2.2859502058481502,-6.495404674405931,-5.892702128474429,-1.8998129409972642,-1.779186624050862,0.1379673135154816,-7.7406809116807285,-2.734094005713995,1.3370461924104708,1.4773493752374758,-1.9192133842492636,0.9375008777074044,-1.5029196142948327,-1.8932444768964842,-5.980062068310885,-4.920079964298256,-0.7185681616910394,-0.8680524778138126,-6.475145260652649,0.07769043420844177,-7.995518465477911,-4.392051244294441,-6.291840135321595,-4.333702920350447,-5.92589446464208,-3.172486024501382,-1.7897528610419315,-7.398772810361348,-7.897836229487588,-7.849036954251132,-8.396548007320312,-2.500466803681318,-4.434673971265301,-3.4104134316194012,-0.5586964362462129,0.388538880346352,-2.7178909485217573,-6.163878592876429,0.3698877581226575,-0.17103746254848506,-4.846482100619302,-0.9885944057927503,1.5298795354287014,1.4619749841175276,-1.0406636144075685,1.879379203226179,-6.063618361097995,-0.9981128374824435,1.1486052366216093,1.0,1.0,5245.313107976424,0.7082614610201117
172,-6.211784277576877,-2.038284370631984,-5.949138279091379,-6.047327455425817,-1.2221605533661437,-1.3696664348985832,0.3832411607837307,-7.788035920343003,-2.655617681331664,1.6160455323379965,0.9941509654497198,-1.8216716937195423,0.8640288045189047,-1.7466071349616938,-1.745356543313387,-5.52047205774705,-4.501653472313031,-0.3746715011753256,-0.9152347510452148,-5.8794802425639086,0.4104493334826615,-7.829550612090767,-4.411827073672758,-6.124939916479429,-4.491977804828241,-5.777732954497001,-3.412250640678494,-1.699050470636584,-7.432077779977706,-8.23253209316181,-7.742747548311943,-8.225266841243988,-2.3082287148722473,-4.772910789711357,-3.3873443623851824,-0.7237683511159786,0.07897230786545972,-2.9056728080159693,-6.463235335776648,0.2904859216397556,-0.07130624902871469,-5.3662081871933625,-0.5211008240597994,1.8467439719095502,1.3797822065936627,-1.0309922150059303,1.5602258805251086,-5.532599169100926,-0.6205416650687579,1.1465714237939586,1.0,1.0,4805.274259749192,0.501799177641015
173,-6.730406924165346,-2.2196592361860454,-6.375224583185706,-6.1856055527160105,-1.7960455206092143,-1.9444773199614238,0.3477373245771039,-7.702463929934095,-2.71995871155734,1.200871453401468,1.3959287470066555,-1.9635479200994157,1.0732496381721748,-2.177956998502531,-1.7081810754553393,-6.2011721588147415,-4.519023911448921,-0.43854811133991695,-0.6473261091987857,-6.0367149626792305,0.284646507878114,-7.672581703024751,-4.298167900833686,-6.198839740002676,-4.741590689928072,-6.4902400633415676,-3.4797277614119357,-2.2068781578409373,-7.492810192433131,-8.01169858299009,-7.819348497666737,-7.850454228712092,-2.6728870588702853,-4.827515455853567,-3.016419396630918,-0.8316886304912714,0.45143080991433626,-2.701180440512952,-6.165773366544796,1.0483991750044144,0.10166390376910078,-5.427799997472051,-0.7174466866816249,1.407956625403535,1.8764905196465105,-1.8913970147825245,1.4876760610079782,-5.837925309880017,-0.5448390940766471,0.9534312221017741,1.0,1.0,5544.975687443242,0.5787330865519639
174,-6.627016464392609,-2.403984290986313,-5.874511343450764,-5.962851561020665,-1.689091383281713,-1.1228681296486376,0.2642520916891996,-7.826842011112959,-2.4364032941328846,1.3069910916299914,1.2588633045786801,-1.5747147645908686,0.8991802885117205,-1.8430063710676254,-1.5303221626709183,-5.542780447153098,-5.106041193357222,-1.041099800603571,-1.0113589964863174,-5.839647580259706,0.17271442880033347,-7.6711208096344,-4.251826823199214,-6.240751042077827,-4.887737771088499,-6.170167130487814,-3.657946819336496,-1.6842426342126906,-7.670599882749658,-8.153357865338267,-8.109933925822451,-8.094973822689177,-2.282032022236106,-4.345694578150232,-3.3870638002881375,-0.655251997784876,0.633660867547896,-2.9304112899690313,-6.330616124362119,0.19693660188553985,-0.31691949214107373,-5.347443981202978,-0.7934343472589572,1.9284652706860177,1.4758440521745424,-1.456317646434431,1.267611394596472,-5.826964306217076,-0.8276065136931222,1.1856976880002676,1.0,1.0,6590.753949004966,0.012903365356013463
175,-6.326233935202431,-2.253994770197832,-6.4265002746546145,-5.997165977850237,-1.3141320520295634,-1.6309052446713155,0.11133222086286744,-7.597857445049377,-2.619336525900752,1.366834998403324,1.4368784378413328,-1.6327959677635975,0.8527022006557442,-2.0524476077321685,-1.3574758895950354,-5.755643851049078,-4.501689464491046,-1.201660487197398,-0.6911640971663443,-6.022946275020238,0.46855803340493907,-7.869962258360117,-4.146051276247296,-5.921178719681691,-5.066986828767361,-6.183958087442156,-3.4372707607528916,-1.9141547910397267,-7.3290233029017395,-8.230179426188784,-7.517028111302796,-8.128126959291896,-2.7525449979423846,-4.506337876093077,-3.629406504693333,-0.5301175434290135,0.5074551954434839,-2.738245041171904,-5.688018066767403,0.951891730297977,-0.15157182833444374,-4.7367539551841045,-0.8049315909087367,1.5067019219263573,1.4272844149161847,-0.7052931475172541,1.8189517108365316,-5.945434497840636,-1.0449245223197663,0.9555865166403793,1.0,1.0,4837.729571550369,0.47554550355603403
176,-6.658817950026125,-2.1969896331227923,-6.250456773790184,-6.31433677240497,-1.5010437137786068,-1.3114014897159467,0.3700491411253192,-7.956308697227625,-2.3375587616304903,1.3344257939768185,1.2335164028055707,-1.676412773591948,1.210645352496187,-1.6972204523074823,-1.6223987564709406,-6.056344807412939,-4.849330857060999,-0.9299839797876134,-0.7048238679941249,-6.16623114367388,-0.017541952155468332,-7.991583231902496,-4.121657846035447,-6.053540712180434,-4.611928083157759,-6.2349220318663905,-3.099634995447231,-2.0071548506181207,-7.421854296542972,-8.287148055328917,-7.577607939540907,-8.076361699238927,-2.495022947253321,-4.62191293463534,-3.7066099935180965,-1.188603296289773,0.25963461486163136,-2.8205915592391193,-6.144614245869729,0.9809942354755667,-0.6371184494834712,-5.3339867564992165,-0.5105712926991314,1.3597697422581496,1.6500620314650283,-1.1270963961838927,1.6260699101790608,-5.745470921415507,-0.8121652820120568,0.9003413274516517,1.0,1.0,5599.061709734527,0.445428153915431
177,-6.1577186851459125,-1.779884084628395,-6.62859422783624,-5.95518691195261,-1.5741710000401044,-1.7137829669428488,-0.16178423218149185,-7.845362395199903,-2.7785792326557397,1.3330758422692957,1.8460831301102998,-1.8661995835438965,0.7048621405401798,-1.9285369192228001,-1.7362149935023765,-6.203295345216722,-4.8262828016516135,-0.7915216354002429,-0.33361105300121796,-6.077957163866528,-0.1570914559256812,-7.806260665809178,-4.505088219652458,-6.023788542292773,-4.576760779824193,-6.180347813697529,-3.4283400459135582,-1.4844453784351885,-7.381342162255595,-8.238294966233017,-7.911398774438407,-7.59568730286583,-2.5428293578887877,-4.3054029967846965,-3.24480678254757,-0.8375613263997824,-0.023302657587847886,-2.9744253259916174,-6.57181505074364,0.6773833585530847,-0.92491238295577,-5.382918405923588,-0.69876305804552,1.6817126803055484,1.6129306327772304,-0.9144296894756072,1.4915874888257392,-5.71573118792421,-1.010467570990681,1.3195490590015269,1.0,1.0,5934.279001608907,0.1271677153157782
178,-6.432276821190646,-1.7329590583255645,-6.2098636621822205,-5.923994958442656,-1.8091757983671228,-1.5818878150257902,-0.3329326237231802,-8.056986474859198,-2.577173086875734,1.3948726071915514,1.765833384934723,-2.0445848184468387,0.2755358413504426,-1.779305110872221,-1.823907493139314,-5.840537634976725,-5.306851367672935,-0.5308366539860032,-0.9822217864236087,-5.777850353791596,-0.09706318079498366,-8.252288513362032,-4.05387188349213,-6.212752371309175,-4.536388963336345,-5.636318039577306,-3.145545901033896,-1.905150372875789,-7.681257934718598,-8.376121865338808,-7.617187032122052,-8.17764246036092,-2.380622525238656,-4.659078894201857,-3.3285193451198793,-0.7183368731312684,0.3214794952745933,-2.7839316201865225,-6.054018094215942,0.9451022052679989,-0.04377953284605618,-5.119172219615025,-0.6991475794224968,1.7149363136867672,0.8797736042149646,-1.2377585830169069,1.2937589531847509,-5.84650604893044,-0.9727486172765324,1.0130746195154314,1.0,1.0,5893.33285486541,0.12245641209981849
179,-6.582940910937529,-1.983412496394413,-6.4640878862280005,-6.332725468340925,-1.5901681441597668,-1.74272785456118,-0.06083288973482365,-7.729347350577594,-2.8332003999621524,2.003319127165496,1.5424694172585423,-1.6772458466482238,0.7920611538848249,-1.8594951403873237,-1.8431947832127582,-5.561607365687726,-4.983166932714712,-1.0420693204458982,-0.5609646209418162,-6.08554593484187,0.3969749388152069,-7.700211311742158,-4.354802063674337,-5.824762574031376,-4.4064564061757405,-5.967422547872198,-3.5034466294396456,-2.123026042660721,-7.398650822706308,-8.358373702553877,-7.818892181805209,-7.840965054807147,-2.3824732351272195,-4.442033846926299,-3.1298883044133117,-1.1857994326474992,0.4504432095992664,-2.850868681802751,-6.4905162327082095,0.523198610029671,-0.43490388178188977,-4.9082115054120985,-0.4057006891285873,1.4302208811738497,1.9896842995890007,-0.8959883889050002,1.2413886001992867,-6.173473653402867,-0.4378104817862597,1.2758111435429935,1.0,1.0,5217.277691744371,0.5564236230167288
180,-6.9205942887101,-1.861576940744852,-6.014149110129972,-5.890693502003906,-1.5426913941098253,-1.4294096866592338,0.30833958548952944,-8.171991083132882,-2.43979889771334,1.1325925450319356,1.2895042256506473,-1.473495942157728,0.7379193554581103,-2.395764627087032,-1.5755533670627948,-6.152945986123189,-4.420413280665172,-0.5925333047628146,-0.7159984437779169,-6.123287477385253,0.09894418547887035,-8.148556203793,-3.8958999902131923,-6.025770245593693,-4.291619646910285,-6.017172995056213,-3.386480604614472,-1.6257935921872304,-7.498854634666591,-8.22058650222799,-7.305411974768271,-8.167907948950111,-2.738429679147352,-4.497124907878949,-3.5646956357359088,-0.5873046935127826,0.2506432945632291,-2.6245565521862235,-6.232183998696149,0.5374891427158883,-0.44401892694599593,-5.412101003876,-0.5031899955600809,1.5999285747338896,1.835612699592096,-1.0545054678608563,1.713793311699348,-5.74243723368807,-0.9885632466249714,0.7093378113566835,1.0,1.0,5534.0555882698845,0.2550131411055011
181,-6.704538671566126,-2.333615201299263,-6.444790587990638,-6.594914827929028,-1.7829173851166886,-1.6383877130836644,0.07502764210761187,-7.754406228291421,-2.814661161044829,1.6864348029954064,1.4932907503168877,-1.957013829837043,0.7034355111504204,-1.5385303971361208,-2.0672247400117736,-5.601188288800235,-4.6631294086664035,-0.612457919956154,-0.7115434104675707,-5.928581189149543,0.2610764710060502,-8.03114986789846,-4.0275526361047405,-6.262268517176302,-4.3660961545373675,-6.575773733323172,-3.545079703558834,-1.7472447980432086,-7.49398948177402,-8.116089248867372,-7.679191154816236,-8.196407456389752,-2.6522011016177585,-4.906481835852844,-4.011083685712196,-0.7532650180053291,0.4941062897214223,-2.913337725104017,-6.621107889508353,0.27821554944080096,-0.5076794871772513,-5.195381275515622,-0.987570983202444,1.636881563358592,1.7919235490059404,-1.1370066772922363,2.2082014297170676,-5.5007059209166265,-0.649028440685018,0.7643496657547011,1.0,1.0,5961.973669317873,0.5535762364254557
182,-6.579348284684053,-1.8840217307585474,-6.190003251000123,-5.829138963074077,-1.19056737729618,-1.6039493540062666,0.17889134882978028,-8.023278355795739,-2.9675283490571767,1.2053572106753185,1.4975409442346783,-1.5111016174216856,0.5153390184767878,-1.7969005507244606,-1.6441544908323138,-6.168284209256513,-5.005595619865762,-0.8113483691762703,-0.7972862360084174,-5.83840784025966,0.16638002786163386,-7.674901172833369,-4.538304377847115,-6.247945399816258,-4.603192034354913,-5.933696359401816,-3.3082264667472896,-1.6827545068779064,-7.158108297706711,-8.855260812307895,-7.288157963847546,-8.07707812006915,-2.278977070464175,-4.602339721482922,-3.6250306003248993,-1.129455686983567,0.25811995057148673,-2.452885079941381,-6.6352422255502095,0.5232139079719387,-0.18319911566556277,-4.824545012697514,-0.6813580627361926,1.55078668719628,1.7083002873820654,-1.1019051343046677,1.4843609203030637,-5.893035222132022,-0.8314118137255716,1.2797124214000597,1.0,1.0,5372.183847221632,0.4435065997742177
183,-6.897012467652519,-2.5718063172396284,-6.310791098255828,-6.301616980539839,-1.6811985206711304,-1.536669852842259,-0.05382236951395564,-7.573966935766057,-2.2803598742396,1.4163842326799414,1.4725650041385077,-1.733618785996934,0.6028096575440288,-1.7821990363131464,-1.339748262602463,-5.837783550821194,-4.680563294168543,-0.9318183414757278,-0.775052288697936,-5.679839162931723,0.0345868561823256,-8.12028736827481,-3.7314429401064757,-6.177700057257348,-4.580353098041433,-6.152628098512126,-3.493174175482259,-1.4435335724526026,-7.044074706342585,-7.7406460817502865,-7.644881567320222,-7.788517502176035,-2.1466069948101265,-4.605865854519689,-3.99165542244718,-1.058363036586594,0.7249745184951502,-2.6129952355715336,-6.086835612069596,0.6104867774977147,-0.034396799259561905,-5.318941038177033,-0.7556772538897422,1.515975452327489,1.6041722350049301,-0.8472646024805501,1.7576517681134876,-6.107107457417836,-0.5436101737137236,1.0424833617721228,1.0,1.0,5084.290395736665,0.3111604592985157
184,-6.370398327214045,-1.8497356512335614,-6.315722048579212,-6.048864702037996,-1.8208125528839192,-1.1102150271472693,0.1514639581798928,-8.383560242760442,-2.3868007303972334,1.4265978916508633,1.6345002183311301,-1.9299350944483122,1.01425813157233,-1.5729739498081525,-1.7664494468314795,-5.620085857808638,-4.730418439295635,-0.28525320053850894,-0.7054950039499203,-6.103979120974513,0.2568253133835797,-8.094513358912298,-4.156077923138739,-6.215919304279646,-4.436516871346171,-6.775384348737067,-3.1695213275564136,-1.38154822411764,-7.882432028325755,-8.111331763312224,-7.8557634870320285,-8.317493736424849,-2.7927558272960473,-4.73686412453553,-3.7200574635186268,-0.7527216875890017,0.5129633037198577,-2.9131990869657534,-6.434070818350767,0.60252838687143,-0.2709395623934545,-5.480622153648887,-0.5736998462494913,1.400787991161677,1.9602310483733638,-1.3301385108237562,1.664293970805432,-5.697742709241133,-1.2363757177338033,1.0571504879384277,1.0,1.0,5804.0346525055165,0.740105991691189
185,-6.76551839828692,-1.901132254432462,-6.509152444649583,-5.930644481563812,-1.405059225165881,-1.4976652901732292,0.5228681273751872,-7.77107831511854,-2.791140178597377,1.5183793852557326,1.4486462550516594,-1.8331262893207834,1.1620861567778538,-2.0364437713046435,-1.6374219443780595,-5.769032543190427,-4.7856795572520765,-1.3077098955864077,-0.7577690886957305,-5.834795463867665,0.6067566135628024,-7.544745931297372,-4.0976420875061015,-6.126096394431168,-4.297964260647804,-6.04004207060745,-3.4298379012840066,-2.010018498825896,-7.37137566691764,-8.304637371447889,-7.795784080774205,-8.000636218482,-2.3310680211307986,-4.271855854809283,-3.5653480628829013,-0.47090384923272594,0.8252694023683903,-3.011297484035942,-6.3957959644852,0.6505309597963969,-0.08831211858202176,-5.505135209325128,-0.5864037567020404,1.6890487657196156,1.9018229961013213,-1.264622548211846,1.3756561323132266,-5.566899763987767,-0.9028627314494935,0.8900982070314395,1.0,1.0,4957.213722167331,0.673335997530173
186,-6.515288105375731,-1.8995418777819595,-6.4006117901737145,-6.034698801114154,-1.4883425824057719,-1.6808059108453552,0.32818597747274425,-8.264019918109977,-2.8064272002425255,1.2819097696106936,1.546325494375238,-1.7513663300184885,0.8819214586771975,-2.2761991710155374,-1.9700935528538401,-5.983270588346317,-4.907875765859966,-0.4434718097582527,-1.0821595438328702,-5.779219425607047,0.3066376424846455,-7.976695397760709,-3.8890605653965826,-6.013444169657074,-4.307058800657423,-6.372602122333696,-3.502266154976927,-1.8330588688065206,-7.615812888509205,-8.426208636355652,-7.464617563256007,-8.279499591913382,-2.2925171255460297,-4.489226048054636,-3.1431755475841094,-0.32179293326933045,0.34224267844025724,-2.8269678587282048,-6.475086665098225,0.5380961431649044,-0.6480875304340166,-4.660813870926715,-1.0192519937711702,1.8377658300195034,1.2487832261643335,-1.5169390750242937,1.4801140250274165,-6.093230216513542,-0.6958219861270036,1.2271332125050418,1.0,1.0,5913.205728989673,0.285918053346541
187,-6.160290664606675,-2.2900517495679367,-6.387028340484876,-6.195076556733176,-1.439096683182066,-1.3902819530938961,0.04303818346931332,-8.158458350652495,-2.820223884011704,1.4484209513190742,1.5403105153149352,-1.214899508526031,1.0310957105341034,-2.0125141374912756,-1.7819109156962059,-6.519548413475077,-5.428487109399844,-0.3196120540563617,-0.8317324716135682,-5.652368735346716,0.1486295145076876,-7.9399851962848915,-4.211010212183517,-6.34680286137189,-4.275200710832377,-6.145543543513093,-3.259324547096244,-1.6441688052613601,-7.425673127030888,-8.180407905150435,-7.136172451143854,-8.069378452709765,-2.8237204810551404,-4.312472553651167,-3.3816083394646754,-0.5729699086052868,0.14690837945088533,-3.019463399055704,-6.222443842592839,0.6052492552016261,-0.22655558544608825,-4.903577310571761,-0.8340481027435188,1.7063815196533254,1.3060011588343128,-1.3107955782574585,1.6347944238580385,-6.045097782092858,-0.9368267418059135,1.1914157581577722,1.0,1.0,6341.539863430584,0.034873171039232445
188,-6.604172575521653,-1.732954365018685,-6.416129790095761,-6.320448419264369,-1.6487486688507011,-1.787483764557239,0.06173251564370516,-7.895565964928428,-2.4049922066561984,1.4343140628404394,1.5107824400399812,-1.803784884648028,0.8510655839105986,-1.9355523281668403,-1.621504173595482,-5.895957771736355,-5.096878463936673,-0.8568199391397199,-0.636722809566933,-5.951140808919356,0.3906809222193104,-8.111822226840358,-4.525484009974695,-6.058263118310334,-4.295863744261051,-6.608351083051427,-3.5662307421325043,-1.855281756074111,-7.957297517657208,-8.377149731027872,-6.838584033711122,-8.09314597245498,-2.3411385265398588,-4.411777353999903,-3.570570923285222,-0.7880247783739494,0.404938402362363,-2.8129320318372777,-6.32146408112504,0.45008720217542875,-0.8079996302454975,-5.166583438598467,-0.7643986381897275,1.6018012641507111,1.622866538494177,-1.1697669524921777,1.6353720990733105,-5.790370185471353,-0.546848034051693,1.0515242170515886,1.0,1.0,6064.5371147901615,0.24381445872887797
189,-6.898532974322358,-2.0489423165794567,-6.304791365097517,-5.829522376014437,-1.5448251113018345,-1.3489306889528627,-0.10677873555447659,-8.15029169660635,-2.649689832768677,1.0821939281418564,1.1874131481665007,-1.4887512859110104,1.2065896797505586,-1.802889590752505,-1.5657861672178344,-5.888177907437519,-4.951902301864551,-0.7596642360307282,-0.3131660451677456,-6.06493557984238,0.006387312573424508,-7.754241144102236,-3.920121398358903,-6.1091238811895225,-4.141536355607391,-5.9667749942817,-3.7656322030525344,-1.7384705663291355,-7.619437695620733,-7.966534272739129,-7.231064574360306,-8.255446317964532,-2.409524587486847,-4.808605660528795,-3.2039431095111133,-0.53622857315234,0.022181711102111312,-2.677690561304332,-6.5732903384353945,0.5516724317985024,-0.26983897156851805,-5.600533568866458,-0.8902560603694694,1.3884541694916679,1.653156537324242,-1.4215716249403867,1.4846058212270612,-5.50400746956904,-0.8688036214104784,0.7578965846112582,1.0,1.0,5403.1781325837965,0.31854854553438483
190,-6.553151789372942,-2.0312326135857663,-6.353547567857433,-6.089109632418293,-1.498488924197545,-1.680955297481897,0.09206223957182609,-8.078709524408081,-2.400884485730214,1.5925067959928623,1.48038135195405,-1.7361612942942226,1.1317889195607125,-1.9037990486548262,-1.440153871345657,-5.46919352292224,-4.841208719044598,-1.499546221597964,-0.7242404777469619,-5.993354759948419,0.11626335644527369,-8.302829627659005,-4.07215710574108,-6.281482663062857,-4.2219334217047795,-6.2320886707888254,-3.4194560051346863,-1.8424516000248072,-7.744328386629677,-8.457429494859346,-7.298510318823266,-7.748647798447232,-2.5857209823547254,-4.92743505971803,-3.635334780506975,-0.1966684478516958,0.284818615707001,-2.808447595303403,-6.911320482704423,0.45542937216263796,-0.5453191164355313,-5.406436835871453,-0.698979332766832,1.40776760849041,1.144389192221773,-1.4494085036382458,1.9838891353426562,-5.643644661905734,-1.3936834162648206,1.0388842239071345,1.0,1.0,5669.454081758387,0.5639670643610898
191,-6.440896037240072,-1.5064903289017226,-6.553464581260359,-5.884163376540961,-1.5533527357120778,-1.4824542932322162,0.3360988724936421,-8.041313461492702,-2.629634769014134,1.2884622623116144,1.200503107116258,-1.8265671383043531,1.0138527312279175,-1.908762243417161,-1.4084031029595525,-6.044330305028912,-5.33799553132087,-0.9916894853429081,-0.3881485389999331,-6.072397181652304,0.49688751403804704,-7.9084683781578615,-4.304039722273972,-5.765327743943694,-4.930901525567709,-6.546543527497482,-3.5244681705772685,-1.7535773734280833,-7.621292432809797,-8.487434685149339,-7.634797931482411,-7.821067794804455,-2.151405189860334,-4.591884435624034,-3.5164472128926523,-0.9322337168556676,0.5613098513717026,-2.7181607800846823,-6.423365453150744,0.9800007324421676,-0.5105004174323204,-5.367488765266099,-0.8145446750671218,1.8041791779228038,1.6658167531752273,-1.3127867693463142,1.6041389322010948,-5.644462128032722,-1.209178406336107,1.1389893362513657,1.0,1.0,5376.694405359872,0.796286785627214
192,-6.568150184048666,-1.9946297094799732,-6.54612690681565,-6.010673888997445,-1.5799439169641398,-1.8085761953433204,-0.24350907832443552,-8.20887681570528,-2.452310486684608,1.3593600021188752,1.3852571275268115,-1.6704335490563547,1.2461754497764566,-1.8958925413144474,-1.4045688802062584,-6.104109341918367,-4.547435503100185,-0.798444754169052,-0.9427811922206313,-6.278610022718271,0.34009695533580286,-8.136053322874456,-4.006243662275069,-5.912120055454189,-4.361723985022021,-6.39271832265894,-3.2915047559770843,-1.671623449017257,-7.511391160598278,-7.97320819679547,-7.461834266239548,-8.113579804286875,-2.7070652081601345,-4.853259626562568,-3.2468480035214524,-0.9237974062219761,0.2400286611050932,-2.5862385364925884,-6.3643008372385825,0.48220609549211135,-0.7056414237139064,-4.982183666174622,-0.8569295583942717,1.9649827539130682,1.9661935131114632,-1.661498126026533,1.9784733920966795,-5.77569900450148,-1.0287851980386347,0.9208145475885373,1.0,1.0,5888.580949744821,0.28473189257396764
193,-7.184872421637888,-2.0516719135426214,-6.770053458088215,-5.968057860197148,-1.656474868348323,-1.4304404206324481,0.0897191843843163,-8.303938579465395,-2.5830572595969628,1.2252046979987306,1.3246280575974017,-1.8638472549839362,1.0915554459403873,-1.7083485991410263,-1.8011317176309947,-6.006016300390674,-4.825582237774005,-0.8475010181176605,-0.6824599217492615,-6.4501230666698754,0.34953587666507413,-8.204031236654245,-4.168502756646017,-6.403151518534238,-4.80023712024967,-6.142556769155988,-3.3492145740285304,-2.0193539577103663,-7.596645952762529,-8.233006569957443,-7.157808879606793,-7.709822322304979,-2.433609994457182,-4.883704466326024,-3.2671363965210403,-0.9986192191717125,0.015396520170243011,-2.8131836494511866,-6.606822086330219,0.22905283647956143,-0.6549191789408507,-5.959259867806386,-0.5441606857887807,1.270441749930415,1.783887522452112,-1.3523904669574047,1.2647268741410724,-6.32371879966808,-0.850694518834661,1.2909945226057706,1.0,1.0,6421.589916174183,0.6100382510283471
194,-6.7272498011647786,-2.0433560498779326,-6.730170360126644,-5.983990668010125,-1.5433656219883074,-1.4207067544917935,0.24833537989862126,-8.253948112360032,-3.058906913071484,1.5975843038015554,1.1594538393428762,-1.876458717937894,0.5837053485533599,-1.8734754410837013,-1.7429248307129983,-5.728880280797996,-4.80241969798125,-0.5518046982135537,-0.7956388296366476,-5.970257690683034,0.3025645341105507,-7.942983775509534,-4.193222555436685,-6.035717924704743,-4.3158414570341055,-6.131632814941039,-3.24103268621388,-1.6364980309436465,-7.287325575403914,-8.205127847398321,-7.666945589152266,-7.687098459707545,-2.5169135921929158,-4.4902946292132055,-3.0493659967154834,-1.3991399780459726,0.7872032377139846,-2.4323654475815126,-6.3153389460760465,0.32984588806530757,-0.18108912003682257,-5.2045247728027135,-0.7812051799039129,2.1969413423449358,1.7269395861893753,-0.7821897210728965,1.6057096364732928,-5.913334254958187,-1.1277318633880404,1.4259827109356276,1.0,1.0,5342.762146888523,0.47454153324977694
195,-6.910318148755797,-2.008353331584377,-6.505372935226742,-6.414079748080339,-1.9696357939847993,-1.6725280360209087,0.353716204560944,-7.948193952379092,-2.8764809536916576,1.6810507807477344,1.3929585739554362,-1.636511849673848,0.825642175412127,-2.0092332763754923,-1.8427943567755158,-5.858501820170667,-5.47834016259705,-0.4786356521019166,-0.7130698220916364,-6.20557903744543,0.4003597137365753,-8.373295677315127,-4.634940130855073,-6.37954415923574,-4.098561078744389,-5.849276450199123,-3.3634384414801484,-1.587745661047595,-7.3375538331066705,-8.05906294107608,-7.569946511244144,-7.983504126947038,-2.1500227272166788,-4.739862295409036,-3.536400894502918,-0.7148926830115864,0.392516768072087,-3.2662861812777617,-6.510467434653245,0.465790680563664,-0.6184101912318978,-5.244990436457624,-1.013080134247134,1.7744163257191594,1.6894264551473388,-1.3955470039335274,1.4327353759099863,-5.589129095935166,-1.0398356185593094,1.0229798766611307,1.0,1.0,6047.519957415431,0.5533614389601417
196,-6.6533620126972846,-2.41150952973989,-6.688526014486746,-6.281815133614913,-1.7175816141203377,-1.4421252511154576,0.27491816957637477,-7.779520405606766,-2.601660910883958,1.5165463342568057,1.824863899209726,-1.5016733656666357,0.44337768121736126,-2.0302545658873172,-1.5194088613337138,-5.7420717431246056,-4.784507262499423,-0.7781177492606881,-0.9992282631715563,-5.631598985134473,0.4605255769599318,-7.943311570800236,-4.019125620093758,-6.030597656435467,-4.080340296824677,-6.062607320499448,-3.6635445570832252,-1.1291540322831106,-7.374532643969163,-8.03444671030407,-7.814381732363606,-8.686671900164527,-1.9317600851055903,-4.769516310311034,-3.5816689217338356,-0.8637460815358768,0.4217659616353625,-2.7710842878724518,-6.450648803423519,0.23864400762813398,-0.48508597228095535,-5.017597507875043,-0.4898403516010221,2.2144824513891583,1.8267395302085374,-1.4694451838700568,1.7049696755664974,-5.479832880549673,-0.5821520331297221,0.9456095540601703,1.0,1.0,6018.937099047509,0.12090196187846419
197,-6.731370894724139,-1.863863574431292,-6.415640812867669,-5.630864290754708,-1.4100962426347954,-2.095163426905717,0.08974785887271955,-7.777275852168707,-2.6108555256087356,1.3678137145840374,1.2469968387324408,-1.6901111167884948,0.5406498581143995,-1.8101729850923696,-1.5852768794572045,-6.2789463125635665,-4.986373241087396,-0.5244978482425462,-0.7559421133602403,-5.73093185681758,0.8991106895416404,-7.976795167410779,-4.10208065080961,-6.216823458613538,-4.3208258754427336,-6.050478211417894,-2.9238091440066,-1.3973446669014162,-7.679422385557663,-8.098239448003376,-7.52311376090949,-7.9550523586573645,-2.5836453278350042,-4.341250790510939,-3.538518946235109,-0.7546007058522843,0.40234903071355893,-2.947285955258878,-6.370300459645094,0.5642821091555458,-0.4809072354415583,-5.375187892733599,-0.8353983681733492,1.7190847938090803,1.3657729871396156,-1.0731047706387435,1.6381068590841878,-5.5476728662124,-0.7353508840117771,0.7039752897168436,1.0,1.0,5273.433622854073,0.3191010341809253
198,-6.6837530493573345,-2.036011934394088,-6.014970292607543,-6.24620022615288,-1.0358242941932043,-1.3074291498538517,-0.1400186416571132,-7.732932515049068,-2.6374700288406077,1.3544270532714777,1.4653551439783712,-1.7890779089901498,0.5379838580583287,-1.883566212817492,-1.879878227145316,-6.107506318244252,-5.00594511544448,-0.6806679667549478,-0.4577725917706081,-5.83373680282227,0.274049685435979,-7.95248514927056,-4.850285616332604,-6.036161884421756,-4.2565760043879,-6.3317957009891845,-3.3892861509140757,-1.5473284379304977,-7.6557626382871975,-8.036383473173087,-7.823695759137436,-7.794949884485511,-2.880878512560652,-4.982496908867981,-3.7249587216735236,-0.7812399633179232,0.4694928940523969,-3.0588154609545555,-6.435862041308826,0.05978616612544069,-0.6602225756739895,-5.228955891818898,-0.7903874707787971,1.77367305701052,1.9162388540805193,-1.4778520803091004,1.84496472315593,-5.669181885214172,-1.0662900779196907,0.8513879415059623,1.0,1.0,6136.191188606193,0.1926847181788996
199,-1.575740376181069,0.981885939542452,0.28925414652599546,-0.16703526495647436,-0.46117638782345516,-0.90404277499219,0.6718496376322931,-0.4180999568708885,-0.8737084239834307,1.1196788214022408,0.39637665523992416,-1.5082145682906511,-0.44170386863368494,1.899953433007565,-0.1296043971063261,-1.4393143693995527,-1.8317256816393557,0.9119850777848182,0.4624220371235719,1.610928385072317,0.49053365667763416,-0.9595131931873686,0.2220707015383354,-0.38005406964374844,-1.4329765180689709,0.31098542348791636,0.10608497872271005,1.7542764967455473,1.8355151512067787,1.9377272148892186,-1.0761755184577066,-1.6116830065891405,-1.0170053355312763,0.7630306541796923,-1.2102723965680355,1.3181087897101826,-0.6154909266298136,0.05605944392025952,0.6446319064816857,1.734497963577272,-1.732397320718471,0.9875587469194338,-0.4388695285088229,0.14303371092367412,-1.7582832218950801,1.5654231997970984,1.11149494699651,0.680478783066155,0.9402107865961602,0.6547980734176502,1.0,1.0,1.1871256624852227,0.27476481123866
200,2.980500452014194,2.898339099882641,-4.1414192576492495,-2.4603107254689816,2.801840988774989,2.075713119038341,-4.223791593439499,4.8510013406541335,-3.2369925394858345,2.752223218106732,-3.8501017667923207,-5.427104549430093,-7.686469357489968,3.440635954605699,-7.579604982051644,1.1108298961555036,4.25351066073091,4.023736176717025,-2.0403471862202545,-1.7364889859003203,-5.983890884868344,0.752290096612153,-1.1413069870714072,-2.443956226204665,2.315367837790556,-1.3448082400559858,-4.74136423664318,-2.310257766258643,-5.375466817590679,-1.4529275963618185,3.775263390896428,3.038262525927758,-2.252139612524895,-1.727814306495122,0.30537462850179375,3.1340831583021838,4.753077106272529,4.643185728822574,-3.3304376764572443,-2.4865844680310176,-5.248827563637534,3.4063842383210865,2.0879792894611646,-0.2501617888917401,-4.0520562185291285,3.8293653007750543,0.33242994451361974,0.3825114982345269,-5.158818536647963,1.5856013332822552,2.0,0.0,756.0550306617762,0.8201523321313993
201,2.2842676498506065,3.0352963449644457,-4.195500583669516,-1.7161510109437006,2.5304385907769973,2.6208458472450133,-4.228510910983315,4.5864398572745895,-3.685905020529724,2.625433807507246,-3.6238584494233557,-4.841156346170219,-6.6434235280245,3.8761007205938314,-6.74389380215532,0.8468132246810939,3.7786195480398175,3.983705415292692,-1.6557014422836622,-1.798785694822024,-6.372694891087457,0.6075430385386037,-0.889587375553378,-2.259367390139752,2.057468342540445,-1.254839091225557,-4.854795345351115,-2.132361252497893,-5.926070781423284,-2.132311697792332,3.3881645603752912,2.742795328037412,-3.1575984082839024,-1.2393590165288393,-0.3234396169286069,3.4292566291969697,4.795154188291893,4.671044075161044,-3.5329132569135946,-2.3598777609099835,-4.985898402923274,3.3693237220347223,2.084820707873149,0.2976216779251812,-3.456896050105965,3.9234681660749935,0.37940960220136144,0.6200759656236519,-5.127187579206498,2.1464407354143606,2.0,0.0,594.0210800219611,0.9416395821282665
202,2.7311069767041163,3.6744546612602633,-4.644995340563222,-1.8361386047380257,2.1273423418889372,2.6643269648321506,-4.132511404755177,4.781015591282124,-3.615822006593675,3.340002827346222,-3.6074553842939032,-4.188980820556806,-7.575378471231701,3.5008007508590757,-7.221888680226174,1.0330500712581228,4.2062034015745695,3.7115026446148383,-1.7994516511419132,-1.7692733140683188,-6.229827700432169,0.647751777306528,-0.8249990972741932,-2.8360725237947633,1.7336839102753339,-0.950208021528553,-5.395634503700151,-1.9590568124036483,-5.262921598341104,-1.3770187164225312,4.425994533612689,2.533732698290403,-2.6308179523383997,-1.1840132134207961,0.12524735736050946,2.8878261078222622,3.9014198799821895,5.0650577256017835,-3.094209684448988,-2.603368880162629,-5.241178964016194,3.100956659893868,2.1031781839310786,0.406598386028571,-4.03610351133066,3.8378170874951687,1.194544285273621,1.0440502631133404,-4.50310079453229,1.878901347474795,2.0,0.0,662.0382697872875,0.9087395719599848
203,2.284705460662601,3.005806113836197,-4.231116652094244,-2.3123277921095173,2.10431652550883,2.008112609751861,-4.299885349218804,4.535067287887356,-3.120931292530285,3.2616753752413605,-3.5109708090490015,-4.4276209537500755,-7.773941892816061,3.268389534393544,-6.909167285221213,0.6378911697437508,4.214372923534464,4.306118668051109,-1.8656149487568545,-2.437969247252227,-6.597339769835033,0.7937480145937801,-1.5518462963897648,-1.9170178116663055,2.028294469043667,-0.6096616478125001,-5.39143505217603,-2.140209563248775,-5.367659097999616,-1.4046941792445746,3.9216653361035076,3.0827374062527526,-3.1436932019373267,-1.3892458819295015,0.24835613291414504,3.5577621249022346,4.405624966256564,4.325909244857214,-2.5368280003205466,-2.88618163944418,-5.290057803184729,3.7497490853060693,1.9773770307451972,0.3524693628810198,-3.9194273235855963,3.8037745650950003,0.5940686662965073,0.8888364308143102,-4.759737925172194,2.2743423027391665,2.0,0.0,677.3551573142805,0.8870658249145675
204,2.9861896906341436,3.412114394600585,-4.292126170628873,-1.764256956421908,2.4629312354880266,2.4526719673344455,-4.18448642609281,4.623993769683973,-3.206956653108357,2.834023625857387,-2.7645401130345197,-5.065226347365641,-7.61085030232426,3.2022144068713074,-6.7819002734291605,1.0792114397577428,3.3880849490908793,4.187568304794532,-1.6409473679371513,-2.0311086350244585,-5.988096405103797,0.8662071256572982,-0.7127801823559459,-1.5350176920712677,2.1878906829077573,-1.1154884654244812,-5.251302162814529,-2.115233566058738,-5.416403480601381,-1.0928948299105912,4.000673689026451,2.7191726393428133,-2.675037153865045,-1.6386072484893321,0.012902104445533025,3.538861715027682,4.4963413287954035,4.680991672371986,-2.9370812625761324,-2.664859140355149,-5.409062280856464,3.7479301038834527,1.9489485518062484,0.14283695351312758,-4.018090879141377,3.3570235937247914,0.7811442209283039,0.944487148816674,-4.753014842696757,2.45793799910863,2.0,0.0,626.0815227724636,0.873094121578386
205,2.424602641290039,3.194708707767591,-4.384577566013537,-1.3293749698333261,2.169634288397221,2.5190957387167687,-3.569807890335735,5.041251902101323,-3.1524390856742834,2.706991926914551,-3.1318360627285617,-4.233463206317129,-7.299592888660237,3.235294798549548,-7.207880884095579,1.3675230918466066,4.008437657024684,3.822134848201841,-1.9275662569987282,-2.356587403427701,-6.168675916301582,0.6376582052234315,-0.9756384371618884,-2.591980990664682,1.9575453275612535,-0.9828230572384747,-4.970044560930301,-2.212810071928055,-5.638623845835744,-1.6765663318075994,3.3135952121873897,3.0730511942638534,-3.1198007577497355,-1.0960737248444021,0.21458354853214234,3.333946212668452,4.232025891690054,4.930809813499552,-2.8883619340481124,-1.9385812098169246,-5.316028973034518,3.6850192442393785,2.246214458318985,0.13847935749486,-3.916439866647411,3.702438280667223,-0.023805019699845276,1.0169595241170541,-4.827826052941133,2.2726824490000728,2.0,0.0,613.1773352444758,0.852057968187871
206,2.373979449278349,3.2381980516634408,-4.240413825323334,-2.3603067954764025,2.1310552827024822,2.763008558862637,-3.6732832660699906,4.55147941136095,-3.2857726298785694,3.3795809843887863,-3.2644150059180492,-4.026714657744895,-7.79865910337212,4.061643170029352,-7.007497921541329,1.0549362221636887,3.7040025321758967,3.989492092613766,-1.9046217395562077,-2.5372968517661914,-6.131478833849133,0.33610781574525556,-0.9815570902084898,-1.8099746496787124,2.45772556545297,-1.0377187899949334,-5.232998293175518,-1.9803048768317566,-5.555295341583067,-1.1359553577975552,3.1473017236077316,2.605252437322967,-2.493453057071226,-1.4721370085147192,0.03681706209472323,2.876593598282634,4.329214201331622,4.851661824749438,-2.612721231812733,-2.1513412403625933,-5.132663440076813,3.936060571004134,1.2766057118734264,0.6078964290276163,-4.222579893182725,3.450588579621049,0.09720066986123682,0.9241886525596703,-5.304037502508494,1.6936775262659736,2.0,0.0,589.9135124462694,0.926912857787534
207,3.3487305425296947,3.08605552552755,-4.6005656945574245,-2.1778094107457164,2.250539282241693,2.7629710668254472,-3.919546414223336,5.061282208634978,-3.1968111919151574,3.090567181830116,-3.1882297192116633,-4.338267197951094,-6.9594178165714,3.8947211377028848,-6.758364552434426,0.6528328384435635,3.968798489654546,4.183744218072496,-2.0257132422629196,-1.8215254072583071,-5.460894518934859,1.2217131541736421,-1.2897645607295312,-2.3890906921507415,1.6080397070276675,-0.9561215107194286,-4.901204983284323,-1.5326366294731357,-5.532901927525409,-1.6872743647372366,3.8384977187327016,3.048240121145239,-3.231223240178007,-1.981992669753394,-0.3718776399114667,3.2593686330135387,4.579539843324462,4.125296628339641,-2.9803729642169268,-2.367474956033147,-5.337513635410627,3.081610721575237,1.8448566020483073,0.23247365623407162,-3.6875589136026226,4.182722842491862,0.7691888701772815,1.1354784100116175,-5.267012551401311,2.431502547753389,2.0,0.0,615.91871519491,0.8751402520486329
208,2.7376781758140023,2.7654876369963315,-3.9604186487825426,-1.8116511407133407,2.4081299071390525,2.294528324188202,-4.040982646000163,4.9027121875391515,-3.334526798748173,2.781613698303361,-3.8746099330704604,-4.2059086937258385,-7.389057890914142,3.0043946545337925,-6.615125799807903,1.0952864961995965,4.129127880057968,3.976635155057258,-1.6180827842034848,-2.3062113230203303,-6.380090344162161,0.696377979973288,-0.9117396939130126,-1.9922403951310956,1.942029573526993,-1.8402923154474746,-5.428949135777942,-2.402963302630049,-5.708655454856548,-1.5057238336673637,3.8535999995965224,2.516177748902846,-3.152291597096611,-1.4134196694903298,0.6077524869244257,2.5143598135374257,3.840462480497828,4.863016073907321,-2.6875608409664062,-2.6833279394689136,-5.063765417584444,3.666453843062369,2.084991250557116,0.3713014342202843,-3.976621069795498,3.6121574355671826,0.7326325105264666,0.7863660368947489,-4.602935876055892,2.1670776539146783,2.0,0.0,595.8633500268445,0.8534988498607871
209,3.0055324510214385,3.3853654507571274,-4.0500706954587615,-2.2912386475171527,2.542619735660215,2.745994957235122,-3.714709219978671,5.13678700999674,-4.181937612447705,2.762869420687992,-4.04629980729891,-4.656109886539927,-7.970965252542724,3.6555097000226193,-7.463803217968163,1.130244996703087,3.561987533823541,3.6296849022044317,-1.9515634149927485,-2.1562426800975176,-5.961630306104313,0.9027926806608534,-0.7326616747783506,-2.9672069574697923,1.9402520405319672,-1.0261091355170702,-5.07555566269703,-2.215755579491719,-6.010701225700873,-1.5762390891864482,3.616522489737629,2.6120506299421637,-3.043972005818933,-1.0633362001172424,0.28468957676619805,2.7852428559391598,4.701406433150998,4.46840558906953,-3.4256558083144717,-2.663154811160373,-5.532925454109362,3.715380182830629,2.0908010884044606,0.16703492650187518,-3.263186723582733,4.233489128246521,0.4728280488498969,1.25561247372472,-4.941836657412727,1.4760855075386834,2.0,0.0,736.8918256536995,0.9481847440166065
210,2.284431751301872,3.423499199956091,-3.0985626363838343,-1.5891930638987288,2.35217147324186,2.3589104198973585,-3.568682113008445,4.397729582962335,-3.2228741311467926,2.9172054329064694,-3.7120650517983136,-4.6758278830971785,-7.4269759728504665,3.7320039077105984,-7.33289016096465,0.8962676650001893,4.2672726395174525,3.748261558604805,-2.049962896610381,-2.073831399239926,-5.46112301119777,0.9728869571924963,-0.6734034673746376,-1.643320536583714,1.9410410894498726,-1.5175848859471048,-5.003316842445201,-1.876206462352675,-5.570416497090958,-1.8146642809719418,3.3315635037025784,3.1153780130079567,-3.0635236735412414,-1.120242478770679,0.44992572205086345,2.993758636083188,4.721605309743457,4.339828806726247,-2.7240145584996083,-2.4075657255369287,-5.24736934966396,3.6975581955103185,1.8359953792992134,-0.02054388007097102,-3.7167975739345183,3.823141545578018,0.09586372093394013,0.5054094131357858,-5.311841918692223,2.145392338634278,2.0,0.0,556.5187861188964,0.9138278911238964
211,2.7776280713406027,2.974889635683799,-3.543053890303672,-2.209195089404007,2.2497887130796124,2.2191447347240354,-3.644958206625034,4.857609493908403,-3.484853785769805,3.5629980413752538,-2.9677451887205564,-4.821297553300362,-7.60520288765147,3.7943827076397474,-7.53307482141849,1.2098598085028798,4.073610893423721,3.8645828292354123,-2.2884172406439345,-2.133963851210146,-5.97243527251518,0.3737978107144882,-1.0615550787734425,-2.361620972355708,1.6591256850244371,-1.5293537069853707,-4.7013092103812735,-2.2682562683449805,-5.861191760286408,-2.039817845801264,3.599077701829039,3.1522433513722667,-2.459222961175901,-1.4831835825521575,0.06585830794644955,3.431397594349013,4.622304883145788,4.754562092107771,-2.818825043069573,-1.835318123983007,-5.3209424020967395,3.0782055848848375,1.773385108376149,0.4952172769263919,-3.8945614887373385,4.064283409162369,0.3016982859385028,1.0930276387434328,-5.1964264867212835,1.8233905933184777,2.0,0.0,685.6956425550227,0.8233598080061941
212,3.2865527181074596,3.092569478219901,-4.013735542070499,-1.8923701226928356,2.2071467172213435,2.7134725865953926,-3.8984943188289125,4.2672815110063675,-3.2761987577619482,2.7235876363309486,-2.6373791268765636,-4.561361929880786,-7.690864355018873,3.8910872601532636,-7.240406050614207,0.8817948129825709,4.09677487249177,3.426735822929095,-1.8954408291427978,-1.8090157893529049,-5.997387091955088,0.6503550455435774,-0.864245321733736,-2.4875601706100623,2.1970617677255397,-1.2845434955203052,-5.391823171016657,-2.255121942221299,-5.309137417920376,-1.6004053129968119,4.034059095598466,2.5872878266541672,-2.470753940874859,-1.1642499064058622,0.30122567242512505,3.1207751579576666,4.357028575408365,4.531417495347987,-2.570382853210951,-2.5934263250940033,-4.923780124843134,3.222904645389794,1.7979841547987108,0.3447250922297612,-3.746160914310185,3.6434707529613477,0.28869634772222014,0.9793364770090005,-5.215399391913938,2.2927672050441936,2.0,0.0,592.1855325073194,0.8740190662399
213,3.1243547929715016,3.449285616857391,-4.240581269816256,-1.5737019751779644,1.966906977335474,2.268840601892657,-3.3960377491102283,4.497133577094773,-3.601532864481119,3.1077063269618965,-3.7101500962321214,-4.717620050298865,-7.698074253748958,3.7704014088693754,-6.9635838306545175,1.1254536824144867,3.890694049309285,4.259478480581569,-1.9608824378317113,-2.8166042131274147,-5.910350889316227,0.2890879461687081,-1.0670897565161457,-2.7418689385970274,1.9816300724347928,-1.2248012055004118,-4.825734351896799,-1.923741159619249,-6.290687341811,-1.293642449813816,3.7111024438160203,3.137224062575231,-2.799459851594322,-1.7620272675402286,0.22678176534534736,2.771049381041907,4.254068670841067,4.310022995331067,-3.299476940238087,-2.075396427272381,-5.308592389089469,3.693481900068221,1.7916843815453602,0.7330320514199484,-3.8013275169801566,4.505665319575053,0.7759695941213209,0.713342007768589,-4.581753515513607,1.8746483410062964,2.0,0.0,612.9270776015205,0.9852477880678594
214,2.619467913423561,3.3181162787502965,-3.4621717134229053,-2.458952390840128,2.484277561396095,2.5126669379106596,-3.536023646408684,4.856936588293333,-3.6330331992993488,2.914441610301106,-3.768757927554362,-4.364960207386816,-7.546596699175775,3.4123475345853183,-6.837759904926491,1.0241534341070424,4.290213614390352,4.214362835045536,-1.8705859592471037,-2.0888249730934394,-5.674182742230215,0.24404878534699315,-0.8848726452501434,-2.08420484665541,2.3392266259184136,-1.2195720152249934,-4.657099822821426,-2.2710856111616593,-5.188598641633731,-1.5632327437373847,3.912241844796496,3.015773144777803,-3.216012141781947,-1.9914675977301683,0.3691722906066424,3.374530713931618,4.443593301926242,4.646414832081986,-2.9332650503945277,-2.547900166757172,-6.013419360041074,3.0674111529853656,1.8456135538441758,0.5675737120914583,-4.238848345299488,3.8413832842229167,0.7842829757364476,0.6918147093858347,-5.4078091627453855,2.113070406882328,2.0,0.0,660.6874046797124,0.8888437911374496
215,2.732232889293168,2.4020683231457327,-3.9451068520183985,-2.0922594526869567,2.189020215557261,2.851013574386322,-3.827305119809223,5.293099991145426,-3.571756161962559,2.8759876534562756,-3.4528841309829237,-4.5945785375507535,-7.406471009608147,3.561216559441963,-7.204683038112779,1.101073174519259,3.7671278998522406,3.8606307160538473,-2.563352758037535,-2.721604034954519,-6.255747299299972,0.3516068870263604,-1.0430393022363642,-2.393917804007598,2.445007888544616,-1.8148853700232048,-4.501364026971147,-2.3597161229135324,-5.731977889815106,-1.457736751874534,3.819292719615644,3.363733372094736,-3.1758797785840884,-0.9777553442348557,0.09089071568611197,3.3629154059254702,4.537362829088812,4.4180193543076385,-2.818596753500307,-2.728949986207343,-4.971492190708175,3.336165440091616,2.2083510196235236,0.20284299871836536,-3.547742607041509,3.753208621492323,0.5456742985779909,0.6706626632212624,-5.020541045127938,2.132116571259727,2.0,0.0,680.3659910590247,0.8266325674535213
216,2.7979900342099877,2.975179680821993,-3.7117117265822346,-1.8367513554986776,2.5204564143723514,1.962115626157244,-3.6496180498458677,4.783071690629414,-3.5561022461297473,3.13329418568375,-3.316496799737368,-5.021033174714887,-7.386473675665411,3.95743542279266,-6.910284600184412,0.7943951332295294,3.9157548616965805,3.89081979754452,-2.4131511505735475,-2.132280940382863,-5.7632345775687925,0.7541219847430451,-0.9294157501853371,-1.8294721313032896,1.8172118581732462,-1.5365120872716393,-5.027774238411846,-1.8390240338587427,-5.388940486996652,-1.365882335308645,3.74580081059996,2.9853761818828404,-3.416484672782122,-1.1919490069621095,0.27395758880547927,2.8082621340466947,4.564824791779449,5.0225692556652675,-3.856094585201399,-2.418350294249462,-6.144858770024278,3.5670766035440153,1.7924572825433374,-0.2618855543011622,-3.568228930889877,3.8197849099509242,0.30278226715458956,0.5695204794294504,-5.238731244592755,1.9368536845767597,2.0,0.0,683.6283803795159,0.8079930301221306
217,2.5718911514109384,3.1823606071729245,-4.180587570978953,-2.1422842065461074,1.6692986896632571,2.310527687301285,-3.0777517114364272,4.982159811704721,-3.515590180606541,2.8543510702936725,-3.799952233420991,-4.423788781637467,-7.683131030187491,3.5607994678496224,-7.4615683194652,0.9990840932693786,3.7519801083973605,4.371512712720174,-2.192736969308073,-2.203540366967149,-6.022486547893646,0.3236472475122417,-1.0846079774890671,-1.7256915741109289,1.4907690719732294,-1.5244834732779995,-4.965283198984175,-1.8965251740747142,-5.500453885306424,-1.5475251947377364,3.613797085303167,2.81841850686658,-2.7901795735224395,-1.3817910917119829,0.09868158412882702,3.524384736481434,4.656216283102667,4.685600391164187,-2.794222891210604,-2.3492929561151397,-4.676137524204974,3.770300444175311,2.4855515023957766,0.18097623264380053,-3.8483676206404107,4.113441214549307,0.5188747903385315,1.220361607042959,-4.5948161607791915,2.2496093040785787,2.0,0.0,611.436863362377,0.9383192911947789
218,2.9586868407359828,3.0505204250182083,-3.8884706777291935,-2.015877537510754,1.6694571162918,2.4102867840355833,-3.9574099758533605,4.62118329353808,-3.1773361329101824,3.4454825773916244,-3.462461825006473,-4.8251960431862795,-7.796191472585841,2.8899818130977035,-7.809491317882855,0.6430683597253937,3.9967572760654204,4.599553514049138,-2.484386176712502,-1.7201832623429256,-5.687925396173978,0.6831334631922478,-1.041889976224325,-2.8281201838354684,2.004416996242858,-1.334763916118821,-4.798933289310242,-2.192176069684105,-5.393465731513102,-1.4594258764333088,3.640222087914432,2.8122935979194974,-2.502548106644257,-1.5329212565471324,-0.045210857844975055,3.203938420501244,4.19057798087687,5.00622925145432,-2.926208634924969,-2.3641466007571528,-4.880130155218576,3.539467162603288,1.8914321723928886,0.43440500553904077,-3.8758299336938666,4.169654951910137,0.11673969936664363,0.8506642476994316,-5.172631528849761,1.5624451917577606,2.0,0.0,646.2008212713209,0.9169650467633697
219,2.9472393846938307,3.3846373180262055,-3.7228981885241774,-2.507170836881891,2.200762456949311,2.357576987830601,-4.345985122121212,5.021088788180258,-3.5320817287974466,3.401737500453089,-3.4410725680552994,-4.623342307320612,-7.737987358739021,4.025890349333419,-6.940227639453357,1.599534468884186,4.28810019740294,3.903859685462698,-2.394675965194252,-1.8323648876067535,-6.223027532403121,0.8996834470317043,-0.6763978069887415,-2.4025502832715304,2.173828505295507,-1.4063322632695627,-5.070484169917263,-2.464765452749975,-5.142679376062322,-1.9151327173410793,4.126320897740931,3.1529400690388907,-2.7268383677195263,-1.3743413616494395,0.23145023314589735,3.5248799836437996,4.652682066837942,4.684625718989956,-2.8392365002199385,-2.6747649274428937,-5.014521832809601,3.6502060604787747,2.3146297432564955,0.2566118842801752,-3.5713500218092666,3.876273371795738,0.3640086055104458,1.5979447125261588,-5.427182230957323,2.044150779487947,2.0,0.0,720.051880381456,0.9715190982909351
220,2.5329050121896004,3.439858669823109,-3.733780231884535,-1.951604976796758,2.5197357969186647,2.52443576622765,-3.5876191955613583,4.458362611616018,-3.587200931985444,3.2532488511807705,-3.6170100615809115,-4.998247320086135,-7.5287965369266345,3.8280343267105965,-7.084711438297014,1.2551968732998124,4.036640705342631,4.50532089730695,-1.4493182141208638,-1.988931858588899,-6.246163278511646,0.9309160324279543,-0.7956740553340718,-1.6163311812797438,2.32726307091598,-1.1227124334579064,-4.568623709169819,-2.155734140909507,-5.13631032082379,-2.0092367375877114,3.568953833548436,2.971463845641403,-2.6513762468307824,-1.7242526413495758,0.4476806013086594,2.711943421611322,4.454551353218665,4.327172436926147,-2.8596956552878336,-3.020735417313632,-5.19220700591175,3.5841847340096664,2.4003427806554116,0.4965339745753403,-3.8500113946226047,3.8028050264416264,0.9820483870195993,0.700590938234181,-5.614895770347073,1.9162564366596062,2.0,0.0,640.4428396453661,0.9183003486921877
221,2.9321799941803333,3.307497919336792,-3.3741181462717496,-1.6529763219416203,2.3353243861021222,2.4825799003652262,-3.559876225464455,4.782326696805712,-3.182915054177978,2.9658155629159078,-3.3657230006827255,-4.478445664400694,-7.569847195469023,4.2450698964035105,-7.232373597352297,0.7690803786452749,3.5016760234296096,3.8057917171623017,-1.837631098641786,-1.9755010896974086,-5.970113762501575,1.178089634413932,-0.3574624868862715,-2.714330512932958,1.7142171729227313,-1.0284954587150958,-5.43183655048891,-2.0119543933250768,-5.453780143317306,-1.2936140778666076,3.2736398062386884,3.5936815611441726,-2.9056362267970366,-1.2724236154886484,0.26109437420672604,3.040351914940783,4.509815475745746,5.265436799825865,-2.8270099016707766,-2.5661215195764924,-5.456735825073363,3.792933677163153,2.387126102992801,-0.31727546446363053,-3.7746476415984254,3.7486559833634674,0.522955136306072,0.6344182921589957,-5.068115972234458,1.5201724504719403,2.0,0.0,655.0504187445674,0.8494231233236
222,2.801263079558722,2.540393332280234,-4.009455059865532,-2.377877918955239,2.4832301290625214,2.6377164910214814,-3.728696908306228,4.688265904546505,-3.4420691585239944,2.8044756538999502,-3.875907279090288,-4.49746157474954,-7.551045895472105,3.2899205125889073,-6.837057990321942,0.9189513490703967,3.972816926201454,3.6752357409904115,-1.945443550686802,-2.169218506746542,-6.488933273126515,0.19412869058562654,-1.3179707588196117,-2.0245797695417704,2.1407272409210134,-0.7817034324170054,-4.706886379385086,-2.2223853618712885,-4.790480314970559,-1.5322799615833453,4.246631636269326,3.0904323687629565,-3.001836447890718,-0.9696898711067318,0.23995125172171727,2.8905163729367565,3.8475993931133496,4.654826412086846,-3.135039457893301,-2.214302766117212,-5.747572454004691,3.8198130654957945,1.6389641101153636,0.3740735654649081,-3.725527472229455,3.7197457296156364,0.1340905987578866,0.3221876003223966,-4.91774113861664,1.5281264000163965,2.0,0.0,577.1635597155968,0.905548358323071
223,2.833574491943369,2.414532853540508,-3.5413349254307276,-2.0810999709135274,2.7382244330199996,2.612810372907059,-4.341213180136702,4.915854823563286,-3.797443737315837,2.854926160924048,-4.103220271947008,-4.332154757216745,-7.810319119824845,3.7652808768849657,-7.411697519724815,1.2194525317098248,4.077494689486703,3.618324598036617,-1.5258572371335954,-2.0357124880402733,-5.662219089566267,0.7112935063984072,-1.0963678857386785,-2.4413598465127597,2.2309055427097833,-1.4564637871872523,-5.383101657760932,-2.1331540216506517,-5.600576903924826,-2.0118638316332396,3.8577823839398984,2.628498206748966,-2.5296783174728388,-1.339366943133576,0.1667434581766152,3.027591963202288,3.789295894536781,4.879089199505716,-2.457547421195422,-2.594368070820627,-5.120496622239825,3.7070380923462705,2.368923196835565,-0.24487599872736715,-4.014605744468049,3.6229151757270066,0.34224854445010855,0.8837954737141894,-5.120390605631202,1.9290365420073836,2.0,0.0,668.5910096303851,0.876947431691922
224,3.0065884319661467,2.7862290302543196,-4.2999399266450595,-1.7530727571502633,2.453941283798092,2.9362782825930864,-3.835787525583038,4.4706465641711395,-3.284905428666629,2.925893974390033,-2.841987751680171,-4.805311196305457,-6.949872290715367,3.8075237871517724,-7.196790436789721,1.4200546539125485,3.5635034057611077,3.659288518493122,-2.362433753311808,-2.0184667318994616,-6.340222416074121,0.5558239632972282,-0.6586349211465395,-2.115456655192344,2.2976560812869335,-1.3756124013832092,-4.7073303058687355,-2.521250286576015,-5.511165939635458,-1.4154410571989577,3.8073295465521753,2.949071038039892,-2.7693004816487505,-1.2855109002920446,0.13832869681490986,2.861316147780034,4.3170975154557,4.811597944121712,-3.1553051036070188,-2.4226030446442532,-5.092198789590146,3.0595936332705653,1.9120786406102774,0.1593210270639767,-3.9154881684464993,4.362498531711475,0.6521185536860454,0.9181318884136334,-5.460526771822276,1.6038833945589257,2.0,0.0,629.7597664353128,0.8269336153917239
225,3.26591400117298,3.5130089307148697,-3.9071150767558422,-1.6143515376531545,2.1856774495506306,2.6369153469557434,-4.26688595572497,4.632823134093892,-3.2277286584502844,2.6789465425677514,-3.4214350268655385,-4.293576244883213,-7.6709948037957405,3.5844017395665886,-6.8347242932250785,1.1045838228651674,3.887667831684798,4.620329226304203,-2.2632763229031614,-2.6787512769927724,-6.150554795782192,0.9089723569986373,-0.8072447661622953,-2.420161338714118,2.715125934263782,-1.9302586511814503,-5.123987741428105,-2.1497019715220564,-5.743044643529485,-1.4570211578670154,3.857396538715433,3.064153048476997,-2.8023352727199655,-0.8616096263582033,0.16900458683160008,3.1366603357962086,4.292417014132717,4.613982760322103,-3.10652758479892,-2.2518195638339895,-5.303293623520326,3.3426188201141036,1.6042954681057795,0.2528668732104431,-4.143632641552715,4.154032354242615,0.634319608300181,0.8502962021268656,-5.100745354860166,1.8646677731435026,2.0,0.0,693.3834507689248,0.9097718076156761
226,2.7618168223638246,3.1566417420212973,-4.077205980327063,-2.069194904135218,2.1955127701124213,2.2777839356702128,-3.9086525782534824,4.731181438527181,-3.6411851914680025,3.3785539642812616,-3.851682634077088,-4.486595546688879,-7.895491033492188,3.6575247284868087,-7.444109926448062,1.038812811687935,3.1583450278826253,4.2988387137458615,-2.427078624626393,-2.091826288079696,-6.285804827587845,0.5497419392489087,-1.262810539632246,-3.132044053246427,2.1908171644143533,-1.4093291632251792,-5.641727593157382,-1.8994557419157556,-4.8917154486714685,-1.5201195588144873,3.503139577564595,2.664855755359883,-3.181766352574841,-1.1607337382376597,0.07956956253972383,3.1285954409586734,4.281812918839466,4.583330231757708,-2.7911208202395343,-2.0405677638350905,-5.123545239269459,3.4230899189535564,2.707386898095433,0.5900373768251643,-3.741339441605282,3.6138415551949574,0.7166280091287041,0.28523317315173036,-4.9523486730407145,2.1648921512604358,2.0,0.0,678.670297613925,0.9000390364893288
227,2.791595266624128,3.41833621296363,-4.1651631000993925,-1.5632267902969563,2.4852206366592617,2.083909137787546,-4.090246669196777,4.742171075734588,-3.185153453099002,3.2441065468640855,-3.7236845809738996,-5.204381773951302,-7.538820959845763,3.361360533977589,-7.306080063925127,0.8802716069055605,4.01070422636259,4.041972985352463,-1.901785463042743,-2.4700052230024196,-6.040347857834552,1.085475774261003,-0.592997958067691,-2.0729454866141457,1.8832582288235797,-1.5881713414355945,-5.2203279394118125,-2.2950245894164483,-5.057684486287286,-1.579831668194765,3.620630053263904,2.788494775573546,-2.5791729129034637,-1.3357733322339578,0.6917127496239868,3.222117013260533,4.431569050722226,4.531200147940556,-3.525226168748885,-2.6767638490277976,-4.865587705392581,3.3657700648779,2.58473291818202,0.3023076263617335,-4.240944638517722,4.159664020519368,0.31834999665811475,0.7837443048644261,-5.227154372815072,1.9716480099364884,2.0,0.0,645.117334653618,0.9783281335954135
228,2.841073045351346,2.7022806008125184,-3.711920879353526,-2.132093473549066,2.7171213910214522,2.3323179846775934,-4.130378901850333,4.93366662027328,-3.6748501446610113,3.5732057834113986,-3.2500953012587037,-4.6959703784964315,-7.304231427068702,3.5968627196498635,-7.014692927269356,0.8044461744735104,3.9489424740158956,3.8734647614763085,-2.0306807310527484,-2.214034587531265,-6.410097233484043,0.9897586979260948,-0.4805943688797251,-2.254656013281494,2.0533854252135457,-1.088758974711423,-4.616700694754348,-2.364416560503172,-5.085499063034947,-1.81839147208892,3.6815297878407316,2.7656050080620624,-3.1237293857039368,-1.4280144232415615,0.3908319062849773,2.7588685125378385,4.987105666701637,4.716931568378716,-3.17177257484763,-2.6983494229407046,-4.829052622106016,4.24394635620556,2.0848941247882675,0.16223146150847473,-4.0699663484160205,3.5165639149543026,0.6079944756639715,0.982720758241646,-4.86722678633417,2.183184837618646,2.0,0.0,601.4236810251693,0.982186969682322
229,2.812615380002342,3.3005175071147135,-3.9243513841167563,-2.1224724658376237,2.465269672800335,2.5824221980544575,-3.9131202777001164,4.717786138869659,-3.0713932559121297,3.2613086608110726,-3.65358700869181,-4.770560514812026,-7.452411622409934,3.8339617374711814,-7.184274514697251,0.9218810476915851,4.071143396759062,3.899433480375142,-2.159718971352775,-2.1729790037676233,-5.438347839508294,0.7849734575276552,-0.9778465885981416,-2.3485498219989687,2.3208726576092764,-1.1739554933755254,-5.262591695040192,-1.761567170069591,-5.167555800089414,-1.324859799625292,4.208454893855812,2.9536375765316722,-2.979610206414495,-1.2656100631769336,0.6230185748983228,2.9935586424017657,4.410816537099509,4.65428027036443,-3.0858666376284134,-2.7119470022125793,-5.103582584560962,3.976746716615756,2.1668921934263947,0.48998006732097854,-3.8389429899109753,3.7107330346105316,0.08152706159921241,1.0928427532167022,-5.087197854198625,1.3959558976089443,2.0,0.0,594.8643032394214,0.9870420427072379
230,3.1246265071978616,2.715554660215176,-3.984313155595072,-2.050389881297281,2.2733830628140446,2.755909124977076,-3.664554367370612,5.221687826652526,-3.2968616924677407,3.458148043665792,-3.581560893602641,-4.294714680448375,-7.97984535010896,3.9921125048544335,-6.4353024216562105,1.263263864251309,4.24286983816585,3.974382407347591,-1.7156116109187258,-1.555795605510531,-5.8237595385915615,1.3480023809078274,-0.5746814624475175,-2.2620714952215137,1.7767309551085178,-0.9434851409762769,-4.81047441721555,-2.6075635738112113,-5.7324697107812765,-1.8151300195313178,4.096610949789346,2.7762810317043534,-3.087072653780919,-1.3020365068386732,0.17303003449446686,2.9071953072327448,4.213886689425906,4.775771425036455,-2.97344249542335,-2.187668684444126,-5.3648646784745475,3.4037576641198077,2.3730204052027104,0.28390176283381374,-4.1711175392369135,4.00970579760488,0.6050368404319094,1.3329448150736734,-5.0945270493188515,2.000989684836213,2.0,1.0,820.7103766541152,0.1847648963084587
231,3.045920787441309,3.3068261021924945,-3.9997514025228553,-2.1926176744322303,2.056507652382061,2.8496855021924183,-3.5352247965312626,4.942597134974135,-3.4657366812734898,2.9803058240211238,-3.0715753132386907,-4.5223533672187815,-7.754549206905614,3.795679109740296,-6.9087922942818984,0.6123060806578262,4.05714323703469,3.9751231036364563,-1.8957460709380187,-2.427204691492814,-6.007094516717137,0.27839955400088046,-1.1687061652339483,-2.5140919481733683,2.30923593106355,-0.9699843575028675,-5.600497089943959,-2.39703259495059,-5.909980479771478,-1.4746075021812959,4.205743742286154,2.8700969800307417,-2.903368472925811,-0.9123214349820621,0.022993916164169848,3.1563292686599644,4.628419688869223,4.938337619511028,-2.759159740509602,-2.5925817283689545,-5.297637361535847,3.4957455650917035,2.131398667756908,0.5472233905765447,-3.7356316410386383,3.8953594303320838,1.0405977391278147,1.0145808263123608,-4.800509603744752,2.3639400343270287,2.0,1.0,924.1353276708849,0.0776633986821719
232,2.9491289293635425,2.926940096904689,-4.046079608324257,-2.0356759531263866,2.129562707416067,2.416375898263089,-4.19641346873008,4.801400091350462,-3.594775021233948,2.71924661819075,-3.6743885406838106,-3.9985293636446606,-7.295952826171681,3.466954762829652,-7.407609358415301,1.0994050884161948,3.768217343173604,3.6125691117449135,-1.6295984227452849,-2.34368669199124,-5.627286306165211,0.747308989385019,-1.3024020435914734,-2.2184791861487576,1.7067240761644078,-1.3274714036326205,-4.634613117010013,-2.4165154495363868,-5.251594153309037,-1.5935795548377898,4.092318160838812,3.3793674771124347,-2.7956469835530395,-1.754513800453951,0.16254224491948585,3.3683639324804986,3.8943106660708544,4.689640170143655,-2.5677888693621194,-2.465304080960525,-6.009283102021603,3.0801105258130814,1.9355964035798445,0.03865457356812338,-3.776094080825068,3.888433073581717,0.8847346391311577,0.712025935863932,-4.875167172639227,1.882150087210924,2.0,1.0,719.5705185976238,0.19659893289374475
233,3.039972127970529,2.999211622883188,-4.358390530387579,-2.121969919085514,2.8594461953232515,2.5476271823396717,-3.4859633436484048,4.583662278889132,-3.432592380672645,2.815333547867207,-3.54703564495694,-4.713680705491433,-7.238002023457046,3.7342988819115965,-7.000147336588993,1.2609353484330938,3.79120633715771,4.408847598080722,-1.9413936950033597,-2.3568221865115695,-6.253243535040211,0.5819204309533356,-1.3500085303975746,-2.4037058694392415,1.9138560113643557,-0.757837603024788,-5.039040108304813,-1.8310972921125155,-5.117468179512307,-1.5326850109806094,4.0249342782339,3.1524579920435927,-2.9281208388045576,-1.5682053260391828,0.16764754608808696,3.7873716755100615,4.815940073864514,4.285352896218324,-3.129502302700284,-2.3144264112564183,-5.610971626569402,3.032794133278532,2.2637073164553625,0.44801217524838166,-4.217623326780229,4.3368924392466095,0.5991934797316903,0.19988798247779138,-5.285192826492227,1.8277127342062947,2.0,1.0,774.8230420259537,0.5526061308359385
234,2.6111673353013236,2.923570157152296,-4.172357262812456,-1.7948968164419141,2.6617719987702864,2.5441532335579113,-3.492090084585254,4.273345937868291,-3.6080144987650224,2.8756066458843383,-3.459640967516546,-4.178226607790569,-7.414387381897368,4.019263180970569,-7.109360299035106,0.891606314955215,3.9047162507125988,4.147187467731081,-2.008617401595131,-2.3367088625177734,-6.270312994509401,0.9076672716936475,-0.311265817230826,-2.51370322802294,2.278602778956323,-1.0872519733879895,-5.065710318434275,-2.389527452710675,-5.566154154985524,-1.4071132658196002,4.258891269587722,3.11204703152684,-2.7440008969980076,-1.4418243313919286,-0.34168771592378266,3.351197834305473,4.14151031958214,4.035316354473141,-2.443492874280794,-2.603032697562841,-5.441574453016514,3.2201004482599966,2.314249533073839,0.501993360111409,-4.374098435046124,4.244824108355904,0.7862809090962646,1.438808283422448,-5.4803485190186425,1.7397595706504996,2.0,1.0,819.6811047423722,0.1579455206863929
235,2.8401422460165575,3.034039317205753,-3.8774256065172796,-1.7146752849769427,2.7458032971668906,2.2970056672045156,-4.025321703744389,4.340276972062714,-3.543676154037351,3.387938037896919,-3.9018145269120246,-4.52811059765699,-7.953414493828264,3.7643032042659823,-7.022750766243932,0.8278014893220852,4.117867791368278,3.9531501854714235,-1.6789428228652123,-1.9389209524250688,-6.22883555887166,1.0827224944482048,-0.6242652051493028,-2.113849779393139,2.498520153487801,-0.8496765883996231,-4.966295872217201,-2.6915600391450636,-5.562649672875601,-1.450589713679966,3.6813247783497385,2.5685459368191617,-2.781777036520191,-1.910183268982909,0.4984870494102561,2.82737922941825,4.867552998238831,4.426466705412709,-3.682082004023167,-2.5561809656081094,-4.8105957759842735,3.631217553807688,2.1038745975177715,0.376725994265379,-4.240826996821196,4.006751299641463,0.11429280128326463,0.785292007324223,-5.11556561610426,2.0265005749756977,2.0,1.0,755.2604942289848,0.6636217579420366
236,2.9726221186244515,3.277895934415784,-4.197123720779331,-1.6805062957360308,2.4924735599154566,2.9241914166277843,-3.90288800169462,5.04670962712054,-2.964970851602999,3.25240984163026,-3.454742995994127,-4.686572433930811,-7.5499976097222765,3.6753932045358795,-6.960428578614546,0.8897076224730273,3.5881252627941516,3.929077732630812,-1.7543861204398317,-2.3383271197123596,-5.99394094356489,0.4283531702808116,-1.3293350875816854,-2.403048614878018,2.76454819744442,-0.8367517520539817,-4.769513443915309,-2.514226025345772,-5.590804475311272,-1.4427553162010396,3.5957146574328758,3.14360062809759,-2.7298991686802245,-0.8980296663077421,0.15058434939708096,3.243200208239896,4.222231187420604,4.708062313193645,-2.6364784325690422,-1.9195570254081704,-5.561564778361923,3.5878809162714234,2.0196208917575795,0.037833615485529104,-3.6112910107727574,3.79360327547576,0.1997710077569272,0.3643705272246739,-5.142812720397341,1.854056818437179,2.0,1.0,756.5448395102388,0.2769018146740373
237,2.993076260172507,3.3084977094619954,-4.120347685170769,-2.1864241170682686,2.583876708655879,2.803858785945321,-3.7213712399593564,4.434753258791835,-3.5449998709182102,2.7667552425265303,-4.2345352328614965,-4.698634403226702,-7.621456309102215,3.8344749189099003,-7.880461889095965,1.0682084272930688,4.2320218952242925,3.924180104216392,-2.275543850777836,-1.7774966641090992,-6.019074208241367,0.6203531225361629,-0.9702099751371204,-2.09968665533935,2.518863172431632,-1.3133534903881139,-4.842552927874495,-2.2760613197202977,-5.582861843153589,-1.384942441876576,4.1894590805140135,3.075265042795637,-2.682345056237689,-1.8217129106396475,0.07213205305674361,2.7706856047888437,4.809690252867813,4.8423967918139965,-3.185540534123729,-2.970312767543225,-5.183313365325216,3.11743942742246,1.9390029209881448,-0.17446509811407623,-4.809642868527292,3.948855507063202,1.0930022463617446,0.6567594585842662,-5.433123507207425,2.415875409900228,2.0,1.0,941.5167255176666,0.4112118887840519
238,3.0773904121389117,3.1280244800490453,-3.968069877936046,-2.343983360466132,2.70430391302136,2.558496157975149,-4.189129221941487,5.1133499623478045,-3.439611010828016,2.932886638726295,-3.7545185762572704,-4.011751859776178,-7.755208707002811,3.020752107828979,-7.202047619953486,0.7415281884056987,4.069479005954226,3.8909670315937315,-2.2954467241732206,-2.0250588827442852,-5.989080790800552,0.9352478090718701,-0.7488222600006351,-1.868574955326276,2.3824571192361694,-1.2891060354746489,-5.448193955580121,-1.7184352454146181,-5.16815885986299,-1.7576910726700035,3.7951247372371304,3.282817397790181,-3.070550691799369,-1.4897799663965332,0.029254056058952968,3.3198679128727675,4.112189820395655,5.240033475575701,-2.8039213378273504,-2.4390692226345116,-5.274617739443104,3.49791570273489,1.9012258997272387,-0.04434270336220897,-4.025482154308515,3.360421004829948,0.5166501011037641,1.1068169418423324,-5.241505051669075,2.1249575857555487,2.0,1.0,771.9914165195823,0.5289263812963372
239,2.453547034276584,2.917556457863297,-4.000802145073677,-1.4692720630409801,2.0476108233727714,2.7392565168131786,-3.470592806556084,4.51644342307285,-2.8055688001621015,2.595275345958962,-2.9742929764355273,-4.262133775540338,-7.5424722142455405,3.3006237432366845,-7.394530093673263,0.9091038114460196,4.179474962246973,4.077808055087484,-1.9563824145760447,-1.9749221326933184,-6.41742905772558,1.1215852507374235,-0.6241705502864789,-2.070920090399426,2.115981052055714,-1.7891605600605298,-4.687258311273122,-2.103037897873516,-5.198099169304013,-1.5404856254777408,3.6683104857648523,3.191625037304988,-3.01634665691387,-1.6276357528159773,0.016585989119369815,3.104290348950368,4.38258274759463,4.7823948206614,-3.16056823085745,-2.444229574718266,-5.179047879975753,3.0555281783364183,2.2492614603191714,0.9719090392135943,-3.8633854060465804,3.839006252549254,0.6401460656220362,1.1011546826259184,-5.455880498222012,1.9341845875415136,2.0,1.0,626.4382188303241,0.7468995927154545
240,2.827554015770643,3.6001340734880114,-4.014374333822634,-1.8942907876176933,2.523373355706031,2.766709296248699,-4.1782787215536334,5.158732809831392,-3.5576162755343037,2.544131868305865,-3.920810369664497,-4.818055585623505,-7.885601587871298,3.6688323089298387,-6.875965928085135,1.300838718883956,4.053803003218756,3.535184212610847,-1.6767613216990247,-2.238432293101205,-5.784675292391702,0.8086574679157109,-0.7664637915694019,-2.380426708422515,2.967833532042232,-1.522261896062278,-4.5296106230422915,-1.8478747607395465,-5.372141607253913,-1.5119877796257395,3.8874568601829615,2.744638880734761,-3.040561634854585,-1.123309977488598,-0.41118704340062096,3.728842705410124,4.189434403790325,4.63725484110008,-2.866548456525185,-2.7991731806641567,-4.900735316043071,3.3029237184795703,1.9922489764036284,-0.1500524856937961,-3.768384305698757,3.705356890273502,0.3171374567061773,0.8405622447136004,-4.934018798031394,1.6853474984641372,2.0,1.0,846.6913994676123,0.053520535856305784
241,3.478431758908042,3.0071331102539536,-3.452957412435857,-1.535685937869009,2.0390892256583726,2.654864646017858,-3.699811691754286,4.555478908655396,-3.795707380632468,2.988676834324111,-3.53435692468001,-3.9202769717058206,-7.643166148470473,3.767314419245207,-7.16177778385491,0.9809919658446172,3.692964392354689,4.3512349862635755,-1.7078953861070871,-2.0963732375961213,-5.863603454814295,0.5102574502738008,-0.9680616779614102,-2.239882933809426,2.5785805274350095,-1.215365367199971,-5.295875445204072,-1.9948339839446794,-5.221610011605942,-1.6216618513217402,3.7665685014136794,2.6627700804876957,-2.8563590053308987,-1.9796300672755827,0.42500421740054584,2.769385345569436,3.7257094959826036,5.064130691220445,-2.65265274950807,-2.341961858032642,-4.857713685774131,3.792514071429573,1.844265999029496,0.24622391134215696,-3.7791051597526617,4.330601715294166,1.0342525152206639,0.9813983153672731,-4.486172689055002,1.7897256359703055,2.0,1.0,636.4238779285038,0.5975117493838867
242,2.698856977692237,2.9488645496453865,-3.516398674847802,-2.102574257091369,2.35999710036344,2.5311629163161014,-3.7322485349149215,4.091516934373311,-3.2490481872956756,3.2342834505648597,-3.4174908948088873,-4.407202920605376,-8.145649512662503,3.6651200317723123,-7.686464840702991,1.0793609782338116,4.230675791409189,3.6785728365869677,-1.6476918029695218,-2.2094240079018537,-6.013268127318146,0.8103080410569652,-0.886420896519026,-2.6762057497565017,2.1897649076453822,-1.4757184953288436,-4.990788197684306,-2.4923336885714398,-5.105319554457138,-1.7676371065291314,3.861269424867183,2.965193845355516,-3.296294933804678,-1.4443051436349206,0.4795127932455906,3.136231457110957,3.517967177586748,4.6723235089677795,-2.768374462294659,-2.7726629295251435,-5.389506121835402,3.3141037778276377,2.7102696446255496,0.19663799401080806,-3.7915254225382324,3.8511481018544176,1.0425010726266881,0.9305670992512519,-5.226481311942473,1.6784011517159712,2.0,1.0,772.088695301901,0.31222609429823545
243,2.2891269331410027,2.9053308315368973,-4.064433873744297,-1.954993344320889,2.572256389200207,2.6402024417117227,-3.4985049152964534,4.689277817561004,-3.5831321160167695,3.033055247901792,-3.503309228116598,-4.5786134911341,-7.689125465917881,3.7602276069932103,-7.444580258345345,0.8441033804211919,4.457582386195984,3.5055587004784776,-1.2563502805896993,-2.120466792380586,-6.16118037055327,0.5046794621174698,-0.9120703647449162,-2.308269157827942,2.3024327911405607,-1.187533023746612,-5.22381847996243,-2.3549180482334826,-5.557179849323377,-2.365714465459386,3.985617947422258,3.4193236805071967,-3.217862929242702,-0.9731948742800031,-0.1303432094849838,3.3011692341814793,3.8604387138255802,4.66999685552339,-2.6875071494271934,-2.2965541004468926,-5.475483133011284,3.2546942353324866,1.838227189279293,-0.23499492537519462,-4.00708268707423,3.081724730946037,1.1340324438719407,0.06757700740566874,-4.773524450182107,1.5850726232698928,2.0,1.0,730.6620717565031,0.4286067421847348
244,2.9795171173499626,3.3509795579656867,-4.4372278047293765,-2.17688159537428,2.2621423581582727,2.9330158297256523,-3.930667292548859,4.654123939430277,-3.784314789410044,3.1299339397142085,-3.7418860083825844,-4.740751616484694,-7.547522896332262,3.8363620380641565,-7.236303236669948,0.9665448666955344,4.390027890123949,4.192545682866331,-1.7052097840064462,-1.8379294632464893,-5.858894059734697,1.038138984135483,-0.8075800414709473,-1.695522298194411,2.2060780122707135,-1.2673355071236243,-5.206617761706912,-2.039259892069916,-5.71621016544018,-1.5192848361062712,3.8119124580553407,2.49729820474006,-2.349501798800367,-1.1500366615023248,-0.37019967794455233,3.0144027473422703,4.445846956612209,5.100867599859283,-3.0901114789135913,-2.730728001748416,-5.430790990472879,3.519541535871473,2.238771772744418,-0.05066397848100712,-3.9671619437171675,3.3500706069760433,1.2383758600003412,1.0506112036034645,-4.742223862060202,1.918339341027512,2.0,1.0,931.5181358338951,0.04834335562098398
245,2.7888935040277865,3.6496087129328383,-4.228472140590352,-1.9267142431612196,2.135504686027857,2.552691490246291,-3.8374122735219007,3.7723362114395167,-3.7607296451699797,3.0656974101331986,-3.4953023728712727,-4.411464486727255,-7.397819387404105,4.087644019533495,-7.0264694333201065,1.1506446596812754,4.22655751569779,4.21585025248382,-2.146941495120759,-2.4484421548810666,-6.070184530663466,0.8205971634402164,-0.6439540835007376,-2.7920328926251132,2.2097909844558283,-1.751382766603546,-5.063012719046672,-2.6876444409046054,-5.098268163583224,-1.3831075770347088,4.285356364758245,2.9104431108203936,-3.210185086395493,-1.35613233886953,0.0875075610572759,2.384351604924184,4.540692432932181,4.482662859951459,-3.498478733817909,-2.114304483895379,-5.034309683700064,3.453747270635723,1.2293595439802445,-0.11026814854450129,-3.5245862805646695,3.54171670953009,1.2923190028227944,0.5102050812713711,-4.8322559297333845,1.7128464040663423,2.0,1.0,660.9460193287441,0.7130846399594197
246,3.2548400376229463,2.9134065783128413,-4.137381706492682,-1.7087084649013429,2.3193739302392213,3.036014598274542,-3.848763965707074,4.8918844091020075,-3.051413689060636,3.1754182479461224,-3.3066472292213507,-4.5288718155673635,-7.089938099787256,3.567124501090225,-7.197920476522791,0.938772899146463,4.728107444751456,3.3644248998685313,-1.9252277320514173,-2.599792800462072,-5.987532859887589,0.4983874986937279,-0.9440781995340214,-1.917072060866018,1.7821362289941338,-1.1472712756859238,-4.823014161287911,-2.012433326531403,-5.643418676977502,-1.448177025185597,3.495167993803268,3.256591951857364,-3.2784127873495486,-0.862964372842969,0.02676113106983584,2.5584632129504747,4.498036700711832,4.730374346133393,-2.6040972657089947,-2.9953742308222195,-5.147353197287406,3.5171026920745883,2.102458818299142,0.5887511580586205,-3.677057714192521,3.9528670633046956,0.24602496636263538,0.6866941981403532,-4.894481354668662,2.3674268846590905,2.0,1.0,671.0185550924132,0.6222989893993021
247,3.2516158274210247,2.810430749945664,-3.9110175961464995,-1.8150268517616697,2.3150122601011467,2.4789454259689423,-4.255928570648289,4.817832950841889,-3.503301271573164,2.482370435276926,-3.592427993683796,-4.415404751114707,-7.189036144746086,4.095956511892473,-7.335654770304606,1.4139704618857696,3.6511838295931964,3.9263665173312945,-1.8481955202217044,-1.8608316404329635,-5.711788462490077,0.491216537425222,-1.135657939111345,-1.7562629173145372,1.7536044780021418,-0.8715467364899765,-5.064165772850408,-2.2159000868113776,-5.638893519773854,-1.3668742262478486,4.32450967409875,2.7907041634090333,-2.36880142249434,-1.064237340827197,-0.22944474605618836,3.047882656558988,4.592853911037848,4.574566321359372,-3.1798143706775486,-2.530002154000878,-5.288533632112199,3.256152518085898,2.389946850887081,0.18949822304515818,-3.549272593639251,3.585172516330356,0.4355951262916435,0.44343824673672194,-4.763773701752013,1.7244924221482518,2.0,1.0,655.8370483001661,0.5360957566132311
248,2.8020439112823476,2.951758479161521,-3.8411325229541857,-1.541057781368615,1.981916867944726,2.4116645474325415,-4.245645021752876,4.616156455734645,-3.176679027755245,3.044065665350045,-3.065972490340631,-4.951070349339594,-8.308988373147786,3.5413560951762633,-7.468831941637795,1.3690110113076166,3.501904668310247,4.01097862334722,-1.3346823244511907,-2.1694801784191213,-5.781526535310554,0.955060773828686,-0.6237902092514249,-2.158845832485601,1.929034779905618,-1.0379281898668982,-4.572140819208631,-2.3082179814078305,-5.381492556272681,-1.3272870934267071,3.8077593338826046,3.2653480844421376,-2.773354690056326,-1.1978866188486756,-0.09518120041054517,2.8047797951753073,3.8298682272957985,4.761429405237669,-3.14238469666053,-3.1615783075725608,-5.322720506373688,3.8173750283607646,1.6770302252262748,-0.1258698325396655,-3.430664732729134,3.275481811165612,0.565438994276143,0.5087479512412719,-4.76712450869164,1.479982289075541,2.0,1.0,649.3249236607168,0.588042157319232
249,2.852386740651674,2.9498174272971927,-4.277295271172494,-2.2383220298799715,2.6073035803211715,2.45652975922849,-3.8674274998348883,4.776589503843993,-4.060202036043888,3.351662869426612,-3.48113874324377,-5.298602764189813,-7.732804862646686,3.424006453275229,-7.642571533608563,0.9504289560791361,3.9333771868774665,4.350843516548218,-1.6228726801056745,-1.9794480232468548,-5.972972393590303,1.0282913193564047,-0.767384927629073,-2.4536619542594993,2.3557526844208385,-1.5232002144197798,-5.3954740036139945,-2.2106166124384075,-5.562229845657458,-1.4129044214533855,3.912879380289215,2.755634868763505,-2.6265283756938618,-1.390358179896039,0.5360023549064967,3.4502694511882037,4.504754609809567,5.105895650892748,-2.844399641642139,-2.6965393445355748,-5.142128135555953,3.3631923947870357,2.194217951787221,0.26602534901040864,-3.781682302092759,3.3207437210003903,0.8069590586483433,0.986861987423958,-4.842759628305225,2.2162445657534544,2.0,1.0,857.179710430162,0.53095961468353
250,2.5386069643824474,3.396532437281749,-4.254276994462901,-2.1044158801043387,2.826880488654944,1.9865902211385715,-3.795102784974261,4.654806330603172,-3.653753157424728,3.3152907568806773,-3.419229741441485,-4.564354846792017,-8.342339900343465,3.010522536379981,-7.208659907388566,0.765801302539272,3.5045120662784828,4.03566398943847,-2.497971102707984,-2.120079408210015,-5.853090480493082,0.21239325529913627,-1.130778826093117,-2.3283355051454637,1.9178178552491565,-0.9151245276348957,-4.803191392172533,-2.1546006476976274,-5.754130476237269,-1.2409467446237403,3.49236701184573,3.084567741302354,-3.0057482733312613,-1.271749140589842,-0.43632681154410136,2.934698724419715,4.328237090654996,5.2747223046571,-3.3810026100964046,-2.5982962446149434,-5.269942939161625,3.690826638108425,2.413064324820308,0.6702532251514779,-3.9155526361509976,3.821376330851998,0.3876096787132939,1.056221996456408,-5.194201940297893,2.007115133128241,2.0,1.0,884.9340089531505,0.14541299847457054
251,3.0390353018874112,3.291385320210653,-4.189440407378216,-1.5474259991462063,2.4010671742219616,2.2183416338590702,-3.739378226723519,4.767898067730163,-4.253738063550248,3.3913590899196455,-3.5777547788112067,-4.020231685662227,-7.562113026187454,4.0453381327595705,-6.950437303763201,1.5435542702038658,3.875881019577518,3.914155490218512,-1.8238763443533608,-1.3520501594094205,-6.234686358090503,0.7514581846238296,-0.9157197873646563,-2.5399106329155328,1.9325794928484936,-1.3910393815444622,-4.481236256605152,-1.3414640599504493,-5.353445755685861,-1.565955045008982,3.7162582319701003,2.6661817811521678,-2.859908256751198,-1.5483374978798485,0.5214996104618275,2.8183080797691002,4.710867771337409,5.043365147775336,-2.9166807217575106,-2.5001685343633984,-5.428253438531259,3.0864778867166476,2.357628841620375,-0.038129813291246484,-3.743704005350222,3.6760206969460394,0.7505082226033508,1.358430053728556,-4.858945774350548,2.118660391736151,2.0,1.0,673.5043811586155,0.6903980580436953
252,2.715294338490783,2.793420867124012,-3.78141697600095,-2.069140493424665,2.2993579317813504,2.6367366207926883,-3.46184204948803,4.7357262406254925,-3.5661473756946998,3.322306207894673,-3.5558213685491133,-4.664265829831775,-7.211075169019793,3.57113406928869,-7.11596698866267,0.9154779432544411,4.356689529004967,4.147484954549707,-2.272172416024674,-2.0710018240929604,-6.603064256437153,0.81504191172046,-1.267571587385751,-2.2737945776008206,2.009155910511306,-1.3328897437138725,-4.9926644772503455,-2.018824548419678,-5.384806456797233,-1.6630136057116818,4.461717064517345,2.774814794432254,-3.0791675920484645,-1.5315100575298564,0.36538532952573266,2.9583206931704256,4.3463397210092625,4.5972904145904545,-2.9162357691840928,-2.464364514628149,-5.188389565126786,3.351940368013123,2.1397554557808594,0.425288599967233,-3.9281261650076016,3.9233887736226287,0.4337116648874859,0.7787133538820714,-4.954612214213117,2.170355083169175,2.0,1.0,775.6080191268918,0.3611431649887997
253,2.4886627338766503,2.081421456063253,-3.751669513988348,-1.7586872927502442,2.372478524150753,2.474364435553463,-3.758001169906374,4.725414722304447,-3.3211232379837,2.905158866626907,-3.759545582953385,-4.228242290417647,-7.757257031107562,3.719234322823961,-6.991742934198278,1.0205931161762563,3.7694195432656783,4.230000443283357,-2.1785995619863034,-2.0122792245573677,-5.966872293223738,0.8312565793012137,-0.760377954869109,-2.334936172793208,1.863745588981735,-1.428052421406869,-4.850060244533049,-2.1675370290864953,-5.156608297991537,-1.8176004924668425,4.249678216717203,3.046064296844271,-3.087971606098696,-1.56736595393916,-0.38658203622423204,3.1678572444007878,3.7815610984300245,5.050337068761622,-3.103595669392488,-2.364925952435067,-5.314100666714866,3.812128213474199,2.3254827886336065,0.1290179299735612,-4.635259359311961,3.404574996568704,1.1710171473709163,1.2185048234538984,-5.246249500611473,1.9132729590764241,2.0,1.0,711.7271987797486,0.5197837627571885
254,2.7329111085042186,3.117819064622774,-4.004161184689008,-1.99374604554402,2.5683942047295405,2.114413548411178,-3.516810230420803,4.595914775004163,-3.0497544133738064,3.174486246869962,-3.2727121861182775,-4.617690396824312,-7.5689941440412065,3.684590806870813,-7.061195868125409,1.3141194142900956,3.759314422452863,3.68298378016652,-1.7340285577864563,-2.2180272741491813,-5.821315853497354,0.11495622450173726,-1.1213501317009156,-2.3464023595721533,1.730125841792925,-0.7504213535752028,-4.884475608429499,-1.7592853843945204,-5.47321991940423,-1.3943830005473157,3.746314443199646,2.9018672319559937,-2.430368780979704,-1.6845085157991244,-0.024777733440998595,3.1381100898288654,4.612078264082326,5.080559825774832,-2.945600572113444,-2.408554592865747,-5.214043115085255,3.727608518447664,1.8248308817096515,0.6076194368831197,-3.922684008347925,3.832096587575078,0.6885864304754664,1.0847537729701204,-4.979462485528961,1.8453618040362616,2.0,1.0,735.778321908921,0.12749760527838072
255,2.909667592569685,3.175184380065364,-4.411987875428801,-1.7208137756757873,2.331476073654323,2.3628051548137976,-3.8923438641505643,4.9226446537072635,-3.012476294460863,2.8371489055897854,-4.0353216035868815,-4.675936416837149,-7.208176498572968,4.024809146697731,-7.152702921679981,0.7198344496663269,4.328673720968679,3.943821859785589,-1.896956164369783,-2.060875747175724,-6.342145475919558,0.9077306131311116,-0.6649513635684563,-2.7661726474167323,2.2679558805147986,-1.7326687601430515,-4.491303306579434,-1.5670503209022955,-5.109072893008947,-1.0143974687744306,3.4421105023047742,2.607892114814436,-2.5098223285617953,-1.342064026434277,0.2709436625095847,2.989837197940603,4.181480196585833,4.675424031766221,-3.506647429408268,-2.3530309461394596,-5.193537639693718,4.146091588577469,1.883173610578559,0.09625735468373808,-3.3043002023057615,3.65387715159265,0.11667742131102787,1.0192885123590711,-5.340951062555827,1.8604335910609495,2.0,1.0,727.3453887670798,0.3247854010589549
256,2.348631384475107,3.3299827769604295,-4.017393728375405,-1.6839637684781263,2.313643806611597,2.43597332603592,-3.675336292611504,4.484030830077652,-3.0109105408736925,3.4604339940985587,-3.5499137905661176,-4.834651613289918,-7.758852494686628,3.7499246165088067,-6.772221773347006,0.6840983667809768,4.181748728616432,3.6722137620261215,-2.1051518570317707,-1.656767172638977,-6.183812145974156,0.46126693497571114,-0.8040088731711944,-2.120948329449601,2.049304602810039,-1.3270266575472622,-4.581396311617373,-2.2389660208225055,-4.922466234767331,-1.2674987461491045,3.4516364973194986,2.972850318652414,-2.9118952694135425,-1.565973933442774,0.41235510437061557,2.8449681448064448,3.929624207603099,5.047152547085326,-2.8853093802223557,-2.2774730452991365,-5.345108765832883,3.42747267348015,1.892794928865091,0.38081130027692806,-4.561192796484575,4.174369123970398,0.7518007367203148,1.3215935058283115,-5.096672312193462,1.922156458195873,2.0,1.0,653.2933907499698,0.6390812679571654
257,3.186146157359824,3.245254873932046,-3.7405137066890934,-2.287745812237639,2.016010222664146,2.4000857268476072,-3.9573128014172747,4.900840904301796,-3.703697792899521,3.4153119928512536,-3.2011056435104384,-3.9389052936263678,-7.76920569964035,3.604452664997595,-7.262512349062438,1.3811800630713027,4.220801675426853,3.7278640617054126,-2.235939481855928,-2.0086955276103313,-5.615197961299429,0.7422212315593306,-0.8485749474356489,-2.214070497016153,2.0600246534274147,-0.9432757687496032,-4.986271013520021,-2.0711339979445644,-5.259928374680918,-1.58506918589374,4.09519762772135,2.924228858404674,-3.3148734039085492,-1.3185791336018453,0.5662451676222291,3.4892833181231344,4.541957185961171,4.5881659665115,-2.848723525005565,-2.3087274318865987,-5.451811263661301,3.3414056710538826,1.919218923138577,0.38475553215340863,-4.114499776183367,3.652563642514447,0.45145848346741724,0.593399334447215,-5.1423541952088625,1.874085492825397,2.0,1.0,724.9613596396885,0.5833234237009731
258,2.8997656005618326,3.1518624778016013,-3.4608086192230134,-2.019142978644511,2.292682612082131,2.335985514373795,-3.7318096811723134,5.029132156130341,-3.597876195814278,3.2714603328726293,-3.277263890539322,-4.628646660478866,-7.563736960946673,3.4385379919961863,-7.145195745627742,1.0063322795503855,4.0137011640664975,4.3321253701925135,-1.6761159137210144,-1.5685084679650423,-6.9302529864804665,0.6929547255246461,-0.90968144309197,-2.03768570822216,2.201265589375495,-1.448847432030252,-4.792044825527421,-2.166940700261764,-5.382006250392939,-1.429762144837993,3.7459069180960416,2.8144290275677286,-2.5458994002724156,-1.3264907712438139,0.051405195563496334,3.0721304486219125,3.96381896920148,4.785813465253245,-3.048961417899037,-2.4962525730472267,-5.213627880161285,3.423270609090005,2.197920281929897,0.1285031250035406,-4.376088585664452,3.603722109510644,1.0921590229633034,1.0602288802675135,-4.915852066581515,2.393621923945177,2.0,1.0,854.6113534508853,0.0567233431935966
259,3.16616163496173,3.3991551889891505,-4.1408345335091274,-2.163811752513655,2.4823840347108908,2.3704246674131193,-3.747272027366132,4.563251330424365,-3.3678193114906856,2.9308027340637746,-3.1531118305112105,-3.9088574549108257,-7.849559936254676,4.040385106604184,-7.456481221783401,0.9448260638180639,4.000943246417819,4.074064310187125,-2.0245560110198206,-1.590991978471386,-6.147189464462968,1.1593378451006515,-1.2328443129346327,-1.7938373943498205,2.4886001687527193,-1.4433412471899103,-4.924576706978665,-2.42785610631124,-5.866167310522091,-1.2887771851646597,3.5564250824491914,3.3544156264202054,-2.4299399346351396,-1.377218152134211,-0.06319809719676128,3.357708228203942,4.134893071538504,4.414032943181339,-2.9527712209404857,-1.8830419962521163,-5.5606978424806845,3.3879308596189923,2.030366932772934,0.5967091450874887,-4.406231020516118,3.718821217529805,1.0283458978953983,0.8989832776873513,-4.690213581276417,1.960369098721466,2.0,1.0,730.5867870005679,0.6157705922495378
260,2.264809144056977,3.325358182742173,-4.186512616625103,-2.101750598397668,1.974862295647978,2.759462707804457,-4.309788756092336,5.219902900077713,-3.344034943393189,2.914698630620505,-3.271720439499966,-4.89685918131185,-7.744836953443655,3.2713382194344067,-7.5083377221493715,0.9956876664597888,4.001237454954839,4.085137989248334,-1.8213623835381365,-1.856042235770302,-6.041208066988769,0.3520348602641015,-1.1119814898472629,-2.102144944704233,1.9604548398821215,-1.3422029181991537,-4.745031130343867,-2.0356640703874262,-5.691044170085861,-1.6497089832365046,4.189488996037965,2.898811307723572,-2.3331481233072786,-1.5201997271157444,-0.08118862074513214,3.139942187464541,4.961900463329887,5.018011650350003,-2.9653423576852846,-2.529940734269477,-4.927741315418153,3.2992944912664233,2.50295294814377,0.12128232210379114,-4.127559942800078,3.947175493258971,0.5341922849756671,0.20445309393033995,-4.739175679972884,1.5432366559580946,2.0,1.0,803.5119588256094,0.3977725581250748
261,2.3800484704620044,3.1373964934332523,-4.071165186640097,-1.6170183508358047,1.5196683236648196,2.888780969325898,-3.1347518819313924,4.934517878977746,-3.1426440659662727,3.197779185024967,-3.3070547041787717,-4.1164202986233995,-7.149334636254846,3.7931864991236943,-7.455839679244434,0.6895224051122456,4.154758029831335,4.447100287015853,-1.8440224123379916,-2.0291930996723964,-6.097951649442133,0.4909893071760122,-0.2299492561416222,-2.307824785418859,1.6849718510108154,-1.0152306636563102,-4.78397357593022,-1.9966345202191926,-4.978610267165322,-1.3996017920950359,3.4507396111484456,2.5528082436540314,-1.7569556092758511,-1.4727210141554226,-0.0651732786499076,2.836878407211297,4.439023470735705,4.5813049301539905,-3.25082397490724,-2.7023255577644916,-4.738304323496479,3.779378815509683,2.1885763342690217,0.32646262641233315,-4.087910499630494,3.558219622048274,0.6111908213217585,1.181093016207598,-4.68700366084904,2.491891772517606,2.0,1.0,579.1976546533688,0.6135373801560238
262,3.297114501473496,3.4393064059289706,-4.160305272334188,-2.016150495089988,2.424735612998469,2.2950770739120334,-3.9562788776094493,5.253951104176412,-3.674079496300289,2.93777903235737,-3.2732655387309815,-5.019938925992469,-7.389281499435968,3.9327956702596705,-7.447199587217582,0.938510232406518,3.6548371961199173,4.025029897531985,-2.0010844263825964,-1.4979902783958092,-5.9272482931153,0.7803239654033436,-0.7846066402076901,-2.2111097607529855,1.7783160941444243,-0.6974281741173197,-4.89694744400172,-2.413942176471938,-5.10735620060384,-1.9369353174047994,3.7441647131911515,2.90052418694409,-2.858353314690168,-1.3417075518787323,0.4182883914486803,2.5891152276775835,4.5378912459463265,4.787911486078118,-3.0500675323524447,-2.6620023895834724,-5.025849183147219,3.7466223743855416,2.4135236961851225,0.4273362007977024,-3.825253868123499,3.435296926881842,0.24310987846485704,1.1426321978119192,-5.0995403383950135,1.8119626343331015,2.0,1.0,738.9120915130943,0.5438068191606802
263,2.894819084343497,3.669383282567176,-3.7352184608318226,-2.838483636610853,1.8969670370089255,2.3570197374983626,-4.03530070218312,5.131787928602395,-3.3829513565113363,3.0397678360005753,-3.499603559788713,-4.5766270775313345,-7.775378886856691,3.4035535911901706,-7.090105524153958,0.943714894281137,3.6910341734289105,3.954702762434795,-2.039315997822947,-2.2011077438875515,-5.891298836341449,0.5217086415884568,-0.26459594440007117,-2.5918790412520316,2.566638902967408,-0.6953335668055466,-4.652970195257877,-2.3070464197328717,-4.708059111786725,-1.3530159959057937,4.058943501567164,2.8749075159032516,-2.423623904016345,-1.6119734819664038,0.3292284848500552,3.0205830079847686,4.249827506897808,4.913659132821286,-3.0519804222336258,-2.648966525644643,-5.283953263824821,3.794045896154328,2.195589370823998,-0.09135058493107806,-4.104457882559021,4.151826538589329,0.6079246394560408,1.0310903495092176,-4.963614861441304,1.760147779915352,2.0,1.0,823.5342187633847,0.10420853443155603
264,2.2210215987189765,3.499093572512762,-3.758828904646049,-2.4384993542259057,2.542199864137622,1.9554224754592173,-4.2452247640371885,4.581036177325688,-3.541695696225392,3.020623355719521,-3.483632864722041,-4.145166242646866,-7.301001480432692,3.6880939176592995,-7.131022704389944,1.706572292177076,3.6857708942615206,4.28277208845633,-1.783263455125494,-2.2943173912390247,-6.057250489730902,0.4240744365567813,-0.9020159961385366,-1.7289605072882726,2.0681635659625703,-1.5341460787477823,-5.667189357677207,-2.6510180379427872,-5.279700625801088,-2.0563839437983344,3.7077686811801387,2.7273827217939166,-3.1728047739321807,-1.8609130930403253,0.20274617387605284,3.3903441933291654,4.292579198355115,4.424974258119711,-2.9218299241595322,-2.2465707048297983,-4.519613522752624,3.8123308138163963,2.167778666397193,0.05901116215960445,-3.76748555010534,4.029241763936795,0.40399906889019443,1.4664669702139288,-4.893129295336307,2.8168502425737647,2.0,1.0,708.632641402562,0.5269949290790477
265,3.223422080320677,3.0561780270183596,-4.2752036569433205,-2.1505890215057386,2.3617999211011997,2.3479330126510316,-4.092939291407304,4.692384926385941,-3.499703282797328,2.9584344730508954,-3.6324471105654306,-4.680199435760233,-7.434285108062088,3.5217941417409198,-7.381630894468723,0.7965220351553298,3.3004172492007817,3.8089539641098966,-2.2781372682252083,-2.3430634503456105,-5.964857024064854,1.0314838349296336,-0.8736065405354344,-2.753145446857421,2.2470694450402267,-1.3253483613092991,-4.983798773029097,-2.291777473885409,-5.579262290720733,-1.1390852949547163,4.193745936621985,3.1957436955430643,-2.2493757677188744,-1.5922626978360754,0.06545521256383162,3.5077946743587107,4.370180035551324,4.624024544786863,-3.035784722556739,-2.548941650870395,-5.157144157603305,3.306364399442247,1.8590356644633317,0.17389713589322792,-4.121778119465855,3.929741036974812,0.4632909429190535,0.8672051251814004,-4.757002547797927,2.093636495549091,2.0,1.0,820.8122571701689,0.19626313156823383
266,2.889188994326595,2.844242450457322,-4.135110143878118,-2.061727785246606,2.451902110821625,2.2715229687532763,-3.5654224645582318,4.780892790534139,-3.858778285367051,3.390144783229715,-3.3914786162622574,-4.228215826333005,-7.689040985445698,3.3805161764548215,-7.425270786032693,0.548970194139684,3.6451127475783567,4.106631386618374,-1.9932938576698487,-1.9996674829885681,-5.7601240153434725,0.45046446343738533,-0.9369318736817821,-2.643704600644261,2.1313111927342945,-1.2812010141855377,-5.18405934007441,-1.9926537184928033,-5.934426106750426,-1.874085296613101,3.977430552701049,2.677385599020523,-3.183995365732464,-1.636577916870996,0.3531111913194249,3.356363014073635,4.370084411377279,4.6204714522023425,-3.241395108385305,-2.6330293172400245,-5.107844207306702,3.4724873234170808,1.8551914394438986,0.4135060565203033,-4.074607454173136,4.148187131638389,0.8330946293254948,1.044515412210136,-5.012182378014363,2.008082537550377,2.0,1.0,846.1374356104909,0.19636134550993445
267,2.8447374910919723,3.301296148831579,-3.930101250222679,-1.658446980723994,2.0347813591382593,2.0926631531084334,-3.8150991861829704,4.729567820687949,-3.4968617160925386,3.280925915963632,-3.336008710127664,-4.507877015909437,-8.06536487933717,3.9072084040621355,-7.796575565541882,1.1712212059164508,3.914037502526966,4.380115406392573,-2.280737860260783,-1.9614680633725314,-6.006946239803979,0.7619430458447861,-1.2358232445967192,-2.0290141848614276,2.460027703850625,-0.7932899799832349,-4.894987909881262,-1.8871129814769974,-5.4506207257471075,-1.5734273522446063,3.6320971746589352,2.5492200685257886,-3.487371690030753,-1.7085045089013486,-0.5014018038809781,2.8157542498173225,4.087906235005134,4.801310764313446,-2.245949246781196,-2.3489077852599323,-6.258987850994908,3.402679352951345,2.377819904676262,0.5519199607996572,-4.092367946220354,3.7227028108020024,0.798448630850584,0.3846433535138102,-5.001968934788795,2.0015955369260676,2.0,1.0,777.1657268379639,0.67036464929791
268,3.317897350052038,3.0529234024673464,-4.730635060306975,-1.785381038771306,2.5567928583645156,2.404394239534827,-3.0740770250861247,5.173374009061077,-3.8907562760953334,3.342085062032492,-3.1426790115577843,-4.631294048481174,-7.319334151062896,3.8397500895249017,-7.693130794950975,1.086301591689444,4.078552153569504,3.7005231348760814,-2.4293893698987996,-2.1052311927019085,-5.961731786514371,0.6984286298640637,-0.8219759309923252,-2.578776541588442,2.213206006328585,-1.334395728515237,-4.954623936028682,-1.8422325386606955,-5.202666293007245,-1.357830890271971,3.609053940779465,2.6247259427394702,-2.347203007389479,-1.4496103893562424,-0.12326793936287345,2.501985766438162,4.672561058571005,4.827061039698605,-2.86222428336004,-1.9239321797675237,-4.905260373604548,3.1224880377485693,1.5638644297304338,-0.19632048332663038,-3.976475984205513,3.7058856388718637,0.9172441681013309,0.9291757938588707,-4.778741055119054,2.620538510462722,2.0,1.0,800.7065495371486,0.0843924305003557
269,2.9501534480740226,3.036541177868046,-4.275832536874523,-2.0567749061393013,2.341275776047384,2.494192382506865,-4.125871949257932,4.554410592475309,-3.5186830749332825,2.3209503771330393,-3.732698791082174,-4.243991355566341,-7.1406637320361686,3.3775096855977473,-7.626916229596901,1.356243394739246,3.9767154400329123,3.9960454550015885,-2.40991144332622,-1.9514668785096616,-6.39322192276627,0.26916880531935844,-0.7304986817355624,-2.1460368096665734,1.8097706948877899,-1.2544311222333127,-4.471817842327945,-2.399609313424046,-4.9872148319598715,-1.7766480721383322,4.126619643933285,3.0118000285139743,-2.8681997922800964,-1.2589578284176446,0.49714744533339583,2.938893858272356,3.984934151774072,4.612502098962844,-3.629372984834612,-2.6156409072877924,-5.050078369306898,3.2482371817624776,1.8482395893975774,0.2283689153507017,-4.265588478245938,4.087600322994071,0.43187237306027276,0.7228852280561744,-5.144639073948864,2.310086456074771,2.0,1.0,699.7882760814844,0.5811458700555382
270,2.905214941143669,3.5873607902080074,-4.189401936087313,-1.8862977198026216,1.7277638132354705,3.135298520306822,-3.655104812884213,4.85566178244412,-3.9013243909599318,2.460230867026621,-3.192204558912518,-4.918470595988169,-7.967263111150089,3.901733329071867,-7.015048415568561,0.9095340647498088,4.255269253012648,4.063147001951882,-1.6708617221940298,-1.92451205034466,-6.182959415884195,0.6275281390514922,-0.9972083531345822,-2.2376525158662846,2.43431319905352,-1.3588015165549874,-5.337680147306765,-2.4987465182129025,-5.68987164576832,-1.2893122436113917,3.6093873234664087,3.4614653159888835,-3.0560352366392856,-1.6635239340592654,-0.31685897467667545,3.0862489529822152,4.810681837583877,4.778498540081984,-3.002011743061978,-2.2140370152594224,-5.621379919082052,3.366411519431188,2.12351103344312,0.36658498882498153,-4.135036806829006,3.915893366188738,0.4372890805961588,0.9803099614290304,-4.54223892311411,2.4757626285941265,2.0,1.0,810.6677439223675,0.7565484637672645
271,2.7699221163404086,2.886889776358754,-4.179708897435242,-1.7896231291913056,1.8381956583034382,2.1121722613677125,-3.900432559905331,5.016068754471093,-3.436950542205173,3.053905973124062,-3.2763353865117075,-4.845519261714836,-7.460782583563296,4.082362954218675,-7.545631675125211,0.9345023188966506,3.866862415149346,3.915367210350733,-2.164643252502942,-2.6329378772498604,-6.382827315110529,0.5526531367938279,-1.124021244688306,-2.41817492806039,2.268920178432626,-0.9406561038568388,-4.776131533871055,-2.2499878610523067,-5.293806341815563,-1.068333449023687,3.562533346221996,2.6387677269476333,-2.838952075870576,-1.055194438579965,0.20039365475523202,3.464630054861046,4.427891777202406,4.783810923390888,-2.6211455835470705,-2.6917240079708384,-4.9974431793631275,3.967373870191398,1.7588499658320045,0.1039201921289995,-4.143886224618517,4.060225311227175,0.9170349711661754,0.5557201091796373,-5.258861396282909,2.0538664805475078,2.0,1.0,760.282397371405,0.5773319241369853
272,3.258864353771652,3.190217237858668,-3.510671931360175,-1.9789997053622654,2.668146944640918,2.6137300127632797,-3.6000346733770585,4.958070950477269,-3.3408370663922504,3.395608983821938,-3.868130160763833,-4.726055576491694,-7.550767128391419,3.7839079130598043,-7.364506686928612,1.4973828272775136,4.379328115262624,4.336552881606048,-2.222429499663699,-1.9034002012782973,-5.975282559814517,0.7559214140456041,-1.1482415902969154,-2.2137647409993124,2.075073825398352,-0.7591960541690208,-5.069782017875146,-2.1389005735803996,-5.334596432545051,-1.4782504915346693,3.692710751029277,2.848543456665584,-2.603509462515546,-1.46944824728758,0.228647378987619,3.2624590737135115,4.048751705202161,4.5538260540349755,-2.987781219130605,-2.7889709999823458,-4.875297887087129,3.3308420111313963,2.3314103324679207,0.4919982856353049,-4.2445514073563,4.072070308043511,0.5261535760004549,1.2060831411885524,-4.796433039283938,2.0513755787174723,2.0,1.0,861.0820315673645,0.11511864934458878
273,2.623683927174892,2.9680793014719926,-4.0325189470698986,-2.148355095844217,1.9652842742412373,1.9097333292625054,-3.643517814685852,5.0628748068653495,-3.419638413181198,2.8871266599096974,-3.376054883362886,-4.899817757122836,-7.294524985386303,3.255614379912702,-7.318976223327886,0.6636988695391222,4.358053759017123,4.258320330905085,-1.8943097645607987,-2.0959726183442298,-6.129358925280258,0.9481682803921391,-1.009038101275652,-2.3042731708561526,1.7693617245390754,-1.6318354815564522,-5.152424275429699,-2.7608599290345834,-5.4089781432270705,-1.2077857825204525,3.5988941311632665,3.3075932815969047,-3.050122899137293,-1.5363250320993016,0.6829358284662551,3.1302842650294744,4.504918345392716,4.804277032373021,-2.623466197879851,-1.8607206299642662,-4.663453579544185,3.255407757372849,2.0909367442028826,-0.04540426662946134,-3.636210448367257,3.01829394219642,0.43729855662646394,0.8321365161675757,-4.703716703710192,1.8148281072354322,2.0,1.0,634.2576794852046,0.6344424561179255
274,2.7503108625323702,2.742328135936391,-3.419272974666661,-1.8755382869333381,2.0962758054072066,2.9159949713862865,-3.745765925502245,4.910543389828009,-3.0723553699352957,3.0170961425840126,-3.543925081021568,-4.423596344086735,-7.507715528649413,3.6658434430329976,-7.101144432063882,1.4700607417634495,3.6391073535817005,3.520348239731086,-2.3401571762840754,-1.854615352407353,-6.2664471650749665,0.9499575020796223,-0.9522821041080718,-2.355603823126038,1.5903688364189923,-1.2398277985725525,-5.370697152607045,-2.12076475186383,-5.626725154628536,-1.381282262061395,3.2430011183284257,3.008119162918716,-2.5714251975620104,-0.9462173832027465,0.2289909959770819,3.3463741260622335,4.728103673892812,4.52352772513695,-2.8253565201026634,-2.9035450495734936,-5.176111446934846,3.3538233761838563,1.9978712466217499,0.5920860271952433,-4.126900154644707,3.551155167229039,0.16777548506447082,0.8455609491890663,-5.050034650682104,2.099295270140862,2.0,1.0,665.955144354325,0.5671627647773424
275,3.1186927225622316,2.9260270322845656,-4.095318587223502,-1.9175646929601498,2.5555053233386964,2.293779120285683,-3.9330537530306597,5.190991062742208,-3.29640190735008,3.090389660488688,-3.3259019595280437,-4.494730999796787,-7.564639328383109,3.409331362570186,-6.889451845575044,1.209357379534892,4.379284034027189,3.3237023622781843,-1.9480001154961921,-2.0791094887480868,-5.904114227601475,0.7064274575327267,-0.8227340454600702,-1.964209260232671,1.3708344723250305,-1.256718202373966,-5.100425281617866,-2.4023484868083216,-5.2083809902723175,-1.4753690747253627,3.9691594738796256,2.9675150288939918,-3.14768355148147,-1.1429644384816773,-0.06781698836234906,3.4996319072689612,4.573533924242405,4.7588823528057915,-2.0383378446973373,-1.9789176279195826,-4.973602743691095,4.1017628535604675,1.9837900564265432,0.07553352886090711,-4.186373321333516,4.4709685705672895,0.8430267097709006,0.7004651895853333,-5.3161937672086195,1.8174677931679273,2.0,1.0,674.5024247904332,0.777976088847302
276,2.7113621561000882,2.995843781560195,-3.8797102123979696,-2.306017996946254,2.326586224208276,2.6850897055576257,-3.616191531796995,4.751979729993007,-2.951296035687889,3.050696653581444,-3.57496856897385,-4.548150459041543,-7.126250288916785,3.8443939993555936,-7.213914768095666,0.8410754254057067,3.953512021393709,3.6564367714058967,-1.9647298497619008,-2.254596896779652,-6.499462691900109,0.5574727939330459,-0.7928583169124601,-2.1263189317126776,1.9281653371922816,-1.319136031933433,-4.686907609661384,-2.5162498328160714,-5.3220752736406025,-1.5451411110949502,3.8949646399352162,3.0309142656601185,-2.832284740629795,-1.2845143986920964,-0.16237156535401642,2.6931548585683163,4.270016939149495,4.658028877126015,-2.5975516733499067,-1.9432744839586826,-5.5682734777648815,3.3703050431229515,2.344306322000056,-0.10442090463011794,-3.9135275780044783,3.954367205026513,0.6067957136308884,0.9453695542771305,-5.031123081372749,1.749806531039975,2.0,1.0,627.8624344687418,0.7820125345173516
277,3.3250809108202235,3.5066916629076834,-4.34283211992195,-1.8661510472962202,2.2370239554007223,2.192275054981006,-4.2675517281894,4.8878606444013215,-3.4914335957547658,3.049043307151029,-2.824730611322253,-4.780590881187962,-7.74570568379587,3.561090342832636,-7.353310620681007,0.6610985078822886,3.981740009051903,3.826017817575185,-1.5100888584045034,-2.146483792733273,-6.6703752309479185,0.7844456563089655,-1.2624627005356541,-2.0898801142299943,1.9712363115907385,-1.252296538120914,-5.089487434420532,-1.8760640875322212,-5.27245824494301,-1.4853085407731101,3.486156026776986,3.6196177674273153,-2.8908353968752234,-0.8968704755650507,0.403219548874304,3.123091710834283,3.92349096579147,4.469621760249043,-3.120763668173589,-2.315120348368195,-5.9207476218026915,3.310376256441721,2.113819422553937,0.28987705762417404,-3.9590040681149548,4.214829663383225,0.4420890577860852,0.981793140347148,-5.273992792784533,2.2632290503033867,2.0,1.0,839.0856459128855,0.39999903308817464
278,2.988817241800603,3.564162848211991,-3.82999400714229,-1.8279488622062199,1.9492030338972919,2.353812965852838,-4.477164842977003,4.628675138175637,-3.244762451643957,3.124728578058153,-2.9230160751565224,-4.999067282767324,-8.271520866882032,3.7438612347585,-7.460711559870854,1.1053841530564807,3.3931661224652805,4.145290411611087,-2.3044715276931136,-1.7789295162243106,-6.596855908843113,0.23817533752077813,-0.7098378069351905,-2.3213125946963493,2.0206814867829928,-0.585998862382846,-4.743136755819596,-2.3913203718421734,-5.63977854911652,-1.654111328592734,3.846490349282126,2.9068711729053196,-2.6921734104823005,-1.3300332170615359,0.30069301719282066,3.2691112485193616,4.345761139257096,4.702927949466211,-2.4865945012441166,-1.9872330638792333,-4.8415846826161655,3.6333980454722243,2.113348481969544,0.33056753221681606,-4.856934378771287,3.818834259245801,0.19979957334487647,0.8216273000228198,-5.227796697668873,1.8878760523301794,2.0,1.0,808.4169304867213,0.5245539517227886
279,2.8042921705802257,3.2574212844147774,-4.141353821725866,-2.3285394579853946,2.2174315351832536,2.1568249523174488,-4.143912089267747,5.02994947530676,-3.5583305902827167,3.869920332912302,-3.1965799490216016,-4.549170760994711,-7.638909139411609,3.6456489073731384,-7.484333569471348,1.4470025698440578,3.7895969741296467,3.5191608252764834,-1.7885389747323301,-2.155778101065489,-5.991785255578589,0.9143290588169393,-1.078400501760295,-1.8461240803281032,2.1798157197922374,-0.991517410811649,-5.181473837401851,-2.6581624810122766,-5.29365693806068,-1.6323743572452667,3.5994530016744073,3.3192150986707287,-2.6944400579267525,-1.0642084085498515,0.5439653655973635,2.6965888761842725,4.503708786971849,4.620947126545713,-3.0211933577344974,-2.503957328369048,-5.320612223051702,3.8917710982573657,2.47274605588282,-0.018136233559417847,-3.4975769469092635,4.2374155516788665,0.13565925211296187,0.4211754033340215,-4.572633959715382,2.2096612626601893,2.0,1.0,821.644788672498,0.21501473884135108
280,2.3907529278452224,3.406638756349722,-3.5902936132595977,-1.7871630742229903,2.27557844131726,2.5405597715691663,-3.6917699935777826,4.487823834006041,-3.0765141180057367,2.803502417059897,-3.5063977700839617,-4.29962911042345,-7.705219029362645,2.988855603853871,-7.156541117669698,0.7227636272099462,4.478826623334208,4.069727754990149,-1.9784158541430767,-2.2020018617339034,-6.356796892244239,0.3652209516630567,-0.5163625408177919,-2.092307195184415,2.3204614517498348,-1.0524490158497097,-5.03822029837016,-2.049179587405397,-5.416381042852923,-1.4636201903027295,4.228335251803988,2.9187934658312105,-3.130395887179197,-1.131680902911131,0.011437316516548945,3.429592238494364,4.259004865726988,4.898121746627263,-2.7048022790130934,-2.4864550717521494,-5.331775827868944,3.2746350192656224,2.3533465278153254,0.18971239376393656,-3.6862753488325692,4.043272572199706,0.7142344997438854,0.9490850477627123,-5.247165583856332,1.515875954284902,2.0,1.0,711.1642417758333,0.505991641765822
281,2.655365936877649,2.8285123176351004,-4.117719554677941,-2.6496545314743676,1.981362890856642,2.284615005472309,-3.977517599669191,4.999258743343923,-3.535624752499222,3.4818178820605947,-3.2568112691402678,-4.891815163584786,-7.747452940824354,4.038748830567567,-7.758713110099021,1.3985260372570674,4.181561290360675,4.0453251847176555,-1.9729595749443516,-1.963536333789525,-6.158226207057828,0.509013759418771,-0.677603443678598,-2.3819572403981923,2.229246730994408,-1.7365924051977224,-5.232463731409593,-2.19792632890183,-5.410422471799211,-1.3356377151748051,3.7705511180072904,2.8838888402573235,-3.024787879082435,-1.6330387010157745,-0.5352741583424012,3.2263331822176333,4.55718492042062,4.544438486141748,-3.181134819647003,-2.8039990754030817,-5.40974377252209,3.5400613951043733,1.7601033974007485,0.23497037706463259,-3.739783411948418,3.94222963906502,1.319758306660455,1.245144233334293,-4.831322071622435,1.5832514408246148,2.0,1.0,821.8154359748905,0.6816103404622527
282,2.808692221158997,3.3791496148909874,-3.8056700704032878,-1.711774468357808,2.7068405250035776,2.3267932091314942,-3.8503110575374953,4.6699589841228635,-3.722848057021398,2.8926205681251536,-3.251605865937034,-4.3456864683382,-7.977823155553132,3.722311310039591,-7.240559992178116,0.7039782170911473,3.762127554569353,3.801735127066549,-2.0779726607841273,-1.8530969872004377,-6.274205190137977,0.9453275216396875,-1.303144019931892,-2.364415075869138,1.9388647681597935,-0.9502114344509629,-4.942378944352157,-2.1189421755425757,-4.99905371421584,-2.2409342965770893,4.249467013190081,3.030036832922543,-2.5676836610469898,-1.2605422062670193,-0.06245762192941037,2.7655955897211655,4.26816186182826,5.108375501823377,-3.1984457752247923,-2.503938592292713,-5.012338101645912,3.9942412061168744,2.1351361012956303,0.12952611903174702,-3.8422005727512962,3.985220073816976,0.4332383550501784,0.7646409337740908,-5.054695172380953,2.2144393327075043,2.0,1.0,764.3500685686869,0.4551699237282065
283,2.419634642243569,2.5367889699760986,-3.9536043668561445,-2.290439497094266,2.1059425484101157,2.4091934331318967,-4.135325990581452,5.220250841461888,-2.881241991706591,3.1510748310503556,-3.282195020478003,-4.618213229347313,-7.870693938958183,3.7403169144165376,-6.867740025333949,1.1087572035013478,4.160209228503502,3.6541901463361017,-2.050741747844824,-1.6588908128796984,-6.435618201236641,0.39984306298417116,-0.3149446121354008,-2.278382452830967,1.9668366382777664,-1.2183469591111569,-5.168892702100936,-1.8259575629756815,-4.8593916580262615,-0.8758156217491402,3.8125716093325943,3.383449969772724,-2.4055640897639767,-1.264860819619644,-0.5114794925485271,2.8526659486884935,4.8399395995785035,4.9122814098576395,-2.5267875879271813,-2.397051592929391,-4.830093227776474,3.3887322094744485,2.0441140530843493,0.08689123765938717,-3.969730870868187,4.297089759216991,0.7679499193042544,0.5024570615004568,-4.702211589798353,1.9238942585831391,2.0,1.0,819.2831493547033,0.018709042433604408
284,3.06460260994788,3.421141314949338,-3.959643522975794,-1.980882440266595,1.9349509784832024,2.9314917937820293,-3.8839026135715984,4.228705590807558,-3.011604884392182,3.1635839574931346,-3.08386569739789,-4.858650621293668,-7.366774530550126,3.9965642660799903,-7.390340112335154,1.3753813365322567,4.099149395196614,4.44606748671954,-1.9655518200817677,-2.1783540512448494,-6.163432790553426,0.4314096487661053,-0.835014129817619,-2.3251912796099754,2.142999319243107,-1.981064482701209,-4.772500536492475,-1.7500413255010145,-5.886165488518737,-1.3298110091404183,3.554295059696346,2.735589039788454,-3.1969315585067712,-1.425300278982716,-0.17884128527035809,3.2269986233585013,4.580279951604963,4.544608282490565,-2.9520621259866457,-2.4067985910334646,-5.119797763789504,3.190714092499424,2.2669899498008834,-0.054184014652059076,-3.5336496652814233,3.7056924164448373,0.6536104358467979,1.0038244373583833,-5.55067263691375,1.9418577461333746,2.0,1.0,765.9402907256391,0.4437170842656499
285,2.580681329317496,3.3581935887745358,-4.196546408534226,-1.8360928315460558,2.4441427343698563,2.456964071221663,-3.4290272621362075,4.978839690507012,-3.506817549876613,3.2759928710743584,-3.3114893857522225,-4.740084533708179,-7.1857229148317145,3.4289319791573876,-7.232314340436862,1.1929596475001338,4.031468624392096,3.1938188932396328,-2.029574237280888,-1.8486727477408056,-5.7348562253195325,1.1047344861956327,-0.7634451398210645,-2.2151811314395826,2.3126909186138476,-1.0804577988445547,-5.091321925103575,-2.519757071272014,-5.260251830892101,-1.5665610613158067,3.627754529899727,3.123658659850825,-2.6314817857218484,-0.8557837854808183,0.010638259714313564,3.572153575552014,4.962775244229069,4.424462773787116,-2.90518519501153,-2.3480076860300105,-4.896125738606096,3.1606918532778105,2.251430900627506,0.2988618906111434,-3.605184627749579,3.785932755648057,0.30010272346391537,1.1640736635152147,-5.142204317419548,1.7372613218382738,2.0,1.0,694.9317050559878,0.2948802326903189
286,2.8871495972272894,3.36014139442082,-4.063611798627419,-1.963532825761479,2.3421418697180263,2.232663535310004,-3.667463226780713,4.375111990347703,-3.525540251235361,2.9863779220731566,-3.191857238349238,-4.6399494428675085,-7.5288531919754655,3.1352927829730297,-7.639752186775165,0.930572700438498,3.881809444596086,4.252290056518949,-2.4268697835384834,-1.780606279908851,-6.102425395954826,0.5757065924443279,-0.5079859903503803,-2.077210896896658,2.3015524273794012,-1.4877590166259946,-5.180028057357828,-2.303026671962431,-5.55962506441358,-1.715454844520178,4.033349023806753,2.7821221734217847,-2.5842667740668506,-1.122006814851463,0.5276918826689959,3.7547764051466848,4.371190741353007,4.650219537028301,-3.002296073936378,-2.4857116510652846,-5.581707803402941,4.19477008228775,1.7213022421861985,0.48100235240084416,-4.404991736794648,3.4769093834671736,0.42803699184199223,0.5194531411270569,-4.888632226416736,2.1500432162715044,2.0,1.0,732.4901137502314,0.7682491321424454
287,3.32193089216633,2.8818664317231573,-4.046975538285207,-2.15995465944117,2.402455532229327,2.5884812625824902,-4.016696525075041,4.50439797870731,-3.542437668923874,3.190311637899849,-3.1992240531048717,-3.9829144545728736,-7.346152792070043,3.4582396754445885,-7.409276467031408,0.2737691844710145,3.244193371607336,4.403986657086655,-2.120160511180282,-1.6252465475800277,-6.295945040332791,0.6206672234295874,-0.9022921690990117,-2.485490244908189,2.3405704595049586,-1.2096701867099988,-4.882486569058336,-2.0716845353786644,-5.326752366695391,-1.4144116595922862,4.435610490399748,3.0394669610323706,-3.2348553593926366,-0.9055288790802722,0.23567254364169443,3.4471486927923207,4.1319560604589025,4.414461611246443,-2.692873072779012,-2.403466221500325,-5.065438715651254,3.897446804621098,1.948129757884081,0.32009009209854694,-4.334914367205462,3.7293825739030835,0.6174810170146021,0.5784030933313816,-5.1838015649154645,2.1062984472405226,2.0,1.0,756.1678303499995,0.31298786246021654
288,2.778288798269713,3.5641685963155214,-4.082617389446201,-2.3135032050930593,2.1456853380046037,2.102010381085312,-3.9938007376203633,4.82637407985076,-3.0338848016433917,3.1730342985843474,-3.2353884118599363,-4.704148798815797,-7.566643766348159,3.5524982567077084,-7.2128191323069135,1.0375086247883036,3.6503293594474657,3.7460440549596905,-1.8813234277168585,-1.991166112403149,-5.999493820124866,0.41021070154161915,-1.2874423401307933,-2.132102674400902,2.315263515285797,-1.7764913472009338,-5.258368357427302,-2.330244039170926,-5.977856612621657,-1.6553702018238936,4.800080378436026,3.0103578131187203,-2.6438155855739165,-1.0271519240119518,0.004241588222576503,3.183761343975365,4.447977007684789,4.667409844028704,-2.8141476020852965,-2.59350015017875,-5.777559327520512,3.575331398175831,2.0334325823915074,0.19200596052289787,-3.9468351185454944,3.902106660028515,0.6181885217718366,0.890379410895475,-4.706177142641564,1.9349669997196586,2.0,1.0,949.069059881398,0.030458239290073144
289,2.4177724094977666,3.1771639732199324,-3.946256224440784,-1.7122440513901402,2.2729651821293464,2.63912601126478,-4.200184028297116,4.514400046366755,-3.333576964266346,2.7417769694985425,-3.6314332936475116,-4.318313014446598,-7.131217453312036,3.714976263980684,-7.1445787897517254,1.0470369736884262,3.8278881704193344,3.8650350040688717,-1.4850489399148972,-2.1305356744823025,-6.470155447647226,0.8481562987317866,-0.5460275862221331,-2.194394132892252,2.504275193054623,-0.9907243228727349,-5.502584274037099,-2.1871801336096173,-5.5640645283332075,-1.1524710251706498,4.31939184915494,2.8115812973308145,-2.727571062993413,-1.513165357256222,0.4532671228519269,3.4921474549563953,3.979197713072982,4.833046141463385,-3.1225705192078923,-2.4690841611887535,-5.118449820821162,3.0438532016903963,1.8792893500503023,-0.0692897994870611,-3.909737597823915,3.5937101788551318,0.4335382962008433,1.2411006785545997,-5.100490597075103,1.5753480627895093,2.0,1.0,660.0974161609042,0.7136989946554525
290,2.840776244439714,3.1988538411353225,-4.0059701337195195,-2.030172212349376,2.3297151896451664,2.232480574793045,-3.9566545637886743,4.602069944649654,-3.028853891506184,3.3667800372041956,-3.2726219885779044,-4.621327153344888,-7.2228293007307425,3.591387922939911,-6.9907112797011255,1.5601859498166748,3.9634595682740312,2.958868336810374,-1.9885102429764998,-2.0428674324271694,-6.335585326426382,0.17627536699114404,-0.7322325391068467,-2.4054896670309196,2.405809298676916,-1.315665887484885,-5.078606751039374,-2.3145303713503873,-5.717023761630964,-1.7536924308530188,4.236788019526742,3.432280184938478,-2.943366693965534,-1.6587010544837806,-0.07507761376130226,3.9080219769474445,4.300860915025982,4.672902134674648,-3.536571204777143,-2.5869573548848135,-5.455842715417249,3.281572179979891,2.1135545411981984,-0.04563576412441722,-4.532847794469679,3.559617104434379,1.0450329745353142,1.0700807433847133,-5.743334433920028,1.9194862329415636,2.0,1.0,900.6224662874604,0.11510091286729685
291,2.9782609011486523,3.8415292631044107,-4.250817470588677,-1.7791653365527047,2.2625210178677473,2.475593661713922,-3.6577719491860083,4.6478705809155025,-3.3090146277875383,2.99440305390344,-3.6154014335570697,-4.732051247140123,-7.367271042542805,3.585309275609024,-6.951824688957502,0.8557901255828664,3.3550224677636904,3.5808632699404246,-1.5768833646800204,-2.139674233031374,-5.8694178414868885,0.6592672847932486,-1.0162295844703686,-1.7733315769961844,1.5375042494905742,-1.7007928605229885,-5.207219862098903,-2.205682118127156,-5.566336108193294,-1.7904411337758166,3.8249214906099334,3.3435841658137706,-2.411440654543655,-1.2477371485324131,0.07052932494656025,3.007142186161056,4.639492137891049,4.7834804485680555,-2.938950784861544,-1.94449127170355,-5.4131986923845385,3.329273629704396,1.9720164809053051,0.4398672724981976,-3.89423206338971,3.7269438728290467,0.5799358608277726,1.0690795559381479,-5.517362869263781,2.0420894558852396,2.0,1.0,697.0492286167623,0.5108694016603852
292,2.822407037481514,3.243683060216931,-4.241830691444578,-1.9341084378609057,2.22995360500504,2.0761775346548768,-4.367643814368238,4.442648222210477,-3.0918376224312567,3.081234697125638,-3.3891248945902674,-4.540827434456676,-7.082734984492731,3.60107137725566,-6.947128744304632,0.7825760567357781,4.3232568078541656,3.817538763369051,-2.25616686221838,-2.3922323525420057,-6.061446274140084,0.3805337909456613,-0.651505387266091,-1.9531147076783788,2.234601523185184,-1.5123962298062232,-4.921899114845455,-2.1053094695145824,-5.431735088692825,-1.16064487943071,4.036757852553221,2.98533158237973,-3.0919824121936923,-1.5678550731433791,0.40071957395516467,3.0174745143431356,4.246004647837434,4.945051539829945,-2.8666116994424105,-2.5541627003143694,-5.652196639026105,3.8011740737377107,1.9201058124258474,0.6368106274937017,-3.526347167172583,3.299861427138946,1.0384000707700305,0.9083478645455851,-5.296427212567577,1.7748810024034967,2.0,1.0,802.5936465779689,0.08002998123571584
293,2.0670796399209697,3.1738209133383304,-4.516083586684058,-1.8819146751486662,2.1362227147945427,2.539297385421703,-3.9595242086129647,4.326221814579834,-3.251969062006664,2.916928676434512,-3.463380037043554,-4.777709878848323,-7.272105041205505,3.830764858593118,-7.432817045625074,0.9027150062660219,3.9825980210680867,3.7574573556883606,-1.9373397212944272,-2.6022920734984933,-6.04988600365059,0.297278189675965,-0.8502313809335534,-2.5545029737775784,1.6975348097772747,-1.2060121501341308,-4.992578918532905,-2.5311906266628563,-5.536150458157547,-1.478831604556715,4.4091113856045325,3.479831487723038,-2.75706954165571,-1.6051422345040105,0.37587146868014226,2.925836882664725,3.9708875852777634,4.667101676646517,-3.1636383554708742,-2.8642108559660566,-5.590074829874836,2.6045050068304336,2.303167885080352,-0.213824905105218,-3.7496254942565863,3.6784394472917206,0.1642426834302962,0.23716343099422288,-5.078311566569866,2.22825702829772,2.0,1.0,691.3143277299811,0.7125307918569216
294,2.6275505973781894,3.1840057247128493,-4.467236967000416,-1.9014282998044765,2.27475268418094,2.551218643107308,-3.765259836637174,4.387447382785599,-3.8347634846530494,3.3729986888523436,-3.665676313736899,-4.793155703421927,-7.8940918434159855,3.6285266057947374,-7.361528459392588,1.2421359249400334,4.010966222887667,4.1196099069802825,-2.0759550082792044,-2.014579415300212,-6.107413914546621,0.6169947289027454,-0.8805068277242553,-2.1044905641579232,2.290795914024865,-1.1926330932340545,-4.860083706254452,-2.062289793873443,-5.157311912370672,-1.4446872820814802,3.785548811751526,3.5076624218974537,-2.8590951957510176,-1.1233155541450857,0.6425846489828938,2.435301137347608,4.9161539042950375,5.133506816318968,-2.8066458743474607,-2.740765082964506,-5.009753895320953,3.5288629436954246,2.01284885662123,0.9209007190508639,-3.819372187130708,4.376789886477431,0.5818595728296202,0.7397797974260367,-5.417611633495562,2.393583119653154,2.0,1.0,974.5012507309327,0.0534484335506753
295,2.4033385775519567,3.2268751244276466,-4.191917473752224,-2.4281776948619984,1.7526804772010258,2.2428018200472666,-3.636195212088978,4.761918222128899,-3.6113382264939164,3.4752238284253005,-3.3796925875745125,-4.499282007109064,-7.597780955519956,3.462257893269892,-7.483843149245965,1.0833826093714718,3.1831361003808456,4.209223320950125,-1.9748290397525585,-2.3027880278764195,-5.987639769852827,0.08997243406758293,-1.421498162821453,-2.525589981549644,2.5569089429892196,-0.8468185836116211,-5.009999527245628,-2.002580578875068,-5.2188287133910585,-1.2657950371730233,3.9043479349492114,3.1446411010944817,-2.4097474905109473,-1.4289722733835986,0.046091155729006544,3.2733295027045397,4.432763674793471,4.112166674577375,-3.045628489994777,-2.57426739555975,-5.545360634418598,3.479302829666616,1.7288611954852109,0.4034153719037985,-3.8653162019842826,3.625583699963193,0.37001023432195795,1.1368484032181754,-5.309961158426995,1.9000074652191894,2.0,1.0,698.0932833876197,0.5966913548980456
296,2.71804428736222,2.7331116383669505,-4.416233268255493,-2.266187286628882,2.061382541302838,2.524986449214557,-3.732702701312064,4.968500283477735,-3.274753788509569,3.2737478512644236,-2.8507187555426046,-4.334139265355014,-8.065957434300095,3.436512176750247,-7.08777842222119,1.2259797491093625,4.032904386378168,3.8424341583813213,-2.3253001228706025,-1.5998089025274982,-5.913951937437174,0.6165932633015913,-0.667282499038013,-2.0982195418549794,2.5792247521981304,-1.1080944729214486,-5.377552953203748,-1.4409228334826498,-5.264118322345055,-1.2356464347820124,3.6049771514956803,2.283439977118518,-2.1424314389690142,-1.465290876050989,-0.009350628460074673,3.091022066272707,4.468586474602433,4.7186626538289325,-2.972365928182506,-2.8524641182912034,-5.3820724810261416,3.757801152738846,2.3696964357890864,0.942384102391296,-3.697142717528071,3.535077283080755,0.7034277966431511,1.2707083824740686,-4.749415534451993,1.8052485594157506,2.0,1.0,707.9039012734411,0.3636187796513518
297,2.6225033091768375,3.4038382134695033,-4.082018517093868,-1.4689385803078143,2.4379736730576935,1.7251812925925183,-3.959489089680353,4.971249288789562,-3.2860148457381624,3.0915883381115647,-3.5584584742082925,-4.564927434618076,-7.946823834516352,3.7060559641166124,-7.168449939606663,0.5684453736084281,3.7856700643941035,4.153053831436133,-2.0273366586085877,-1.7214663276819828,-5.376797070134024,0.575584400077085,-0.7688812474633834,-2.326298637993356,2.2846912731420272,-1.093239408779266,-4.471565799851412,-1.7693879377866755,-5.637530469695478,-1.3137762631112657,3.961706105734742,3.179487258389281,-2.940824546737725,-0.9407748770819697,0.04349708273266334,3.224697305377295,4.444805688037789,4.502860565366761,-2.873959706215071,-2.453640523515812,-5.376954594513195,3.3198441628243844,1.946476027223879,0.3356483619706891,-4.261709127034844,4.0204931715110295,0.6215379050696455,1.1876217079583653,-4.937045041372874,1.5093082334087817,2.0,1.0,708.6967013766746,0.4377968430371857
298,2.6808230210765496,3.1930003924865953,-3.591299352287478,-2.222568111369671,2.8963613224172695,2.6899548084311506,-4.240894432821858,5.025558563507228,-3.318610822076032,3.075193093323951,-3.2910252597325806,-4.68613650580513,-7.950089004412154,3.616167984865394,-7.5292614292927285,0.7784156274024117,3.7616995116517433,3.9617852797234527,-1.6621550662364017,-1.8473761580549155,-6.142337329219309,0.605357970117754,-1.685241441737391,-2.10503430154444,2.3633809732040056,-1.4377815613644604,-5.041656376812051,-1.9530797921465133,-5.608553315567554,-1.238018475172943,3.5935698449724285,3.3755719425283632,-3.304859365337851,-1.726137771839521,-0.184844076058934,3.1920710114185735,4.527039790307449,4.366265375257141,-2.954255917118048,-3.071519342379797,-5.596570137824703,3.4989410559779954,2.0016028929645895,0.4025050573648262,-3.587528879622847,3.5247809797827165,0.8748860131985302,1.0388041601081222,-5.342361121854059,1.689851122665739,2.0,1.0,821.6617040078728,0.519718556836368
299,-1.5793114911292991,-1.4874237118639986,-1.650374766161915,-1.5380857493158326,0.990910479004226,-0.4678171195938172,0.32018069681024963,-1.8000133498689417,-0.27188606325727216,0.007742192481283272,1.2240272403173345,1.2561300152054007,-0.6742782544871915,1.8595914065343098,-1.7766717366868385,-1.5333169877234791,-0.3619876318695705,0.2695350320350758,-0.019659977450869004,1.1290856723763594,0.8747750296072359,-0.43869649958190005,0.9550616069997373,1.8600072543683144,0.7151628321744483,1.0234663999575164,0.32035110632040764,-1.3622703442558035,1.5286456471023406,1.9002659739003485,0.5355483863858446,1.057716121599864,-0.019564820704687236,-1.2098320856037543,1.680877003849429,-0.556726298786268,-1.3622127355035714,-1.9009354472561393,1.2428019364688483,-1.1320159790620736,-0.7442410674358233,-1.3471058605432131,-1.02062674465749,1.0596036323019167,-1.9453435332427795,-1.5756392225306883,-0.3005881076173855,0.2736289960402196,-1.3693006907468632,0.04063576767901411,2.0,1.0,0.7743043426358136,0.6254684944786494
300,-3.7028860065825664,-3.9773007368035493,-3.0075646668301443,-1.8004880418889333,-2.8358853262662054,-5.598001506065582,-3.4458293119687613,-1.3815397284245243,-1.615364051596851,-1.4083664275758934,-1.5313594945806037,-4.419381849846895,-5.094468855570516,-2.641154549560069,-3.558779511873132,-3.875927742197436,-1.929037103902401,-3.830119945312219,-4.2517814035327195,-0.0021754948479204006,-2.8829223861153124,-2.6362160051309353,-4.132291254056685,-1.4373760469761985,-3.3565050474837386,-3.972182004040832,-4.8245005743512825,-4.943029663538098,-2.6455388984191828,-2.774786331851629,-4.883731770168453,-0.24277284435287716,-3.633714655668337,-4.181008638263548,-3.620377127590075,-0.8117936304663276,-4.115768181275832,-5.006811169217353,-3.031202546883828,-2.866415108148854,-3.197085316340585,-1.2160770260856275,-4.3519283297396845,-1.2463835693432985,-2.0421399351875795,-2.102807800979716,-1.7786008895296905,-3.2992257762014194,-2.837628283801041,-4.185392204608572,3.0,0.0,366.1976447811974,0.8962779421849183
301,-4.5068263980781555,-3.8191561321726506,-3.0700124031020097,-0.9412064188864415,-3.1492738213519065,-4.9685364513171875,-3.451278710477389,-1.6870290157172978,-2.1337235351433956,-1.554770228255908,-1.2701162142099518,-3.742787144080363,-3.890063274732507,-2.138323149828378,-2.5937833625172857,-4.180787934890035,-2.4773941273983278,-3.8763434870806286,-3.8076307559238485,-0.07410953817906718,-3.3318745814205326,-2.803355511017276,-3.8416304831162007,-1.224231218593244,-3.654301733496779,-3.868294579448813,-4.95547953664529,-4.737612463322768,-3.281321591890441,-3.5592715195397466,-5.3307149981771875,-0.5839489768302684,-4.679248414611491,-3.616989051965288,-4.346469275329102,-0.47095666470884623,-4.067181752014645,-4.974643121701966,-3.265001208645427,-2.7201068052199333,-2.8934808729082233,-1.2588708241941051,-4.355575545599882,-0.6138577052945466,-1.3549081682874669,-1.9941471717548465,-1.7243534535047822,-3.0249099578074166,-2.8011040002139307,-3.537790645022332,3.0,0.0,356.5878553562983,0.8109308320819371
302,-3.990860786791385,-3.0811196802362937,-3.5890442408858223,-1.0797561580395796,-3.614729276961606,-4.918328781429988,-3.3404280289516146,-1.4623523109032597,-2.0527986412201993,-0.7296569963387083,-1.2511755860739031,-2.9897197135367835,-4.966192149399067,-2.5716822269348167,-3.145724305568226,-3.9657401478814855,-1.9836628215194745,-4.1906561729306695,-3.9736191994846006,-0.04003157623391024,-3.166905759454141,-2.756926458714403,-3.767050363414237,-1.8901529469107636,-4.0281757917521235,-3.5165369192626352,-5.579986803967504,-4.537497733042429,-2.515582873159687,-2.6871343073179674,-4.13233216933384,-0.8253537079541218,-4.070974738523551,-3.5530812233193982,-3.8283701845537013,-1.0961467792351796,-5.099177238987868,-4.519675347409271,-2.7584299573316446,-3.00126613171153,-3.188253474239975,-1.568754415331408,-4.334378158112505,-0.48802224177676384,-2.023719335596901,-2.0930485183037337,-0.7831169961096436,-2.5353466082371083,-2.0804706539552464,-3.8467185203138037,3.0,0.0,305.92104912051235,0.9192401973003045
303,-4.506320857697837,-3.8532085179333677,-3.1111382964869954,-1.6296120690678193,-3.6413171995323377,-5.676059850533393,-3.533694812734424,-1.7463489492466606,-1.4813480672523105,-0.8201017474540668,-1.1397647950933214,-3.2652776038139484,-5.195473439204953,-2.840047583712943,-2.7846247423932873,-4.422030344205485,-1.9742294701140832,-3.504052730539878,-4.05001799486152,-0.8121751302933852,-3.5912721438545,-2.588344524917468,-4.606341215552439,-0.8289199760160455,-3.687988820930117,-3.123307838189607,-5.575137695031704,-4.746674911972179,-2.6365233204038683,-2.719091179138476,-4.714681365218068,-0.19141767609725305,-4.663192065356826,-3.790063496139411,-3.686216415142708,-0.3225712996332838,-4.516971354413291,-5.373170496067231,-2.1148210265857994,-3.3278301771144587,-3.244693896143236,-0.8195934524115585,-4.479640817424974,-0.5505250539471842,-1.8889932787916375,-2.132357437246996,-1.476486516626131,-2.7145721039567055,-2.3768096868732504,-3.3901026363728284,3.0,0.0,386.5691455226191,0.8251849801680304
304,-3.696316639685142,-3.3840441273867805,-3.181586020385191,-0.9967543800293702,-3.2272246008486403,-5.162726920991248,-3.4004436140724525,-1.6436654928399352,-1.5806815974260793,-1.3139114527065696,-0.27786086854259995,-4.001520895095357,-5.007151491858942,-2.9164600390901856,-2.637669455359086,-3.9124375908226514,-2.9283446390603913,-3.640942898817304,-3.790594218332645,-0.34237296230866876,-2.887778502595356,-2.5046759503619414,-3.637471121941801,-0.38782423225871687,-3.503702986857961,-3.7073863368128253,-5.413326172241338,-4.717835114570285,-2.692808485237089,-2.3590563025962252,-4.623450377561488,-0.611226108183887,-4.12203467433307,-4.078001200357033,-3.9580953085789776,-0.3443956130910182,-4.412221121749885,-4.963156625846911,-2.576993684000376,-3.072268968260913,-3.3821084305803297,-0.8216938312395557,-4.512467197361081,-0.792587709906029,-2.002920139510309,-2.64822102440963,-1.2604702729751984,-2.650312189918184,-2.3690465399192946,-3.1781045869308957,3.0,0.0,315.34637550552213,0.8249061784450336
305,-4.3447815079095955,-3.6350825910195494,-3.288339696409775,-0.49459591598409647,-3.5658947435593844,-5.086027356414899,-2.690673977903588,-1.1618573026944994,-1.5177301329588273,-1.4605950238670937,-0.7019776993988289,-3.041083548322622,-4.647742388726561,-2.8782620930095244,-3.129549495834722,-3.5795239709346287,-2.212023033224201,-4.062909107886675,-4.12155320384171,-0.7182034714149084,-3.0962937613956996,-2.7685815118329242,-3.9409936902836535,-1.6083003221916417,-3.7696828926897297,-3.5541975185561405,-5.088557867922363,-4.830506758430751,-2.9494064606120425,-3.033022100073327,-5.416820264676348,-0.20260235029569026,-4.635603447190219,-3.45153744851544,-3.7252136365110653,-0.5810116539874762,-4.717426299277379,-4.674691483790006,-2.520737449119596,-2.2336354508554566,-3.2746828199511264,-0.8943370347404697,-4.1692140950690275,-0.7976194283743618,-1.8855436606567302,-2.249370499433103,-2.189945594496492,-2.566628299141212,-2.455431084665279,-3.392019270378991,3.0,0.0,307.3954613971037,0.9498233612954639
306,-4.403236134979969,-3.5848654222092518,-3.1218737474200315,-1.6850134500864615,-3.6104419422052354,-4.8043810916748635,-2.8101570499729283,-1.727397861435755,-1.6716904482355304,-0.6839560770936007,-0.855066676477482,-2.802350887977135,-5.224014415541268,-1.9240771835729773,-2.8981671810912997,-3.940468197647779,-2.5635544357886504,-3.8696616076625574,-4.09505915719798,-0.9268687687015809,-3.0533422702617194,-3.1167819089118467,-3.947827962143044,-0.7053171792391543,-3.192124502709502,-3.617585650724747,-5.392190684114748,-4.562032884477082,-2.8531869918891384,-2.4087783173301975,-5.608839445468243,-0.7427698267884766,-3.912359420004137,-3.8857779246342243,-3.9304806941061408,-1.1091169640479384,-4.605202905810091,-4.766083709011399,-2.2024549818491685,-2.4793095726721264,-3.0629505403246653,-0.6044594795697649,-5.288821836606946,-0.2555832831510765,-2.239043714116495,-2.540181484821774,-2.050220259613358,-2.673750874474435,-3.0053127018630743,-4.060596566384292,3.0,0.0,343.7425658870429,0.8962703610785854
307,-3.2776905228168767,-3.760544479048744,-3.5377413047229296,-1.474283621685133,-3.4724737036096025,-4.804424383750391,-3.094517239728566,-1.1387282969561874,-1.568966627924186,-1.0176804705071323,-0.7670954849010405,-3.162100773886656,-4.254942049842381,-2.116822144167708,-2.610492745655321,-4.404777191313526,-2.2577944011274047,-3.645358573814048,-4.2348835805665725,-0.10036709637183272,-2.2790182008015263,-2.0941729478370497,-4.303715294286198,-1.374022785265668,-4.173257220886436,-3.5233652284150394,-5.009068770552753,-4.045110118236787,-2.827329304620612,-3.0453866714621616,-4.810715057771858,-0.23125170978352136,-4.764263047637696,-4.474508531162232,-4.402400686545437,-0.6671264253660261,-4.316151752230827,-5.604817992365741,-2.6269826351923555,-2.728879290518823,-3.299491171163715,-1.5910931807233832,-4.632662227787522,-0.689084161015614,-1.6212547009511566,-1.6947856573189495,-1.2742751229239166,-2.4297744777906503,-2.962559970886145,-3.208629616843091,3.0,0.0,309.0615178369843,0.8784369544873665
308,-3.9832730196414023,-4.130704392522842,-2.7985631663247856,-1.051480470146733,-3.290503724197099,-5.345335470873471,-3.2347397219400156,-1.3218291856863467,-1.727986913277494,-1.3744292242696212,-1.5596590873766596,-3.0092663377986817,-4.751047674995246,-3.144882613616364,-2.4450948808807036,-3.893875714494766,-2.0726619677105553,-3.8845075203809656,-3.7641924711855625,-0.6600341842470812,-3.340414115067452,-2.7007777563157567,-3.867209777052419,-0.9157795336411169,-3.78759894222645,-4.54431773265373,-5.618455227563636,-5.0500767962968975,-3.0302719972519303,-2.8357501754927403,-4.793276445927649,-0.8456244174631546,-4.673120636876449,-3.817976981650565,-3.271221251675497,-1.5273885103123843,-5.169564780990659,-4.752972951395899,-2.288872318831008,-3.0935949005407952,-2.9833939566594623,-0.9157745134747898,-4.355378619870888,-0.528779651032939,-1.955034928332137,-2.353617839875454,-1.3164867710938983,-2.8328947229835566,-2.1957502763396866,-3.5139611841195264,3.0,0.0,349.14476802503685,0.9098216524165004
309,-3.6739815438521917,-3.4149311472438977,-2.9020844328886173,-1.6052604224530578,-3.135208246797179,-4.824026706633925,-2.857991621254156,-1.0515428621735419,-2.706492636084744,-1.3960732517236183,-1.7579094775825164,-3.52911389752009,-5.4229764187546206,-2.3930397200435847,-3.4250631525406683,-3.853509115142454,-2.7275392308440436,-4.2851311641409415,-4.149262735096977,-0.486865311524104,-2.857218083831853,-2.4624305903024326,-3.660428291945735,-2.041573948075378,-3.7896514605327933,-3.604179976448761,-5.210391593937394,-4.833907937600314,-3.3790444114610487,-2.917174179004578,-5.067029974199325,-0.7349199501110844,-4.548043946511094,-3.4137354110877847,-3.64426216796557,-1.2145997154132924,-4.175432335347682,-5.208629890688194,-3.141150975002835,-3.07030097842213,-3.525133303420813,-0.8592792426034538,-4.348669996980663,-0.7646462974682355,-1.131231904662008,-1.6361657998265304,-1.616483122865165,-2.291055609743444,-2.5870791910295727,-4.311850187555723,3.0,0.0,353.0206833816194,0.8927531378272856
310,-4.506636910044031,-3.370898086513435,-1.8033775648026023,-0.794608009082088,-3.3551189579450464,-5.270993430296124,-2.689374042217672,-1.904932871063354,-1.5990615178867007,-1.2178613753236354,-1.37196842546092,-3.551882278760509,-4.794831704621429,-2.304711817243381,-3.2738977751378386,-4.1236828660283305,-1.913146139588417,-4.148210635156219,-4.2628846694970965,-0.3917049611493195,-2.2792820409405246,-2.3814926914540404,-3.5920028079532784,-0.5128815851252428,-3.78874034532248,-4.171687290070668,-5.126977389300724,-4.441830389233661,-2.870647398295017,-3.1924838763224637,-5.396072268790004,-0.1537275499039934,-4.570620267756256,-3.4794451216860676,-3.453463902045655,-0.9738264318204133,-4.152108681671715,-5.357097570483054,-2.330965446092521,-2.775172123648878,-3.1954015158802256,-0.8798583009572045,-4.642894286466599,-0.9812436464064386,-1.6550165977778848,-2.109994374456475,-2.051764035259493,-3.157315487699248,-3.0143244654321624,-3.5390012293487287,3.0,0.0,329.316694886021,0.8638331379637625
311,-3.937142853768642,-3.888907791900732,-2.316631855008708,-1.5105246817292595,-3.473340386225148,-5.432380942212705,-2.777450088582213,-1.3739092903041263,-1.901569566124304,-0.4721643026433888,-0.5125018788386633,-3.719856185261977,-5.00063041909582,-2.2326829833817414,-3.505051110339155,-3.761577849094271,-2.136767462066314,-4.013894401334098,-4.5382280289315124,-0.46113993581339674,-2.8696945843636508,-3.0732612514293627,-4.040201682608252,-1.3423034850292153,-4.114268214589935,-4.185276754059643,-4.778249013961864,-4.894530511284457,-3.206405751254171,-3.4524688188488897,-5.087173480189286,-0.11115912384719095,-3.872833909845032,-3.898533409622501,-3.8969467518859484,-0.46848449109513024,-4.266770937725331,-4.878204822569212,-2.4404431636694572,-2.114397510048329,-3.280356359134562,-1.595025093893042,-4.715190400009532,-0.38569396074647794,-1.8602806859051046,-1.8315477347498486,-1.8140867522316655,-2.4787924062286377,-2.881054203998045,-3.910816818023942,3.0,0.0,364.3812227870907,0.8267550919092398
312,-3.349487290152482,-3.753022814367909,-2.8601282117090983,-1.144686722095881,-3.5225791218002565,-4.86158030552099,-3.070208373842614,-2.055561329981445,-1.6606354929480935,-1.4414319492691936,-0.13102800936517123,-3.4197083809554467,-5.099543761583318,-2.1210181845306595,-3.167106323124656,-4.140394676044958,-2.1100200029654324,-4.519476575243746,-4.084457955000803,-0.0859222338415459,-2.898506463704454,-2.7539204634795365,-3.812367999927024,-1.4877255450565698,-3.4931131302813467,-3.902594271080194,-5.575585856065931,-4.879364297838193,-2.568948304909511,-2.9450789306489984,-4.584900230618771,-0.7635135723995132,-3.8861487383114586,-3.5302605220690997,-3.6251679294055164,-0.827160385628893,-4.573085633088994,-5.135870008584157,-2.1535668332835862,-2.9897854580209224,-2.821752863765893,-1.427941010824997,-4.686785867861784,-0.5594673674375471,-1.6889224627182804,-2.3174603354219707,-1.829100097289981,-2.6100716518923495,-2.9029622278386222,-3.3688273917616285,3.0,0.0,302.0164681109605,0.9693740701099459
313,-3.5367773216309706,-3.3411224970346316,-3.1220670956661567,-0.7767204405961405,-3.7999840787865615,-5.374997097637874,-2.490021502276257,-1.7901510255215798,-2.036298961129853,-0.9978898903961049,-1.3697572252376655,-3.6001397167283318,-5.107869035528607,-2.2603742019829234,-2.847459556701863,-3.8590416483310452,-2.3479816404438876,-3.5579081801210655,-4.160023415786297,-1.2493851292386737,-2.798005713658876,-3.1710757776264087,-4.046592577977507,-1.7813760163656824,-3.7418722248175267,-3.8336098166302137,-4.921922791857757,-4.496718729759069,-3.7023445304721276,-2.5908596873768324,-4.957818450305123,-0.12850190470720166,-4.265705630387665,-4.220514362801881,-3.7111283489895905,-1.2309889285186224,-4.691973490324329,-5.3915143569479,-2.9954521681029487,-2.3916160561097466,-3.266095792466076,-0.884565201498787,-4.694060219429095,-0.11108911260422794,-1.7526233685218506,-1.32188380516546,-1.2664454173351334,-2.9172156087301557,-2.171290993217366,-3.85162946917271,3.0,0.0,352.02740329741187,0.8163992155833127
314,-4.119770473265598,-3.4925838023657443,-2.2232371618192004,-1.7989195721616968,-3.202575986830175,-5.093450696166846,-2.6516632932522866,-1.3746862947801264,-2.0726724147035895,-1.221052762774033,-1.4374317196186972,-3.1929232062530475,-4.93295782171058,-2.673819203387501,-2.70217060192272,-3.976013099589603,-1.8866561835517346,-3.6100032403108506,-4.0557580233509,-0.40901804895019983,-2.5253022270706276,-3.2230825208753924,-3.8361863814967427,-1.021970935327995,-3.328955291987425,-3.8275716678039005,-4.727200410345091,-4.897797554958135,-2.429762115035745,-2.9021557449121977,-4.725562675703687,-0.2687413448745462,-4.746698784130426,-4.485449235598118,-3.546709932810269,-0.5341487085290451,-4.4731292967741485,-5.003082521945228,-2.572587101739708,-2.9372163784790444,-4.079959875288111,-1.6074894302188605,-4.631788175141305,-0.30214394610617223,-2.2578289045343185,-2.0889306290222365,-1.2568459511083945,-2.942073191762573,-3.125137893807122,-3.576323381344163,3.0,0.0,308.9050147392056,0.9610273227837255
315,-3.989560694918639,-4.5503448698835465,-2.780882626357675,-1.3754990390563604,-3.5435098030307053,-4.702761652869589,-2.9880061674077907,-0.8710481786854883,-2.001915786700513,-1.2654555674455714,-1.072692076657759,-3.45806361571509,-4.771154612526075,-2.501920060237539,-3.125856941356728,-3.8871938339236243,-2.4906635397473877,-4.018457908552587,-4.855696218885481,-1.1396883723563065,-3.1968351342213666,-3.0988851229591767,-4.018821505472378,-1.379596653925597,-3.206809611082512,-4.514980319093754,-4.547372203031853,-5.000139254594852,-3.0572024254548915,-2.780339466311311,-4.832891080591898,0.13304851694288333,-4.7003579227394265,-3.3149151507254357,-3.868041817192031,-0.5475609109371846,-4.364853573275962,-5.266810903094653,-2.4401795575809193,-3.146274702471623,-2.876846011907442,-1.2971587102055415,-4.212935028115567,-0.7232986972015313,-1.4598087364908405,-2.1907459595486625,-1.5323675190852255,-2.9664974708566274,-2.677959189897137,-3.5543307650835203,3.0,0.0,349.2877760822499,0.9006269672401493
316,-3.913630884280905,-3.8885728766235053,-2.5113811493614433,-1.0804637016727965,-3.1608002458205475,-5.729172592253918,-2.7828308120580725,-1.459978131879983,-1.983840201660622,-0.9683435761540087,-0.9152055518404069,-3.950491014842844,-4.74806368025625,-2.0444059254104747,-2.7859149065828324,-4.2413151333099695,-2.319043906888056,-3.983598559902132,-4.682258341881386,-0.45919667777508855,-2.628130429279744,-2.634100722919944,-3.887620328746494,-0.727830931768093,-3.9317260253446897,-4.193542539630121,-5.155218357590764,-4.398895819033469,-2.6610969517362033,-2.6742751220501666,-4.917752227498827,-0.3038407342944538,-4.978184523606579,-3.5622446883940193,-3.656654400241692,-1.1880193425894203,-4.333143230172133,-4.568736806519876,-3.6381788624134765,-2.787625070947428,-4.231733032759967,-1.0305254654492764,-4.693167750230617,-1.2599210075733902,-1.483464305667963,-2.113870283422223,-1.812835078537857,-3.0832864049338857,-2.929903530688237,-3.7798009254618297,3.0,0.0,366.76634715035294,0.9045495473597321
317,-4.174707385975915,-3.6493409494241726,-3.052792339319361,-1.4332626492698113,-4.143632528787798,-5.326860997673069,-2.12249644321572,-1.2300909712894113,-1.93706089779012,-1.2904393416721165,-1.473451801397261,-3.2608525926123564,-5.09061408723706,-2.5024016761237684,-3.4224825140360746,-4.004960680951666,-2.5081547026955944,-3.4285421919537127,-4.427745968107721,-0.5414799760165605,-2.927488818989733,-3.1311701337590194,-4.0668208771663865,-0.6079954665047753,-4.308669686319872,-4.179653092575709,-5.083059920719753,-4.465292416598272,-2.7898615328009972,-2.8840182296256853,-5.070177000167099,-0.49662685152227765,-4.254989688301753,-3.7814554458617375,-3.859045697206786,-0.361112188012476,-4.227613425937929,-4.957834935776318,-2.412035045672617,-2.7078845254246877,-2.5357998194833726,-0.79586278726082,-3.892851481419458,-0.7485482637604444,-1.8069406015437621,-1.7747851904040086,-1.5633129256776286,-2.3317598044792085,-2.1863744367381948,-3.4186618432419427,3.0,0.0,303.6054701698603,0.9612076078284212
318,-3.728074195269512,-3.8015768787382416,-2.7154848054141887,-1.2873008004799606,-4.143449593474526,-5.211669114965748,-3.1382383147277113,-1.6469107511586993,-1.546478766806174,-0.6078594721731736,-1.0837514451031838,-3.724357773632112,-5.221165040943831,-3.276995183220116,-3.8242293876234634,-4.41605224014639,-2.2255103754063374,-3.165223355886722,-4.764513464915497,0.01665273292246644,-2.54117087697825,-2.7160712069733965,-4.017494378107503,-1.880970375678391,-3.715560151628347,-3.9605838177829322,-4.890975590459924,-4.806680664930743,-2.6663222540156455,-2.7822898993487177,-5.0396640354252,-0.5036992871809977,-3.922861478642702,-3.95596552856223,-4.02519837742264,-0.7311317215964491,-4.765286224208058,-4.587604618179377,-2.5644390549979805,-2.7250360368897146,-2.771350220340178,-1.0624061017678847,-4.578881391635313,-0.45591392325751745,-1.838651349211727,-1.7098751576091489,-2.0276585317240565,-2.758649544350567,-2.8535781533330864,-4.212130613693692,3.0,0.0,378.84391179822984,0.8302095877428254
319,-3.741292578924458,-3.415771922500305,-2.524298162988364,-1.8545974377659313,-3.529951030573526,-5.272533145021501,-3.586926245323996,-1.185139661194556,-1.956103697364866,-0.6583719360655421,-1.059053258586131,-3.4912771561541622,-5.1539567193490194,-1.9653609848791478,-2.8204901501473936,-3.3116203089592244,-1.889096547284919,-3.9685413943026067,-4.660925035377256,-0.11288345016593493,-3.159053601769929,-2.466020824047958,-3.5954603735177746,-1.3895645823792073,-3.5199405909176114,-4.043223826768807,-5.20453553849421,-5.121439772313372,-2.37673911435846,-3.3084948338880285,-4.4783654780130275,-0.11035462358244238,-4.181849563859538,-3.772853238547739,-3.7057376667068893,-0.3605403258474613,-4.231694387361556,-4.958960390260646,-2.464012284230089,-3.083707185944202,-2.926532362808226,-0.9345358367715352,-4.090214928718314,-0.6612117360952571,-1.4870682310329126,-2.0486430261178006,-1.7421369926753596,-1.895764389294848,-3.147507986101504,-3.655904912201352,3.0,0.0,304.8278999663119,0.8566192675308507
320,-4.219724701924122,-3.35200779785039,-2.536863664315235,-1.2130852400204966,-3.1616323431822853,-5.079861223773124,-2.7112407016368527,-1.834919880233381,-2.0197498709610824,-0.8298318593234961,-1.2622083770812513,-3.9241801762355912,-4.9124039647782585,-2.1938254407232987,-2.9873256704592444,-3.7092271159647177,-2.179456958147531,-3.2740338091718115,-3.569319931251817,-0.2936714158514271,-3.1857684602572482,-2.4299565408759323,-3.7331887216979847,-0.4817169620252395,-3.3427696153896647,-3.715727856590256,-4.6250369942778775,-4.764601150155137,-2.3693847628455598,-3.4171567967304664,-5.121957527110965,-0.3199053164425544,-4.094713412242066,-4.176895981602459,-3.456056344175404,-1.2992386116945411,-4.460476029047201,-5.371711887505157,-2.4876364816017724,-3.483199496861277,-3.1317055278512873,-1.0107706979899267,-3.991242038287665,-0.3841735692623545,-1.8088386682459752,-2.133476964052026,-1.0284861242269452,-2.9319392755864477,-3.364260911095923,-3.8035845787208973,3.0,0.0,284.7314626317719,0.9553835284911498
321,-3.758681665258057,-3.5048448276972217,-2.121561660423547,-0.8682585714837974,-3.374572298535424,-5.128192214618795,-2.6792058791297193,-1.4608383766492996,-1.552920750197673,-1.1617312320310518,-0.9720470725743761,-3.323964924565187,-4.959805182297979,-1.7122742438755925,-3.157831245018623,-4.270546094057346,-2.7971809643663823,-4.081780530096833,-4.017705028067726,-0.27816289978157577,-2.8670139355010877,-2.144545049589585,-3.2271855876872935,-1.7495773814252642,-4.050654043853661,-3.606935465130268,-5.621789326884915,-4.598578598211362,-2.7359673377979874,-2.590826926274116,-5.462956793436475,0.39856981463760166,-4.388307547997397,-3.6551687621854736,-3.6715075610641597,-0.9200251476386936,-4.396662517012123,-4.288297522522786,-2.449894224302825,-2.958256584389512,-3.4371570977540298,-0.7697281809444956,-4.006503343100267,-1.3238797666587707,-1.7218161020546743,-2.1960028932470976,-1.5586013479921357,-3.008348865635444,-2.7328939838403885,-4.260942970815195,3.0,0.0,279.15136449481173,0.9858005422700397
322,-3.909851497054582,-4.390620907364624,-2.8551855366025,-1.705302835827402,-3.2037854575096683,-4.949055909865695,-2.874143212496667,-1.5694504241113854,-1.8521661340092108,-1.3480305118338374,-1.5611571335242187,-3.3459226064827714,-4.938095311069307,-2.8151857515989254,-2.7013601007509513,-4.097490003820037,-2.2531543102832465,-4.232533586071144,-4.142196124488093,-0.501848505541648,-3.466095103741365,-3.280725281172286,-4.336285006406445,-0.9531218266839714,-3.5581626387118734,-3.3219645794961563,-4.784688974013199,-4.841563350883341,-1.9700546688991336,-2.866414550694593,-4.339442603461485,-0.18253229874391208,-4.4993899950864735,-3.3056019445621074,-3.695921535980618,-1.0930403286590902,-5.161323784151151,-4.9933696659849955,-2.805576118709696,-2.5520112803581636,-3.77298630976144,-0.7386905367654897,-4.870406399070737,-0.5255786695923139,-1.6650970160390441,-2.229385578814399,-2.007623438855624,-3.3688818135976915,-2.559256082503204,-4.25175854099397,3.0,0.0,337.46026650452325,0.9772953305009539
323,-3.872541491778236,-4.535952069926055,-2.3146469653444637,-1.3626131794445484,-2.9093433974463254,-4.977815017861356,-3.581416081345367,-1.3066533767935564,-2.262517351466451,-1.289775284211605,-1.823635568756472,-3.1550427352798924,-5.23747824281674,-2.2662868830221097,-3.3648966747264484,-3.750501126442688,-2.132282840661434,-4.298248913479669,-3.6576995823316403,-0.3476890338646494,-2.511487790898584,-2.6835547899224617,-4.0804000495535035,-1.4343780059481184,-3.454033705086254,-4.101110724426335,-5.565515120014063,-4.738527874290269,-2.9054736363038214,-3.420190303639211,-4.788447044474644,-0.7159279243172354,-3.9541887476928075,-3.7324682586579696,-3.7804546146007043,-0.9347590707808274,-5.228646865346907,-4.7344133046139945,-2.0232756991869993,-2.990872892318471,-3.0489015092179335,-0.8689118589769507,-4.027522248640094,-1.2402800645947374,-1.9988958526266933,-2.341195871521161,-1.7672633468968963,-2.7203928998341613,-2.793255531167187,-3.7888273841952755,3.0,0.0,350.96856205089284,0.8589787011952372
324,-3.672762202086819,-4.1067542945611075,-3.190608568663845,-0.9838399791090613,-3.237605302905011,-4.604306448398489,-2.9978008059215657,-1.8207355936045575,-1.6706890905292195,-1.207828711794834,-0.36728969858293525,-3.701396730233237,-4.243919825997307,-2.2175089717943215,-3.11674335035978,-3.5188657479351826,-2.7257888527016214,-4.250947852474418,-4.623694935958061,-0.3277753499640967,-3.294378597040126,-2.863075555042969,-3.5749495596726146,-1.0580574154709181,-3.3769568222541135,-4.007751585709698,-4.78520157616287,-5.186662840342563,-2.8022307477018806,-2.7315006048982986,-4.846704962969008,-0.345762303435842,-4.230880589674334,-3.6702806569938775,-3.8132651548429837,-1.1267578443683532,-4.619194049514391,-4.8123454935417955,-2.828976870725929,-2.792535724117886,-3.0162259866223833,-1.6165163244423308,-4.555040903669064,-0.7735535413021803,-1.8844447342317627,-1.4871985721895615,-1.4094562804045765,-2.6807446232947005,-3.186010945390275,-4.164281898609718,3.0,0.0,324.69666742331407,0.8914528062412378
325,-3.373318827708183,-3.2675411522160913,-2.7370135030080176,-0.8236585122711235,-3.547369696738237,-4.949980991349722,-3.495590395300905,-1.6334702210022551,-1.60466704317762,-1.492979044271396,-1.0363777792018694,-3.1104961063184917,-5.076600380088613,-2.475148120265214,-2.698665379456788,-3.8831400863885435,-2.3514760155641357,-3.141233629760586,-4.509197797680893,-1.0902062696668418,-3.0753692937759243,-2.455294914708184,-3.746549427720765,-1.40990007758019,-2.89490415826464,-4.64820190896176,-5.266316141322992,-4.757635800915853,-3.0699812119269962,-2.7795131695255684,-4.788892580163065,-0.21287704402635008,-4.2690258807095125,-3.18080162776282,-3.7778436881254485,-0.8088177622264782,-4.647692637679509,-5.04053185266712,-2.772653443497414,-2.595331946879992,-3.259977305010641,-1.289706988819209,-4.910438298664082,-0.665536102393713,-2.1478832801557615,-1.7279145795467192,-1.4300087322242172,-2.7590745267713572,-2.7705711495252765,-3.8631540362572085,3.0,0.0,316.6482524385461,0.8727290227924264
326,-3.9554001114745763,-3.6790385368612597,-2.93341756093512,-1.3488663924261932,-3.536012846790405,-5.364670225310025,-3.081938121469161,-1.5198958339190654,-2.0820855244495977,-0.6851419777646861,-1.5331849228854306,-3.333375598031082,-5.335826297383213,-2.390712965591136,-3.4023232982199483,-3.9590859084046417,-3.1936254497667695,-3.5124588976955238,-4.69834040366847,-0.41248366898067595,-3.231542578317723,-2.870098471485999,-4.272591471613677,-2.23191143131353,-3.5003237770867384,-4.046684348761026,-5.864150626855183,-4.46867634486208,-2.08695093228647,-2.852372927070484,-5.197953283928536,-0.6739458433620599,-4.707155152895758,-3.526200400792244,-3.8811143588252395,-0.818130300637352,-4.6599371922236505,-5.075926343903111,-2.408453082652233,-2.3513993796876775,-3.0524217489433636,-1.1967869676653229,-3.63669803057349,-0.2762051403441909,-1.6833551055901481,-2.3516731860345677,-1.3349671774743863,-3.4115531105471564,-2.5992174211346613,-3.5164847852110097,3.0,0.0,356.5601137705667,0.9661073494228508
327,-3.9210149258551072,-3.376859790373275,-3.0349816944905164,-0.7646247389744183,-3.201487017316064,-5.588537558803309,-3.291624916047873,-1.5072060939190801,-1.5555054306368867,-0.840388483039999,-1.385385502055683,-4.162203741092213,-4.923979171319918,-2.7326939204395893,-3.242940141652302,-4.142153522922144,-2.2094058243894468,-3.8090618925625597,-4.09178410718089,-0.8491670887396374,-2.948113283194657,-2.2514863237695524,-3.499158523067889,-1.0089697462265412,-3.855462245596754,-4.253193508225511,-5.3775602198023424,-4.925439906037189,-2.278595469375741,-2.9213225319196514,-5.062286968384108,-0.5311798001566602,-4.011340183683414,-3.728318714217455,-3.17427229113385,-0.7101408907503208,-4.487013706113033,-5.1361209797525325,-3.256124923803068,-3.086015341774469,-2.754558045696749,-1.2629742340263035,-3.778326647213866,-0.6084468381120424,-2.260249495442015,-1.72141169146498,-1.7948590128987938,-2.8359220383704566,-2.916535710613799,-3.739623899236408,3.0,0.0,341.7657964121186,0.8690658963231332
328,-3.8638829081209796,-4.203689591233648,-2.511622658179057,-1.4214954043916486,-2.933711091403488,-5.301699729561202,-3.3379656266992965,-1.286086085543024,-2.1209584640260775,-0.46037741741861615,-0.8385317057979043,-3.5751408290423283,-4.653098511524108,-2.4607594198543237,-2.9064752580790936,-4.2297091905742725,-2.2807221530754207,-4.003638429393686,-4.240619542546581,-0.5535976581518154,-3.3750630863225157,-2.362010883345559,-3.3693660381167847,-1.2187909891985058,-3.6590162803323074,-3.676521779495854,-4.680551515415984,-5.005566852410227,-2.3107129761210556,-3.196787665911881,-4.991966012081093,-0.5576106270255459,-4.6401398360040265,-3.8348295516646247,-3.5216995629254075,-1.2450541839381977,-3.8455352765522206,-4.921656808578645,-2.8479918686332075,-3.110940215592927,-2.7123709653560217,-0.24894359763835971,-4.355490771048467,-0.770192861082201,-2.0628207718104155,-2.4639997295927145,-1.4604063770521534,-2.6061638205309867,-2.500927132726756,-3.4953622104247817,3.0,0.0,310.2290200590998,0.8731241764121384
329,-3.8967429896204906,-3.5129051134481655,-2.756916276397335,-1.4103860216074953,-3.2245244060251514,-5.012904259724018,-3.0870969764255056,-1.5353633936453577,-1.4241464696990755,-0.820525192804152,-1.3044437976024752,-3.6612700996037266,-4.824202262861772,-2.1869810563268564,-3.1022912083812932,-4.094107079244862,-2.1396166817934446,-3.9736523357001845,-4.389620068092533,-0.5061907534764645,-2.252983537929007,-2.598476510685762,-3.9435434439359183,-1.3272102206750522,-3.3501486290753815,-3.7748982454653306,-5.426362201180361,-4.309456336714967,-2.405463934575494,-2.626906378010917,-4.383525308479935,-0.34048931898085416,-4.473725342087732,-3.6473011496628613,-3.253593491673093,-0.9740573646320239,-4.510976644765907,-4.9940002961259005,-2.748796236676204,-3.1266413476988157,-3.029370860803983,-0.5574791653274488,-4.260807557045963,-0.3917413694974537,-1.796057975366457,-2.2397925425890417,-2.068318583511863,-2.4790058936458923,-2.7549278432177022,-4.4043758912817115,3.0,0.0,309.48862343041174,0.8066794871466321
330,-3.5364635730675076,-4.188362027694922,-2.82615416620552,-1.3271522224309935,-3.4460959778840907,-4.812578811804708,-2.800077785945298,-0.9535078434722679,-1.6844949947773675,-0.5932346514475679,-1.2212752037316457,-3.111810658478495,-5.433230272195213,-2.004364280084323,-2.2374527293157676,-3.699912157169924,-1.9413240674470742,-3.88710876937415,-3.8768090599011478,0.2064712487697361,-2.698018634358118,-1.9483467097355867,-3.4780084557140536,-1.2273536501869882,-3.97846934590761,-3.5087740054694625,-4.904302137065685,-5.2863288395823265,-3.057770331389316,-3.193021664887719,-4.512671570907942,-0.5452830167780428,-4.597812287917294,-3.689362783770313,-3.773195501541919,-1.07378115424792,-4.738371645897561,-4.853714394417797,-2.6189800191451913,-2.5212568919110145,-3.3310734353148588,-1.2191099327299373,-4.0227911999326995,-0.6297000986370662,-2.1796201063090037,-1.8945685321987347,-1.4638215600469449,-2.201759913553679,-2.763390868768914,-3.7057430514327465,3.0,1.0,316.6424037299242,0.5077143040545179
331,-3.627345110043925,-3.505620575315435,-2.8439807182446635,-1.4913827317364123,-3.696522131071123,-4.7042951785468965,-2.650740860868744,-1.2757740154099433,-1.8794950352701563,-1.1449993197316028,-0.6323945795197373,-3.3746651726482284,-5.1730806943435415,-2.2311860271782815,-2.784191740153773,-4.451573460347483,-2.1557826737645738,-3.8862534869706225,-4.084810417866081,-0.7997452919625773,-2.9097156323034676,-3.1834176698170076,-4.16392909983212,-1.5183618028930774,-3.363585563482704,-3.539372665059345,-5.8165417425969945,-5.0432286049464565,-3.2627421119104154,-2.7998201307733908,-4.386655876657047,-0.4369536907370023,-4.385688971381382,-3.2393585804829756,-3.946442288154246,-0.7861060348593542,-4.259710168264397,-4.665999122135741,-2.371547606680898,-2.988810201727795,-3.2534460162519485,-1.1128914539533121,-4.301791950245498,-0.32564247331563395,-1.6767643052028829,-2.0266043440503445,-0.9608791558258325,-2.5693749827769325,-2.423888766071608,-3.2866440874707643,3.0,1.0,424.0527491339069,0.007261007353955674
332,-3.7391107206770497,-3.944275150144007,-2.897475922425687,-1.3101620416503879,-3.6121654196920305,-5.204638011488994,-3.4142157766269814,-1.438814317699757,-2.028495675894063,-1.4464445252527947,-1.3284633377927517,-2.7698053137052168,-4.643539206611291,-2.61076420753437,-3.3601760726613707,-3.8891199738448954,-2.4894055589576753,-4.304894776599333,-3.77748958520956,-0.7033070129737518,-2.4711508870982994,-2.641967692327832,-4.318307802550642,-1.1770175874314819,-4.0593063267146245,-3.9521631496889795,-4.701234999038277,-5.065725467625841,-2.502503066282699,-2.937197224027929,-4.5176284566202725,0.1511012264238974,-4.261302909607627,-4.2118385583122615,-3.7853057578105576,-0.5412694943907199,-5.107386252118739,-4.953170200813792,-2.150571558736793,-2.8418426337416376,-4.075183735926152,-1.5928254575776184,-4.527884930106629,-0.9128871601181571,-1.7234863062084114,-2.0346022119189993,-1.1408543613054314,-2.918735277667009,-2.5100959010681447,-3.8429671987914418,3.0,1.0,435.8495047957681,0.15767305266440657
333,-3.6342140303374695,-3.860823180187144,-3.258101512273925,-1.4098057306022729,-2.7693685632514784,-5.053082083102796,-2.5938586347035635,-1.690236286974376,-1.8412232935221569,-1.335492895824181,-1.1814088805327774,-3.5955909531583297,-4.576623383517193,-2.3020618092979226,-2.889679456689435,-3.7026008956388416,-2.462860155227431,-3.3854315797275607,-4.137519753950064,-0.7184745755682539,-3.193944036282646,-2.832941949790665,-4.373279038495991,-1.3908989383492067,-3.8201309696237087,-3.294406693448096,-5.168227063621483,-4.389742806071507,-2.3476277321289722,-2.866882261451684,-4.595436662142249,-0.11091127814845311,-4.41427054158773,-3.9967080626009115,-3.7794106638025857,-0.057441027929408306,-4.043180278753249,-5.420000933675253,-2.7991823626272296,-2.6676241073048983,-3.6152532607788617,-1.6474617215114262,-4.149015082361161,-0.4402017170683236,-2.233320364223021,-1.5167659409445309,-1.4705688917934319,-3.5101012481664338,-2.9835527443215084,-3.9058260396138285,3.0,1.0,331.97758103089745,0.7046577132750925
334,-4.129355155292204,-3.9481664213904013,-3.043288798048479,-1.0321342428903364,-2.997623064434874,-5.0570934536313965,-2.600933185761854,-2.0485587330190196,-2.043783307727054,-1.265895517094014,-1.0804941994408734,-2.977301818265765,-4.78029565187045,-1.973013379755661,-3.015787723223954,-4.1290653294348365,-2.3317901969342185,-3.687570673114675,-4.215143004143432,-0.6952497095240215,-3.213654150321562,-2.4568018974124866,-3.173842268364822,-1.5179129475260993,-3.3989576807131727,-3.674781644256347,-5.199023169616661,-5.034562413161414,-2.8657256695711157,-2.7218844997090446,-4.3252863982684,-0.1575738360135702,-4.201667145657351,-3.8507758600408217,-4.3675403650632285,-0.5610911971952929,-4.821944679122094,-5.708718263042901,-2.007046906298002,-3.0008779414825613,-3.4196502532774185,-1.4311790187604958,-4.090653957620925,-0.377869613844636,-2.414002255980601,-1.6230772921917076,-1.254538936382168,-2.0795193096566544,-3.208899127549536,-4.007385604923863,3.0,1.0,471.6152505992419,0.0018636769602996318
335,-3.864957702613983,-3.8206076228023704,-2.7027310557393545,-0.9395023973181256,-2.9005920789356074,-5.342474881558784,-3.2166560234857466,-1.9712734318004392,-1.9694917864315817,-0.6743061829084959,-1.5910722465319025,-3.3813130497348025,-5.402710548218069,-2.2674158021216084,-2.9157796490812093,-4.202740795944606,-2.085663998182739,-3.9116256274055488,-3.8344675905940413,-0.2359237955792181,-3.165760133060072,-2.2546655374516993,-3.5352628301066638,-1.0562019551204678,-3.145018969942723,-3.400453219304622,-5.084229255047131,-5.38331960332528,-2.861679042192047,-2.7720867774602262,-4.992202736650715,-0.7851548426822388,-4.245287274301505,-4.391590177431861,-3.397390111199353,-1.1659448222716378,-3.9835828071908983,-5.257056742225749,-3.4372464412422086,-2.9467782213704323,-2.6910588352024623,-0.9564618756476564,-4.333574008969016,-0.5225159086283976,-2.260113654511699,-1.8979800925877335,-2.030483966258293,-2.834134905506878,-2.787684113162753,-3.67628561285415,3.0,1.0,420.5559666535852,0.08760080770419405
336,-3.711983122389233,-3.5390262556226046,-3.0718866403965763,-0.90004744704577,-3.1931120629273124,-4.6182631590359415,-3.075281761813114,-1.1555552646764837,-1.3012604621477077,-0.8308006641031758,-1.0748385090869703,-3.564289017392748,-4.9368848549496045,-2.370080226677257,-2.843816185472585,-4.131257750666236,-2.697357981129669,-3.939422101660712,-3.9215820069205605,-0.6971183119778465,-2.894527194302957,-3.0102661483666555,-4.349407402946331,-1.3901400061535099,-2.837836244362036,-3.385528903817846,-4.8570044791433595,-5.1785519221182845,-2.894189407722477,-2.7630403944734327,-5.09105678936413,-0.12113888106552306,-4.185383872376728,-3.2228558675003467,-3.7991135462081616,-0.6857961141568959,-4.728736249570578,-4.93189814231587,-2.2298874343528627,-2.211668214876442,-3.558203146554064,-1.0065027143423277,-4.430861808370758,-0.9138351208581155,-1.5331881124924547,-2.144102230846344,-1.9317822352234626,-3.320173165193219,-2.819146359159249,-3.875406511369318,3.0,1.0,342.68683218124164,0.49848409961277035
337,-3.688364714131608,-3.503690369501384,-2.9832333107447453,-1.484231027713763,-3.087568797867188,-4.757211312469574,-2.8656842593125464,-1.8621816126502517,-1.9710202830265715,-1.3915862911546122,-1.9752650248216819,-3.5782169798326273,-5.019398253595501,-2.1863884854432807,-3.9061791444123255,-3.9251427752394044,-1.9538501930019985,-3.945077395827624,-4.523363118722363,-0.04952708295328051,-2.9235485885561143,-2.7885637001286105,-3.9347254422610827,-1.0398477881504256,-3.121528875016022,-3.935861187664756,-4.941343210593974,-4.903543008309613,-2.8850180460938533,-2.6962838373657227,-4.4054597843726615,-0.20004601820414944,-4.130473113137184,-4.289433407022291,-3.8897024550294375,-1.2314089811538842,-4.050396950422915,-4.776782047530054,-2.8638897386217024,-3.4249764360248793,-3.1214360362778657,-1.5497217547921622,-4.523951422621266,-1.1589765597488024,-2.916925647809392,-1.9648323954477445,-0.9003676431093142,-2.982551508736164,-3.1543683809861562,-3.2266742813354625,3.0,1.0,342.7183941483466,0.7993894217019347
338,-3.59100711746301,-3.712082904667559,-2.807398044747599,-1.6661647708919036,-2.9485114401508588,-5.040531671084879,-3.405804652938505,-1.078605633711788,-1.8493277095412486,-1.1997542785210473,-1.4209895330097742,-2.7850733371069962,-5.173842219460835,-3.1259946534898986,-3.1228138225893383,-4.302360622960513,-2.141538554751863,-3.9834285486662395,-4.5463449773473075,-0.3353873100936917,-2.8889151732893703,-2.424954636053064,-3.6790889284024306,-0.7729829837195846,-3.279037018079012,-3.907862638421851,-5.640677231350224,-4.259651880094537,-2.406160288020716,-3.126696882023022,-4.860797862855907,0.03961479784993177,-4.578734369522116,-3.9061502575989575,-3.9392137012474104,-0.5972678743410174,-4.855801075318276,-4.317630754711074,-2.4232338472024173,-2.811549228708286,-3.2268652462281717,-1.1103855948483672,-4.5675725694096,-1.0087241604736237,-2.011454848925111,-2.6442980319774096,-1.565881775534741,-2.4628698905164637,-2.9331064472126243,-3.5625972494994445,3.0,1.0,373.96877870740303,0.4537208375001218
339,-4.311359401744971,-3.955110443197059,-2.8451940112337946,-0.6561351648286666,-3.706795304318018,-4.8318075874169795,-2.5761102672478824,-1.767853935974673,-1.1171988275301465,-1.5895942200424018,-0.520062612838333,-3.074189470040301,-4.928195276741101,-2.80282672540754,-3.3450734386221352,-4.108860960816616,-2.014526164801088,-3.767683118246673,-4.154827236510259,-0.2774943778172544,-3.38352914772152,-2.209790691841637,-3.5351535320856007,-1.006631020126973,-3.5867370763174695,-4.485275867180149,-4.762024433196969,-4.703752769950914,-2.440732379451507,-2.87588963521121,-5.007230347305108,-0.06568506989839495,-4.516144941257503,-4.065332408396185,-3.9538415249627716,-0.8461954034646999,-4.543578216707678,-4.8460663559237735,-2.83505420659556,-2.8175078900376236,-3.1165106780483924,-1.621210707443547,-4.16569572021897,0.16474227380750883,-1.82428164643753,-2.0916753887755597,-1.423280918817827,-2.4694081042821,-3.180645890762592,-3.7828829332454146,3.0,1.0,375.03142572884974,0.3903504866396314
340,-3.879493338856182,-3.1669377029495758,-2.8608658248892005,-1.1469045149186603,-3.157432052092127,-4.800107848222777,-3.3932755742989658,-1.0262020352893066,-1.9855884522291851,-1.6486496212230197,-1.61300675638515,-3.716112683440102,-5.324406949200498,-2.377656096365803,-2.746287117433335,-3.6565244522960842,-2.1596396435501446,-4.394251161291865,-3.8319486100229696,-0.5817697019086439,-2.652888034228993,-2.571128571139694,-3.6994596144027203,-1.3640184785901754,-2.6031025590573362,-4.177087836168664,-4.579988562722584,-4.409115758127781,-2.6416992762530938,-2.8429831572632556,-4.754181910780656,-0.5818202255381092,-4.544105989322488,-3.482987164107126,-4.44779127591773,-0.12502446121458966,-4.76660671328557,-5.013659568463583,-2.4955494148799477,-3.227361462917617,-2.795143010637614,-1.3355429440476234,-4.462468173766436,-1.1307873030438609,-1.714583824719277,-2.246000379349414,-1.7962591334341025,-2.770314332637015,-2.5780519045929737,-4.070215253971787,3.0,1.0,390.6476519428039,0.08388458823688955
341,-3.1279244584363557,-3.851676234455357,-2.212597403508667,-0.732823301848444,-3.716635197786686,-4.929254926059168,-2.8407894373929383,-1.722779639756612,-2.2605123794693465,-1.1353333096279652,-1.1667687554030466,-2.6794472346039737,-5.044466616802155,-2.263938750563922,-3.076314221165868,-4.025851670229464,-2.5763001817829037,-3.4519568936102534,-3.8678991309568933,-0.41773403403527576,-2.744026425871646,-2.915691232163186,-3.9322448023556915,-1.2017325063785895,-3.052573213043037,-3.8227142490646346,-5.464794965413875,-4.578809652282544,-2.4678803617152942,-2.9696238668968724,-4.893771763735331,-0.6763541732598588,-4.331407113840614,-4.471780432809126,-3.4822407768825974,-1.2329103911745671,-5.3020701139910145,-4.520745794508498,-2.2485639268302746,-2.6994193025219166,-2.745465911004116,-0.7702126999109677,-4.633344197411311,-0.6732067340394559,-1.7269632006672062,-1.5240298432792125,-0.9682059892875565,-2.607690846030001,-2.0609237614468823,-3.949689762398391,3.0,1.0,327.0794040752064,0.42033316494731043
342,-4.0280998780131325,-3.9189589727606533,-2.2858530633711998,-1.3874095492554117,-3.3460827020946033,-5.072093379944231,-2.8782442776538475,-2.258516781247637,-1.6292847146133849,-0.8517312176252666,-1.0318234877926156,-3.2417008899491178,-5.624684427961309,-2.381942664798211,-3.6821706481889724,-3.9122649186638263,-1.9554045398020135,-4.228680239989178,-3.7983820210955868,-0.5482738193714943,-2.9168443037881975,-2.5692226534448532,-3.837974148070468,-1.7055546968598287,-3.5015388185443825,-4.123344146283767,-5.1125105564501565,-5.153272829058583,-2.333599708237201,-3.1381815726748954,-4.784420556438558,-0.32714528914830626,-4.839401367301663,-3.853640455273422,-3.419299695008038,-0.8093129886752378,-5.541950280886862,-4.973165758796508,-2.3821878508871186,-3.196750061654829,-3.3595269232300793,-1.3226333234992982,-3.633369321603154,-0.7304636194779934,-1.7413048847925165,-2.077655188845968,-0.9586813756099681,-2.666385678645643,-2.915758526861847,-4.078236204301663,3.0,1.0,436.5249273916519,0.22725255578869624
343,-4.501215381046597,-3.969227380498176,-2.918669602587762,-1.2169977898248374,-3.100986786998791,-4.946185381265289,-2.608340394237688,-1.56828196760875,-2.0150516069714874,-1.0840895315774,-1.1309179634658388,-3.4396287680225313,-5.097535865402221,-2.2721218964866954,-3.402866390714958,-4.183916993515868,-1.693395372639898,-4.428459756100872,-3.34649975451345,-0.44555487471636723,-3.0876386506846774,-2.922132138090374,-3.8675916028400446,-1.2806981160704938,-3.3714411528144494,-3.790576227094685,-5.381590748855376,-4.9945989151786145,-2.8553630339914537,-3.828781821024101,-4.640835250497548,0.19723867599542033,-4.748835889407785,-3.309649173613305,-4.12350074969485,-0.6188592486928287,-5.146498213612314,-4.975852346781366,-2.2888103211817725,-2.6469869403910575,-3.458804624323109,-1.391233554203314,-4.6403172142810405,-1.2288703838752189,-1.9902089742037914,-2.9661087694754533,-0.8529900519544837,-3.6628808023156973,-2.3927289947245756,-4.186002706344493,3.0,1.0,430.60596817352473,0.5267623397388878
344,-3.7040214636487607,-3.454636556162826,-3.349134955400751,-1.4732122727762185,-3.459075625601873,-4.6080736044809525,-3.1073585239182977,-1.6088741696124194,-2.2473573482512785,-0.9722236539841249,-1.406402700083762,-3.6268497486566638,-4.934027302065821,-2.1842094279398756,-3.16236880165435,-4.042533743394928,-1.7714005856242163,-3.635195517678081,-3.8647980647654108,-0.11930886865299006,-2.7385884848377926,-2.3061461408126362,-3.746936570300171,-0.57315898736146,-3.4827020678508753,-3.8827241976141225,-5.36172907022522,-4.630108272312742,-3.0389954256301497,-2.8514090723099095,-4.841413072588959,-0.8674246372722783,-3.7461388245784053,-3.513848480526869,-4.40046314295886,-0.9499886654351897,-4.470527000494942,-4.478325666324841,-2.7536977571935335,-3.148327777974147,-3.4071985832726903,-1.0854142336826553,-4.177808168108967,-1.0160233402565433,-1.9441124703568917,-2.656249641951753,-0.7325046531746894,-2.527770686720888,-2.3565861887686252,-3.8011794479258842,3.0,1.0,307.55335117955855,0.7916181986802072
345,-3.924134652579676,-3.109809310146515,-3.1080846776297006,-1.184343896490886,-3.605304213789959,-5.047234324036505,-2.9996769032413018,-2.627074933859568,-2.220123569499524,-1.0463976092749314,-1.1216724434033374,-3.246621722644391,-4.761164579709216,-1.894053988652225,-2.9200735959561217,-3.829953613318785,-1.960159914983159,-3.6082857185940687,-4.374865909408296,-0.8242682023708026,-2.9825657053736485,-2.557341798289463,-3.557997588539149,-1.839300361089145,-3.478414696869736,-4.441653828736589,-5.195908250151464,-5.378798259928946,-2.325457463398771,-2.6941651179449653,-4.294727138626739,-0.3903659917926718,-4.739970280138522,-3.751827270140417,-3.8719483476633685,-1.6775090587918162,-4.361008877925434,-5.192167012325012,-3.225239646288006,-2.4365432100396127,-2.9493814048848117,-1.1613869071726428,-5.343377012109559,-1.0848483075185085,-1.4330701138411481,-2.4349557841543104,-0.6702164771157337,-3.1517779271212,-2.4605462657822463,-4.03846225286808,3.0,1.0,384.7609489493782,0.5154011375720049
346,-3.386105939381399,-3.9599023113481797,-3.002902504335922,-0.9326125069644186,-3.3929902985077103,-4.48914087098515,-3.012784708319036,-1.3343320272771682,-1.4010760530990716,-0.9197028987809261,-0.9038322474627574,-3.3821920284657345,-4.405653891141142,-2.495098156835578,-3.1180482078479463,-4.0746020492756925,-1.3810199418808162,-4.591427031648688,-4.118852907826037,-0.9990328743072369,-2.8871277766307992,-2.929397471643232,-3.9045510669033785,-0.8289826175961601,-3.9722278732418017,-3.7440859649329186,-4.9187817862971785,-4.599131622642555,-2.954943054712868,-2.769300844756837,-5.207158075989475,0.009332261312072099,-4.818752843162548,-3.182365954258147,-3.942092283074483,-1.4764622912657814,-4.410263474885233,-4.906134425868007,-2.1924968835462177,-3.4539149211657065,-3.0799128108843976,-1.0882303679279408,-4.335208809994994,-0.2776903378463926,-1.6091289603386847,-1.960200249295953,-1.8783727643192796,-2.9479858488545077,-2.532397997455889,-3.282617819515085,3.0,1.0,359.5543877906436,0.2424810228668406
347,-3.3898289366374055,-4.078808555803809,-2.7415197442494446,-1.0553784055116513,-3.3980267213643778,-5.13238894416091,-3.4829378968536338,-1.4198392859978959,-1.9228708879131857,-1.7199655811926096,-1.2338234500459768,-3.251171548053938,-4.520082457007434,-1.8844555492500406,-3.2770900710310937,-3.525891167744107,-2.6245442200973876,-3.942552743426727,-4.029903771353723,-0.14575402498026868,-2.5687255725008287,-2.9376777844806723,-4.125768295335871,-0.6432962129609587,-4.005173501473158,-3.4257066910789873,-5.197239681999418,-4.834074800280124,-2.9497178532535644,-2.675420459051679,-4.24951679125193,-0.5286286188335342,-3.768424110448353,-3.4147759587507247,-4.237933347327831,-0.9113293962377574,-4.300777991074162,-5.086046035958377,-2.8572777346075506,-2.916549533513433,-3.2429339349852033,-1.389549674322841,-4.00324622398811,-0.7387079168559338,-1.461575412838966,-2.3847773406463384,-1.6594759985886132,-3.2288736269042375,-2.3814698002627464,-4.025014589518925,3.0,1.0,379.3954769448878,0.1131162762900737
348,-3.9089498702429277,-3.915617350790341,-2.6608234126096066,-0.7390261724295282,-3.782652150019045,-5.21007821082952,-3.47106347740765,-1.6527152434766712,-1.5457200071299957,-1.0713757966221216,-0.6259249969029047,-3.869704902715459,-5.8132918981019195,-2.5248529490176046,-3.4308698224693535,-3.5778058695319355,-2.796916947999613,-3.844851099056736,-3.436949807732661,-0.5021506579628541,-2.6492521627321652,-2.4020765949814793,-3.534714352087656,-1.1081589218512748,-3.8026040374171792,-3.6178274448696413,-4.629098203133232,-4.940674322872687,-2.652496822119422,-2.6297091754702158,-4.846208687307174,0.01944297232183012,-4.235561986305264,-3.5691008520361245,-4.0828991588861,-1.19204040115903,-5.181797970866768,-4.8702751324009,-2.814057669868739,-3.645830858070152,-3.2824095371004485,-0.7415057395578972,-4.826451435458162,-1.1028635804273474,-1.3246188519900424,-2.7423773646311176,-1.5095452143216672,-3.153460475951444,-2.3853389788399375,-4.3073505718171665,3.0,1.0,423.43533320211236,0.3904795633677764
349,-3.850818978066632,-3.9178586844231034,-3.1644607727982614,-1.544157575578196,-3.0605177765427327,-5.15827232661424,-3.0343355012244837,-1.467463116450983,-2.565924500471348,-0.7161931394709569,-1.1053176926470556,-4.271000769247247,-5.147972488321053,-2.6603566436993416,-3.63148702285579,-4.061142794060156,-2.2986953985141927,-3.4524089239013365,-3.7697233665626015,-0.2827204260760683,-2.8703147983582697,-2.317517244634816,-3.700523250706743,-1.4485832563864784,-3.309872643337388,-4.1781713128812425,-5.579801474431609,-4.827973969577142,-2.8611942674772317,-2.728571550237214,-4.724826513127008,-0.5691231522413064,-4.0660215620626845,-3.79134786720021,-3.354071167745382,-0.4466931478427007,-4.402506301633294,-4.472519773089502,-2.4699741664100325,-3.1088501170840153,-3.0738794292900233,-1.2659506710679886,-4.229254489155096,-0.6503420033032424,-1.7299390283147962,-2.6901134129768263,-1.2306618659616961,-2.601381940964619,-2.4726748921781234,-3.4571881245488467,3.0,1.0,397.54742528513776,0.13393406888324755
350,-4.213140654657229,-3.4020366218918427,-3.137881556289132,-1.3895360723399799,-2.806972202274074,-5.700911764252365,-2.950822114036791,-1.6080862121576924,-2.0965977615061604,-0.7581920374097388,-1.033831334935435,-3.423164303724169,-5.85180292451054,-3.137806745149446,-3.1304490344505433,-4.274332445002335,-2.793906184161922,-3.81634689354108,-4.7801999862763225,-0.4451075620060497,-2.7318870887629734,-3.2596351784643334,-4.12013438090691,-1.3038687381213414,-3.815556226356955,-3.476025989975404,-4.895892424127485,-4.76329230493313,-3.0827820289230567,-2.5300119282235776,-5.2103923713638345,-0.18930418723006348,-4.503906982028715,-3.6543899456566984,-4.476820179727737,-1.0420229436148565,-4.606331176034447,-4.277575545095036,-3.0895899029800775,-2.9954087567136156,-3.2214672518263323,-0.8876312339133012,-3.976552464391444,-0.18357985709524838,-1.884519175124855,-2.112032668850965,-1.7148848207417027,-2.5212919011928596,-2.8784855190453063,-3.698669992992128,3.0,1.0,465.81875996823703,0.2216848624786418
351,-3.6352957839200135,-3.523450054582864,-3.063014714275772,-0.746379556925829,-3.2986590656988923,-5.4333082832138535,-2.8864769366237133,-1.4774991224109117,-2.7894006556287234,-0.6703558922960298,-1.2168802809328434,-2.79486499662298,-4.950874532864634,-1.9429046188866872,-2.8322792550226423,-3.3762606745139676,-2.365086253850187,-3.95665282300802,-4.001822405885607,0.4417362250750094,-3.172516054068019,-2.637176614351737,-3.871805593103832,-1.5481746520650992,-3.798510955473641,-4.025565128007464,-4.524130655753865,-3.824363049285596,-2.620111166382006,-2.905299187656142,-4.951865058947837,-0.6724146806658036,-4.335505436366477,-3.9737666707289017,-3.3708174945636182,-1.1764192836552294,-4.164507323050045,-4.544723778704303,-2.5534371685338857,-2.8821006368562334,-3.4042684706795363,-1.5854730625142153,-4.0405638466877205,-1.0015501329637921,-1.6860854686194624,-2.279874897578633,-1.2958456767348077,-2.172332094758162,-2.491365043730944,-3.5698686228239214,3.0,1.0,340.40581989486367,0.07838583772114696
352,-4.009119648649517,-4.098449876655738,-2.591869838393094,-1.3488035643494243,-3.416102782703212,-4.950187366546425,-2.5660057633501747,-1.5146479484893187,-1.995439318177362,-0.7500912923469049,-1.1915537602947115,-3.5385315696301776,-4.545530930201637,-2.4904683062781414,-3.0234164712938068,-4.101500747385731,-1.8098964091569858,-3.687227164925047,-4.519470121197776,-0.3884376492037333,-3.5978822116159126,-2.5637564504410983,-4.278089056017898,-1.2408902997218383,-3.7100881247712367,-3.958419709897923,-5.114677097475212,-4.606511569997847,-2.6563233848392587,-3.0173727599538642,-4.091083343665964,-0.5469760817455278,-4.588684308878907,-3.954336016297221,-3.5510827388092165,-1.0147466435808334,-4.585428059018295,-5.059806513270265,-2.552923381557807,-2.8407577159917996,-3.1272975269216587,-1.2789433924416835,-4.292142362615119,-0.4664406416793675,-1.8990378356649027,-1.9942388462623353,-1.6616508324860104,-2.841731280178341,-2.601831133345077,-3.5101767347948596,3.0,1.0,337.82598337872497,0.7443319220090325
353,-4.27081128451121,-4.9205959799333066,-2.557520427991726,-0.9903230863891086,-3.331670395327653,-5.137678616259973,-2.907980859143162,-1.5265546642461374,-1.7125098144465585,-1.2317715518922678,-1.4267942203482136,-3.035054953922658,-5.1762074204073665,-2.319456863786861,-2.87997488872412,-3.980124200621083,-2.488017377864118,-3.5919464856596743,-4.411421496261986,-0.3206306319049552,-2.86327100918083,-2.5450333650559616,-3.692432295488404,-1.3114905326078543,-3.8779935013273326,-4.068304105063637,-4.95001191318139,-4.7782299514875355,-2.3928228480091662,-3.195874321316421,-4.335924715378105,-0.23376413527526796,-4.598850308642608,-3.9957388391851145,-4.419379860884328,-0.7727946750650028,-5.237578238575633,-4.5366732977879005,-2.769267959199124,-2.7259359546917894,-3.272456203605664,-0.7475642395321906,-4.07768291137831,-0.8085445438270419,-2.7155649158339865,-2.593313393945075,-0.8102837949124195,-2.3339038334891504,-2.9385848649607236,-3.8070296018924403,3.0,1.0,407.96096196862936,0.38950268438598823
354,-3.9887775548305,-3.7238671033546584,-2.8490726960860546,-1.261745554790837,-3.1054464534863895,-5.553314099433259,-2.6294775514669757,-1.6760883231138606,-1.3991600865701694,-0.9207790809253382,-0.8646474349217153,-3.484750892061213,-4.958820163355013,-2.3594597503093113,-2.960172228921796,-3.641189226160564,-2.4996857663070626,-4.2235869210631085,-3.8980751183646185,-0.5582080155391035,-2.695196909864207,-3.3721457703841655,-4.109247062416022,-1.3247305446546596,-4.0322842953443505,-3.285843146215905,-4.989751352401139,-4.306821557567497,-2.758414457711532,-2.7071848555454268,-4.91715913565944,-0.4002685637344695,-3.839515972437991,-4.13100341843194,-4.001604237672598,-0.8071437304644519,-4.27857962026371,-4.501775063993442,-2.586830935309729,-2.77631396928585,-3.1569196948700426,-0.8451591768829813,-4.655785937844,-0.25590312612945354,-1.8927537744400296,-2.0996539826412612,-1.3673468034422838,-2.4883462434915593,-2.6305257550123535,-3.8854466491792725,3.0,1.0,337.1328839962009,0.5765507671338148
355,-3.784676747518082,-3.6576273427288046,-3.3199903954487233,-0.9465905158329175,-3.3790159469907497,-5.266496177791267,-3.0631064405142476,-1.2988131562708023,-1.356115022591628,-1.310302690516984,-1.7452329398457995,-3.552007602728485,-4.542183833876104,-1.9666094501446747,-3.06583547292676,-4.327410394762325,-1.8422462777796176,-3.9223970500971586,-4.086207713403229,-0.37674506273573083,-3.296599155278989,-2.456728757020545,-3.5822431591378434,-1.8094395220244084,-3.4112516600756697,-4.420044755401423,-4.535755083779059,-4.084847626257655,-2.3379336902836942,-2.2684153574309502,-5.268423589987838,-0.7397217897679297,-3.9312610266071735,-3.7355825821973427,-3.6601345825581966,-0.9783545185548771,-4.775791440626977,-4.969585583451891,-3.23467204348405,-2.7122007845182265,-3.133242011395711,-0.36193655050149376,-4.588417557408557,-0.8463731977518146,-1.178705660678133,-2.3054440613198173,-2.027730444228405,-2.5639390151642756,-3.0479368095232253,-3.868043248587528,3.0,1.0,379.10859598505647,0.15381851907796007
356,-4.432505559055145,-3.478881550493827,-2.864352321404864,-0.9040397926824993,-3.399606875345508,-5.182008851088857,-2.8125276808257214,-1.8052807745564967,-1.354307046081553,-0.5905950632521437,-1.1847322768172284,-3.735276125521467,-5.1780497030610775,-2.284018765145952,-2.626493686103518,-4.368674868909603,-2.0119006455501247,-4.236023066808181,-4.326611391808267,0.08987932584552294,-3.113771573947653,-2.972260606553367,-3.742812940341803,-1.0643986546923763,-3.663728408158667,-3.951649601144774,-4.639785525200571,-4.860709046700993,-2.122458881546948,-2.560671538679962,-5.257423918415738,-0.3183043553102916,-4.395534867876415,-3.994131472368503,-3.496846714508278,-1.1456348922033819,-5.066609686699378,-4.540350466682001,-2.517212663573563,-2.624954035739099,-3.308261272351355,-1.191726198653881,-4.577307816003181,-0.5177986035774179,-2.630040215861303,-1.7044317005931529,-1.2943532099880866,-2.214867276450608,-2.765868004965191,-3.796771820676521,3.0,1.0,411.0312761028861,0.16802581013741885
357,-3.465426799904586,-3.576716905736447,-2.544638811297222,-1.6012272436753332,-3.7432845349693755,-5.2234482811927405,-3.1381261073540463,-1.3239899574479814,-2.1542688589780594,-0.6426974623851562,-0.7819633216209667,-2.7009573679547314,-5.190004554395091,-2.4519953058750286,-3.1926324778444,-3.5637542589088422,-1.966806186842835,-4.171763635807537,-4.477631932606065,-0.3164925351108245,-2.457192468773666,-2.6478425290282974,-3.7942734102884184,-1.1719268717165168,-3.6513499599393304,-3.508532243246601,-5.107294561463698,-4.666913319526556,-2.512126596187781,-2.9273702964264285,-4.514303534660761,-0.37444758163514297,-4.860853936732865,-3.7084645637999554,-3.3191497756204225,-0.4016438146886797,-4.359548466921942,-5.070342518379448,-2.4749669568576693,-2.6610434927583553,-3.43147070404024,-1.2911078126921804,-4.5467960155894565,-0.5132441969061532,-2.114243544829244,-2.306960770959584,-1.641158571517245,-3.055713478188993,-2.818616899877252,-3.85227939027022,3.0,1.0,378.8862961427334,0.19567869953837694
358,-3.7961105830205764,-3.684557155828799,-2.221663196212724,-1.2910714071151561,-3.4238107779537548,-5.297464831046476,-2.877737533000988,-1.1758519798922118,-2.032076603851577,-0.8088030516092225,-0.8699032904672388,-3.497402095601752,-4.952749691205398,-2.6435770681147726,-3.0571669326975317,-3.9965911963507144,-2.2059452588092556,-3.47402277757573,-3.831203357083287,0.19179169964917042,-3.975687214348551,-2.7047305900706125,-3.8648331137212417,-0.9682552611341828,-3.488258975158893,-4.09231611502606,-4.883021477621294,-4.777541370272567,-2.653089984996647,-2.748037172505269,-4.917629705115975,-0.5012335054165142,-3.9729192407345737,-3.717600136044598,-3.9136357685358,-0.8833304576881904,-5.027124977071978,-4.842118845173043,-2.7061817595856885,-2.877578874216178,-3.15644022287978,-1.1965783246674857,-4.22497940654609,-0.8091389894030849,-2.4163002839710406,-2.3633581154143433,-0.9013413136214682,-2.516665150298953,-2.557074770007207,-3.2523703935485755,3.0,1.0,385.37178942252683,0.14015982425966297
359,-3.488502938676917,-3.3990081290832714,-3.0068894855507424,-1.4581205181885228,-3.2047624431130153,-5.257697922490643,-2.895591912475597,-1.7138048201554725,-1.7664297956652721,-1.2021605643567903,-0.7265448399118853,-2.666261112412762,-5.282789634674708,-1.9486238808549197,-3.4166084396041123,-4.0676124567704965,-2.220676833186783,-3.772006022498672,-4.233547325027137,0.16582997796283994,-3.071483343889792,-2.166197750805204,-4.237989453512748,-0.6866834818229194,-3.1564735816570364,-4.085958120426501,-5.03605611248546,-5.078820530109338,-3.2121510217900475,-2.585241763667094,-5.136424482750482,0.1222893109960218,-3.8390207833330403,-3.776175070069309,-4.045968252386105,-0.5535736418556696,-4.829585619000669,-5.271414014168392,-2.595110887370843,-2.169504291051012,-3.557202095225257,-1.237385152407852,-4.418453349024882,-0.26850124593974334,-2.451105769722321,-2.2304531134176466,-0.9750263634930406,-2.702855534409553,-2.296529889546332,-3.7526476640887263,3.0,1.0,380.2172444028987,0.29370372433347564
360,-4.529295145194115,-3.484221571927433,-3.0596339927168916,-1.3864584701183549,-3.790798068448135,-4.808475487800757,-3.54513028198308,-0.9555688991491719,-1.7389659730180824,-1.2207559812728488,-0.863502264567615,-3.8071072378076547,-5.161865950042141,-2.836642735508748,-3.4764871684951633,-4.008882536817265,-2.220337110430691,-3.7592192393248545,-3.9989195339788033,-0.14022369683777725,-2.9491065671681493,-3.0983909420311453,-4.098429086623726,-1.0426863762035476,-3.766323277246402,-3.9691736374900968,-4.828734738481646,-4.625956175080056,-3.0099362372456673,-3.002009905218845,-4.405425240901049,-0.40379724109089266,-3.7272552266820567,-3.941275971678799,-4.066741919613133,-0.8050282063381742,-3.8746397384555378,-4.573999475831132,-2.6096267857381017,-2.916478612116517,-2.8263268526554906,-1.3397336146645449,-3.872758022645673,-0.8174768543989561,-2.1293241262528833,-1.9667723082919744,-1.5456258063735067,-3.5048299115144146,-2.35306645127132,-4.234310720323044,3.0,1.0,342.86478529165703,0.785410581726203
361,-4.396228232951768,-3.701261035767118,-2.926442253212542,-0.8267378828888865,-4.316410792964078,-4.65915162159968,-2.188314570773966,-1.2851031366586771,-1.506419818428552,-0.8938827126973197,-0.904302759015467,-2.9059340397951994,-4.47423910377813,-2.2340642459992415,-3.415867650088974,-4.362411728928298,-2.0430668199685087,-3.34126117921971,-4.025085081433685,-0.3401610926063584,-3.014628412376616,-2.937940167371771,-3.0799459914959693,-1.280184999010485,-4.084423632810425,-3.591618599134398,-4.8737016013660135,-4.580888732488096,-2.187288425983689,-2.7132109969552682,-5.258459553360318,-0.8033271654528622,-3.0619254205198727,-3.886452276261961,-4.0482489954734495,-1.1549761165598458,-4.478406083310164,-5.0782649607553045,-2.9392725628416727,-3.1155314606146227,-2.607583856094587,-0.7853799869934143,-4.23576886794069,-0.580555046549064,-2.0835408928785277,-2.4158998621847374,-1.4567155550002604,-2.3771032674581942,-2.292823392700686,-3.138898146495544,3.0,1.0,322.1412467707533,0.22869162799143342
362,-3.3372915932134752,-3.3526454972662796,-3.029372358154682,-1.2876159847436568,-3.271329106701063,-5.344701829271928,-3.136932234976507,-0.9162534195455567,-2.1200685959490504,-1.1941050289612813,-0.8652863914815182,-3.9492274852539464,-4.751305875875785,-2.072857460925849,-3.4058909311739214,-4.074905350701721,-2.6203256758020865,-3.828626085190673,-4.20644467360992,0.2732190911102941,-2.817517154922877,-2.6038452817448943,-3.720409171493085,-1.1685081079594384,-3.976638985009443,-3.224651893365459,-5.004152587650959,-5.062754107832925,-2.335951424639286,-3.3336703079196734,-4.919641430057618,-0.40181937853278216,-4.333709943931456,-3.735170960836137,-3.489995544724878,-1.4410683933579802,-4.364243410046101,-4.839696259397032,-2.7074589905405473,-3.068970276606843,-2.939612060341484,-0.8232038671948484,-3.9760220280291767,-0.4640762758980386,-1.7802511390685192,-2.5578387644724447,-1.8817388178842671,-2.4215139951661913,-2.7691797163642087,-3.9240126884169317,3.0,1.0,326.5891453005482,0.7836718708681634
363,-3.80182232796099,-3.0869756039435265,-2.538524388054981,-2.2371645059849015,-3.88074376553584,-5.273176602280149,-3.228178778355436,-1.0573153041509933,-1.7839027761973962,-1.0763385024858163,-1.1266390262525756,-3.437335055165973,-5.197132736997316,-2.683973574560355,-2.9935542243023217,-4.0688955248330165,-2.5785290066156907,-3.9098328659500683,-4.250590689735178,-0.5386710248368755,-2.7760062978316693,-2.9024685353870687,-3.1199525410810582,-1.6081826011499674,-3.0663622132448998,-3.2222332491748618,-4.7224319271741555,-4.939321519975867,-1.874882861208896,-2.659418353014724,-4.556166193649468,-0.43139896237512254,-3.8317276593770986,-4.047247175813941,-3.5928330668223163,-0.942852315143973,-4.6968707646129655,-4.694495384002771,-2.7096678055162076,-3.0539177574984375,-3.2376449812577928,-0.7684439010765903,-4.227670910854986,-1.0630041866292648,-2.102648164854865,-1.730461636069133,-1.4604870169590494,-2.5503114274531375,-2.6122264949463037,-3.9838433287091495,3.0,1.0,305.7961347460194,0.7394337803427433
364,-4.57985664737021,-3.283609223823805,-2.565787380238641,-1.7753024397717638,-3.135693072670368,-5.7369011769683835,-3.470578205597088,-1.6932686478635233,-1.9672049507298752,-1.0984446441733409,-1.1081976560607982,-2.9391269968353155,-4.649368890404571,-2.3554147063958433,-3.040801314349776,-3.1880236767759813,-2.5846065179039157,-3.5310110385672835,-3.9549266808290526,-0.6463002548157619,-2.9676307613453976,-3.015206804501375,-3.8559818179971947,-0.6117701054045801,-3.6419519532531646,-4.190810508313814,-5.8935513400543105,-5.336505732710039,-2.5349576252012116,-3.4715977011249506,-4.961667947815603,-0.6017459215574599,-4.696807213212351,-4.334697878744919,-3.7388822593994484,-0.5158888753550479,-4.6475053634705885,-5.258780071918476,-2.559382955319724,-2.5892710865619755,-2.355061470737069,-0.74733029680798,-4.259783946229324,-0.889381396312009,-1.7135460311516877,-1.8720103413575142,-1.6959599830807282,-2.047581809127668,-2.5308367738168966,-2.763668426170799,3.0,1.0,374.2404543792153,0.5048537230330656
365,-3.422384271593106,-3.795044042662732,-3.162045584721753,-1.4428522235748373,-3.344000984018111,-5.283669048353466,-3.294734088364021,-1.5646941873757934,-1.9187162883366458,-1.1702541804720072,-1.2800335458546623,-3.556930112974091,-4.803271566985376,-2.5474411471811456,-3.330178726355991,-4.238859198511168,-3.0295745793219577,-4.078129081843958,-4.5263577392450856,-0.7025873555100028,-2.8609439767980875,-2.3138308451836247,-3.823177404317231,-1.7943970065249966,-3.435369238362982,-3.9497116715752383,-5.1044398640378255,-4.921690459985318,-2.8808616409617094,-2.4123924574506646,-4.400509749316832,-0.06092925301348828,-3.630523242582828,-4.024487122766773,-3.8974122063412753,-0.3802687416773297,-4.557899634981446,-5.028936598739373,-2.6909666223798774,-2.9384189807452965,-3.091218438032417,-1.3315699878876297,-4.61628965678318,-0.7567225005895695,-2.122647851736042,-1.9869038843496427,-1.6274956242180898,-2.7395497842168726,-2.3736511451465137,-3.598763729223466,3.0,1.0,430.4407651754749,0.0953901869000756
366,-3.8083233959346305,-4.039766167019478,-3.000279529761923,-1.3402441062253712,-3.239959937038786,-5.371899767179786,-2.685610124397283,-1.4624941089930703,-2.333340387122436,-0.6717580528846502,-1.0017870957503507,-3.0350243958298737,-5.097438315755508,-2.7105748897581283,-3.38056973263972,-4.524707442608709,-2.631554501768468,-3.734400801810071,-4.19744889972303,-0.3060678471255624,-2.6245386614035042,-2.9847342262544982,-3.896299200594364,-1.6680256024819804,-3.569035354622483,-3.898734706083415,-5.335680848621183,-4.576292098591454,-3.2909694905440245,-3.261097355074352,-4.650289239590052,-0.6594776261413111,-4.709728995588919,-4.07565793004479,-3.565255692804181,-0.5551269613361702,-4.558010052266697,-5.033039356659629,-2.9283850455924885,-3.0355150543733624,-3.034291758882858,-1.1397477581367534,-4.62072858548277,-0.4800459509410141,-2.068179859126832,-1.7346640612347648,-1.2004831084299403,-2.5348095003246116,-2.668307432480958,-3.697552930585057,3.0,1.0,393.3585116584132,0.6846737911047244
367,-3.8596515706514167,-3.512006015438496,-2.7635556498854528,-0.8745755441250936,-3.7216094935767265,-5.578429292599299,-2.9739119692781353,-1.521759079306765,-1.9154351297327847,-0.7978731377179685,-0.9377359652728889,-3.357949321997562,-5.531979718636968,-2.102403090979796,-3.8093155614417684,-3.806193864303042,-2.3210269424458003,-3.418608656938681,-4.529360644268668,-0.2619589567291499,-2.909544416872015,-2.6250697394550664,-4.241429227506755,-0.9582422484409763,-3.1894662222623062,-3.3353435722088385,-5.001889912547095,-4.454424152738359,-2.7323191566287153,-2.9139274648440523,-5.049045877135606,-0.807470433205243,-5.060037800587672,-4.158711604586023,-4.551962308414153,-1.1793681924754766,-4.88384134444249,-4.824224105604805,-1.7789431732708256,-2.7074397684308122,-4.363517944001483,-1.2203550592167014,-4.017249215306639,-0.32021934115047,-2.088687908855635,-2.225971035576471,-1.2404888615216063,-3.2967641217626844,-2.656513964089688,-3.7050434736984137,3.0,1.0,404.0750835497455,0.6260986041687884
368,-3.313293626770778,-3.798802159384009,-3.6879324713805834,-1.021146369290988,-3.118842534380008,-5.2184732392731945,-2.118253280908651,-1.0092958346562708,-2.37026539023267,-0.7272526388254402,-0.7144980582495508,-3.500459035953316,-4.670537635051198,-2.1802972430940963,-3.689867829147931,-3.904250588569925,-2.1310617863157066,-4.203334218737153,-4.701008622478575,-0.4279623195648675,-2.857335263315982,-2.6984098697828505,-3.763559511680954,-1.5930531377343065,-3.4744713692746867,-3.9601586713588497,-5.070751664046319,-4.402600681255676,-2.4460060396504733,-2.6649781141315882,-5.07565391170223,-0.7202837595999092,-3.743484408898632,-3.859766425364067,-4.115330931475671,-1.541676829159834,-4.208740104904952,-4.794490248754148,-2.49055628979811,-2.21672020797068,-2.8003680970400486,-1.5438921217305368,-4.957124040443325,-1.1842129848202245,-1.95486739792327,-2.2453898330582187,-1.1033155907011165,-2.6679922197312753,-2.398752611253781,-2.9903496889295837,3.0,1.0,319.35419532921554,0.6527262745365936
369,-3.737927708370479,-3.8177187229486713,-3.162771752716888,-1.3345250140536393,-3.367700225361525,-5.114783275237925,-3.3327614461144006,-1.7240132250249187,-1.9406322645343586,-1.906357409236566,-1.3957942153207705,-3.0532404079288242,-4.464226806008589,-2.714046486369424,-3.613409834885033,-3.5925486432572526,-2.2486526942631833,-3.862094436585144,-4.678517450178705,-0.25041058318356374,-3.3555771559513863,-3.1940764202892047,-3.657930682714717,-1.0933683363060316,-3.940318340596574,-3.8678234974338266,-4.513255207717295,-5.0462039431550085,-2.1972241215844757,-3.148586539515157,-4.478020515623877,-0.2733291043634325,-4.345079676905686,-3.639619810604885,-3.3989369527481186,-1.0371788202966388,-5.00274326438743,-5.042241573135813,-3.376383308407742,-3.015436648039961,-2.9675895146445566,-1.3986895174369471,-4.62875589047399,-0.6938239075235486,-2.2887057504439174,-1.8046236817950403,-1.66377466374913,-2.906196047126209,-2.8212552505884627,-3.3488288432722957,3.0,1.0,392.25045137419886,0.4604992062691703
370,-3.789818226516918,-3.181687020029867,-3.0629702914554544,-1.1376749152092953,-4.076122819122554,-4.374497672762072,-2.789166380292409,-1.376158313780542,-2.382468398156476,-1.7455301525707214,-0.7716852344435885,-3.832061949969538,-5.418701554095388,-2.108725163018725,-2.9068857406095736,-4.108364147095091,-1.9270064564478888,-3.78461224419556,-3.82513633929833,-0.21928582858951604,-3.112786926053683,-2.7802787046954798,-3.9659004838701186,-1.1991570415788335,-3.21915877479568,-3.988340047947919,-5.513066877438638,-5.160677726898115,-3.0085823227849406,-2.5858595959436,-5.075268954534129,0.24589964517430585,-4.561973365633948,-4.106772510599262,-4.338870604177915,-0.8670278131022388,-4.049251967017427,-4.8505653932065025,-2.6519689447746058,-2.551704417699599,-3.627271721746827,-1.2622335461082759,-4.310899805834167,-0.5342257330701314,-2.137957665172475,-2.0028937972616205,-1.6575199886411995,-2.608947568908437,-2.12566347209983,-3.157522477667582,3.0,1.0,442.6426706271356,0.030078373723291918
371,-3.9460409241560925,-3.9905212768406595,-3.051777734505378,-1.0260447133828148,-3.948607108168357,-5.555902114789011,-3.0724464618570626,-1.1909362968212103,-1.846255664990111,-1.0600131879376467,-0.8688311463666651,-3.747825005008635,-4.833868216212311,-1.9001520376144647,-3.519550516074655,-4.079533290589342,-2.3755000412388267,-3.95525364911898,-4.395306138187761,-1.0373055123187178,-3.3435744968950596,-2.8667369101135525,-4.112331398020633,-1.407606368128888,-3.4101381847507963,-3.505507314784553,-4.864646391178302,-4.8734359715482745,-2.55124550307735,-2.330695262862779,-5.129371267283462,-0.7040697038149377,-4.311307323021249,-3.4043341146573347,-3.741598714494808,-0.43011095105021857,-4.491259855826137,-4.844431181339633,-2.2121825853323043,-3.1032898453602367,-2.9068116324787896,-0.568301996139801,-4.731974136930675,-0.8375249152282586,-2.1481760926583657,-1.836233622620414,-1.1035571505147679,-3.099221699891178,-2.9531478276825136,-3.644686186957145,3.0,1.0,397.0626168877893,0.4263066993360604
372,-3.38145905935788,-3.6402688937414975,-2.279240389582877,-1.2447179478438415,-2.9902619110059168,-4.976753109224263,-2.7255768605548774,-1.2579063923176945,-1.7352733827234277,-0.6654485375189986,-1.552176890805622,-3.609880223364704,-4.9377734185711555,-2.244778234322614,-3.3104053946901075,-3.429574864518773,-1.7837556214171237,-3.4689103277628415,-4.462031948895204,-0.19490796510640573,-2.8729823485411154,-2.6320229209355035,-4.140298644134626,-1.1715738150792583,-3.633972672962327,-3.2959752977157035,-5.203724763153153,-4.745163420897373,-2.5983458428032273,-2.804026692541041,-4.979055347867681,-0.46184155577072017,-4.039441610622778,-3.8826732105976736,-3.708974123912452,-0.6635578918259382,-4.929053101085969,-5.109994833803987,-2.6355369511296303,-3.2155809993916873,-2.7657703977272035,-1.3033056764919306,-4.0708383733215605,-0.3894109317233342,-2.26441423336173,-1.8225561984194898,-1.5549081079550584,-2.3482471566885215,-2.419181554893969,-3.647562432641337,3.0,1.0,333.9918513972233,0.2772612984081359
373,-4.114902239917122,-3.896771688481648,-2.8818174195745003,-1.4402727084107794,-3.8018578149231064,-5.789658458679814,-2.7757868672345625,-1.1368893229221557,-1.8262653402856361,-1.2525933506967952,-0.9839773030676287,-3.810523506889437,-4.641890478087696,-2.854799061469849,-3.257831343857691,-4.392230179357439,-1.8083211320274764,-3.5592454961760254,-4.083151914119028,-0.41727143876943174,-3.050894410695924,-2.4100353608634357,-3.9795603004175026,-1.2760839477628125,-3.986978600413586,-4.303612514330933,-5.299151822444274,-5.463340223490332,-2.6842344441733257,-2.4917209474297373,-5.087385449335884,0.06822352422037731,-4.555146386337317,-3.959895870024842,-3.1844070067199954,-0.8161802145735706,-4.40231723606728,-4.820798954279437,-2.214862199951736,-2.1437297973810714,-2.521153661754786,-1.3904096499191625,-4.348513355157191,-1.0099499481498437,-1.5619626004989313,-3.0393523353944567,-1.6575090466639044,-2.7800435259253473,-2.312121952290414,-3.9207039253138993,3.0,1.0,425.74712894592847,0.26342436395951657
374,-3.968686049486527,-4.15744668086535,-2.173701965081574,-1.1252509922824783,-3.6506018233626394,-4.627727598769095,-2.893852815842513,-1.312786492187247,-1.4252574232796071,-1.1025175190798908,-1.1778171106819402,-3.260630384868923,-4.888061713170975,-2.3811073414260284,-3.00630085720903,-3.4611236913715073,-2.6384889334495862,-4.411382267163504,-4.597972160470891,-0.1385760738503758,-3.2091902749923387,-2.407969345617619,-3.9140241199318466,-1.3353554795742069,-4.193661784691903,-3.85096103174062,-5.551191631234543,-4.724221977797301,-2.935667035469071,-2.692057425762568,-5.4983353028616895,-0.277579401847979,-4.0023938926074285,-3.2784982501422752,-3.7085773491897225,-0.5666611357007458,-4.144605017089869,-5.144980330494529,-2.4479850637159783,-3.3478797161388765,-3.113119977235142,-1.276769081893165,-4.455976135318657,-0.27383956265891,-2.12856226851466,-2.4240571919678633,-1.9687274825021674,-2.7645423258879958,-2.712015472109277,-3.5922295391557815,3.0,1.0,384.71431595518027,0.48543546151466527
375,-3.5433153173808956,-3.9453294663524385,-2.9543321978698893,-1.1737789059477823,-3.1203292517675036,-5.346200577023066,-3.1101141711214537,-0.9889534132860122,-1.6839640806544658,-1.017885454495653,-0.9260656949142428,-3.3427696101147433,-4.953791655370065,-2.6773019788372183,-2.7618593136194725,-3.7621580040941036,-1.783806522043413,-4.63844936772843,-4.1451481912498975,-0.3977995739460061,-2.790804237019162,-2.6891736191674425,-3.7644349068650125,-0.8834119670825245,-4.447158233103948,-3.8704643901035554,-5.239108556294569,-5.049366868136545,-2.452604803659128,-2.8006995190000397,-4.659839858758127,-0.32446501726675114,-4.667799724123769,-3.505682180797389,-4.051301688501724,-0.38969429323052807,-4.3230867902283405,-4.87321621521527,-1.539214175510923,-2.2802119345548864,-2.879283068573099,-0.4131229646912965,-4.472235693218083,-0.8703030105867153,-2.197235966109347,-1.3619481599247343,-1.189014529792404,-2.932084477618973,-3.0193495472569905,-3.917655878546495,3.0,1.0,337.4862732939799,0.6607456213790894
376,-4.013660141773058,-3.86471202837598,-2.7053690913797714,-1.6223261451957365,-3.384662258778693,-4.894354033536054,-2.7442331936708957,-1.4958800355661082,-1.285470144848293,-1.0637189909413391,-1.21366304293361,-3.4044530884645905,-4.447583595478738,-2.174934917912412,-3.1365168249381394,-4.1874133748024365,-2.2754456942581105,-4.254240766371358,-4.1644660244134535,-0.6004349784788341,-3.478253429268056,-2.8611716494200943,-3.7299373870266144,-1.0706000920169718,-3.803607983386359,-3.9425382915003366,-4.761619477857085,-5.180888813693816,-2.58388765387513,-2.8812653269598187,-4.745512673458696,-0.2512578844400713,-4.303608547429165,-3.6691299960599215,-4.160483909460225,-1.3209337755556723,-4.673558016322371,-4.989671777880127,-2.1849386845251675,-2.239054777033706,-3.5659496853664843,-1.2577376922052044,-4.055947367265871,-1.078096491822535,-1.8821808393928197,-1.9584680348421255,-1.461790588217143,-2.649293275857926,-2.690178272846169,-3.995784374353061,3.0,1.0,391.23675435279904,0.2184167576901131
377,-3.304998765284274,-3.274835704754135,-3.240136207332938,-1.114411541619603,-3.4880798587892428,-5.4634073758780595,-3.496359163124021,-1.3389782705433624,-1.9091672762563714,-1.0656281109546668,-0.3473628693207609,-3.672852169058161,-5.16286907344755,-2.5020658026242812,-3.2974772909662673,-4.395232818362565,-2.242850821711831,-4.0584254410607645,-3.6394918269237895,-0.4755967190306285,-3.6756062301223262,-2.59908596303714,-4.2721898216215735,-1.028524169851814,-3.7538739060599413,-3.865358692010024,-5.226478618247098,-4.441665988951831,-2.5265948441252406,-2.812176625796576,-5.217564199166579,0.4285183659962618,-4.371217021718219,-3.221517349325677,-3.5073955453582624,-0.8244854607750799,-5.073691744321276,-5.207225577172449,-2.7890918566345557,-2.668425396861468,-3.9729517692517096,-1.3269374944504362,-4.322090714145669,-0.6228004225256625,-1.9346925670069859,-1.657711893950047,-1.6519774523957833,-2.6072349414131737,-2.9706200593693683,-3.4029351149435683,3.0,1.0,411.1064176361697,0.40267227342071693
378,-3.6932826049386125,-3.208473696141958,-2.647961762404865,-1.070299457928916,-3.8204268318060666,-5.276879463225695,-3.7383995396206173,-1.6382599141222598,-1.6243359733489946,-0.9782342878908306,-0.46085314732504656,-3.9251269875850117,-5.770028148445125,-2.29102015531743,-3.421493213271222,-3.8822159446857527,-2.9224774054293725,-3.6897612048377684,-4.556765922830494,-0.05118159806213285,-3.5907134293066303,-3.229864594242465,-3.6340735594593414,-1.2957593796447595,-3.6967795356451894,-3.095984407114433,-4.826547303198578,-5.036632697847826,-2.9507397971120226,-3.0070932957718144,-4.801485962973371,-0.394490510426265,-4.14182191907482,-3.7216906001375007,-3.6257829866890288,-0.6558766219962302,-4.586096147679018,-4.937826794876173,-2.056816378157572,-2.289813772934353,-2.7268417423740927,-0.953944060748685,-4.322634509492012,-0.5758151096066315,-2.9715331801489007,-2.1149680003032394,-1.9317492505236784,-2.792178523465641,-2.917277403468296,-3.8363554237854967,3.0,1.0,380.24388911013637,0.6628544130088989
379,-3.9063538040212515,-3.5626683450018937,-3.0074891079341834,-1.648331688382719,-3.510703236962507,-5.504341628509269,-3.353592405496172,-1.174908220999174,-1.98641327185375,-0.11776096736496544,-0.776737499758167,-3.4056312316792234,-5.03955104615,-2.4044259826247867,-3.4487695604745108,-3.48774897490087,-2.4647184875823833,-4.412753375273513,-3.9610183261592966,-0.48632886186570057,-2.8920380202245974,-2.4491095282346538,-4.059653101600397,-0.7470589462721092,-3.5130271511148448,-3.5642368933079442,-5.332695367293199,-5.344755424968798,-2.551072986481151,-2.981993603254159,-5.086740121255786,0.08164324265246736,-4.144439218099245,-3.4147425506344975,-3.344876275013518,-1.3169685135657239,-4.4037139138270565,-5.032490095239247,-2.6741179655639473,-2.886475559334365,-3.2799751012134957,-0.6556005575949919,-3.9076379374021553,-0.9784635356833211,-1.4018824217279862,-1.631631956575296,-2.0058121139819884,-3.2545805441671884,-2.1607606372273764,-3.464789868174954,3.0,1.0,374.8863044036844,0.34383322169107233
380,-4.383867790248308,-3.3903668498230224,-2.3711795885388014,-1.0232040865864587,-3.4435609731444816,-5.061242826124445,-2.831503684179047,-1.800900990878311,-1.4300595319155296,-1.3491543089370175,-1.1344843045383608,-3.117485353416541,-5.11611911177633,-3.162825563802372,-3.070267439902491,-4.3240280718756985,-1.6688646405789336,-3.777013445119332,-4.1802692610406575,-0.5397034631954326,-3.313517153597115,-3.0831649551936535,-3.410667565510512,-1.0313267215365738,-3.3506234487026636,-3.634594650449705,-5.16728042864857,-4.64156254985718,-2.6927825763568656,-2.7871330758318695,-4.3605694484540045,-0.3807238323660236,-4.6478376488466155,-3.492653076199258,-3.9597866999891873,-0.4705691364724601,-4.686273663432012,-4.712436412206016,-2.30878101662595,-2.8662656941959805,-3.292865721706218,-1.368207920260018,-4.045508636743921,-0.7384606138116554,-1.6197725680201316,-1.8558089595024343,-1.3377309640496522,-2.64500299352978,-2.9396426667767623,-4.265904137275513,3.0,1.0,355.78456346194247,0.3933321039786517
381,-4.078319006256411,-4.057929759858076,-2.9801986070497466,-2.019123436622129,-3.783291827660905,-5.356782385331838,-3.1614565987733783,-1.2103468257199155,-1.9601948287407964,-0.5659030763097392,-0.8462866375264839,-3.8012829078226194,-5.164886632079027,-1.9505132896753377,-3.765595763757537,-3.543724853177827,-2.012117080604959,-3.8051911061508172,-4.173968892512343,-0.2643471896931663,-3.0842274765060305,-2.917127322663066,-3.5968525228526413,-1.365785784686497,-3.4559491358670678,-4.424575390458461,-5.391573425355839,-4.813320492345271,-2.685902211153173,-2.639351642898546,-4.88917303421053,-0.42102822230811676,-4.525892025040124,-4.071571195591326,-4.591074734346932,-0.7052724781856591,-4.3419649937433205,-5.12083466350437,-2.858802457743482,-3.2329339261708148,-3.3828953493735283,-1.0617199411789588,-4.7305267988234245,-0.6862011961283826,-1.681558357307633,-1.972483288792475,-0.6385322982016353,-2.303143292558153,-2.4594679393187633,-4.188105626694543,3.0,1.0,427.9777929673448,0.602024761350817
382,-3.9012730632490484,-3.4221085762650065,-2.619874899556836,-0.9361528228062714,-2.945582412929333,-5.308079190858708,-3.014571136088546,-1.5905894349806304,-2.176381679269696,-1.2462495319226021,-0.840275955645229,-3.1706678093970284,-5.43089524305289,-2.3159038649923875,-3.1672840795313797,-4.34571959505355,-2.49643744113762,-4.0864646768643835,-4.2952275592683975,-0.1368228167284945,-3.2181484707093566,-2.413315586524297,-4.319164563030387,-1.3455298378604603,-3.791253344687821,-3.5165408601659793,-5.056612365564987,-4.722117447937911,-2.210894485299251,-3.6846980928366593,-4.336168592204581,-0.2522710564945411,-3.998073538379168,-3.641449292560554,-4.045113225196238,-1.2372864242928907,-4.675700075103936,-4.469656287884804,-2.8787914274690145,-2.8864539247769336,-2.924010807257838,-0.5372782688818372,-4.297476333726178,-0.8079577376479563,-1.7998195080259907,-1.9228422106392333,-1.6621973636099696,-2.8579807112533255,-2.7173969790240657,-3.459272628118905,3.0,1.0,348.2768727125726,0.6247760545745284
383,-4.350518059083221,-4.394782866457723,-2.7906947113157057,-1.6043376430295044,-3.639439630012806,-5.212931607842872,-3.34367803272053,-0.9551671310455403,-1.2045787025474448,-0.9478122553764587,-0.8755972688622516,-3.485354607057005,-5.3071930789745565,-2.295112783924483,-2.7367886630978857,-3.8783210815210847,-2.0367723179269444,-4.256834945548987,-4.263784009436826,0.08742715731623801,-3.4045321615264,-3.0431867846113363,-3.1780901748217216,-1.2461879217201055,-3.758954211203123,-3.8261570948497083,-5.31816792358781,-4.383807958070081,-2.0496266338259916,-2.1083948240612562,-4.840651950254241,0.1558152828966629,-3.81087398213686,-3.6464359977238816,-4.56359902094419,-1.1367462339164423,-4.01546801349046,-4.696086241450632,-2.103227356989631,-2.763031449066364,-2.713572553283939,-1.2364598332983268,-4.402579541800127,-0.8571882581223557,-1.9470788119212314,-1.5627261170036686,-1.2757057401640266,-3.1607245697220474,-2.310383996446091,-3.7947651816337493,3.0,1.0,351.3614079211056,0.4193180564626471
384,-3.605773199537682,-3.3736207376001692,-2.7976681281384215,-1.2468919428514962,-3.8368836878657264,-4.609833409605563,-3.053359323926122,-2.100104965803485,-1.3551088049161732,-0.9333679603383274,-0.6465862927252527,-3.7629877929839637,-4.725317066786018,-1.999223829000437,-3.340235264915221,-3.5704500515653925,-2.1072781403197562,-3.3424537542779005,-4.165415153984335,-0.5123973236922313,-3.090239521271514,-3.006736831014142,-3.7786147268840162,-1.3002380992027274,-3.5555390686501123,-4.706867429970432,-4.860453676550402,-4.296147437786356,-3.2352429286893787,-2.6326235423036617,-5.138884021169953,-0.5922700817510564,-4.72466642434999,-3.831695527827697,-4.1795015039145795,-0.7045040929420391,-4.315297148800874,-5.1206385995689745,-2.594292095045882,-2.7742863130247186,-3.0480945369890966,-1.465111459578233,-4.145224623869787,-1.0200879279183714,-1.4435356090531217,-2.245612947098733,-1.4077336032703571,-2.5817953908931073,-3.290102424344063,-3.7740227328883234,3.0,1.0,355.23094296538676,0.508166412091314
385,-4.1645573628147625,-3.4463065109039626,-3.071220017636341,-1.0797033037101684,-3.248919693205131,-5.157770826321898,-2.528114510728225,-1.23392471702389,-1.9269311363632697,-0.8035693273074616,-0.9094234882158715,-3.6260794678154786,-4.516256668641535,-2.6546691363114117,-3.1577628210264668,-3.7810924741028376,-2.1854291628056552,-4.78842587935381,-4.2393418735925,-0.13171414504253853,-2.5953619306592066,-2.229248278730145,-3.695973975603736,-1.1732093218831936,-3.3595960874982818,-3.6669364072532,-5.22859690562646,-5.184938623827116,-2.512500091248976,-2.9059989550118988,-5.054060331377054,-0.14416588253640505,-4.0717412672888145,-3.1740745261651924,-3.960709371308924,-0.30595348381992526,-3.8736296284802894,-5.259370683152697,-2.5401632776113487,-2.7064004233654266,-2.789820329089438,-1.4997781553707807,-4.163190666326955,-0.6124256310383613,-1.5261370687280411,-2.1529593842210413,-1.8159291490800893,-2.3967555231749555,-2.81844383591324,-4.010270334172346,3.0,1.0,359.02932950383,0.2271425723230129
386,-3.8106782888631683,-3.4440573786755406,-2.917720352007715,-1.2268583336417664,-3.366700146533748,-5.416770775897845,-2.8034366474722114,-1.931049417432312,-1.9485502497021299,-1.137987864841829,-0.7712841832021793,-3.510453424511101,-4.912469384393646,-2.9937344742347403,-3.628231521549388,-4.084070823138596,-2.3582406982895057,-3.566208657256271,-4.698099254751824,-0.053117757991406556,-3.0197942498833945,-2.840117072462418,-3.400995158176031,-1.013895017776167,-3.372457709323429,-4.137247342707953,-5.331025924297987,-4.934679915061191,-2.858186525172565,-3.07792668663931,-4.5857201508989505,-0.5385382472921757,-4.017222067911206,-3.481482401508431,-3.36366727451221,-0.0950788041666164,-4.5567325724481,-4.998689227095344,-2.6522972617883536,-2.8654072659286154,-3.581462308413514,-0.30572746760674074,-4.775330513639402,-0.4021079417491483,-2.449674768141935,-2.5097888384500795,-1.6682033805067682,-3.141099187426876,-2.5256440059143412,-3.5336308584370872,3.0,1.0,375.4416265616613,0.6570762692663183
387,-3.3086360935198296,-3.9963217355958482,-2.8985104532339463,-1.453666730741145,-3.2970559279603244,-5.005907854651424,-3.206696525032633,-1.7817628170685804,-1.968061707004275,-0.9025054933830662,-0.7797906481666497,-2.7517747697932813,-4.70150513426075,-2.6208275236299254,-3.3621010838779264,-4.842482196635635,-3.094496321048879,-3.3910445109104383,-4.343941892833901,0.12627620857114208,-3.243251487433592,-2.788201007657868,-3.856300715063341,-1.4853354007342112,-3.327403566621549,-3.8161380210866973,-4.987454607568399,-4.66754902539811,-2.589288295743544,-2.7303119589276688,-4.121228618854792,-0.24138208248913773,-4.768457057650286,-3.231515212526208,-3.7008621625041878,-0.4502966892425784,-4.832976987275511,-5.270919030922831,-2.2950063557650187,-2.770438424130724,-2.9853261148380765,-0.6490468164011073,-4.513412659143829,-0.5879134153520331,-2.3687563917490997,-2.218257909527407,-1.449452262647223,-3.073029645879111,-2.8664761999918698,-3.5841429667884377,3.0,1.0,342.46466379111973,0.6993942046748551
388,-3.936379912027877,-3.2084670588037163,-2.939666117958378,-1.6309693190727328,-3.593548609471358,-5.567636043422045,-3.1802587469321004,-1.4099768397329862,-1.3808354373611902,-0.9224556463924364,-0.8215496526912631,-3.5845844553881907,-4.956106180967456,-2.5119870890985365,-3.1352516937029997,-3.960591853719793,-2.6255308772346924,-4.150771187809091,-4.068156583973756,-0.29625130993361737,-2.9009391038563157,-3.0312152667873296,-4.3010338249106,-1.0772785828129114,-3.356625508736149,-4.470646720270332,-5.421485510965,-4.9661078236301055,-3.341118719055619,-3.0085469173695856,-3.7003750429162765,-0.27499443125679107,-4.085983112618259,-3.371953407988142,-3.968095611324268,-0.7544302027238007,-4.468067429374658,-4.978839570347074,-2.435042120046676,-2.9898707038860253,-3.8076121687544706,-1.020993649643709,-4.4149134417598335,-0.735812231040274,-1.9206410743876199,-2.018813314287307,-1.4486353065231385,-2.712790424026276,-2.3149630224491173,-3.781979481482076,3.0,1.0,401.37566551991597,0.3633689930200286
389,-4.352668380237387,-3.6553415054474527,-2.782209807312602,-0.9366950505865194,-3.44657850493569,-4.947428336081902,-3.4185696437890285,-1.7702134241573129,-1.7268901388899578,-1.4204287164678133,-1.2788628909137232,-3.1390596674510967,-4.453319182880153,-2.3243736466256433,-3.0564545334153395,-3.9495894641149563,-2.4205036226114958,-4.013372274810461,-3.6105782195628686,-0.45718141830009656,-3.4444123385508396,-2.5255192499310204,-3.44492180940995,-1.1492065634693018,-3.1383736226565198,-3.563321114237898,-5.703481761355116,-4.8009118548558245,-2.8633127765506745,-2.427848967337602,-4.255426346469877,-0.5045217810542378,-4.182695607486763,-3.9331533810148493,-3.4496055847417257,-0.3983365943453214,-5.009367133243957,-4.787579248524101,-2.791178228496636,-2.8462074944162894,-3.046538066517848,-1.6346918092622738,-4.592902715131741,-1.0375305857999892,-1.8778045472378768,-2.374918897132479,-1.6618510214018147,-2.307812387439231,-2.7702769805737075,-4.197231661566693,3.0,1.0,351.86491122899923,0.49808877838600296
390,-3.864225624293432,-3.6302962032881765,-2.851161490505487,-1.3038068692120741,-3.3810492407041464,-5.41698204050528,-3.13736604000992,-1.6689809454103959,-1.3750262427172184,-0.6987373376994119,-0.8645432837732863,-3.4889502567734767,-4.559103432416451,-2.467081170562823,-2.878783636720837,-3.357056065110906,-2.263959256519849,-5.059723413355179,-4.191925257261221,-0.3559508520002717,-3.2890241471273693,-3.3013405235386934,-3.6599327687548118,-1.392958690388677,-3.2520722439064524,-3.938531313837344,-5.213914687288941,-4.947963242937817,-3.0399348855896706,-3.1220796481641644,-4.350809033013745,0.21219955863773377,-4.431874938750162,-4.101203528956911,-4.059685536558866,0.08187394009595694,-4.637942460772034,-4.972497619381267,-3.26922504301283,-2.9823157346376115,-3.436125823553283,-1.3601975770484285,-4.322396572789747,-1.0102172584319027,-2.5973102267743413,-2.414286188521126,-0.9557577871129541,-2.5052891986534838,-3.512569105072326,-3.799855131215266,3.0,1.0,444.78436237885245,0.21414555934221566
391,-3.7054720171727347,-2.888198547537358,-3.133886842209029,-1.0139690945927637,-3.45863838703148,-5.136259228150702,-2.7922461240160232,-1.616094926056108,-1.698527995734026,-1.128721240796836,-1.2603508934360694,-3.6168034274903897,-4.725890389451277,-2.4741001879084155,-2.833881269453441,-4.170422302585781,-2.966521904049051,-4.341505529200744,-3.7166194792809053,-0.46773371677671965,-2.7507403012928346,-2.7436294960197762,-3.9878643099341873,-0.6630054034847692,-4.254704551679344,-4.383237636948814,-5.362424315872008,-4.822276106339311,-2.865935771038088,-3.164513395213858,-4.826391535694378,0.10978221760233758,-3.817659654651775,-3.626663285500427,-3.891553126041142,-0.9583724393400739,-4.246924805417717,-4.844812780795479,-2.579152422389853,-2.2404598024977975,-3.3868847471987555,-1.305116687370072,-4.485830647211106,-0.4496066406590078,-1.8599002982788424,-2.221073878970543,-1.4928056747096883,-2.5064452703370512,-3.251639617705357,-3.658285123675172,3.0,1.0,360.0557515635884,0.5811648939466908
392,-3.885436557457666,-3.578531879879522,-3.1235098034930435,-1.1928819770914945,-3.4962439961976672,-5.597465245103137,-3.6119355489222267,-1.8530652941402608,-1.4477535907255343,-1.028456695619809,-0.999069252068509,-3.3959971880338804,-4.397336450032546,-2.4558996806510565,-2.8284588596345728,-4.25496262730045,-1.8485011902692998,-4.068216209517534,-4.500988499600591,-0.7593627133476976,-2.9724756358616036,-3.065483211429915,-3.5667170830624677,-0.8706010812750065,-3.4497659544414696,-4.165695946031328,-5.032964295407682,-4.70637575494782,-2.7105119013545003,-2.4372873212523274,-4.581783974510162,-0.30389223336470655,-4.603481588599835,-3.996303625393558,-3.510282267743327,-0.9464416944255151,-4.701285022028127,-4.658246554728852,-2.4956224415105166,-2.944447729349158,-3.662855804857308,-0.7602129905833959,-4.545771924051962,-0.2221960426154832,-1.4351034105553302,-2.71422620894123,-0.963416804661745,-2.692042240922651,-2.9965250959710765,-3.9668308687700273,3.0,1.0,400.084653749201,0.30331548121603524
393,-4.757613510073425,-3.6592017384925724,-3.440189769278139,-1.1326138111876325,-3.604475105586495,-5.062700504088564,-3.140679620433485,-1.9875029297129259,-1.6326574502147018,-1.2181809461708044,-1.0848117050367472,-3.6695254741055074,-4.616002156471695,-2.190672494088489,-3.389283402653792,-4.116238117597559,-2.2418600747748076,-4.13759224331301,-4.132838628325785,-1.0019187862279493,-2.9591269853035755,-3.161618499039122,-3.7961860949402384,-1.5650244359147165,-4.069917177559158,-3.811914084283131,-5.114578302778121,-5.198140956392511,-2.831080384690482,-2.804697704060456,-4.151827149428396,0.2671070735636999,-4.216757516679486,-4.039359130691313,-3.5389743882821,-1.052255717060375,-5.018962842283097,-4.979195411389196,-2.8385992811395724,-3.3024605016036555,-3.5911237183852447,-2.1420074064030254,-4.103449942525135,-1.2044253500719773,-1.6929230150476475,-2.27708196525227,-1.972806810451136,-3.467059267696182,-2.7446668421085807,-3.4433173275817226,3.0,1.0,465.1504864693084,0.27646394080340814
394,-4.1104373937516385,-3.6474413313151244,-3.3837865512314313,-1.1551462040834275,-3.444514475354361,-5.048935021420839,-2.9163624455251327,-1.9168057331431545,-2.3056104838089078,-0.6915566572933027,-1.3184033246466706,-3.6873607760563605,-5.3342106518489265,-2.424197113475658,-3.306966433750844,-3.7243086000674976,-2.2091032968608872,-3.7194144973608094,-4.292897774834701,-0.32328666339409234,-3.025554494987055,-2.792441639065207,-3.831145169649134,-1.0453948642495565,-3.3848782610849963,-3.7964652800776064,-4.961586009827518,-4.656700912324096,-2.3936353119115656,-2.765271236515708,-4.871855189169614,0.29924346823849524,-4.334566594391833,-3.482993603475375,-3.2310005353936706,-1.6186776062723176,-3.927463314802077,-4.440637145506567,-2.426379870989022,-3.159917601058122,-2.9210268228231255,-1.0746507990498855,-4.438681480988624,0.10584293905378284,-1.7734595588595683,-1.470696337147144,-1.4905843634254683,-2.8866878787791435,-3.136456812059798,-3.2524152008854657,3.0,1.0,328.91440472908727,0.5556912874533242
395,-4.369335133756089,-3.5979400123844525,-3.065874984151441,-1.7633840141472927,-4.0473515338269115,-5.405064093053486,-2.7673314540736147,-1.4844040533461154,-2.047621217925034,-0.5735172335925153,-0.9881777620792582,-3.348024660708396,-4.992060310067746,-2.6161876853437223,-3.44820327197623,-3.907621139024007,-3.1649991850060752,-3.61593784000383,-4.17612756453286,-0.6560813035013766,-2.887251225625218,-3.400994566649238,-4.455828155544379,-1.5316385882229655,-3.0775974032701225,-3.3971530796372256,-5.134693889037596,-4.58775464961927,-2.464668795169175,-2.5587042650080396,-4.734677777654264,-0.11993744633584333,-3.815704557231643,-3.8359355817393217,-3.9197718931936545,-0.6510058016175844,-4.4856342730548056,-5.619979157043925,-2.70233322594026,-2.96766263177295,-3.539492212818731,-1.1318778894010884,-4.766602186195449,-0.4916976699003074,-1.8265111375462957,-2.3381145251489586,-1.7352069086555542,-2.428192545897462,-3.0121527505413406,-3.8223472747912557,3.0,1.0,421.0141106667507,0.46862562000992086
396,-4.005944281207154,-4.168088975570754,-3.3248925528313347,-1.5763336025482386,-3.6908930942097626,-5.079225349831667,-2.878768703837142,-1.245863635887119,-1.65896698617443,-0.8061616528906655,-0.3773713934434787,-3.157334247895569,-5.532663942171675,-2.6459162780699157,-2.9908671184476905,-3.7429641449973237,-2.183771287667353,-4.0394694834937015,-4.580816712895625,0.1556490710083983,-2.8021638458628626,-2.792905211611001,-3.5849349225195755,-1.038153711420159,-3.0518293263622245,-3.6988484896888014,-5.559108027874576,-3.9392081486297683,-2.5169647310113406,-2.5238916575957577,-5.0803613824830745,-1.114366847843705,-3.507034568598757,-3.8778726917925397,-3.9837905512454928,-0.8615162966159632,-4.444269666829145,-4.919657923277301,-2.6177369063725875,-3.2888965372863024,-3.350943294185508,-0.8102957258118653,-4.026629389204167,0.1306498133631876,-1.6323211245035936,-2.4426223334498864,-1.3502094699381746,-2.2736243557832467,-2.3648904167512734,-3.9317654343387156,3.0,1.0,333.31632052769925,0.6753668725474538
397,-4.116265500155095,-3.393600638194565,-2.938974599730719,-0.65575009213714,-3.2560431116235797,-6.002760794781636,-3.140639068583091,-1.2426893579735445,-1.6719701350190062,-1.0165013407991739,-1.1945988276191288,-3.423825471195188,-5.395100310362329,-2.334673921681191,-3.084018563004568,-4.502219442391118,-2.469252892368182,-3.680796779786123,-4.2367581402949295,0.015171176684681487,-2.1819108313948794,-2.840258168054659,-3.7022510520250087,-1.3015167665241958,-3.3919272931990205,-3.681695339126165,-4.512964174133948,-4.318486981408423,-2.9481439385942267,-2.6141082124310246,-4.668446266967763,-0.07970056974709039,-4.428939519977571,-3.2722137853944817,-3.922767270679127,-0.7071614260539201,-4.4717293538784215,-5.168844711007937,-2.5041071888869224,-2.82837471768081,-3.3450336678736448,-1.3160048978530505,-4.515322222827499,-0.569948272754421,-2.284226261511904,-1.8821123457416058,-1.4447677718259202,-2.369564583578671,-2.581546309408649,-4.273487888107094,3.0,1.0,358.21817075711914,0.5296584152587148
398,-4.048923697426375,-3.637055183594237,-2.372340915935764,-1.525966517392769,-2.7267426461216777,-4.888736296628724,-3.4655779698113856,-1.17997840921807,-1.709608726445342,-1.0354329387822911,-0.88579355088353,-3.5637856509513286,-5.398870603798912,-2.438467619716396,-3.500647784398487,-4.2597666772915765,-2.4969317025250337,-3.9016546794237748,-3.815082758976574,-0.13021697223418421,-3.0658805807116507,-2.805878610699226,-4.7603726617025215,-1.0460227181025046,-3.3010642541725526,-4.079538348210635,-5.171248070275335,-4.530596064533611,-2.9146840031220136,-2.5266306539122225,-5.09353340546693,0.14671852059623303,-4.84929072100393,-4.179072742794114,-4.186432929669927,-0.7448350252533754,-4.376773591714511,-5.326571250567532,-2.596825266846404,-3.5418397224761886,-3.598623853971895,-1.1092016189065246,-4.451667201277539,-0.49274881058855313,-1.505749966860615,-2.4545114804114476,-1.1522265749721323,-2.541404286201627,-3.0495650057540398,-4.065014916681539,3.0,1.0,436.62474979393744,0.47251184841929306
399,1.4665481714015915,-0.9474206016103444,-1.474366087306052,-1.8336262250092505,-1.0443026612379418,0.581898401982166,1.1623974080889328,0.40576975276950566,-0.6628025140465894,-1.5222861536466739,-0.7634677899757882,-1.5611048591096797,0.4084532458504677,-0.9948601633497209,-0.80127484954637,0.06846401014280712,0.860810068026578,1.7257976121886025,-1.5916473841335188,0.8260954568526158,1.9433694540660094,0.23631627521445742,0.36807697290840435,0.967722701637606,1.285124819831374,-1.4973138431699793,1.6304526335802207,0.29268118894733686,0.9248973815350219,-0.7951433485601971,-1.7334884148866583,-1.347718087544151,-1.4648950597284989,0.6237301683529455,-0.30601468639098606,1.938902382380396,-0.3859921346112567,-0.9800269389497593,-1.134108668230581,1.3754412513198249,0.7633108092314544,-1.1884472689552155,0.8292150634144018,1.353450477772156,0.9821609025149298,0.9976637963694643,-1.100330093316228,-1.0335520229382955,1.5105858982187104,1.4809330414176047,3.0,1.0,0.9488885313411934,0.4899841910672314
400,3.9845464540597417,6.63541722004041,-3.2226702972988868,-2.471281033178477,2.239145657481255,0.7956004862414707,-3.1962080085841498,-3.7399519986537464,-3.1950207775510315,0.03632430315942492,1.5064670579558008,3.856705586099376,-2.6956145362345505,-4.851887463569793,1.559878541529833,-4.2775755375104385,8.381629176592607,-3.9149725589557947,0.2249870068608861,3.651935808111387,-1.3594465196974632,4.349001649796458,-4.612619709791199,-6.125657367662808,3.8196436017745126,5.98351075319716,-1.076254414946781,-1.1917784770074262,3.46468985446472,7.144377775643618,-5.1623329203962385,-0.45093842475223544,-3.5089965179906053,-2.2747282437266008,5.656877098260519,-2.5493133170316837,-0.5380877929210057,-2.0762238563638546,3.6549932610426286,-5.054889027069311,7.98033723240154,3.031643335832028,0.835590250716038,-0.7390484584768726,4.617079075967458,-3.835630911591479,7.9962193895288145,-5.58331430790648,3.991189460382724,7.280028358087241,4.0,0.0,1571.422991084625,0.8199827041713583
401,3.085713771438776,6.812228263155169,-3.2924889889713227,-1.5105749727535176,1.8887666682922621,1.4993638121804898,-3.2023006213350396,-4.081499405046048,-3.7745642985469106,-0.1273601220829964,1.798545924742708,4.613161463754593,-1.3490481606175977,-4.2897048680590775,2.6387770355224385,-4.618419594757606,7.768547386354437,-3.966652049733277,0.7215625270128809,3.5715111027189574,-1.8613903333725808,4.162134001352666,-4.287651088683489,-5.887354205004402,3.4866967850748525,6.099660424894728,-1.2226933466026733,-0.9621150652928451,2.7538631937048974,6.267296672137462,-5.662075361711148,-0.8323849370121956,-4.677938796874492,-1.6441351759244918,4.845081398123877,-2.1682460046924352,-0.4837665136150058,-2.040258885889931,3.3935984106689205,-4.891311371558463,8.319777319294415,2.983798415039049,0.8315125394200308,-0.03186304370697277,5.385427549510428,-3.7141446348791245,8.056869866807197,-5.2766198992902416,4.0320248508478524,8.004068912872098,4.0,0.0,1501.542965622459,0.8243473736864602
402,3.6625808618835016,7.637378101356394,-3.8727842248569466,-1.665478290259158,1.36837164867155,1.5554976936103126,-3.0783657917131335,-3.8303032125836265,-3.684087516604797,0.7951445157677076,1.819722190767083,5.455116446922865,-2.5521968187699873,-4.774215045597362,2.021688301408818,-4.3779888596766,8.320555767636865,-4.318064315608892,0.5359818053722661,3.609611422440968,-1.6769495833301247,4.214043259892725,-4.204267979971658,-6.631877331110462,3.06869288043352,6.492937444786011,-1.9209136976902244,-0.7383799951899079,3.609985107747676,7.2423757182549915,-4.322242627530038,-1.1022836314536932,-3.997868152546331,-1.572684051351183,5.4243337911511915,-2.8672298021633154,-1.6375725442875684,-1.5315894504448055,3.9599622873612943,-5.205657054830096,7.990211532053293,2.6373380275916687,0.8552119391036183,0.10882528149600582,4.637673932402988,-3.8247197018539123,9.109204217625505,-4.7292714348243905,4.8377174253916335,7.658677048223944,4.0,0.0,2038.021515283176,0.8166071986073091
403,3.0862789827666575,6.774156538476665,-3.338469135593441,-2.2802358877037685,1.3386454475472216,0.7083286040209118,-3.294444624878691,-4.147821106942261,-3.0451863520180615,0.6940242099167117,1.9442832417968836,5.147033359724781,-2.8085410937573827,-5.0742566358782994,2.4254098863611393,-4.888136807900193,8.331102575135914,-3.5504183302233057,0.4505653554413219,2.7463286848083333,-2.1514056247726288,4.402523591766883,-5.14262367910903,-5.445382799668139,3.4490334763423913,6.932580922790544,-1.915492229084849,-0.9722471909041872,3.474769577114068,7.206646849385539,-4.973328821849774,-0.393521601144478,-4.659987252672537,-1.8376382870951575,5.583266536981597,-2.002346123104895,-0.9866465768829925,-2.4858260358775492,4.679538947398126,-5.570766757094235,7.927109222026065,3.4749254471806603,0.692803348696083,0.03894501309702528,4.788302243081522,-3.8686684092934938,8.333993526924855,-4.929651630689449,4.506400314396031,8.16918912627303,4.0,0.0,2048.240767438472,0.821940926907498
404,3.9918912295356304,7.298698273418879,-3.4172320853416918,-1.5726794813170704,1.8016150473653654,1.2822522667935845,-3.145465255732942,-4.033017512597223,-3.1562446149748484,0.141928175469846,2.907921126717583,4.323888336083077,-2.597990755796975,-5.1596883581538915,2.589710892091873,-4.318394789197543,7.264369387072094,-3.7034661910831606,0.7406099550904617,3.271583476603634,-1.3648758229754807,4.496067901910216,-4.059393983769045,-4.952222765854532,3.655071302480185,6.279561309231778,-1.734581446833842,-0.9400033171802078,3.411840849768137,7.609178078495147,-4.8713294768224955,-0.8628816969811367,-4.05495489624476,-2.159562427053073,5.279296693296137,-2.0267464473317736,-0.8695322564358459,-2.0274165931123442,4.162814207737768,-5.28504063938996,7.773475101977151,3.4725771522617084,0.6561023401998971,-0.2316892636720355,4.6609281405664715,-4.445421433299763,8.575507029448676,-4.857806862680236,4.5150797765502135,8.406210151097794,4.0,0.0,1664.172152451392,0.9420682477527008
405,3.26688546635047,7.018028738593888,-3.5365863235611714,-1.0112492507760122,1.4229703168399759,1.3680049869122601,-2.3519186783135053,-3.494339579956554,-3.0858627380588795,-0.02206904267883375,2.433744094619429,5.397689933839764,-2.1961591626288564,-5.116981756135276,2.0397722884524376,-3.946186046844971,8.06524128927286,-4.175238754926661,0.37058656040914245,2.851392193413681,-1.5980029694872453,4.201012514365533,-4.3987425315278985,-6.316756516856115,3.357696727435772,6.450831614739182,-1.3714794441365585,-1.065974044584533,3.12495559185453,6.8556614096608195,-5.758343976267576,-0.40602644705142477,-4.629142239859627,-1.4591546597743927,5.53966631802497,-2.291291223337449,-1.2107620184540302,-1.704902759723158,4.225710590413578,-4.347419862825784,7.893580585922812,3.3913595816960114,1.0398709753062572,-0.2373148959414522,4.792159033404556,-3.9994929899452676,7.536322028283633,-4.764245428480747,4.418498919421517,8.167046264310148,4.0,0.0,1591.4572747398454,0.8727786868192937
406,3.2015312064860924,7.074173240142592,-3.350471734621132,-2.342176514706294,1.3731650346503212,1.682895083696071,-2.485504813967281,-4.126633146645884,-3.257995603456883,0.846239696800852,2.2625854149425413,5.664601162330703,-2.8404508753734907,-4.050170595832976,2.2984655807312095,-4.349733960353321,7.6722172330928835,-3.959181481435145,0.4002078050563581,2.6180972987745803,-1.5499817425319657,3.8117126355350877,-4.406383479755054,-5.307190671767029,4.003426637921333,6.379961528491309,-1.7109512527394948,-0.7658111284129763,3.2325322282661944,7.553587176033443,-5.973027946884826,-1.0099520453876196,-3.8205308353052345,-1.9446502713661307,5.310170770862993,-2.8817309096243475,-1.0852924502247496,-1.8070823738281596,4.581561206845092,-4.622091881173103,8.130304471060692,3.7154525409525823,-0.21188853380064265,0.3686999375491548,4.396933958611634,-4.32462955591165,7.692539701772438,-4.884012108665711,3.803712581605623,7.419554123269721,4.0,0.0,1534.8699074010447,0.910208583098487
407,4.459929456772738,6.877758083484515,-3.815425798504166,-2.106573404110175,1.5274182147681936,1.6828466816841874,-2.8034291711614534,-3.46848056541513,-3.1431468808945633,0.47312448208958224,2.360940197155831,5.262388562434961,-1.7569950329638655,-4.265666012938144,2.6200953772430715,-4.868847196553886,8.014067344245502,-3.7084030658127936,0.24387934727291644,3.5421542601978673,-0.6842611145683357,4.955024211216929,-4.804277613256623,-6.054826267772268,2.906486911524949,6.485303163067932,-1.2826079315422847,-0.18787390619770938,3.2614420015028722,6.841837398591778,-5.080697754190068,-0.43805740471473426,-4.772988046138888,-2.602871099681783,4.782548179345268,-2.3875704646720943,-0.7621234360357658,-2.7448158101481,4.106924861243176,-4.90111930828843,7.865844006062293,2.6123625286167305,0.5217202109043089,-0.11596877805631504,5.087643073206738,-3.3794482868161495,8.560072737996416,-4.611238204720513,3.851511587949711,8.372082130148351,4.0,0.0,1772.1925353983593,0.8094993658812253
408,3.6710642434559024,6.4639067189477535,-2.9889995160341676,-1.6338651101396717,1.7308668366834916,1.0780897013889283,-2.9602026722607317,-3.6731935823857604,-3.3209369648202687,0.0742672499389525,1.4748271513420288,5.43326265663274,-2.311657983894784,-5.4150725602719145,2.8050158117277526,-4.297641980567995,8.221051697225516,-3.9757797164483395,0.7701280057632802,2.916427433568665,-1.8709378222379098,4.276819417598615,-4.316249608712406,-5.54249473734075,3.337665975109591,5.343843562429754,-1.9639227027643287,-1.3114608098299865,3.034545173372636,7.076218126368022,-5.061200793431627,-1.124946973660868,-4.67108773309121,-1.8688465126411056,6.047245234904758,-3.3493727148749723,-1.7162682086312495,-1.7924241011957698,4.484943686882143,-5.308883756520647,8.219251435627214,3.3673917518379386,0.831732709078305,0.06325711265421236,4.714465434222134,-4.116045059796597,8.512878680621226,-5.0619403403993735,4.708830889355577,8.03071106009502,4.0,0.0,1836.3085631827698,0.8820854119952797
409,4.016862625818855,7.264165535407429,-3.10473981061097,-2.2530099191064386,1.904492458715743,1.6609306184419466,-2.5389854904969726,-3.3710042860041947,-4.4149396211050576,0.05006849159194798,1.2531764768089515,4.8520554158955145,-3.062897157435783,-4.5744866510574775,1.7093779761154215,-4.252510750481861,7.488876658582768,-4.423690566868823,0.3396063626534259,3.110036119066458,-1.3307082360874543,4.543299650323724,-4.085060880118952,-6.801171157023038,3.3353711898805685,6.394949527973972,-1.507693690797405,-1.0697766784979326,2.6446057599484845,6.985183322941697,-5.367266542579567,-1.0011756164548,-4.531247742062396,-1.4168906970862782,5.630172811298052,-2.9996642108776674,-0.6047943450833445,-2.3018640465343023,3.532067181395954,-5.282840359860686,7.613568432904858,3.430555384875724,0.8392331774872819,-0.2004498148729034,5.635505214720273,-3.3139092937239494,8.177472562839979,-4.456145795362824,4.271311861951675,7.138644035003573,4.0,0.0,1604.6071267490956,0.895367754142861
410,3.085925625501389,7.313395993932774,-1.8763481884178574,-1.3466729678955645,1.658624809162267,1.161206629547426,-2.350465306033462,-4.32512332160258,-3.1767939907603426,0.24931542660602413,1.6846716907347912,4.826599591799911,-2.360610017181289,-4.475733053571853,1.87838600597399,-4.554574186840318,8.399395814809653,-4.270608761706288,0.2125731781265818,3.216428625166816,-0.6845560968113321,4.633790972214228,-4.008558863318724,-5.092041136902397,3.3363898476533653,5.7604570624805325,-1.4144337748690698,-0.6314206531982832,3.2130109004470357,6.6773777239078544,-5.735147011668201,-0.35138275902014104,-4.556488836555423,-1.4903563869260776,5.843491757591058,-2.7304714962379113,-0.5787177075317811,-2.4678559587757927,4.437882139910996,-4.952876269163359,7.982219778546495,3.407547298179763,0.5102804215262171,-0.4426130128589353,5.04989612502979,-3.8436657450011436,7.690813708129055,-5.424653782007749,3.7936371236368047,8.002715438448938,4.0,0.0,1448.8415846948938,0.9531412939150734
411,3.7226393368083186,6.7342435368074565,-2.450183929739986,-2.1470921410278345,1.5264492341465552,0.9807699058649095,-2.4489373194637305,-3.7314209094860886,-3.515008270560376,1.0830300991738404,2.64558450205197,4.638799055108173,-2.5906999748046933,-4.395202369144521,1.619948720606021,-4.1497284704111825,8.149379575670164,-4.1204386470522785,-0.09527005629767421,3.13879796348439,-1.3446573877426604,3.8603702098132473,-4.509660438902439,-6.019363012008552,2.972438625527018,5.745263579851966,-1.0245435983986937,-1.1375547763622993,2.837621649832018,6.386705721600122,-5.38978766692893,-0.30378981184104925,-3.776339971524676,-1.9589113371260125,5.347662858041944,-2.1654820305662104,-0.7069140070264688,-1.932437589642282,4.315482330649219,-4.214107792254866,7.887237376279226,2.6079665160522385,0.42945090933069596,0.22323177769821656,4.8204038978338035,-3.5323529377559395,7.956544988907895,-4.666041914772293,3.9426378056097326,7.587012972763,4.0,0.0,1159.7478505028096,0.9546661757222565
412,4.379658230609162,6.886167560249668,-3.0578313292927595,-1.7380728677828052,1.4713986542105153,1.6189444184863278,-2.7762510328729957,-4.493531058346022,-3.2456357877014184,-0.0006440739494317227,3.0720852539432757,4.974374501971526,-2.7012884536465753,-4.270357328682091,1.9977824790326821,-4.573258558452438,8.179284144057647,-4.6856967015893245,0.4120603094344111,3.5583041074695476,-1.3768700481254394,4.217404064735327,-4.2549346378827675,-6.1819498178331616,3.666911122068827,6.061312203847205,-1.9159932883535489,-1.1205984342487405,3.5503207412270594,6.95398486215561,-4.828229102269236,-1.0331442580347403,-3.791226402304516,-1.547169731706242,5.651520818997491,-2.5664938716002297,-1.049384247696613,-2.220516025324554,4.636219818588467,-5.192821271430251,8.399971671460904,2.794772199901424,0.4612081417064177,0.028947202676742848,5.011988215608464,-4.075619740869227,7.939759558847868,-4.812816573441769,3.918143890329624,8.19297557286732,4.0,0.0,1872.348261697415,0.8629717829118585
413,4.170261609662174,7.34668611500514,-3.350687904531965,-1.3266740583521837,1.1612504836521236,1.0449269945047124,-2.1275823906353395,-4.196793316995436,-3.6656403134602904,0.4952510233107885,1.6871438877403209,4.772646135941895,-2.710596392883062,-4.426162092730546,2.355158428287363,-4.258696310630593,7.913234945338153,-3.6106305533344796,0.3275755559006827,2.2575130457661947,-1.2645067936796253,3.751010244931483,-4.51680567714381,-6.510261025569175,3.388789999366729,6.138439168617651,-1.185175765378404,-0.6927876834917672,2.283145238327212,7.350014015603159,-5.245164346902676,-0.3231796303019824,-4.2155839083099895,-2.318896986510648,5.555414148215294,-3.017987908178292,-1.1823049129353624,-2.5063350958270365,3.6949633996303346,-4.52404754906336,7.903181174513428,3.4022848233926086,0.4530751694080481,0.5302493313967555,4.940768437805916,-2.96253134164076,8.568826614966582,-5.156213956625568,4.736177199226788,7.653186440482674,4.0,0.0,1454.6117531625202,0.9833305918103797
414,3.5184554509262393,7.17734722766453,-2.3457654883852483,-2.469527430713101,1.8291730356135867,1.359705440759545,-2.308303406948946,-3.7322896268996675,-3.7063070708439443,0.24574734696520956,1.6114815028508638,5.227928035433391,-2.5150397108210076,-4.888407656779611,2.517596417920392,-4.389474368851062,8.429012486019154,-3.6688746012726305,0.444147808493803,3.1970720045552206,-0.9596150268233627,3.69286493833493,-4.281564398034726,-5.6612203337396725,3.8504451648011404,6.1451900242346,-0.9674695244769208,-1.141207442232202,3.7059356322705264,7.001974442714777,-4.9854944968148365,-0.4799720909723308,-4.7533506025504,-2.6151031791019705,5.739239525880201,-2.2388968575019903,-0.9376296663057002,-2.07205510198156,4.167740916479418,-5.134047253745134,6.993253467695633,2.594030964392764,0.5226974314707356,0.3166435338266297,4.3759314772393685,-3.82011576167529,8.579559144481932,-5.184005579333983,3.669743944303698,7.960988003984753,4.0,0.0,1612.676943495116,0.8106080925073752
415,3.6640344087857293,5.994734402203255,-2.9692320714114873,-1.996128883166735,1.4479974411871845,1.7965090701980568,-2.6843461721286284,-3.1692050950758963,-3.627198755807172,0.19610350214660718,2.019272820725694,4.931492045863763,-2.3341382234639223,-4.69621857210097,2.043900689864146,-4.290171410980691,7.753711732337449,-4.125540803230454,-0.45021028301311894,2.3801577484163157,-1.7104116415819164,3.8317218505195547,-4.485756674179038,-6.061058042382896,3.9870081876318317,5.37664378793182,-0.7664154765647578,-1.255628940892484,3.0044360393101366,7.138169182573596,-5.105491301438167,-0.0307573691253209,-4.701539944447315,-1.3064062872240578,5.379979557472339,-2.2538921556582836,-0.8165737272782415,-2.3669123959046034,4.315777051215846,-5.367781565599925,8.338375659291419,2.9409912571208814,0.9909894861403679,-0.1542217924214837,5.26814514881988,-3.9339487617796385,8.27151666685017,-5.211312753511849,4.169704934320187,7.9855764964656855,4.0,0.0,1555.6068090346146,0.8221674430831348
416,3.748926517838059,6.734617983470748,-2.6679202601114023,-1.6662693480896182,1.875879733967563,0.6489467535416694,-2.454953151193806,-3.8276487997402264,-3.6069896373660346,0.5282848068757371,2.1953481082415975,4.380941476647224,-2.308321776354335,-4.18470221903081,2.4239674389461596,-4.686091059834902,7.945588315010961,-4.086566866613563,-0.2563008415859165,3.14097059202013,-1.0745804518952013,4.351366607204145,-4.339069299235518,-5.332361812308687,3.176526997484018,5.736022150640454,-1.4460081372925422,-0.5834183444221002,3.447295422057508,7.256752724452024,-5.200368948004411,-0.5192144013281559,-5.012159527195643,-1.582929116759332,5.616317874416865,-2.9699464506269346,-0.7811204858932397,-1.586441829268126,2.9763731099143014,-4.966799087503249,6.823565919062207,3.2390962872890556,0.45407298030585885,-0.7541837745387173,5.241697418456632,-3.8479991429621507,7.957944402640397,-5.341886751320096,3.8880225980425505,7.733493193713846,4.0,0.0,1332.4841412162996,0.8778055874861954
417,3.457034115279119,7.0020874092737415,-3.27323637237388,-2.0607105626982736,0.777039836369523,1.0987447903512266,-1.7166768828883465,-3.570627140622762,-3.5546887856687537,0.16817079339407623,1.5712098271448784,5.15198067264876,-2.69130477421899,-4.696757035031296,1.712263217676234,-4.421838748705952,7.734156017658592,-3.4659949815751623,0.028252642850458698,3.0489750678797196,-1.4092733064084062,3.7956261111181733,-4.539421603171579,-5.19838168908664,2.755091172669947,5.751551024532229,-1.365332552295689,-0.6576519972368988,3.303332243879927,7.0222528012765695,-5.370785024575017,-0.7347558329479846,-4.203603120836465,-1.828014194307851,5.3900375253827155,-2.0454361462694477,-0.663134577933278,-2.021466762735828,4.347243572126104,-4.8776464473273675,8.719676894155265,3.5014571373948282,1.3488537705862318,-0.18245166603555138,4.8800399251125715,-3.468890483889367,8.23691865048418,-4.501654468562103,4.719313396703112,8.137258962301622,4.0,0.0,1441.2861706623594,0.9078029140216661
418,3.9563852029926907,6.831882465991686,-2.89611508480649,-1.897520254690448,0.7772443642675038,1.2275332304461035,-2.852310819035181,-4.036645821699875,-3.1180046878303385,0.931318287530362,2.006908070909601,4.633766126307001,-2.837265177726874,-5.5627789034299955,1.2630965581315259,-4.881453084373842,8.05016198229533,-3.171595572974205,-0.34826486488685693,3.6729864067066043,-0.9773567167756574,4.259720819958104,-4.484272900677708,-6.621610904368553,3.418207791506707,5.996477919641343,-1.1505757423589391,-1.0393356622323917,3.441453356507599,7.135988532144994,-5.336670492896046,-0.7426630563976804,-3.832272493814995,-2.0231223981465565,5.204273181579498,-2.459130561317713,-1.264271041225548,-1.6075366839967793,4.176850709678591,-4.896822420103701,8.456323539933694,3.2034526523018774,0.5818490136658672,0.144723472922131,4.844586231411116,-3.3963188610138433,7.717764480397603,-4.9789317071868835,3.9733569641297706,7.250133907924979,4.0,0.0,1533.6351185228655,0.8940661510710838
419,3.941606600790125,7.263225520093866,-2.682361920379445,-2.531777176879684,1.4631566096400364,1.1594851761514766,-3.353959175783681,-3.5203700480978775,-3.575979282834272,0.8748436360431922,2.0345214828961504,4.894358178766161,-2.762123989857042,-4.096327288878072,2.385311141471674,-3.646660647045906,8.426284076420542,-4.069732443699058,-0.2324494798218808,3.528160551240842,-1.6681706041541522,4.53928564696867,-4.012424539138162,-6.07220252519146,3.636917109245633,5.904083580764539,-1.5011464217719215,-1.3912470425547478,3.76521714921324,6.547673530282132,-4.709119627872953,-0.302890353201102,-4.121829975768672,-1.818396634152527,5.561441114229906,-2.044796784932081,-0.6676972315116698,-2.022725059102098,4.289131252777489,-5.297828955530598,8.282824630207388,3.346415954718252,1.1281947283692615,-0.08480645964647646,5.237668107405701,-3.775072852302871,8.036987265574227,-4.014196775446867,3.644733420787107,7.8720131476096675,4.0,0.0,1519.4830073096948,0.9486315694378771
420,3.4067032259667305,7.334515978715355,-2.6964105779485688,-1.8145447356026445,1.8749494208351911,1.3748989327849046,-2.3749129744845243,-4.246846418200636,-3.6471378681687177,0.683145614132351,1.8073871554300933,4.410357888482645,-2.49205980017077,-4.351758315733083,2.1987833592322517,-4.091198571436367,8.101651268088757,-3.293249358078218,0.9880021288832288,3.3260334608475124,-1.6980387239476185,4.579606741334896,-4.166409513618016,-5.057198029030014,3.8350002817058533,6.270235206602781,-0.853247352906979,-0.9922893344831599,3.773439564169877,6.426185762540007,-5.428677413653637,-0.5371751501847972,-4.024408796611474,-2.270130153795445,5.840593319176131,-3.094293373690381,-0.9234828829182204,-2.4841952619288694,4.262718597159011,-5.744474937380128,8.053434058109854,3.2611827887484592,1.2388497838355466,0.22493162705367242,4.877917822026583,-3.8699200783128345,8.834873192600435,-5.172675516609933,3.4023962834823895,7.706902260993566,4.0,0.0,1610.268092303285,0.9365518139063438
421,3.9221650112358555,7.163638984607015,-2.232088822001721,-1.4290167999512207,1.636875313187497,1.3208632423094846,-2.339096954097979,-3.828610582630967,-3.125207044216997,0.31207083460053453,2.131797356088788,5.081418940416229,-2.5450559724659434,-3.813367710334156,2.008152331603537,-4.718772267474284,7.411014833469331,-4.196337646373668,0.4866923505941303,3.34337250892868,-1.3416603312024111,4.8987064893728265,-3.600680811380096,-6.474709070909937,3.043561430576312,6.391868797972431,-1.9676503391273863,-0.8066704785110249,3.363587785689607,7.350050643629505,-5.809926183544335,0.26610446643435326,-4.352657019283584,-1.686821389631281,5.599711535776977,-2.6703198318843566,-0.8521372075215033,-1.2729011779786954,4.304915723631378,-5.157570919083334,7.711928821041573,3.530676515539077,1.2217871263423858,-0.8256918410744389,4.975212008816695,-3.939826192331094,8.242186354477196,-5.258104035351156,4.108285967526659,7.195560033592139,4.0,0.0,1604.372096445821,0.8741619162698598
422,3.7531520012137354,6.173311221117226,-3.0523052505282338,-2.3648607375755226,1.8278208062855168,1.5211437196425095,-2.5570435184784954,-3.9500425432812953,-3.4597735542948036,0.1037819077013935,1.473152284832342,5.056869505718211,-2.520783598540905,-5.046460262552234,2.51850258577835,-4.5252896766288035,8.019255123520157,-4.364884686860863,0.34750707349941945,3.09328439889481,-2.0114534393150354,3.6284183731176407,-4.84069165841086,-5.58424469018052,3.594183560692025,6.710475933915527,-1.0317436926222774,-1.0783356907462835,4.21990418193267,7.0419343126485705,-4.55379913230949,-0.38358744726057425,-4.476850970682684,-1.2959938061892222,5.5724158820198895,-2.863756684834876,-1.7070544940634984,-2.061195798890187,3.9072512765015452,-4.703374861406251,7.336460347602194,3.565377656661931,0.2559141467824967,0.06683591870218883,5.038625874792999,-3.977149169431087,7.740164395192272,-5.661192125237146,4.302419042956833,7.205828538299557,4.0,0.0,1489.5442840515082,0.9403654263324875
423,3.794865855233129,6.0108260417490085,-2.4479647556314426,-1.9817220541464697,2.157017037153872,1.4889900594172316,-3.3477986251719885,-3.6562265122368482,-3.9185601627368976,0.16891323220541102,1.1796924729287945,5.2702796894912325,-2.8555038918861255,-4.432772671096992,1.776646143295086,-4.137344318002757,8.154393534827495,-4.438356656485421,0.8891906750621302,3.2656399279174213,-0.9441700176476021,4.296075279413415,-4.55460357943947,-6.122305455893748,3.710603247697749,5.839364061680135,-1.9047338631558315,-0.9631385258681853,3.174073982652899,6.422794198710923,-5.055801358461849,-0.9799418861020623,-3.8672974453877256,-1.7732448540007846,5.4779050269489655,-2.686792858744891,-1.7823239870677243,-1.7716737852744082,4.781889734941222,-5.194037059935442,8.146011765347023,3.4197857923695656,1.1982872755425353,-0.7322245327174848,4.6654274300828344,-4.102156876969322,8.00889514754118,-4.93615947832202,4.0407997060017635,7.723401306051805,4.0,0.0,1426.3175168672806,0.9833503445824949
424,4.018225891356444,6.4906837425028625,-3.4273196009823637,-1.558240742143822,1.7900090696392565,1.9065853351660675,-2.6952969108945477,-4.23098790364344,-3.256876051506331,0.26053228542891543,2.8079366551583504,4.659437353244105,-1.7446718120734634,-4.3782373084441,2.0540899943582986,-3.878368091834419,7.490833640839161,-4.385472462577618,-0.1908249632666822,3.2879041033594607,-1.8194685483936508,4.095364962322302,-3.9894927521223513,-5.701566245073808,3.7967778224509754,5.943742751925752,-1.0323167992483155,-1.46416864946193,3.2895030412065878,7.192772689605189,-5.12093569145237,-0.5660841404899567,-4.176648329132887,-1.70371700166149,5.441221727768851,-2.9014540134140403,-1.1009350244276404,-1.8588046213133678,3.881088440385089,-4.972289364654784,8.182544110209014,2.583938589838074,0.6085034895205164,-0.2104084162253366,4.793387670498805,-3.147358870015976,8.408935609294486,-4.891831357555548,3.6016858036348074,7.303630397706871,4.0,0.0,1342.2103128170563,0.9289702345282863
425,4.353013761617719,7.428952559450194,-2.9201849004499083,-1.3791524178511934,1.4436819488292019,1.520109447101004,-3.2518425910665028,-4.021618852158152,-3.183061158560388,-0.05827547818321377,2.0598734395589524,5.320084334754308,-2.675636973318639,-4.666286633267139,2.521515375775433,-4.28563918345466,7.909328115184274,-3.1447742437843837,-0.06281327105821227,2.4354804210579495,-1.57460870349184,4.5512775781707875,-4.1813472370651805,-6.094938300004219,4.33572908515864,5.22769752242409,-1.5702192355799578,-0.9845018372901271,2.9901489216993458,7.13909301046485,-5.056299482504705,-0.41751390386629794,-4.219296061020973,-1.1564628102008645,5.4808241314904285,-2.5459861951934903,-1.1327974146276285,-2.1139247265845693,3.94405994638945,-4.751808838992956,7.910021851448344,2.949322534905496,0.21115712240291462,-0.0896412481479547,4.498854422208924,-3.4164875478774475,8.385957269607983,-4.979406851977949,4.066161615691193,7.640301582776576,4.0,0.0,1455.7388013490593,0.9436146539979821
426,3.7022271021517184,6.968884497135207,-3.1397713127408124,-1.9663526790238428,1.4563792930760109,1.056472788764728,-2.7893652893989342,-3.8946388271477095,-3.716831247479814,0.8449138195432973,1.5044261670669785,5.070897487624332,-2.9654603596188718,-4.571885260496165,1.7348019061452076,-4.370549193772208,6.967776424139236,-3.559816710818431,-0.27428113327305237,3.193197323569056,-1.74921574374428,4.087513103038844,-4.76948012164892,-7.0139749326164065,3.658849373859528,5.900214599558422,-2.238618510051755,-0.6614353440513268,4.089210186307768,7.057633325117558,-5.513643252776453,-0.9330044926757265,-4.70913947879145,-1.542630378120271,5.365364011607064,-2.5563979296583867,-1.14648724278508,-2.153496970800919,4.351248328529339,-4.47908393790893,8.142076017685444,3.0532102767908995,1.6352420349675993,0.3456440002961064,5.0182127101052245,-4.113870870706132,8.49221695816193,-5.708900085570687,4.25774090813092,8.027889588300697,4.0,0.0,1806.1115178863392,0.9102166775502194
427,3.740670908383759,7.306730606386612,-3.253323466093679,-1.313150652821321,1.8303905405430752,0.8061815009484289,-3.023802252729952,-3.880451266519327,-3.1280968047980946,0.6713429500108576,1.6696709430721854,4.1442394528495266,-2.5050012745111454,-4.954231591521879,1.9129976924220824,-4.575225009042139,8.068167417705771,-3.8914289402447872,0.40386942229032063,2.704970417955,-1.4323321583892668,4.779142510039401,-3.9047557971556808,-5.646684562430082,3.261792495352746,5.669330340288956,-1.6945938963670328,-1.172112530267542,3.874945080083723,6.980545323385314,-5.361963700869316,-0.7733872039327536,-3.9311946933310873,-1.768605522278461,6.155637467964292,-2.4356620989796416,-0.95315290786029,-2.220796619620994,3.403522398816503,-5.300409552200167,8.475097761930073,2.9792106633768807,1.4768964277840302,-0.02581351028832156,4.373225174331705,-3.4092170979770264,7.9780422550088685,-5.065324981896594,3.9029682752412653,7.778412474600763,4.0,0.0,1568.8564893769471,0.8302921586478493
428,3.8045464460563756,6.382306786113407,-2.6681902751780773,-2.047554382970545,2.1297731270823093,1.1268759433003432,-3.075612742301067,-3.6332315815622347,-3.7602925151689393,1.0962082374766302,2.281072074165292,4.800595742055789,-2.202147489964432,-4.650199577153824,2.289176868277705,-4.673115221384908,7.988433338281993,-4.108972121835233,0.23746634682109025,3.0354270873876374,-1.909676549776289,4.6555722958418135,-3.759643387496037,-5.881271843634488,3.4814257614711788,6.314068933359871,-0.9153144744085558,-1.261697179727338,3.8390366159085576,6.672565940866458,-5.283342481601148,-0.8029377667229318,-4.6342140767396485,-1.8876882587146118,5.767201969482683,-3.0337133417978253,-0.23595822056139582,-1.9810183868795135,3.859829026428743,-5.3282764082945056,8.522264351637126,4.112931380492288,0.831607320249892,-0.20665106151408016,4.593957197707343,-4.239455764242937,8.351971669512404,-4.808447485157464,4.367632791334987,8.051505344841612,4.0,0.0,1707.5099094279751,0.9676106682373612
429,3.7678077580668305,7.154627311178424,-2.942436877569553,-2.0351337154238283,1.8046339569542724,1.4497590943753103,-2.7951330645831582,-3.911932084644723,-2.981233021742752,0.6935507836229384,1.7601665197582204,4.7043002901419095,-2.393447299562551,-4.344106061345791,2.070247980300486,-4.52150745197238,8.146194051173815,-4.075446649896059,0.07087869491911863,3.088429618116106,-0.6551534765912139,4.391195687304401,-4.401593242774069,-6.00248822945941,3.826750293601771,6.204080700712899,-1.7491561702659972,-0.48342196325382003,3.733101823889866,7.3097125902923,-4.603085094836152,-0.5601887646471304,-4.448157016320619,-1.6780251314206862,6.066953669732972,-2.7307296869704096,-0.9799442877445315,-2.061900864822049,3.970733114492199,-5.345830807650741,8.167847694096144,3.767978129077642,0.937466371668772,0.21647056917076213,4.892207071065658,-3.9887845086508267,7.672305160514505,-4.666280600960953,4.083651363839487,7.035197153404914,4.0,0.0,1462.5627225498422,0.9852626337602666
430,4.170612391220047,6.399443523114428,-3.0198471916844234,-1.9420754989317164,1.5569094086752384,1.673729753960645,-2.4742358542028065,-3.261397803008439,-3.272311521701187,0.947669334180963,1.853151834502344,5.3186146207594405,-3.0743613140980255,-4.139934298590704,3.037166794674508,-4.080784130899983,8.367891933731132,-3.9786880012359216,0.6442188318821879,3.8852099591179123,-1.1527178405855467,5.1180629018659,-3.8811093029897434,-5.890845189653755,3.1242663763476415,6.501616646258514,-1.1654752744168406,-1.5755986241347073,3.0038011011730372,6.676776458013138,-4.747475005750679,-0.7891550794661619,-4.586890439318236,-1.7250514679751794,5.486020962076866,-2.8422242732479255,-1.2341796278815411,-1.9050564585699628,4.115872057982821,-4.668990409819122,7.830533961299636,3.0282524431189843,1.2035767487998341,-0.049575377927054715,4.4633715718745535,-3.6028123313019167,8.348153378846426,-4.356310171973583,4.074189413625573,7.816292414012919,4.0,1.0,1688.423393269787,0.5071096772771689
431,4.0690037439305815,7.162771672403161,-3.039777882766404,-2.1256907903248807,1.2769244577402485,1.7947945363682067,-2.3072720961918223,-3.6217023366590775,-3.4903281947797304,0.3307776812481008,2.511540387687512,5.024734339821337,-2.78350524390092,-4.393528721229382,2.4258939975821208,-4.921167015880533,8.128119922688235,-3.9777317664387977,0.41166624397125884,2.7602256665368428,-1.3894022796047647,3.7372115899769067,-4.647991896698962,-6.216202195382482,3.811727344229782,6.467406304826837,-2.1853901592846405,-1.3038042991387302,2.7746356838158643,7.116389137581558,-4.6065851764622625,-0.6680392109739095,-4.349729361624734,-1.2219314736196192,5.292325166202584,-2.5205937120538247,-0.6990198267824161,-1.6951844039511832,4.392509905036284,-5.1917309017467925,7.917324054270902,3.1470083126245605,0.8916444270634025,0.2903713817208872,5.025581448951253,-3.7504328566842027,8.91046008114922,-4.7673163141418256,4.4537643036932195,8.284859300372283,4.0,1.0,2004.134129190552,0.6115432243199729
432,3.944045992469362,6.672340948424183,-3.099587339275904,-1.9230798993439941,1.371238128241239,1.235394243111532,-3.1608630015674946,-3.803986936155147,-3.6569159753427662,-0.006248304270289107,1.733311857431347,5.700988220550092,-2.191459862163079,-4.817910028255327,1.7819239368512054,-4.29232490087976,7.755118197617543,-4.445786957337786,0.7552613803321684,2.8680469402628948,-0.8990719881979493,4.34257106801767,-4.8205925334773845,-5.83456776063325,3.033887884257476,6.005892512778365,-0.938439312104032,-1.3289565562545205,3.6246087764024337,6.96279687804732,-4.753016972455413,-0.01057382633651971,-4.210661516834932,-2.3091971422115045,5.472481283956056,-2.2468581381219526,-1.6467504999819766,-2.0162514304992145,4.639568637337419,-5.027416165494357,6.998593353837309,2.6104257842157708,0.638864790960912,-0.36618813783712045,4.9733446638046654,-3.7593747447988894,8.709241684290781,-5.157912998148618,4.357381796694341,7.662871153188673,4.0,1.0,1786.523543485992,0.3960870358590626
433,4.061324057576385,6.765643087264091,-3.502779005939213,-2.034484930356624,2.3135136593533416,1.4048389222438462,-2.2436758339833918,-4.085085243322602,-3.4475390866968088,0.1177993885380843,1.897723738845167,4.777731808219945,-2.1166456975587025,-4.472770254618373,2.307955145099636,-4.083790231895092,7.784796861233044,-3.4177958518305074,0.3527354147049244,2.8510890897557495,-1.7071792958216216,4.12905535719795,-4.882052243667876,-6.073694380519011,3.3012940627565133,6.741286587175355,-1.460552312784542,-0.5731849648311588,3.797764664005297,7.041411396125239,-4.840009190832619,-0.30351271192589485,-4.3816845285672725,-2.068673935989602,5.479072199423845,-1.7059214678934675,-0.45693205072869414,-2.5381840568313496,3.9143997131175188,-4.832633931468161,7.512811257513869,2.549340584119464,1.0624541580528433,0.16229025347989617,4.403332858322046,-3.180416193241933,8.340609632620483,-5.819080252957042,3.8280409537308486,7.592592832655826,4.0,1.0,1803.2635570365587,0.15803358287924915
434,3.507739450649133,6.66799037491127,-3.2626110902195467,-1.6122353705129404,2.058317368945153,1.4003540736514013,-2.251585422521707,-4.4857019169325145,-3.674008067339545,0.1956116234863098,2.010549782269772,5.469000075904601,-2.3443582161434326,-4.10488292644535,2.166961816851713,-4.560591963871994,7.931337529508887,-3.75559762756738,0.265949982671503,2.8770552793773647,-1.7292158732392664,4.549592720286919,-3.541041167304834,-6.215700359826167,3.772180114912072,6.316014463702661,-1.4949834060082952,-1.2941152021700268,3.218513560443764,7.2035238220461695,-4.5379720137519035,-0.3556830376211045,-4.143986705793457,-1.9055167734742868,4.8215232036211235,-2.2690194755723643,-1.3276171195694928,-2.8609798442054792,4.800034076987504,-5.205223044960009,7.731502068202183,2.7911519969736944,1.1277038791340992,0.2319796634742458,4.201324362185442,-3.299275897326205,8.5821384653584,-4.2196410220113965,3.5760960380400544,7.479045786756542,4.0,1.0,1511.7240535608446,0.7361754007698859
435,3.8033447892822765,6.81060544729679,-2.881855959186017,-1.5086698187225775,2.1668013086952307,1.0812879374706033,-2.9399844827465547,-4.399294323339368,-3.5909476214552707,0.8570286064876392,1.4397061717124573,5.017301787285516,-3.0402392253643136,-4.4340348410207815,2.278774242892721,-4.642963639566921,8.206514985234852,-4.0060986818123805,0.6915580337011435,3.3905972630812644,-1.6756687340831464,4.775588041085262,-3.9451216395652926,-5.699491777337227,4.0560922246127635,6.622722966878914,-1.3666399078179086,-1.6840375945941402,3.2230378273933686,7.147395969207685,-5.283607147715958,-1.0573399337705505,-4.192755492211265,-2.5101655619200423,5.906184161635276,-2.9452663866263036,-0.3903000518784302,-2.3560069125214347,3.2010223862255875,-5.1447377190927925,8.546092037521468,3.3219018980160966,0.8561110051780633,0.07026018955926372,4.3733770491088615,-3.60662657177149,7.714605548555339,-5.0633269066127005,4.047028740696254,7.849226831565302,4.0,1.0,2098.02518133385,0.2886547402427464
436,3.9743755693882945,7.125422986402432,-3.2945844499696304,-1.464557843293647,1.8397540242039296,1.890981258302249,-2.78192325306213,-3.4872936872540183,-2.843842288558547,0.6820624574602058,2.016873036315281,4.8127284363195315,-2.5194302674571873,-4.548817157109445,2.3592318411553292,-4.563043165326355,7.522620321586387,-4.037176084797065,0.5941611553379864,2.874966118322527,-1.372421089684173,3.9308008761621567,-4.8553629437563055,-6.072845868529065,4.399532952568803,6.639408858851956,-1.112594885271414,-1.455100367207216,3.186690133743665,7.1575101328621695,-5.394129338575229,-0.3149475196106166,-4.125781452817618,-1.2034808795984555,5.457043707218069,-2.40844381129967,-1.2234069272928982,-1.9924685460878613,4.550890792551194,-4.322859746362355,7.576595224279257,3.2659545395299032,0.7473399387562352,-0.36724799016439447,5.186104512376817,-3.8817994877284177,7.82495743860073,-5.606734200774878,4.011852880309761,7.626602899154926,4.0,1.0,1979.219353162587,0.12755745289928574
437,4.00078175258049,7.164929708108553,-3.1954670142030346,-2.117694942150079,1.9577549818247881,1.7356325000894126,-2.5475861213094046,-4.277325961634902,-3.5926565326001576,0.05508506601427743,1.0101655873522313,4.797156500917715,-2.61168305167057,-4.34344354695721,1.1714739446717906,-4.332599617208808,8.353887299613378,-4.043498895892052,-0.07865058144412934,3.5989951231883093,-1.4048679948601137,4.178671748681355,-4.391734417188751,-5.681207262807029,4.082354949139777,6.024118660404757,-1.2068884536012512,-1.1476310543599313,3.1969440277675827,7.232146232680512,-4.627608584409637,-0.40316838088655005,-4.0643893576397465,-2.3959508204212243,5.355762228152117,-3.0184575413015784,-0.4650005349410288,-1.8190434799151693,3.8420546674328793,-5.6793795764359825,8.064915698736119,2.6586171889708843,0.6432625860245496,-0.6413244508952377,3.6390389163834724,-3.6813697185951844,8.978114009076958,-5.229261713517849,3.63706326612982,8.351907581930291,4.0,1.0,2308.3667890153906,0.019812910548772145
438,4.109630854718986,6.931939770791011,-2.998877210397346,-2.321103050723735,2.1132258341373964,1.418870709452692,-3.151459079400198,-3.4012613844137274,-3.4566000992651227,0.26955977626890226,1.6298644263290079,5.683918051445873,-2.784356654865341,-5.393955178872374,2.04730300007789,-4.75434199212409,8.144045331884243,-4.086376788273365,-0.10434508051146202,3.2793936732135642,-1.3661466594454048,4.585199040935355,-4.105924105929244,-5.382843341052255,3.9062554916904735,6.055421990094012,-1.988767658295862,-0.42773888796095905,3.7323232770699244,6.750929819552326,-5.136692032525972,-0.1352194427665508,-4.565560678117831,-1.9674272320508321,5.300406972055058,-2.309466230221316,-1.3654697212534068,-1.3056967285650938,4.334722931382523,-4.993547109032103,7.947042258604629,3.1498099482749073,0.5944926612869452,-0.47333716161436784,4.6513860453566185,-4.441035394422932,8.234046589031932,-4.648240001019678,3.8844416285051566,7.976334285921211,4.0,1.0,1887.9855623129893,0.6485603872937697
439,3.304252517018128,6.660226722512806,-3.0411343855665645,-1.191855621501369,1.2654387008779038,1.6522313292640805,-2.223832555923118,-4.171864413031794,-2.638055125031249,-0.16629452852424365,2.6371313444604425,5.360676388130506,-2.5097150236721797,-5.032642451202415,1.798809195026722,-4.5380027930355915,8.286049500841566,-3.845166064146815,0.3333850609429305,3.344119939207017,-1.9191418941712195,4.825759643717216,-3.944999440662841,-5.644069787160388,3.5622363682395557,5.4098543747884165,-1.0064039656503234,-0.9242587772544627,3.693670503788132,7.031340846112715,-5.30040852719727,-0.2529482739200489,-4.495583569981569,-2.1453982870444435,5.284052567959844,-2.5877756685171223,-1.0163939532621062,-1.8965056915863772,3.874293772321792,-5.000209094925752,8.07042241664344,2.5786901100865043,1.0438046379737846,0.8386381965690831,4.860652047520901,-3.823184496370458,8.393479193666295,-4.6555499462353716,3.6076841170600566,7.7300474042582055,4.0,1.0,1833.890032353695,0.17359680418758527
440,3.7870934539153933,7.541430635115634,-3.0586560058986634,-1.740552435538678,1.8796454890366316,1.687672715117706,-3.137451143633473,-3.3426723802445926,-3.6089442409225394,-0.23232047426343516,1.415182644169957,4.642984417381976,-2.952693140221227,-4.55728723691558,2.4682726541143114,-4.032275202157181,8.123807699374385,-4.545690432535846,0.6943743395966024,3.003929784934954,-1.1022602957085046,4.421771613239182,-4.12869922525172,-6.04364111287519,4.66197319104398,5.754419068385163,-0.8028816752882876,-0.5948445836924947,3.468982682550365,7.068131406908577,-5.017491774362912,-0.8300049207139664,-4.526844972079293,-1.4943165107424154,4.731799957657654,-1.7814820433827112,-1.2657473928959788,-2.0838805994896696,4.253871668803301,-5.458439319816167,8.429722391693963,2.8980763790533097,0.7120029479830181,-0.6098079037815173,4.983297940693734,-3.9957250811455345,7.9764768726620465,-4.991973336962705,4.281404675013974,7.408800103619736,4.0,1.0,1964.7763829687644,0.2511517865128354
441,4.627373007111465,6.77586968348548,-2.3338698769619883,-1.2775955652233892,1.2544373655342551,1.5432818925488927,-2.5197528642594067,-4.121469817841021,-3.9163185358976427,0.34158460907956756,1.9140918963397575,5.802011624143432,-2.639710333777936,-4.430147379198652,2.0992911349326526,-4.44519558477714,7.657967055859335,-3.4921734138636134,0.6541804352792109,3.1873272369846686,-1.20415611524499,4.036538846960809,-4.388960977460673,-5.862199880045316,4.159449722942322,6.150620783482689,-1.7921253069606768,-0.7845681250408475,3.663318136891238,6.926542789178788,-5.173557974450838,-0.9356970873575883,-4.289040399921675,-2.5998209929983593,5.811318233433354,-3.0201361687357515,-1.8644136746162703,-1.5327862466849012,4.530009839170816,-4.868182040399725,8.485263077546728,3.530134806866367,0.5209577456856167,-0.09821727504307573,4.969457377624437,-3.188537482943067,8.902268432309102,-4.810154751567049,4.859571515590426,7.543551699709582,4.0,1.0,2299.061485815678,0.13057882789135739
442,3.6209462921874302,6.700645295203994,-2.415772194556601,-2.0094452383926265,1.6687276503341026,1.3835836462049076,-2.561628648714301,-4.720442151063699,-3.21058455194945,0.6586613872191593,2.0649652921491697,5.173392927168693,-3.288413567531939,-4.5620797661181145,1.4219230572182517,-4.318201735855066,8.352149487060657,-4.360576514970808,0.7319029269038122,3.041379320094661,-1.3973723766193247,4.423902494001773,-4.283563181828103,-6.425490213289765,3.657490916212142,5.814506340357313,-1.3982593640325711,-1.426837481961698,3.8134484715112933,6.738089545053253,-5.051299607982211,-0.5452696857474494,-4.8569952413807576,-1.9087194883083454,5.881688502257802,-2.546539875195332,-2.132607854432826,-2.0386071439479103,4.38061375036513,-5.424214732761108,7.7987219947119355,2.9125097736082015,1.638963644735092,-0.16223241905331975,4.953422887316425,-3.807509436320105,8.912917274130358,-4.875777569395322,3.903837193091452,7.39983240852886,4.0,1.0,2208.152185459656,0.19587465106850202
443,3.0919870791915125,6.644443506793106,-3.123282594043798,-1.8189190992665742,1.9427532139149792,1.5243530681834414,-2.2598669333594454,-3.948736169196973,-3.641885049340231,0.39887689465205545,1.9541743002491565,4.952102832161471,-2.699043557470227,-4.439296414475213,1.7341947102767514,-4.621917988654078,8.645084641311955,-4.5839368042396895,1.237122659855982,3.1562225915076128,-1.5883262615359293,4.0293376952158715,-4.316676502920752,-5.950486115623223,3.8029445283552294,6.186552184376285,-1.699100164840968,-1.2494346531159195,3.230099339234855,5.965974994759723,-4.890766355655109,0.04100941043867723,-4.755739958888025,-1.3005187458287168,5.094367788204422,-2.3336061206104635,-1.6904790022984701,-2.041610840628748,4.48501300236121,-4.809560877426982,7.687726150564976,2.8358123840450276,0.5131616758211329,-0.7194681218722787,4.6751396554157765,-4.800830736890415,9.031083766293154,-5.989892987281974,4.488601987140877,7.27934579639629,4.0,1.0,1814.2324430362783,0.6119207264603834
444,3.9832769744669703,7.2197735386988535,-3.6045574894679353,-2.105375599616199,1.5423977213647582,1.9023735266249484,-2.81778616334477,-3.994119630715277,-3.9016107638727773,0.5239467479826723,1.6461730013285059,4.742783412405426,-2.5162354262084667,-4.341007286604962,2.0030791890589166,-4.463846709578941,8.557872161895812,-3.697040423623209,0.6576475326826516,3.520976714980373,-1.1980763123403244,4.718030976766383,-4.181780075627448,-5.159433321356037,3.678551043725091,6.08352762134123,-1.6768941330588258,-0.8419217258105749,3.0247920839473608,7.058710947500099,-5.115019178142736,-1.1493203603696869,-3.6346905599890214,-1.5288205114372526,4.784714418929744,-2.7038200632033518,-0.9347202106167498,-1.4853591015684455,3.9652530479572694,-5.370076973793216,7.745423458484167,3.1777287788035222,1.0302625095458051,-0.48149789270166804,4.726677113479151,-4.45439770059453,9.165790537277049,-4.720801297073154,4.5290108726484215,7.709591278969779,4.0,1.0,2368.2193439668868,0.010931293351444094
445,3.73718294787008,7.605302119992111,-3.335055085922298,-1.782410936654203,1.3789091896435666,1.4113769156379803,-2.697394451464215,-5.1325026925147075,-3.8711624735862205,0.4410177448875354,1.9645111059227023,5.167891268962426,-2.322969027225946,-4.016603643460712,2.2739734643406826,-4.226174898820939,8.346832815978878,-3.6669543536168523,0.08737434580350498,2.7328082191973784,-1.4708511373801403,4.437185693880914,-3.9705398722188296,-6.575022411746072,3.6833444702043843,5.458625296426871,-1.4915008201739863,-1.6789825790022288,3.8225517779853813,7.234515033005544,-4.503805722801494,-0.6159525800965003,-4.7458279063940125,-1.7948888868267603,5.375611923627297,-3.5172125904847533,-0.8122752271999625,-2.2834579889716093,3.4380531888303154,-4.574277634174749,8.257278624555388,3.0927887476255185,-0.2728830742747803,-0.5584465453751439,5.298039837754594,-4.206983646075403,9.235430835208199,-5.41846260106673,4.412779973074136,7.444301038098493,4.0,1.0,2467.6128324987703,0.08487215549386234
446,4.338717336149123,6.654869251050245,-3.2174578411692716,-1.500966687128373,1.6162833632136862,2.0353443650481893,-2.712049423059031,-3.687172184240255,-2.9554395118493275,0.5826667374146614,2.2080638491002076,5.0163190591889455,-1.9254959940429608,-4.688591452229609,2.052631119336054,-4.4997001655152635,8.994330990150997,-4.766139757356116,0.37360558313435077,2.53741537593972,-1.3641482892297443,4.021214805364172,-4.357998439949539,-5.445452835083817,3.1312445549278687,6.238529877619032,-1.1816640144028263,-0.8072887786217073,3.1187654914678946,7.150510736660445,-5.523934523159959,-0.1690763478814385,-4.833909489575705,-1.1582117803921417,5.297188619732994,-3.2924354710623476,-0.8673435407031952,-1.9636638354226361,4.592694699211104,-5.711733786406361,8.11134007604854,3.1745802450004104,0.8542832420661772,0.3439834990086385,5.101200063350247,-3.676190821756624,7.884671042392755,-5.190616130926589,4.332447294912466,8.289360804794546,4.0,1.0,2153.787947764716,0.3398823784765229
447,4.334554898676885,6.521928028274248,-2.9252230313193306,-1.6382231343636005,1.6106524712782153,1.3161711560398093,-3.237696667759848,-3.7827722057748594,-3.5388238723256444,-0.3120541414497634,1.8391224686237162,5.162804409511674,-2.0534310199653816,-4.005872261970113,1.8748169106631847,-3.8862227499660333,7.60402858126919,-4.04067624869807,0.4730537409803508,3.4914101313686707,-1.008163802919555,4.011957134174431,-4.605326820234116,-5.237849123452896,3.0944102227844943,6.594488727101238,-1.4929894062337037,-1.0699632366454137,3.124607444297462,7.255472198755761,-4.4532590177932665,-0.7705348965020349,-3.6596062670406306,-1.4180540647403597,4.966428254629808,-2.6605976862603904,-0.7449350485276927,-2.1648111304743884,3.8494471126544516,-5.110941018633356,7.929076918419624,2.837695018984369,1.2254286962151846,-0.1714498237352188,5.266169944615555,-4.150882440730924,8.129405066507063,-5.5046582138106235,4.501190149235146,7.459335982792115,4.0,1.0,1574.6483250270685,0.45472579920804396
448,3.7541600506343333,6.704381342144357,-2.835001789778558,-1.284530585360858,1.1806281691047997,1.229311915343248,-3.2244206632225656,-4.043135441398805,-3.1171563687230783,0.41309128245601434,2.5187736009461563,4.4712630958246,-3.499283129681271,-4.721858321217304,1.7028859217736994,-3.944265151080641,7.411310012740964,-3.931442489535665,1.135996426072667,3.0929465822181186,-1.0981952677963243,4.6107774684494025,-3.94450842249796,-5.757581432094617,3.320889768681929,6.379691194419037,-0.8577879224426772,-1.1891451260884114,3.4569106592767236,7.306578967469222,-5.120380838394649,-0.15777222932210128,-4.181882289681086,-1.5905945407436366,5.13976174672592,-2.9744421307785123,-1.729945330703571,-1.9235719265138538,3.8977686140284136,-5.926302326848312,7.884941853528413,3.5622301642547956,0.3050572900756212,-0.5785882328038312,5.419292034626944,-4.550691421923685,8.297032779277437,-5.420343747846674,4.496864276077304,7.1436747583355915,4.0,1.0,1991.185970389038,0.12613986185062737
449,3.8191523638837874,6.7018754549628,-3.398085476473747,-2.1846948594909628,1.9879989430959268,1.2872326547131738,-2.736143942011831,-3.836017266895873,-4.257779667754076,0.8101975653655173,1.9827962731457585,4.02260067749722,-2.7554334161712433,-4.873356057472675,1.478589073013815,-4.484652260721034,7.968338638993302,-3.4926787990929884,0.7639442767435309,3.338277039626816,-1.3453508080689427,4.705317696203582,-4.129888406791285,-6.138187408702539,3.8717802145872535,5.753207704594481,-1.9207064929699753,-1.0631423005598712,3.223579822001419,7.196047472271188,-4.984671442032864,-0.8158091612104923,-3.9923303329108055,-1.8390742575952974,5.9546162127735505,-2.141118568149478,-0.8586707573509065,-1.4788679155962827,4.28246566586339,-5.325939607121707,8.118085601738148,2.9758829055989025,0.9727437740200949,-0.07265372893637474,4.96613030116977,-4.492258547587806,8.608833841640262,-4.803101181272156,4.399219756526697,8.094185270340363,4.0,1.0,2030.469069407239,0.40812715353580287
450,3.4140644145946526,7.278582053019823,-3.3683690090221976,-2.011822763479035,2.271471512825398,0.6805433197976205,-2.6427731366203613,-3.9932386674992033,-3.7330564217618467,0.7632413699799212,2.062720450799283,4.9705106628535995,-3.5423397661477547,-5.407161498825976,2.038766573705756,-4.723005536524116,7.414676149043602,-3.899573818946849,-0.36580292893351074,3.1567227023213476,-1.1905839237566016,3.6519978247713576,-4.599027912412829,-5.976391658616548,3.3064087812185488,6.538230040644979,-1.1560729295163021,-0.9908260010389436,2.9758371732139826,7.418043878475765,-5.527550575318149,-0.39115864875611556,-4.481901115610849,-1.6859506462811105,4.699344656541915,-2.806717514338282,-1.0865538946840743,-1.2609136427878616,3.5897142124137784,-5.199108310497575,7.9530773998169675,3.398856894942573,1.2552732267317752,0.44920221518601045,4.793304443050175,-3.845944627413262,8.067456120063312,-4.713557794646998,3.945509682693285,7.824200333753945,4.0,1.0,1818.5102139319463,0.5290317612241429
451,4.060114620303649,7.142837708580464,-3.2846653350208936,-1.292751919160069,1.7217488876946239,0.9797331071064648,-2.5708330412603977,-3.8472378626703696,-4.507633604895167,0.8614451656578159,1.8580655075693366,5.6729706433007365,-2.5350712028578544,-4.071220308434694,2.372130521524209,-3.7189307727813263,7.894111406185483,-4.056440616914034,0.5044496620242124,4.148244198989646,-1.6832220833953404,4.347927656037696,-4.321387887263928,-6.249533974058276,3.325465973413543,5.923826606176817,-0.7404306367568293,0.05892881980663889,3.493118923139108,6.998459966885359,-5.238508253016901,-0.9312926007390061,-4.29362246380245,-2.0430246801274645,5.935893250204049,-2.9569771904670072,-0.5925798100070758,-1.5595944479975192,4.189151192685817,-5.072425981295675,7.748699423954177,2.6186460117953727,1.1837063256576745,-0.4653163550221495,5.015160071436825,-4.033597943878329,8.535956125679682,-4.323408870345422,4.378323531835757,7.968204643399556,4.0,1.0,2101.9040407889497,0.2183440160624792
452,3.642166833730221,6.499968363977849,-2.757909350158709,-1.9662824350985673,1.5904428203186705,1.5198787126166557,-2.2125353771260245,-3.8887715128681872,-3.61995784387122,0.7722982782943675,1.886381418459544,4.841526138381535,-2.0818832779582905,-4.683415121943563,2.1584326172180073,-4.529773824255409,8.514832522761258,-3.755213573735962,-0.07429807789352227,3.22008159097383,-2.1587959051978283,4.430013894749378,-4.775626607868862,-5.905979623927513,3.4243257035203087,5.998897465812106,-1.400681630536605,-0.8155398106001092,3.4526324320958635,6.873157903815886,-4.276125038437334,-0.7910479836449719,-4.576685048504723,-2.0213005480491915,5.734350580147169,-2.776221683812904,-1.0631834993891998,-2.135474452260506,4.18972562398805,-5.02620319057504,8.058362352971619,2.9613566014967545,0.9024329940115858,0.13295424393650299,4.77707208709528,-3.7142471300943987,8.126973528289888,-5.071819911686675,4.254818689042864,8.0349422030687,4.0,1.0,1971.5741811965952,0.1866857593748737
453,3.3495866902652875,5.580781076795246,-2.71950554183646,-1.5654890764356268,1.684841099155843,1.3102571228437143,-2.594875157528586,-3.9020836257786944,-3.3036330422800417,0.23376337641278072,1.6233745885905666,5.404430107283312,-2.7870010299137866,-4.492218516773162,2.3188051819309923,-4.394070719535441,7.75667023126268,-3.6486865358460983,0.04650395722238032,3.295892140989616,-1.3374756123589766,4.4509469405842275,-4.120842443855729,-5.9849130839077365,3.2366017856367435,5.876042977183612,-1.2165803577323464,-1.0075267975987012,3.74723498832575,6.673587091167623,-4.549866013863653,-0.44086638180870863,-4.588050981770165,-2.0675903112680487,4.763564885333476,-2.505711159367261,-1.792309565903651,-1.5505937367071985,3.9478450329033175,-4.897828558793501,7.896070018676945,3.555456555362695,1.1422059497029895,-0.24952954634856514,3.8641670587315335,-4.384032836198672,9.078830813198472,-4.504051565868084,3.8783165712582113,7.70305060799575,4.0,1.0,1484.3752347786763,0.4938390868456326
454,3.6649099860222214,6.918764636128652,-3.045470887063041,-1.8689486214191535,1.937767155203355,0.8455625257254956,-2.28349899356734,-4.0692673388549405,-2.953297396148708,0.5814635291991228,2.2518738013638857,4.901654763841637,-2.5439546878081454,-4.536943103553368,2.2291418297826517,-4.015129898112503,7.743624576389531,-4.35488201129592,0.6204426557132856,3.0302725511283652,-1.1495630566944663,3.5262071589106156,-4.58685552029367,-5.999715867387523,3.064099433774508,6.7508609240452095,-1.261010401473886,-0.4804761906140992,3.3384911426767196,7.219958523843623,-5.199705851169527,-0.6270239921034713,-3.7390893850685627,-2.2188207083399534,5.23065223175536,-2.544114570785298,-0.7201165154667335,-1.5115763251776535,4.151815826418037,-4.9541528913954,8.025243762384868,3.4463420982745947,0.4958671171151684,0.3683423422282663,4.784097881132073,-3.8321048354947433,8.45601543578681,-4.676723429555224,4.222737126724529,7.615377683831664,4.0,1.0,1683.9469398533788,0.5063576222217548
455,3.893101625728798,6.992822939915014,-3.571972880854409,-1.5165945761384023,1.6319071631803868,1.1662347107038469,-2.768310830026047,-3.6474608792131145,-2.9051715515727854,0.1459628942551184,1.2673492768582717,4.826459475344109,-2.0781411105027257,-4.097723115478705,2.111006731623529,-4.782348488408943,8.478664270109562,-4.018141498488792,0.4101040200683995,3.2331543000614538,-1.8219512079786981,4.54967449373106,-3.9976472442248054,-6.541636978739105,3.7584350281278107,5.482784974880976,-0.7534271423887735,-0.23230179079326152,3.8086029322766817,7.710517735962341,-5.592431450148362,-1.0065442363996804,-3.841663473929409,-1.7767267735697676,5.6124269122999655,-2.7355340511110495,-1.2760162302410722,-2.034604386226943,3.427507448169749,-4.882472171698194,8.051716217284033,3.9866014187020893,0.5711872562090263,-0.2918232671851182,5.582427941920625,-4.062185138004884,7.717684079773526,-4.761238717589132,3.75605738050144,7.634835277213064,4.0,1.0,1883.5150543728378,0.42666233863851755
456,3.1688069955389113,7.192666810979746,-3.062554027504833,-1.4690214214103476,1.6088858054198532,1.2606944135757576,-2.488155259835483,-4.2137088906577285,-2.9031501723836595,0.9506204834997503,1.8940080688410657,4.6215590377935705,-2.78906076453752,-4.452597517995955,2.602205781970024,-4.828483573033493,8.28898492060226,-4.368786044927957,0.14132453659106725,3.754856226474934,-1.6175437579693288,3.973292363670269,-4.177169717176966,-5.7086559660541925,3.4761574424019748,6.006466677505659,-0.8697367117626785,-1.099741229408686,4.049511092163747,7.383765391903696,-5.580133443465668,-0.5353852212242599,-4.360737408555894,-2.0657932205346876,5.794988298730283,-2.92255919450086,-1.6011609138986478,-1.554704936513176,4.229651420457097,-4.784927341155207,7.856038734849736,3.0588683885549037,0.5836083247064593,0.07553429694156055,3.9597865801786307,-3.390232891053661,8.537624754229595,-4.370964649195228,4.071419891163373,7.714519156044307,4.0,1.0,1875.9778070086566,0.37597362029649206
457,4.25003391806731,7.083283558517077,-2.705103456541956,-2.2485006881502376,1.2246425007863517,1.2143637222451904,-2.852185367377635,-3.6756093986571994,-3.797534668903938,0.8923682303736292,2.34431745036377,5.777962563954743,-2.802426694659399,-4.640400999843694,1.9692433704539194,-3.9285549728073437,8.339402058141289,-4.296941816971509,-0.02752156102026132,3.300518673854191,-0.8834660020818199,4.336002800908195,-4.234704271654325,-5.8288761674368565,3.4899969682391734,6.5018869446408685,-1.3924277043525624,-0.8830710195531635,3.613849342876801,6.973783717110782,-4.749299596694738,-0.5981552564935215,-4.880979943150859,-1.7464079072939431,5.993659516103718,-2.090751882512765,-0.8106424380605148,-2.147254064078214,4.2768835564442265,-4.825276580738263,7.718286402487004,2.9477563662032615,0.6177215546269565,0.08062627839862382,4.536464789676521,-4.0638808709332075,8.149884572559301,-5.311059282049994,4.012444833782693,7.652459806605652,4.0,1.0,2031.5496943873886,0.3300460001012285
458,3.880318209015234,6.962714493558538,-2.344005741340084,-1.9017359210668023,1.581825019643441,1.1316107037787129,-2.5610620909687873,-3.5099861047251797,-3.6609195745105323,0.7066565358997949,2.2459975762240307,4.887510288284721,-2.5371676936171155,-4.8545959216523284,2.1206984542326515,-4.412481380453769,8.072036447644724,-3.516843822128828,0.6952075577133836,3.8687977242615963,-2.5811947393726653,4.272400015108808,-4.313592418328334,-5.601164384262375,3.6723382324823945,5.849196733907423,-1.141682773854999,-1.0067569403963517,3.456247483019122,7.174284244963336,-5.200231963816001,-0.7399062285761483,-3.8882387732344634,-1.7566217875701335,5.329003970188596,-2.629293921313055,-1.5570156664992942,-1.8920922403961042,4.018377548292198,-5.067370496975033,8.025779828366636,3.0534435467539964,0.9775234616816768,-0.25019415670704326,4.198755088785032,-4.126935018908864,8.977025412350526,-4.708384929890132,4.304857824467443,8.323178455097299,4.0,1.0,2141.9103972211688,0.0923198459102312
459,4.224234010590735,7.281968010914491,-3.2219154216799484,-2.0885025050372827,1.8267285031744553,1.1760714591716432,-2.5810238940694386,-4.111435664484048,-3.363917413955319,0.26686946691789415,2.4062771965194374,5.816754156933016,-2.906163568060898,-4.077614637705743,1.7188306325436142,-4.491885563526942,8.05556604678285,-3.849999218030661,0.24537332638366044,3.8397716370098136,-1.5702640794405653,4.874498033465518,-4.730793889332743,-5.286357564719598,4.043285579388229,5.856305187970017,-1.312780697089067,-1.343597281195874,2.8311982420983446,7.35629504525685,-5.444851961772355,-0.04278652706587216,-3.7385357468183695,-1.8221105546985434,5.18105175542826,-2.260614593190357,-1.3361599500597352,-2.3720588305390344,4.142558558588492,-4.275719046426463,7.577714433689345,3.0078201263672044,0.7612130180529452,0.3542572160860189,4.159841372720151,-3.978342709401685,8.894643022131376,-4.91655210770418,4.596155856417479,7.763851462834385,4.0,1.0,2134.172401650097,0.12186001593901247
460,3.0605929484785075,7.186696485516321,-3.2808855734115654,-2.0083818995914062,1.1715207554314928,1.6783174096639164,-3.3072298681759924,-3.2637021333079232,-3.333211926774762,0.24607915877076578,2.2531541407426787,4.541249412807902,-2.770966778596815,-5.070449899859476,1.6518841784402793,-4.426223516862669,8.055945868370912,-3.835703159835558,0.5076951714810062,3.4975932262009164,-1.433442683632112,3.8322743615936856,-4.574760655668411,-5.684380900730479,3.361452891690541,5.9868742092515,-1.080988354358474,-0.837279539979837,3.057281244246698,6.890334097573866,-4.627569963634284,-0.6309691733232844,-3.6135780557110175,-2.006698974271205,5.157826089397462,-2.5417493429080995,-0.2684979981935809,-1.5923256724296617,4.126329290836658,-5.110861726101074,8.394857796418169,2.8933910668679363,1.3713189404468682,-0.2595161731660353,4.5196041870747825,-3.683538607090246,8.256693451029262,-5.813186719413942,4.532946058801886,7.225335794839267,4.0,1.0,1642.2801725349238,0.48177592393848895
461,3.2093662791434507,6.9440389880435,-3.13197268162498,-1.3825952588658101,0.5838678645032331,1.8452665674082618,-1.7902637865743412,-3.6321326113003307,-3.07321742199058,0.6115345830519805,2.2075378011921787,5.548791677936266,-2.002176592896753,-4.396746667698276,1.7196588604000482,-4.821481169658095,8.2541400783032,-3.368411842766035,0.4784412000921998,3.274056422109503,-1.5066983335807873,4.011663781184117,-3.436061938348386,-5.949912433309926,3.005805882336537,6.408993574756941,-1.1312628354306522,-0.7868926073759916,3.9770294580082988,7.213221092926407,-5.581291318533645,-1.0776572082826412,-2.869716718693317,-1.945404219406309,5.1785018071370015,-2.933003000827925,-0.9435292930043427,-2.156111623928334,3.757774107786994,-5.33340957627944,8.63941990137426,3.5131772643910644,0.9654604771222086,0.005370460686215731,4.57079139810218,-4.185678477626455,8.356098134012848,-4.5523500013402325,4.600299845870105,8.450044284082415,4.0,1.0,1894.413322008551,0.3385499216261155
462,4.393293434303465,7.333803009093785,-3.247052037415886,-1.8978726414099794,1.752304710765338,1.0787981342361397,-2.850850577481317,-3.2197460908270785,-3.7592976124133193,0.27587582928765086,2.2511594262126913,4.3823541456734025,-2.311946661255152,-4.216512002769123,1.7308131712432813,-4.5000392668183995,7.608745057174383,-3.9133023725654685,0.27567501185334986,3.9598363155303753,-1.2863212481822757,4.385193218782473,-4.152121542128003,-5.825053873356937,3.1263127820434713,6.819274824546198,-1.2771114719631682,-1.3256344750132358,3.810819172641861,6.519526494631862,-5.202481140676774,-0.6287578557582411,-4.291615042233554,-1.7762665668974438,5.80264813941082,-3.2528638902070823,-0.815891544048572,-1.8893837071578623,4.016949560673183,-5.281352590002304,8.268201083802637,3.470888880739457,1.2558662726136591,0.13559768524186586,4.909879651301358,-4.344370994709962,7.880907680099146,-4.6020027043828895,4.067717285258341,7.572259541152499,4.0,1.0,2121.1870463114637,0.06317744350723063
463,3.873932284036781,7.6308309796161815,-2.6982673235355286,-2.9595001621248924,1.070958408945636,1.158765769066,-2.9528673143349007,-3.3774580723330723,-3.3834528000749993,0.4075428086242352,1.9589582974893116,4.954667281095536,-2.810396245086703,-4.899760588885244,2.1918196243349324,-4.493320077230719,7.6554751539413095,-4.004094313571433,0.22631826535741065,3.0521155707713468,-1.2399106990521662,4.0513222713794415,-3.4807906205571237,-6.316624900730332,4.144033152045761,6.821978950957978,-0.9621381982170325,-1.187632646469688,4.326309497701124,7.273363097196656,-4.7961034723035585,-0.6618288358670549,-3.7303817863514603,-2.125178382323047,5.687672294387066,-2.6958413810221464,-1.1877802320422888,-1.7270441932708396,4.014480030455535,-5.2645233620228,7.934990148451795,3.532112384082462,0.9745142683834647,-0.534024075766608,4.549428818600346,-3.4193352436407736,8.351881511355645,-4.746002611343409,4.243196321447347,7.50536685173713,4.0,1.0,1913.0821798129598,0.48791075459930006
464,3.004063470523381,7.410987909259103,-2.728748275431883,-2.4431226739843503,1.9039504069108928,0.6403059331459646,-3.223878112844575,-4.088475525862825,-3.5883908614140765,0.3828273908574618,1.9795763761628378,5.511680823778301,-2.197977646787631,-4.532420606972124,2.1389957717923513,-3.5084754113700205,7.648680289754063,-3.5805586348771343,0.5568806765645105,2.9317824334719726,-1.4541533623364786,3.925277054676815,-4.303696368864372,-5.202601863671879,3.5005042591408055,5.739076654510415,-2.271489506701867,-1.6316980961013612,3.5883234764416505,6.3653189810486905,-5.249468215959002,-0.8522825261130991,-4.697570130511866,-2.44655803828993,5.524384333056353,-2.2184817433845585,-1.132588035696839,-2.357933653691726,4.18250360096939,-4.745032591156347,8.921748511124164,3.5557181112797833,0.938610803353027,-0.3399078949703198,4.984458229175606,-3.5775915072167255,8.088614731799856,-4.183933810904272,4.334192796004899,8.869563864994596,4.0,1.0,1714.9172943750327,0.729072876989558
465,4.2981569276812746,6.839186398767038,-3.395385214114987,-2.0714320327089357,1.671055081898616,1.147034857730906,-3.0272784130562855,-3.9447249089523626,-3.5341788887894268,0.3025418885591835,1.7874580108862166,4.820955941579552,-2.370046070164552,-4.747112694508761,1.8154619895929212,-4.683345241255688,7.151190873180541,-4.192255203118791,-0.08199866897194158,2.8688515417676235,-1.3348739110621486,4.709439216086123,-4.267019919389162,-6.5248189351344665,3.731470755876259,6.008633348632204,-1.3892360556028398,-1.1679205221425657,3.2015910299763344,7.549546444538657,-4.622074276971715,-0.24763110899845264,-3.5054284096888657,-2.0997318694305633,5.347142464140673,-2.0668538243740655,-1.0324057856592832,-2.1009608385851624,4.035388588831789,-5.135391803953752,8.09870000063292,2.9025182790759962,0.5400253017703838,-0.1915907406426043,4.527068488902836,-3.7060463933698227,8.165160212026255,-4.957577526180443,4.509931671401407,7.935898932336321,4.0,1.0,1955.8920214747031,0.15187172913382946
466,3.866663869079078,6.565578745937117,-3.214525266443914,-1.9567126699905946,1.7873765086466256,1.0483899152312448,-2.3462571179794063,-3.830461747667575,-3.9977427237867342,0.8598775024620529,2.098546999351839,5.404464272269675,-2.698934493649612,-4.929501763421804,1.7591231318404024,-5.002933293781216,7.596190848090211,-3.8079553031463647,0.285732592814002,3.312173829343827,-1.0705647333298658,3.9593464328816634,-4.348772572945442,-6.383531410208328,3.582027494753942,6.065627328695393,-1.6477713359590236,-0.781753414445705,2.743076515090176,6.6006655225768744,-4.901336236789799,-0.9168285340663127,-4.7120171224041,-2.156942571199157,5.718504735859809,-2.2623512571649442,-1.032529235937139,-2.1055478613876226,3.7699467221246823,-5.243948514444091,8.162345962788788,3.116982051735267,0.5350624286106043,0.11774304575452832,4.5879655559389105,-3.4240336978111277,8.642574718299008,-4.728670929922592,4.180495927162644,7.825449247492605,4.0,1.0,1980.1499970451466,0.1787423468887595
467,3.809277225165218,7.155632533312451,-2.949859922793273,-1.4360793900701931,1.2488759337708941,0.8174828861318432,-2.6685883795754988,-3.896721998820539,-3.5305104419478313,0.7188765511243265,2.1701583402434954,5.043423228999649,-3.1847665515901453,-4.2495450213884665,1.2797707227049688,-4.199610691857171,7.943371213856503,-3.4548889517999197,-0.0853560188532943,3.36148906801306,-1.389210854933002,4.361463553669716,-4.73463967357166,-5.5899694957415855,4.006398685812927,6.695517765327511,-1.2745817242915496,-0.6455009088428141,3.36766657623397,6.988813259724919,-5.347159710805351,-1.0822895224542943,-5.103674272951064,-2.2497994022268273,4.615333202683482,-2.960274170757768,-1.3968196951879728,-1.872085313338986,5.0550618034726185,-4.87714919389148,6.676225909089805,3.026860349386489,1.2097728759768993,0.29643462780702334,4.565036859299136,-3.973331594035028,8.597846926596988,-5.580562094575417,4.193681425669331,7.817074565697675,4.0,1.0,1894.2595540525997,0.33278930751685043
468,4.420123976447279,6.834984696538961,-3.983344627637423,-1.5999505543647814,1.9227898814482465,1.2199259882066986,-1.7119328832092608,-3.3237706733162335,-4.039026132298671,0.7978326691886475,2.419745907872976,4.884092525070091,-2.2216450228017264,-4.336633330977109,1.4133173472885772,-4.309241442413023,8.155758715088128,-4.332238801731467,-0.27726429259217134,3.1758916661159464,-1.3308392467334949,4.2794667952239065,-4.200365089084161,-6.299709646400076,3.687753244484425,5.996953247793663,-1.3515715029925313,-0.5875605063101637,3.6877743724405696,7.2671470952986725,-5.376908397824669,-0.9848118579974876,-3.6317228330387636,-1.9155685310837514,5.103501922655373,-3.3653475409885165,-0.6420335635378212,-1.8388418507633277,4.259454152354874,-4.328508046352643,8.423880567501884,2.6651349168757217,0.15896087630371913,-0.6695396318796276,4.714652738913396,-3.9950424696402727,8.75121130572229,-4.877573736933383,4.4818673791260295,8.61612650861753,4.0,1.0,1883.140525620936,0.7774877329295617
469,3.9453686404372172,6.81383533552332,-3.396197094615091,-1.9503185305578048,1.644558524569092,1.3358548922903837,-3.069794291523561,-4.122849008099009,-3.5586816950751032,-0.5204465404281327,1.6580336478626654,5.3840981516035695,-1.990982503684921,-4.9333831264284616,1.4987999835861419,-3.9607480731939946,8.02428808323489,-3.950721126971912,-0.25211839751408716,3.3744005421518053,-1.8878906173189525,3.725294744671386,-4.082268468108059,-5.741045054741522,3.1669204969903575,6.100187110598973,-0.7282715162090614,-1.307130828383917,3.9659210126247464,6.726456438474025,-4.708733948197042,-0.4851013620131155,-4.3043267901417535,-1.6694371332747566,5.904454740208545,-2.8013016198228184,-1.5297560830140347,-2.11583625217983,3.2690694373963205,-5.221500173723418,8.236921338973106,2.8274763637309563,0.5260876287923599,-0.12126797575024453,4.341410114047044,-3.502250931437562,8.12459901275135,-5.1438937122112325,4.009495068013317,8.215334629804058,4.0,1.0,1773.0114864738855,0.39356141205978884
470,3.8873532774556554,7.524940397309019,-3.284615668797902,-1.730233429361052,0.8525179863459033,2.1635193572405806,-2.4620365318178385,-3.7339353941742175,-4.052669509922471,-0.3406362011583153,2.355808701167413,4.513349196431446,-3.058117713449456,-4.256613312807314,2.2887179348568405,-4.53744733840885,8.383899509465921,-3.864093402357498,0.7019906898073152,3.40919907567945,-1.6164428881569195,4.187934655172233,-4.4265891733083444,-5.85932042286236,3.9732014028678737,5.9654455109173234,-1.8460949453063067,-1.435116409429515,3.058794966631651,7.35560428777237,-5.376478002626519,0.09541402790618225,-4.54682130608529,-2.1917297298047527,4.853576970740237,-2.6110670105594513,-0.4637204045771385,-1.9015357681851202,4.078989317876792,-4.703031778524098,7.499374209659219,2.980038777644292,0.8814615349506444,0.057168207831110984,4.509951597119484,-3.7239236594825647,8.131591952110606,-4.81155981045958,4.787190318658596,8.429221648814341,4.0,1.0,1904.8683478177904,0.5562111178510655
471,3.7126909916808604,6.6206362069292926,-3.2721020097066975,-1.6054270695480362,0.9950848852923022,0.8426690365943583,-2.7787532913429636,-3.5268508837488755,-3.4531654490419967,0.425795065166122,2.2471962697693098,4.60752896400619,-2.404254163942124,-4.023421469465557,1.6037378921770566,-4.505213460910652,7.882468437933369,-4.054876292949915,0.0645214752902386,2.494625265803763,-1.8744712365386027,4.091271442908507,-4.590303912332338,-6.092373854877346,3.7596799313866534,6.505268917474975,-1.1211388026655167,-1.1139703639602123,3.57011307537152,7.6408866848734265,-5.43696622715025,-0.9666839925344027,-4.2665681506188635,-1.4063797281387225,5.521347243930828,-2.1225791085273435,-0.9579002475608608,-1.8946775108237681,4.570685415521864,-5.319723034347837,8.30487307699867,3.755877836374943,0.410686120994622,-0.2819305865817208,4.498527047878682,-3.5375919196627024,8.750941233640312,-5.359702952703103,3.862034683958352,7.884556063743138,4.0,1.0,2098.0118920892596,0.18427894995702207
472,4.3439127059570595,7.0122302758748045,-2.4083790005047403,-1.8499111781053388,2.0665473886751298,1.4901773093664488,-2.390941287422996,-3.601725726743771,-3.3290834853188103,0.866931755093391,1.4831925014189569,4.761755918454787,-2.5204237117872483,-4.408725270798875,1.8375692464662032,-3.7785378492893695,8.54405881194712,-3.5111279294722397,-0.010080249007573316,3.4364543556266725,-1.3483332198400602,4.353689660444641,-4.621572244059515,-5.828481438116448,3.509425365711724,6.739532834289272,-1.5002399473833807,-0.9705572925088617,3.517453294676322,7.111686058549549,-5.268907920193216,-0.6958646899890261,-3.962613043781669,-1.9411790955479178,5.557822645070952,-2.383580722884282,-1.4473679758064713,-2.1915867004554803,4.097360845274798,-5.44526836119095,8.462561971266195,2.934118739884999,1.1498583758877274,0.2190760778108944,4.368568855783228,-3.5223000945275187,8.24631552236726,-4.520087888716606,4.459027125782043,7.8813403233082155,4.0,1.0,1768.0472068162712,0.749601258133282
473,3.523898301275002,6.725451433145978,-3.0820806008753405,-2.068548047081023,1.1591555829655178,0.5813214990385311,-2.4470777814662426,-3.466424529940654,-3.430815586576247,0.2104838976424072,2.1184589529037114,4.537429907859754,-2.1896165276354784,-5.090749289394809,1.8963488222231095,-4.854819210729729,8.51659373613375,-3.6121257181376256,0.4135205075309337,3.187844434214917,-1.5472449523377199,4.601879297684873,-4.441861312488408,-5.945327318625423,3.114752740591037,5.612960177784106,-1.606930643117304,-1.773503367739513,3.4214269190983613,7.460854496465848,-5.390024655639393,-0.10323391430954726,-4.539188511191165,-2.0275166534891493,6.144306511472668,-2.5542176671580914,-0.8584593756220008,-1.868255877740613,4.567689515300588,-4.246902286460651,8.736051796300416,2.8367335370381856,0.8394083083699831,-0.47470763389937254,5.153933656776699,-4.882719533045105,8.131604185613126,-5.002850905742177,4.578723400314875,7.575958850762411,4.0,1.0,1939.5140691909949,0.6800146598683818
474,3.687372971881934,6.43400793164388,-2.290383454793169,-1.7163430612552615,1.328264922532187,1.8803996929961082,-2.57907952492393,-3.6630835437039195,-2.98247510560571,0.37827377828001224,1.9017394596181703,5.152229108458482,-2.4648443355111245,-4.561145846196418,2.1775684555031147,-3.8138105100159114,7.588437917778058,-4.564843591165212,-0.16206602598704356,3.499435324701477,-1.7242251088996527,4.604189172950971,-4.368589635212597,-6.011594905755833,2.883673915664821,6.119039920378106,-1.8887197158628497,-0.9471440473495086,3.1403167361502575,7.236871504503286,-5.849480559553033,-0.48985333906313666,-3.921192435834886,-1.2656909546071589,5.55826625269684,-2.2752468561367074,-0.5703283554890998,-2.2307016748688033,4.307050230057454,-5.5931828231823015,8.074213335398335,2.9637875545920953,0.7192612676239055,0.34828879655127876,4.520455969920708,-4.194798649581432,7.783651396420368,-4.985520037234007,4.131628853276556,7.943204378920944,4.0,1.0,1789.8163530682286,0.2797363852789852
475,4.162951908195455,6.671162187068267,-3.163154587696248,-1.7705989181361919,1.9211276808773607,1.0771224833098043,-2.820867070578902,-3.3010271548108125,-3.2717179416666755,0.47289530302326643,2.183206099162362,5.060394662824072,-2.538332644968273,-4.892301518107579,2.4508624094987286,-4.150377103419739,8.54400190331688,-4.81871232732369,0.3442065625226635,3.2096146409118504,-1.256455298027237,4.289793237340545,-4.201343810653526,-5.506306697795119,2.6002562703127707,6.097234502833575,-1.5398002307663794,-1.3106670860171412,3.680396729995154,7.115405951654858,-4.912014153633313,-0.54227305068478,-4.665138771782542,-1.5196903107773752,5.17508879257417,-2.0773919113732555,-0.7698770442302587,-1.9268601570640465,5.323086971057137,-4.399493954678202,8.335650947106705,3.92937326787566,0.7010825292503005,-0.31857761127896067,4.4436764418767165,-3.007324651998962,8.655396979018423,-5.172837857417531,3.788018911360398,7.5793666706476674,4.0,1.0,1831.9342187178054,0.540546448194707
476,3.637090408092417,6.761295222811884,-2.884805372695537,-2.272089977175335,1.6255943946903866,1.582302276627442,-2.411799701952144,-3.867788348322139,-2.8261881771246555,0.4216518514523823,1.8616624890023774,4.991430437484624,-1.9723748286306277,-4.330638069165255,2.0319825777040106,-4.625827061770091,7.994332598579986,-4.3891540522364245,0.32260856845680824,2.983061371320064,-2.025046860500161,4.097493593520047,-4.162774410946624,-5.715589383762192,3.319767322965517,6.016653431370165,-1.0059512118164071,-1.4577130914166827,3.533618041313703,7.025330640024728,-5.007799272380421,-0.4604249879656238,-4.257960657835154,-1.7024305236278006,5.053019358575366,-3.118549304278624,-1.1617157870822337,-2.05706143430235,4.601145022610374,-4.353478853689188,7.5679343305918,2.98506529511638,1.1665070267846689,-0.5508977859412708,4.795918781875699,-3.674254147121441,8.350424074382339,-4.856667682129252,4.156043584271814,7.492016356846023,4.0,1.0,1763.4502240303052,0.10126382667278931
477,4.429397913521163,7.420797001779939,-3.4826931843969335,-1.7042241869947894,1.509970002843651,0.9460812984773497,-3.2527020996222036,-3.69236684213186,-3.5235027687246965,0.4195173903888794,2.8302155275614775,4.69135114283179,-2.772088304658973,-4.6963815170429495,1.8520233058395408,-4.858176263193407,8.030774773945696,-4.170225863021063,0.909547564466952,3.1226347884795356,-2.2456939996302245,4.390514298861036,-4.769031063306167,-5.668547072673551,3.3753717118155677,6.102942846838439,-1.5256795307535005,-0.6312368480954373,3.59767334992506,7.1025741561638185,-5.535568922563079,0.2995879647671571,-4.333549230017841,-1.2019843707846152,5.783194347298426,-2.563503214696315,-1.609078895030215,-2.3002939762928385,3.925681241781013,-4.833529800427236,7.112892167316082,2.907697564191439,0.8689497190934017,-0.041861305523139616,4.737208885595084,-3.3379985592788457,8.137788696016859,-4.809645034709808,3.842500135073136,8.15484197907104,4.0,1.0,2035.7381735070398,0.21750605804373102
478,3.9952833835052988,7.494991982970067,-2.820622027698245,-1.6549053781140213,1.1383947909526977,1.1546258446732645,-3.52331146719522,-4.026973891861999,-3.2050516910143325,0.5172266549810427,2.703329539360012,4.409299321213059,-3.4509127870842087,-4.460425310176167,1.7133692895564356,-4.284605961620518,7.270929153691509,-3.7580467164872333,-0.11599605175657512,3.597145319061712,-2.150780962918102,3.6852823497963474,-4.0555953934347535,-5.967325120212773,3.439205158505537,6.963129447421855,-1.0785427273638124,-1.2964298508158238,3.1234648763291113,6.884650694157556,-5.070379312519965,-0.6205639321160898,-4.07707770840975,-1.7611950654557602,5.650833164049496,-2.374992802137909,-1.0639304452193865,-1.9990969811577692,4.744390115846373,-4.410229136340928,8.506085531087303,3.3247169006505275,0.868341737413266,0.01066987129238657,3.5779858391861428,-3.8492264277451516,7.8249943166161975,-5.016418245445622,3.9021390374207243,7.670263342371287,4.0,1.0,1715.351436180621,0.4152772719548472
479,3.7570625409072127,7.098990326911324,-3.2225858198850506,-2.301165058354285,1.4846762971055993,0.9003154127315831,-3.0930840121306504,-3.508930950205578,-3.6098664172973907,1.4792650737414426,2.3501600968255323,4.990113233327049,-2.6342145587147248,-4.587216879628093,1.6828734062942154,-3.843578481961842,7.782719182497814,-4.566376536634452,0.5500700100378881,3.1106358880178067,-1.3696381084606521,4.558193050481749,-4.531407786465072,-5.3538593860603525,3.6446465699243022,6.439607252540868,-1.6444334663615587,-1.6409215324433806,3.570305954789694,6.912713003499466,-5.389303156911948,-0.08823021298301714,-4.080003937677778,-1.4180167133309172,5.964896415370683,-3.1141160065995637,-0.8600209088287611,-2.1049337684509255,4.054225959816781,-5.077317293324372,7.887663635593459,3.658275077499068,1.3323220102244218,-0.43950475457800203,5.3329087375677755,-3.308840302869405,7.742189517965665,-5.533399421056584,4.747950495137232,8.085686262592613,4.0,1.0,1976.8410298837362,0.5182330308736801
480,3.2231856742019147,7.291629254833729,-2.5111701498359027,-1.6022511522403562,1.5597436301357632,1.3957149341721882,-2.5093710765551323,-4.208812143642145,-2.9878440262783403,0.10252546434357934,1.9501870097146023,5.312270118942918,-2.7198202585377946,-5.435133388438318,2.1060516419076443,-4.778566936460769,8.67251083352503,-3.8555976867165938,0.3049400127753363,3.0509612695951907,-1.8408661051199768,3.84929753239026,-3.805819898909509,-5.671680420712341,3.826219429119944,6.360944888684169,-1.4594939427098859,-0.8547279974218309,3.411869816776837,7.130573696223316,-4.577419663086177,-0.6051723181325624,-4.642820493136699,-1.505123328993687,5.277405660211243,-2.1678127349525553,-1.1759323127397616,-1.7471028725951885,4.462685086075647,-5.0547219771916065,7.873251483746519,2.861555825406146,1.178177882307611,-0.1711733305261942,5.08930014819947,-3.5594778116380303,8.489126950833132,-4.851871000665052,3.8771339128745184,7.190013280865658,4.0,1.0,1897.9099778955228,0.2883160147900111
481,3.564799599926055,6.545271231785751,-3.192074112326241,-2.7157228356339393,1.1799129877593566,1.0652916619581612,-2.878269649758686,-3.54855251479724,-3.5805533067650033,0.9782269641511272,2.272401796912305,4.547761211692867,-2.774344003783261,-4.079727060985614,1.3286509424972084,-3.906161416425607,8.288742938854599,-3.887101269473268,0.31198403893164306,3.3588189423862365,-1.584512452862656,4.034933248971022,-4.013981009411959,-6.045617021159402,3.708461730981702,5.477719570896586,-1.7102611364671807,-1.0467592149612663,3.419562298929577,7.295798361148935,-5.168416438537044,-0.6502339959836521,-4.506481140941733,-2.1523734631771885,4.571604181108174,-2.4302190482610926,-0.7909835174065434,-2.2037059984927687,3.8477424203650474,-5.464669523134302,7.772595300019968,3.204219803162037,0.41230429419174053,-0.11274552532401783,5.020221535754304,-3.6899236773988933,9.270854824139795,-4.469660235594898,4.413985578711279,7.276994659969302,4.0,1.0,1760.6200303604533,0.27530056059767166
482,3.762742981778563,7.256140925809989,-2.7892199603967915,-1.5049248805704742,2.1165005861250363,1.1197434887398174,-2.7140467100237893,-3.9736766759216646,-3.822257553577106,0.21757650265042477,2.2791219435511114,5.252810325551538,-3.0717506721521874,-4.488246143358953,1.9975837413282465,-4.802818796641365,7.7472563143354805,-4.201574681668082,0.17641272806787597,3.501395525754758,-1.7342406761891525,4.598211893905259,-4.821550420813958,-6.022970184133583,3.333580228949207,6.492933038722126,-1.3357632867133218,-0.9447911114363717,3.950637081353054,6.127065500099084,-4.550138676444721,-0.4615577487589727,-3.9163621329642515,-1.6714825562829994,5.182007704887836,-3.0250287224979324,-1.1641106816059232,-1.4756664418111476,3.825394072811809,-5.0772931051538315,8.285643815017243,3.790563417907053,0.8964694330144123,-0.24887347709553898,4.888001549702507,-3.6344232647853794,8.126362487917392,-5.089987327926356,4.125612145635129,8.091854724499369,4.0,1.0,2047.7468436486458,0.26098584531231905
483,3.260471807160153,6.168658009391354,-2.980202315895067,-2.251978220346787,1.340744634086299,1.2261217204989239,-3.0819994063903455,-3.2632529429124677,-2.735748795233306,0.5512395213389649,2.239631514847199,4.900979789956823,-2.9334474482306936,-4.465001008062182,2.478892248901933,-4.2802513722208895,8.261177545527923,-4.392054432729921,0.21156768550652416,3.7521146187130503,-1.9426239774712586,3.8939944859093316,-3.5457904711046777,-5.911902545381124,3.3696917579922694,6.1467715648769525,-1.6281912905292828,-0.5665496030475003,4.130940020592829,7.8894261311675455,-5.114168217502924,-0.0053033509750815,-3.7070666664064533,-1.6770578621474743,4.602322962557589,-2.912621372421678,-0.4259487962596422,-1.7288228259688043,4.692501064060979,-4.939302582333756,8.520920935493244,3.0088546645820937,0.7789604740610857,-0.3039148722697651,4.723360642787978,-3.2318012322049783,8.558473259297083,-5.428465251579675,4.580666494019774,7.716762646697279,4.0,1.0,1877.6475763435483,0.3550735382254896
484,4.093121873078832,7.310351977478299,-2.9879988329205838,-1.8523417784152694,1.1199954665300333,1.9004060046820572,-2.7574132223882146,-4.543332357177561,-2.9040465660115458,0.5673887341351271,2.495673569965155,4.590576451685564,-2.2828902893656604,-4.134187099561413,1.8042184376745278,-3.9360410965789887,8.182349639687997,-3.3697451822152273,0.32154740933683457,3.081490461661316,-1.5912341232523526,3.9347467729193513,-4.217197331389129,-5.97233248090466,3.597116801192941,5.162107475968675,-1.1164512052063953,-0.46854216189879627,2.805380705319844,7.3033206062937435,-5.447601809321959,-0.8416882151375908,-4.728717675463507,-1.884184313543374,5.031757041591136,-2.429359967442272,-0.7611679603541761,-2.203486792349029,4.143473996237526,-4.951885902777953,8.14691398772684,2.75321437481822,1.0666920194791456,-0.4860422398578454,5.286339058398508,-3.9952919187209353,8.410861620882187,-4.781202752569854,3.485307992225228,7.739953409404568,4.0,1.0,1575.5367506203047,0.7303115526388049
485,3.4683821861598854,7.229086812426088,-3.293839143066013,-1.665419197322424,1.7773591967217408,1.2877933490853792,-2.1701716688183765,-3.574913398658134,-3.5433633680956076,0.7125080175569098,2.2018126518989427,4.7436446125667535,-2.0491536585385424,-4.866997230901703,2.0082288319524135,-4.171546484448469,8.094974140293203,-4.986391164835009,0.23889482413812246,3.5071071943370207,-1.037944156677137,4.80400540023681,-4.1248021626019495,-5.830309990312079,3.8161877139776674,6.324785705321978,-1.528047848041567,-1.462240916793697,3.613431762703754,6.997677603197405,-5.352766041082321,-0.34069248991405654,-3.998725157759249,-1.1489416819689426,5.276374082315333,-1.9837668402067745,-0.2673686609088777,-2.3585939771257216,4.203991853900172,-4.87598717078234,8.435673330576115,2.7144558306444986,1.046605373368708,-0.03026193601414382,5.1939878189615944,-3.8917020862449,7.954485126610591,-4.574321891187176,4.012638325176686,7.475820561408398,4.0,1.0,1673.9424128622766,0.7890676431880274
486,3.8640310187451057,7.231601418702656,-3.1222212996314656,-1.8299435224014584,1.6456766466899764,0.9982226023749616,-2.4779911755533996,-4.354322508111838,-3.5675342716150893,0.3386167261254547,2.356257090086539,4.872918458965715,-2.4921329415243045,-5.246083803106953,1.482228834124792,-4.510286576525776,7.9017649699742005,-3.6199107688944805,-0.2740115205878926,3.5949806264531285,-1.5124739154937248,4.12103332617748,-3.7950058187565254,-5.652191183426386,3.8018079836267047,5.798962094202806,-1.6425669723506313,-1.1824431744127313,3.226942580127437,6.805456555629289,-4.829145801010541,-0.7816141979346793,-3.9377708398156503,-1.4926341350120742,5.943887439248564,-1.7480017809876294,-1.031100970080005,-2.0671432490167887,4.078622248296338,-5.053762225211789,7.550590690770556,4.049445083854883,0.3622122182052202,0.204880389046536,4.161441281124977,-4.29064954426004,8.119647556889765,-5.406523407131463,4.339998487015646,8.008719695660348,4.0,1.0,1695.9466274218605,0.6464408321230526
487,4.425331256925572,6.614151096890649,-3.1007439798819467,-2.083523019292447,1.7235412501749905,1.457581313045532,-2.928849424965072,-4.187415014840263,-3.58934874404893,0.6018940211677797,2.346746573132151,5.721146981479283,-2.2562677394645916,-4.829161157689692,1.7797717088823712,-5.358216269549957,7.078606159321001,-3.424071299669479,0.12194844740234351,3.79554917844672,-1.7623067021070047,4.179077251191109,-4.3040529066232365,-6.179277555242747,3.8521800465013945,6.157973229879792,-1.258442562687397,-0.883781760324408,3.5275799401437498,7.194101636200944,-4.309828480698662,-0.4493835057183176,-4.777677091882121,-1.2131623216576806,5.566892093640819,-2.145147449914409,-1.3399516150593758,-2.371505422446635,4.478085625101671,-4.947583832209534,8.217091217111882,3.6656023829073012,0.6550452817917204,-0.0028564457372606683,4.251910776246624,-3.964708056952662,8.36421874173377,-5.330419346082438,3.958936509576769,7.9522454416801205,4.0,1.0,2060.1860095639595,0.3556320624502045
488,3.7234923316059305,7.494999403739815,-3.1467574118734563,-2.2817533393404923,1.3920523548300576,0.8295501055610612,-2.899291090461649,-3.7717456556384708,-2.9328098155011504,0.5795890720225428,2.3000585867372725,4.79003744682406,-2.540920363253989,-4.707473852533291,2.033397037425126,-4.3722328918197455,7.602925465054441,-4.273471546602182,0.4302857963058736,3.323149051576249,-1.3795898224976184,3.9073790497334966,-4.801279639354913,-5.723056163465606,3.8195089219999905,5.426210258260008,-1.743703864852619,-1.217580644388102,2.687007973104629,6.883025495804467,-3.839299878512466,-0.48696325408226965,-4.0146480249000875,-1.3701769975028244,5.268116014929114,-2.48517905510434,-0.9319703265065252,-2.0449506581072043,4.32152088099421,-5.192916579204836,7.297747460358325,3.2497531813341833,0.7651707546922922,-0.16821234857257011,4.752918931936204,-3.7417222206017646,8.365132126447815,-4.927659651970155,4.575546987313021,7.731057494036814,4.0,1.0,1577.4407116611487,0.4350023304752768
489,3.258067675023068,6.995378583688317,-2.970715904828317,-1.5055311096584358,1.5563699270310594,1.522963402451988,-3.165730773037165,-4.1745024010160385,-3.319710733777013,0.02283825419613833,1.7887668428992847,5.28814930256832,-1.9787874102908551,-4.497715647102224,2.1214949408437036,-4.359931846284069,7.832152904343253,-4.119854891852424,0.9418739602338305,3.1432237206093214,-1.9872113708619445,4.4727643845542895,-3.844117307848009,-5.803474090581596,4.063521948745786,6.440631124667365,-2.058985257488794,-1.032885936493989,3.2212112568518347,7.532265541137612,-4.459866101385327,-0.7435826325035015,-4.122775881299875,-1.9976176418322074,5.847805487476232,-2.0870542977606057,-1.537161793532655,-1.831115117609877,3.923348607126035,-5.032296228084776,8.148654174616182,2.5636177800473696,0.5661726974296033,-0.5055437242236305,4.800811625249625,-4.139860365806259,8.126749710277847,-4.47488044236864,4.066490506577483,7.26679144279972,4.0,1.0,1852.0979149228947,0.21152271917957563
490,3.8041632777270795,7.023380082760899,-3.0478062302194777,-1.9159746005535927,1.629633871699698,0.9979864013632296,-2.8513355862531635,-4.0613210490115845,-2.9263149384419265,0.8297137450469853,2.251990245887797,4.896959731362169,-2.0970577967468365,-4.657267509314329,2.320137042159829,-3.697459366728038,8.007174826381021,-5.289711028912571,0.29190821282800633,3.2564029344329253,-1.81348209140013,3.6053698314656795,-4.084506868349287,-6.075997253307536,3.93640302571436,6.0211333685895525,-1.5116326289099744,-1.1972943864625083,3.0237417357815466,6.756092043940535,-4.566507186879648,0.057736185734481915,-4.401366842946324,-2.1855034190458804,5.165715365489772,-1.5501625984995044,-1.1218963854487467,-2.0378601413724473,3.3888760202833144,-5.184469866801149,7.7130818206497285,2.870511661378255,0.8686077587335697,-0.47500649588025684,3.9963798204292678,-4.183874335623787,8.916185945439137,-4.695666229296122,3.236582681806659,7.71107191006412,4.0,1.0,1580.1354905822798,0.4903071349990916
491,3.981655206324666,7.853070484861933,-3.3639027829053054,-1.591926117305572,1.54288656894765,1.3118440469931067,-2.4654797899774783,-4.002192681843805,-3.288000893734891,0.34897712676872406,1.809463885278954,4.754015540931217,-2.2835312835919406,-4.665115009274327,2.370339414940108,-4.606830465526567,7.221685907217261,-4.486719023099877,0.8233162276592105,3.1314258922530227,-1.211662456162112,4.228909716132457,-4.451145477370964,-5.259884668349263,2.815426027405522,5.523936584338936,-1.6776714413224667,-1.0567718957967271,3.218278659862603,6.708649672468963,-5.098224589331334,-0.05676988258048038,-3.7146532789146542,-1.6549512978318814,5.353693115059038,-2.7131934073830064,-0.6847253565613285,-1.8951041519854916,4.160400664845514,-4.355049719913102,7.768135017656719,2.932093968169241,0.6858829086106104,0.1517752292439155,4.820829184128865,-3.9678564065013693,8.315748153519655,-4.696958756731782,3.5283107173500166,7.869351990281524,4.0,1.0,1797.7138187482349,0.025068095433376226
492,3.7804487335163635,7.081254355736417,-3.35230090091826,-1.7919568009643694,1.500842219732208,0.7962000442243248,-3.381920427241468,-4.267133607688462,-3.0076265854268653,0.46107629614318957,2.101585640964247,5.000884421571643,-1.9161968121841249,-4.64476622354811,2.3764018534185336,-4.701349421977519,8.47167106534944,-4.181172274931712,-0.05363499678065431,2.805374761981643,-1.4595700967168248,3.869066322898486,-3.9802885634606184,-5.49198369203632,3.7153747379741273,5.76715558875481,-1.3093239405091133,-0.927191363632985,3.3920478288318883,7.521713140663098,-4.824745022022161,-0.5192719790390875,-4.59322891017376,-2.0682217614454657,5.779966893555839,-2.699854429057425,-1.1927155218675312,-1.6865167700902068,4.253790022548241,-5.142132149802498,7.459589995283201,3.541314821772212,0.6188665237734658,0.40602800725851634,5.2957665429189245,-4.5192174730398005,8.907622903499156,-4.904462478055496,3.813537423672616,7.524387360181314,4.0,1.0,1941.4227107925121,0.5434405563334199
493,2.805325256287638,6.991062711939378,-3.7063598662221504,-1.724574943044234,1.3798361607953906,1.3940852006636522,-2.8550402817911653,-4.417439453625874,-3.2143553849867894,0.24895813553707552,2.005722664266967,4.695070500859059,-2.1606725041571004,-4.348233214230651,1.7493809525979196,-4.546250705057023,8.031882462695538,-4.258737038719715,0.3579690722584773,2.534188828323825,-1.4446458516890042,3.7615838038331466,-4.236842718104819,-6.268372605105238,3.0220245923637328,6.16269573479251,-1.4005711747073482,-1.4770015733325879,3.2572481664902355,7.1109358448640005,-4.344038677885753,0.1191246536595042,-4.160858253499051,-2.116359279771157,5.747888127584182,-2.818158102849549,-1.5478901223845671,-2.045348500486889,3.8703302584889343,-5.542402597589601,7.539788906042914,1.9964216994210606,1.1133975330916628,-0.6921377432241145,5.007515462130459,-4.030475350609177,7.779090569122165,-5.7709578558481915,4.095123511838086,8.109693292800657,4.0,1.0,1869.5664147561652,0.12587195205059185
494,3.528890151042551,7.004211246885303,-3.64329915137106,-1.7497669241495994,1.5586775822567702,1.409475478157717,-2.604246055983272,-4.338397584951537,-3.9667397493774614,0.8377419898033658,1.7445592940559365,4.675130027078389,-2.963654012997767,-4.609321675915389,1.841414121682283,-4.108060183264066,8.068505653765234,-3.791200105406336,0.17901750625120952,3.2929226075095706,-1.518914065303147,4.174336081143943,-4.275928151844612,-5.68740908242404,3.7879213845982456,6.179968022979829,-1.229520591171793,-0.8716532011938587,3.7463266260682353,7.155015975635373,-5.149054499169395,0.1550542351818065,-4.292572806564733,-1.4943237101749836,6.092213362759707,-3.4514370269604284,-0.3275565519563369,-1.4432220543079075,4.331205569859683,-5.383034789924698,8.288980011037152,3.1897626645586468,0.738597278988564,0.7727867383996595,4.917472868812286,-3.1289088103482134,8.318231655035007,-5.1220829169409585,3.657089008981325,8.323128358971712,4.0,1.0,2373.3117139494034,0.037899199493939675
495,3.2394336781070416,7.059555403937742,-3.287863213958889,-2.429797469043804,0.8846852612064507,1.0113110716904703,-2.43762434216338,-3.854957810145898,-3.6782989813866567,0.969714077513296,2.1137626969603587,5.0545193376477675,-2.5811183016240147,-4.823973660783413,1.6835065360827315,-4.313009832381483,6.999781561112646,-3.675509685439006,0.3095705702421411,2.920846888595838,-1.3642863094013813,3.4939532241517437,-4.974344962269266,-6.231046092642633,4.131471827727498,6.6264126351946855,-1.4230610838490723,-0.7945689360925842,3.6669087774469316,7.385964870734077,-4.995685490606502,-0.31360427474757013,-3.712467413547629,-1.8889248379307022,5.32214357426191,-2.3695470594014876,-0.9516106548159858,-2.761766507567344,4.022680339714635,-5.168087199757809,7.5975146841566055,3.125780832468741,0.3719707849524985,0.10471602793067686,4.858159400683686,-4.098711826994088,8.044735335053263,-4.609469551096041,3.796065174698618,7.685924929066321,4.0,1.0,1790.2393783729526,0.18393323901681324
496,3.645717002457553,6.4221094844449444,-3.5774536594263697,-2.2206687512664036,1.2832179122751752,1.3756098614640142,-2.562214975011815,-3.5882615157361513,-3.243770340418003,0.709609709444982,2.796664977640058,5.267717700501256,-3.185531536757851,-4.857211237889,2.194823900011779,-4.1289177165742625,8.096827701046928,-4.149032458171786,-0.14288565250567908,3.8283890369984475,-1.2691557268133982,4.173817791281495,-4.0006567271752544,-5.679313227443041,4.160281413535249,6.2891069125071875,-1.8975705163748318,-0.06947190470150388,3.6084401437019062,7.424886549058016,-5.3821715101587,-1.4254101450455754,-3.367363874949019,-1.935811952360145,5.250568538645797,-2.60490494779824,-0.9053636191244424,-1.9787835651729968,4.117261900314441,-5.52723762446061,7.808318783730587,3.485320621537221,1.1992855227390777,0.8005216670322206,5.075270435541212,-4.215555108764284,8.475175557120947,-4.436657060968793,4.519726463513493,7.563591707705802,4.0,1.0,1983.350526598712,0.409298455253041
497,3.5223741299934357,7.28801376952192,-3.1459842709910935,-1.1914250971441027,1.769394972813828,0.34306584419469066,-2.854994943444118,-3.584712565139037,-3.258308302787013,0.4744427891802243,1.8829769296928136,4.969771455148744,-3.0317307207791258,-4.5092317047077985,2.090677418896038,-4.977790945198934,7.777649563828541,-3.7480241845898927,0.241783525782672,3.671329976476516,-0.5756917750136126,4.120875576509691,-4.131820147390913,-5.973762074430365,3.7800403271069767,6.308284717850359,-0.7279461307710116,-0.49351853096142817,3.1263671343819937,7.324021374404269,-4.921636410532742,-0.2686180791202094,-4.398084944987353,-1.2586647094180254,5.318794640424015,-2.432330956180785,-0.9360644825659684,-2.257382863403254,4.244303786595463,-5.012358577580721,7.814925946808061,2.919920578772608,0.6529103246896953,0.017229194299608383,4.346418334925263,-3.5888858914726405,8.369456161691975,-4.543921496532485,4.2774978116595985,7.1815343896737405,4.0,1.0,1788.71444137131,0.14054492945060898
498,3.597664554307835,7.015823313049432,-2.5124685533377735,-2.164356638148328,2.3611708835060954,1.5885830974296913,-3.218287679284396,-3.5145995929636635,-3.300389527290327,0.4532766191737504,2.22823172498853,4.8132912171098345,-3.035946036988786,-4.625276586929201,1.624871788671232,-4.706720513151253,7.746703713305025,-3.9949508230687005,0.7132309343156656,3.508781084423793,-1.563999999776487,4.159313090151242,-5.314836071241121,-5.688111044371603,3.8816282930596766,5.863482711507388,-1.4639299009037878,-0.730663695217965,3.1637764795013057,7.4218242580811475,-5.396898279555246,-0.015473840414540696,-4.868051874946661,-2.2725638467931066,5.024007472006161,-2.474451320564317,-0.8299007130390654,-2.433726495558785,4.1406418240652,-5.8100367027255615,7.531403499536807,3.1511336736197495,0.7240788023371569,0.10354081691426018,5.2167812917814835,-4.228847579164552,8.696527162884083,-4.736044124681624,3.754237001775035,7.414614257463196,4.0,1.0,1866.9826955394726,0.6789145691036522
499,-1.4334789236930372,-0.7538225554896401,0.21916916625733762,-1.4967543255585705,-0.024469678043165022,1.6845113594420988,-0.4806198634225547,-1.4942013942266712,1.9950034858286108,1.0836942914894307,0.9204398411302268,-1.8735248161425293,1.241354808791948,-1.7940127041809397,0.2848712123348549,-0.6422377397435235,-1.1286941123379064,1.0566526420496656,1.791030203432117,0.8244092606127364,1.7265861023190952,-0.24448130517923117,0.5076695963796936,0.6691694286286816,-1.686249471728316,-1.7319285991045557,-0.06644759185026183,1.541037423878076,1.2046897794486369,0.9642577211300867,-1.069558725750742,1.7658481168599227,1.6915034697847426,-0.08126114644155846,1.3488559760207508,-1.558687754588441,0.10651577827894165,-1.4170400124432674,-1.9125962090028459,-0.560124460945536,1.2558177018853742,1.4514359426588985,-0.2067886761337796,-1.582495140970178,1.4968804465084133,-0.819782497862866,1.212839964581201,-1.4071078227495422,-1.357991248247044,-1.7312272374265896,4.0,1.0,1.0320435823568486,0.2804086442395032
500,-5.62582064338897,-5.96759142109603,-6.9913990570070395,-5.930781925647267,-5.174591815385084,-6.295876600892986,-6.069803655629146,-6.883480759241723,-6.873051426191514,-5.78545643072188,-6.598119195780118,-7.8311215563019125,-5.711901439113637,-6.434181692141394,-6.7292396504344545,-5.796290711420489,-5.61916050081393,-5.3150009311396555,-5.3853368448940575,-4.794915751853677,-5.298341016288244,-6.538932632927719,-5.77596770140363,-7.040494313081941,-5.9773414529575675,-7.313699831950298,-5.021950886569898,-6.063367189942886,-6.012089021366753,-6.837785651938771,-6.357623495799353,-6.257919646894274,-6.240905312146667,-7.628283164649799,-5.374622676668446,-6.206717585404813,-4.82182376247521,-6.566120599465091,-7.440375370619383,-6.494464462239644,-6.950348488774356,-5.743409366164769,-5.9068391813308345,-7.409365640768683,-7.275299518823072,-6.851618315312333,-7.308149477296087,-6.515884444829464,-6.3038612817464506,-6.101470828844565,5.0,0.0,5675.523688594922,0.8995283307913885
501,-6.610442514777739,-5.773904627636086,-7.067881601736022,-4.878381164793924,-5.558412767494424,-5.524942503369663,-6.076477778504757,-7.2576271971186195,-7.507909545202338,-5.964763734756965,-6.278162827960647,-7.002465660403651,-4.236811880906878,-5.818341514145351,-5.54736556559825,-6.169666668912201,-6.290757953032123,-5.37161297685807,-4.841365617109839,-4.883016602501959,-5.848192914988308,-6.7436358855689384,-5.419982412879547,-6.779446277656277,-6.342066416869451,-7.1864642414791415,-5.182366698899677,-5.811783527483541,-6.790760614515207,-7.798579862242461,-6.905063911901108,-6.675773365387177,-7.521417421279066,-6.937503068966599,-6.2639003107695235,-5.789279259612667,-4.76231778241834,-6.52672294824794,-7.726719082550118,-6.3152741185854415,-6.578510503748873,-5.7958208509254945,-5.911306090250468,-6.63468283275244,-6.43361593685478,-6.718536766946991,-7.2417102082384375,-6.1799175531098225,-6.259128352741886,-5.308324140036124,5.0,0.0,5568.239144394723,0.8075929650884951
502,-5.978516278539841,-4.869998268226988,-7.703563183150697,-5.0480692472543724,-6.128476949613639,-5.463450917170794,-5.940713974815802,-6.982455555176465,-7.408797196401995,-4.954210535649035,-6.254965390790086,-6.08015018703336,-5.554795201111149,-6.349095821302455,-6.223352404910926,-5.906287994669369,-5.686063068311525,-5.756565826866224,-5.044659112071144,-4.84127979338215,-5.646148196345458,-6.686772141877423,-5.328640793766796,-7.595030499161382,-6.7999667522640435,-6.755650851193415,-5.947228771699334,-5.566694037882785,-5.85292604592375,-6.730434284424079,-5.437350688311474,-6.971432571760782,-6.776437356087853,-6.8592322835907735,-5.629361106469707,-6.554977646023514,-6.026248962388061,-5.969503500034514,-7.106298540509143,-6.659622561749938,-6.939531735456693,-6.175349189899315,-5.885344698638405,-6.480566494169852,-7.252738983946432,-6.839665683906463,-6.0889356842769535,-5.5803273515023,-5.376536357757803,-5.6866819709292535,5.0,0.0,4913.858138421598,0.835333409318083
503,-6.609823356789662,-5.815610112455173,-7.11825032874068,-5.721502454290559,-6.1610403714231,-6.391478157949254,-6.177416477064145,-7.330278981479997,-6.708916036681043,-5.06498228072186,-6.118515595918939,-6.417638299921804,-5.835606284906957,-6.677774915675639,-5.7810975668506766,-6.465127072483448,-5.674509619557738,-4.915651782118291,-5.138228144889521,-5.786958651194567,-6.165888749230789,-6.480302283050351,-6.356557960528935,-6.295290860706417,-6.383324504435551,-6.274045550867196,-5.941289850399394,-5.8228827149891575,-6.001047238429866,-6.769573299291966,-6.1505798793296975,-6.195022667953746,-7.501752489876142,-7.149475106837807,-5.45525900643461,-5.607545044746803,-5.313195291161343,-7.014817306110952,-6.318041803396345,-7.059580201538065,-7.00865685272189,-5.257818142716444,-6.063254395636053,-6.557116492823127,-7.0877339368313725,-6.887809080782171,-6.938136448508767,-5.799832858207491,-5.739476068517272,-5.127444008876608,5.0,0.0,4997.249803595349,0.9468302231110527
504,-5.617774844973059,-5.241003431293679,-7.204530817286205,-4.946413245319985,-5.653882584904026,-5.762776285176092,-6.014217754896114,-7.204517944869098,-6.830574268318588,-5.669773184673255,-5.062903182243669,-7.3193484950151735,-5.604959945724453,-6.771360678509355,-5.6011148327316596,-5.841005961279505,-6.843057279441648,-5.08330731366,-4.820500205068743,-5.211570855386635,-5.304288520042058,-6.377829625466825,-5.169939282334618,-5.75506111074697,-6.157621374285557,-6.989392696546082,-5.74311201772983,-5.787561321029214,-6.069982205394783,-6.32862243072474,-6.038845195085311,-6.709180892118796,-6.838972750604143,-7.502125333358608,-5.788241286810302,-5.634274260725806,-5.1849029809297615,-6.5126549213592,-6.88408539526227,-6.7465829216680495,-7.176954599028384,-5.260390570914014,-6.103458336109153,-6.8535814892641485,-7.22726527521031,-7.519610363497275,-6.673571661960011,-5.721130858052748,-5.7299681940995555,-4.86780048507758,5.0,0.0,4499.475715773793,0.9049082869543327
505,-6.411978866608582,-5.548461502149937,-7.335276834499513,-4.331397241854659,-6.068667105282467,-5.668838886823241,-5.144931033128823,-6.614425834994012,-6.753474785065731,-5.84942313616951,-5.58233809570569,-6.143057780262321,-5.164775489931619,-6.724577939949373,-6.203542389644083,-5.43327171270524,-5.965746066426786,-5.600108264118263,-5.225840525211934,-5.671867343926992,-5.559666513864669,-6.701046608410129,-5.5416769912629045,-7.249832942548379,-6.483378899846233,-6.801775477031669,-5.345353702624623,-5.9255553389985804,-6.384249259744723,-7.154058584678163,-7.01052089544576,-6.208721040316468,-7.467963471267809,-6.734867066177884,-5.503020653304028,-5.924068543302725,-5.55870145682872,-6.15935871804976,-6.815185860108234,-5.719470822248628,-7.045385633354157,-5.349359961843214,-5.683060859487708,-6.859744060652526,-7.083509034712385,-7.031120228580431,-7.811941795078264,-5.618639442005557,-5.835767222244697,-5.12979139654599,5.0,0.0,4950.925945371788,0.8163926108267936
506,-6.48357087132213,-5.4869582821937195,-7.1313985172129915,-5.7893550115611525,-6.123226058358835,-5.323894068536284,-5.291267312863859,-7.3070687338762985,-6.942036891598706,-4.898238569185709,-5.769833035249355,-5.850671178870515,-5.870561699299369,-5.555944865757714,-5.920158086331361,-5.875336303230574,-6.396282348850688,-5.3634293793095305,-5.193392077462616,-5.927429096616246,-5.507061895379706,-7.127503258949054,-5.550047230672389,-6.143908969264262,-5.776017223788766,-6.879409766812262,-5.717226437042432,-5.5967433387711925,-6.266404958898322,-6.389519213265429,-7.245695402329448,-6.870288386843545,-6.582174058207056,-7.266700862255006,-5.754420429359239,-6.570862813353941,-5.421256431229499,-6.271290877174725,-6.425371040664916,-6.020358942977227,-6.786067609773599,-4.99433391281636,-7.054294698906593,-6.19588807168144,-7.516456412223885,-7.38728949147954,-7.640813907776673,-5.749837266755182,-6.509231912780209,-5.948628010957338,5.0,0.0,5103.463827788826,0.8838650038477015
507,-5.105064655308075,-5.702120306068799,-7.640730175197864,-5.531264734977396,-5.954250165723903,-5.32394709028376,-5.639535996895015,-6.586098703835628,-6.816226419502636,-5.306965808477201,-5.662090769535901,-6.2912730066219105,-4.6836952894023405,-5.792008267732684,-5.567830296900675,-6.443996361963688,-6.021804314522813,-5.088715388965994,-5.364641322878586,-4.915175412233815,-4.558712462513269,-5.875068178433615,-5.9859184155079515,-6.962902730716039,-6.977654488530455,-6.764013787808098,-5.247999838289646,-4.963644831912838,-6.234735889030147,-7.169202030073593,-6.268196651765748,-6.2438091964178435,-7.625538657071148,-7.987745653231443,-6.332402019806423,-6.029537167899663,-5.067242513313472,-7.298526389173256,-6.945309106860891,-6.326018174964614,-7.075769534269456,-6.202708478246356,-6.250666583190692,-6.726816048589784,-6.759822486747566,-6.351895287449607,-6.6904790811350345,-5.451028426176116,-6.456870724778231,-4.905185858911615,5.0,0.0,4436.805614356125,0.9359543387794249
508,-5.969223199637586,-6.155471761690955,-6.735425541149954,-5.013438743522539,-5.731383366691206,-5.9864251701166005,-5.811272762837286,-6.810350578255132,-7.010985698436326,-5.74389201502315,-6.632778976919558,-6.104089814851138,-5.291298109476831,-7.0511200551703554,-5.365260110278843,-5.818272398443522,-5.795064316167282,-5.381611834772527,-4.7881648006545765,-5.6006248077956915,-5.858651665026449,-6.6180043065793885,-5.451310521941748,-6.401671658439065,-6.505321489631929,-8.014420131308833,-5.9943427762092165,-6.194472616786401,-6.483288911016754,-6.912450806778541,-6.246838801345365,-6.996259019271438,-7.513912456925046,-7.183662005060256,-4.946995808325829,-7.083138744490351,-6.112455743465839,-6.255233544025084,-6.531210230932743,-6.77270174785548,-6.688631091944205,-5.375615403978638,-5.911064906473838,-6.530483922127561,-7.16861810840434,-7.158796624143413,-6.7421775807442055,-5.944747879030248,-5.517724484049104,-5.279139130007386,5.0,0.0,5212.92219966952,0.9274050990715157
509,-5.590420050899614,-5.278832150456254,-6.862212681453969,-5.691677899989189,-5.541186027195346,-5.347954934702729,-5.349852458715758,-6.479318789725537,-8.209405564071826,-5.7704004266436915,-6.8755851255755625,-6.7407704475253665,-6.114239392336718,-6.130304327174882,-6.565471225120865,-5.768833612911259,-6.5971218855809814,-5.872273587825768,-5.2597776315054885,-5.388537119043562,-5.266859803893879,-6.326089837393851,-5.198055958558601,-7.780482593758723,-6.5078353009010605,-6.862991235995202,-5.494568933724059,-5.929720915743187,-6.910446136602235,-7.012174437487834,-6.582117031121453,-6.860674290641852,-7.360725421869443,-6.68856921471021,-5.403875757371315,-6.700052272108932,-4.894897129180626,-6.81329704353731,-7.575034144075704,-6.7441726362060495,-7.3521235785212,-5.306423110721091,-5.902848554994935,-6.819360387681524,-6.159669580127466,-6.280100917624061,-7.109596574012252,-5.281133203970053,-5.99700256534278,-6.256349594905613,5.0,0.0,5608.991668916182,0.8898406732115827
510,-6.610210440279754,-5.224902885154945,-5.516577079602907,-4.69883551423188,-5.810520542837773,-5.895375137190709,-5.143338943564358,-7.5245038264101565,-6.85308498163932,-5.552136345001741,-6.402905801330163,-6.7686559056794575,-5.3449223752103565,-6.0221251812195575,-6.380332204414776,-6.099727528693365,-5.599698123768911,-5.704580872163507,-5.398935512939626,-5.271989967962218,-4.559035599370375,-6.226961560878071,-5.114252197966352,-5.908224462300056,-6.5067194172199825,-7.558042907830852,-5.39240781439409,-5.44952594919334,-6.287789502096335,-7.349358577322286,-6.985109893892306,-6.14886187919645,-7.388375655529344,-6.769046845766082,-5.170196559715491,-6.405166427860442,-4.866331603958871,-6.995132072933474,-6.5827635726671145,-6.382715084922836,-6.948286262796084,-5.331627206897915,-6.26319824458167,-7.084636879950603,-6.801172196734553,-6.860420034320872,-7.642704639081856,-6.342080546788728,-6.520269023993643,-5.309806796981264,5.0,0.0,4496.293035229669,0.9721705717943987
511,-5.9127255155684795,-5.859332615159105,-6.145182639252566,-5.575650787400234,-5.9553116308124165,-6.093033664717192,-5.251209629641778,-6.874135419287295,-7.223580162273004,-4.638847679624888,-5.350278556221914,-6.974381086194741,-5.596973295301849,-5.933908236355197,-6.663436066207648,-5.656241266298211,-5.873577191607519,-5.540077753645231,-5.736160880278658,-5.357030097077252,-5.282140333933112,-7.074201556897792,-5.663181471063513,-6.924054680427314,-6.9054080056003295,-7.574686534156309,-4.9653045251891,-6.003968101953399,-6.699007822909946,-7.667773802320563,-6.606787686774503,-6.096726417700169,-6.533765392350556,-7.28232307707651,-5.713349905607516,-5.7862514776580785,-5.006763614002728,-6.408610635979372,-6.7168458458011235,-5.573434765769805,-7.052334271371708,-6.207524068735653,-6.351742538864921,-6.3552404567796925,-7.052568335949237,-6.51939394038396,-7.351610605647237,-5.511062882636781,-6.357046954793192,-5.765186032314677,5.0,0.0,5206.828734525774,0.8199345070124089
512,-5.192997377884853,-5.692908185826619,-6.810827014741382,-5.127592622578891,-6.015616519681838,-5.393948512341959,-5.609763838071849,-7.708985258955707,-6.928497391806954,-5.8259532588356375,-4.88307039101435,-6.606776602210872,-5.718116904225612,-5.797147346647361,-6.249539921253168,-6.1201952323029,-5.840818378250958,-6.159286928208083,-5.18040830944104,-4.89748414093189,-5.317427535390915,-6.683090564630093,-5.38414333666942,-7.102159602633017,-6.144651501754575,-7.228472612894988,-5.9418387333276215,-5.9853933598166575,-5.918285084768946,-7.046350638951794,-5.991631100325828,-6.895694182894115,-6.550072660228271,-6.831282746772911,-5.380490186621762,-6.225537939980095,-5.381920966181251,-6.724184751087335,-6.365495531437389,-6.645561665527246,-6.490661992416675,-6.002888694906899,-6.316954233792688,-6.568068545408824,-6.842698230930399,-7.114512906001691,-7.369998123009841,-5.6718464654835685,-6.383878694634263,-5.101387262151438,5.0,0.0,4917.298099131318,0.8331989953994785
513,-5.422379883400901,-5.18843538464812,-7.1316353194858255,-4.67692780646705,-6.355366818049419,-6.022753095373434,-4.8991829426722235,-7.383925349754008,-7.388589297831742,-5.282727396984355,-6.400197645197112,-6.827758955337047,-5.728313240793034,-5.967822914319578,-5.858054183419948,-5.775609554559789,-6.1322606733406415,-4.981610967789338,-5.272956719992414,-6.322429355123931,-5.194339757201584,-7.193999396205222,-5.671008687390609,-7.461806511350575,-6.449317926999778,-7.1439842561016285,-5.141268247820548,-5.516750162751028,-7.3064062992813446,-6.612522437406,-6.448360777335168,-6.117966899614135,-7.014933017199936,-7.676667598168732,-5.485769769650026,-6.720124876805829,-5.527528259600962,-7.037283855646073,-7.396590277557195,-5.912956758313158,-7.034868715481342,-5.337391959196369,-6.3258634585674525,-6.018919577358206,-6.9207155886163205,-5.895185656492196,-6.680889689370666,-6.0480194513995915,-5.487768102487128,-5.692696630357865,5.0,0.0,5289.366166471824,0.8168947986167909
514,-6.136397755921831,-5.3739368415666755,-6.030797967753525,-5.928860950392901,-5.623694321297999,-5.677930584113035,-5.097152897172666,-6.875087051534325,-7.433137498550976,-5.556044980414239,-6.483081635114299,-6.3290226225864625,-5.514091628720528,-6.474187559392323,-5.680112281184348,-5.918869739587939,-5.567254685969595,-5.045414125581614,-5.14525821534353,-5.293194083454299,-4.8603475605920226,-7.257694388277194,-5.413314777341781,-6.531729033040953,-5.943600031205365,-7.136589064293902,-4.902783009717756,-6.007969396937349,-5.747817512552515,-6.9937806873568595,-6.163906708540978,-6.289724434725918,-7.604026915420849,-8.001145224878705,-5.284399157672073,-5.866673391194208,-5.25949995591655,-6.561553957841328,-6.878688456238152,-6.581177954964554,-8.03164457692745,-6.222789700725999,-6.249596091694912,-6.252913004844286,-7.539463477846229,-6.834622320127991,-6.669132792341371,-6.078463648733735,-6.655987202077195,-5.35551691122697,5.0,0.0,4905.0507947451915,0.9234346665321578
515,-5.976923997686357,-6.669424284166796,-6.713771390501802,-5.4102788240302475,-6.041251264173561,-5.199436182025834,-5.509087107323727,-6.258258851810095,-7.346478681287246,-5.610427087711108,-6.036368628004691,-6.653751979273765,-5.315923978097105,-6.263654965422798,-6.199019952484825,-5.810088799482765,-6.307009597753014,-5.545666885706633,-6.124978417754751,-6.188078814723962,-5.682804044595574,-7.1055842621391285,-5.636996208766908,-6.969729297771098,-5.794002734954439,-7.978489284511358,-4.682539335079323,-6.133311868696916,-6.51627181484271,-6.844586824888414,-6.295356621982454,-5.797634362087886,-7.5472711830963535,-6.567539607641841,-5.677948735083232,-5.883099917307643,-5.126889818865932,-6.884553940094492,-6.71652299559612,-6.837221065096186,-6.558137043051855,-5.842713742954428,-5.736607848008911,-6.768720126310528,-6.5620923697679245,-6.95932012401927,-7.006576419678764,-6.1083771592916145,-6.108307377867902,-5.328581567253265,5.0,0.0,5410.675012230528,0.8135636180324243
516,-5.883929351522058,-5.858922429390971,-6.383700838718209,-5.048935807690441,-5.572529696747875,-6.456527715977014,-5.257799643123213,-6.979547791593941,-7.324340701212236,-5.246540700147824,-5.843487814421355,-7.256849910888181,-5.287643477223986,-5.703316875204191,-5.782677688825076,-6.243797044756716,-6.09681933257844,-5.502973077226938,-5.9125612673889405,-5.3546501017610435,-4.986285873882055,-6.536341951888262,-5.476308240451339,-6.171482572209859,-6.681840395509623,-7.584810012641775,-5.426995795470448,-5.396942054535253,-6.031143667375611,-6.714685063217066,-6.399289876437124,-6.3327122319069264,-7.887537887644557,-6.8704551904450915,-5.419053080296589,-6.667498096813219,-5.088052738779449,-6.029591270463216,-8.183766500120482,-6.397966768260445,-8.217527973156015,-5.516156043896693,-6.324770411493741,-7.425945548812768,-6.591064406797455,-6.865167033948653,-7.35007762471009,-6.251413807338028,-6.416874917127936,-5.604724989828438,5.0,0.0,5516.003275070406,0.8873986536518761
517,-6.203681458013878,-5.5659243534804625,-7.046791416933186,-5.481024509392235,-6.776248494750101,-5.963798653812747,-4.44905851147994,-6.697994670661863,-7.26704798870957,-5.641025837063074,-6.527197045539701,-6.412218790146804,-5.707180331366835,-6.264244822009438,-6.562310601347448,-5.954323141400318,-6.328431809868505,-4.823170637248868,-5.600848542903944,-5.455426149283471,-5.352923526387409,-7.145125163539058,-5.695783193079163,-6.024714700717786,-7.143500211092547,-7.567798983595418,-5.338620119985045,-5.478260946880597,-6.188847427651604,-6.971566858529917,-6.58597133503562,-6.568826040257202,-7.001808722088086,-7.138932441407546,-5.66693078326888,-5.654747800128094,-4.958805652264651,-6.506137208738106,-6.682053148978607,-6.300304944089501,-6.140442467972846,-5.228754132278366,-5.344587165776022,-6.799644403458418,-6.987240341188088,-6.449874305309255,-7.044476647695936,-5.330985457716805,-5.506241472582188,-5.162421751020567,5.0,0.0,4429.445755156108,0.9722711262923753
518,-5.65666974830295,-5.752374527149401,-6.6336757447010815,-5.30225848366803,-6.776024445663375,-5.822717986241013,-5.6930831592719455,-7.208492558351345,-6.788684526929784,-4.8050396425791035,-6.049913532789055,-6.97989438346418,-5.8670719423744835,-7.212924247238915,-7.054348024371207,-6.4578054201964274,-5.982264619593062,-4.500672243235019,-6.013302807470652,-4.771855976454503,-4.879782608182292,-6.636734881838214,-5.635370816333094,-7.583784192138346,-6.41709235030565,-7.29949501281349,-5.10336582162463,-5.89637445317915,-6.037543329543829,-6.846975607747971,-6.548600737957026,-6.577487969558466,-6.595036400663693,-7.352662770201095,-5.870425426231215,-6.107927326199773,-5.617317654432756,-6.052699526027572,-6.868709177779362,-6.321311169792907,-6.428931613376452,-5.555201689724609,-6.184798779934122,-6.441241995734398,-7.0260779167624205,-6.37037607554189,-7.613181547254519,-5.853816477273941,-6.323395802655188,-6.134218558240736,5.0,0.0,5549.508889624363,0.8178949306729788
519,-5.672858895892432,-5.279861885639531,-6.3995208849114755,-5.997052130741718,-6.024645227144266,-5.89726089490402,-6.24261140112505,-6.6429407841608565,-7.290370559825678,-4.866904523672635,-6.019664555519622,-6.694430092587276,-5.7847588951864015,-5.606506989678995,-5.825023541057887,-5.105158076673837,-5.570243508936143,-5.484531890881225,-5.886433409658183,-4.9305047523516645,-5.636531306492362,-6.33048695776078,-5.118486833658968,-6.981937467023055,-6.1775082965813,-7.400707939990695,-5.487396759853435,-6.281874055669817,-5.682877864407216,-7.491442402625938,-5.861153208446971,-6.095741110126886,-6.9122307297845405,-7.128396932117078,-5.479167559170986,-5.654047414874349,-4.963803788838584,-6.507515603345771,-6.745712005330968,-6.760591820113518,-6.618990146495753,-5.398593238466846,-5.5863070356554605,-6.69267943911533,-6.595478295905055,-6.785280285090122,-7.2634905066327935,-4.797002309019513,-6.683384857887296,-5.452983983001803,5.0,0.0,4279.2095201429465,0.9202478890817254
520,-6.2588161848452595,-5.201767100995775,-6.4149104182180245,-5.211363356617849,-5.573548803724162,-5.661286947493907,-5.170120022542466,-7.438755774960361,-7.368320884521343,-5.076899185332009,-6.268477744993471,-7.224625846241937,-5.488918397855351,-5.886317660269389,-6.029354488925773,-5.592124974384201,-5.925860932995282,-4.633937287849726,-4.549495656795669,-5.1519238861342895,-5.669250192414657,-6.2863174119054275,-5.2871689217379165,-5.870055749989475,-5.960519052944003,-6.9996089301131015,-4.777658889845591,-5.844837783267079,-5.6738706601093805,-7.624525584332558,-6.649389269848073,-6.352387246503861,-6.805511174978242,-7.623246209496336,-5.1733716399182805,-6.803713326249637,-5.244002931161626,-7.013030882755185,-6.77464561990268,-7.24986797906958,-6.8702749281294215,-5.491961493765321,-5.465090495693722,-6.353378365107005,-6.9895649886471825,-6.889180215495017,-6.3894502655364445,-6.066052186869913,-6.948851891133336,-5.633853897180438,5.0,0.0,4636.4639527512145,0.850575596319587
521,-5.694156090197692,-5.388953469459405,-5.906271418873031,-4.78903866280848,-5.834345921957272,-5.7204800806614164,-5.130885537970915,-6.980601371963303,-6.796574313050112,-5.483391239873674,-5.913104175422382,-6.489515295027597,-5.546972795910345,-5.2965403016176795,-6.238180316911048,-6.279597514017915,-6.682415241547286,-5.62322094168602,-5.098653004529375,-5.132929910614845,-5.278857222986686,-5.936761151716248,-4.667444178450252,-7.422861296290044,-6.827496876243249,-6.8663660066260555,-5.9984261972536626,-5.641502514238597,-6.122840788723889,-6.612482313413466,-7.067026372428536,-5.47243851449104,-7.165089087015229,-6.984263473249989,-5.4372444128378605,-6.339273580984599,-5.165847659571179,-5.686124695651052,-6.728420983841052,-6.606946839246422,-7.244375171826315,-5.196745907226609,-5.483781700493699,-7.504278710983158,-6.882984547009052,-6.965758526605675,-7.038706167089466,-6.159634440407555,-6.175588485010854,-6.194001242285832,5.0,0.0,4204.66518851419,0.9741233733471042
522,-5.879300566399616,-6.473803180233402,-6.804773498753621,-5.814204332691055,-5.625175614309807,-5.501083810135016,-5.369634037254837,-7.113623420063832,-7.163073562160901,-5.711560327356082,-6.634613701255889,-6.516407853343806,-5.520383742464458,-6.647325514300596,-5.679119624030967,-6.0676479550366915,-6.016121387058639,-5.807854973837166,-5.251122836404136,-5.406887709073614,-6.012578811336248,-7.328292063323669,-6.025808003389926,-6.447406440329303,-6.224320553591407,-6.517349375949759,-4.973191833233939,-5.939096843899956,-5.184793175556174,-6.950006843041437,-5.691008130320992,-6.184140347609864,-7.301136744389203,-6.5561333061570926,-5.467145303407076,-6.551173036612217,-6.102362624851497,-6.549658187317467,-7.164040559862712,-6.109399986607111,-7.65568027689587,-5.1587327116982955,-6.541842537673054,-6.526563536524736,-6.81351813730139,-7.006643799547505,-7.588643670016052,-6.6011953193920085,-5.962926355868937,-6.182752658965631,5.0,0.0,5600.518293725818,0.8242297917683012
523,-5.833605328785818,-6.651796776233893,-6.142751655816004,-5.394496933557209,-5.264559211325254,-5.536306380158499,-6.235862856051698,-6.791764084144469,-7.665649111210951,-5.640212536094003,-6.956082818657481,-6.282628710036193,-5.887051452704305,-5.975064440098495,-6.4917826399882035,-5.642675107038857,-5.86808467454176,-5.888339484052576,-4.6577381811910605,-5.218081686760773,-4.843428400739146,-6.596910566819051,-5.712414214818026,-7.036822477708578,-6.096789176169955,-7.471604621017523,-5.929504650996957,-5.812904672371204,-6.330442758487481,-7.628240856361374,-6.2409240166839055,-6.837413904453499,-6.633404312767514,-7.078935635115831,-5.570676757909968,-6.357318877788405,-6.18481622327228,-6.232502711814107,-6.2059221331648,-6.646893495106143,-6.768861130977608,-5.318220608222614,-5.509524497255867,-7.401890404630368,-7.222336550488593,-7.143582882108904,-7.294263880102389,-5.806961848105822,-6.24951598052861,-5.615780098869053,5.0,0.0,5585.465588199513,0.8130346366697534
524,-5.588926668326001,-6.126139002042994,-7.21558113701737,-4.930596399025743,-5.66659629650901,-5.078853675288044,-5.521083040610607,-7.421383642657361,-6.940810483883473,-5.539848891798444,-5.17243068319012,-6.951772963319608,-4.670195877276757,-5.915323943485068,-6.187858128651353,-5.358980865178941,-6.594978118928054,-5.830407752175014,-5.840836036333124,-5.193692504533058,-5.802269900420626,-6.816777703208687,-5.0933663195940415,-6.575925764522573,-6.002389659218441,-7.357263494676785,-4.973819640087813,-6.361755673734994,-6.203996560164601,-6.784771679848222,-6.312275103577828,-6.384055458713529,-6.972281227190281,-7.002771688913591,-5.610861298799287,-6.592468391053202,-5.438392012726243,-6.327949760519751,-7.192700510881299,-6.403981065546146,-6.7288419522586675,-6.233845343130788,-6.155600264565987,-6.830269488885382,-7.08216313020937,-6.09765406957026,-6.856041510468251,-5.758402824754603,-6.730541159809617,-6.075616089838961,5.0,0.0,4853.436083148509,0.927756425707844
525,-5.222184931283574,-5.098317009951516,-6.660042906666864,-4.734414969023996,-6.045978649195978,-5.502216798938198,-6.130748287235079,-7.192031337973456,-6.859950319990829,-5.889085299074719,-5.991892878437402,-6.228070454677933,-5.69001711540759,-6.23086616924449,-5.675819277946111,-5.805123992979259,-6.136540391347883,-4.471290949195945,-5.700606253439149,-6.1274758632293675,-5.53403937946075,-6.31735045530588,-5.303532377917487,-7.006843260477667,-5.41199813125668,-8.141651743460834,-5.563062236319467,-5.836307007508815,-6.531922568037029,-6.843574822137828,-6.241469684233321,-6.2213049187682135,-7.018999476753355,-6.40328475820912,-5.567479039099819,-6.20307290604012,-5.473295512423372,-6.607419833580011,-7.123718682243978,-6.162456750754986,-7.0273751293496245,-5.833587285403477,-6.590871401392065,-6.697975684561382,-7.404808138256645,-6.392469765042799,-6.881213020428879,-5.854336972314236,-6.221733400451991,-5.706811284789613,5.0,0.0,4915.215301029393,0.8384588198603925
526,-5.935085998309496,-5.602296321386738,-6.90058776933358,-5.377660626658366,-6.032069405467206,-6.010105311452386,-5.6241297863201805,-7.052931689871876,-7.444666156436245,-4.899690994950601,-6.600354879734548,-6.501040969091292,-6.007502728145933,-6.127454646592257,-6.537620705165371,-5.8981382489970935,-7.167958591832887,-4.925947192230229,-5.932257690084074,-5.297438583812816,-5.725311808751697,-6.825378984104499,-5.947799673311681,-8.013597450188232,-6.153482704448895,-7.404946196553003,-6.295256956416047,-5.482405395666852,-5.327961274624655,-6.932809436521799,-6.742464683257915,-6.785996566113302,-7.555596055869988,-6.826310134061854,-5.693959263404557,-6.214478389698475,-5.488291967803784,-6.650769055196807,-6.677666158139877,-5.863701590120815,-6.773172526527397,-5.719783966045657,-5.030864540563165,-6.221144585517276,-6.835879638840513,-7.156414919325155,-6.76481136367994,-6.653456771486493,-6.011868800411758,-5.282229897501618,5.0,0.0,5583.175788211625,0.8915571454951496
527,-5.892972918570204,-5.23220445138204,-7.024977921022881,-4.662113657939963,-5.622360611470491,-6.284285680020396,-5.880942612579,-7.037389995887602,-6.799739887162225,-5.089828356088007,-6.419338297078667,-7.516143986570428,-5.503095072702547,-6.546294067156499,-6.342417001572944,-6.122349370995297,-5.962540653329061,-5.2892101890330165,-5.189380976750634,-5.832264362584345,-5.378183233147588,-6.0677369288082454,-5.000541636214952,-6.515805893366956,-6.588436722390401,-7.657867230502519,-5.699307850909735,-6.0418242246546265,-5.562676938554954,-7.017255111445293,-6.576308059074285,-6.611144586888619,-6.703400240889674,-7.073853501843699,-4.828258066115701,-6.082218913774729,-5.276504815046651,-6.724492126738669,-7.715847898212428,-6.7634187221290105,-6.4083654836024,-5.800846481072698,-5.2043234624357515,-6.628055900920887,-7.5424280841461675,-6.384505386215455,-7.3280615305108485,-5.948455568024438,-6.400502748050084,-5.555518383011088,5.0,0.0,5218.794609350719,0.845094784623355
528,-5.8230007728580775,-6.244860009499511,-6.383996625403977,-5.466612636577296,-5.294403419526929,-5.932982519735028,-5.937698160285972,-6.766574399666962,-7.492275589818454,-4.624411752396166,-5.749581914710932,-6.797141695853119,-5.171335373858459,-6.213243682210262,-5.930333361013289,-6.229582725913508,-6.049884961133684,-5.527516804610076,-5.371666412896098,-5.470267218331777,-5.901087814870083,-6.203101316311773,-4.841578955925917,-6.772783384605877,-6.347840533927199,-6.9515914882643495,-4.845650014897246,-6.139959291285273,-5.602012690223163,-7.354629621549472,-6.4901828284908145,-6.643515606542925,-7.473519390202158,-7.204302103754744,-5.253767835423983,-6.737351226245766,-4.490857398333715,-6.461828232996204,-7.215989032047761,-6.793945333508249,-6.35669707331611,-4.5589176597226135,-5.9112022630534,-6.826153513021575,-7.3006282674129785,-7.2939862774691395,-6.918442380034277,-5.667060369065476,-5.8914882737765755,-5.2563601323616,5.0,0.0,4536.999320360212,0.9506196477833755
529,-5.863245989148114,-5.398825263094824,-6.6844187263019,-5.453006476988078,-5.6505755351422,-5.579281749170813,-5.630448067470216,-7.071875504319596,-6.638858673442313,-5.065500893242691,-6.3202053596679075,-6.90262807824989,-5.380893815785124,-5.877935035582014,-6.170157941882578,-6.063504735512941,-5.877066758855791,-5.490791490145892,-5.554154042393154,-5.4122058549620915,-4.526826642681742,-6.492711380657082,-5.544799788971828,-6.905569282316995,-5.969556462111513,-7.072077560426096,-5.7590778273162115,-5.2874015072657485,-5.718058440649674,-6.6566704368907335,-5.744998197209407,-6.3775973980453555,-7.26970409225295,-6.9746276551628235,-4.925406299668763,-6.405449261637097,-5.30585330126523,-6.550430548348285,-7.094499690543973,-6.813175214529979,-6.74494106949767,-4.936795013891718,-5.79523948229696,-6.362646989632658,-6.973911900590162,-7.019389675057257,-7.662979737152151,-5.51132435025617,-6.202574341280182,-6.369669976015915,5.0,0.0,4578.721964808814,0.8656162435171852
530,-5.421995621456894,-6.226087654664526,-6.76921747675045,-5.35106630832022,-5.921944181422608,-5.333934184222416,-5.278922785938617,-6.359250903354373,-6.957719194306316,-4.787127968400397,-6.218345050863759,-6.229680445694075,-6.126797746750085,-5.654276075448906,-5.110951450064974,-5.580716526373053,-5.634208896400243,-5.384797701136143,-4.926091390117605,-4.539376722675397,-5.071881094622557,-5.69646824120452,-4.974638199693755,-6.783270459736986,-6.739089037640872,-6.746143262338172,-5.119687441233398,-6.483821095156014,-6.516967354723329,-7.350017231109475,-5.903169419777501,-6.628417429115782,-7.421678942764352,-7.026142425818275,-5.561786196420369,-6.5275854615249,-5.584354162681307,-6.378616109702741,-6.9355079438994105,-6.0717337070836805,-7.114449750315504,-5.747123903022797,-5.5037301696151815,-6.65408572274926,-7.443677653322075,-6.596578338850492,-6.922625107892012,-5.171768758024298,-6.212939388420485,-5.514022988425154,5.0,1.0,4391.106642906205,0.7631899328786022
531,-5.533302317772947,-5.389903562376305,-6.791050454934986,-5.55220678231806,-6.22865232820075,-5.201314359734264,-5.096023152841718,-6.753944744658041,-7.196544493821011,-5.46289891609635,-5.497116526498346,-6.5516101638455835,-5.808180885481563,-5.932074846922312,-5.780567249578531,-6.501309852463287,-5.896865974613389,-5.383750198398831,-5.180839986527644,-5.771735270446683,-5.331155907145121,-7.209115065368926,-5.814715990758972,-7.139681202296909,-5.986013278614107,-6.783618813742337,-6.236948219588155,-6.18608532955164,-6.768005491696549,-6.868445668779646,-5.748832344528866,-6.49574164262571,-7.161881998734418,-6.47500208573745,-5.77396930980889,-6.175256834426791,-4.998115972817369,-6.148712792693418,-6.632466365717718,-6.644367225383945,-7.0193759669388385,-5.61703336589411,-5.845434907675187,-6.28169270552933,-6.827807589867844,-6.758288522255775,-6.306648977716849,-5.622003428701741,-5.797135929315298,-5.000733681707188,5.0,1.0,5036.002872866409,0.4802349384309677
532,-5.670186676193815,-5.927143503210058,-6.85656843189974,-5.330257671545158,-6.125336878571747,-5.814106678317636,-6.031085140352745,-6.953627518717624,-7.379032264259202,-5.832092385564013,-6.349623168329132,-5.810811153694489,-5.159627664192418,-6.396961276605583,-6.486001106819119,-5.812447829472925,-6.305468892232505,-5.896478970824355,-4.804450372859777,-5.653622982849288,-4.794025984681932,-6.545976982323967,-6.003790515165568,-6.721621625031135,-6.838093715303044,-7.289181842751731,-4.870982005386162,-6.213638246740616,-5.836906619532366,-7.036697559189826,-5.909240340131752,-5.775524398736292,-7.009540807504415,-7.666041951114874,-5.576618170676623,-5.875394537158572,-6.036302909119282,-6.500424098516351,-6.361827084297794,-6.464369450232004,-8.025795024738839,-6.204830075439411,-6.122341125217749,-7.00091762394268,-6.8850301209805185,-6.768083869909978,-6.527072687605635,-6.049880658136216,-5.9027176757796695,-5.6820875591338,5.0,1.0,6207.608545003763,0.3136654927320958
533,-5.541714992674462,-5.824936130997864,-7.298242773558937,-5.452295768555517,-5.093125751021227,-5.628489332297648,-5.026356938072576,-7.2615552861418875,-7.1496713743959255,-5.696204946448779,-6.1695189759847056,-6.822187880483513,-5.077672853042974,-6.018879597579209,-5.909762789400393,-5.584009545023373,-6.272957545154869,-4.770371136022336,-5.245395475570958,-5.672199377348416,-5.6792631872224355,-6.7798717247193885,-6.071116254463693,-6.983571712653923,-6.545164923342692,-6.483597996346003,-5.442928141465013,-5.385731948852309,-5.647223848322531,-6.950579669392479,-6.004535540796975,-6.096422869951744,-7.196887130260962,-7.402561979812468,-5.569398184523988,-5.282828104226823,-4.732922101135604,-7.072172644396402,-7.156209839891782,-6.250996203477208,-7.462497534105498,-6.271745559484339,-5.658322222266574,-6.4219985517859355,-7.509446768794673,-6.133866552813452,-6.930888867844099,-6.7741530976208955,-6.4825815163794775,-5.759073602052639,5.0,1.0,5437.027306523309,0.5108277346613073
534,-6.148136546077836,-5.931909317712272,-7.035152003501615,-4.989744550909491,-5.372679280717636,-5.633402237779803,-5.0350214581986155,-7.700408864239555,-7.397755712942381,-5.610965913786709,-6.045924237869278,-6.064941433486703,-5.327119419153316,-5.6158792210578685,-6.064213242078629,-6.106319673145936,-6.112430285941747,-5.14041444109511,-5.340464153146031,-5.643754841771985,-5.703403048306141,-6.319196124644251,-4.602112221687051,-7.139131468988206,-6.029335097782385,-6.949460266554236,-5.480645514341439,-6.175471455608412,-6.2817616400833565,-6.772994404334922,-5.673670390612394,-6.153572598383059,-6.936502211454795,-7.223832263156119,-6.289707019856028,-5.899671066010721,-5.686709806509692,-7.425777712821306,-6.186046002305124,-6.659147127757884,-7.222933753839335,-6.006854428519426,-5.586844734052326,-6.345657628039673,-7.7307359890781,-6.264070835024142,-6.6663072878872,-5.022055205325605,-6.758573343524649,-5.883458158806863,5.0,1.0,5130.778405077987,0.7051637425268429
535,-5.824317121901184,-5.775682333340709,-6.618055655195816,-4.8762941731173886,-5.253841078861337,-5.9829216780242795,-5.789124845899629,-7.605754087938144,-7.306767553247871,-4.88641991077303,-6.671252082489149,-6.559752117213006,-6.08941887133279,-5.976447077975823,-5.941728866174552,-6.196553322901159,-5.810988486305766,-5.414824597272734,-4.874233892736543,-5.081197784370833,-5.644745096294791,-6.071630654460512,-5.044760201095838,-6.573653298974288,-5.718324964118485,-6.613477935017678,-5.340052256205442,-6.602610035622549,-6.27680555395441,-6.834479386542857,-6.490472755693392,-6.922199217683282,-6.989925740301164,-7.8861918247559375,-5.101520471956998,-6.640462441265585,-4.659930403491709,-6.872607581595573,-7.937675547794678,-6.592888773006833,-6.3305951512121075,-5.425447042130309,-5.884359821099082,-6.522812435741881,-7.542261713663438,-6.60075662994036,-7.616641983709778,-5.946266786215276,-6.242692414901302,-5.477945141601685,5.0,1.0,6254.208969782771,0.16187264720305816
536,-5.63696228931764,-5.430816998007859,-7.070177064250313,-4.827971925120311,-5.612103429034728,-5.09594708506276,-5.615977443969299,-6.606707446252132,-6.488354665927988,-5.078085724017302,-6.038997460114157,-6.783850995189988,-5.518901242539807,-6.102184805424722,-5.853591983192314,-6.109004829805022,-6.560157554781112,-5.448868186559514,-4.980926827356718,-5.646043403043977,-5.312553945599546,-6.997048627498956,-6.041879591252517,-6.982642214339509,-5.342104496383449,-6.5951994561662195,-5.061759877264195,-6.351821868237533,-6.316622457404869,-6.823399875375138,-6.61154374977042,-6.108949074171055,-6.916559356014885,-6.454790472647928,-5.593529188701848,-6.052402773496758,-5.572553260446009,-6.474371253967079,-6.458968796178509,-5.692566562644681,-7.392625699296373,-5.486734302681741,-6.003512554465338,-7.0020786339972245,-6.651963384191817,-6.902193456508526,-7.495757544827397,-6.541539652066215,-6.28122563932797,-5.721817440845022,5.0,1.0,5138.522761224403,0.4781425163114694
537,-5.608035764933681,-5.3875395527048155,-6.961599353427444,-5.54344776949461,-5.482839856442418,-5.266123123369932,-5.359273977725243,-7.472144441923173,-7.308639571613525,-5.764905044698665,-7.1417902173252426,-6.800909195757165,-5.619959104352459,-5.877209287431419,-7.154715568710155,-5.856566570734007,-5.649550204432044,-5.4557944790866495,-5.717955157736305,-4.852909366537964,-5.348097749371733,-6.725519691044452,-5.53399998664465,-6.553623616851848,-5.6895555908285065,-7.2692160983689424,-5.165053306068009,-6.015006111463391,-6.305389879286535,-6.74164012442571,-5.771862334065686,-6.20559018569778,-6.849307685252036,-7.761075844118889,-5.704477490185666,-6.720639334116581,-4.741760682751544,-6.28439361240786,-7.23545986678222,-7.178559583913482,-6.857697420993075,-6.152039036514936,-6.117523582098471,-7.302314354044148,-8.346688833923274,-6.682633645008876,-6.232537812857146,-6.128039259849703,-6.691787091337995,-4.927285969204629,5.0,1.0,6350.897150232174,0.3397104516157128
538,-5.488797547722805,-5.64276724138588,-6.746246013187664,-5.766270188385112,-5.3125300707500775,-5.613118279544854,-6.0207836597526425,-6.512463780372646,-7.159597216350932,-5.52995977105698,-6.462944151390558,-5.829510587052106,-5.809113559463404,-7.027987122874418,-6.195292908381429,-6.318562195127808,-5.8794205629050795,-5.5027648568376994,-5.746102071222252,-5.203015213663017,-5.305680651645014,-6.280191354626431,-5.220910477355842,-6.226782316270255,-5.882462881247315,-7.23492501877729,-6.021559061378883,-5.226403754447432,-5.718911295960386,-7.268786293449777,-6.329535310437342,-5.912066830362021,-7.39831336005303,-7.2916517725718455,-5.765116135067335,-5.943978265808936,-5.728175254114768,-5.7220504213349965,-6.695768823717962,-6.427267757780419,-6.986821305174579,-5.613964327806898,-6.1709483579117,-7.118293498617592,-7.237718116794906,-7.514805698635405,-7.0476228333838105,-5.491561863178644,-6.420797672714675,-5.338705901646106,5.0,1.0,6019.968448826452,0.16076829321578023
539,-6.371045313492352,-5.940413972806808,-6.792536429300919,-4.529241608405496,-6.241234344447802,-5.357484528536685,-5.004619716055657,-7.356617103684474,-6.2629261229101765,-6.007414240098856,-5.359538526411965,-6.18360408809874,-5.508258726194386,-6.632188860357303,-6.467504233235061,-6.081574476301065,-5.723862789709679,-5.2385317474051645,-5.266592726073256,-5.13211114176763,-5.9114565801494,-6.016670417445099,-5.044626338905088,-6.51294155057092,-6.25931694950176,-7.942108909372673,-4.945433553106817,-5.770314041679471,-5.761253287633528,-6.961611404209166,-6.50887774477163,-6.041032303344997,-7.321657278782613,-7.486609295377832,-5.783031487142344,-6.248850980451347,-5.345781909300217,-6.369249213780981,-7.200143696819355,-6.434565597683885,-6.851665113761761,-6.239594764635876,-5.6787517479344665,-5.6810965014815995,-7.008478696986302,-6.837983950559075,-6.872973165463723,-5.499569506956169,-6.723970336669626,-5.608499663054973,5.0,1.0,5820.496882143075,0.12970888991086876
540,-5.84211956784123,-4.975103451418047,-6.811730402700783,-5.130308852964399,-5.568404518753138,-5.3186604355341345,-6.005438734945605,-6.448282741962247,-7.326481862129991,-6.079742039822791,-6.698116260938402,-6.969796251537355,-5.993516940024518,-6.111463312972099,-5.734143757299642,-5.527577657347366,-5.901589778577379,-6.005917744702627,-4.8711487842009875,-5.504770784439573,-5.016607623571587,-6.459217131954908,-5.2458593705614245,-6.950650007423401,-5.05461561916367,-7.564657198967086,-4.72248605433401,-5.409458872526946,-6.007386463810755,-6.921309364106848,-6.198957969924647,-6.6731661881596365,-7.355902428998938,-6.773384944055525,-6.387993911349581,-5.3656005675338845,-5.618934916658167,-6.5745081413191535,-6.784336944352789,-6.936531659090175,-6.458071711269332,-5.889724636494813,-6.042222288387024,-7.26778970646643,-6.874126852434043,-7.026992691291959,-7.329776320955798,-5.868102866903637,-5.985946442576973,-5.96040844924964,5.0,1.0,5555.731911857865,0.38968515233191686
541,-4.92163943604953,-5.813733456123961,-6.0177669783298535,-4.6231650109170435,-6.253285703508594,-5.4768326567694645,-5.328784172254997,-7.301412590559819,-7.6631935320402125,-5.4510605197951,-6.151588557815536,-5.7001455597264465,-5.65066145362399,-5.972188576912982,-6.138342760016281,-5.979909273376597,-6.41189263588921,-4.851847673017881,-4.915179000338666,-5.303868941486371,-5.128228901322804,-6.881218483916468,-5.530961835642754,-6.751891095258464,-5.6051024974736805,-7.130639965604785,-5.806148158204609,-5.6172905990994595,-5.794502639679731,-7.076411923740012,-6.369919926429191,-6.78894615580425,-7.095400572101754,-7.984404428764826,-5.205440889586714,-6.722478178339268,-6.274740970490059,-5.9708145246293896,-6.481842734555803,-6.289937205754145,-6.397229938267596,-5.197339319345889,-6.251501821989873,-6.70737025132984,-6.889288429637297,-6.142762979944143,-6.315622479422635,-5.668930585713878,-5.352596401406541,-5.812795471573174,5.0,1.0,5721.823590488877,0.028144719357030556
542,-6.0241246645289594,-5.896137644796554,-6.107486472046897,-5.424866160312193,-5.799453434828361,-5.6517733206027,-5.374656795773336,-7.957553907014941,-6.8901006868273855,-5.1037203120988694,-5.9863150333910955,-6.3887628405315855,-6.361280242131218,-6.116713265675561,-6.88036231181246,-5.840794481938551,-5.651453882703726,-5.80313560798558,-4.830038276562066,-5.4637468740894635,-5.339886710985878,-6.4568828690328575,-5.415504335284196,-7.368944739143638,-6.1549708202426725,-7.498834890410897,-5.374689635055077,-6.320861428659232,-5.630043098005325,-7.2828521094251775,-6.23599259611199,-6.361254365944246,-7.717563928724573,-7.22734066147586,-5.128354122361009,-6.203679432093415,-6.568532974644308,-6.524913555606296,-6.645497950239641,-6.899040502387465,-7.1492980137128725,-5.87391364493664,-5.026787721323391,-6.777495328122544,-6.906853333716889,-6.820812782599423,-6.303957257669023,-5.740816780937073,-6.399550896235751,-5.970232067029843,5.0,1.0,6182.397170034939,0.3283911341940646
543,-6.603570450445048,-5.957703619366107,-6.8825252829841554,-5.2161552319247795,-5.499273469815736,-5.497568144953487,-5.0440933987907215,-7.112192358954785,-7.362566709795642,-5.388299965436942,-6.1076804842551145,-6.631173994107419,-5.715657743675526,-5.982210842913748,-6.538285854913326,-6.173498967416473,-5.330559498964344,-6.0478145457524715,-4.276597788092786,-5.337942373428341,-5.549066211410018,-6.889106950417908,-5.451778161116907,-6.848603820744933,-5.9956343713599205,-7.091279088020419,-5.704244220696432,-6.1265263664111105,-6.269070055303065,-8.128661221772624,-6.060137229053546,-5.719017793994481,-7.606644324148918,-6.561090129180894,-5.99082075251723,-5.970422190812613,-6.0842050833686026,-6.5282039404622925,-6.531134299629803,-6.225720939139429,-7.270887868970108,-5.957931425667663,-6.260041988639201,-7.3879164566849225,-7.2116973406917415,-7.908941748944879,-6.17451235107138,-6.9612690730187,-5.758973159164286,-6.10221853771461,5.0,1.0,6019.154595737892,0.6873377146426751
544,-5.6272112886074765,-5.3274611463962165,-7.409735516153635,-5.529952605895732,-5.937840938397431,-5.083467480379772,-5.655263293848471,-7.161907450177271,-7.647081975022888,-5.251292805570859,-6.4450790025745786,-6.860471929955977,-5.515401469300663,-5.874540497929656,-6.243737666129304,-6.000340556930179,-5.426095983508696,-5.076268238085803,-4.9113809854248025,-4.93837425069023,-5.121568810930662,-6.1346812594029645,-5.304006528806112,-5.982048901549671,-6.131900606437118,-7.204136842323243,-5.679918731656921,-5.6801183208909105,-6.49397288518393,-6.931628960347019,-6.305793887974896,-7.022958726677872,-6.378596236439735,-6.811182183064998,-6.330029023235667,-6.375971245734708,-5.2563128068947504,-5.918860690192682,-7.1005028026595935,-6.839735558788481,-7.207683634860784,-5.583380781287525,-5.693586406367739,-7.127233131622088,-7.155240884016169,-7.529443371656355,-6.026948476838256,-5.571048780479243,-5.714707442932034,-5.630908225574219,5.0,1.0,5474.910994812331,0.31723667192404376
545,-5.896793787876263,-4.905135745321654,-7.114510424706023,-5.176162543533055,-6.116933651831623,-5.6213273193720745,-5.523380781181186,-8.408943614235962,-7.613727544168063,-5.342136976904103,-6.096357080975217,-6.394789605138098,-5.303688736639622,-5.519174111755732,-5.946987855587629,-5.739984132859665,-5.657278004068377,-5.043310599667482,-5.536083962212938,-5.801769579200752,-5.420378660518327,-6.442331852613547,-5.072604479888351,-7.532749055479354,-6.126649670816215,-7.888683041509277,-5.476830532701641,-6.597072543486088,-5.620070925397844,-6.73904523368122,-5.636243094092746,-6.438683597273705,-7.595786214664626,-7.102645485144169,-5.682733238242938,-7.2669981163310275,-5.12218104795331,-6.793134217693659,-7.67802131297435,-5.967981059674983,-6.646974393595261,-5.676427923510295,-7.121110870311287,-7.211526157299874,-6.52934437880964,-7.258414854248477,-5.950661352661713,-6.335298447870743,-5.842032014083941,-5.9215191239965845,5.0,1.0,6612.5760849508015,0.1936894627805252
546,-5.237845880725257,-5.946282788749277,-6.985689097402647,-4.867855815242236,-5.856903272964621,-4.937805224990204,-5.539434498225342,-6.825663369371313,-6.610603299030591,-5.186968279994128,-5.829558418214053,-6.560828641905777,-4.868278844090982,-6.255299874218117,-6.1894562461678815,-6.039616050091861,-4.94797929219342,-6.247407880684318,-5.2225333515155,-6.015811714855334,-5.3034915467542865,-6.898005130425719,-5.4970440751778575,-6.295367580660398,-6.731444826003492,-7.034340377868145,-5.137421317369219,-5.642179828074455,-6.391030174974686,-6.831067329752339,-6.753738205126777,-5.949155211679493,-7.692274754683387,-6.405200659061453,-5.768641663396923,-7.02076711889366,-5.182505362972283,-6.442817274379572,-6.4131749108395635,-7.214001845175551,-6.806842063648787,-5.58682982726159,-5.886362035271394,-6.222963573541102,-6.744971548120616,-6.676960447765933,-7.43034456925376,-6.085705145183379,-5.93003205395184,-4.995802530677621,5.0,1.0,4745.271665955146,0.7492514187632916
547,-5.242405602520756,-6.0919126018227425,-6.665561902516555,-5.018212719869739,-5.863071606028483,-5.725620003644739,-6.115252204651493,-6.930387945956277,-7.249668846887799,-6.167085896043913,-6.233713451182194,-6.400361980474168,-5.008424643276418,-5.507418472324544,-6.384241952438003,-5.367585212059294,-6.470979274390094,-5.452702424006604,-5.113593352806323,-4.970762820275214,-4.913530080206327,-6.908146401106892,-5.767978741164014,-6.067949108896292,-6.771794815214619,-6.644406995058164,-5.478461197029031,-5.92992527995451,-6.384630636285416,-6.716087808835683,-5.5808719530116155,-6.60802004064713,-6.405890026016449,-6.689843620123834,-6.130971489588241,-6.328623504053406,-5.048413578182848,-6.663163096141556,-7.227361848776267,-6.555866342585076,-7.006501349319741,-5.9558691024200145,-5.479792560565572,-6.787592489054404,-6.564256097564701,-7.196959062907676,-7.16225187806092,-6.4297210107863645,-5.74518351849116,-5.905049167277506,5.0,1.0,5156.791065430829,0.6037681926512916
548,-5.878196303586133,-5.892045010426285,-6.566729484200549,-4.630761944849132,-6.334139627180078,-5.820769534559294,-6.100709070334272,-7.215601580548813,-6.787755239907766,-5.372728883754233,-5.489192938368336,-7.1579075343805005,-6.592276273892073,-6.291741903342378,-6.572582914335886,-5.43116747682376,-6.682091888856122,-5.333042836137933,-4.387376026890112,-5.407257768701865,-5.012154608602808,-6.252171591156521,-5.044088455454988,-6.637287327510908,-6.523698903011517,-6.879705902951153,-4.782632834562836,-6.060482498542544,-6.020610702734156,-6.660103148704559,-6.311667292506199,-5.936772170224169,-6.9780147437049616,-6.878852241703181,-5.941094162403873,-6.672422867673913,-6.127438280027364,-6.398898788614008,-7.174428296146195,-7.449049904637583,-7.0548488905554825,-5.162180616880224,-6.488008921416348,-7.233590270401694,-6.396519252061552,-7.634927858292544,-6.9786249189662595,-6.337359140921451,-5.749922275110073,-6.2508387136065835,5.0,1.0,5510.601569037095,0.7956491027752562
549,-5.807000791523797,-5.894790072298089,-7.183556758132802,-5.616842501651777,-5.449709256809387,-5.757320543558722,-5.5658287213107105,-6.988714988059718,-8.03724546089824,-4.937720746001107,-6.076326683863574,-7.649392588825952,-5.777429738925677,-6.457699358458447,-6.8182878016221125,-6.023131896293882,-6.071897601307082,-4.852401294798598,-4.794938736401809,-5.138511717570257,-5.2828999378421875,-6.1486079604912405,-5.247162053669802,-7.054220285329793,-5.920228655138665,-7.5659841815140885,-5.94700179030073,-5.922453318839805,-6.276211828608659,-6.781184335174034,-6.1630050972006805,-6.657615512757694,-6.770370978620308,-7.151048133707484,-5.048465818127644,-5.759562641768931,-5.173004804815476,-5.911749952228853,-6.753013789954694,-6.791385496078757,-6.799452710483929,-5.804491857074521,-5.75659502422095,-6.679366789624913,-6.892933059286828,-7.570917851545293,-6.637063968345871,-5.6612037865909555,-5.856886487059317,-5.209606616464987,5.0,1.0,6292.262492782718,0.09199281804565579
550,-6.250752406722133,-5.263039646662296,-7.151003999027639,-5.4274706085539135,-5.139180615059812,-6.421915411820832,-5.463546128660044,-7.160942403325719,-7.462439944343689,-4.989158680855729,-5.988774133881802,-6.6110092258977895,-6.639442455978057,-7.042453921554856,-6.204644094950429,-6.284234827919079,-6.678404471286938,-5.298132456619542,-6.032514794057297,-5.337394529480471,-5.113361310456864,-7.302462068194982,-5.761078633361286,-6.876981921268662,-6.539562029988802,-6.706035298313571,-5.109387688442461,-5.8432347817939805,-6.547600303002576,-6.53799945644738,-6.75769939179909,-6.192434183302913,-7.306668900980855,-6.9833096217006165,-6.4235469124130065,-6.488689755927481,-5.422638274400323,-5.672993008785238,-7.511884985552379,-6.652448771761424,-6.980210139215125,-5.3411470666715655,-5.447099515401397,-6.107702244896941,-7.082254301311407,-6.86291642492691,-7.230113548822766,-5.563113921130944,-6.353900971071105,-5.5053602963749535,5.0,1.0,6999.753401110902,0.12756802699048367
551,-5.543039864826793,-5.411740125668672,-7.059311218234493,-4.639767964798347,-5.741371579369975,-6.094169420852379,-5.384739702624596,-7.001006534888397,-8.310946735805548,-4.881581812604906,-6.212962391705764,-5.8415028718267195,-5.53603502881866,-5.579003670599636,-5.8394621867921455,-5.184326032871887,-6.153209460887142,-5.469971424160007,-5.079200844467574,-4.25123714952745,-5.653019375900801,-6.540109134144307,-5.456939224080576,-7.176194336421914,-6.518685921892983,-7.3790805392472905,-4.654074369247402,-4.693285991340141,-5.980946536963101,-6.997630602736018,-6.441069391802945,-6.784121282453796,-7.100419971596613,-7.374464627774639,-5.068975796012927,-6.653290984125729,-4.881516776399205,-6.000181437799511,-6.855234673756829,-6.513675233079073,-7.204094994489719,-6.195825267293063,-5.525497127579448,-7.109507145217703,-6.839223636957703,-7.068480333764056,-6.716897506287999,-5.135727187878247,-5.879777154319165,-5.347611478833233,5.0,1.0,4829.926142411736,0.5604209370601446
552,-6.000878725958035,-6.1159682088035,-6.4822789478147556,-5.377583678293564,-5.885210169448181,-5.502469555901942,-4.992244276728983,-7.0465043691061435,-7.338546659678786,-4.979237334885572,-6.181943865444018,-6.752304693142643,-5.039592530305764,-6.249629488492588,-6.073556512152319,-6.072560092649241,-5.473243545950451,-5.1399937312015815,-5.7131872289837276,-5.2679883444136255,-6.1739843958211305,-6.450188164938022,-5.954532811615794,-6.7998494018306195,-6.410390513476287,-7.296844532780187,-5.377343095064174,-5.651218380748989,-6.025297265800333,-7.134892135626188,-5.386831400623817,-6.630491001751642,-7.4104994972509175,-7.350667033411656,-5.289754729392875,-6.455283247350273,-5.397037289038693,-6.631026375301528,-6.854605415792888,-6.463040702782009,-6.86487625159777,-5.820404625942374,-5.833616624713837,-6.454134540134142,-7.100035956347305,-6.718649044829875,-7.164915494722886,-5.955570407135319,-6.015069931036758,-5.274504145105959,5.0,1.0,5607.953287679858,0.4191581337250476
553,-6.321384214865719,-7.122887432327282,-6.440209683590355,-4.938536551417662,-5.781802036030617,-5.73209850241941,-5.411076521445093,-7.061087058164425,-6.9920302010191175,-5.569172762414325,-6.470053412438343,-6.1356742901892645,-5.812010327192479,-6.040184101352114,-5.897877169555802,-5.923904789492017,-6.3037687245576075,-5.02329920792861,-5.580855229732705,-5.184942047732586,-5.274273093171955,-6.427257162135949,-5.237252697761482,-6.886316674976819,-6.6160317622924385,-7.431424882205362,-5.175670255103565,-5.861529587802148,-5.7025763347087475,-7.35351100744037,-5.686699614932743,-6.246886276653614,-7.422950253324079,-7.401374928404738,-6.353197176498445,-6.15895381478741,-6.195754876828646,-5.99032165258491,-7.119572327712471,-6.322413339505672,-7.042658596404495,-5.169600733652065,-5.5709585116901,-6.873124539772556,-8.10007331013674,-7.452362524685547,-6.12220808178278,-5.333611346250847,-6.427507336755001,-5.63807317164161,5.0,1.0,6481.367186208131,0.13964507946528146
554,-5.975964850879827,-5.657199878291365,-6.79728682868147,-5.270959827573124,-5.50473542347454,-6.241145928804257,-5.06998102370309,-7.244227639963088,-6.60825672885056,-5.18828632855618,-5.781567020017971,-6.686437084110089,-5.5457663990117245,-6.089177431461345,-5.996098450662152,-5.508795917786258,-6.3180595234605095,-5.796897591752515,-4.952136886155455,-5.475913729897141,-5.06842520202016,-7.440258838626029,-5.7477444458763625,-6.902532311828307,-6.804998620967718,-6.473109835792457,-5.22434092947993,-5.284174575017635,-6.150332783715515,-6.75499109053425,-6.398563490248571,-6.450811721473008,-6.4929594193859375,-7.5670395281182286,-5.841528624577455,-6.201022644225032,-5.021226237379499,-5.947580219724522,-6.8961335183519905,-6.3841135545106384,-6.901155849872054,-5.28912963264623,-6.2789872284899095,-6.196279797728858,-7.092339584590632,-6.847755692477009,-6.804468144521701,-5.522763895826654,-6.050213521760277,-5.7341140481358295,5.0,1.0,5292.664353080855,0.34965204776625436
555,-5.72599343387706,-5.576073071182644,-7.374040865823424,-4.884975309916196,-5.8397882576132,-5.889867150250033,-5.601065781650968,-6.782161814268647,-6.555537507504119,-5.665353371689488,-6.860059600995516,-6.768809395566499,-5.035493191247014,-5.60803604111006,-6.12550896685183,-6.349241774671606,-5.512863881636211,-5.428016841971874,-5.182551317070583,-5.253667909103636,-5.8049895177353,-6.319106546324329,-5.1022991181330655,-7.4961771459793685,-6.0443920859555975,-7.862217439766508,-4.66831132785412,-5.012313141063278,-5.635351120289471,-6.217610397995482,-6.828772829189442,-6.866555319134819,-6.605323703955187,-7.082749886898532,-5.423315415740236,-6.410712178865692,-5.630183864364685,-6.5205287542142925,-7.689573593065133,-6.30559126027791,-6.872156728470433,-4.697305199245129,-6.196478150057644,-6.919454989658569,-6.21781281933391,-7.099796035921843,-7.613269621725409,-5.615345755247089,-6.561435570034622,-5.712799322516317,5.0,1.0,5318.943694199546,0.5581699959848033
556,-6.519418448346787,-5.357155078860028,-6.816000471427467,-4.832861529963718,-5.8650068915128815,-5.78639173017367,-5.2941707308427794,-7.402455432289964,-6.553323197545808,-4.783895146295465,-6.173589288539689,-6.993266578944716,-5.814266653424266,-5.9967814717897925,-5.587427366652047,-6.399780227754158,-5.720647198472323,-5.812128697473671,-5.476984489260827,-4.68217208232251,-5.581072375150818,-6.950501535078673,-5.298956134163085,-6.583692164737321,-6.353611688315874,-7.288552876806005,-4.7957220774537195,-5.962545436661849,-5.371449453375058,-6.575549657112701,-6.81530103784452,-6.350426477567825,-7.173940709970963,-7.3994063141396476,-5.223329436785631,-6.615587958576167,-5.986362019748956,-5.994825246329199,-6.810868897087975,-6.198736252165084,-7.086510670720604,-5.713585815153596,-6.1828715512489225,-6.517034940573904,-7.995327372467892,-6.363709229478909,-6.71506961529423,-5.187821933509779,-6.215973248272613,-5.6255100067055555,5.0,1.0,5452.643984078283,0.41097875906607806
557,-5.334993697845397,-5.476978428434202,-6.424432989608529,-5.686738284965766,-6.285924342549078,-5.837144459666792,-5.692945733866517,-6.812996972388443,-7.533072325199922,-4.84770729242082,-5.680300076307319,-5.726489985230736,-5.828908296283847,-6.202509878561829,-6.280802948332524,-5.413957838778336,-5.665417991442389,-5.73342728891709,-5.661946122077715,-5.179873934906652,-4.776930483426098,-6.553172158443125,-5.361982080809602,-6.715386797067518,-6.338451247343456,-6.745847165295626,-5.368301371946209,-5.725195113707354,-5.848692988428299,-7.024662080008352,-5.905168159014062,-6.4191876060725646,-7.743837853113611,-7.049537232944029,-5.005696022220746,-5.7043887020289334,-5.12039241706666,-6.6439302935239555,-6.7591286844493705,-6.242936629560725,-7.237410790288638,-5.835302937257622,-6.145502380175289,-6.511456954361041,-7.363608044940523,-7.101653618274537,-7.139817703198172,-6.217644006717964,-6.280577186787734,-5.69349261788885,5.0,1.0,5100.556573476238,0.5688867835677576
558,-5.739996965269076,-5.609055221664397,-6.028870261449246,-5.306876514806521,-5.894650497099994,-5.9277958494982546,-5.3740361628586415,-6.631565744118691,-7.383417987409991,-5.051144260932473,-5.788004102142126,-6.701931580763295,-5.538331619379557,-6.437148659317118,-6.114892216663631,-5.944072658059111,-5.9583023433826074,-4.87887275123732,-4.8702360394852215,-4.55735542517515,-6.636699135304015,-6.622845519448112,-5.448399715715865,-6.46594103655874,-6.138706400163411,-7.460833468258643,-5.093624062719048,-5.860686251490579,-6.021337175925936,-6.80502475621528,-6.399139817777096,-6.574468015988444,-6.656344388059053,-7.060725978197882,-5.733789693157991,-6.294331947660416,-5.938003324134411,-6.36441452023426,-7.042307828280331,-6.508137227476014,-6.900568619011003,-5.719528431604105,-5.751359138720795,-6.873852583943137,-7.733550487073705,-7.170725976655609,-6.233730310823332,-5.557447331702426,-5.960254804576563,-4.9587571508523425,5.0,1.0,5521.656134686522,0.23380104664490642
559,-5.3632560804583305,-5.259330515626951,-6.9905721321978325,-5.511469056864151,-5.62637217241693,-5.879091532193399,-5.3959032225520485,-7.290420726281658,-7.058068421482268,-5.532906857293408,-5.612426575053812,-5.683995924199218,-5.942546347497965,-5.586008307363374,-6.555116358812731,-6.031055582518006,-5.976344763549008,-5.243826202217317,-5.363004750759794,-4.589151910662979,-5.529280082267225,-5.963280186481852,-5.90542102910277,-6.121087443918666,-5.732353941069372,-7.453046546980499,-5.281052446914221,-6.229676357357832,-6.706044313533518,-6.605641914154628,-6.667107599572221,-5.810811644391551,-6.49235293906928,-7.132465328236748,-5.895863224072162,-5.8904639786631146,-5.69606800843859,-6.890191576774499,-6.906274347174207,-5.64092651318174,-7.391399666815418,-5.769506384596879,-5.988315357519606,-6.211709280355687,-7.776178327243878,-7.007951257077865,-6.323975697751774,-5.785483049744313,-5.641153798464773,-5.571469172220175,5.0,1.0,5213.483105051257,0.2816887206048088
560,-6.637960997574605,-5.363695242723959,-7.055170696843651,-5.423701331016795,-6.34411629899888,-5.328908659192918,-6.1914220093783925,-6.3617751707243135,-7.024432245546314,-5.555681498792739,-5.780164478499917,-7.081241365323578,-5.7944456849144546,-6.673604845299684,-6.628452524927492,-5.959126414258047,-5.975928689845789,-5.228165655103588,-5.07564556698741,-4.963989579245585,-5.3793997525999595,-7.104979016581982,-5.734495185505911,-6.557100163011902,-6.47926422806217,-7.310015350446019,-5.027136657373192,-5.675033061099658,-6.458382793243233,-7.116076558079539,-5.7718200271259885,-6.455133450968083,-6.355468646762761,-7.334671810745098,-5.92130566646846,-6.198431666901068,-4.5265029387844145,-6.0360366977120075,-6.924052619253149,-6.555779481967932,-6.496263961851012,-5.894857138840579,-5.319977805194311,-6.884064341335185,-7.3820779096967275,-6.685009543315793,-7.022814439038522,-6.767697055090957,-5.710396662483565,-6.161383530081952,5.0,1.0,6099.261874265686,0.24735664649517056
561,-6.474987979253875,-5.629513212951193,-6.892044796973973,-4.7381864123952155,-6.9878577876879415,-5.146025019886785,-4.529668925651499,-6.765370538062018,-6.739622535350951,-5.155345139509855,-5.830134674825165,-5.9775341128222665,-4.9522782315214355,-5.9355999306620255,-6.554209080653284,-6.392109479183246,-5.7588178107521335,-4.716273664533034,-5.10769168703993,-5.208861879312544,-5.459647296483142,-6.908467753207106,-4.487113238149158,-6.847975383257264,-6.8688560071270475,-6.847606753551822,-5.082209592073389,-5.619836941918421,-5.45084910543861,-6.762371576320233,-6.816569426431529,-6.944455676797875,-5.540609378881667,-7.267526770952592,-5.8986565524713495,-6.627028575199264,-5.265962673163963,-6.65363326419268,-7.327784594136642,-6.799568437301874,-6.228359598660218,-5.215915376413038,-5.764573476228909,-6.593895572250206,-7.326005129425761,-7.2350762115466045,-6.913922064655002,-5.386519631451453,-5.636614285462238,-4.819782598228862,5.0,1.0,4621.347884753149,0.5788599874379557
562,-5.178060760605758,-5.202548120084874,-7.018107915113657,-5.302644503978535,-5.707899352252041,-5.98564912081481,-5.691483544795029,-6.313623738713486,-7.4911857284549,-5.523040881631445,-5.782349578787632,-7.255302409504327,-5.29161433968106,-5.738162747409861,-6.541990145328757,-6.039987516957876,-6.465812633899684,-5.313171333617215,-5.329810917435443,-4.4576276450923435,-5.218236294823128,-6.49928675547743,-5.271517233165774,-6.711199683689538,-6.736847312518046,-6.398166162689847,-5.241978768493851,-6.209999089073182,-5.632923350607747,-7.522275935331048,-6.401603667582025,-6.45271107394372,-7.0982209514452,-7.08224575574744,-5.214938501730379,-6.977418623952523,-5.126142524579449,-6.361447470729585,-7.043872110341876,-6.742542865982425,-6.635009438968964,-5.262239979705875,-5.44644986618711,-6.451238795269366,-6.9545525589013355,-7.408915154174426,-7.434467126094308,-5.44091144244659,-6.220029249824089,-5.781347606902039,5.0,1.0,5919.93272210642,0.1316976916047235
563,-5.746992395591544,-4.877170280754682,-6.416944381101077,-6.465599185506218,-6.454276830210789,-5.898048965881509,-5.803237280830583,-6.486388558432826,-7.079468364776912,-5.3788069323090175,-6.102439877848163,-6.628364781049904,-5.837638501368266,-6.486624073408482,-6.036982878301268,-6.0326270135472235,-6.414622377672396,-5.412628921874506,-5.383878524277224,-5.451985900732162,-5.1673960854936025,-6.865024053853952,-4.53611105457557,-7.249688764306334,-5.62199050475253,-6.395203940621692,-4.896942834409835,-6.05882566013266,-5.0682319921864885,-6.6964893115354585,-5.9564392359132965,-6.4889385175525245,-6.483420722907817,-7.4644594995248035,-5.340888229505836,-6.367231037315086,-5.533526171169767,-6.183613443268894,-7.0465773451551685,-6.724107370402882,-7.000023730367067,-5.195172992044961,-5.7546555448194425,-7.184772682270714,-7.349406662785065,-6.39558925945577,-6.918541143346677,-5.598655437088433,-6.027801596844121,-5.854624876752008,5.0,1.0,5585.63601520463,0.18313783636319922
564,-6.699885938054631,-5.117996298246217,-6.450334590956803,-5.899935988621355,-5.541779815197051,-6.465993260469171,-6.1001147361730546,-7.265269154589079,-7.303966762950491,-5.405881315967069,-6.0798539042843505,-6.01818701672347,-5.166767539520072,-6.084223284673771,-6.094848509525065,-4.953783735286137,-6.422065778453474,-4.94866883161625,-5.021765545714369,-5.583804248160629,-5.402087164415206,-7.003099670761263,-5.437559136672667,-6.029337670351677,-6.32694108685327,-7.581463971298645,-6.331265329121933,-6.545274987676543,-5.87665517412109,-7.691201802783622,-6.453075429668564,-6.6975700821682445,-7.5429224698132655,-7.816513273717427,-5.519761229085561,-5.8443097541618885,-5.473066149296454,-6.874718220798458,-6.862516745629172,-6.1550337431642745,-5.919084102282026,-5.169314213500389,-5.79398582019898,-6.972129060272958,-6.872855820084574,-6.568950310309834,-7.2069354509555685,-4.982939915347664,-5.928119953306889,-4.3602219226674315,5.0,1.0,6125.606855034403,0.1157509915907558
565,-5.282277582044185,-5.744373469670278,-7.1805987689226525,-5.492769291341144,-5.7969038612904935,-5.9108995353981575,-5.884750555427475,-7.107798243514791,-7.244580522363745,-5.493829677265869,-6.290309029030396,-6.774838214744177,-5.355259053355851,-6.319406683197151,-6.4492620107762475,-6.240789151207412,-6.967038129608278,-5.618748849165159,-5.721622803863274,-5.652741586061403,-5.271423072195629,-6.144093061669493,-5.397382099259124,-7.477753902268636,-6.073929966273368,-7.286179407504597,-5.364805095914496,-6.037232109832037,-6.300299343417516,-6.393945612842462,-5.76579980401785,-6.03520764100593,-6.236996645337698,-7.436584241282685,-5.713919968564545,-5.678209690982662,-5.363321992882069,-6.59321860579952,-7.023673167019994,-6.58265083592247,-6.82068857251619,-5.884858778813596,-6.23061436082163,-6.809655758092429,-7.3739011767222244,-6.7096655878454525,-7.123084078565439,-5.83042414400539,-5.735607660736374,-5.383000612204389,5.0,1.0,6439.771586884112,0.1566583682050464
566,-5.754954545250828,-6.044095636392258,-6.9824766227453505,-5.367100525854239,-5.669480122588355,-6.018959655779886,-5.138729104517497,-6.982629221659733,-7.752389260907002,-4.8832991015946865,-5.949528116282225,-6.135636864321848,-5.715538270246008,-6.519203897769226,-6.510978137286506,-6.590880322162167,-6.479565080913759,-5.197769401041404,-5.318793389503276,-5.167106351760845,-4.981886874596402,-6.965778536835322,-5.486937644236483,-7.322981173276397,-6.237636856641023,-7.223745630459381,-5.648016305838505,-5.614207238127843,-6.80257682891089,-7.4333925835319965,-6.0717159537087815,-6.76827669127401,-7.5587483565082065,-7.4992554250614045,-5.307112982110677,-5.89236639873049,-5.363457225885893,-6.598243437520916,-7.314450163223517,-6.701568754130704,-6.750967914182413,-5.649925486707311,-6.236050915980926,-6.47079757287604,-7.3071917821191,-6.400736158124784,-6.600102689833883,-5.579669531341085,-6.096486437472521,-5.503992179920869,5.0,1.0,6261.964010446645,0.40403522707335315
567,-5.817818463993103,-5.397724097418603,-6.692550264930725,-4.796775342653628,-6.2593779467662305,-6.271905632828375,-5.491825310448055,-7.055213690104606,-7.240561940191444,-5.037757904949408,-5.871081822723119,-6.531137511490232,-6.247740624832383,-5.7743486062904665,-7.036082392242351,-5.710884502107082,-6.099248045207575,-4.811004591184419,-5.725300596390182,-5.113084214465065,-5.330946211923545,-6.5252813012060304,-5.909633874660675,-6.453677650615557,-5.772761508444343,-6.533735228659001,-5.239207568764767,-5.464950096457238,-6.118372697546916,-7.008198040970856,-6.560091100476054,-6.949530122728405,-7.9877872688337455,-7.600974987006006,-6.515576849147143,-6.656902645079528,-5.762517429917089,-6.342498029723172,-5.906677125134815,-6.299760230242237,-8.378930867325856,-5.748648865301695,-5.496942652367082,-6.275050752223167,-7.332308910846694,-7.002461855228708,-6.6490995307590595,-6.512869546180484,-6.082042447544395,-5.51316618418289,5.0,1.0,6393.3851146622865,0.21781612861347696
568,-5.148669374281238,-5.748976203850753,-7.824676036290144,-4.976287209071191,-5.521142204845746,-5.831051302590869,-4.443861720205875,-6.42757695944222,-7.79761296909238,-4.951265811115668,-5.597672340996094,-6.705675552781024,-5.1926938509598255,-5.869749069603852,-6.889789394716119,-5.830978972258407,-5.86658919449414,-5.772093198446981,-5.935525577387501,-5.316395981731867,-5.267003318866098,-6.615104249692175,-5.324365391009669,-7.231159031581097,-6.1218201005679616,-7.298974316911004,-5.323545645748484,-5.401479565541114,-5.767712175915674,-6.7032986004495,-6.592679154349336,-6.842748691376581,-6.375345254449392,-7.234843411926675,-5.980814809553089,-7.100638289719573,-4.935690649123385,-6.306081641038638,-6.778221640016591,-5.698753965277154,-6.464471109043292,-6.144899223320616,-6.648049524203306,-7.333222536222631,-7.168412926395279,-7.02624492785307,-6.481097270829655,-5.742784383892381,-5.766350552615659,-4.637848636671822,5.0,1.0,5662.0475865858525,0.19445093353668375
569,-5.668737787938549,-5.772144168060926,-7.181488139450463,-5.360096097047895,-5.825929385581712,-5.7040575509238955,-5.931324366804826,-7.302923417790602,-7.271422001813434,-6.395368331510052,-6.432086315267869,-6.157946831717244,-4.940015721177344,-6.523455717914452,-6.796147858365747,-5.449223613333929,-6.0106080559250925,-5.354161525341525,-5.907979629461651,-5.098940403192194,-5.877222521583748,-7.222169315345192,-5.194997024462171,-6.619172633719493,-6.6923637895477475,-7.185887286197282,-4.640754720040528,-6.189729359763218,-5.463017797669381,-7.2955955391997875,-5.860730717530036,-6.29534326963111,-7.11214597359448,-6.965219974546147,-5.103414958210704,-6.482756940737106,-5.908141946568268,-6.609513804955557,-7.86313373799884,-6.6769778289481545,-6.669274682641244,-5.967063078399339,-6.245882316600017,-6.732621028817073,-7.577279736518759,-6.486418844610483,-7.167516646170093,-6.034523299840174,-6.283808493290222,-5.0768941424538525,5.0,1.0,6609.755483246465,0.2761786927799048
570,-5.732290433912253,-4.993167601868662,-7.059256811613135,-5.119004948055356,-6.693566324068459,-4.797396555926562,-5.265559097825568,-6.876889899255675,-7.812558540462612,-6.19839597372858,-5.667712041749109,-7.111804521060898,-6.10900377376943,-5.782091531596713,-5.9308360973872905,-6.080966006243591,-5.616673475758411,-5.259265607588206,-4.862805490568454,-5.060820519629813,-5.579866432692551,-6.715372685378222,-5.572181458970737,-6.748736807953513,-5.809127309878117,-7.333489313357222,-5.865268934889204,-6.329930539311378,-6.456724593451155,-6.606398601066659,-6.592207680032,-5.659420521555697,-7.377785406501622,-7.537362848020993,-6.254593877247716,-6.274365367313651,-4.7403583701978445,-6.374759386619202,-6.975910961376755,-6.109024158139813,-7.477217082538035,-5.799939327343791,-5.856589707096784,-6.53715398317179,-7.392651792210458,-6.729249151678395,-7.159856264909434,-5.670469750614003,-5.431886030004114,-4.842592652314915,5.0,1.0,5123.5372811337165,0.7915891372594253
571,-5.92362338164079,-5.983783209703508,-7.045548784890771,-4.982286430875967,-6.537392111055454,-6.244315587338297,-5.612504924889269,-6.6500401839159275,-7.155834745542239,-5.3588125870422925,-5.786690999153556,-7.008635754738337,-5.392732142578307,-5.526642665947731,-6.681194139020429,-6.0456555626003485,-6.165963693583141,-5.46825779311522,-5.561118027580659,-6.0626859319745225,-5.86252232646145,-6.821261929053727,-5.751521970089762,-7.004034051590723,-6.043028362762038,-6.742142399675406,-5.0711192698366165,-5.978132672597144,-5.896603669015744,-6.293887392763868,-6.658469210102169,-6.8228906097094795,-7.0707834563796945,-6.677055025122584,-5.523088193531968,-5.739253681290933,-5.2817052651309355,-6.367246542095225,-6.4372848731418175,-6.784575581801516,-6.594837283164678,-4.950050220423085,-6.372298334581876,-6.90861810101722,-7.405166758867489,-6.52513295752135,-6.481393119972559,-6.270930478111083,-6.4453432506607795,-5.43924390679541,5.0,1.0,5553.127916775899,0.5592430244890253
572,-5.23215463824848,-5.5548133998101274,-6.099387633738463,-5.25010535329272,-5.363663745807994,-5.535005813001333,-5.187678159652772,-6.732061464911851,-7.0199097645207855,-4.875571555009638,-6.623615195042436,-6.839688590884699,-5.519989506278208,-5.9487218329132245,-6.425044724228132,-5.249622313652669,-5.441227750231919,-4.872611304548737,-5.642840122034045,-5.030963856353389,-5.286167006247807,-6.533797174564051,-5.78577471133482,-6.714954392761726,-6.317168504239671,-6.485519136377998,-5.486403766912626,-5.821031524047134,-5.954289568535814,-6.8735976337307685,-6.47437055870918,-6.526222927685642,-6.737817319412446,-7.262898379661603,-5.483131393534977,-6.025166624748052,-5.817890296992795,-6.692494263478961,-6.955785961433331,-6.9221035968041775,-6.422097754247936,-5.850242208388299,-5.562575698808051,-6.359792797920709,-7.5475288255540285,-6.508381602377422,-7.034182890295238,-5.351178257777988,-5.791370796566928,-5.4427665739459865,5.0,1.0,4807.358463114715,0.4019703660111869
573,-6.1304354120955455,-5.868963882165736,-6.83739076083908,-5.489610043373287,-6.3576616667729935,-6.530607470673807,-5.249172607826253,-6.583846429818825,-7.131351697882981,-5.594674153713317,-5.927715664033513,-7.085425423360784,-5.157608392388828,-6.6958417124038565,-6.36065492510285,-6.428629473419181,-5.471314233365064,-4.9832488387690805,-5.178808742569256,-5.303302380306999,-5.504063891930611,-6.261919048853054,-5.588911249231295,-6.842952641774363,-6.749510703456432,-7.719617649650795,-5.603277568371405,-6.700614879775269,-6.059481192574839,-6.49110277409957,-6.607047294899693,-5.877028439462773,-7.369424098620978,-7.357476435750247,-4.840670507052845,-6.212090031793086,-5.172773247733144,-6.338303093203687,-6.440566717404273,-5.609359334246766,-6.122504661409168,-5.956922353121131,-5.902656708724992,-7.119794775787457,-6.687204790804668,-7.998646430666611,-7.159842863778859,-5.8800186464863,-5.660250097345002,-5.77729521626095,5.0,1.0,5717.01315518171,0.5441499515715459
574,-5.951357882751259,-6.188224242187717,-5.970129989595744,-5.103788812168173,-6.172411666842062,-5.107538609086534,-5.393773272869824,-6.799275585768544,-6.640219308142424,-5.410869548620686,-6.165119974280674,-6.4119466423526505,-5.459105350041206,-6.115690207659527,-6.0525942515812705,-5.288261577538976,-6.488057990551225,-6.026898978760184,-5.8093321989772555,-4.961971661441777,-5.697935939890144,-6.259388707276522,-5.508646148290895,-6.915545146379892,-7.002644873404183,-7.165235067820511,-5.911962031573805,-5.795383599010782,-6.367421969265,-6.736463848490357,-7.110356020404547,-6.3005487996771965,-6.692443316776385,-6.522938195420638,-5.482645445728217,-5.906492819629241,-4.857141529245614,-6.735342571123789,-6.726082749203648,-7.084135771631986,-6.847512370330309,-5.817741650249263,-6.03427119759323,-6.218247356379351,-7.381144828339109,-7.245066859362738,-7.541006046954284,-5.861033631240138,-6.150017634845885,-5.374997896430295,5.0,1.0,5237.613399300757,0.7339454137700105
575,-5.430387260164802,-5.928434771579159,-6.926202863656455,-5.163223125549088,-5.52296305434129,-5.987484704436526,-5.658638258627901,-6.402662683197309,-6.957068959957143,-5.307216861565859,-5.856788718953615,-6.512546237212547,-5.539607759646407,-6.478453070762573,-5.7532157247149165,-5.656951808158868,-5.441290090512918,-6.304998245638835,-5.2547383650306605,-5.279454313728078,-5.185519785620649,-6.6037921991200665,-5.325437526771785,-6.362029647297003,-7.313113348512817,-7.189121705950428,-5.5297398860929565,-6.1936031359129515,-5.775793978292797,-6.869522695000197,-6.0834130255534955,-6.357971716703377,-7.50739569632008,-6.801180549353071,-5.902395322601661,-5.689753586907479,-5.075736165533834,-6.4025008647072434,-5.613070264604527,-5.776515131786959,-6.561121815704408,-4.759995497509015,-6.054185007741647,-6.948762905201474,-7.465252587267699,-5.94425426950923,-6.58605660696541,-6.066230022314564,-6.526423467186925,-5.77356213661481,5.0,1.0,4620.457955777712,0.6529238059700297
576,-6.006439671624681,-5.829698977872762,-6.621286575816965,-5.712579056394876,-5.846703549017762,-5.434087967644791,-5.210527407955588,-7.023518464006718,-6.469015555797883,-5.363351250265453,-6.209022095966157,-6.588092760971117,-4.919632034437419,-5.86318158933885,-6.212075590230791,-6.177781142465628,-6.043422645258074,-5.834440731582226,-5.278397782124124,-5.527630986192019,-6.027469658169772,-6.814445904561457,-5.2831868662739785,-6.591287343295876,-6.524928480688424,-7.2773938470473185,-4.944937586131151,-6.354683964209663,-5.936581975796516,-6.968195255108457,-6.188340365975699,-6.2683116562246175,-7.061354420457294,-7.001362422836018,-6.036115687767729,-6.830284366922557,-5.504974002262819,-6.545129217826049,-6.403918045351576,-5.726108114191837,-7.4021132329779205,-5.794433053333479,-5.544338015511484,-7.2032569056536495,-7.079390436616005,-6.674838926997458,-6.920137685559521,-5.7198829482830575,-6.123272637042838,-5.869249611163442,5.0,1.0,5198.08669882935,0.765840125597139
577,-5.138510285216738,-5.107250975761581,-7.276239858469477,-5.0905132505601145,-5.973363724242309,-6.131033130226405,-6.1316898316837305,-6.831353831982821,-7.232885418791573,-5.365689435210647,-5.1480254012481765,-6.9168131584143095,-5.795674255160602,-6.263833462663506,-6.40921109549554,-6.43230694014135,-6.003502242273356,-5.5946169161682,-4.635438326135743,-5.374735968179376,-6.269176488870805,-6.49345780429879,-5.947307754543757,-6.5397550734150265,-6.464016924549502,-7.182868528395502,-5.514271434243321,-5.449324600791313,-5.866412900887725,-6.883579222687668,-6.766483051119004,-5.435759179808914,-7.1441575526054235,-6.453151129378236,-5.236249063268327,-6.2222618394840294,-5.995035733500275,-6.811577117761075,-7.143851544427509,-6.251977578752117,-7.90058694786204,-5.879185156234639,-5.87029571465751,-6.645635379817555,-7.1437039056993665,-6.306489385900358,-7.1530680720683595,-5.668372218872575,-6.46674227681102,-5.143160521193363,5.0,1.0,5442.288308345721,0.6507372261503899
578,-5.6140589264776235,-5.025974446058573,-6.550977244074659,-5.036487202293549,-6.380403974967182,-5.902584025834043,-6.428127541467626,-7.197897490057722,-6.88403974134398,-5.258654298621909,-5.2870220371867305,-7.225785448586315,-6.539289218382744,-6.0053563884949215,-6.5610989603094305,-5.803992155168326,-6.835871415142802,-5.143097283588589,-5.758865070757837,-4.854935725432171,-6.165204466453714,-7.266000697850918,-5.165778135108993,-6.8670500260641925,-6.394090887198702,-6.240581318789055,-5.024457607228753,-6.178007026160415,-6.385882256784913,-7.122302414588568,-6.256893365243714,-6.443735080317158,-6.863207077120572,-7.065735753117277,-5.3812434748753555,-6.015759028918342,-5.397855527199548,-6.481632340784573,-6.247000907717001,-5.788274934098141,-6.374420083254043,-5.42236336124568,-5.87096172521903,-6.588090358789242,-8.413569129095437,-6.866511457068918,-7.495717146985502,-5.894880922488124,-6.401411132569777,-5.673989821604474,5.0,1.0,6187.75937919669,0.23928742559043503
579,-5.875016784795342,-5.459772525724125,-6.991306516636723,-5.7444292120408855,-6.001071590633566,-6.181167146200726,-5.956836977473817,-6.6304098802546125,-7.327492055735,-4.2047940123385645,-5.673899777782048,-6.589535685831003,-5.6446411336778,-6.144249593875527,-6.594505526656955,-5.32087075699091,-6.275233528175938,-6.028578236386041,-5.029226257090922,-5.387880105075673,-5.309505342413074,-6.3097749349448495,-5.687004496715431,-6.195031984360696,-6.169041096639188,-6.814071149770919,-5.6443598528934205,-6.5553787559610175,-5.89639238019932,-7.0915616949040645,-6.606256932643227,-5.860592708137551,-6.866412600677635,-6.689802703704822,-5.037204420411299,-6.825427932636644,-5.174483821656416,-6.597570732413248,-7.003037860994846,-6.5190333969469,-7.051867327688205,-5.056968685845194,-5.362696801906888,-7.081231953600564,-6.491147412843504,-6.274548116354418,-7.586425259166642,-6.461205425863452,-5.47487110299446,-5.218916812984695,5.0,1.0,5477.240073723425,0.25772644391037586
580,-6.4598495904446835,-5.248747153170699,-6.211989696139582,-4.978807387775592,-5.9188394473688195,-5.638484160460159,-5.317411493629274,-7.397091314692301,-6.646100666066134,-5.7129366920946865,-6.112048342193319,-6.236630499216158,-5.7384174793660225,-7.073095591388303,-6.130936995675533,-6.345099292062821,-5.300515610681196,-5.24995901739086,-5.29775271513468,-5.453250374316833,-5.825709749409636,-7.086331067290889,-4.892162789782024,-6.543187484217746,-5.970137995014863,-6.900241451992906,-5.441768755136858,-5.694146888568956,-6.069950473626606,-6.852907263306955,-5.716883125374265,-6.426874411966778,-7.482947247002051,-6.785223220317685,-5.790312809765472,-5.7888046363926335,-5.520547425846777,-6.20558662554831,-6.555593306453183,-6.494281468267148,-7.067655049025722,-5.929730898585071,-5.531553233840887,-6.787289605919245,-6.758007252041573,-6.549107750973368,-6.768196297113619,-5.71462844700484,-6.428802874104143,-6.200077405464226,5.0,1.0,5119.523301823185,0.541368198145303
581,-6.085630284290671,-6.066341403567375,-6.957882615640802,-6.198554504051424,-6.33492306909129,-6.0004447198927435,-5.721519633579389,-6.673813129635615,-7.295381151996538,-4.753653761923287,-5.759079727573502,-7.074108047045113,-5.798145249747236,-5.588322351126144,-6.9825367942503105,-5.389426926832254,-5.72091227619572,-5.284469463226983,-5.290036371091749,-5.116009190539432,-5.5448883933292965,-6.882977328391051,-5.120191861417059,-6.95281450650105,-6.0991350901952615,-7.867766311816762,-5.716470452543136,-5.904506547752017,-6.061523781630083,-6.671912711234967,-6.364287656028774,-6.476237006842924,-7.333594969656403,-7.494250217998784,-6.563479592215996,-6.076256350454341,-5.098857148469891,-6.705770289311262,-7.229229245617291,-6.943356504880548,-7.177918373784555,-5.554361318062371,-6.370525714657852,-6.723285152129745,-6.833679080596322,-6.6920040373943985,-5.911856317032418,-5.295937531504377,-5.840711339278105,-6.104794078628278,5.0,1.0,7173.062590164873,0.03554563691861592
582,-5.868794173591716,-5.287622669839634,-6.516578002848056,-4.8721917989126515,-5.308942759682347,-5.94079573224139,-5.54162241647416,-7.139513315212231,-7.560154888444107,-5.5869045942045865,-5.751718175765868,-6.301765439426269,-6.123937931783475,-6.035832584300523,-6.249757627500661,-6.371665873827568,-6.314081153868622,-5.628957826416422,-5.43854730131301,-4.959824368773522,-5.7089074441514835,-6.265936488408201,-6.004839828169148,-6.928006139510681,-6.509797200304494,-6.755655677794574,-5.306228612448398,-5.792806086858803,-5.47976050551911,-7.952195414624076,-5.68699830182522,-6.269552533502167,-6.6871519850927275,-6.967460623188656,-5.894816033906473,-6.7278377024579745,-5.50759747776976,-5.908242913410093,-7.253710633773039,-6.5190069001336415,-6.615901884267486,-4.912054069572443,-5.840149378476257,-6.872405851914221,-6.978518818423498,-6.6312063815158675,-7.165584855914012,-5.975471814507437,-6.156608607840131,-5.2121596015218135,5.0,1.0,5281.9892622022335,0.5707693457528719
583,-6.419004678237956,-6.478900518287617,-6.725788691231808,-5.690547730622766,-6.158740827783372,-5.824264217917439,-5.944694400263784,-6.3612831072999025,-6.36994417670045,-5.2213950703226235,-5.794977772979233,-6.687176480954968,-5.972434340748494,-6.01036881439192,-5.722510574066153,-5.799221941482627,-5.751108651658764,-5.837617939225497,-5.4000369749184465,-4.685175363152539,-5.937179913590693,-7.037368007902578,-4.607314823334289,-6.806337637203568,-6.470239002218718,-7.134856573323046,-5.626567440720815,-5.378463274200074,-5.2822485315068946,-6.021626070433603,-6.304861707298948,-5.7697508822478225,-6.457880288658179,-6.973568064762584,-6.529828853138165,-6.604701619925685,-4.69898164638036,-6.185561837769277,-6.303842516017829,-6.367845855992668,-6.358168711968352,-5.768373104763087,-5.968873993531628,-6.932700679381179,-7.158873895633889,-6.190156042730136,-6.692231222262784,-6.346255802512306,-5.658121544837963,-5.623052385829187,5.0,1.0,4942.540141624435,0.37731029673476163
584,-5.506882231014306,-5.228237438110011,-6.734329347721506,-5.252767942528775,-6.40055942502548,-5.0856227926807875,-5.589128050598805,-7.763539848481885,-6.554305147566602,-5.203704494053806,-5.514497754463061,-7.0272063015471184,-5.2597846790347935,-5.647980334347277,-6.461578704800616,-5.422158476494348,-5.837460296037606,-4.717734264719303,-5.279560223698348,-5.419807320002784,-5.552251614322399,-6.992726114171953,-5.3428041886173165,-6.872535314873215,-6.221107349613528,-8.21350203944372,-5.065984264098887,-5.271101501559064,-6.734326008079126,-6.6636725045371765,-6.670119906637459,-6.685964595963223,-7.577042895775105,-7.200463724133647,-6.059407389041905,-6.075315274567965,-5.0661958421455635,-6.7055301610119225,-6.905271535473477,-6.381630192903873,-6.767872795878985,-6.048413011384748,-5.653679877669041,-7.132211214515233,-6.542161940397078,-7.026518185629926,-6.853931670483052,-5.637215259842616,-6.858026664813834,-5.597648178108123,5.0,1.0,5592.5260777357635,0.511901173001644
585,-6.191250269202752,-5.317258966186964,-7.069360621443561,-5.048004514185496,-5.680453538002005,-5.756706333647675,-4.945837159409647,-6.702690031088386,-7.254641615353615,-5.044734283935614,-5.836406261651145,-6.859528532446204,-5.003739028596254,-6.450733612954077,-6.238096514977575,-5.6801417031945824,-5.93317536002122,-6.488681209081221,-5.370101594397252,-4.953567549326524,-4.94615282325335,-6.040500997196455,-5.241590352318845,-6.7169574713319715,-5.981127188362645,-6.93985185276978,-5.516865795847329,-6.3596439484005325,-5.849150424588988,-6.998487639216148,-6.566232527591095,-6.137151276126044,-6.777376158261883,-6.395045775028095,-5.791442846732299,-5.587192460055662,-4.525265811772687,-6.875441568878555,-6.83897754392604,-6.2984872977038,-6.451552784341152,-6.090870869264763,-5.675683696027661,-6.632928907151725,-6.643327654503394,-6.913041209679315,-7.353867071738413,-5.410588630851832,-6.280365227585388,-5.886991216159295,5.0,1.0,4945.464354357648,0.40496392385500013
586,-5.757838688287731,-5.314504353025122,-6.881362693204578,-5.228231882393696,-5.824704544166404,-6.073915193581497,-5.283036534367419,-7.5564899326339985,-7.281119513539417,-5.454311672679106,-5.6672208562980275,-6.717916128909866,-5.488998520193785,-6.86600214664233,-6.814300643093288,-6.051212882318819,-6.144825401822372,-4.991776934590784,-5.9319623441851705,-4.857307027375742,-5.465974129476012,-6.788659419413223,-4.880316558505108,-6.5218380944375705,-5.996879393730773,-7.51586275892737,-5.642315211146954,-6.053140878318384,-6.272528111646551,-7.20905524677681,-5.992635293483926,-6.620156807279248,-6.710604048431781,-6.771541993780112,-5.060218600675643,-5.328924777643928,-5.361892639029759,-6.556173292505421,-6.976313065955533,-6.493230112649235,-7.421112238496601,-4.628463413244155,-6.425398834598012,-6.375343395831832,-7.7744257153973475,-7.350066253707789,-7.172940694305857,-6.3222197161971945,-5.9217601374499065,-5.303229462749761,5.0,1.0,6359.427707089411,0.13255286856806228
587,-5.142965084318803,-5.9908872918156435,-6.857835468201453,-5.506014303529707,-5.7394081446465295,-5.570712937939976,-5.776927001247545,-7.373651934471033,-7.305016070803595,-5.165905845931857,-5.677639105636935,-5.788728337509945,-5.2306211367965485,-6.409286271382807,-6.488358754433967,-6.980073322414368,-7.046550699830135,-4.7772455447020405,-5.498209931510619,-4.6375951868696665,-5.739652235140948,-6.7250754853010175,-5.437949704218932,-7.099232285632322,-5.941699563521701,-7.122585764115704,-5.221528003025137,-5.725973691213253,-5.943196384227079,-6.783315891791793,-5.423751671808022,-6.2562163184343325,-7.630675249324633,-6.465395961057961,-5.47319631040328,-5.763976060617279,-5.700221569340202,-6.889585348583073,-6.538722861208599,-6.376917510715268,-6.690997492764181,-5.0489420249295565,-6.10461628557867,-6.602907696703451,-7.675321348908888,-6.9930152436577195,-6.905026384596201,-6.238851894288593,-6.339192619151502,-5.365093908396254,5.0,1.0,5605.813632971304,0.3315666601437595
588,-5.911791106584307,-5.025966317012602,-6.908240657501413,-5.723164739273273,-6.1025360357323075,-6.25868665625288,-5.744547468107929,-6.918308965473954,-6.585813708711813,-5.190339693513561,-5.728783232262873,-6.808707728787553,-5.542442463001517,-6.275984507390456,-6.210526127238915,-5.899982647798421,-6.4721876776588285,-5.707716895893039,-5.160443288879011,-5.155083598180186,-5.320406898940848,-7.022705952844852,-5.9826342996423945,-6.599466790646838,-5.977488987258658,-7.924191936722041,-5.753105125985582,-6.091632048156726,-6.8639968393347095,-7.124082730185383,-4.908313413070514,-6.2973828702029415,-6.794818785288272,-6.637396920697455,-5.800489106309959,-6.1364620214717105,-5.253300459779361,-6.531862527204094,-6.71023094532396,-6.645666069963338,-7.698088120115112,-5.504482001373775,-5.983979874251537,-6.784046012702514,-7.126494412178402,-6.748746498510636,-6.904025821773077,-5.7976507548502365,-5.6637296834511375,-5.607393165141274,5.0,1.0,5418.488280847149,0.7037417840831236
589,-6.421638273043364,-5.573273503695472,-6.715396848569758,-4.872855889605636,-5.922535153954362,-5.499090447490505,-6.0364175168301815,-7.359506874735271,-7.009642429630118,-5.800229657179503,-6.288875275395311,-6.263053529683772,-4.92665666569172,-6.04620590591766,-6.114019709296382,-5.886507527556845,-6.221081599063572,-5.539438281863188,-4.600026533807025,-5.352181923054523,-5.986022955871564,-6.403357349716933,-4.934115499321257,-6.6875602160653065,-5.710186109111091,-6.812949554051552,-6.098478587402534,-5.88930913262586,-6.278806461731355,-6.412875894056102,-5.588109650457002,-6.578495314711468,-6.913266917377958,-7.324723709487013,-5.165471105385302,-5.700338200874843,-5.916254495979071,-6.297617428950702,-7.146406817665408,-6.469715290957623,-6.765966516651851,-6.256105674949069,-6.201971323976495,-7.153574020299183,-7.074030595243527,-7.184884984774173,-7.165160675070827,-5.301655981514018,-6.221373118537234,-6.115971143034086,5.0,1.0,5241.392611350823,0.6888659365112971
590,-5.823420512732632,-5.542599398323446,-6.7998450689340615,-5.322474206694523,-5.842278523660715,-6.074173938825959,-5.692014845284886,-7.235522915571726,-6.578698927364693,-4.916341842305378,-5.7814394614330835,-6.691580234504537,-5.056215382785309,-6.220986213968712,-5.896418189774246,-5.160805285998409,-6.0293546895475805,-6.8209514724705835,-5.312028336726775,-5.228200306150747,-5.7957120653508545,-7.353540475684421,-5.197449069071862,-6.986094383400602,-5.849437912371242,-7.272486321704788,-5.498883824237801,-6.069409566010295,-6.4951234839512315,-7.263131359961125,-5.704929106621156,-5.700694529706817,-7.218448025399591,-7.530542266315651,-5.912663397512172,-5.112202811629674,-5.461354033260782,-6.524095255284105,-7.7318922020292025,-6.636413160122822,-7.243112124037952,-5.91992027181859,-5.870670313463215,-7.1201221626844795,-7.955241486192932,-7.233099873002996,-6.300376607651246,-5.543514693267438,-7.130491591091284,-5.629286275474791,5.0,1.0,6294.099719751981,0.33152205581138183
591,-5.628987846596643,-4.633719100370911,-7.146111493445358,-4.9674968786939715,-5.937305432700768,-5.730360114112066,-5.269330998156265,-7.170751034599246,-6.974906040258216,-5.442962422404887,-6.266202801425341,-6.84816774963123,-5.260486853028722,-6.229582719464935,-5.8414242457501615,-6.156971413908835,-6.889814688940267,-5.94131780231072,-4.729900022802594,-5.365105796495161,-5.136451685812068,-6.670486755012094,-5.599081542298841,-6.092087838909609,-7.077406689207604,-7.817138110210972,-5.680770230197183,-5.91547489006138,-6.282018960777503,-7.315101874034165,-6.2873963377028375,-5.826129642881481,-6.466191006269764,-6.949351536873405,-5.706744090015884,-6.386239229827622,-4.982457165242018,-6.367713904071698,-6.886729299033457,-5.727828911923158,-7.1828043683109435,-5.852460234673337,-6.070835357921405,-6.433517183719456,-7.052102458154832,-6.996464087791196,-6.958123253677032,-5.544930586132849,-6.810919539643752,-5.455899134797193,5.0,1.0,5455.689650369878,0.5344511594239527
592,-5.8493984943429576,-5.4792013087076405,-7.133402268497722,-5.186619513960178,-5.983362709662613,-6.295219818029503,-6.2732414174440585,-7.46097927758209,-6.667771373847789,-5.320163934916913,-5.946199451171645,-6.577736440285607,-4.858092100750127,-6.2072917415447595,-5.834783177133919,-6.260511743028904,-5.5205245536289524,-5.606608109622612,-5.690551957717574,-5.722276914394541,-5.408020899631465,-7.06467544229899,-5.083283636086913,-6.346339580606262,-6.091562270455377,-7.550705039945926,-5.277265759804931,-5.77352652910217,-6.091664373490694,-6.42443546960754,-5.987814481638865,-6.3327753051291,-7.428622389699671,-7.402066647416962,-5.239784561704567,-6.371627111181634,-5.538932510299989,-6.139217875521713,-6.784426383344053,-6.590034514855959,-7.520798505830768,-5.1850922266315385,-6.1442481293169084,-6.154997220065555,-6.531834648532351,-7.600449874737608,-6.309756950114025,-5.772239524003378,-6.498469337532175,-5.833788953691813,5.0,1.0,5393.448500964709,0.605393503403986
593,-6.917592744005053,-5.5780013043198595,-7.521254432465482,-5.112806386861246,-6.115918205811601,-5.640269444070853,-5.696073135914591,-7.625631082271723,-6.894231427457658,-5.552527737757857,-6.051212080705029,-6.9127388058323636,-5.125901803260694,-5.882456105048635,-6.52165015994724,-6.090609611233977,-6.00228883004339,-5.691576051211111,-5.239662290970282,-6.019346220679514,-5.3916722083205215,-7.182416642758121,-5.364324631527508,-7.19683102277579,-6.851089300455986,-7.117412519178455,-5.377222096765591,-6.375813437500406,-6.2393300051079,-6.8744194516478165,-5.461227065200162,-5.633446832400383,-6.954984065971551,-7.45479865671556,-5.274925089183777,-6.501222292724992,-5.928006791412122,-6.532298341695463,-7.204485508685835,-7.028508821567339,-7.43294500080989,-6.877437850724166,-5.6025165509381605,-7.357977526903408,-6.847597886878525,-7.065059704221199,-7.546002182938508,-6.7214376527854185,-6.190007232796442,-5.192618429017387,5.0,1.0,6818.59557054378,0.6452743053496799
594,-6.124967114652819,-5.563597805943803,-7.4521748804327945,-5.140402819500551,-5.920007244310229,-5.623410239771326,-5.421341826380536,-7.539045053351132,-7.718427204039573,-4.907547340804895,-6.337302218822337,-6.934582500426391,-6.005523974563828,-6.168464184986743,-6.420832874454853,-5.610595944692054,-5.962170134290003,-5.179415001526058,-5.435693909776392,-5.1881950086771615,-5.473028960124679,-6.730269176868618,-5.407140578985824,-6.560417369855477,-6.012091400800606,-7.098491675458606,-5.1898455706119,-5.712687520361579,-5.703571395706401,-6.826132087725299,-6.343077714131358,-5.59408794783741,-7.099270129703122,-6.7733928306387625,-4.897735692335965,-7.194944596581254,-4.5911983430034,-5.872701867610166,-6.699621900215882,-6.853930135170916,-6.612247264634759,-5.570198319922482,-6.013089658400031,-5.753233159649602,-6.946234605871779,-6.0774430418355605,-6.955402714073919,-6.010630770706862,-6.66984998915686,-4.958812028408399,5.0,1.0,5010.2351306645,0.539220487096971
595,-6.442050793938143,-5.502971319456343,-7.062814319095514,-5.8853389579627216,-6.658328839959277,-6.05957749380686,-5.238816883921886,-7.009463313638601,-7.402456173774218,-4.762979162005336,-5.932860154665497,-6.5189823334760275,-5.586477098222448,-6.403603653237693,-6.593811967722958,-5.83510703664081,-7.13289872088013,-5.052682496119353,-5.292680193577895,-5.595783537375167,-5.303642740277079,-7.475591253897497,-6.172217862206608,-7.1559418770382575,-5.635750746115031,-6.609436105885159,-5.401858557871918,-5.628245938712226,-5.790569290023239,-6.57314024877239,-6.175070382907159,-6.107477623147568,-6.463796510731386,-7.205656708416333,-5.741304880362917,-6.0097935166401255,-5.274815361483158,-7.317094947857186,-7.037594356435713,-6.618466847539355,-7.369709579165076,-5.640286905334781,-6.414708860325204,-6.485067955914331,-7.011209254787575,-7.139809018942568,-7.255002921771224,-5.449090963203043,-6.517609227318985,-5.656833412966088,5.0,1.0,6633.920525963033,0.24520451188719772
596,-5.996989710968217,-6.201258338047998,-7.380044757936532,-5.656249925665094,-6.221758194173925,-5.660508164145256,-5.37529908405175,-6.7173121607360855,-6.926453896693028,-5.04790922139862,-5.184778187265506,-6.285435228359972,-6.2485786240974015,-6.440013594712788,-6.033691859186923,-5.633444227667874,-5.931144885948178,-5.571400704355623,-5.788321152543021,-4.601620924241546,-5.199432408292986,-6.730836934966597,-5.1055958415298415,-6.5515488050647095,-5.60419142607646,-6.978936012068209,-5.921657597758586,-4.833941937766373,-5.854618469240555,-6.530503686384429,-6.598444605045401,-7.325399932605329,-6.085754525200759,-7.257018968874997,-5.819711403485279,-6.267615165763495,-5.224154272151148,-6.459380108474881,-6.933985447906602,-7.011896425833923,-7.138785258062606,-5.246430799747869,-5.508430972240841,-5.722851067563902,-6.77337603223806,-7.2678044211795045,-6.783479283203216,-5.259784365080378,-5.724878003564649,-5.7908427427089455,5.0,1.0,5428.17186856805,0.1520268502529863
597,-6.132105058080376,-5.2527077188939115,-6.907393724098613,-4.528769992601435,-5.6891779081767755,-6.79160346389608,-5.696023470243795,-6.713424480141064,-6.942379436552364,-5.305521675414673,-6.185673296032641,-6.611818987367051,-6.080098271548904,-6.058821114965864,-6.147778613170677,-6.563338259227819,-6.280787017182158,-5.132118149981612,-5.366937180292008,-4.7736705048584085,-4.43978070985815,-6.788832225516197,-5.249278169473132,-6.874101356117399,-6.020724666730532,-6.957927778888411,-4.64039827815192,-5.29846174303942,-6.382702992378384,-6.64099594923354,-6.093953679869349,-6.058197714904676,-7.214852886312475,-6.515241329451337,-5.744973453576132,-6.07856982966832,-5.257785383034768,-6.764570348766523,-6.794818034178359,-6.447874689108174,-7.131547473545311,-5.865795514620998,-6.10695501390684,-6.580904980443206,-7.57179350542282,-6.581322688370026,-6.89928907848773,-5.377286667032964,-5.990226196953536,-6.209365565401116,5.0,1.0,5618.862871992974,0.1829611300981335
598,-6.049628530558112,-5.550877424789131,-6.213412025913019,-5.594563096433989,-5.0409198776281405,-5.427207673178712,-6.093990723038767,-6.636619567272696,-6.988477108368172,-5.328708052951743,-5.807465617092055,-6.783234499722429,-6.084715919099,-6.185941914317248,-6.65804311534475,-6.266395478617446,-6.314686497967983,-5.402612729869144,-4.85049241963026,-4.951733894607906,-5.522418126799175,-6.746726038964417,-6.545207184234278,-6.561186330641859,-5.9094406256838115,-7.445183963883614,-5.446628103870758,-5.5582412547725655,-6.341723108011697,-6.53385825807578,-6.614576972640731,-5.780892095221542,-7.729675863952802,-7.62591218660206,-6.0678966171871975,-6.124710377074715,-5.141488800315439,-6.957745119174479,-6.9083740246445196,-7.321687294648689,-7.442130753404381,-5.612514259344276,-6.028993852725207,-6.486355335081371,-6.618358656048725,-7.282365592945898,-6.541000747970296,-5.587746461521885,-6.563429695017931,-5.954039362823903,5.0,1.0,6581.0459549316865,0.1487308886756491
599,1.1236155951698645,-0.47542183272263383,1.3145505668292974,1.1267311668290487,1.20638847296081,-0.5723929009122606,1.8484877350349556,-0.5750405811251675,1.2743216171512342,1.6207520428311617,-1.8289469143861026,-1.9352411836317907,0.22418347680987427,-1.6778883669730886,1.857028141433211,-0.3659386501423709,-0.6978650335719667,-0.14227930916495835,1.4860105442341913,-0.5880425550773154,-1.1371573367976584,-1.1932907141299331,-1.0358259681217983,-1.1422762358844345,-0.9952097150982122,-0.7168316813131836,0.14727728042833999,-1.6768790570831285,-1.8303650673752956,0.825962268228718,1.8185720303364352,0.4538820084437254,0.7478886020960371,-1.127270194556678,1.5077177695439672,-1.362750872569488,0.04420131426154983,-1.1642482723526508,-0.5602327071385433,-1.6497807469095846,-1.514516574107747,1.9795708097982367,0.05633084351028739,0.7329671015784638,-1.5578844544423904,0.5440793172226344,-0.5001408773906242,-1.9350729443875059,0.5741796186206116,-1.5955070653903332,5.0,1.0,1.4233048715073027,0.21635397732115616
600,-6.34039743865529,-1.2079224151789847,-6.081488219452573,-5.719456108372144,-5.789530979359963,-4.581470185770686,-7.796653753060174,-3.676443022511486,-5.047594773801802,-7.692031360358414,-7.184860954166539,-5.0756444059722865,-4.561947175368205,-6.5784710973314295,-5.555547052439701,-4.795181868069587,-2.454161704902643,-2.4652530390676195,-0.5770164086008869,-0.7426531557510405,-0.6074072574743548,-6.145592966444679,-3.0106768063086515,-6.631121942716728,-2.1052961534489945,-7.299900955452778,-3.9607057258013425,-2.9917857788103634,-1.6701612524416416,-2.3335438037127236,-4.952349821252885,-7.127388241052822,0.7115347183551196,-6.362159283275887,-1.8099220663039115,-2.5946736198019713,-1.5849093384650044,-6.190794142647203,-7.429528532122526,-7.002279450014113,-4.434213066514699,-4.047546638010008,-6.023818739480328,-0.9512604567844175,-4.315020041545935,-1.010296722329601,-2.202017638113352,-6.051609543071998,-6.0365082192026005,-1.3649934680295825,6.0,0.0,1950.6305992040507,0.9646610381415757
601,-7.403910611063907,-0.9987167676589886,-6.164098809509725,-4.582733368055869,-6.204104990232739,-3.7487661888357313,-7.803862629684533,-4.080567363697007,-5.733319915399819,-7.885705384155409,-6.839268578392806,-4.180593741051705,-2.9686683530903695,-5.913287679789147,-4.278977138774446,-5.198473995323511,-3.1795698618255552,-2.5264010371855288,0.010539670509791543,-0.8378129504778199,-1.2013151871414112,-6.366697749859415,-2.626168748413236,-6.34915783814631,-2.499244139673841,-7.1624708105440495,-4.1339746064069685,-2.7200443654179,-2.511222699843521,-3.371320160631018,-5.543653052016881,-7.578721840955824,-0.671576438387951,-5.616031503318522,-2.7704516922210285,-2.1437886952959047,-1.5206355340061377,-6.148239815703092,-7.738815090062975,-6.8087317578672,-4.032582139386596,-4.104157511735478,-6.0286435525522535,-0.11450738973979342,-3.405897867405331,-0.8665522212131997,-2.130255025620955,-5.688723824991154,-5.988191133609455,-0.5082971303681991,6.0,0.0,1904.4854446738304,0.8499975214235087
602,-6.7213522648007995,-0.02238631249695122,-6.850713392160118,-4.766017445061904,-6.819844681193503,-3.682347684620954,-7.657220961694922,-3.7833480205333005,-5.626266343302289,-6.794183176594572,-6.814212482531137,-3.1843791702113466,-4.392253043602126,-6.486567852997198,-5.009126375628072,-4.913992513113807,-2.5264247369042514,-2.9421976375215184,-0.2090424005764241,-0.7927320442304158,-0.9830819486402302,-6.305277886858509,-2.527508523672824,-7.230089481027547,-2.9938330295748985,-6.697139165236753,-4.960120067050524,-2.4553174604166275,-1.498245590336115,-2.2175910742990235,-3.9583415817320917,-7.898070282889889,0.13309399960992147,-5.5314893926049455,-2.0850710178808347,-2.9708374778822386,-2.8858372403422097,-5.546374023039572,-7.06868431390744,-7.180670586208789,-4.4225296376062975,-4.514094970499938,-6.000602044684319,0.05195728155050372,-4.290651878787118,-0.9973864048620859,-0.885116230033466,-5.041092388003746,-5.034882823279066,-0.9169702959066036,6.0,0.0,1783.5482914512493,0.8249676108529626
603,-7.4032418440018954,-1.0437638397946358,-6.21850325268074,-5.493408443811695,-6.8550171966935025,-4.684731669378307,-7.912888884984224,-4.159040259650795,-4.870308290660212,-6.913830336015757,-6.6668298593793285,-3.5489079949488476,-4.695563680155377,-6.84158185026722,-4.531436554280599,-5.517607705688876,-2.513945585979978,-2.0339066585780694,-0.31010850709254395,-1.8141819544718798,-1.544465907589725,-6.082264950675986,-3.637785959877406,-5.826210218982712,-2.5438079675451917,-6.176945986837909,-4.9537052988883294,-2.7320328581157174,-1.6582347637646297,-2.2598660420573404,-4.7287171559861445,-7.059451739181691,-0.6503358848422299,-5.844987472111253,-1.8970192569848803,-1.9474933082001709,-2.115651249130856,-6.6754419773141045,-6.21726972774059,-7.6126742118444675,-4.497193297730092,-3.523048170578137,-6.192766480346664,-0.03072616707205303,-4.1124260580735745,-1.0493872167774192,-1.8023578890128276,-5.278185433141909,-5.426902515710277,-0.31292425911172767,6.0,0.0,1833.094972886146,0.8079027543120606
604,-6.331706983114428,-0.4231176890979098,-6.311696831613323,-4.656216413566303,-6.307224178758734,-4.005656033703929,-7.736614118203804,-4.023202814944426,-5.001714199505174,-7.567079173559871,-5.526638137537684,-4.522866321533995,-4.446437160608906,-6.942666027265222,-4.337032982611293,-4.843479858003054,-3.776121315553132,-2.214995329673995,0.033076891343755466,-1.1926921035286047,-0.6138312957462337,-5.971581830263392,-2.356091299666598,-5.24269539780723,-2.300020723991673,-6.949609213586417,-4.739648774604346,-2.6938813922222673,-1.7326930380901202,-1.7835846687370212,-4.608029903385087,-7.6148060939762825,0.06554805355446869,-6.2258932513306044,-2.2566812263647806,-1.9763641611721137,-1.9770797164290932,-6.133044609969067,-6.8286666848870015,-7.274598510153707,-4.6789756400532285,-3.5258267105970904,-6.2361916992233954,-0.3509449617534983,-4.263137128629523,-1.7318105978104303,-1.516595259087476,-5.193177557233751,-5.41663283759457,-0.03247720048466274,6.0,0.0,1586.2981133280412,0.8453956235911978
605,-7.189545370756514,-0.7552103612399295,-6.452918670764826,-3.991923206261321,-6.755242665806426,-3.904192046935949,-6.797677145479999,-3.3858304895649542,-4.91843723968134,-7.761123298914668,-6.0876919681788975,-3.252327136824315,-3.9709836076983827,-6.89213489430378,-4.9877291135987525,-4.403076534858057,-2.8285169016606346,-2.7732041551091164,-0.40474069356585296,-1.6898691346315577,-0.8896710554202243,-6.320696072892936,-2.757613916230672,-6.8572335053387405,-2.651879066277291,-6.7469594552148875,-4.310020691132269,-2.842931966954083,-2.0721402529725212,-2.6751576148808884,-5.657559612881741,-7.074247672393865,-0.6138395734998485,-5.397159604945935,-1.9486077317664838,-2.289377761382472,-2.380828215722628,-5.751441096072322,-6.754246681291311,-6.165190646064609,-4.536864914971164,-3.6219246360483277,-5.782110526515301,-0.35760129962074805,-4.107862642222023,-1.2041809481227077,-2.7461755343460483,-5.082474175364671,-5.530908848853272,-0.3154597275790454,6.0,0.0,1469.797656961195,0.9226401740941529
606,-7.266873573861131,-0.6887792911310309,-6.232704919371214,-5.566697582044125,-6.8141730704171835,-3.5316090598397523,-6.95573839276874,-4.1339703269398935,-5.122107592678967,-6.733726543089772,-6.290209649086589,-2.9365135122728097,-4.733319842935813,-5.629866906733884,-4.681639082303969,-4.880560865381812,-3.293549236268268,-2.51756174157016,-0.3696923642443249,-1.9659073765665058,-0.8328515734302708,-6.781321901435321,-2.766654808096749,-5.662699088170856,-1.8878411325240207,-6.8308140721104005,-4.711689151893888,-2.487774414954329,-1.9448538602107406,-1.8493607115726114,-5.911577112546594,-7.788822076956484,0.3429223430737559,-5.971605759450228,-2.2201505251417553,-2.987995419618792,-2.232370620523531,-5.872341645922626,-6.333198553756508,-6.490186961010157,-4.256769436762962,-3.2384526752277827,-7.2632123515413065,0.3594451213137039,-4.575499257173311,-1.588887721054738,-2.5613362903680525,-5.224184022430916,-6.258333853668965,-1.1999043563060674,6.0,0.0,1644.4835026330966,0.9502138768842243
607,-5.777916684339381,-0.9211808386108694,-6.7828459868529,-5.28792822215751,-6.63165824634235,-3.5316663298725453,-7.331911565199017,-3.355233690937075,-4.986216751545816,-7.175202418793815,-6.173834701361947,-3.4124178784230357,-3.4513576019036645,-5.884844522831185,-4.301081574946714,-5.494783929746928,-2.889066729980195,-2.2208367186299305,-0.5546626899674771,-0.8725484349847519,0.19148288755131637,-5.4285374017003,-3.2374494959012634,-6.5473134551013015,-3.185757720246514,-6.706172169182917,-4.204866499341777,-1.803949871704631,-1.9106473552148397,-2.691514405362269,-4.855757789976425,-7.112147212606909,-0.7840402267823293,-6.750423146492892,-2.8444419944986836,-2.4032968960208847,-1.8499918862499949,-6.9818828108324125,-6.894795851464464,-6.820336665107615,-4.569683278844193,-4.54364637941163,-6.395194778890497,-0.21402263666517155,-3.7582412114015638,-0.470534161562672,-1.5348573590129118,-4.901433586733447,-6.201777306652064,-0.07285801943990111,6.0,0.0,1511.5971673141416,0.9142740632565516
608,-6.71131459235824,-1.4108563767996944,-5.805005222464313,-4.728612225905029,-6.390934590539835,-4.247224438835176,-7.5174084732748545,-3.59745339914453,-5.196580815775506,-7.647136660287697,-7.2222977965379185,-3.2102369235952484,-4.107643655991021,-7.244840690279915,-4.082280766159351,-4.818924803687893,-2.644159540763592,-2.537201038089499,0.06800311990814978,-1.6129184007375719,-1.2126119283125196,-6.231000135365612,-2.6600069736471643,-5.941114613215223,-2.6755797720527292,-8.056765382495014,-5.011009008132551,-3.133395824731513,-2.179115302764984,-2.4141913883332276,-4.832688674901445,-7.924885911019755,-0.6634701503997511,-5.881913542555012,-1.3480322580704613,-3.5413166655738775,-2.9789512061104593,-5.854997743847497,-6.447517945065713,-7.302810066798294,-4.151525968994947,-3.650283754781951,-6.02838304429942,-0.0019597029370570784,-4.199790948501897,-1.3420872169478808,-1.590698120756875,-5.434711545351353,-5.1873834293103975,-0.4767737166554187,6.0,0.0,1844.6056072851554,0.8635168805827871
609,-6.302160428573036,-0.4639773757388327,-5.941950985831475,-5.461194243332901,-6.185497984073216,-3.557597765607056,-7.0190175826095,-3.239898201746114,-6.4910222152762485,-7.675769017294262,-7.484558411441025,-3.8979306049385705,-4.996521833362695,-6.250246029587527,-5.378656935932377,-4.765524812108094,-3.5104807295245006,-3.0671763034502137,-0.4413969578896575,-1.3838375147163748,-0.5734036617411231,-5.915696471881471,-2.3864607809847183,-7.430400637204542,-2.678294998552725,-6.813080031964703,-4.471191561300345,-2.8474313040776016,-2.640497838843453,-2.521905220355013,-5.194830553068118,-7.7784376662010315,-0.4980092416408713,-5.34715220990337,-1.84151900474806,-3.1275359834785847,-1.663837595394583,-6.457775216111631,-7.574976631045203,-7.271995104305645,-4.868179762469506,-3.575547536293558,-6.019508370395795,-0.31398194745835406,-3.1100019835347874,-0.39298737915517834,-1.9875559912635863,-4.7179257732308,-5.705062923859523,-1.5322816551180862,6.0,0.0,2015.5019876986312,0.8226914077017831
610,-7.4036599419565485,-0.4057271116599284,-4.488498417474354,-4.388801900585943,-6.4764125102415235,-4.14887916317281,-6.795957492207343,-4.368827069180936,-5.02602854883315,-7.440016864477995,-6.974006389118844,-3.9280503421973987,-4.165564482884603,-6.133399197268915,-5.178683938206822,-5.122931089918867,-2.4331399350687413,-2.8860474689137203,-0.5917046488420625,-1.257952203833649,0.1911338598544834,-5.808625695884998,-2.2959423739930824,-5.408130725459669,-2.677089706421617,-7.563821641491656,-4.360844940660907,-2.32876146026257,-1.9679518067807775,-2.886105716668809,-5.630112594222612,-7.009592388786689,-0.5278749074075726,-5.434077986385911,-1.5891166236448266,-2.8090228681109917,-1.6329833017485786,-6.654179495345616,-6.503201918385193,-6.881576327080985,-4.431985607876916,-3.602771071603513,-6.408730520223026,-0.6005133074215366,-3.8029040027982353,-1.0198036654286993,-2.5633785135879283,-5.863879877142912,-6.2702552963079246,-0.5098985829025579,6.0,0.0,1604.2049202227454,0.8587352799761501
611,-6.650290118939499,-1.0909895402462402,-5.167470023085518,-5.335870638220569,-6.632804759675528,-4.362374773794183,-6.912471149778528,-3.6663489016809656,-5.426209081449264,-6.4535523606276,-5.837039017847848,-4.150258933872849,-4.4378105922026165,-6.038114006456971,-5.48447105803974,-4.64391117827069,-2.728963138632688,-2.7083637930476536,-0.9559496759503299,-1.3498060414592585,-0.5899085205608743,-6.723749483138984,-2.8888537541111186,-6.505352765007978,-3.1077225998728326,-7.581798812574404,-3.8995206625318,-2.927627430980067,-2.412118358052062,-3.230033467941981,-5.221477906759306,-6.953279654261817,0.39520967823573017,-5.988479680015727,-2.175789289344636,-2.1405183170060704,-1.7846672088903197,-6.02066393751943,-6.648027325790961,-6.007453676955059,-4.544370301837639,-4.548847811623438,-6.504369288818571,0.18732487339793613,-4.07444286793677,-0.6514533843960312,-2.2489610219973564,-4.966278210948685,-6.093955311850305,-1.001764373508407,6.0,0.0,1643.9879090965655,0.8208475191922903
612,-5.87289487999357,-0.911230611515516,-5.886448122234961,-4.851912507551966,-6.69794148427703,-3.607276507352379,-7.299753958304891,-4.5680897905140245,-5.107483261456219,-7.735772934043957,-5.3323965226996615,-3.753200710494269,-4.5686606449866565,-5.890395362476964,-5.037412126119637,-5.145038736549744,-2.693579576140786,-3.3771861427838217,-0.3556682919383051,-0.8534396779959249,-0.628023054330957,-6.3013013289416575,-2.5874581217818515,-6.697728067995522,-2.28601166053089,-7.207845037595468,-4.954298160210268,-2.907564416425398,-1.5688414208449277,-2.5588197369790917,-4.557032852477375,-7.81626347302988,0.377595815799906,-5.50130044247875,-1.8162597013960387,-2.6150019261110544,-2.1898834623187,-6.3615229393768,-6.268525612175052,-7.165483082474375,-3.9376949022724097,-4.327816345705786,-6.466793624733531,-0.04255573589259212,-3.847757246107651,-1.2942553345415673,-2.2688218106831077,-5.1399443291138525,-6.122936903249826,-0.28477975595007654,6.0,0.0,1623.6160815225142,0.9144015291778973
613,-6.12065630316034,-0.3663377092092961,-6.232960695059052,-4.365138871699216,-7.064913748598197,-4.28646308278529,-6.532238870250316,-4.216984960016655,-5.604439318186699,-7.149021942156075,-6.971081246173993,-3.9918889320833917,-4.579673947214516,-6.074746045416498,-4.614559200449307,-4.772843665576706,-3.008373233311636,-2.1051507217467686,-0.455632000410514,-2.392556418431903,-0.4950730587329251,-6.853145938602482,-2.89730811401216,-7.0861911277259315,-2.61508901078506,-7.116587182193412,-4.089583205648629,-2.4013719097161985,-3.0681836957139033,-2.0902317233332717,-5.050357286804893,-6.976221996860757,-0.12451075661720583,-6.414420444521813,-1.929974647803152,-3.149216874508957,-2.347157314393723,-6.699708624301612,-7.382235226357243,-6.374179342801767,-4.525505345357804,-3.6089977157429844,-6.476416687331709,0.5505929418964615,-3.9320256236305497,0.022768620554082464,-1.5244996320995252,-5.546257592358448,-5.1550268391161085,-0.9234668705976146,6.0,0.0,1811.4467454250614,0.8477441422408883
614,-6.8918837507998365,-0.5667021827869687,-5.043920457109211,-5.717381217953544,-6.274617127331094,-3.914012202376545,-6.746070860449145,-3.6673767819865057,-5.65255687442703,-7.444238673243497,-7.060606187291118,-3.453192123844826,-4.348288160575044,-6.621682372676129,-4.422359979154246,-4.927582350838934,-2.3980970171116933,-2.174066008645325,-0.3177018510432059,-1.2808552662075268,-0.13432025514655388,-6.921944393170081,-2.618966878914611,-6.081592633333646,-2.0688512525870544,-7.108599462106602,-3.8319897075582534,-2.931949323521537,-1.384715398674627,-2.5020376995099873,-4.743111776727857,-7.1617413382036155,-0.7608048901812067,-6.764896338045499,-1.7124695277183501,-2.2273839116889755,-2.057653658391592,-6.185861605942843,-6.822837324490263,-7.095940726914684,-5.602146327435193,-4.56533657871123,-6.394038515923164,0.2978511537849634,-4.6003497282615875,-0.991938949379416,-1.5118007319220679,-5.579141083807406,-6.41684768301123,-0.5592711491893938,6.0,0.0,1847.5695289350433,0.8569394446465475
615,-6.719632404912389,-1.965988548376122,-5.781616066565157,-5.157248502655988,-6.725630172930497,-3.397179178115402,-7.191010660581224,-3.0011261790067616,-5.558954653774205,-7.502978062580831,-6.578100993010551,-3.8039399168200267,-4.1342426341578635,-6.394281180996184,-4.9828443231730875,-4.810085506547155,-3.197123644385347,-2.714400745650838,-1.3759206158463373,-2.2474412492613745,-1.0226747899050959,-6.757646678986262,-2.8605704382671022,-6.554686990258656,-1.907267704889529,-8.017955632300236,-3.5940993499255556,-3.067334666516748,-2.2147409106277416,-2.3408899101013345,-4.885093910701585,-6.630223311365653,-0.6995016927906575,-5.2164252931966555,-2.137551654913302,-2.245126587741775,-1.9144183396906942,-6.534741461038359,-6.647678607713784,-7.372498894310849,-4.0105762867355,-4.154807624041802,-5.8399478844797255,-0.2592842136508503,-3.544668275333079,-1.1266279714927987,-1.8762815067727039,-5.611451368024857,-5.825285861936226,-0.5301776525367264,6.0,0.0,1680.3195966624496,0.8982520404817834
616,-6.619186706890553,-1.0905464889793313,-5.425099123516845,-4.766953437309514,-6.219353016557636,-4.754993222398965,-6.919589177873894,-3.7802072769015322,-5.535042902365429,-7.109935842334499,-6.369765903255293,-4.455360135243217,-4.103696201994566,-5.789046869971539,-4.533143281078589,-5.278543952610815,-2.970092210064346,-2.668286161953439,-1.1464838706104148,-1.347235352707963,-0.27034918055114565,-6.1427947111031775,-2.68700759559924,-5.6924819833060685,-2.866241981612728,-7.592733419079439,-4.398204230100459,-2.2719643625639936,-1.6907426224222017,-2.20057997115827,-4.997354656045311,-7.208173465991258,-1.0670317395371014,-5.543611517472482,-1.8579123871438428,-3.0923734553549123,-1.8724694987700623,-5.6112762329218855,-8.232482723421388,-6.8980500279018635,-5.802923342617983,-3.802084995598155,-6.47523606155573,-0.969168804257278,-3.5759616519152546,-1.024931011042547,-2.247305213339147,-5.765948605751229,-6.158576896917904,-0.8284466387501538,6.0,0.0,1677.3880971313629,0.9358884782312625
617,-6.9645584552144175,-0.7740723964612596,-6.1413188063449455,-5.2336625763830185,-7.519517917166239,-4.222785007989581,-6.0460489168210625,-3.476095148636822,-5.473159700092395,-7.536028489288443,-7.108256276586262,-3.5430542553548037,-4.55684779618216,-6.394918298927394,-5.375243072078921,-4.965876401509348,-3.2202622780364774,-1.934015605346299,-0.8097956473134968,-1.4560859248085096,-0.6663631065778399,-6.800355733811971,-2.9240676385619517,-5.533954563639839,-3.364891574224016,-7.574359407702352,-4.302747590622536,-2.359798805092647,-1.8610821520076324,-2.4780440220856153,-5.198993677108215,-7.463205527196542,-0.11033489770565891,-5.833600091957321,-2.1256509067905736,-1.998478111179592,-1.732866689815546,-6.126004675728391,-6.610446918073452,-6.792563201470966,-3.5594145813657154,-3.4916554513606366,-5.416517152819008,-0.29268625056437886,-4.003880568871111,-0.5763635963348469,-1.9172184318043426,-4.771772361524789,-5.174980359351409,-0.3507045386201896,6.0,0.0,1494.474436689678,0.9769753865789587
618,-6.373718280276204,-0.9754616012481767,-5.695102881314159,-5.04057319998244,-7.519275916493775,-4.070400470641133,-7.389749110949088,-4.027495888170233,-4.956468107527806,-6.633060196971879,-6.592731162292566,-4.156213975538928,-4.729550474647371,-7.419609192398534,-5.906704230833888,-5.509699417362862,-2.8463589782912173,-1.5856775274701773,-1.2552971704150542,-0.7177457515967787,-0.15531250579551226,-6.251231468929688,-2.8588148137843183,-7.21794208108905,-2.58028140971651,-7.284557997203874,-4.048643906312582,-2.811413007896487,-1.6976550476004735,-2.343470090484266,-5.15862881887304,-7.4725614801547815,0.32902942536782565,-6.06445523200673,-2.3454502425495702,-2.4879679442292444,-2.4441409452890266,-5.636236001639407,-6.812058471815493,-6.815252518443633,-3.8710184723100567,-3.844259113266921,-6.324049420010569,0.09443259445969154,-4.045829944979789,-0.49049569415072414,-2.531489929796552,-5.336494405997124,-6.05760791331546,-1.400365058475951,6.0,0.0,1990.264322258829,0.8193967492536579
619,-6.391204558218818,-0.46508961685730743,-5.442186726386077,-5.791036110913384,-6.707693602927994,-4.150916014299475,-7.983307451266077,-3.416630154828055,-5.498350956063007,-6.699881905756048,-6.56005853261336,-3.847877300900913,-4.64064222216041,-5.6844802424496494,-4.578882029074246,-4.048673302402841,-2.401325314884967,-2.6483674041405085,-1.1182625587840935,-0.8891060147149991,-0.9726945203963858,-5.920445904701097,-2.300516303305761,-6.567873320146025,-2.321501055106356,-7.3938804532642575,-4.46344472811711,-3.2278001684100412,-1.314572561895374,-3.0395737882072846,-4.416100621787081,-6.952215400446713,-0.013579607638450536,-5.82222044131779,-1.9228434454446575,-1.997721608643174,-1.738265294334028,-6.127493512067119,-6.679206341602926,-7.289729849869609,-4.076305150754381,-3.6751026526367863,-5.677604452542597,-0.17715088427737974,-3.580729197044902,-0.9386434602773852,-2.1537804366589173,-4.195004640853703,-6.446440533519478,-0.6645476189903612,6.0,0.0,1401.7366167011571,0.9342395342004993
620,-7.024110766559707,-0.3807376086616087,-5.4588093221909535,-4.94239524178893,-6.220453777900511,-3.896035020175362,-6.824884363620794,-4.276208588040959,-5.582546929681224,-6.926702064133431,-6.828807493167334,-4.4205541673730435,-4.321097963611983,-5.986710309240309,-4.799584677372857,-4.574657667864336,-2.7854360337454716,-1.7296202271884566,0.3257952589182468,-1.1282660133335445,-1.0080349563302504,-5.872737342458601,-2.4827137821900367,-5.366903804246835,-2.0871258847135272,-6.960644007030122,-3.6968402115569194,-2.7557470422032253,-1.304843669316731,-3.183320053533901,-5.267492875632887,-7.22942491063128,0.10169068605307496,-6.35671874989937,-1.5925461022266485,-3.2395027188801717,-2.0409149585526802,-6.673512419556387,-6.7104582171874165,-7.818208502554146,-4.347723735958357,-3.7759518946454795,-5.546675625234226,0.1893361622791616,-4.006391475104046,-1.05086821153351,-1.209709076239029,-5.565735172802805,-6.733177701260013,-0.8599094546461961,6.0,0.0,1438.494103280574,0.9873100490681355
621,-6.414208157201485,-0.5829219947098451,-4.909416411548862,-4.486232436603426,-6.502146860927312,-3.9599709113728543,-6.782506276796808,-3.7813452737646602,-4.964990050529764,-7.365763664374696,-6.444960167257695,-3.6265440228590764,-4.383803880311411,-5.349677954038039,-5.025142351090006,-5.31721287897134,-3.60260808341027,-2.798168700136207,-0.2673624699630105,-1.107750174971307,-0.5863623554395594,-5.495173428826725,-1.813334554584248,-7.044125487684093,-3.02356896205894,-6.8167252008605645,-5.015419606957797,-2.5361198499674598,-1.7897868334636402,-2.0901883844680396,-5.718592503609278,-6.278971650619967,-0.2866978487446964,-5.666538512504084,-1.8775612720035921,-2.7378504590306196,-1.956497616987459,-5.240289931267228,-6.660529903821803,-7.123774303101027,-4.751798181726816,-3.457082616897851,-5.566864433842474,-1.053778289609383,-3.8912714408076257,-1.1335822411052061,-1.910985600385055,-5.666815559327825,-5.8979577634854365,-1.464937737401137,6.0,0.0,1332.6754373538818,0.9062250230726868
622,-6.614187047536021,-1.7546936067546852,-5.879909577663237,-5.59353791650652,-6.276217106649076,-3.7229958547929645,-7.0403841294623275,-3.9250255072497717,-5.360854483804466,-7.612214446269,-7.224279525317389,-3.65559130571977,-4.35508442017826,-6.808692737811654,-4.421287786885333,-5.088281190154804,-2.8829284667630004,-2.9975962478817197,-0.4320487107480379,-1.403658417324301,-1.3788722485924692,-6.998198597484524,-3.2805351751728344,-5.990513823603369,-2.372064071637977,-6.43974415371972,-3.908039928906311,-2.857558463942756,-0.7765796095135793,-2.454756543779866,-4.232322933046278,-7.047697489790739,-0.4336461137557902,-5.204105079488235,-1.9098579250753507,-2.9667280300400156,-2.9680493920141546,-6.173012705247358,-7.131052823046261,-6.586362280223641,-5.196058470708013,-3.41602367300837,-6.7097007553257635,0.0022747974845565566,-3.8162391427135063,-1.177743383158478,-2.504985993184574,-6.143755819204373,-5.668256410928756,-1.4527878787806934,6.0,0.0,1736.791523449461,0.9124836562131493
623,-6.5648305498481605,-1.9469486636974105,-5.164844260869772,-5.140202112674915,-5.886706873426502,-3.7610405786352485,-7.976018189480758,-3.5773776910072472,-5.9036981195966876,-7.535150023840057,-7.571505857388347,-3.4030809709743415,-4.751130812268826,-6.082567787222164,-5.299064167152822,-4.629258051531828,-2.723030542151893,-3.084529454705791,0.20887997006031023,-1.1997246051730792,-0.11604547383965269,-6.2082162924078705,-2.942031195135145,-6.627155907226395,-2.234314440308107,-7.470457620949691,-4.9409758286539605,-2.7212553403016138,-2.0140225892163985,-3.1873330059743683,-4.826299977288472,-7.7533135776291076,0.2875873437871308,-5.768796134572454,-2.0216846768690604,-2.7573416072658326,-3.0571094571834463,-5.830445638944438,-6.096166642746984,-7.166921622833592,-4.23818431552805,-3.5882902899931386,-5.594669832287044,-0.9431862789391201,-4.25781349748031,-1.3256544974181936,-2.1870194789708695,-5.2858856223040185,-5.977808584974318,-0.8403875212642962,6.0,0.0,1758.7756147552975,0.9409668283277863
624,-6.300547391035852,-1.3791733752585023,-6.323632541082019,-4.639132266983042,-6.320956556796442,-3.266935184960129,-7.203967749425836,-4.257444540568596,-5.120782920946809,-7.426744898135596,-5.644941359700779,-4.125839370200936,-3.4367765703091893,-6.018040675931208,-4.970788175508747,-4.32283324834424,-3.5081651968919147,-3.0219560326210972,-1.0690117666093926,-1.1733812775290726,-1.1517126622243519,-6.445699942248321,-2.2733830469948444,-6.129330559408568,-2.1323513084051533,-7.346955089119989,-3.9087180378110844,-3.314082177284985,-1.8774450852780582,-2.2762821692941446,-4.903367959406652,-7.263630489250115,-0.07844155805462004,-5.686529670255086,-2.0650889418004343,-3.0113321107368276,-2.250879163923002,-5.933540234459369,-7.162009108209684,-6.904546211433825,-4.194958662154601,-4.5772780373245245,-6.292511418864008,-0.32576512348416975,-4.106408899207212,-0.19592226024209458,-1.713685221330754,-5.233435882486153,-6.497375161028544,-1.3370671581428613,6.0,0.0,1505.5839346913874,0.9560434289419903
625,-5.90442104085991,-0.2689987394475216,-5.723582671256351,-4.427232104035681,-6.730736332349134,-3.7242196225675674,-7.862481478793182,-4.0097157380288255,-5.033443961776977,-7.803963331135781,-6.530061692958396,-3.344151319985275,-4.53830940415172,-6.358865233355423,-4.41772300568684,-4.804722902619323,-3.0129958570895097,-1.5539421027950253,-0.9175462897544124,-2.181982580228932,-0.8619905866010498,-5.906256860352063,-2.5003883349282967,-6.5947746516905985,-1.4946555745289891,-8.194191230327931,-4.545172783583416,-2.746532751262296,-2.2316456561589346,-2.3397968221992307,-4.826889365604355,-7.087839814598205,-0.1289030349382512,-5.03900977859174,-2.01823074579656,-2.5907369161534026,-2.2885792524236788,-6.235402413870809,-7.087500217492936,-6.643670135346801,-4.517411347254329,-4.144949923228014,-6.762657980742512,-0.18287148317921134,-4.454905338338897,-0.5143596062718112,-1.740873559504457,-5.337056604895617,-5.947799968739432,-0.9387124398342466,6.0,0.0,1717.0408630771144,0.823877592449426
626,-6.6744422006954585,-0.8133586119098237,-5.98340081813587,-5.122016822786546,-6.715712632029613,-4.2728019147849885,-7.315270955885588,-3.8594709462644725,-5.665009248152877,-6.73529534221743,-7.187275768831914,-3.6389931736892724,-4.881233059423775,-6.2471680227659805,-5.348574936241146,-4.905189781703808,-4.12705484191647,-2.0450269724646084,-1.1677584386393147,-1.2854398505771687,-1.068588422765914,-6.454990387441644,-3.1962765485806814,-7.68219346011558,-2.295550449650385,-7.398458293563198,-5.336033470531625,-2.3642753214129053,-0.9312188305713777,-2.4361812217233854,-5.368025812250604,-7.69777650476492,-0.7084935830895179,-5.495929406883089,-2.1548450019958056,-2.6030562465083573,-2.30477727554296,-6.2822249246668544,-6.605708426394769,-6.3209776806165925,-4.24284115496246,-4.022028289331992,-5.0776579886142885,0.33216496846106924,-3.8403923248971905,-1.3395146817233345,-1.6151454004619659,-6.200204639128811,-5.721120292966793,-0.4801121271036168,6.0,0.0,1817.1781298582341,0.9724465000950605
627,-6.628954875728503,-0.4136137045616036,-6.117757537891535,-4.349137762487257,-6.2731765560712605,-4.568950560332183,-7.592660511720368,-3.8426839981434573,-4.96840926136013,-6.9406671646526075,-6.991755513114469,-4.735429746764881,-4.336410522553702,-6.699566302590688,-5.137730838515914,-5.147365472265383,-2.825054659807695,-2.43739585373218,-0.3653598803060659,-1.8631177157508891,-0.693646708182931,-5.636643437011008,-2.1731209297628964,-6.06439367677836,-2.7653544839853073,-7.671644233263201,-4.692334866825873,-2.9685167168256945,-1.1847407232025309,-2.5273929754369204,-5.188556146141119,-7.508914781771825,0.21198310043644553,-5.763306803250547,-1.219780838340756,-2.4601996851135053,-2.076021005497448,-6.361854943025685,-7.727072868933448,-7.292783253026644,-3.848804513270817,-4.109585812707165,-5.265015037694559,-0.10734948526873983,-4.603551869045382,-0.5057570939378273,-2.22352511372298,-5.438716307178301,-6.140892933173895,-0.775297428844861,6.0,0.0,1822.9750056375126,0.9089023564749985
628,-6.553376320316587,-1.5074067193884066,-5.4254186096522625,-5.2180959746010105,-5.918942302543893,-4.1894997789420705,-7.653963509701202,-3.5501697221116757,-5.71643331357758,-6.437959777109194,-6.268335938909635,-3.9588185121481914,-3.9780690921552995,-6.339830771867108,-4.692629635095409,-5.263190733506259,-2.9193972948683093,-2.694796417443861,-0.5622506544318886,-1.472116111506717,-1.2584482088750817,-5.782853686212536,-2.0014216111500382,-6.341961091119499,-2.5054808989094277,-6.908779242093015,-3.7702790200990526,-3.0745147035347276,-1.2272281909923013,-2.891799095143182,-5.095530264974109,-7.543879479192262,-0.6198406518256638,-5.904207397159766,-1.6793839182618093,-3.1678234584923564,-1.2274248074823604,-6.07814551199584,-7.187163586031221,-7.3257557618182965,-3.7929962517100844,-2.768149369865633,-6.02853140636198,-0.3213193614351301,-4.342378216850325,-1.4881087316664952,-1.781085863832851,-5.13477475413998,-5.591094463256728,-0.45216958713675515,6.0,0.0,1428.8082126626648,0.9389326256229136
629,-6.5968461221710974,-0.5935847505064022,-5.749911565650656,-5.203399642567864,-6.303652156761546,-3.807459282466448,-7.322095479517759,-3.8799326044768763,-4.794637689799482,-6.914390501560833,-6.88467970277603,-4.072756827402619,-4.204418079370146,-5.977656039745151,-4.951669788715111,-5.083806001589803,-2.7327323020469714,-2.6551285440922165,-0.7593598223381468,-1.4094026714075552,0.22592350926536287,-6.095668307991062,-2.760986923264857,-6.485386253031343,-2.0968874022802018,-7.0389190740013365,-4.7568938199325945,-2.1536470487614365,-1.3525719272700298,-2.137917012835606,-4.290638870345196,-7.256654986482611,-0.39969496909607105,-5.656130639430759,-1.324712923501715,-2.809328363505535,-2.1077209936763484,-6.173846950508406,-7.055940099380159,-7.346526407245473,-4.212347696204475,-3.1763035612273653,-5.903277287570512,0.1793249035822173,-3.989484207632896,-1.1915105021839594,-2.5852781224593233,-4.966560628255733,-5.927105819653107,-1.654681656088191,6.0,0.0,1528.4509900997925,0.8572306909433907
630,-6.120241252823776,-1.4871302587244006,-5.841504684518331,-5.093291675919806,-6.5967637951317615,-3.542453624230391,-6.942404779760906,-3.1102100621165456,-5.139046415579293,-6.613713377667452,-6.7746579946394565,-3.34589030903567,-5.010086406454651,-5.7360767521621145,-3.80759601879175,-4.562335135642416,-2.470415829856304,-2.540642167056561,-0.08097462371279107,-0.46663945801315443,-0.3628025856581752,-5.235627421378018,-2.145142020547639,-6.3532884268877385,-2.928077582444158,-6.686869795563769,-4.066273270389661,-3.445927901363569,-2.2154921795630242,-2.8868171440696093,-4.461483316914193,-7.52757158370495,-0.5638465689033534,-5.711772951223414,-2.0120817729228366,-2.9412505370658284,-2.408536304863152,-5.988266146324361,-6.884209385515097,-6.545678048446124,-4.611462687236331,-4.051558796375268,-5.588411243126894,-0.13546490621797946,-4.496889213040881,-0.7348220631333943,-1.7856037262758486,-4.599798670597553,-5.938301350126952,-0.7304772800966023,6.0,1.0,1643.718735405653,0.05330231702266835
631,-6.240466225627237,-0.5839482123488164,-5.865086996232994,-5.310548218575615,-6.928046456691488,-3.3992078419010454,-6.744850597105082,-3.5365281355744815,-5.397007221975016,-7.343629424923254,-5.995642152854861,-3.6936141467775796,-4.665940863117671,-6.036133719538015,-4.530863746159155,-5.556689574821689,-2.754117899273109,-2.539510734786329,-0.35613455648225967,-1.797738823941852,-0.6428513905893491,-6.869472727324629,-3.0525297422784603,-6.738256027664049,-2.1146627956926327,-6.727348017427144,-5.273052836559414,-3.1243365191095873,-2.4866443580854956,-2.366660406871813,-4.294780222774682,-7.384265355505037,-0.2832337974872231,-5.116473345807389,-2.241265729331482,-2.5606921249243477,-1.775326688861123,-5.739942182450813,-6.556887070676458,-7.164192939666291,-4.508771264356203,-3.911044956633997,-5.95749454359094,0.26676552419870325,-3.8316735155144044,-0.9094890242903315,-1.120273463596856,-5.086107696279814,-5.489182283466661,-0.17606146341248952,6.0,1.0,1865.8819676648452,0.1304563824911698
632,-6.3883182310594995,-1.1642336705774041,-5.935854499531799,-5.07081577938205,-6.816453016827323,-4.0610991950202076,-7.754832976771224,-3.7522101823443026,-5.594116542115097,-7.742403948784168,-6.916454567750826,-2.893459764373171,-3.9654233204023237,-6.538268453702332,-5.292819397601475,-4.812633550158154,-3.1954594922235087,-3.0933211052367957,0.0504126914769667,-1.6701629724061031,-0.06268476578270832,-6.15320173341569,-3.256753569837449,-6.286700074873133,-3.0350148564204886,-7.273418500379066,-3.797640697054586,-3.1540970710739975,-1.4809426322394832,-2.5483932191660315,-4.46804066035029,-6.606341821476822,-0.11868650447918722,-6.4029434339703375,-2.028102136122876,-2.236803825953644,-2.8966967439689846,-6.119833811406956,-6.264563236395465,-6.969773121824616,-5.5958280889458285,-4.54593796629074,-6.256587442535984,-0.5100861758130419,-3.893480913222373,-0.920069208989939,-1.35835828152524,-5.548267925399481,-5.603223603686766,-0.9120077639885965,6.0,1.0,2284.5521541578023,0.10702098805430023
633,-6.249552953063359,-1.053837091115258,-6.412917313104008,-5.2026319897239315,-5.70153757288297,-3.86060954690651,-6.669602484878682,-4.084810184763684,-5.346378466521768,-7.595628739271414,-6.721919806204092,-3.9858714834938636,-3.8769020070612354,-6.1298935662708995,-4.670410878321874,-4.5658920023070415,-3.1603432238624922,-1.876985625937229,-0.42586245400703093,-1.6902277717161323,-1.0188502268242021,-6.405836929446628,-3.3294736796240745,-6.569638507174552,-2.7186155991216725,-6.403288497148807,-4.415413130618474,-2.259856064541843,-1.2760618230450893,-2.455375266954252,-4.570971241235966,-6.952951785220629,-0.3210436609100891,-6.118352538431198,-2.020303659772656,-1.5967589262184512,-1.4888845693317285,-6.737392823163682,-7.122594678777355,-6.7393036744587445,-4.987397260136077,-4.618214949758011,-5.755389744338276,0.1152178895220799,-4.5679279769311405,-0.23503621256618956,-1.7945296071830765,-6.330571571283398,-6.229548135571811,-0.9951621942475117,6.0,1.0,1824.0747389078306,0.5247460336705891
634,-6.904563093318853,-1.1693813385783314,-6.128746802956349,-4.703019572841146,-6.003489895764151,-3.8659160913241153,-6.678961236247515,-4.5588262254669285,-5.614340178097702,-7.503560061260416,-6.588422231301807,-3.167951838864367,-4.146335092572799,-5.694603409338309,-4.837236434081768,-5.1300514197261275,-2.9869539668647684,-2.276678077163642,-0.528548361991129,-1.6595041618232187,-1.0449242568540498,-5.908250411084894,-1.7427679760672652,-6.737662247826218,-2.161455708461454,-6.906477259547337,-4.456152549524687,-3.11287222497098,-1.9614409716687946,-2.2635612578382425,-4.213596033821626,-7.014680547045259,-0.03979580415029618,-5.925302380306247,-2.798326123865842,-2.2630254740450098,-2.519093035974878,-7.1193299495144435,-6.074697967715454,-7.180157058805171,-4.728638803363517,-4.332099827576077,-5.678185233189936,0.19767551143482237,-4.806947652932764,-0.37567291103782263,-1.5087488383037881,-4.438089551584612,-6.52765338000642,-1.1295128707825994,6.0,1.0,1829.7101240672912,0.3387970627218028
635,-6.55479813978608,-1.0006369092772784,-5.678231256352568,-4.580479159406641,-5.875129967214864,-4.243440234870301,-7.4934859888277146,-4.456587381954387,-5.516061733163463,-6.720960932993834,-7.263853500047751,-3.702408461536379,-4.969712606591721,-6.084061206815957,-4.704938187441662,-5.227514900781886,-2.661359610347733,-2.5730749216964397,-0.024962124746951808,-1.0518730923105162,-0.9815664273731811,-5.640849141394855,-2.220882438604354,-6.126876016081152,-1.8255263699859698,-6.543574864558182,-4.304294474537401,-3.5742346215306062,-1.9560877868220141,-2.3299726289275515,-5.095843422144329,-7.844892182641692,-0.09749981042483506,-6.640732474946169,-1.5149379708208444,-3.0631716098189647,-1.410044525070616,-6.5218379190847395,-7.966674115046755,-7.1085898560977245,-3.764802953562405,-3.704108075688262,-5.99953825535898,0.006326449402436152,-4.603372168385643,-0.739335133319379,-2.5352276283581943,-5.436352152619872,-5.970438291729459,-0.6915087517266391,6.0,1.0,1840.927548505766,0.7877804764760792
636,-6.352431791691487,-0.6281397735836659,-6.166578192399398,-4.528285166201105,-6.262097532794187,-3.2853981776937227,-7.306465419742136,-3.3774936768906825,-4.63207478200422,-6.9279836723914325,-6.5809404562174,-3.94446291469854,-4.353483137245416,-6.219873474749856,-4.609739473346028,-5.132951720399817,-3.470554689023813,-2.6098462007982253,-0.14020366535120915,-1.6619760905192513,-0.6227589757129117,-6.640414794879581,-3.29789447409769,-6.568634534248664,-1.4191618205152214,-6.523831850925243,-4.003704350160521,-3.3033524410220743,-1.9990949579346764,-2.318005389103701,-5.226615041929611,-6.966481632134072,-0.018255058334981283,-5.094642308552432,-2.0463681232508075,-2.4279945728186907,-2.3957898736307808,-6.091693523076995,-6.369488277345191,-6.136130724368638,-4.911927052882755,-3.7703058829798612,-6.128237916767853,-0.5113402099983333,-3.6417400654637655,-1.0649241183092488,-2.40465751121332,-6.079320334016216,-6.0120589310265915,-0.9549209408800717,6.0,1.0,1667.7912814100337,0.3228015730777487
637,-6.321187574385052,-0.5813947900672412,-6.049300860821111,-5.301087403428479,-6.122476916840756,-3.469209307252241,-7.029193986223767,-4.312272470182872,-5.518083744098539,-7.669833326390191,-7.772092773478617,-3.962887877141424,-4.462638103569304,-5.976872142149091,-6.015113569066666,-4.860287237167024,-2.4869863364110545,-2.617327451776507,-0.936285248112972,-0.805293418906414,-0.6611506716600182,-6.347130023333563,-2.7493218035187743,-6.105241486729972,-1.7944518952612944,-7.251853031679809,-4.115274004815015,-2.9395498438902035,-1.986962386908087,-2.2296947648587597,-4.319655454520545,-7.070865962902509,0.054385048289805504,-6.505591770323548,-2.1662059853917084,-3.149772551914187,-1.4984313285974988,-5.8864942175036,-7.208194491213818,-7.7411866327831,-4.334138475561184,-4.48891712721256,-6.251383901242743,-0.8356318516689807,-5.4722527645808015,-0.8277724172891596,-1.040224256544741,-5.6326888639086885,-6.455515982899723,-0.0967288668091073,6.0,1.0,2412.1141445266367,0.20399461221004814
638,-6.1923955798710315,-0.8570722016332324,-5.81669266804944,-5.541763123198707,-5.938521323595179,-3.8440069123811083,-7.743706106008068,-3.2756988833852922,-5.35709960117573,-7.416063426925484,-7.038855218902454,-2.913657460839483,-4.666948266156414,-7.219854267645949,-4.978818655438814,-5.359299544749567,-2.735274700996689,-2.6680612582283096,-0.9666873894067958,-1.1834509542753964,-0.6153349697357026,-5.866120444337139,-2.4111464826700195,-5.752212533630026,-2.002815583267421,-7.214814432496148,-5.040405955958974,-2.0877619455612546,-1.3534931162903603,-2.799077703459436,-4.922011113582884,-6.753824503759562,-0.5386088551001404,-5.998555822775672,-2.23170320768853,-2.31088271953914,-2.5638808382868628,-5.27909415002719,-6.6252615399883625,-6.929698713782816,-4.4736082107864465,-3.907730016627871,-6.309089254395429,-0.6368666104825286,-4.2744274879414075,-1.7266209666250085,-1.9206167007430341,-4.94521470253822,-6.162813957214719,-0.5411131835273892,6.0,1.0,1959.8586787972413,0.1731782663538838
639,-7.145332080154716,-1.1785674159778448,-5.866692031991343,-4.205619545970777,-6.941636587484871,-3.567890903373558,-6.646123601646121,-4.187488683065828,-4.388584126451168,-7.931773195118217,-5.847040928793967,-3.2961221547185904,-4.341987905776542,-6.792343282936985,-5.272840490696557,-5.103323552345682,-2.567253102379834,-2.3826568805339288,-0.4487581013444625,-1.1068658035395176,-1.2696477553980663,-5.581485300591534,-2.2207378509130917,-6.0612998329562835,-2.4098644995169467,-7.9786603360027994,-3.8780575596167033,-2.675252201352486,-1.3992276944049897,-2.4672909024210106,-5.115723082439843,-6.893123135334593,-0.4558108241551987,-6.209134014860595,-2.2510539995749994,-2.6401828878086664,-2.1508488195302022,-5.9781487423880435,-7.170048667882113,-6.937581281794959,-4.327622839064637,-4.583488122314578,-5.777456154079123,0.9154835680122697,-4.02682061500257,-0.9955699252373718,-1.7319734989341797,-4.953863946359445,-6.4902778608709815,-0.8325237518172196,6.0,1.0,1725.6476791724735,0.675088250263965
640,-6.574026979108559,-0.1359128855502697,-5.887423892754119,-4.854846371686235,-6.214897315071192,-3.525956090106825,-7.7271316928895715,-3.2063754387699013,-5.537355620482352,-8.00989614766775,-7.292870129148645,-4.14530674644625,-4.866126681710815,-6.229895408330319,-4.480720643530152,-4.504938597115395,-2.7592201907065643,-3.2115284912129236,-0.021629826672722008,-1.5093842223592158,-0.30310041342779326,-6.0594903845366,-2.438094367266295,-6.534079001349813,-1.1086383426922548,-7.570965892451275,-3.637246738132509,-2.2854840711928817,-1.6650819097516805,-2.423759723834351,-4.780971466091137,-7.575905767694743,-0.49279981394353645,-5.438763668075592,-2.9044881001695537,-1.6861634048287084,-2.4458877881430627,-6.199853723289407,-6.720926043984966,-7.479766595690833,-3.9024933753717193,-4.205585192547751,-6.1700492081096545,-0.7983409702264631,-3.8817040371865708,-1.199722698307775,-2.2253772990939504,-5.351925470448204,-5.69312094639703,-1.2126286839537348,6.0,1.0,1881.4847225874664,0.5526621618462909
641,-5.579794803745508,-1.041736819284201,-5.029845379859459,-4.307068415502364,-6.954653543007603,-3.6968016153597207,-6.996261232357505,-4.127860993908704,-5.901045790951693,-7.330842495471023,-6.702552741076024,-2.7739272612494754,-4.495800430979428,-6.0794614999572625,-4.917305464723751,-4.993512582644933,-3.3104102733556644,-1.9649903441492884,-0.06918789561991417,-1.2923854306905562,-0.4236651730162268,-6.5153039406100035,-2.7460402253777905,-6.319394839476716,-1.7032321287261187,-7.1021737011077,-4.807735588111922,-2.509967992662692,-1.435141099238577,-2.5912896356079966,-4.965631484324208,-7.700962425757209,-0.2114256496094697,-6.746814211595671,-1.6271848508089182,-3.1517587306795205,-3.1542392853648296,-5.547790091447675,-6.394194954574291,-6.781364764174235,-3.8367767496291125,-3.4577235752432403,-6.396096939903621,-0.19301877504592016,-3.8980804122587682,-0.2446454521289042,-1.12996595321551,-5.136794818998003,-5.009024715038445,-1.0531884452802265,6.0,1.0,1759.166901551248,0.1623105462089569
642,-6.770614952012195,-1.1307435158258279,-5.126753508921558,-5.173004626643282,-6.4644586673598115,-3.8857591286781434,-7.045809328720513,-4.836574616151641,-5.066010080015244,-6.9556721921026226,-6.524036931724894,-3.517718934139612,-5.263356448268108,-6.2355660053553255,-5.718778182780394,-4.8432514342077555,-2.489042543953049,-2.9924987501575453,0.0227745966585724,-1.4650733347902514,-0.6522817365527853,-6.056969092416647,-2.6213318717927665,-6.985888949981302,-2.2971577984151645,-7.499869673464066,-4.341707119670235,-3.269911344219459,-1.257504491743439,-2.8142705211341186,-4.820973434288242,-7.239002494270437,-0.8834388806633942,-5.929091883602409,-1.5439216258641983,-2.5913920391664425,-3.471570918396371,-6.146285448281075,-6.570962790705786,-7.43927151817856,-4.649103113714359,-4.188507369802212,-5.073254520553079,-0.2687625149041632,-3.917052677047475,-0.9770229440648189,-1.1173660736530784,-5.214440784170779,-6.139864815708561,-1.223239403879362,6.0,1.0,1917.5990605783154,0.5658430126828804
643,-7.396487933230082,-1.1972423686641682,-5.963891103069345,-4.947571058676149,-6.14022724800915,-3.719198502388979,-6.688760052015648,-3.923479784587887,-5.576331710626125,-7.26305334899043,-6.655126601190739,-3.779552905594095,-4.566004448009846,-6.090286784484168,-5.349293380081497,-5.202613350804358,-2.1424369951879947,-3.256782208495728,0.620558646286836,-1.3291889435440147,-0.8782214201646762,-6.523824458260655,-2.6605120816862686,-6.423856522162401,-2.125054763579458,-7.059659094226692,-4.697666755589046,-3.060005486379621,-1.947732493333307,-3.7278487773798394,-4.6310279285667235,-6.545307712630306,-0.7636320147259348,-5.209459060272427,-2.475492057709549,-2.3394454230386357,-2.9484370056689513,-6.149839470122688,-6.44743592988484,-6.712003268749268,-4.78043516762754,-4.2792569449644535,-6.405321374166202,-0.9280926900778729,-4.246321837492085,-2.1523365569500648,-0.9775495945882535,-6.532679924130537,-5.447961780519719,-1.3658010859136929,6.0,1.0,1868.1078744224935,0.6706900955544313
644,-6.34189950716606,-0.5165026945906372,-6.533343238855769,-5.286510960767326,-6.613934255115001,-3.271918664032209,-7.348898987439385,-3.9771782204229904,-5.883643320405544,-7.11506870283753,-7.019558652733315,-4.027222983079872,-4.349702950101062,-5.973989520025832,-5.031144974299008,-5.015580891119335,-2.245628192449561,-2.207392259081851,-0.06508557064900772,-0.8976060444081314,-0.4164714532063223,-5.708951578313153,-2.500900476421813,-5.487870233456689,-2.272239119493393,-7.181559401133564,-4.671392224451207,-2.5778296882630425,-2.19065531379931,-2.434906161725152,-4.896367446451139,-7.953724891090498,0.5628115222105392,-5.479589352264949,-2.8418788652564695,-2.777488467277713,-2.054211143995347,-5.491673536568957,-7.062424201547626,-7.375214857912107,-4.71216679224354,-3.8746960108562463,-5.793479416521704,-0.6465225177227064,-4.18534189474787,-1.7424314605044846,-0.8181623936953633,-5.031070385861715,-5.400149342397965,-0.856727765669102,6.0,1.0,1759.3557766384135,0.596432180502986
645,-6.633081886264349,-0.06033912547141396,-6.2144636946331495,-4.904374018126317,-6.807376494571877,-3.852873688798295,-7.206449592897524,-5.324131223889921,-5.847616417486695,-7.213191622566279,-6.64289592777732,-3.5242285839171363,-4.121027062946471,-5.590149953071919,-4.710618545228632,-4.734363812191716,-2.4953333140131084,-2.1717939409783464,-0.7398419049969093,-1.8301795851236928,-0.7392229787576403,-6.041252198364676,-2.2509576970690963,-7.162817833223261,-2.2665674607962085,-7.920953803301121,-4.4520318983952345,-3.568253446421294,-1.2467333142652965,-2.2268919625161367,-4.173169933190582,-7.322635622724315,-0.7519039160521649,-5.794405699577753,-2.142719508971429,-3.739907484552474,-1.9093322858085424,-6.435996875104988,-7.6862154871944135,-6.433612381007939,-4.10653159226973,-3.9751984111018546,-7.335382065097006,-0.7375693914063673,-3.5092964023673368,-1.4496872033054222,-0.735762881959461,-5.856554373063176,-5.537675597426547,-1.1706234118035517,6.0,1.0,2048.3919635623456,0.5995327592738929
646,-5.921336799596981,-1.1849064616994824,-6.07532075818683,-4.571364691188435,-6.526511584714244,-3.114585446244701,-7.223789589132322,-3.6139931039100044,-4.764118397316349,-7.045590274369047,-6.354720435771141,-3.7035712411012596,-3.650730627758243,-6.3852566510613356,-4.972514339713781,-5.058003272283161,-1.729203142450391,-3.4723676499663565,-0.40116853770398836,-2.0613715150754897,-0.6129704662092988,-6.533435591147052,-2.709404856937174,-5.826293086004069,-2.9198208901998894,-6.998158258193577,-4.08542804585865,-2.5368514325243994,-2.0794644785230676,-2.3262871863762866,-5.380202607582258,-6.793884534133263,-0.8561234507570882,-5.041079188029712,-2.2355112135100224,-3.4739476101688216,-1.974489993049716,-6.05761132979208,-6.320025227936136,-7.779468650283883,-4.279208411548984,-3.8784214062920457,-6.001700893837885,0.3302002368417494,-3.7422003643400252,-0.8216446639120871,-2.334003422379316,-5.586962793933837,-5.632726504065448,-0.17073521155127114,6.0,1.0,1705.9510387120379,0.1799339813367544
647,-5.9262618620325656,-1.3422046377806058,-5.729543868092591,-4.733768709706117,-6.533174145902296,-3.965522662716971,-7.845743796615626,-3.7271085748429567,-5.454388081474436,-8.104238294962435,-6.791257764208308,-3.5302474371883483,-3.8021053918402345,-5.577452411255668,-5.182906948729265,-4.332127005179361,-3.374231137166462,-2.613987650576679,-0.28349989048414426,-0.9325896979202342,-0.19176394169793665,-6.544389415419894,-3.002047743014845,-5.580653061748842,-2.963403859743368,-6.576982067586162,-4.453793217173894,-2.847652042654539,-2.072552186717303,-2.202095109594951,-4.113362265270288,-7.505539886106613,0.5333308600566077,-5.348528725075094,-2.6268721553175425,-2.7263470611957605,-1.8296543118818762,-6.295612018928249,-7.199447632069214,-7.068601060833015,-4.494865087959449,-4.277029381263736,-5.562555670261832,-0.27966869520240933,-3.547005368465219,-1.3833073619562235,-2.044430219919461,-5.958542397452383,-5.433067266265262,-1.15283382533516,6.0,1.0,1891.7342702331548,0.19328959541234092
648,-6.612994307376508,-1.12632296547131,-5.6227926554754895,-4.3152740419884985,-7.041985761968229,-4.068295902289033,-7.830035416206955,-4.035174509750402,-4.955464362823791,-7.246234658527202,-5.987083699509599,-4.348490154204797,-5.512860678968655,-6.424618541274362,-5.386338438220746,-4.400803700338698,-3.6022588225860086,-2.484740523734144,0.500904472841541,-1.4040581274065747,-0.2982906075379961,-5.835855640757272,-2.220156870385414,-6.195608622504637,-2.6954296471894894,-6.831133935698332,-3.7022126858837,-2.9886699559836054,-1.67936572031774,-2.1416247653619007,-4.902711448415177,-6.780509320678332,-0.08463446369156748,-5.552681369444969,-2.4217812016527698,-3.097692815846118,-2.9951341951870685,-6.010173943439857,-7.142272860595711,-8.033349571123447,-4.547086400985186,-3.4197478362478324,-6.651553804022879,-0.7614013573652411,-3.3658288682527506,-1.856367728103453,-1.846090435397854,-5.85878017594995,-5.438185708411935,-1.5263292229983008,6.0,1.0,1853.2400192111083,0.7021171796437421
649,-6.536094365282113,-1.129287971170017,-6.28904225848561,-5.380362774718429,-6.08669177927335,-3.9997631592473133,-7.252298608424356,-3.790108980772543,-6.305068050729725,-6.776372168114652,-6.621260626149536,-4.879354686705438,-4.632725828616431,-6.603873080203512,-5.6517300486930075,-5.04019835121693,-2.943173663710167,-1.9655883240169252,0.06068643306056887,-1.1137792155557393,-0.5907289865555763,-5.723994134736045,-2.4395014258392274,-6.645947687212041,-2.0436072812448445,-7.572399197417681,-4.959874899119238,-2.83958140223904,-1.9554464901533672,-2.272407394189273,-4.742137925176656,-7.559109118533894,0.13964643616755806,-5.846686535320254,-1.4576323951022059,-2.1116910795160835,-1.9642282173989802,-5.483993061749306,-6.687093170399925,-7.3229908213831925,-4.27122699791725,-4.113523268809835,-5.861536502200326,-0.16277157938468242,-3.902017062208825,-1.7872290187980737,-1.4771624431191157,-5.128448922073946,-5.553720262020699,-0.4016700182592818,6.0,1.0,1857.5570932699145,0.696186608283521
650,-7.01540089071546,-0.4469195220609554,-6.253881260022561,-5.175817752262785,-5.751282511505385,-4.717607661030525,-7.141820781602715,-3.976135850688537,-5.684207133262318,-6.8319314877570525,-6.526693063830161,-3.7577724665924106,-5.563805978274181,-7.23548019614328,-4.988919091334834,-5.322221750459767,-3.59827595640057,-2.4470330041771935,-1.276048487643277,-1.3285972044491254,-0.4076063394808644,-6.970299014039499,-2.99459477477142,-6.454508373997007,-2.712563782623773,-6.643548243099684,-4.0551482658737,-2.754015602722173,-2.248579545333947,-2.0097377040557385,-5.3844811781957995,-7.056655856211048,-0.4396215258180381,-5.665508235078041,-2.9428897303266,-2.8992383733560816,-2.2338631817361936,-5.226106088348891,-7.50676774409315,-7.172922007418725,-4.466467335403554,-3.6130536953832184,-5.527243145536771,0.4546967007578787,-4.10650737525246,-1.0225000754619782,-2.117729201847502,-5.022499758209271,-6.090557261059596,-0.7211205032753505,6.0,1.0,2109.903355053641,0.4887949522105475
651,-6.250983978542991,-0.6075343964225159,-6.154841737316505,-4.3250016553244235,-6.40172309327511,-4.363601530628979,-7.056700112852048,-3.80338536873571,-6.600699215979375,-6.715735189710324,-6.768844058260978,-2.926610608840439,-4.371989741587946,-5.6547732625665,-4.594477548914229,-4.134184468359919,-3.0310005099841204,-2.6326403025958403,-0.24635173573226807,-0.15541314825952623,-0.9905036708052932,-6.146863732997357,-2.666086666818883,-6.777694720055772,-2.690015008730284,-7.3705201905644975,-3.563353672834602,-1.5119289481589913,-1.636523524754262,-2.5061960833905106,-5.042481690310484,-7.695750966909383,-0.21684722070745344,-6.088003929619689,-1.4797857031696384,-3.077028019788131,-1.649385162589648,-5.579509983009045,-6.797504344047211,-7.0230294540852585,-4.708290617626089,-4.5362116618515085,-5.611922244853487,-0.6273762641376536,-3.8440042556794354,-1.2445344738160935,-1.5633925195256888,-4.560869325517548,-5.578445008508135,-0.5507323062806269,6.0,1.0,1746.6943865141748,0.16509292527434447
652,-6.74550646865065,-1.368187662978122,-5.531575650782525,-5.121933709053304,-6.557086527395349,-3.7244926312911906,-6.632756599428611,-3.852528646386438,-5.550387091231108,-6.821215209321756,-6.735340220669457,-3.910389014104791,-3.8357705574993113,-6.379131934470151,-4.847328319185564,-5.093586905178443,-2.296553380240729,-2.276223658542107,-0.931135296460649,-1.2536299564018032,-1.553210205312717,-6.049737985534782,-3.20354916915326,-6.371195731014864,-2.5730425986008196,-7.281695151566849,-4.344573184048994,-2.5466141852198256,-1.6844277869841788,-2.6544554838117063,-3.9037745144367633,-7.529811298133671,-0.5517713876492625,-6.062299589900959,-1.7182542063207238,-2.863155220068078,-2.206210957110783,-6.26090039315136,-6.796824667764427,-6.9683379105451015,-4.3418924988389875,-4.130711023614209,-5.944729339028787,0.08050705492678278,-4.125713757831826,-0.8666734951873897,-2.0473072547371545,-5.446401211743051,-5.72457790922052,-0.4717673607742212,6.0,1.0,1916.5885074023838,0.16658425758031276
653,-7.091691962988505,-2.4557847282947574,-5.486135651980668,-4.647708611776022,-6.445392977597749,-3.972520241162571,-7.08514712845148,-3.868279750798476,-5.176106538513793,-7.458418298424794,-7.0465340984704525,-3.244352056055524,-4.670077132909023,-6.1529050603809745,-4.6575729416131,-4.933020826310913,-3.193623101249371,-2.1501791674993647,-0.7882004009193526,-1.1639297039429923,-0.5814109293300396,-6.0249696716823316,-2.4287980981508843,-6.464591060374685,-2.795160533679862,-7.427058542854463,-4.1267416204329574,-2.7737762516999416,-1.3358493415919588,-2.8905908538127365,-4.227669204541887,-7.11547083912628,-0.5652197412508098,-6.117070376369668,-2.8669033308826424,-2.543082851110369,-3.068924553398201,-5.568860197789408,-7.083021642732542,-6.816442997795977,-4.533919378413541,-3.4277624783728684,-5.661026151888796,-0.3720538688869781,-5.205877554270375,-1.6591746301659076,-0.9210545268084023,-4.774608645306797,-6.170061222684515,-0.8644667919325747,6.0,1.0,1892.771481803002,0.3490347444628694
654,-6.718596407954918,-0.8726612311963515,-5.8718230497578805,-5.006766787589151,-6.146126832237388,-4.522354303427914,-6.716721882741432,-4.066094187797257,-4.76158381183845,-7.047013929528809,-6.3028838011940005,-3.839243865010775,-4.382500822731524,-6.2058239051125454,-4.763664050599047,-4.484651999788632,-3.2090589282598376,-2.9857609225443866,-0.10910697474324266,-1.4782150410576638,-0.3590697950185614,-7.119136537079774,-2.980192206185797,-6.482105949990358,-2.9992680689577234,-6.391959988990341,-4.179311957141269,-2.1501615635695446,-1.8194815819340828,-2.2441154564292054,-4.996570069289492,-7.335735494073276,0.43928516652405347,-6.296008595311113,-2.314238129461013,-2.5885223802888304,-1.8002886275442502,-5.522694173881645,-6.841680145161498,-6.883086846876511,-4.3810789436819935,-3.556868445097429,-6.425784571989799,0.3590220088240159,-4.117400726219567,-1.0061246128276875,-1.657979619390139,-4.978916749680721,-5.76253732566887,-0.96820279476705,6.0,1.0,1719.9490035758604,0.4542515805440146
655,-6.448596418686832,-0.785034264436123,-6.494788610004031,-4.5898558588333875,-6.508025255290606,-4.142929857317353,-7.290358983597582,-3.567006054143691,-4.704640544610407,-7.5623052299126625,-7.467788928272686,-3.928216130223689,-3.831342765253543,-5.686131806756192,-4.903443383777782,-5.392437278042824,-2.3393482339012763,-2.5873241745506186,-0.3579830047319359,-1.2381621184130762,-1.1546501846602353,-5.908153655440958,-2.283031572168599,-7.123315656170753,-2.177719114469718,-7.892367686247418,-3.578731345678619,-1.8565176536769568,-1.2632378110842593,-1.6636779689834411,-5.461249264574366,-7.784789902984842,0.3179178678481503,-5.772915997366141,-1.862516235607161,-2.8150129638181522,-2.458038040345712,-6.141549321475143,-7.698693375818371,-6.798273075548778,-4.349756312634401,-2.917624996454981,-6.3366645815591145,-0.42209647424561625,-3.1728038596451995,-1.278359298061625,-2.5315850610978834,-5.078916587060769,-6.314720248031366,-0.9451802598007549,6.0,1.0,1902.481413956303,0.6041655973923112
656,-7.305593382421632,-0.5485758073596374,-5.892036094117787,-4.533566543052404,-6.535264493135926,-4.031163629621731,-6.958874442612154,-4.23699973668926,-4.702248816499454,-6.610221530703095,-6.726316246242479,-4.170657597451891,-4.672514243782227,-6.106024862410564,-4.322248829531257,-5.447025046330601,-2.5637798668796035,-3.002212396999194,-0.6760071783943764,-0.6208760744812938,-0.9127920281571602,-6.590138188839466,-2.4954454267374646,-6.137719230400541,-2.5117144580966753,-7.2727391395120025,-3.7163506840694156,-2.882885838848155,-0.9781914322259401,-2.050296556336593,-5.446698066832784,-7.227307038123956,-0.29625869426739415,-6.114944029938462,-1.6465066901201542,-3.0363040977661053,-2.842754418259492,-5.573724635000693,-6.749583828301491,-6.682856475564528,-4.581285032201877,-4.015333521208483,-6.3219677751146826,0.012566857414096688,-5.092739010729808,-0.4832946773823268,-1.56141817159976,-4.6171380818821275,-5.941578293296446,-0.8508970228822588,6.0,1.0,1829.6893488552987,0.41412687443509805
657,-6.026268434958977,-0.6779998170604532,-5.46909487485161,-5.45585884931344,-6.989907302402655,-4.085982842885291,-7.389600674546095,-3.600311831505158,-5.760498824135723,-6.6791465261109835,-6.193503000609167,-2.802382493006446,-4.6883290255775005,-6.328236938841589,-5.071180054777738,-4.3822151667243885,-2.5041255052563236,-2.917205160090085,-0.8757885753011054,-1.1584555164338006,-0.044219513991315074,-6.160973411866963,-2.563521229652093,-6.27996569098457,-2.495339310294048,-6.686549974204718,-4.334807006883271,-2.6265181892229137,-1.493673365671203,-2.5353934158733282,-4.463642202033507,-7.301577545452142,-0.9118179625125482,-5.73704223100196,-1.4114357356028004,-2.052096413388665,-1.9074003436449523,-6.2748382178168605,-6.693698011336278,-6.730598339676681,-4.744275789915072,-4.146803039027256,-6.281604457140906,0.018591771124906703,-4.410404151416897,-1.2803657163205835,-2.02019854157476,-5.729473052208634,-6.011358522231842,-0.9243266353955277,6.0,1.0,1674.3102923523047,0.5494046134072351
658,-6.463721961322443,-0.8206590585941406,-5.041838296325758,-5.045561243706728,-6.567283246665251,-4.1838975347932905,-7.045138968555674,-3.404343707336841,-5.5988536645343085,-6.898883566343349,-6.309836644544168,-3.855979834187739,-4.37447034290721,-6.5816757881525225,-4.891975982939535,-4.954804614081397,-2.820476761847287,-1.994180764865018,-0.020643949701601827,-0.4860586761789413,-2.0529992459660367,-6.236229242910277,-2.6568629435849536,-6.010533475622147,-2.2795902168912185,-7.458823446274151,-4.038121604077001,-2.7728653443738027,-1.6801504010477857,-2.2981579920074697,-4.997192574167779,-7.469299557486691,0.2628092305260614,-5.7491274571237545,-2.197866783185498,-2.6893079470077934,-2.790521057127643,-5.972926676515949,-6.999566445063877,-7.017047724368633,-4.380444661858566,-4.021752280589456,-5.855881099491483,-0.37284024646806435,-4.809987658217048,-1.3549723903364541,-1.041512301561779,-5.0163791420875095,-5.665370805730693,-0.13072162809766075,6.0,1.0,1859.0610162650983,0.2040063420982584
659,-6.056795297164579,-0.44291320265154166,-6.080595038574981,-5.2665464460239955,-6.27750953711955,-4.131290859569,-7.068758092507269,-4.115988423545562,-5.247435969014789,-7.41924664387784,-6.12019124028966,-2.7564836612118473,-4.811072149476016,-5.662339134991886,-5.367472402014093,-5.048756910515945,-2.8399648029589817,-2.388375545330095,-0.5528949900447879,-0.5204028057734927,-0.8568499580980671,-5.5238172601413815,-3.150502381202675,-5.6380490234863645,-1.8406793969664097,-7.45041261000039,-4.240567396992081,-3.1714202104410902,-2.41971863657842,-2.082799908823021,-5.286630859058071,-6.644456402985615,0.4399402401358776,-5.826614811369455,-2.3729262045071864,-2.2530806830971053,-2.5292010493256316,-6.540830804617519,-6.85263349217212,-6.080353095998259,-4.910602786449939,-4.0757346395866865,-6.111823067976532,0.34235626282150444,-4.856030987996394,-1.179155598696553,-1.1389884602135654,-5.26268586852163,-5.3207023261954305,-0.7925262503113698,6.0,1.0,1524.7064993616314,0.746748378575518
660,-7.433633969633921,-0.5556399917141759,-6.150369463068128,-5.171746467206385,-7.052761799150025,-3.5370254367988023,-7.928016588862858,-3.1129365824962187,-5.211104746626965,-7.443846068220568,-6.301368883211124,-4.2656812272050955,-4.651105150898328,-6.837077659467107,-5.4466845147482825,-4.971064529158456,-2.8395153919953167,-2.371460221156882,-0.24251159715562873,-0.9252737614534271,-0.6949606993704947,-6.756992939067141,-2.9658813693680317,-6.108996585761533,-2.647434712795363,-7.2959212605798935,-3.9663069984509294,-2.5723369799145184,-2.1522136209159517,-2.63413233728327,-4.3196097578028905,-7.340403495444316,0.5877921741564799,-6.045022774815082,-2.4004071831579514,-2.5857238049234863,-1.2659263916016257,-5.618238090036863,-6.871836220740347,-7.068507240643579,-3.9437457208231335,-4.2111289286872315,-5.389936005371726,-0.3838702050902173,-4.430353885453502,-0.8303386807646459,-1.8938205722604242,-6.323598248354328,-5.395493167348916,-1.429706581573031,6.0,1.0,2004.5297090820611,0.6570114323538809
661,-7.257602990871668,-0.8427562147174763,-5.974173353359825,-4.431305728460281,-7.748082076650168,-3.339488529411436,-6.133118115460585,-3.5488694029619405,-4.903475099932825,-7.01143337877773,-6.355342864049868,-3.0735411421362335,-3.741460335885221,-6.039941245147559,-5.366492429598644,-5.438739690922141,-2.6050088402937566,-1.8185536784102827,-0.2771253628973671,-1.189766074946209,-0.7816379533023308,-6.544736515358956,-1.6185548772523395,-6.423177732095277,-3.0682419291871756,-6.796462891715577,-4.025792566666317,-2.512718357252516,-1.0639528583205542,-2.25208729219708,-5.4480680830889865,-7.868931906039425,1.4679407776284534,-5.97249784280183,-2.375943344013958,-3.048661376060137,-2.0646341908395267,-6.285318623968238,-7.307916594219686,-7.331829408086081,-3.65437593585453,-3.4777880100850784,-5.870154215306705,-0.07045211322089477,-4.369788360591013,-1.424478588038151,-1.7762033651915003,-4.831756124837219,-5.315799091751018,0.01938804510734138,6.0,1.0,1867.301630309143,0.16121996407786554
662,-5.856761489410708,-0.3815812056944357,-6.110337083409166,-5.04099014957189,-6.365568955850186,-4.246386209786162,-7.3880213298420365,-3.06092709164302,-5.715256128761846,-7.408590172210843,-6.303729061271906,-4.45368864271002,-4.107985223650123,-5.8266847136673405,-5.3532944710238315,-5.058404502355942,-3.3686505276164236,-2.463276847880056,-0.5170415522845734,-0.37834036232152257,-0.5208842693854203,-6.102770524525315,-2.4658080263353224,-6.275443091638315,-2.925656242571134,-6.311011570262965,-4.19836300066285,-3.1501663315401216,-1.2606155201204738,-3.0728778099202336,-4.999853836118707,-7.337787029216203,-0.21447200747547276,-5.772371473488105,-1.6374434444017758,-3.4271258842721957,-1.9136111696080107,-5.969721896769426,-7.001256062800552,-7.27023475126943,-4.093607964202854,-3.5278243004013254,-5.526541444186319,0.08363481685967633,-3.9685737287033693,-1.6122461064475364,-2.3384562926956556,-4.890505995366603,-5.945959275684355,-1.0192208692048523,6.0,1.0,1894.477362916259,0.1390273633356924
663,-6.471277889654726,-0.03013297140990412,-5.461006253196828,-6.2971247720686225,-7.1717487721472315,-4.151767228242316,-7.508729160729493,-3.2475344247110574,-5.270550549590325,-7.252799701299851,-6.649466099319762,-3.776518608695373,-4.697758724810174,-6.635115343097937,-4.807824279621036,-5.050454250020245,-3.3133587314674036,-2.570703321210808,-0.5754412423054132,-1.4523700316753256,-0.4659705670991819,-6.4978119569443935,-1.6714785677602995,-6.857077775038565,-1.7214732614072925,-6.307812004743829,-3.8256815972576064,-2.9868803659646694,-0.6506791420271627,-2.1809263130814176,-4.519021294485518,-7.3769171405820115,0.4495881362699722,-6.1852095009529044,-1.7734846988597415,-2.7680479632081116,-2.3536357993286243,-5.777639193548379,-7.004178050359428,-7.250322140186486,-4.487868459830221,-3.4553836743257085,-5.859441625018481,-0.7086723356654826,-4.395064905532145,-0.5177290453385772,-1.781192540402548,-5.060888983034073,-5.738329680013238,-1.0983693667023373,6.0,1.0,1762.8157194510677,0.739918089809303
664,-7.500520549969821,-0.29025480020871597,-5.497071801853559,-5.686138688461418,-6.186139348418029,-4.765217178969449,-7.829393461942447,-4.088821621162726,-5.513036533885474,-7.2820433779760245,-6.6250704596384,-3.1174512969397323,-3.973135267171905,-6.2004728149938595,-4.870326304839556,-3.885170326581849,-3.3213985231968195,-2.069569147981865,-0.18431452270641624,-1.5947501198380811,-0.7194659048859298,-6.646950668602557,-2.6451537799516944,-5.538947941548816,-2.482906916038389,-7.589119281360944,-5.374926958278039,-3.512305691752466,-1.523875978143822,-3.255338600622525,-5.055449693347541,-7.602264985878279,-0.6948045455974216,-6.565471038025942,-1.9666896202301778,-2.2032284229090138,-2.2883315119317884,-6.524117669981705,-6.805369880639182,-6.635652370780515,-3.320320219788124,-3.4274530012382214,-5.90192317774044,-0.47899097310919647,-3.8803311653405386,-0.704980381636692,-2.092693994820898,-4.395840209636267,-5.630661199320583,0.5157703073571374,6.0,1.0,1849.3855526342625,0.6282960702153493
665,-5.969328522103161,-0.9668194714423014,-6.285847264975665,-5.246348390778056,-6.461704813194738,-4.1656474297196935,-7.596773560086255,-3.918733597460309,-5.448892062836146,-7.377038465380593,-6.852387974993434,-3.9347279991917095,-4.176729371341911,-6.454499918727249,-5.253136638443516,-5.275295056253905,-3.9100359391361468,-2.7933382881350415,-0.9402467587000396,-1.6692109550669876,-0.5783325548412738,-5.719117486645496,-2.6017576197004604,-7.103416278618614,-2.2096236716563973,-7.270175499662328,-4.331030597154674,-2.9635566659219426,-1.9814639797442442,-1.8541417695536597,-4.313107173651156,-6.886831780955381,0.7157565610326863,-6.155100780858183,-2.176405027712347,-2.023819849666725,-2.1697942751172654,-6.220063334730078,-6.979438710458726,-7.097531620175996,-4.294164350473624,-4.200329465563199,-6.373535903290379,-0.30349974946818387,-4.421522004425522,-0.856970252638832,-2.002124161209887,-5.311227798289753,-5.422724157752994,-0.5889569391005998,6.0,1.0,2085.426837385596,0.42585616179729313
666,-6.479877994212015,-1.2905564121239887,-6.071850888977807,-5.110610610276446,-6.3240714449696975,-4.282365699725147,-6.790978296953327,-3.7835356017743123,-5.997388189316886,-6.717590073818157,-6.484302519912158,-3.2443116314985003,-4.565875401957005,-6.670305575378212,-5.319797673914037,-5.653436739547196,-3.383504868127559,-2.3386285143602255,-0.5051412620069331,-1.1446649504815773,-0.26559771826734546,-6.606639236678461,-2.6984886638842718,-6.936242624654673,-2.386447322825641,-7.202739313020285,-4.636933666221316,-2.5066375821732527,-2.5239856700993895,-2.976872817351065,-4.643534380584865,-7.6786368524246384,-0.711898456929471,-6.222793396080207,-1.737003262127642,-2.2551355316231234,-2.169940343455874,-6.225490773303329,-7.2935137627015525,-7.2259776522263355,-4.218857432476375,-3.9465725076358416,-6.3794080540037115,0.06250892251856238,-4.349467622997086,-0.5232883312843876,-1.437239699466144,-5.040381861021911,-5.81251778701726,-0.7196427686113263,6.0,1.0,2482.3496144954875,0.05620705892761757
667,-6.54777878698776,-0.5923953556374734,-5.758694631206073,-4.49458900592726,-6.961233917811665,-4.55557858105126,-7.172365788991254,-3.861935788228143,-5.444551497997158,-6.884424649339545,-6.399570838694202,-3.671501154890299,-5.140719645149739,-5.86576990839307,-5.886975093247283,-4.702932618637232,-2.9727155195277413,-1.9208747737015357,-0.9442192286516122,-1.0863143731836211,-0.6426248938632286,-6.130847842931976,-3.155052774479879,-5.9972875048917675,-1.884324558034848,-6.457442897474871,-4.195369762851568,-2.3454214434144665,-1.7849607434078392,-2.517610221231582,-5.171039828875793,-7.874412934083401,-1.1753134469809314,-6.332663080233306,-3.042293423070736,-3.0809290594768206,-2.60097462768586,-5.949254161179036,-5.772945092357764,-6.79197484327114,-5.977258393465867,-4.053205943892666,-5.581079886581744,0.2739396537167328,-4.3765972227257635,-1.1732263670342609,-1.4901623363123448,-6.048353080342663,-5.796916494788159,-0.7295518257427012,6.0,1.0,1889.7785951200906,0.5068817089713236
668,-5.825015163821384,-0.9717909925635276,-6.981530224900304,-4.688483982350502,-6.1638481815310975,-4.079401481044671,-6.040435740702568,-3.1840106375249135,-6.046235377011868,-6.791002510573073,-6.104254846101045,-3.8600237861592372,-4.001138884123106,-5.968814185933408,-5.728960596087227,-4.832649472031134,-2.721415239083849,-2.958969115678638,-1.1712881603468357,-1.3059161806154864,-0.5735586756280053,-6.227867715916167,-2.522890560897791,-6.837063376204721,-2.261350928718929,-7.2839955813494175,-4.286465297507206,-2.2768654346048534,-1.4062040910977525,-2.188281185713492,-5.206238950045542,-7.759075806084065,0.5663229840929749,-5.937195780301841,-2.4646844040772726,-3.560218334735652,-1.7078996328819747,-5.909919965806219,-6.7143207603691755,-6.142813883044922,-3.909405514971553,-4.48120524755465,-6.82441741200274,-0.86901650402863,-4.199569326602445,-1.1989150214825768,-1.3086991557541805,-5.216566038262575,-5.455930276184467,0.215899183288222,6.0,1.0,1857.24763586014,0.15085007618974516
669,-6.386753252878942,-0.9968152539895487,-6.286807894938256,-5.103044962470717,-6.493055962622526,-3.942232551899394,-7.647079025898449,-4.12949287382917,-5.477884174215325,-8.350811506671947,-7.005524946498269,-3.2684091504450836,-3.7282153109099543,-6.6748980660211235,-5.627816176806012,-4.420306556794941,-2.8769733885195046,-2.507551315170602,-1.1415351360469561,-1.071037310959172,-1.232670745961717,-6.883572928842693,-2.383156754535972,-6.176042516955768,-2.877608546284105,-7.161847627614665,-3.5489668073840175,-3.1282725215926552,-1.0770965481516142,-2.828034998463721,-4.415644279440399,-7.1678103735449,-0.22951275043698424,-5.645969182989073,-1.5169842498486723,-2.892830200546015,-2.758267082977071,-6.2376641614566095,-7.886159758300611,-7.199416417285994,-4.130618657404156,-4.289120257214771,-6.390027180356127,-0.2202927319339124,-4.641195956035018,-0.6158362101938528,-2.0501168194115937,-5.5316800825779495,-6.014848732158459,-0.25832416300755623,6.0,1.0,2345.2132064489997,0.3599583948740735
670,-6.455397956087823,-0.15542439805151365,-6.154782971448956,-4.842636758920408,-7.430210965738034,-2.9629267502430294,-6.927970346855061,-3.6693240800866365,-6.062378439118539,-8.138057044082657,-6.1799063692967735,-4.298693208414866,-4.990866718974301,-5.874133223585892,-4.693172652442002,-5.102666329568143,-2.4514754108201,-2.405052009121151,-0.012618039572201312,-1.0298631308222892,-0.9114894614289564,-6.336170004568878,-2.7905625071235742,-6.315987819791438,-1.9236041129318613,-7.321276038378485,-4.8715933253754775,-3.279707103303079,-2.1504225604361826,-2.083617224100813,-5.205729699579439,-6.480935301128951,-0.5164361310942012,-6.263954117227815,-2.7603995951407283,-2.667741575364243,-1.4969166579243902,-5.984100409282696,-6.927849632132415,-6.585956339083034,-5.003296189567564,-4.1086059746920585,-5.969543104023294,-0.009164192282090672,-4.44177498391132,-0.8781229191641691,-2.0418426619780488,-5.138457307099637,-5.0946673022074345,-0.0052496292007195855,6.0,1.0,1842.8075692850284,0.6523943136758946
671,-6.662061159636269,-1.2254115457470676,-6.139976610336541,-4.694963882502001,-7.261523536018835,-4.525777925938182,-7.302714670454145,-3.424298382982547,-5.35303566822632,-7.2312033401151705,-6.3084183312142965,-4.187258204629674,-4.2172049337450845,-5.598216913590311,-5.503651968906919,-5.064526691368544,-3.0447766558024414,-2.6307893695201723,-0.766881786042775,-2.1120014561738776,-1.2167927204944484,-6.450543459737456,-2.984272398670629,-6.591740359296606,-2.176246125069407,-6.682548369982547,-4.013813649553266,-2.899721977898413,-1.5454228152664493,-1.7460665397080612,-5.277300332023525,-7.737626626408684,-0.18483612565324126,-5.334715463725085,-1.9702831525451754,-2.089754895064063,-2.0816381335826586,-5.975985609738139,-6.346066963591019,-7.315635273281662,-4.0502170766922525,-3.190620820632971,-6.526572085800409,-0.4103912967019321,-4.455292692870227,-0.6576522313845559,-1.3090187093510146,-5.787029019513957,-6.189326211541595,-0.6497066404786944,6.0,1.0,2128.588816972788,0.14419365990579544
672,-5.915189555139689,-0.7620711948530152,-5.118005763749009,-4.984241380886998,-5.993752005096345,-3.7596358055508388,-6.8438493192472905,-3.5128914919635186,-5.206219908820311,-6.70924336954273,-7.212399780844185,-4.004774411185199,-4.354658596428758,-6.054114519474205,-5.226978979353953,-4.2047125124116995,-2.2619723685232285,-1.9874176294674166,-0.8551517366233062,-0.9976142486865929,-0.5942578237523735,-6.1400460374409445,-3.0212695877071107,-6.279498640954117,-2.472351320392972,-6.40536356554759,-4.4623721731563215,-2.7300333433693016,-1.6077307080571128,-2.3722251650277304,-5.078451061589434,-7.417188906276316,0.17480840685264043,-5.967498608833886,-1.927124875892068,-2.3985761698747523,-2.6607841598933692,-6.327293300577471,-6.906112147767615,-7.464182507281495,-3.8636370608131636,-4.162939296097444,-5.651971679120158,0.1824077829803329,-4.609061299451045,-0.6395586998787655,-1.9060999030499681,-4.793583078386677,-5.482955228394313,-0.653511555873642,6.0,1.0,1447.0309342758312,0.7034991073893995
673,-6.885443683417686,-1.1013924975907572,-5.915140247307882,-5.242936012964448,-7.067392468518123,-4.835008502597561,-6.91027091474796,-3.352800956956298,-5.3265909543285845,-7.4859629491676944,-6.460742378742108,-4.270200526406132,-3.9632422575758777,-6.861096221074957,-5.1574300473950325,-5.478185793080548,-2.294469484475384,-2.106919824599628,-0.35394056225067355,-1.2917734746750067,-0.829613359602518,-5.846384098390593,-2.8086327458931457,-6.4177525512376405,-2.9393342680768417,-7.738342309016198,-4.588610306771581,-3.6800919518875492,-1.7213506478973335,-1.9590834977371125,-5.221758315583065,-6.715978716108315,-0.5074048863818655,-6.069654585045548,-1.233187806865411,-2.600476525128388,-1.9639781071644011,-5.944723111874192,-6.349611760537274,-6.046256645788623,-3.5400395358594823,-4.278167022044461,-6.019301152740885,-0.6384881751582515,-3.6798051351479395,-2.2492286872286895,-2.0418281871026616,-5.364795983397308,-5.341328686419108,-1.0148437870459273,6.0,1.0,1806.3539693863004,0.5759065537810059
674,-6.692017844652378,-1.4462330990212235,-4.978391551253003,-4.8262014537343125,-6.8672995995293835,-3.2979184546099645,-7.066457483908744,-3.585491040054131,-4.796107343245594,-7.287431285037928,-6.717168341308144,-3.5427603021405445,-4.288896191559865,-6.234460976401767,-4.8246864899833275,-4.246447687415785,-3.392678258983462,-3.234190814122862,-1.0349837331246925,-0.9230941611138983,-1.0390191048516892,-5.843651017117943,-2.7219365281721006,-6.496161417737042,-3.2127504209665223,-7.139540682256873,-4.922027634045242,-2.7023304181005012,-2.053964701929876,-2.224103747838688,-5.765393872456914,-7.173432988615977,0.22381793110817227,-5.168250261965253,-1.9265999922706394,-2.270393810096685,-1.6230568865459762,-6.373574762446095,-6.658004321758962,-7.639197258924514,-4.323137363503594,-4.127834681122008,-6.161461048492309,0.33529433359219785,-4.4293460423986275,-1.435269721022397,-2.4535314794259393,-5.344289823236359,-5.870338088592604,-0.5803130181314391,6.0,1.0,1731.8074319291056,0.7090620387605526
675,-6.12930525857389,-1.1656283998227712,-6.0110682821811725,-4.890397849335916,-6.165814923769672,-4.248368866699927,-7.352544366039676,-3.157100143519618,-5.138344082210929,-7.175473587122003,-6.384132522143268,-3.6514202835825236,-4.375848731934586,-6.626289651532246,-4.501320722767965,-4.644678651196404,-2.2620397037225977,-3.534572353632506,-0.43595392800073474,-1.2660146187322814,-0.4855464006023634,-6.2156493048286485,-2.5240485998757523,-5.89829634738604,-3.5480947013347146,-7.165341200236322,-4.509180531703492,-3.132456678051005,-1.4149334353614043,-2.3678237281486085,-4.656168662177571,-7.23545682784812,-0.6564312444540198,-5.468786353157039,-2.379981677304876,-2.0362886823564157,-1.8591660791870979,-6.0140646302958904,-5.455813437296033,-6.226805542470882,-4.0138002096696495,-2.985338257680664,-6.182970421807177,-0.45375264108635066,-4.520192805122026,-0.03023153901157083,-1.4220681959829897,-5.565927257036766,-6.276902854721047,-1.0108116001804044,6.0,1.0,1527.5147270821542,0.42525164983119335
676,-6.751512976467894,-1.0589815537123295,-5.681721049479702,-5.483770072493255,-6.515494623698422,-3.6506320742845433,-6.868529328147972,-3.8277010312751725,-4.611186155655694,-7.236105656692954,-6.764588052433738,-3.73301985544009,-3.7061984128701164,-5.961720496493509,-4.996946023653746,-5.207238628490819,-2.9124171959514706,-3.0263121482511233,-0.461509019210437,-1.5340760623376979,-1.3949562014437655,-6.443181311849389,-2.478412670705293,-6.145922960866558,-2.696757742871587,-7.260686009793359,-3.8775218540559924,-3.306443857996962,-1.5886043219010457,-2.4744022741668905,-4.769503143085883,-7.138612894020387,-0.17465160284506603,-5.685007488917784,-2.524416179427824,-3.268202722994846,-2.3227959321514455,-6.168120859096545,-6.310026670451521,-6.172359740735204,-4.922174760492342,-4.102658519012856,-5.632272729722702,-0.7286375787915236,-4.103414047838089,-0.8193531595809576,-1.7829170030851318,-5.191829660628356,-5.841450189302431,-1.1141658852862677,6.0,1.0,1641.8806985362764,0.6068582518633747
677,-5.814042093494875,-0.2786485254181009,-6.3891514485533625,-4.811862208333051,-6.652303249105954,-4.403418887568068,-7.863498463031138,-3.6201395060165336,-5.436259907220768,-7.238631185082074,-5.6185806423779,-4.088078465124575,-4.652432158430838,-6.3944739800515835,-5.209876705665489,-5.482157911122782,-2.869298232564819,-2.767272821417602,0.23296656643124236,-1.3689305680346422,-1.656029417244993,-6.096474537669907,-3.1957452155840826,-6.090261747750199,-2.630965742726109,-7.158586996523892,-4.49247269412961,-2.3285439791319744,-1.5128130586458741,-2.383006513325691,-5.393968614601719,-6.239353441109136,-0.26408920758973753,-5.0928716154446745,-1.6604614816459267,-2.6114633331415664,-2.852123099878578,-6.455917483948917,-7.1092461940476435,-6.740363680906164,-5.46058790901502,-4.194201252770722,-5.984347284191874,-0.12633749265914573,-4.172880533928812,-0.421490182542986,-2.0345105757090822,-5.136191713879158,-6.212439801487955,-0.32990003261309897,6.0,1.0,1843.5018604560246,0.6160690375573652
678,-6.327693332410204,-0.1908598397728274,-5.605778291529664,-4.753507406703838,-7.091956968899759,-4.156665652843001,-8.183687784754357,-4.01605190645475,-5.059463510671053,-7.123020024107028,-5.768714168289361,-4.421806681057574,-5.455628117780638,-6.115286831023296,-5.373934350181098,-4.803500378058439,-3.768359695017337,-2.2795758782527935,-0.9804730044941335,-0.8074821366656252,-1.5437267977159566,-6.930916232921415,-2.3515967469704018,-6.443780701086353,-2.5554369900364895,-6.140800485042947,-3.9634132935669055,-3.1156109541826558,-2.073904091368978,-2.640857030893356,-4.843548845144908,-7.328091848015484,0.03937198919554777,-5.754538632492085,-1.8170733457031552,-2.388414805013457,-2.2070947553357905,-6.099536393219129,-6.140536790427179,-6.239507580711434,-3.812139290343927,-3.7007773196532763,-5.985066657817143,-0.06418176603099258,-5.54449173972143,-1.0263831539811104,-2.4046138765569705,-5.380849076223306,-6.1418741005949915,-0.9032612077933748,6.0,1.0,1904.3017273968333,0.40677400983381606
679,-6.609560034571703,-0.6594153180694461,-6.081388264428547,-5.518172172484207,-6.682231165337266,-4.457569813851303,-7.674635794945977,-3.403095231672549,-5.538446754283894,-5.984720816148323,-6.18658988808672,-3.7345783924174585,-4.489297742230643,-6.265308639163697,-5.410017565868175,-4.281669626818424,-3.1628015664947466,-3.2360046196626957,-0.19237301201593293,-1.3831278585228544,-0.619466107922268,-5.898074363166171,-2.9145855627613853,-5.717918255597653,-2.3123554338952883,-6.760240299670815,-4.632984245652479,-3.523219008807211,-1.5451945972611618,-2.607653258700404,-5.220904626776071,-6.698226097290404,0.035909628032888025,-5.34848453029144,-1.4454686953519928,-3.262957174440536,-1.9658257381714317,-6.224764168741781,-6.957150032528514,-7.0288169325264205,-4.543865945015382,-3.306105962345033,-5.436077795470118,-0.5968355666262404,-3.468038963718598,-0.38698966829212067,-2.502589835604981,-5.992549452478324,-5.141096487532862,-0.4117261798418567,6.0,1.0,1669.3101979751643,0.4234071240154471
680,-7.2412516621276595,-0.4314818646855019,-5.239629891836942,-4.691206086466648,-6.5934102990750745,-3.8714051951809054,-6.983977335487567,-4.23120582748489,-4.802459935855277,-7.613701090098555,-6.659844426974903,-3.353397224821784,-4.590587772238915,-7.268576982269414,-4.909306324996101,-5.387962885436957,-2.109985886932159,-2.394999742811928,-0.48241473622318226,-1.4537358192456986,-1.1770305927756208,-6.736850851748368,-2.0560583962755006,-6.093969175147339,-2.0975155296059023,-6.853314863771503,-4.414160850258132,-2.5929822731782894,-1.7326587638632107,-2.3498770107492737,-4.260271121965086,-7.309880244752041,-0.6300239010359688,-5.451550467870788,-2.258918726885323,-2.143276043626158,-2.339617152157129,-5.8013729429936705,-6.473854676711992,-7.002081793933261,-4.560918633049909,-4.248796894367669,-5.6184635872405515,-0.27934154402559436,-3.7562805338288476,-0.6835479679946241,-1.618801546439472,-5.186154150581092,-6.171460562955331,-1.4715007437345342,6.0,1.0,1735.3437212485087,0.49077894933526606
681,-6.8370486142072835,-1.3145845869071695,-6.045286325181244,-6.008683549502383,-7.042831975948034,-4.262367283303111,-7.420464013676335,-3.44997609912365,-5.50376301416381,-6.577557102290267,-6.278594749303688,-4.257976362858105,-4.65510113762803,-5.664838587923765,-5.829139237226016,-4.35571875348805,-2.5640661835446474,-2.432275284620321,-0.47408013207619204,-1.089473708431458,-0.8737088608869639,-6.517203709771437,-2.3023579437697226,-6.536416927560511,-2.2368483170579023,-7.898361153068475,-4.7108725953085635,-2.820196673940101,-1.7235568962340744,-2.1543805507821014,-4.959547936989472,-7.363197941017516,-0.46870500400366183,-6.217387154561093,-3.0940342991660184,-2.4537593806506264,-1.8841395950372484,-6.341633047398223,-7.201464651187164,-7.487138271669837,-4.680016635767632,-3.843351408128045,-6.524657437453004,-0.2102088326000987,-3.8380154503351314,-0.8378935978379778,-0.6938486530084707,-4.733916274558176,-5.536249105599289,-1.3685829880502967,6.0,1.0,2295.6022551493015,0.24467488355417588
682,-6.602838846292085,-0.47347222186016874,-5.5686228644277325,-4.576048088828518,-5.93464658478943,-4.197939012987951,-7.226152810938973,-3.9529897901107285,-5.78975133577469,-7.477570865748206,-6.2706433645698265,-3.4237510011397885,-5.006997453247314,-6.14820488477163,-5.0376472757427075,-5.4166580733803515,-3.2047617979719285,-2.804365243861939,-0.6344902703500812,-0.920774819949473,-1.0508696838832259,-5.850723429061999,-3.2578869574187275,-6.50962082862459,-2.680414092104394,-6.697144378561847,-4.267760763759947,-2.6995463867831733,-1.0951807395121627,-3.537243921002341,-4.227991823258581,-7.13995319466611,0.22953322254001385,-5.648389360130463,-2.3717951098528935,-3.1575476783595535,-2.3256296095662967,-5.480205026882034,-7.227907572616244,-7.028788312697076,-4.072969446302701,-3.149580287099537,-5.951785519558919,-0.37127759727814985,-3.9944602476156827,-0.7722246240346784,-2.048030247456031,-5.467897188528398,-5.877457153080257,-0.40442755728598206,6.0,1.0,1755.1036660880727,0.4498806019101178
683,-7.19713411465082,-1.7601993611182671,-5.79459623488615,-5.459973520898056,-6.852533405684544,-4.072070591733564,-7.6615203125612075,-3.112405093252755,-4.504176835895006,-7.0827754579019535,-6.317369069946057,-3.840042504881589,-4.843354871851424,-6.1207008697747005,-4.468155369524601,-4.79834795839627,-2.596681996779273,-3.0297439247312976,-0.5928943637543783,-0.6241199885319473,-1.2974321310533508,-6.683964703132303,-1.7483874281060756,-6.378203826188584,-2.6376863547226996,-7.106728157982527,-4.613766244037504,-2.252004998601472,-0.8818434247781893,-1.4519907010033797,-4.895360576243658,-6.600105710930197,0.477174958219412,-5.654986150992346,-3.05768734678715,-3.024545508107968,-1.4522246882559309,-5.779743700137577,-6.201932744473535,-6.8655157242340366,-3.794585803127908,-4.074510557463096,-6.09082399483829,-0.4364034543229171,-4.189265995789328,-0.29583581059880115,-1.536749887732238,-5.868389668758586,-5.339029586942264,-0.8482424889431351,6.0,1.0,1684.6894955910725,0.3999467104492245
684,-6.211929270375207,-0.4093288405010774,-5.8038211982368,-4.987117305957874,-7.113727343147683,-3.274246667390038,-7.277464760351516,-4.627015481951898,-4.703309443743381,-7.063667451634684,-6.014416024764734,-4.207316687712234,-4.073605260788994,-5.729276574564787,-5.266440188482444,-4.3910728678242315,-2.6899524327960074,-1.8201313069221579,-0.4627645996137027,-1.417613192050345,-0.8816620485471924,-6.635745946873293,-2.5428067385787223,-6.449705490157545,-2.3685934146726897,-8.27179841988942,-4.0082672094414225,-2.1360410303668376,-2.4502663580553636,-2.145480110297157,-5.289884522557035,-7.589729628082664,-0.7316588177937392,-5.900061473322036,-2.549574092158277,-2.4527429025177714,-1.8488613521773756,-6.341373679191161,-6.851550331738492,-6.880404509770872,-4.2371167916118315,-4.3769882274666525,-5.750375439076731,-0.6518994617903158,-3.5231409512063463,-1.199210173615181,-1.7114063336875531,-5.1025383518084775,-6.635075244484863,-0.820802808461685,6.0,1.0,1845.894873087428,0.5199387787625701
685,-6.951131236671441,-0.5054830805082053,-6.165696333378459,-4.765947525356237,-6.3359240882816605,-3.999099736719333,-6.58263118377741,-3.4811667175384646,-5.4597592853044645,-6.891959999876781,-6.362116952047656,-4.026203997307146,-3.797044349547768,-6.59634921513936,-5.025051834656528,-4.669726600621364,-2.7933365178975604,-3.7329726297633785,-0.5605604572767066,-0.9140166825440147,-0.2270005314576934,-5.607225268601745,-2.4334833005551397,-6.2816622130895,-2.10938521503451,-6.896098986503993,-4.495274924935188,-3.3118012532318337,-1.49416745319512,-2.5071217885899775,-5.177673328317585,-6.996943491799808,0.13207997736709015,-5.0301106596559455,-2.260139306312261,-1.9255100042125592,-1.264590141705959,-6.524898975205338,-6.779944636891596,-6.790599918986444,-3.8954521295294864,-4.422847955388358,-5.774142279269579,-0.1126129335693713,-3.63241241132173,-1.0766410308859518,-2.2513982839359654,-4.857753615501219,-6.011129580127001,-1.1333290088782186,6.0,1.0,1808.9555024144677,0.05905225546800211
686,-6.482993224738563,-0.5025077582371524,-5.962635362586002,-4.960615332041875,-6.491732982687646,-4.341724464797445,-6.946848135905164,-4.4033760125790105,-5.488358684034636,-7.334354141939709,-6.179375828372892,-3.8732451194742614,-4.321184505628573,-7.044890496312963,-5.647423425268214,-5.070529282714136,-3.0219446911843013,-2.1161312208782346,-1.1674394286081264,-0.8100434355012784,-0.7884717139804838,-6.4153287245545485,-2.0432630040823234,-6.070909198608246,-2.1263995414376606,-7.518261873547707,-4.6307757801558145,-2.9807400998204447,-1.9514676210804092,-2.7345607992707697,-4.558117505055501,-7.51864909234992,0.2042020989828402,-5.436773054266422,-1.4703268511319316,-1.6465490241310259,-2.168250396503417,-6.180049823138355,-6.928283954717199,-7.000946200076342,-4.942696031874707,-2.8432673690737156,-6.5839271810604725,0.16561121751913388,-4.854137950842673,-1.5486820290624213,-2.0559754609955214,-5.842427728289788,-5.623791813077463,-0.5027942499623688,6.0,1.0,2259.2088821239913,0.10885007661283713
687,-5.818853826468872,-1.2330848314252258,-5.937223055152944,-5.260654639034944,-6.399602341388293,-3.7982039085196715,-7.480310810782779,-4.205888403260651,-5.514169915903602,-7.022840245429899,-6.190628823789029,-2.8696075967760657,-4.042105034940139,-6.551580969579068,-5.295365948076483,-6.07381322559218,-3.9959193307814456,-1.8844108359552365,-0.6989332762993651,-0.5727275243863083,-1.084077853588137,-6.346650226293572,-2.6455756411171203,-6.6945662042582645,-2.066798512876465,-7.093474169210457,-4.176273649315068,-2.6273591490444703,-1.5957486995530195,-2.274709738476552,-3.943652965113385,-7.125548436040638,-0.7895883805270434,-5.106097545279999,-1.9163937596264584,-2.1164581167076846,-2.5336874078553637,-6.5401760033320695,-6.4556325131958525,-6.875314231227813,-4.1540819740120725,-3.297436177666984,-6.237442427599029,-0.08018632017477098,-4.747093000627391,-1.1630228603559023,-1.7665949325586532,-5.752380188893006,-6.074670425244284,-0.5696154884099798,6.0,1.0,1956.8077087596112,0.13062659567155369
688,-6.6492808418840506,-0.1908510593996502,-5.991666882104143,-5.495203916801666,-6.79182529180273,-4.541300454470575,-7.44533691774722,-3.714061784775112,-4.737342579503721,-7.049231817170139,-6.245870794273903,-3.9713112555410763,-4.378910561501482,-6.407598608399938,-4.995272412341725,-4.907181960099785,-3.3755363618737597,-2.8894347616829132,-0.33410360505482384,-1.131678892408726,-0.6312411347665249,-6.6681278736431535,-3.2339022453432293,-6.154757773756203,-2.105455508707243,-7.959307793694597,-4.75044256516712,-3.022315314970557,-2.5903268636411036,-2.6427799915174033,-3.3869160149606103,-7.170013393950628,0.11323978689091158,-5.291879815163478,-2.269910383414478,-2.5187889377234964,-2.050957437237274,-6.153791195455396,-6.640882416667916,-7.165595852154054,-5.241864176621787,-3.789475588515952,-6.107140210832758,-0.2758380629308027,-4.154292156418761,-0.8991824606852816,-1.7655142011904637,-5.275828492135993,-5.345087068967716,-0.8313285974735513,6.0,1.0,2127.3630529948555,0.15740890468225066
689,-7.199978722157241,-0.7820103859441142,-5.7833717619409155,-4.576765388758761,-6.597402118421458,-3.720842777056802,-7.760592601647318,-4.190609992542158,-5.195129919638623,-7.707988268683533,-6.850839344071036,-3.3819373596429063,-3.7137858818136253,-6.159409352701939,-4.891033567272103,-4.8926271667388646,-3.104310798012112,-2.707673084580426,0.2712156737226238,-1.3445694150089154,-1.3501886463773,-5.9991549238442925,-2.1013725016287323,-6.24990954831814,-1.8167354018384936,-6.759028837833204,-5.1234885397595935,-2.803781589486987,-1.9582490142326492,-1.8745888102025838,-4.121179872003134,-7.473649537276516,-0.01469881815642421,-6.0342775973658895,-1.5840125496121402,-2.0477213721089553,-2.7670296378328105,-5.900777571846513,-7.112006204592378,-6.975547289750904,-4.235057774716862,-4.601321943720324,-6.342597887522336,-0.6749739292696868,-4.097624757484818,-1.3702658670302985,-2.0475720797803794,-4.740092906509724,-5.947410819794787,-1.3806555974142043,6.0,1.0,1947.7043984754955,0.33521873175496497
690,-6.553829691197881,-0.7488785654321574,-5.874586265044759,-5.062408676476696,-6.510715050044606,-4.342003941603496,-7.388595199959986,-4.056692010858671,-4.729657737330963,-6.753280312903278,-6.302746022175248,-3.8447991023573307,-3.8537252902639474,-6.3481936619797255,-4.655997063338353,-4.108779158106603,-2.8972220670987374,-4.091865532899735,-0.4978341698643418,-1.2106539632551292,-1.144629390785999,-7.025469999743944,-2.385805265418694,-6.572363303004,-1.9671445399576168,-7.255385276590725,-4.475852175727276,-2.998312290892887,-2.191898102509108,-2.7929696771916537,-4.247359305991286,-6.525516325197514,-0.344332089346592,-6.256587046987043,-2.3910724657993496,-1.4124625465664356,-2.2756809807556464,-6.14540158291415,-7.744402697720613,-7.155601567257032,-4.75043393419247,-4.2382002063406,-5.984751897146158,-0.6388417934228608,-5.049441304960828,-1.4223438984325858,-1.1134985296035844,-5.001330172597206,-6.929371000587357,-0.8549758593324106,6.0,1.0,1834.0024248029536,0.7944028974208709
691,-6.343818409109972,0.23282435738818608,-6.248596750015181,-4.678989340379154,-6.613355842854569,-3.970642567187064,-6.932044464852309,-3.986730383336874,-5.157610330918919,-7.322095550581618,-6.826350273272573,-4.013932949381349,-4.07436369538563,-6.357478949151969,-4.596596814804545,-5.184761552694014,-3.8266250900014347,-3.141752578583918,0.1309362727596558,-1.3585287937735506,-0.4325467953651945,-6.287687658617266,-2.8196179179260765,-5.606725870083039,-3.2935024113605387,-7.843676445296167,-4.672311947991958,-2.8320438376731607,-1.9617189097846435,-2.8491042481367086,-4.876495820984617,-6.661001732357588,0.4681983572430166,-5.628829311348092,-2.1686541930194916,-2.7885791576779715,-1.7584132436041036,-5.97649041836844,-6.831522427349103,-6.174218414717054,-4.685294113030858,-4.165335038300041,-6.200954855482628,0.10277634506182243,-4.073939662406322,-1.1667480377789496,-1.8239461059603483,-5.002859511683448,-6.584193733939072,-0.6676963428040967,6.0,1.0,1976.9808689315184,0.2577787392215175
692,-6.5818891183119685,-0.6804008021697477,-6.234869218121287,-4.915668837097834,-6.663103387731979,-4.580760779198455,-8.016391650157992,-4.300212714357927,-4.8258669755025885,-7.18945802465391,-6.480707150669907,-3.7218337506146986,-3.6397276873993576,-6.33340194118287,-4.589423640860845,-5.296597890169845,-2.347622705361362,-2.780224790658016,-0.9066864091749718,-1.7443176937846085,-0.725875071437527,-6.713460103375958,-2.262492504102542,-5.88134913842547,-2.2286687368762395,-7.555895838318094,-4.236477307448529,-2.6787220843497197,-1.7561124562916017,-1.8870745788246719,-4.552910433134891,-7.208241592857579,-0.5713463487601795,-6.117817518295398,-1.664280256413409,-2.772796265678136,-2.359475313000395,-5.729686499760366,-6.721022649136751,-7.10550690493737,-5.050369506838856,-3.444495203211396,-6.280249711376919,0.4036122890236413,-3.511986201091002,-1.819127249566201,-1.1236304574641744,-5.2483812258116815,-6.246708943764029,-1.075863997608154,6.0,1.0,2087.9868632247203,0.15265487666247157
693,-7.735670776243701,-0.7871169942641844,-6.65379743545319,-4.835941547620034,-6.806279687513713,-3.873333521873244,-7.392978654834969,-4.478056989644329,-5.070471789834772,-7.440439616971933,-6.5941337543472125,-4.083677661358328,-3.9289952271474795,-5.982539352893927,-5.331324775845994,-5.1130826134582374,-2.8679875975610383,-2.8720006568434377,-0.4196699068781828,-2.0651892176994107,-0.7082164665801041,-6.840635134991773,-2.5660514736146958,-6.799984888911412,-3.0490516926872058,-7.0878864260425125,-4.344442490949316,-3.329266297578836,-1.9156095677212233,-2.3731128298313466,-3.984131016304266,-6.452880510396177,-0.05975848860842975,-6.1747745980904405,-1.7022363641797496,-2.9127750602357354,-2.779723567718259,-6.154261928907259,-7.174738360693434,-7.579113285722471,-4.955476875924427,-5.272437396849654,-5.6951127301082725,-0.8957549499609004,-3.853049479392854,-1.240839771633999,-2.4589279230605623,-6.273632383153407,-5.91353179108446,-0.383320678628642,6.0,1.0,2296.785985300089,0.7093693094526451
694,-6.879537247119673,-0.771559437909991,-6.579182991405521,-4.86574910164277,-6.59467166393602,-3.855123499965458,-7.096234925030929,-4.384533389387796,-5.9607049752931545,-6.743781165603878,-6.903146421265541,-4.107271548118179,-4.8790957612784975,-6.291463386848658,-5.222429661647076,-4.594608596033201,-2.8246544535050346,-2.318803497037902,-0.6314082552401055,-1.167443303340299,-0.796091801998015,-6.352260054346426,-2.612297982487029,-6.112579578660898,-2.1428303869913163,-7.067449579051939,-4.142052711120898,-2.6130084443503963,-1.3369241303094415,-2.320956515732765,-4.936638581378563,-6.410368056224312,-0.215605249514806,-5.438772186559085,-1.2948252516531618,-3.662080788234825,-1.3358054147886143,-5.44181630988544,-6.629423338267388,-7.390546752721824,-4.069022005937533,-3.8604573252106418,-6.138582371308261,0.8375670719395183,-3.9595893125823536,-0.17409185524260828,-1.8210075873390947,-5.50587320158759,-6.431821204414655,-0.1307809026328216,6.0,1.0,1843.4481431881509,0.39487341599719833
695,-7.22202676464389,-0.7060753481798656,-6.15862551870328,-5.670372093350533,-7.392150132842056,-4.3262379790556045,-6.8990854545198745,-3.812519733773023,-5.619417256066729,-6.587629685597045,-6.466299063710654,-3.658372062081458,-4.4264734036041204,-6.545443040464644,-5.409268436599791,-4.837108291172583,-4.089185853155726,-2.1819167461044966,-0.47693578674041337,-1.607689231029857,-0.6131337738787154,-7.157299907350248,-3.4386758969530717,-6.755819563760686,-1.7363360207769392,-6.539209190132327,-4.371052910308736,-2.521801111878248,-1.4308925960385939,-2.0476940978882374,-4.755169923195971,-6.964892283378467,0.47078470802430306,-5.905670537419868,-2.2059841131146847,-2.3819713153120756,-2.0741961870862817,-7.001939146494698,-6.994475313594843,-7.136217334199362,-4.887174814152005,-3.936161649873195,-6.572380689171352,0.047095147162209194,-4.029769954514581,-1.3215782593161447,-2.144612797218323,-4.8993408875432385,-6.267382387548099,-0.8847301685098247,6.0,1.0,2167.454656311335,0.6815048159174601
696,-6.741305852363777,-1.460311531606003,-6.501273554665075,-5.422927657488849,-6.920599940863501,-3.895193838018221,-7.046503079351517,-3.4969604226560054,-5.105276034464248,-6.895389324282015,-5.658278188398296,-3.4061123572279652,-5.141624787806745,-6.584770272055359,-4.804269572702107,-4.619287562261556,-2.7911433552371885,-2.742196446624831,-1.0122892091676123,-0.533870879734763,-0.5005737505980641,-6.35287330318183,-2.286592440416746,-6.103000433864899,-1.7022480591455968,-6.93831470347539,-4.932500042439879,-1.6638547342385845,-1.5000736164474735,-2.001641347036926,-5.212466348540651,-8.280398729778767,0.8791167215801783,-5.961148119372649,-2.290672837351308,-2.660450524379484,-2.0194759565096763,-6.075501235292489,-6.882564901891139,-7.561169847534536,-4.637748039815175,-3.510748434407608,-5.593488690275445,0.8703834820532792,-3.7728807137128917,-1.4598290947304777,-1.635309058096815,-4.6948663917214555,-5.411134803434201,-1.0294767880483076,6.0,1.0,1660.3424787700742,0.7853125475071548
697,-6.8872471071986565,-0.43575976459735893,-5.990752089475416,-4.205110142681545,-6.3453474850915965,-5.116916395163722,-7.392925009779296,-3.492761247680244,-5.122477583516002,-7.173642576808442,-6.739368466102385,-3.758647108944052,-4.959645208199554,-6.173035335818209,-4.927497350984066,-5.62368791151774,-3.1688000201982094,-2.2677170585861277,-0.5571424993969613,-0.7197056662760464,0.31994386251215134,-6.415515376478627,-2.4417870921407574,-6.451397008028639,-2.1521553799700244,-6.915623218180397,-3.5485818061416654,-2.165593468780172,-2.0704700933305795,-2.1209866311544956,-4.667553870079671,-6.911663898884549,-0.3404488953135393,-5.159936696542346,-2.209946625069346,-2.4562582238001185,-2.055801708015699,-6.405144370461642,-6.73224691488434,-6.9519567435369956,-4.629930339033918,-4.179738786880285,-6.239968542908844,-0.05642067038422355,-4.635270149177631,-0.7183440773084876,-1.7603979336925872,-4.821783383458245,-5.697743609458261,-1.4815331030872552,6.0,1.0,1687.3943373589857,0.6897324485383874
698,-6.798162275769175,-0.7578198559352671,-5.241166183578486,-5.356298266696556,-5.645148784817219,-3.6432005068906514,-7.822778771749619,-3.4098024602362935,-5.172268759822427,-7.198686726900632,-6.330857483208948,-3.9437970234873743,-4.964632837601021,-6.3103414921466525,-5.478646005349456,-5.302953050951066,-3.205415644328808,-2.5598845973487725,0.0006815970863884302,-0.9120361090837179,-0.8494381990859912,-6.370035497005149,-3.8415504101757842,-6.113410151238195,-2.0319548776542287,-7.441920049621957,-4.4194095467760555,-2.446187411163759,-2.0262067592587076,-2.00526469858457,-5.229891297080106,-6.612139596321599,-0.8965212659250713,-6.359598334287718,-2.5587435065481543,-2.506095711037359,-1.9301870418965477,-6.61379696987638,-6.854901403044683,-7.895782229455034,-4.965398622705197,-3.9061637636776716,-6.155760864548019,0.04570461873518944,-3.6054428105744547,-1.475556957810973,-1.37340230613443,-5.049105942712062,-6.31687414918754,-1.20574928435191,6.0,1.0,1958.029351991191,0.6959845476011581
699,1.2456145052343395,-0.20894302061141934,0.5109826242419411,1.5275952278140745,0.6602989881500174,1.5334663612559725,0.8466803096164139,0.6610866065618648,-1.5026998503201616,-1.8457465711084176,-1.1668309797130099,-0.9325612315561691,-1.4358756892768962,1.4635830053890038,-0.801018056607667,1.2250243495670863,-0.9975651199436344,-0.28371964165923425,-1.4747447883725733,1.5626377443395354,1.3037036419025525,1.3475361328840054,0.8621841715121472,-0.5992728951324322,-1.18479230263203,-0.5044595149192057,1.3205900441422171,0.029829135116868688,-1.4745224417219234,-1.3670564596503891,1.9830723266460133,1.7260929171992934,-1.715413233934088,-1.4194055932953509,1.2392983543293603,0.8806883570153139,-0.15084113167451285,1.5850069162948506,-1.5353991462759642,1.5986185322232864,-1.6398477087473937,0.4613269765375163,1.1701633101784226,-1.3152992745890852,1.8258821550739794,0.7576640069442462,-1.5134447943468357,-0.5648645855397421,-1.2392579071557437,1.9426143729766427,6.0,1.0,0.7834678363964448,0.4812996594818808
700,-8.568783213450546,-8.710378218478944,-9.858547012731018,-9.304375685629893,-7.69538876261784,-10.393893037870434,-10.138744689855146,-9.705295115922283,-8.32312518771398,-7.7450970000761075,-6.9517174348338155,-9.487759557379734,-9.116706287889372,-10.046121078916071,-10.203681528437977,-9.119543648029731,-9.076894288641888,-9.494795802986634,-6.43191763547304,-5.492455170602588,-8.703154104955406,-9.006472197884104,-8.812588074587834,-6.537236513768935,-9.323680240339968,-9.139389306233035,-8.24423701949708,-9.837132797611256,-6.344714796718349,-7.823379376675332,-9.903449874585013,-7.832756945725945,-8.062995910494914,-7.998312528200641,-5.689238156615319,-7.050554502413535,-8.438184959304458,-7.490030441784174,-6.685148411751149,-5.866044311113247,-7.579344464896787,-9.908449877904028,-7.2935865273896985,-10.184517414942778,-6.026167702527829,-7.693259490562063,-10.008746917472479,-6.530110945108139,-6.950929628593759,-7.444585877131539,7.0,0.0,350.8145529711303,0.9084010087776273
701,-9.705726618443142,-8.486727973793796,-9.946861448306189,-8.089167960481802,-8.138587022659733,-9.503695020405331,-10.146451303132825,-10.137322209171414,-9.056196199530218,-7.952143240580751,-6.5822636446548035,-8.53091014825487,-7.413419580870414,-9.335010093828467,-8.838970886381128,-9.55068106716328,-9.852388228292371,-9.560165762656439,-5.803793765887781,-5.594185270277829,-9.338068388413223,-9.242843153916905,-8.40153167027398,-6.235804206720076,-9.744828352529373,-8.99247030141499,-8.42946924435882,-9.546629007122027,-7.243847304547499,-8.932808968584672,-10.53557961778827,-8.315252859433473,-9.541603932311245,-7.200668379813579,-6.71608751948046,-6.5685382428812105,-8.369473372096007,-7.444537952712851,-7.015789650079083,-5.659133124823377,-7.149982943398006,-9.968969447574494,-7.298744469524091,-9.289990759453273,-5.054275217284064,-7.539590155016258,-9.932029457722086,-6.142169794361865,-6.899276491388906,-6.528738968550711,7.0,0.0,348.46205767944207,0.8509693574046412
702,-8.976041053243268,-7.442986813939681,-10.68088331260349,-8.285106880655425,-8.796840440663518,-9.432690652715703,-9.989684765920774,-9.819581366074106,-8.94175111701043,-6.785256917509951,-6.5554775514649375,-7.465911974598682,-8.93529563028516,-9.947872378049881,-9.619533253672763,-9.246557570217469,-9.154146719350317,-10.004671025811481,-6.0385368739685985,-5.545991754316954,-9.104767243019639,-9.177182558462052,-8.296059453508056,-7.1775597463856435,-10.273566116333548,-8.49500984771107,-9.312655891606454,-9.263624041528937,-6.16092922328427,-7.699420694810369,-8.840810368322973,-8.656650704209856,-8.681375049953141,-7.110289061800747,-5.98338475865272,-7.45269058190594,-9.828935386081366,-6.801116355865419,-6.299389716162822,-6.056752457535477,-7.566854354017367,-10.407211024917746,-7.268766836652566,-9.11203254031892,-6.000117040759647,-7.6794577806426565,-8.600920094273876,-5.4498226657587345,-5.880147039611568,-6.9656289595830145,7.0,0.0,319.48794918752577,0.9150060951488502
703,-9.70501167638097,-8.534885319567762,-10.005022244495946,-9.062720567382575,-8.834441441358372,-10.504284207273201,-10.263005272702651,-10.22121326368771,-8.13359796507915,-6.91316511118275,-6.397918899865485,-7.855609680247566,-9.25954833992704,-10.327398305276601,-9.108861354063764,-9.89184935423675,-9.140805945854181,-9.03366712561037,-6.146581086539605,-6.637967640566827,-9.704911939253861,-8.938771701315343,-9.482995959377572,-5.676749686108841,-9.792469088454446,-7.938899948138085,-9.305798215984021,-9.559445244910334,-6.331964844016458,-7.7446145363499515,-9.664376499179514,-7.76012977028089,-9.518896825433098,-7.445432606064809,-5.782348970009235,-6.358689647133668,-9.005571928022572,-8.008140770517148,-5.389189237437602,-6.518583759527722,-7.646673164139018,-9.347737430756007,-7.474199259558641,-9.200424864976787,-5.809585624020595,-7.735048986934442,-9.581492673924423,-5.70328579252843,-6.299233719024737,-6.319876583718708,7.0,0.0,354.38778289858857,0.8161227117463656
704,-8.559492725688003,-7.871386675474271,-10.10465037107109,-8.167724640492306,-8.248826072221568,-9.778321816301988,-10.074559620352419,-10.075996927005972,-8.274076790649293,-7.6115174935823005,-5.179002677474831,-8.89681492798394,-8.993220887897799,-10.435461836005327,-8.901035194077567,-9.171176371115699,-10.490128557843947,-9.22725905814384,-5.779700463370422,-5.973567042970558,-8.710021690741947,-8.820446468434493,-8.112806732815718,-5.052946102982179,-9.531849562556367,-8.764911682381554,-9.076962165905643,-9.51865961228848,-6.411564087484004,-7.235448331016577,-9.535356399126885,-8.353828548536391,-8.753584703668862,-7.852638012487943,-6.166843788429798,-6.389553887215077,-8.857432728328247,-7.428293594490491,-6.04280007771131,-6.157165631950575,-7.841006662407141,-9.350707814980684,-7.520622771267896,-9.542753155977838,-5.970702535567531,-8.464590268234275,-9.275999572460382,-5.612408550578224,-6.288254971315757,-6.020066067001284,7.0,0.0,287.12115195793814,0.9849943268397282
705,-9.476560537053507,-8.22640867542104,-10.25562286753824,-7.4575653301790386,-8.727777981213935,-9.669852251850005,-9.070793774721794,-9.394617250039861,-8.185049975828456,-7.818959389294832,-5.778794451702406,-7.538551406368305,-8.484939659807635,-10.38144178260326,-9.596658618378838,-8.700365414771337,-9.477096827849532,-9.824009393872904,-6.2477471492665835,-6.505071646102187,-9.004906797699128,-9.193665292652444,-8.54205246545108,-6.778959941917407,-9.90800195270237,-8.548269977999043,-8.617670425308836,-9.678001379130825,-6.77444842433674,-8.188579902384292,-10.657350853463132,-7.775947288223044,-9.47988062745475,-6.966684478298429,-5.837499369363232,-6.7241795013258745,-9.289058029694118,-7.020342278321734,-5.963241747374864,-4.971158737775125,-7.68908390690911,-9.453440818585904,-7.035189578679835,-9.549869080477796,-5.804707127269201,-7.900530446452842,-10.590476178046888,-5.494061657289281,-6.410421166074954,-6.322587113524329,7.0,0.0,323.97956569758395,0.8981044578640928
706,-9.559227863439892,-8.155390874225537,-10.020204464803637,-9.14106995179334,-8.790777233704624,-9.271544284462923,-9.239768355716256,-10.194412378283804,-8.402782741760008,-6.720626057700602,-5.995294959336861,-7.200932440326308,-9.299911375745227,-9.032020542666352,-9.26943461077541,-9.210817635449343,-9.974237304956214,-9.550716158161261,-6.210278909180874,-6.800168939521613,-8.944164216413306,-9.686095016625153,-8.551717585403576,-5.5019489345597155,-9.091211044529965,-8.637914334205385,-9.047072071949644,-9.298321985442701,-6.638373546704476,-7.305765878601876,-10.928906983174802,-8.539859459431993,-8.457059115302858,-7.580793248956964,-6.127790826122608,-7.4710331931746286,-9.130350184637148,-7.149590402725283,-5.513122365495455,-5.3185944127723594,-7.389649245469196,-9.043492048635938,-8.618554031300668,-8.783314212606594,-6.304631697171614,-8.311799286076583,-10.392874714448038,-5.6455558561618595,-7.188071206815726,-7.268098193029757,7.0,0.0,315.44026959438855,0.9689079726344343
707,-7.967465993649317,-8.40383857903286,-10.608330004492364,-8.843052970471625,-8.595660679505954,-9.271605508703278,-9.641914392667665,-9.361907896440536,-8.257509321896928,-7.192583620960753,-5.870884907111336,-7.709695608041726,-7.92943609325288,-9.304603080018486,-8.862601522633826,-9.867449711423246,-9.541827317106613,-9.233503765611268,-6.408020505059736,-5.631319065188839,-7.8491046157107744,-8.239907554868914,-9.055018277197203,-6.447641471837331,-10.478742241063763,-8.504666535122476,-8.505255865747937,-8.567282798726259,-6.601805254677724,-8.206066046935314,-9.800188649633851,-7.816463600964037,-9.661832779337075,-8.41338405729301,-6.795186479785268,-6.845964178930078,-8.721570123025764,-8.335739801472274,-6.1134951304558145,-5.671539292508784,-7.7241682136540675,-10.438802809901748,-7.690604213426815,-9.396377033383265,-5.430946096068102,-7.116229041248464,-9.295522578484386,-5.300521127072733,-7.127609714839664,-6.063234978294956,7.0,0.0,318.6433007420329,0.8185045558123494
708,-8.965310330031633,-8.92732374891478,-9.562974256160013,-8.245119019351932,-8.338316266676038,-10.036569304150712,-9.840218928760718,-9.620851656565295,-8.482397966136016,-7.697102546891364,-6.991739102775634,-7.4935550757284695,-8.631035396713646,-10.758500138852428,-8.62869361908201,-9.144925913869711,-9.28001051893337,-9.57171144927344,-5.742362754484674,-6.42280785127587,-9.350145112713037,-9.097776302020236,-8.43770625467451,-5.799587650523944,-9.93333907294135,-9.948511413155607,-9.367058457979217,-9.988520304571903,-6.888809562981448,-7.909595271166985,-9.775526728254812,-8.685317816516456,-9.532937945931142,-7.484908235847788,-5.195457181514666,-8.062558486656574,-9.928478402603817,-7.131048991492458,-5.635334935479338,-6.187325054611035,-7.277139245873796,-9.483757991755065,-7.2984659744873674,-9.169672221256194,-5.902982620482261,-8.047958449147739,-9.355218863816495,-5.870619245091708,-6.043177045052892,-6.495039021757924,7.0,0.0,355.5960392132734,0.8169271707374259
709,-8.527906130244142,-7.915067517857493,-9.709375435328624,-9.028282138473863,-8.118695296361867,-9.299327379579188,-9.30741665517247,-9.238609072129524,-9.866214030189717,-7.727711824061183,-7.272107493350515,-8.228730545053043,-9.581286139086469,-9.695233721987972,-10.014578039558854,-9.087838921598792,-10.206146826146522,-10.138278839686125,-6.286934344174784,-6.177910082890175,-8.6668027320548,-8.760702507291,-8.145273073988987,-7.391701379860753,-9.9362417721672,-8.61895584783153,-8.78996933299374,-9.682811372840481,-7.382048241337591,-8.024746201236141,-10.162672680684103,-8.528758057371869,-9.356052794079714,-6.913224324282904,-5.723016704652174,-7.620208330751941,-8.522562815180386,-7.775445214829034,-6.840638969958652,-6.154382474029956,-8.04327437733484,-9.40386161347888,-7.288978549011165,-9.50323803155645,-4.7379492116840005,-7.033328043758306,-9.77947777315387,-5.104343022523329,-6.596599703556073,-7.6234244716857456,7.0,0.0,362.27624982884504,0.8035009175668829
710,-9.705458641895376,-7.852795366179675,-8.155569281408916,-7.881846501114158,-8.429696006578293,-9.931433782111737,-9.068955388044559,-10.445484796695192,-8.300069923440041,-7.475682171480369,-6.7263044231636115,-8.260929898596524,-8.69295536522634,-9.57031920391195,-9.800797912674525,-9.469922304298809,-9.054421071389866,-9.944643970628633,-6.447620024786499,-6.0433330247899795,-7.849477742013644,-8.646239033029623,-8.048504826514911,-5.229803907480498,-9.93495326067989,-9.421532387501554,-8.672003833501998,-9.128329986438368,-6.663066290248215,-8.414092909035926,-10.628008756288603,-7.7068278826508285,-9.387980533773115,-7.006151888190606,-5.453187209310961,-7.279703487637788,-8.489578187827739,-7.985410221168992,-5.694863606935267,-5.737007244961983,-7.576963211449417,-9.43296479690362,-7.705074529581763,-9.809552939998914,-5.478692628451903,-7.703422840239886,-10.395057942904064,-6.32941949046809,-7.2008157650760305,-6.530450993323497,7.0,0.0,308.87606415202487,0.9490082631008045
711,-8.900072423819855,-8.585371716979282,-8.881420459564566,-8.894305569100807,-8.596886353815131,-10.159670190261815,-9.193513727333494,-9.694504046845568,-8.727880907984675,-6.4211072578740485,-5.5108351765244485,-8.49848087529569,-8.98399869835497,-9.468455050182902,-10.127698094304,-8.95782847834732,-9.370669378473915,-9.754692131110513,-6.83701433800802,-6.14152890766295,-8.684447168317822,-9.624547512570029,-8.682353753692334,-6.402783607253955,-10.39531918832834,-9.440750791780141,-8.178827435513446,-9.768544638730559,-7.137900306683104,-8.781767140769587,-10.191159900048849,-7.646627037192422,-8.401161602776135,-7.598832228822031,-6.080366670234976,-6.565042061428152,-8.651735105431062,-7.308153602147117,-5.849688479910221,-4.8025308247362455,-7.697107502968979,-10.444363374832353,-7.807316673861045,-8.967318497471563,-5.768979885749563,-7.309639825969561,-10.058931505778121,-5.369842946269168,-7.012343153894893,-7.056277641529721,7.0,0.0,346.85420627880643,0.8042168759133552
712,-8.069001955749876,-8.3932013388296,-9.650040378310624,-8.376932564956382,-8.666520441459552,-9.352436188441194,-9.607536464845843,-10.658505606176515,-8.387148674061086,-7.791858709301715,-4.971349656624092,-8.07400777972889,-9.123883288800446,-9.310537177208039,-9.649771992891965,-9.493556372676125,-9.33284275905443,-10.469693298347611,-6.1952865452561685,-5.610890944691892,-8.725193318839045,-9.172931439232475,-8.360148269679133,-6.608441456812875,-9.516873243762133,-9.040977390505303,-9.306432011396753,-9.747096373985007,-6.236399340626766,-8.064209479466331,-9.48083825848902,-8.569195545809539,-8.419991613774027,-7.07801571658971,-5.696013373517358,-7.072286375974102,-9.084929501968537,-7.672547202760838,-5.443984082754698,-6.040516333097041,-7.048544220066901,-10.208070798500852,-7.767146599264836,-9.213071205993849,-5.526642762494601,-7.996824015968058,-10.080163581976178,-5.555499835944898,-7.0433257783350305,-6.289788844246744,7.0,0.0,335.0209345758408,0.830770977876608
713,-8.333870058364038,-7.8106863237110975,-10.020477900515568,-7.856549659163453,-9.05883029389911,-10.07851717900298,-8.787028322365884,-10.283158754015801,-8.918417045651845,-7.164595514160506,-6.723177313818763,-8.329176221855997,-9.135657004124344,-9.507616347087332,-9.197723200648147,-9.095663105068375,-9.66937133410097,-9.109830232815785,-6.302152244745985,-7.25627595068038,-8.583063795095919,-9.76287814211499,-8.691391844599242,-7.023725935935473,-9.86867172901885,-8.943418639429233,-8.382012840771196,-9.20595382202555,-7.839263654359895,-7.5632678215773,-10.008224262425488,-7.671153433093914,-8.95676611824038,-8.054182059634128,-5.817579764720438,-7.643386178202122,-9.253062322072223,-8.034082907360874,-6.634589741219255,-5.194577052317652,-7.676940016179281,-9.439621359486269,-7.777434085908798,-8.57896859693539,-5.616729447417461,-6.5888661844989524,-9.284449702651338,-5.989866985305861,-6.008586395135383,-6.9725740900634,7.0,0.0,330.17400697357925,0.8806542253613343
714,-9.158346880176364,-8.02488495588509,-8.74934041780229,-9.302157534469462,-8.213967667982955,-9.680350439605311,-9.015624335410463,-9.695602897113552,-8.96985687700617,-7.480195474895509,-6.81888350159916,-7.753285109919604,-8.88829519333175,-10.092315875369048,-8.992253590336471,-9.261085717848692,-9.016958616296122,-9.183503773468821,-6.1546987126776935,-6.067817428364541,-8.19740282585639,-9.83642678375256,-8.393832547928806,-5.949764970996936,-9.284719002477019,-8.934879407467433,-8.106633807938397,-9.77316493620274,-6.03956034321225,-8.00350692805709,-9.679764996044668,-7.869481951358183,-9.636993159671999,-8.428856549888156,-5.585057010655738,-6.657905288285811,-8.943569895506956,-7.48475733824263,-6.03656822931456,-5.966172427847447,-8.827917640034542,-10.461990608310305,-7.689368116320307,-8.849160933630774,-6.331197968232262,-7.673634205772412,-9.270874007321943,-6.0250209163581205,-7.357529618376958,-6.58323248685239,7.0,0.0,330.8327608638307,0.8434187313543713
715,-8.974202445684499,-9.52078500331901,-9.537970196748446,-8.70335047396465,-8.696120894725361,-9.127832695903763,-9.491284989648724,-8.983351042804479,-8.869791894056432,-7.542990523469402,-6.303063751788681,-8.12825027291398,-8.659470900467532,-9.849213775766058,-9.591436557756257,-9.135476307743845,-9.871154011201133,-9.761145904910888,-7.28598215786296,-7.101141309348993,-9.147093770728796,-9.660785139207999,-8.652117617220842,-6.455524112491089,-9.111978923955995,-9.90702204501414,-7.852318318258776,-9.917897955825298,-6.9268949397865915,-7.831232694741896,-9.831550281865447,-7.301265279551962,-9.571457285000797,-6.77347137184123,-6.039488919571329,-6.676873006832695,-8.790444898860061,-7.857725591646847,-5.8493156846046865,-6.26182554496474,-7.12645769736251,-10.023116695246463,-7.0970203151538565,-9.444763694487694,-5.202627023537919,-7.817622827060383,-9.660520345481078,-6.059562063104117,-6.725123430503034,-6.552130230664523,7.0,0.0,347.3953699621136,0.8337712562468443
716,-8.866821477692195,-8.584898075251981,-9.156837552900795,-8.286107498457492,-8.154887848468954,-10.579396966949188,-9.201123219448434,-9.816223769899885,-8.84422915654519,-7.122810715841196,-6.080344172500975,-8.82464777924456,-8.626815390883706,-9.202191081316231,-9.110685921758307,-9.636279452061197,-9.628447198841974,-9.711847341273922,-7.0407039599745715,-6.138780725789983,-8.342823864014964,-9.003480737093073,-8.466571133695787,-5.533788188726052,-10.137165548592439,-9.45244037783758,-8.71194259387232,-9.067611334966596,-6.366717206723403,-7.681235060603577,-9.951562066739761,-7.919119983906831,-9.96436343193514,-7.123248158387607,-5.740541967605143,-7.582618007011488,-8.74559970157512,-6.870499736729451,-7.543542549212429,-5.75461837192311,-9.04255729773543,-9.646040344332608,-7.77617194386431,-10.203662243687562,-5.23608105029386,-7.708904203265771,-10.057161371864671,-6.224726557611274,-7.081426534212957,-6.870993189381965,7.0,0.0,327.4709134497441,0.9650360491436607
717,-9.236039407206201,-8.246573039254033,-9.922508600559837,-8.785040554940144,-9.54482259257935,-10.010442453593006,-8.267269399330502,-9.491114229577258,-8.778073230573153,-7.578322915819849,-6.869823589768193,-7.849351769392621,-9.111254822232391,-9.849894883484218,-10.010928465586074,-9.30202378000882,-9.895890251064165,-8.926879097839716,-6.6807691091920836,-6.255146882119864,-8.766180558753002,-9.706443039342497,-8.719998979655896,-5.364315248497379,-10.670244386194108,-9.432797733439367,-8.609895153809694,-9.161510303738169,-6.548817823618524,-7.977856607951154,-10.16712324748887,-8.191760725527669,-8.941611487608878,-7.4332589846165344,-6.02676648467946,-6.413194694185428,-8.596358021192533,-7.4207675882179105,-5.809513334157595,-5.641848210973822,-6.6441455466406865,-9.3141772022557,-6.644353822323738,-9.480471973959352,-5.693545615027627,-7.2293654659208695,-9.704283759177203,-5.161907446764123,-6.029917605529828,-6.360265401403629,7.0,0.0,326.84434417004485,0.863475722200825
718,-8.604404691503238,-8.461867155170461,-9.44548371142052,-8.578619328792486,-9.544563882978284,-9.84753653079302,-9.703745329892989,-10.080586415333773,-8.225706683715073,-6.6130092069715865,-6.318704060635481,-8.504847082620957,-9.295881751545249,-10.945335526546012,-10.57908434285435,-9.883395038399101,-9.496170810083877,-8.55449002864548,-7.1570302705440785,-5.465828035534257,-8.219844485772299,-9.119404507355753,-8.65024077570244,-7.164573629611365,-9.831460838260558,-9.122986993928183,-8.33824688883689,-9.644306194564745,-6.374106900074489,-7.833991023595897,-10.123971398922663,-8.201762659955241,-8.471911269062353,-7.680053510342421,-6.261741858465362,-6.93648133692285,-9.356742184625244,-6.897182851870618,-6.02504515110556,-5.66610411110286,-6.9772641181548005,-9.691126372591468,-7.614546625544596,-9.066624520804007,-5.738391384452655,-7.1375688172082965,-10.360967612876417,-5.765620706528121,-6.973486150404058,-7.482399697895996,7.0,0.0,332.4888833104643,0.9528309185954921
719,-8.623098308940712,-7.9162565536280125,-9.175104968757344,-9.380897927130958,-8.676945894827288,-9.93361126755855,-10.338285886615372,-9.427543477194675,-8.805003815997312,-6.684444618477055,-6.283775550297045,-8.175221312257344,-9.200834831641535,-9.090404654379853,-9.159582700129663,-8.321492422596302,-9.020409811784715,-9.690553293472176,-7.010534108586169,-5.649019862475918,-9.093662615128734,-8.765779864546012,-8.053394562629016,-6.469620892098949,-9.554813002437967,-9.239857615430642,-8.78168761996398,-10.089442793105707,-5.964574496536716,-8.578157178609036,-9.330175366489915,-7.645489302007082,-8.838175731669041,-7.421093626366732,-5.809956188725797,-6.4123859589558565,-8.602129372185347,-7.4223592212134815,-5.883020249860274,-6.173341714527658,-7.196724808671227,-9.510290509609389,-6.923467886210488,-9.356959472044672,-5.241177770422753,-7.616658931349457,-9.95717918000411,-4.545316817477912,-7.389165706291211,-6.6957777671050405,7.0,0.0,305.81137986844556,0.8878669705934121
720,-9.299703505961789,-7.826080463755255,-9.192875271151822,-8.473662676651593,-8.156064611843139,-9.661132023440615,-9.099879514358957,-10.346471475521142,-8.895013097890233,-6.926925567351904,-6.571080274138358,-8.787438634448772,-8.859227650098985,-9.41350218635484,-9.395523755640255,-8.883793361555332,-9.431041442802846,-8.708371247409218,-5.466771365576278,-5.904692655462183,-9.13144313031838,-8.71477726616687,-8.248171860548712,-5.185730474826228,-9.304255405987474,-8.7767083727816,-7.962152919357779,-9.584796774071002,-5.954173872884713,-8.731828400174894,-10.240351970959708,-7.9418387338545315,-8.714946604278614,-7.992496353373145,-5.4568534761305205,-7.739905805777173,-8.925675472679169,-8.006077986506469,-5.916429910183487,-6.738309158690355,-7.486883481310138,-9.618102884270067,-6.783499082256197,-8.9651683392146,-5.696229886700186,-7.736632236925557,-8.947924443045025,-6.010689394661893,-7.695700632502357,-6.904628354383718,7.0,0.0,310.16462196755435,0.8713548619103878
721,-8.647690190670964,-8.042224664197466,-8.605549544767474,-7.98600412533906,-8.457207184674669,-9.729482366177493,-9.054575433901155,-9.817440339719614,-8.234817023995912,-7.396302161578052,-6.160730222028865,-7.938606085193308,-8.92626309478837,-8.732485952795818,-9.636655051642345,-9.677618273191335,-10.304635110200987,-9.85069761510378,-6.10088365065931,-5.882760301703918,-8.680656158340426,-8.311144464332587,-7.532575365827503,-6.978755875137782,-10.305355165313983,-8.622852697295883,-9.37177358645767,-9.350005429452326,-6.472599922112087,-7.563221490381521,-10.722597758156521,-6.925761459253188,-9.13015141289701,-7.254662643814441,-5.7615475090843855,-7.203616981874911,-8.835429538496502,-6.473898697878567,-5.863054298036741,-5.995927772401152,-7.91885723411475,-9.277217287555871,-6.805081826501688,-10.29411358821866,-5.573161393359938,-7.825057253993206,-9.697620582114206,-6.1187488732045505,-6.8028129611437524,-7.551430795348625,7.0,0.0,303.7699447479033,0.9234151182131708
722,-8.86147661701927,-9.294901209288776,-9.643050380140467,-9.169763476280396,-8.215678117821186,-9.47614537448226,-9.330258454561537,-9.971040970277606,-8.658013904259732,-7.6597691297354915,-6.993857659954573,-7.96965893675943,-8.89556070045941,-10.292238365115514,-8.991107368587038,-9.43288000332647,-9.535265237704161,-10.063894631431841,-6.276940647611689,-6.199099519077453,-9.527884871428144,-9.917945957137047,-9.101078805800244,-5.852397627795259,-9.608867140810286,-8.21984300595065,-8.187934914359184,-9.693637762130908,-5.389435838161955,-7.952961246459142,-9.133708753175268,-7.747563949120992,-9.287245716111975,-6.760300509375874,-5.796074083522678,-7.448297397370393,-9.91682387310591,-7.471021285614292,-6.366064456997493,-5.421410153789638,-8.393791460376699,-9.233323430213812,-8.026825244830691,-9.165145349889958,-5.4929484926712275,-7.872267500670921,-10.332633712818476,-6.628619457895114,-6.557251886130704,-7.538442050132785,7.0,0.0,350.61792719404986,0.8838726391734367
723,-8.808712301545249,-9.500430510418601,-8.878613401681578,-8.685127116538789,-7.799274163146534,-9.516816895051475,-10.330493337985896,-9.599389821809128,-9.238338161324071,-7.577383796752999,-7.365058222890494,-7.699714034120288,-9.318952102879647,-9.515978140802934,-9.929489790633765,-8.942163626946808,-9.364327166061026,-10.156830138708765,-5.591759066771166,-5.981085103463571,-8.177866262865347,-9.073419349362542,-8.739202829411559,-6.532996643486474,-9.461606590641487,-9.321722051181622,-9.292189839889122,-9.547923593727411,-6.7123180283667,-8.736118426786794,-9.768696923221828,-8.501899276917268,-8.516214717825124,-7.363980640090456,-5.9156219097763545,-7.2244538958094795,-10.012033087593696,-7.104801687300634,-5.259724593858333,-6.042054197428823,-7.369780915139854,-9.417484190195417,-6.834807047782351,-10.175885755749356,-5.9650113344778415,-8.03039113302973,-9.992713210917199,-5.711517641002134,-6.888177080019136,-6.883758529743005,7.0,0.0,355.7288403231705,0.8316095288257715
724,-8.526181720582384,-8.893453195557132,-10.117410181213927,-8.149460919560882,-8.263506601856642,-8.988596010454517,-9.505136700273447,-10.326411864998072,-8.401366608110957,-7.461493842651213,-5.305474141785031,-8.47237526364003,-7.913848314803664,-9.446995757200366,-9.578547993766453,-8.614581733136069,-10.203671417638228,-10.089936336720502,-6.957882797059044,-5.952922901614599,-9.285041058767922,-9.327300050123558,-8.02438789151388,-6.000798960633365,-9.352603417594832,-9.189692291037083,-8.18865984327135,-10.181682140492171,-6.566310535087261,-7.762164114560754,-9.851086061672184,-7.978406035542544,-8.907516073353392,-7.276034090405641,-5.962023020775774,-7.4959811653759605,-9.15013664981688,-7.2150144458277525,-6.399158117868579,-5.761563084236882,-7.323570747927598,-10.474756564547246,-7.580831084129135,-9.515834776589779,-5.803153010614962,-6.822656570084985,-9.486697604770827,-5.655446510595309,-7.443617113508889,-7.414731396082114,7.0,0.0,328.6301402243652,0.8934946967527062
725,-8.102704839373352,-7.7066265879310665,-9.475929887537943,-7.922930116717854,-8.701579608755871,-9.47745363726327,-10.209117488781843,-10.061578635301045,-8.307997333330686,-7.864757310154763,-6.25170757981851,-7.636715587285074,-9.091436447523932,-9.811352535166158,-8.987296457186016,-9.129743443001297,-9.674313126788045,-8.520563432600284,-6.795959391254566,-7.031163048630813,-8.975315131805806,-8.750611138088919,-8.26706675220901,-6.498379625209752,-8.670878002402837,-10.095425824206382,-8.86905858637603,-9.574946282710142,-6.944966872926112,-7.830064134620954,-9.769327005834914,-7.790477899446173,-8.96146166127601,-6.583806208769864,-5.911929502144689,-7.046345989188905,-9.190439739708475,-7.537718689651323,-6.319504763202678,-5.48267482791585,-7.668287168238595,-10.012578369798884,-8.083438900163156,-9.363075049512616,-6.175711375112528,-7.163080412369779,-9.515763160874183,-5.766221722431372,-6.856096519847099,-6.988872289134776,7.0,0.0,306.61325879461293,0.9507411201593448
726,-8.925892085279328,-8.288571770177322,-9.75368716996356,-8.665686223898376,-8.685518597533811,-10.06391277610004,-9.62412483302252,-9.900960196749786,-8.983169024473082,-6.722303174513279,-6.954298980299642,-7.951914787239841,-9.458037255480564,-9.691943194285006,-9.982419029172103,-9.237147054502037,-10.865292278182237,-9.045555241209458,-7.063447429864787,-6.0727185552136715,-9.19617750888517,-9.337231953804704,-9.011002545060828,-7.6608792300841095,-9.5270706382678,-9.244751532564928,-9.714524223869995,-9.166295900982943,-5.554752119235063,-7.933103391892189,-10.347826200933925,-8.442527648653813,-9.581070020074451,-7.072273838015101,-6.057976285243699,-7.059515907309683,-9.207756154810017,-7.587774059190559,-5.8044476734742485,-5.1377020830879925,-7.374759285902362,-9.881169615667064,-6.282098138088699,-8.812477922730418,-5.518769330537421,-8.045208293311836,-9.381354105157946,-6.688965784765097,-6.613765753193895,-6.498607932647519,7.0,0.0,365.6818479336089,0.81875186786627
727,-8.87726408943156,-7.861226488633113,-9.897320545088276,-7.839443753883595,-8.212427632527088,-10.380508995298543,-9.920666741766277,-9.883014194338818,-8.23847231412745,-6.941854887784652,-6.7452790348513245,-9.124054788033401,-8.87559746417747,-10.17557729870499,-9.757017207540303,-9.49604375778398,-9.473395535619861,-9.465015219190898,-6.2056472890292556,-6.690282169900258,-8.795347955748284,-8.462382264655357,-7.917203179641162,-5.931378513042683,-10.029312276955073,-9.53679958663387,-9.026381470895224,-9.812257123994616,-5.825778422741424,-8.030612858190148,-10.155965057533809,-8.240625974106393,-8.597039053712138,-7.35811229806501,-5.058350646658695,-6.906795819254776,-8.963205415499546,-7.672902129590919,-7.0032366876715315,-6.176605939806892,-6.953516397032325,-9.974772545411163,-6.482391248561659,-9.282338637699576,-6.334621200722883,-7.153883939849989,-10.0317393760398,-5.8749005155694425,-7.062521581764323,-6.814174293998154,7.0,0.0,340.10587452020826,0.8533980935648471
728,-8.796467215106215,-9.030540406784098,-9.157179097946097,-8.768399157641682,-7.83373528642451,-9.974859046982697,-9.986202403259526,-9.570303279581347,-9.038143662831448,-6.40443808493104,-5.97191097954836,-8.29382245584621,-8.492514361309663,-9.791003839900153,-9.281184005928788,-9.61986617044025,-9.574252054866223,-9.740187996497067,-6.41613238028512,-6.272283872540068,-9.399146157784223,-8.618687595783058,-7.733648887129204,-6.2281105605276155,-9.751495728604619,-8.721262606827253,-8.040662308059936,-9.925573738266909,-5.871199436370257,-8.42017938664288,-10.056516207411038,-8.278004807929108,-9.486296050039433,-7.5087413689225135,-5.549687006364599,-7.663277453174727,-8.05601792044485,-7.3696039900737045,-6.4260493857975485,-6.211855034401394,-6.893854855857546,-8.540716666769512,-7.298624580203738,-9.511082057043884,-6.055414822161065,-8.20406201462626,-9.55875192245405,-5.549973327834192,-6.474762294277872,-6.468736100912595,7.0,0.0,318.34501528468184,0.8753400423860848
729,-8.842938388023509,-8.053623629623052,-9.504076659593954,-8.752688117838737,-8.24500742008114,-9.566440576787041,-9.631420555668099,-9.922834629491524,-8.052702690029959,-6.913763953339764,-6.630810178652003,-8.415627638391442,-8.734491607024301,-9.403822765115297,-9.558109578575134,-9.428095825511772,-9.374698783654205,-9.697781256113124,-6.626850944312924,-6.205240384998057,-7.812286042384646,-8.953100493002635,-8.545658361646824,-6.381438508103815,-9.31469090721875,-8.86038793921962,-9.095397894830699,-8.941124806060142,-6.005197526864373,-7.614245540350691,-9.196051112478452,-7.970948909412117,-9.250950415767555,-7.243536159481466,-5.1705277642450085,-7.280030075951965,-8.997094128336755,-7.471913131312401,-6.285765577755783,-6.234059788370153,-7.342160407270905,-8.977051851069906,-7.1647222948323215,-8.975870824944408,-5.678155257493446,-7.886985169984145,-10.418469609561525,-5.3701448630700455,-6.833973543906571,-7.754275576763154,7.0,0.0,295.4079973459495,0.9539009275286651
730,-8.333426350890415,-9.008863958549496,-9.601993822390781,-8.63497775019549,-8.558356942040378,-9.283137611451089,-9.225514123829642,-9.099966619094682,-8.42089110513951,-6.59232658715416,-6.513192025236376,-7.638574644778197,-9.595787277688741,-9.145563643436255,-8.335043272218549,-8.870620020494789,-9.094270679127149,-9.57539017087871,-5.901626661594447,-5.197384116033516,-8.441660711486712,-8.033678111195977,-7.887292467544264,-6.24021999182753,-10.203270586482875,-8.484031429741233,-8.357093471786357,-10.322631148324513,-6.927698080061207,-8.4148534569186,-9.378691508333935,-8.260570934325438,-9.426435857473178,-7.303020292891799,-5.905355973637821,-7.421060811718007,-9.318679222952985,-7.2735189065070625,-6.10217772230745,-5.37791688054519,-7.768832279947065,-9.912739055613823,-6.828116334536106,-9.312395286978713,-6.220594025085121,-7.398764692433343,-9.56358172056327,-4.978059837910217,-6.845942069419805,-6.766259539529517,7.0,1.0,369.07368178712255,0.12186408007798191
731,-8.461952253051777,-8.04332173700012,-9.62720437405489,-8.867234763810654,-8.9125130042504,-9.130001428714857,-9.014319819023285,-9.555719810143003,-8.696662807067716,-7.372639664279735,-5.680389059857161,-8.010307063648025,-9.227880216445271,-9.46633803441769,-9.108248996424106,-9.933629629759528,-9.39756094874899,-9.574180618903984,-6.195785003020477,-6.620389194621293,-8.741045477094696,-9.780332213436282,-8.857330745167722,-6.651767668145623,-9.333693602094304,-8.527304469123681,-9.647195094062615,-9.978835499486383,-7.217571951977907,-7.858782514628209,-9.200478404452456,-8.107370132235463,-9.126448186332528,-6.666618245477947,-6.150363928902531,-7.014226756321397,-8.641749669498617,-7.00804942258122,-5.752255448829752,-6.0391371124205095,-7.659050531096278,-9.762523442353281,-7.222682979540735,-8.882392869506187,-5.509448531242857,-7.585491528272832,-8.852313751421242,-5.497946054538466,-6.365813591331091,-6.173564100717969,7.0,1.0,364.3458200320762,0.29914982628836
732,-8.620012695416051,-8.66367298591969,-9.70285801732961,-8.610950006108387,-8.793214598940896,-9.837593048897746,-10.09403639942024,-9.786293616854666,-8.907381533840324,-7.798947562240149,-6.664778938151057,-7.15490604779574,-8.478995462655098,-10.00314264505817,-9.922813851170766,-9.138200280943536,-9.869374957707116,-10.16622880846627,-5.761167713477832,-6.484004872543376,-8.120821266446846,-9.014606311924483,-9.07565520029382,-6.169034049202231,-10.317591341081448,-9.111078370905473,-8.069913171115706,-10.010650867798413,-6.142431583005612,-8.053063063068171,-9.385701603335445,-7.275734892966331,-8.950539730801907,-8.04191261926041,-5.922482462296744,-6.667975600226145,-9.840544683784742,-7.4141706567690315,-5.4397481248675925,-5.831293584545496,-8.821163158973077,-10.441252619322793,-7.542426738017694,-9.712882270013855,-5.5755234187260845,-7.5968022214827515,-9.106837127901375,-5.992016121726675,-6.487728890816522,-6.9603237898092685,7.0,1.0,363.16877240937316,0.756170003918018
733,-8.471666373289766,-8.545654078199943,-10.212859617431786,-8.75186746242903,-7.601319854237256,-9.62326059951594,-8.933876203322514,-10.141857975681383,-8.642538390832055,-7.642038263134809,-6.456812530286587,-8.322743298723271,-8.384362198098065,-9.566571526735087,-9.257431155812608,-8.874422470903207,-9.831834087733135,-8.865911485347285,-6.270327260974128,-6.505455045272663,-9.143005140813708,-9.284684696892553,-9.153396267708144,-6.471507956408756,-9.979346307298046,-8.18087026975115,-8.730339682369888,-9.054667019899213,-5.923404784968347,-7.953622689355088,-9.495739022848538,-7.646276530443892,-9.166868630552266,-7.737672154545372,-5.914145540399205,-5.9837388210943825,-8.335530163092805,-8.07436901051428,-6.357022320431163,-5.584911381642004,-8.170723243271077,-10.51851996477538,-7.006623860961823,-9.044404105716445,-6.296537658130057,-6.864471143981949,-9.573123888628983,-6.8283338975328896,-7.157297979743781,-7.049219615015339,7.0,1.0,360.35848514841354,0.47659828155812545
734,-9.171901667489424,-8.669176074491213,-9.909068563603984,-8.217759322385184,-7.92412046548352,-9.62893353412119,-8.943881129376848,-10.64860243858042,-8.929001510115107,-7.54361270622899,-6.314097619643861,-7.448350418690279,-8.672398282282533,-9.101226774998853,-9.435775176673086,-9.477534257047266,-9.646473175095199,-9.293200688938454,-6.3801031141530675,-6.472610124728612,-9.170879451403463,-8.752742333467607,-7.457136520179665,-6.651132890798098,-9.383717330011484,-8.718801683971177,-8.773891953136548,-9.96657965352985,-6.656105914736553,-7.748564888184904,-9.11368885579947,-7.712267352631759,-8.866202024620947,-7.531292854497915,-6.745886540356444,-6.696007721161702,-9.436869339987776,-8.48267697339815,-5.236773614853769,-6.056203473648889,-7.894098817221569,-10.212650033238306,-6.924088766838834,-8.956253199966268,-6.552060439928854,-7.014818098749917,-9.267611395807519,-4.8051855180063665,-7.475985891136583,-7.192846529665507,7.0,1.0,351.3195523382646,0.5824048218547708
735,-8.797987204054984,-8.488780691528003,-9.427447185659258,-8.086758110069313,-7.78689792982003,-10.032523819945501,-9.814644717148825,-10.539304517425014,-8.82393743312972,-6.706979046468561,-7.036164018489963,-8.019708581584847,-9.55262587012038,-9.517574673504267,-9.294342401873601,-9.581727100999545,-9.29839816676552,-9.610062244013491,-5.841746781449533,-5.823025187678454,-9.103147082635735,-8.46687835176233,-7.96826238031548,-5.998174943441313,-9.024593761228376,-8.330842704859998,-8.61154884227442,-10.459796801834722,-6.6503831194152045,-7.819561630242647,-10.056850986507945,-8.599800923750351,-8.927890202141969,-8.296119796877871,-5.373886893802449,-7.5513999209952,-8.251246610526184,-7.843931125056474,-7.259381194071559,-5.9796949157457275,-6.863714952351321,-9.541298611157119,-7.267629598027673,-9.160813951796479,-6.334429092636905,-7.40358936740432,-10.364963380714332,-5.872373128036007,-6.880297905115616,-6.724600430378893,7.0,1.0,403.1848272565414,0.16991063135969897
736,-8.581648478002812,-8.09056450315082,-9.94951202010727,-8.030960384291394,-8.20058365844626,-9.008333779924117,-9.614711318920905,-9.385704822404193,-7.878915631524932,-6.928295664210619,-6.306099265640789,-8.278475676635056,-8.893848856998268,-9.662764095084095,-9.192570695642942,-9.480634808887144,-10.163464093471084,-9.649372394891298,-5.964945170496712,-6.475252727661495,-8.71956578208311,-9.535458983455658,-9.119636676957787,-6.47043466420468,-8.590171784585436,-8.309736535489465,-8.29020448248412,-10.170211569936098,-6.696359719266045,-7.8067681127323025,-10.1966517285508,-7.660740545199778,-8.843173998707663,-6.643279884961963,-5.942009623915013,-6.872367106023411,-9.305052714788525,-7.3840874231416755,-5.551917711875335,-4.940092374725753,-8.090042197999434,-9.612067043911647,-7.405215323395049,-9.714222888948902,-5.306401132277877,-7.751658633329913,-10.225378054055172,-6.5597350267166465,-6.924792240106579,-7.006199905610961,7.0,1.0,373.82403441626366,0.26379377403311616
737,-8.548247004723214,-8.040592013759719,-9.824137278964118,-8.857120726987745,-8.051322941581093,-9.204836142976658,-9.318295688245074,-10.385025387238866,-8.826099053744395,-7.721366303570661,-7.579494656113169,-8.298172790013755,-9.010540424440793,-9.402984743335077,-10.694978800338335,-9.189144215230323,-9.111985295770912,-9.657370188601353,-6.815992180386782,-5.559420428701092,-8.760608231434903,-9.221924374346097,-8.533187824085243,-5.975046658710965,-8.991373750401603,-9.088023915117525,-8.409477460334921,-9.781290234254381,-6.683389455265417,-7.712360084293245,-9.227071145769491,-7.772332088709257,-8.765518458270897,-8.151648306676423,-6.070121687370641,-7.64398022233582,-8.34573607804324,-7.164720138153225,-6.448532369148122,-6.655969316412648,-7.472360227048329,-10.380294778255102,-7.536863918384198,-10.060905236527766,-7.263301521487809,-7.498132800784822,-8.76673754945783,-6.0822659012042095,-7.398867769780321,-6.0887539875485395,7.0,1.0,427.5241463806266,0.09568445288012724
738,-8.410562571114433,-8.335303563289036,-9.575468661047474,-9.114413894043576,-7.8546661403508935,-9.605511636626831,-10.082141274225199,-9.276881610674316,-8.653999765881368,-7.450074869606946,-6.795630738301751,-7.176498293561167,-9.228957175594235,-10.731788529476018,-9.587132937923503,-9.722610811446703,-9.377416722457157,-9.711606909078368,-6.848493436542719,-5.963687838866115,-8.711629185853374,-8.70770350452867,-8.17166319914856,-5.5976428329648265,-9.214123902505484,-9.048427987051438,-9.398485117117316,-8.870690668040908,-6.006182319350812,-8.321056049469895,-9.871016431825403,-7.433400512276172,-9.39945560653687,-7.60960407853287,-6.140141163262092,-6.747169268622778,-9.484749514661493,-6.515382152667483,-5.825350831163362,-5.788452240296869,-7.621459645630332,-9.758979622421672,-7.598553535778525,-9.848416255693712,-5.982772437372858,-8.459042319131541,-9.707916661484832,-5.347325108601913,-7.085956142200894,-6.563820805038668,7.0,1.0,406.5249177172706,0.14522744967388412
739,-9.429294541232421,-8.678996404307604,-9.62892022945525,-7.686016326750591,-8.927041465184768,-9.310331206709792,-8.908776221356709,-10.251625907577118,-7.618613171536215,-8.00139180206118,-5.521527669088277,-7.585370249856309,-8.8815599376445,-10.274760062657933,-9.90145550128492,-9.448960964928192,-9.197794077999351,-9.406496795358995,-6.294803737541291,-5.881814868875231,-9.41111897663458,-8.403415736491182,-7.968107809571752,-5.928071054873998,-9.649277498009303,-9.865013606255062,-8.155882413351915,-9.498744169537757,-6.0550746399318385,-7.966361039487174,-10.07810323730545,-7.5823170133619495,-9.310940788223876,-7.834721635078028,-6.160828029948358,-7.099205956357514,-9.04319971353149,-7.262702946743263,-6.407752768678508,-5.796879059962406,-7.4653947186406615,-10.481395424654538,-7.030213845249371,-8.188884109343737,-5.718069555902115,-7.677515882241018,-9.506248595909751,-5.35657153918297,-7.436029780491548,-6.87535180658885,7.0,1.0,389.0614581630837,0.17313888275801892
740,-8.818543697966424,-7.564351825556847,-9.651083520873708,-8.38006899764489,-8.150124503217521,-9.265501005617661,-10.064422481289125,-9.20277173106809,-8.846701556209679,-8.084908751342194,-7.067184099808432,-8.493186764248426,-9.441887858407107,-9.673477992744408,-9.054643764896227,-8.809260539821963,-9.403015527729409,-10.292597819583074,-5.838184404962568,-6.312125158900742,-8.377836404706068,-8.914424665993627,-8.200471699565012,-6.433493245654709,-8.258208223281711,-9.42916991303756,-7.898444816488647,-9.082064511440398,-6.339284750976677,-7.919824252083245,-9.720238706435262,-8.312242350485182,-9.350483681615543,-7.011161092620969,-6.859378466879673,-6.079316229038024,-9.358609638187625,-7.499715540878738,-5.927620487743636,-6.376499541316362,-7.010912204880133,-10.077400199327235,-7.449913473994936,-10.021039607382422,-5.5629334086653754,-7.895764376923663,-10.03371944548979,-5.782117208325027,-6.583833192646009,-7.2817010714682215,7.0,1.0,404.1774401344067,0.10031457905076842
741,-7.755664794219143,-8.532718343491759,-8.734293527299162,-7.794469730197087,-8.940957175980465,-9.448142554634739,-9.283089093453501,-10.187881226551115,-9.235502702733587,-7.358969861697135,-6.436108266773283,-7.027120426860781,-9.045992443674137,-9.512657380034318,-9.521372570945488,-9.331568100376874,-9.99226251180385,-8.959992486481317,-5.889026119241702,-6.080143692681297,-8.506725554219978,-9.401709854300412,-8.529679669487674,-6.203986222770181,-8.893855718036994,-8.928009980008238,-9.149750031249221,-9.32204791800597,-6.093467684640351,-8.09892126119566,-9.91764856965343,-8.445933541457949,-9.049682047207572,-8.409525943602562,-5.493883855988079,-7.646103536749752,-10.115869241619684,-6.80263019667095,-5.57833026083445,-5.629876577936211,-6.94065817683908,-9.277902500849484,-7.691568664117905,-9.373922960817994,-5.580440490024652,-6.874743853179409,-8.862675458672062,-5.552132868004988,-5.85250355912399,-7.111252286673441,7.0,1.0,315.86280090706964,0.7682762086455003
742,-9.028705081099512,-8.627870504516709,-8.837892674997347,-8.72019447902293,-8.416916811001522,-9.650146633347399,-9.336058236526998,-10.945527957914715,-8.34281197814919,-6.9578959368695354,-6.245266839140545,-7.822267171743732,-9.866544341345845,-9.679540115957561,-10.378182946892467,-9.170932175806845,-9.114183474096125,-10.058445177142206,-5.790714079658861,-6.264754827533049,-8.751126940990103,-8.911729291340816,-8.396360831663726,-6.916498397573271,-9.528788966376045,-9.353164857910363,-8.65154464228014,-10.134461533686578,-5.9035661633273095,-8.337297854749433,-9.763002609232462,-7.952077601446217,-9.768094410059783,-7.535344003926568,-5.404871724370642,-7.0470463451491865,-10.455111026988114,-7.442448646055406,-5.767303026493151,-6.333208482487283,-7.809071588453589,-10.059143238862703,-6.277390632717657,-9.454896424744417,-5.600722694221937,-7.657688325353406,-8.849205620832851,-5.635139896331247,-7.061422477961857,-7.293044408207853,7.0,1.0,379.9572493313979,0.5734168191428469
743,-9.697791442058408,-8.698960768498015,-9.732830407251413,-8.479195857648351,-8.07029884379078,-9.472085834004385,-8.954356504062698,-9.969388523244536,-8.88836874923654,-7.286500215790788,-6.385407590593868,-8.102179461286882,-9.1210436947893,-9.524230095981181,-9.98318707794417,-9.555106224309393,-8.74364655642938,-10.340976078311698,-5.15165604966251,-6.119488302889117,-8.99266662274776,-9.410818670816612,-8.438246237881833,-6.315660458957533,-9.344803083067692,-8.88255995347049,-9.032081499745564,-9.910062732682706,-6.641450934957866,-9.313954092143106,-9.559942322213196,-7.210486686048978,-9.640015482939459,-6.766024155590108,-6.4007624065461695,-6.777704083061384,-9.89585735017997,-7.4462480552201,-5.635247257562954,-5.555726020303493,-7.949471459780574,-10.156158615506245,-7.7014299991457325,-10.159750030533464,-5.952726233197487,-8.914151428618563,-8.699735517494101,-7.044396815064093,-6.321747020091673,-7.445449256966332,7.0,1.0,435.36328250318996,0.1542044682030082
744,-8.570388992233049,-7.9712194456502115,-10.341600347331262,-8.841537854314605,-8.576712935877689,-8.993923573677911,-9.660074710927072,-10.026794565844714,-9.216898679171555,-7.12829797453161,-6.7750018413457145,-8.366949911260463,-8.889807666954823,-9.39990309066057,-9.643072125776625,-9.355160114495973,-8.853962586567606,-9.219131033788623,-5.884640549375891,-5.658106776444234,-8.499035144258517,-8.539682919234519,-8.267614254495376,-5.315049027227575,-9.502149778074246,-9.012876863124236,-9.0039928444553,-9.3945951221837,-6.901146353704317,-7.931740295417626,-9.843602198526126,-8.716147983033233,-8.221987694906057,-7.054805584854456,-6.792446379367442,-7.2459917951191235,-8.939889692815589,-6.742639076076018,-6.292697374547641,-6.264729032184985,-7.8764894966266885,-9.723664784790206,-7.047343433328943,-9.858738854736917,-5.887535932279219,-8.475944448049452,-8.529343432471785,-5.439108694803021,-6.270633373726549,-6.901226985794128,7.0,1.0,402.1281788955247,0.07474590070097467
745,-8.881676049276342,-7.48356007765818,-10.000703775293642,-8.433016278831193,-8.783511388499951,-9.6149906193349,-9.50778990254735,-11.466747895861682,-9.178384299906156,-7.233195788078724,-6.372332450730285,-7.829226280079557,-8.645342860569377,-8.989561333223651,-9.300414959780213,-9.054526411451254,-9.120908590171473,-9.181074830963277,-6.605985413000272,-6.6550698271094655,-8.844071038450418,-8.894927224847473,-8.000414184027976,-7.105643329834968,-9.496086519885795,-9.80332272786982,-8.769486791783166,-10.45340265668348,-5.89205129024864,-7.709363762553546,-9.070471536358154,-8.041485176548635,-9.627477618072167,-7.39135841668307,-6.045013587945718,-8.274861002307073,-8.78500767855215,-7.752163188972124,-6.959558309332074,-5.258113642724093,-7.229038233863168,-9.831106370009488,-8.69570670039411,-9.956072056868672,-5.164812900747547,-8.162987673082446,-8.441254649113727,-6.321588197196151,-6.417655124584563,-7.2367955466613125,7.0,1.0,446.8020089548196,0.04607891428048614
746,-8.120788546125194,-8.685773129236022,-9.851953719301703,-8.077014333687838,-8.483254170027262,-8.825727288958042,-9.526327138261225,-9.638533344711236,-8.020076193984636,-7.054022410217169,-6.064259891201105,-8.020951645227168,-8.14257482322781,-9.839566147453805,-9.58039334092318,-9.400511547594878,-8.30188098569775,-10.571446609614412,-6.243928354018797,-6.902224396385655,-8.709101425257483,-9.421093404062226,-8.49051481321824,-5.676838274681007,-10.194443811189707,-8.81681279420304,-8.377570788107938,-9.350787524103241,-6.782278350803484,-7.815621726429654,-10.36084374270533,-7.476226486151073,-9.738892987179257,-6.586018500515533,-6.144212092722339,-7.990537937000485,-8.854664197581918,-7.347652025923973,-5.499039487819977,-6.696894514573338,-7.413637518543411,-9.727647400033351,-7.269941555810392,-8.814578309180835,-5.413797709240126,-7.491581956874064,-10.149845655943306,-6.033382676207196,-6.519268817997421,-6.167870097969299,7.0,1.0,401.4971697560783,0.06065890202879629
747,-8.126053659337316,-8.853931952796023,-9.482302675016893,-8.250631532410255,-8.490376747537008,-9.735417438013563,-10.191224153879807,-9.759458869675434,-8.758005526154985,-8.185764749144845,-6.530937925358101,-7.835660704880168,-8.304401252998822,-8.975987090043466,-9.805312500821874,-8.624517177111214,-10.06048988509184,-9.653799790935727,-6.118135278858275,-5.6955058751813485,-8.25881270988739,-9.432803534777626,-8.80336321789806,-5.414238042897607,-10.241035965455392,-8.366556507140313,-8.77136972075992,-9.683047352305323,-6.7748888000336045,-7.682854811724603,-9.006534449941098,-8.237018058879157,-8.253503848424698,-6.91469588090013,-6.562594538096315,-7.191319332308683,-8.699828341493324,-7.602085464942156,-6.439181583396843,-5.936945095405616,-7.644184203200078,-10.153777249741873,-6.800475564479011,-9.466555621908537,-5.205125481189762,-8.0920246377347,-9.840278881087391,-6.430617981429967,-6.305824114582358,-7.217777678770709,7.0,1.0,354.5601772958769,0.5376477541414917
748,-8.860201524154029,-8.623144737405969,-9.368180828378078,-7.803241913898502,-9.034319245174004,-9.845286652587133,-10.17443118885399,-10.08879520709254,-8.22463363549044,-7.268520279388617,-5.671239688377543,-8.710398963822618,-10.133275583583575,-9.88164577810322,-10.022789910924224,-8.697935652466116,-10.304261734674414,-9.515628800401533,-5.279571741642486,-6.199526827129427,-8.372694505924208,-8.675349068564707,-7.967486715262336,-6.071653190451788,-9.954559482064779,-8.638256282764397,-7.967896336000651,-9.833801842898222,-6.3545547867811845,-7.618209294530216,-9.85038422190054,-7.461927781515838,-8.9141365679597,-7.132944237996122,-6.343343086170512,-7.588304642575727,-9.945778745637696,-7.296939326765674,-6.378059181676573,-6.968304635379144,-7.700011135094302,-9.237304728183664,-7.96466353915617,-9.981549500146205,-5.0114396553812375,-8.597747441558917,-9.62824473255984,-6.323967680571237,-6.311295959401465,-7.6170610540828125,7.0,1.0,410.0283001676574,0.24193717251088342
749,-8.777992028045464,-8.626314461827224,-10.080431613674657,-8.941869663723827,-8.013067020348005,-9.772022068519153,-9.556804561868002,-9.826809136594347,-9.66742066636775,-6.766216148525727,-6.3492033404015205,-9.277917020796137,-9.192371850961411,-10.073276940873797,-10.306505476556044,-9.381477286329625,-9.599670062325593,-8.960631753849569,-5.750184621738948,-5.889205617200461,-8.685324283360586,-8.555764088478998,-8.201975908451594,-6.553085901313309,-9.257732061950136,-9.430702180499004,-9.312393796063285,-9.674419474783424,-6.649697544438816,-7.758021805734116,-9.678723904944619,-8.294285977226398,-8.674370200625356,-7.44724898103811,-5.3126246564621695,-6.5342244482582394,-8.84369389796335,-6.73442830312091,-5.89145162449642,-6.208899188743395,-7.405105028465675,-9.978981863043064,-7.120099518286578,-9.341587348510833,-5.584648945843159,-8.523835052306207,-9.23384411898915,-5.543210728897801,-6.434807592526569,-6.4147497909356535,7.0,1.0,380.6742022845436,0.372178450963367
750,-9.290392257021644,-7.896831905224254,-10.042842925210193,-8.723201836809826,-7.654499430537593,-10.539430120705498,-9.438698797067453,-10.025680225725665,-9.003692426938846,-6.825611559595475,-6.248106363801092,-8.07889519257893,-10.187738399431556,-10.748493349700944,-9.59793075808921,-9.682972982049641,-10.30000387162205,-9.475317766376623,-7.179214361799013,-6.118855707187564,-8.489557939042674,-9.888120047855619,-8.795395659703372,-6.348428666910463,-9.972876643325828,-8.43771874208873,-8.345200341693488,-9.582945787406993,-6.963069961931397,-7.477216095342756,-10.36541772708847,-7.757140845660986,-9.293633700306755,-7.253561230916847,-6.900431536348608,-7.376147919524027,-9.131945799690454,-6.458735531984784,-6.767720602613573,-6.048468878373522,-7.613825728737637,-9.44395738410955,-6.762724887626679,-8.681485990941114,-5.803258285935568,-7.7063054238166835,-9.918638788851409,-5.429946308441577,-7.008710484797267,-6.756256724355336,7.0,1.0,432.6199025540597,0.18658796783186712
751,-8.473196203877345,-8.06853642839017,-9.936965221862858,-7.813641169982514,-8.349849661233659,-10.160981648482585,-9.347700974496574,-9.841002192334935,-9.983463675858307,-6.701392491909097,-6.506976665808727,-7.190345791246811,-8.913633249238934,-9.058646557031702,-9.17625501213248,-8.412907704240574,-9.693560910359308,-9.673740314710132,-6.07842223096331,-4.864669195791214,-9.112701397751493,-9.007830704472301,-8.44420572006459,-6.6939294037776795,-9.948770990068322,-9.214884444148488,-7.819449806887709,-8.255099299961376,-6.308754553210984,-8.007952427418118,-9.9998048956259,-8.440362257602567,-9.055477950506626,-7.70522812702026,-5.336307538968452,-7.566213046342429,-8.507112514619976,-6.836540187119026,-6.009486134056348,-5.888226998544216,-7.87234569165817,-10.430854762508204,-6.853250652616323,-9.83827064869247,-5.5226306469636794,-7.943670180022279,-9.326027948231646,-4.936442617458539,-6.461239458335377,-6.574104079811222,7.0,1.0,348.71462589694835,0.3874934711455022
752,-9.001862983316535,-8.881708975127744,-9.270665748546985,-8.665597371580112,-8.515940158636674,-9.477745495865385,-8.894486294903517,-9.893538566001258,-8.86063278443471,-6.814155376062288,-6.471159556834559,-8.242049144677111,-8.340390828931753,-9.833018550003718,-9.446563855657399,-9.438552051272275,-8.90840390230237,-9.292714894997896,-6.810486650489226,-6.038712347924028,-9.714259986730255,-8.90399891291822,-9.01877730348557,-6.259363705188807,-9.823722223665563,-9.119926483206765,-8.654608593981212,-9.361224345742695,-6.359966363676849,-8.16644839334516,-8.782475719631499,-8.262965289764434,-9.413526945720033,-7.677749031997192,-5.591241092205076,-7.337573406084553,-9.10238432811034,-7.5649771760864315,-6.008759529546607,-5.8297592791496164,-7.480649626612504,-9.997356345821878,-7.209036401842546,-9.08151154876347,-5.8237907725787945,-7.539719802348073,-9.843354560681,-5.883116024121258,-6.617462100450005,-6.489687002196867,7.0,1.0,349.52431758763316,0.6627440735703714
753,-9.371950843911742,-10.044399144635072,-9.222088346497852,-8.158629417802645,-8.396534731306621,-9.742898164036566,-9.378112113367798,-9.910377204907872,-8.460510043063117,-7.495354131838734,-6.8038398058611085,-7.530025686405829,-9.232302074850558,-9.591171848711562,-9.243706824179087,-9.266899692683698,-9.867411773177578,-9.157967666148684,-6.657682819709268,-5.942818744436029,-8.675362861175355,-8.87752047163709,-8.190533569849265,-6.35920751204291,-10.061176284386555,-9.275326485143282,-8.421736857102223,-9.60407080975417,-5.9873203307991405,-8.41888772232886,-9.12873370813684,-7.820016707168917,-9.427903840460942,-7.7363014656457825,-6.819198658413225,-6.995401650766598,-10.024663956744376,-6.825155087823423,-6.314716965392837,-5.667376787063575,-7.685934995875155,-9.245872741014947,-6.905744937324359,-9.565319526921469,-6.978534443398817,-8.38693915255353,-8.639339749587023,-5.164939561668104,-7.093703794880602,-6.909500352875603,7.0,1.0,418.7617596915013,0.11582596355079194
754,-8.973094918350615,-8.35196893689403,-9.634405518177488,-8.542478753749151,-8.076605764621203,-10.33069550134372,-8.98424895848637,-10.121849733309878,-8.01736660813441,-7.055544361601381,-6.008844197866516,-8.165991781065467,-8.924870067640034,-9.647744473365684,-9.35712299035289,-8.787573255039053,-9.883913366364627,-10.051242136439468,-5.931701409891707,-6.278803902484557,-8.437670190438144,-10.04723405285927,-8.779998666235683,-6.377931716645485,-10.279376417834735,-8.168759585113364,-8.477936911007893,-8.937398665655932,-6.504344943530038,-7.727776452046658,-9.950723308216768,-8.055489528091101,-8.3540429238248,-7.927594468125333,-6.228374706038326,-7.0439785507672035,-8.668435104430596,-6.775801532288433,-6.05671205192947,-5.738622058547926,-7.522541698272002,-9.383892825035387,-7.72330607780107,-8.783766538884445,-5.814903767967796,-7.688799317894559,-9.427145811346316,-5.383354112499097,-6.658042423579033,-7.0203988046698935,7.0,1.0,360.7481896866219,0.37394312362673016
755,-8.684452788558096,-8.2582917690486,-10.30038371537771,-8.096782223404642,-8.463491452586608,-9.925073706625952,-9.5974928144138,-9.588302075613854,-7.956491694862739,-7.606413933150408,-7.254180161759316,-8.261107133451725,-8.335657319913615,-9.092170250890513,-9.506553383069047,-9.758036538463177,-8.954153525249485,-9.62529533607002,-6.197761077319754,-6.022176533561758,-9.28818140234536,-8.752638897333366,-8.034702598796125,-7.063413726245777,-9.401103642361463,-9.772762883288912,-7.835889230655769,-8.623480121504281,-5.909695339516542,-7.107262677057529,-10.447486263507574,-8.53554888413892,-8.483790023711512,-7.3683849586774555,-5.745463688636675,-7.286107169309269,-9.371598804160541,-7.437385513527373,-6.97289773337241,-5.64795232312262,-7.489056397177025,-8.700512833161142,-7.628032800514156,-9.618817322348201,-4.8050872412987955,-7.979830438163599,-10.36106931251537,-5.490258435416026,-7.248350797952763,-6.995786679521637,7.0,1.0,438.75811273330675,0.013120037348918779
756,-9.600621079929855,-8.005507045452772,-9.656014171531327,-8.036606413636537,-8.49261142272776,-9.805590583354757,-9.243120934019657,-10.304555450296283,-7.953934829961739,-6.588593645729111,-6.461512522385198,-8.520287963941644,-9.23490745596516,-9.541054808988873,-8.88523026962639,-9.816393317446453,-9.194081033066368,-10.068829502415797,-6.53774321976454,-5.3622699946960966,-9.029624157250716,-9.481711030777968,-8.261782561082045,-6.009766827142604,-9.758159683684292,-9.110352103589321,-7.98301049181373,-9.720713864817302,-5.604967942651287,-7.520575332267251,-10.43193037878866,-7.939574632908453,-9.140372386689528,-7.7340283056940216,-5.514539771069492,-7.522677342441823,-9.782877911941688,-6.830355389944596,-5.958256947851208,-5.52456678772622,-7.736571009697013,-9.874012607495047,-7.6123212535442155,-9.154142675015533,-6.857584252779558,-7.12987060647008,-9.323917281517042,-4.996596448285999,-6.849445269024425,-6.894993659560194,7.0,1.0,382.475141778767,0.27809672017174475
757,-8.232965182856189,-8.143867131716474,-9.203870989463192,-9.02257836234693,-8.978645030052478,-9.864194787424681,-9.703586644703353,-9.62390744929579,-9.085251675140546,-6.662277565215193,-5.8919112034438035,-7.057540349173877,-9.251814168857877,-9.778609511048451,-9.685871427091863,-8.678063674149751,-9.130307837974646,-9.977952943584308,-6.7513185167577054,-5.936966591827357,-8.101081081942873,-9.022914585663008,-8.33455865560664,-6.161834689995941,-9.740653914331373,-8.483689526326792,-8.644168111429021,-9.446645319117257,-6.156041309515281,-8.03916568877767,-9.380999453606472,-8.01897314501244,-9.79843292469714,-7.330034289275186,-5.263238350102103,-6.470515070335959,-8.782942345504374,-7.579877337405069,-5.898512496461555,-5.575604987301533,-7.910815459003715,-10.014559433918537,-7.569171051586705,-9.147701771332468,-6.128137605179126,-7.9819753895063394,-9.814374127295283,-6.185732550654327,-6.924043471609254,-6.973493217293972,7.0,1.0,367.55942217821575,0.3305767254324386
758,-8.700622673795666,-8.296376275966786,-8.747114494294902,-8.583951771834354,-8.5268409100587,-9.968869996067898,-9.335341591366264,-9.4144087123339,-8.912445730723721,-6.8971863422818425,-6.0162771000608695,-8.18388328469284,-8.916285123596039,-10.049547037511234,-9.494294215910896,-9.290187541376081,-9.468501556842872,-8.991198358851046,-5.837130458147871,-5.218144133489341,-10.248556945527158,-9.103366453126158,-8.434345145158364,-5.873799536040033,-9.510008431754095,-9.309284595291977,-8.326998074583853,-9.603097008861166,-6.355393645766852,-7.785550352745632,-9.951388793924238,-8.198275517942058,-8.542703635114725,-7.342953939443599,-6.103968503923866,-7.151722853679834,-9.727038100080255,-7.257120323501966,-6.225499606300939,-5.881832260492817,-7.521863622480595,-9.880874549909828,-7.114053638480656,-9.566160199917201,-6.555310342279647,-8.061733278916087,-8.768114527501401,-5.423403094577693,-6.554167044415091,-6.125093777940585,7.0,1.0,380.78658953231474,0.20957729779750123
759,-8.265599771275223,-7.892548969620823,-9.857592162208627,-8.82019489029668,-8.217059784111683,-9.91263109465459,-9.360591496967011,-10.175188914951331,-8.536764411785525,-7.453477871670801,-5.813537635004695,-7.0084724340228615,-9.383032087775186,-9.066734814873941,-10.002621269858006,-9.39062677107857,-9.489335149122681,-9.412610305181014,-6.40613075435307,-5.254859552400706,-8.969819568774135,-8.341766008053728,-8.962067901777015,-5.47559690695652,-9.040793028466474,-9.300293033099788,-8.543421730721573,-10.029170082762699,-7.146025346194443,-7.5553228776746115,-10.260811335831363,-7.316481094522379,-8.35334262067664,-7.4257914055564544,-6.2911148973274855,-6.685376292444516,-9.447675260793336,-7.864235373756438,-6.068421672430096,-4.880463581808964,-8.088626497633603,-9.938584119137678,-7.387667111899956,-8.801582970780558,-6.604532732274091,-7.873777222585136,-8.872320924373916,-5.686716060970359,-6.185700940860446,-6.832592678885461,7.0,1.0,363.1882356845679,0.3014305600311281
760,-9.737502225344064,-8.01305897618754,-9.93218415958368,-8.718849450008415,-9.045839313494406,-9.277334634993888,-10.2791774684062,-9.102881391985765,-8.49792470132326,-7.479775762471473,-6.00722468242052,-8.621872497137115,-9.212020172955684,-10.322583122768407,-10.087302580353391,-9.307570121763623,-9.488854708593568,-9.394527062997476,-6.074316950142876,-5.687684810117863,-8.796752671414884,-9.66008626183731,-8.764699738152794,-5.979061028433681,-9.903250738978059,-9.135134833456396,-8.250225031835555,-9.388723169964942,-6.860050455379428,-8.144722035822127,-9.227022293923445,-8.060479831465793,-8.19528225465464,-7.659279339772621,-6.320493299260175,-7.040986747856294,-8.097177845194093,-6.877942275043715,-6.088950252771102,-5.936844797404236,-7.055012817188714,-10.083326702549124,-6.615937380410866,-9.577951721675598,-6.149464767956909,-7.500876251838953,-9.679270395178003,-6.82087910174777,-6.265655713221867,-7.513767105506107,7.0,1.0,402.35617731124523,0.21894575716987347
761,-9.549317193347827,-8.319999129519807,-9.743822595180566,-7.927285004409068,-9.789167957060727,-9.06615879822634,-8.360350287973375,-9.568913179937985,-8.169054775625035,-7.017507152874736,-6.0649252950202,-7.347421138460766,-8.239568961117282,-9.470408450509769,-10.001573635278833,-9.807535899941849,-9.238156659616132,-8.803445105893632,-6.111320622220487,-5.970438986839348,-8.889414553540409,-9.433174600220754,-7.324347131975394,-6.314934801852184,-10.353112576012405,-8.601191377671473,-8.313817779183998,-9.324988181429923,-5.696650763636195,-7.736298702957234,-10.433394987772953,-8.625500469072387,-7.254363819329017,-7.581746926174718,-6.2943403551338974,-7.535887828615905,-8.951032398591936,-7.591081362860124,-6.5551397815299906,-6.218348035379254,-6.745663504778153,-9.299352283945886,-7.129312241115601,-9.242893687792328,-6.084717498389602,-8.136038529789552,-9.553532311851958,-5.226032787073967,-6.18045916275244,-5.964619787205237,7.0,1.0,312.5101284012812,0.724226372329992
762,-8.05175463573614,-7.826982306917922,-9.889387745566225,-8.579065066652852,-8.311199262559828,-10.035673199604126,-9.701898254195296,-9.04728090751913,-9.036885199328195,-7.442085624262296,-6.009747818899156,-8.822860878563482,-8.63140054790072,-9.242427628712413,-9.987464424081182,-9.400940480585055,-10.054523962535953,-9.492683165742456,-6.367801817142571,-5.102988412136358,-8.610657139952915,-8.960693081847737,-8.230098847327916,-6.156999827924131,-10.200682065276649,-8.082222085433662,-8.498303333213114,-10.006448730480582,-5.906891992557994,-8.61376067542376,-9.954233802620475,-8.057682711411603,-9.052938740753882,-7.367802838165876,-5.504850753843686,-7.940483406554024,-8.78958199774513,-7.253694269841519,-6.227305883639584,-6.152500577475302,-7.215222294314499,-9.352843328308328,-6.761974737329185,-9.078167830609104,-5.655801015222691,-8.336770450433177,-10.154605974546586,-5.288839040513475,-6.854128736199581,-7.074939420406804,7.0,1.0,420.3288115236067,0.045178212357056324
763,-8.708700300955215,-7.4512683406666715,-9.195223889187925,-9.921929463523538,-9.173041738192941,-9.934521253540538,-9.830940353361441,-9.246772537862046,-8.561474937829136,-7.275538605327123,-6.379356259554328,-8.098935661456949,-9.261894941369016,-10.106676324799068,-9.404332260959105,-9.392441303334033,-9.99541454611053,-9.607526896449052,-6.430233711871653,-6.251174425265509,-8.551951922868799,-9.383010137188482,-7.380924936982378,-6.778793459223694,-8.913356309134032,-8.078801606016764,-8.099890154366113,-9.831888690694322,-5.254842576970857,-7.6602244163406095,-9.440202193705302,-8.099514560050793,-8.34302858586608,-7.809145253881547,-5.650284972314727,-7.23589947175144,-9.259988113789873,-7.048349222590509,-6.2304296197349345,-6.131213100804315,-7.63670449310801,-9.275401041548797,-7.117860000377482,-9.925179804848986,-6.1117392615584905,-7.166682494247907,-9.55886596450405,-5.470986116052504,-6.632163361812232,-7.159552723353525,7.0,1.0,350.81362206094366,0.5061235948668926
764,-9.809006987455454,-7.729350272719878,-9.233779582484928,-9.268757865539259,-8.11938094368712,-10.590326836270334,-10.173744910878057,-10.146146381576825,-8.820703359065448,-7.306801410713361,-6.353276223720374,-7.394363068482166,-8.487239880539901,-9.642023917402863,-9.471149736486877,-8.14670038909912,-10.004009444999813,-9.071791930441357,-6.01210166057101,-6.403385142009423,-8.82294983805238,-9.5424461263684,-8.421827522700841,-5.369653394022543,-9.727363125816526,-9.44857670209723,-9.756103111219645,-10.39359199110347,-6.188329260389009,-8.80881946551743,-10.013668274013131,-8.340421540035472,-9.566435823431558,-8.215661936480217,-5.856829721230947,-6.632081984564474,-9.190174893982336,-7.84636828128037,-6.017894746367859,-5.474103477054462,-6.3885429226027455,-9.24554189604155,-7.163274690532838,-9.679640100045262,-5.561465746927147,-7.366862593003089,-9.89187502676555,-4.760019071609976,-6.517060914353261,-5.433964827716521,7.0,1.0,355.44065005133575,0.6951938458612468
765,-8.172093855559266,-8.452628329791715,-10.077016021941176,-8.798602260979697,-8.41397281706471,-9.94935981307989,-9.925063775423528,-9.964314635780275,-8.752130035087612,-7.408355430854658,-6.596288869569305,-8.268068614201983,-8.704891133045994,-9.913590314295671,-9.880391197190495,-9.632806235760428,-10.633289312280073,-9.84553368746226,-6.820227213344177,-6.482987123197879,-8.672071940419599,-8.550550732378799,-8.375435075968939,-7.042140396814302,-9.435211048666973,-9.10761145730916,-8.64013095961288,-9.806954606536674,-6.677511410756822,-7.310877044576557,-9.220070739059315,-7.575591272623152,-8.058482570826252,-7.776957678181911,-6.081024922238366,-6.440286152186593,-9.063453257486671,-7.521320524287543,-6.203982152911114,-5.967873164282521,-7.4296260897872735,-10.071781590843058,-7.667449901461558,-9.49203209054515,-6.140023089989065,-7.529346599731653,-9.795051801922828,-5.738609566708977,-6.294766866477464,-6.614967931167671,7.0,1.0,398.7349170554449,0.3014892473144992
766,-8.717894199453447,-8.798717677069781,-9.848244273085394,-8.653492469814513,-8.266836557383053,-10.074136892262,-9.063632404415307,-9.819781898855835,-9.338497058877198,-6.703375446430149,-6.202788966149618,-7.529982470736575,-9.120905738755914,-10.144296265528721,-9.951654841698572,-10.037056699343706,-10.070403920507136,-9.35942849206716,-6.355079871707689,-5.922223856695091,-8.33774433717149,-9.499351392931192,-8.478844911969142,-6.863424243320538,-9.624243483110899,-9.035519141341998,-8.967155096187172,-9.318487559432027,-7.257491493671798,-8.511127021248445,-9.573312281806341,-8.42206649963687,-9.584709983318534,-7.849324127832063,-5.6112846759636446,-6.687573017920538,-9.063609411108992,-7.527122700181504,-6.539742506975624,-6.105187748460508,-7.349119608073106,-9.800503991964721,-7.673727494630927,-9.10075236164157,-6.062993716125884,-7.172625620912002,-9.191164910792171,-5.449063080464424,-6.711473784264339,-6.75467695954924,7.0,1.0,375.67423606782876,0.6245341167063365
767,-8.790483200269781,-8.052352113023876,-9.51346615162651,-7.994937673721521,-8.947991892549995,-10.366213748140755,-9.471352783502992,-9.9035952236471,-8.747489776089735,-6.881729109821261,-6.112206988743063,-7.98666728095125,-9.735440084123507,-9.284211459443563,-10.557993007601322,-9.02092505215461,-9.631251634622405,-8.912830957899152,-6.824473962355046,-5.859844465675256,-8.740803341909448,-8.990708997795476,-8.966932476810838,-5.8596389976890855,-9.08745166826895,-8.238763758895816,-8.495103427393985,-9.146140257588032,-6.467440614824509,-8.020154654037176,-10.137239326709556,-8.631359934520347,-10.080121446366483,-7.966779760773196,-7.006698553842524,-7.570383433190224,-9.52440444354955,-7.2318133401094284,-4.914186221978804,-5.6412192296011225,-9.228929306529317,-9.914499930378275,-6.820278784715467,-8.874723402447671,-6.091996478190178,-7.867438607314534,-9.247741589387354,-6.526629640015004,-6.694795301317987,-6.76527018720969,7.0,1.0,393.20108078505194,0.3680844491893632
768,-8.017816386123505,-8.457943109427926,-10.820732389328256,-8.202220122519345,-8.095550683903605,-9.857159015668683,-8.261268661648494,-9.17886275284465,-9.39071689906636,-6.781856642505893,-5.796500912994874,-8.188206451197388,-8.517177006317572,-9.39437042579316,-10.389068404596667,-9.159598201494715,-9.362600334444904,-10.022600490135396,-7.067220861093417,-6.09460867279707,-8.666968448870486,-9.094427604771239,-8.291122643642613,-6.757397166869839,-9.490509812519996,-9.122385746089252,-8.592488650292953,-9.072850801367967,-6.062532721708565,-7.6680871059156335,-10.174868770061767,-8.508059358249488,-8.218233784251545,-7.54400743391145,-6.389208538818483,-8.082765220954148,-8.569667114620675,-7.189763316489569,-5.920559142534276,-4.947236971876639,-7.018301592935027,-10.372050432115692,-8.14946250935681,-10.096594931129584,-5.902745696705931,-7.894900934078198,-9.05374928939794,-5.637411888523058,-6.33026570028181,-5.754540543845852,7.0,1.0,367.960887399066,0.33346027130079814
769,-8.618339663367646,-8.484695170174565,-10.078042978568458,-8.645404452100786,-8.44748860559052,-9.710519262248027,-9.978842580495328,-10.189625779567898,-8.783123905859064,-8.449362600280121,-6.759999178317664,-7.555743802099262,-8.225409433821078,-10.149205844539505,-10.280940472158232,-8.718785083015456,-9.528898991275991,-9.540014562194784,-7.035413540193272,-5.843512599183738,-9.371588890777915,-9.795405962912014,-8.141740921140972,-6.050736143778265,-10.14931691735384,-8.991804090840406,-7.804069600777509,-9.983043263133563,-5.710701959106439,-8.352012699970972,-9.32968751600067,-7.875970023048271,-9.069017971326598,-7.232673105608489,-5.376074458099556,-7.369297294629596,-9.692557151327883,-7.540136599526017,-7.173307726168542,-6.076792593912974,-7.254788389630577,-10.166702939831804,-7.685079818218814,-9.403080047176998,-6.374864422480921,-7.271563465126819,-9.846358111657494,-5.974282971834153,-6.927774662967345,-6.261506625745354,7.0,1.0,376.20182781115153,0.6912682504539718
770,-8.691723937888906,-7.585210509807536,-9.936902398507884,-8.36701637256063,-9.449349445578893,-8.66359732319714,-9.210083065970773,-9.69768464634801,-9.407974558373953,-8.221918512704026,-5.877375793162303,-8.657163789521567,-9.575240567508073,-9.293152219463316,-9.28176451589051,-9.44825836422524,-9.07402251947132,-9.430438194875034,-5.828550399313227,-5.799495549111301,-9.028231654844902,-9.210207621440363,-8.577275990736286,-6.200343965520952,-9.129443278763121,-9.162240231067857,-9.218016823916322,-10.14493364063923,-6.858135731186774,-7.556196624459318,-10.174324358413708,-7.141669683477979,-9.375751967519234,-7.8933267896397465,-6.705341375682439,-7.128667432603833,-8.344116826982507,-7.26906554628612,-6.148831108340685,-5.42097618445611,-8.187719913770826,-9.973725054512004,-7.235563432438367,-9.177374144334987,-6.161674435788271,-7.551959751432936,-9.837512665291621,-5.553910142543817,-5.9440593359535,-5.990958568938862,7.0,1.0,384.0938606711292,0.2858771946979073
771,-8.912656195640738,-8.729074885501321,-9.921073732671454,-8.209147427167176,-9.26901499773182,-10.334355507759454,-9.610701599269662,-9.435741157914023,-8.649655238812935,-7.252451124083094,-6.01476085933302,-8.538034759504983,-8.748161329345898,-8.998185276770066,-10.148203350541495,-9.407485375939977,-9.708288229719992,-9.671761584020134,-6.634892261758201,-6.956350080129288,-9.354614567555917,-9.332477988121042,-8.784360575478635,-6.4951358301955775,-9.39952895045566,-8.479411631470555,-8.301011778126396,-9.738712454543633,-6.211363798183721,-7.195339763982536,-10.250836582859565,-8.485129220657308,-9.021256650429963,-6.899928883367072,-5.860671368868382,-6.510773680660371,-8.969210378011685,-7.260390460669524,-5.526879274270693,-6.201035777061148,-7.168835484379436,-8.992357645188003,-7.831052462242226,-9.606303961199679,-6.176125474524944,-7.316266672147874,-9.05409090656253,-6.247262467860292,-7.114298934270091,-6.6799120937121454,7.0,1.0,371.9630353867339,0.5011049185487053
772,-8.114216865373212,-8.233743215068989,-8.82854094204235,-8.518398081069952,-7.913710222469579,-9.515315129454898,-9.120153904733163,-9.530451175238573,-8.492702590048271,-6.694452444228043,-6.981157678908531,-8.342951378445541,-8.895105475722897,-9.48556031810379,-9.852427483375301,-8.488305354812306,-8.871435245749542,-8.983968262988705,-6.729256808221005,-5.7650200439518064,-8.689096769007477,-9.000542281346751,-8.82391223423527,-6.161335392511244,-9.716078719411247,-8.183088611180397,-8.780541010480622,-9.557307673732938,-6.277973737416437,-7.86473149133098,-10.038257770981186,-8.142566888504657,-8.636780472811823,-7.576402520259184,-5.814533230399944,-6.840917510399903,-9.588343522973469,-7.635954179657948,-6.125592760071132,-6.359839450026952,-6.9693730573398955,-10.031809818336123,-6.896065298776325,-8.972575088237981,-6.340511029572673,-7.296923873344597,-9.692397551964671,-5.185224083866156,-6.359156589442719,-6.683979719367447,7.0,1.0,356.30589929154576,0.20845019562986922
773,-9.151462158550151,-8.596492946177113,-9.680713550231005,-8.794954275650339,-9.06148015695572,-10.664936899580578,-9.191161577146417,-9.359307194420756,-8.621384650499625,-7.5248006021011,-6.1776021157946595,-8.626703831205287,-8.476663808416358,-10.348260045185462,-9.778076547659206,-9.84970555694769,-8.906176124021322,-9.111721483317888,-6.193439524528147,-6.07948948418245,-8.940702420216573,-8.68660446321472,-8.596593888557125,-6.309135039557738,-10.21530448961091,-9.60810282886953,-8.915495251947505,-10.572963048141643,-6.399438562327286,-7.42306447098754,-10.191459669690774,-7.392941663440867,-9.366097160807898,-7.6856118525436035,-5.072683298891415,-7.056758069150488,-8.843426518875715,-7.226969444651913,-5.530668821607428,-4.844012943297634,-6.623432751744264,-10.1549934388935,-7.288757024019977,-9.850149781250012,-5.347094403466977,-9.017733472897785,-9.837497190998931,-5.795876365424335,-6.207751447458498,-7.070260122751816,7.0,1.0,360.4797788047137,0.7661161935048781
774,-8.944681239004677,-8.965143055777647,-8.67928707076112,-8.349446292259648,-8.847571882300716,-9.021718518955005,-9.358132042922227,-9.608063356778484,-8.054273815650713,-7.312561325644053,-6.451733000650611,-7.849037520188193,-8.824802507737266,-9.678358790315652,-9.422358722090364,-8.532922133624403,-10.080210687837925,-10.316824861845197,-6.92150529910321,-5.685354719343403,-9.164566578372135,-8.683682676434017,-8.50391173328818,-6.392957643708041,-10.507598651931763,-8.967956963162022,-9.271933367796624,-9.52769200088515,-6.7550179429603405,-7.706383035683893,-10.772630526002203,-7.881980851395038,-8.584387087539541,-6.721970097136931,-5.8139721062058545,-6.703884803737697,-8.478966403608597,-7.685431143564072,-5.860354337242073,-6.546938089535383,-7.460599543564613,-9.994281406355354,-7.4407323451746405,-8.809132490685046,-6.148387338410914,-8.147574736201598,-10.277626523821944,-5.773954358098455,-6.773286286691448,-6.605727190954829,7.0,1.0,401.0786243937955,0.17934764807615722
775,-8.343116180624321,-8.665164014200684,-9.783264933168821,-8.418075125918792,-8.097653219796419,-10.037792749000362,-9.66397178457489,-9.15009422465132,-8.420140279186448,-7.192873512097388,-6.095702734125306,-7.965199926533651,-8.917758683449218,-10.097241263644738,-9.076666175938596,-8.958648941416364,-8.871507230105573,-10.63794623503285,-6.281115500463264,-6.051952108864467,-8.572879369162923,-9.081365573885453,-8.292360639384345,-5.753812998915769,-10.866096767289488,-8.995538877070707,-8.830581250629416,-9.987516314539223,-6.071864783264504,-7.860026157384927,-9.586818896962892,-7.9482871246004745,-9.525413038952097,-7.043256693022622,-6.298657515016245,-6.4536158950259725,-8.73137774781742,-7.301098645969818,-4.57515822205264,-5.037027832710509,-7.1299042159513535,-8.772901354317607,-7.463726832474199,-9.652659188204368,-6.245506612927629,-6.645525738367245,-9.174945891341826,-6.010894741345573,-7.207922303944737,-7.065949533674606,7.0,1.0,338.6515755128215,0.5523824374827492
776,-9.00828421027171,-8.551153740050605,-9.43117793143996,-9.052416715028258,-8.471476543294505,-9.398785239089625,-9.146537944049987,-9.866996729007816,-7.856584750645925,-7.257691920950399,-6.502426804196829,-8.052433538190352,-8.201872379768332,-9.386786952795365,-9.606511909690408,-9.560050854144086,-9.566790015245479,-10.094593220213282,-6.308435042118825,-6.3385218461717505,-9.545079340283738,-9.32460752097021,-8.243573778960647,-6.018536983913253,-9.955979276070282,-9.097466765919176,-8.155309720018096,-10.17351643369601,-6.257526770546969,-7.973963415665193,-9.707978553439114,-7.844756604494535,-9.01036893757397,-7.2744068101071475,-6.4530644926657725,-7.770587400747491,-9.227018908981126,-7.465791682104248,-5.488350580257293,-4.97882282235533,-8.100997458249408,-9.967366956947831,-6.875006236054989,-9.946523547540783,-5.799951379829942,-7.489132235700522,-9.560709492656768,-5.610967588495314,-6.742403823329317,-7.176439912052061,7.0,1.0,379.29778185044074,0.4142795583470429
777,-8.006085680511283,-7.716942643061811,-10.187452839532073,-8.334116994123537,-8.6177311158175,-10.203548193543428,-10.210204690663609,-9.645104124952372,-8.738625692696424,-7.260391824365445,-5.277293349587371,-8.43200715809425,-9.213438803680347,-9.849419886626002,-9.83414438375328,-9.85395192975165,-9.520693904426707,-9.81766853143854,-5.5660094121330115,-6.161973886557047,-9.824178347824164,-8.953962388783575,-9.010434526194668,-5.959032644137933,-9.88564466940315,-8.988318329581453,-8.812719820950749,-9.128097489330145,-6.176502501972214,-7.876257237473393,-10.375560223234114,-6.883407811748343,-9.105981758844905,-6.641386934405862,-5.529458070724719,-7.06850346096751,-9.792893453880083,-7.773459215609244,-6.3427521900051165,-5.586044576200293,-8.676585325194006,-10.065230255796575,-7.251389766747766,-9.302637671445984,-5.874214177205538,-7.063798822283951,-9.82967433536341,-5.5514881215127225,-7.139008401286565,-6.338024448952311,7.0,1.0,408.6829561352243,0.2119453881517308
778,-8.55520195260075,-7.62309259045615,-9.349991708224033,-8.27173308710363,-9.087740712471538,-9.93975788970931,-10.552501473746986,-10.06835228427096,-8.335813401136413,-7.136798294520933,-5.437792839938525,-8.788777627900133,-10.072091402059822,-9.550956269924843,-10.009529383027154,-9.128436509271657,-10.48183103646935,-9.29629856861006,-6.8632308789777925,-5.561760266407182,-9.704121797562768,-9.846018083889282,-8.108001853874013,-6.336960302170736,-9.804901036427454,-7.900258781341007,-8.247131531191425,-9.969507478211346,-6.77633404689822,-8.151911035684975,-9.787136738601404,-8.047318126738523,-8.78156809354464,-7.348738729240183,-5.696883195869338,-6.8300545544304825,-9.103329148155202,-7.3924718039990545,-5.307158276949719,-5.050606882770465,-6.914319624974578,-9.537737883179448,-7.25215880950172,-9.236190404683548,-7.340528234330069,-7.710456609366551,-10.225331406645386,-5.813037843525183,-7.063570493858268,-6.950973327924501,7.0,1.0,420.84119172633683,0.1454619944681954
779,-8.856530132094516,-8.123999466593848,-9.858440156315593,-9.089194106900168,-8.649725404056825,-10.261437968780092,-10.008302005770274,-9.413074035707755,-8.84786802730925,-5.9199052545730435,-5.884520775290887,-8.054099684302903,-9.039040776991056,-9.71133632895505,-10.048103963174043,-8.570575970693657,-9.834462166552905,-10.31876390152985,-6.0207165480142075,-6.177151428507731,-8.716045558342387,-8.741863680649534,-8.709862214238427,-5.560980707615139,-9.545035922106246,-8.562467797930791,-8.962932988002924,-10.40525881778121,-6.211119822873641,-8.116414710115114,-10.190547037967718,-7.373963315630977,-8.785269513321767,-6.914648634689067,-5.299621114456203,-7.764979673462944,-8.845401719505855,-7.526345927231511,-6.180154553934256,-5.894414073247121,-7.696568322846245,-9.115816454773595,-6.665265028913901,-9.805621269709382,-5.120706843581997,-7.026916221142737,-10.330072112616316,-6.466973052470037,-5.993694222877723,-6.425500279869377,7.0,1.0,369.8479343809471,0.3872004685189908
780,-9.531836887639658,-7.880328355294726,-8.958562604119537,-8.20513017422613,-8.554771903956942,-9.634801632976199,-9.269957055321568,-10.29836150081833,-8.061065022811624,-7.661358418840164,-6.390451158506677,-7.646599875321912,-9.147324373844487,-10.783875302354465,-9.512821130874116,-9.753253211564585,-8.708954862453824,-9.419691870163684,-6.3307841936864095,-6.2526345135944945,-9.312107065015061,-9.638553464751215,-7.7920580673161375,-5.962996050739772,-9.315362403575335,-8.66196869229882,-8.729000938352577,-9.41079391683423,-6.4115274467942065,-7.840840309463337,-9.163586623893842,-8.027849103916905,-9.497182401362032,-7.024830756594367,-6.169235777101397,-6.567990195193511,-9.24500154957793,-7.0737216679984565,-5.663490085910133,-5.865833007874686,-7.714798413174457,-10.123595451701398,-6.860243641776888,-9.466205882589302,-5.428850043575807,-7.343950379054449,-9.385262689616193,-5.604900213040441,-7.095199752555147,-7.558446944241997,7.0,1.0,377.27265945866924,0.26220259341497976
781,-9.09972565335171,-8.824404876403548,-9.819845559840868,-9.613572826076371,-9.035223885970668,-10.05275768582506,-9.736580942085402,-9.463191791135408,-8.810789549474602,-6.553673902913223,-5.982878109174195,-8.613635650680543,-9.216292062459866,-9.069406842452644,-10.496163876772075,-8.649737816918677,-9.194387118456287,-9.459541100550362,-6.321874127065717,-5.8632219371230745,-8.9878424939607,-9.403740792962138,-8.055363359099234,-6.4359925939049925,-9.4643154188295,-9.779170168832739,-9.0461991362413,-9.653696328546186,-6.401797141009065,-7.631845802742101,-9.911144983989772,-8.084848118796188,-9.324725246302846,-7.843544612542156,-7.062011877053972,-6.899910844178604,-8.758075559261544,-7.651284013834044,-6.441337867534541,-6.384380194424861,-7.842119533636969,-9.690155994980643,-7.829005617061615,-9.392299905339897,-5.516228344748118,-7.5089527979172095,-8.396446453580753,-5.121437587497555,-6.41613014067524,-7.448423235445961,7.0,1.0,420.2859033317179,0.18209669655840433
782,-8.849344879587564,-7.925217935322117,-9.310270885859838,-8.082021096366471,-7.850523870329651,-9.983880967670263,-9.528853528641065,-10.000936046144044,-9.116523925499298,-7.515829087553399,-5.974377721338614,-7.7218112258498275,-9.59248504780713,-9.586147149629323,-9.650023378413154,-9.783929657831234,-9.879319540855004,-9.857321998990596,-6.49335977814741,-5.682875239343311,-9.177235380249533,-8.691243402831956,-9.076866842583982,-6.407346359184903,-9.93850717846459,-8.495015420990027,-8.572492662618211,-9.524715746215582,-5.730034772874447,-9.110188929623149,-9.129078602052392,-7.846189446154984,-8.578277183995679,-7.235260383802314,-6.289905706279378,-7.65229218213508,-9.230048237561414,-6.730378723508771,-6.469606539618255,-5.894383477362585,-7.193158790613591,-8.948483469344426,-7.2165797761291115,-9.564489657664522,-5.683474867995868,-7.438749711942072,-9.844127472408761,-5.9060961899283475,-6.780896886756347,-6.417697724155245,7.0,1.0,335.030799905862,0.7930042994257805
783,-9.484673245524496,-9.300787108284277,-9.55184658037125,-9.026977131297995,-8.831786157079552,-9.849321965342249,-9.994280965328537,-9.10231320608468,-7.742186975864144,-7.093775043544153,-6.0243296015309555,-8.166845563000324,-9.41754376967265,-9.556744120806695,-9.041210921953454,-9.122928340960595,-9.229254889460567,-10.09826194358951,-6.448891883526447,-5.3657378846874355,-9.440821723608149,-9.582015793714838,-7.463143967102704,-6.266855674067083,-9.892829305837632,-8.932878899210648,-8.94238808008815,-9.046273877364975,-5.501967590146194,-6.880959468507931,-9.842525808997744,-7.269068210368753,-8.313537032687583,-7.242312649875847,-7.02315535052394,-7.510106881341134,-8.296339101714088,-7.050599034769077,-5.372793312657028,-5.719837738311034,-6.895554157801589,-9.937275520303464,-7.36521815843621,-9.634112127402103,-5.891730972750138,-6.929468648293837,-9.297545776787913,-6.334240660499975,-6.205293606732651,-6.8921558434111185,7.0,1.0,435.8335205938397,0.005122192023176009
784,-8.431444964647548,-7.856645776272144,-9.561708481018016,-8.52147257429431,-9.11101422150513,-8.99641231395227,-9.58370830994084,-10.721499820073452,-7.955068688179411,-7.073347725602309,-5.700459173145711,-8.559478179903081,-8.594646821616047,-9.138293947796706,-9.894613290411487,-8.687532954935483,-9.32896517971475,-8.805131661715073,-6.309777314030416,-6.214017800773016,-8.996344809205642,-9.530467774989814,-8.31241393316723,-6.3432941681116795,-9.605156852447108,-10.178391399660528,-8.29508238423646,-8.922303180695048,-7.178682234112534,-7.622330831631805,-10.264289648421357,-8.327020678866381,-9.605834697659423,-7.50430918990753,-6.479959432666833,-6.898824183345949,-8.720361531264674,-7.651006737557516,-6.0672637252193695,-5.735754519563603,-7.368639684069375,-10.260637751247172,-7.001263343155709,-9.864487049733729,-5.179613346013271,-7.8952164649802485,-9.484261371404024,-5.515511164146568,-7.59082469477281,-6.862821591078509,7.0,1.0,371.59304500611387,0.4393024653685853
785,-9.221685106793299,-7.959438982669946,-9.948569273158759,-8.285032133345942,-8.279507566069054,-9.771312840004189,-8.84089997155025,-9.496535964789647,-8.763747584579697,-6.889784738392571,-6.072167099704652,-8.365860569648023,-8.298990771205,-10.065233590789688,-9.636558285504645,-8.985426325699061,-9.439487415627633,-10.85004505181087,-6.4143254835220365,-5.675650486559321,-8.296482208847197,-8.430932919759963,-8.195542261901956,-6.163648348414723,-9.328051631050373,-8.707706843401295,-8.815715531691646,-10.17924373011156,-6.156569511296303,-8.008942047903137,-10.144330835905711,-7.693305642980685,-8.682459085328926,-6.574292650455035,-6.170540631395382,-6.335188506633397,-8.095749333967607,-7.847203531697893,-5.9907140174882345,-5.639749373713669,-7.003384796446509,-10.309663862599654,-7.026671164060807,-9.287965500617851,-5.296429450557357,-7.764184539756429,-10.061537048388436,-5.253825273639835,-6.923798722204191,-7.196926152892485,7.0,1.0,394.4622530325513,0.06676788815488743
786,-8.721224520970921,-7.956258229368941,-9.731487964207021,-8.493140772446626,-8.446074280548835,-10.13759408134844,-9.230264271355137,-10.482419170772518,-8.794321627869994,-7.362723969682649,-5.876808621057495,-8.202340651043432,-8.859320167406311,-10.544744390211477,-10.301901502456207,-9.41390241601084,-9.683879832843413,-9.12156888015456,-7.063106393796316,-5.564498410038085,-8.89672015100351,-9.294831852686636,-7.778379217682918,-5.938343898866534,-9.34624071106961,-9.372826946853786,-8.960572039077487,-9.82532447007281,-6.6454439544794335,-8.252084577718662,-9.481997800869314,-8.251032389843445,-8.605357294159388,-7.009033036945742,-5.326195600797798,-6.036966674706607,-9.061802781823873,-7.478544281082419,-6.149295418714285,-5.864619006976654,-8.122935620150498,-8.621021185802828,-7.892367638199066,-8.990531372018076,-6.602508990431332,-8.268817593381323,-9.852621262960056,-6.306486178691387,-6.509717231559211,-6.52285614194528,7.0,1.0,380.5953835566223,0.4042777782334337
787,-8.011229639432809,-8.737277972940895,-9.704321064829344,-8.81389628368467,-8.347582482101423,-9.556546165845523,-9.800559859361998,-10.271296035857556,-8.821914995408353,-7.0297016062658875,-5.888838579178101,-7.129407008058518,-8.5609716636925,-10.017374323162953,-9.925536228140938,-10.48645806626836,-10.725102519923169,-8.873849368750777,-6.562252249357712,-5.310797029517422,-9.212736406957426,-9.221411449735001,-8.422278511256787,-6.605061282296166,-9.282524531419519,-8.918709789212581,-8.474688823316121,-9.44754434298249,-6.2651644315228,-7.7604831153082285,-8.825107576645008,-7.830790111436214,-9.66776400517761,-6.655526048138803,-5.80306118455893,-6.539320625378519,-9.452471379802617,-7.8635353617374175,-5.644009773703514,-5.73031278290321,-7.2798717301746425,-9.10654806509292,-7.521959856143764,-9.253299992750431,-6.488073125091373,-7.856530599847654,-9.543260465298811,-6.210221309850018,-6.991726742917031,-6.59429105063982,7.0,1.0,373.5222038319882,0.3654945188734541
788,-8.898993461262764,-7.623083203842391,-9.762523964051114,-9.064640008747055,-8.766886453438694,-10.350949788772208,-9.763171195013216,-9.745511264409423,-7.991451640697341,-7.057915383223158,-5.9478947297280085,-8.307177760302512,-8.92103191693951,-9.863450704514081,-9.60472274393949,-9.239276782790917,-10.061885228996827,-9.948265138917494,-6.172232925264441,-5.908341176662702,-8.72863359153418,-9.565085510845936,-9.051226106839144,-6.027981796173055,-9.323850598276866,-9.844324868289249,-9.088501213388641,-9.869770244607992,-7.328413212775441,-8.153966767063102,-8.229930741779544,-7.878325150926644,-8.702600096147046,-6.854135648836275,-6.180986352200024,-6.969430364915844,-8.936411333979661,-7.450472627300565,-5.842050250767915,-6.040636888955605,-8.44275981977346,-9.632560321146332,-7.382660927036182,-9.46246050375566,-5.854342365771645,-7.574473348317092,-9.542105114868267,-5.700766116607009,-6.2117693274085894,-6.874074132852187,7.0,1.0,407.95047892758737,0.1833666108438921
789,-9.487714258864175,-8.255059106963936,-9.539847114054627,-8.082787922247192,-8.55903933834096,-9.473843637563457,-10.100193697409578,-10.254962727765268,-8.480846892922298,-7.762155652620323,-6.5946333134749695,-7.677110562828477,-8.20998372525959,-9.598125229685412,-9.493286731184195,-9.223717054193244,-9.771932904852582,-9.753953732699511,-5.525119396466067,-6.1359307185087495,-9.497220810825953,-8.84992334536969,-7.840500883607559,-6.129703321931432,-9.015195820969547,-8.561172690749794,-9.487304135228701,-9.636147865118039,-6.65269356870249,-7.3327358504856175,-9.014891823077912,-8.202925841945747,-8.839372218041023,-7.647792261894059,-5.447730724651806,-6.465837954472625,-9.701924716500166,-7.1799896862346735,-6.345702765388625,-5.837466429709458,-7.366438502419502,-10.500460581682315,-7.634375771395665,-9.889154693073746,-5.793762368111515,-8.07808269321351,-9.843637670560767,-5.128040684802382,-6.855680502126161,-7.461329397732848,7.0,1.0,366.37099071867027,0.5253151477053303
790,-8.796951888965342,-8.219639700976554,-9.637359519574458,-8.601962435054904,-8.466366964132382,-10.137892854621525,-9.702511747156974,-10.11179838336873,-7.983236198845372,-6.741529916918311,-6.008696905899871,-8.171930579594902,-8.359585245639282,-9.799944145490054,-9.242022139439841,-8.385748285162688,-9.550545739212676,-11.233717703833982,-6.3472682616244995,-5.992769078720828,-9.277468723082254,-9.94710031248323,-8.144572298371912,-6.474420885678101,-9.175989953164324,-9.091800043764046,-8.794951739393005,-9.844109932509383,-6.902474950720379,-8.314526294726049,-9.149783312003832,-7.189328802911146,-9.191765007776779,-7.885451060272528,-6.310514066643529,-5.7867177038713375,-9.176650907290385,-7.441503754232816,-7.021763053926681,-6.0299525489811865,-7.917398792153529,-10.112267115692305,-7.25182231619039,-9.850527815076262,-6.811297058316453,-8.133756450609228,-8.845071042329577,-5.40731506947577,-7.905440091834845,-6.899354119141095,7.0,1.0,363.28221499863264,0.7116594648540144
791,-8.572440384699602,-7.170155131608467,-10.03719354638031,-8.19206992330024,-8.576094587161446,-9.740890846122163,-9.21443848131334,-10.037006257537971,-8.440736765413213,-7.349618984280807,-6.568453395575455,-8.352742267615163,-8.595457622304872,-9.809870535014724,-9.178520602667632,-9.53602184937603,-10.54411936376522,-10.21800423132387,-5.675084384130442,-6.150853922128599,-8.516220407896707,-9.158377813480941,-8.608337531437696,-5.442111047439775,-10.593926160890183,-9.720709757181359,-9.00497607027817,-9.666361479315935,-6.65640304308062,-8.374536675306036,-9.822358537322122,-7.334168795625594,-8.323133422787997,-7.214349812084538,-6.072738931414884,-7.25784824187928,-8.623668435960983,-7.260930123795374,-6.045852994819324,-4.980809828422128,-7.847761394147106,-10.034370974481597,-7.48295300079097,-9.057704676211474,-5.768441936409545,-7.860512982025365,-9.604571448612699,-5.408950001729747,-7.536430071977418,-6.699143894452633,7.0,1.0,348.2510555001106,0.7323645193869202
792,-8.826948678316791,-8.146433892764968,-10.022518197490893,-8.445090948213208,-8.629276949665572,-10.393134650344372,-10.373654382949496,-10.372132965963123,-8.08608820075416,-7.207823504666285,-6.198945354754348,-8.040475089119166,-8.130812185207793,-9.784131130809296,-9.170852157161043,-9.65557992315494,-8.96299930732385,-9.831514768976158,-6.784349690571839,-6.563279604260533,-8.829801525301194,-9.613547702914131,-8.01274541143989,-5.735695670460764,-9.455571079798807,-9.413059347504275,-8.539049241077802,-9.502453630494283,-6.436600498657581,-7.346083698598299,-9.476431206836397,-7.919192814590432,-9.434453459387598,-7.737100193961604,-5.533540512672484,-7.240975620611898,-9.266230816494202,-6.997085636611186,-5.927723762995001,-5.97639910232224,-8.238043406710279,-9.263760776298643,-7.56772276744527,-8.736097524230946,-5.1676884165370724,-8.557935695385803,-8.85590252882153,-5.671423754667263,-7.175643655382474,-7.13549347177829,7.0,1.0,470.6761581312055,0.0036890098450840015
793,-10.060393153495234,-8.260518300890263,-10.470371300036023,-8.359858890612614,-8.782338852433938,-9.636863100922627,-9.707197857531993,-10.562256493483359,-8.34758174657887,-7.476134112906575,-6.3202034946131675,-8.427302500974328,-8.440052192879932,-9.409043246462454,-9.963977832010515,-9.459393840099555,-9.51929277667149,-9.929627296873376,-6.263707149629099,-6.906305692163741,-8.810923682642652,-9.749503530473708,-8.337263600181787,-6.717758596620863,-10.332597350254105,-8.91273624049837,-8.654468877180694,-10.1979146478805,-6.607110082986082,-7.865680444922246,-8.868380433570886,-7.111677850626642,-8.887543031981693,-7.7979898734885165,-5.57411729867166,-7.3906192465113705,-9.715495098363903,-7.450975862528383,-6.412766261178274,-6.48270562034734,-8.136598917164168,-11.21791317956217,-6.942185022234288,-10.125179532196253,-5.532300397855775,-7.939720377247546,-10.283395564732743,-6.767463345000462,-6.8194622969745256,-6.395133521743823,7.0,1.0,406.94919340083266,0.6767489845524648
794,-9.145147912549016,-8.243886573560887,-10.39060510411288,-8.391724506238567,-8.556120359713907,-9.617395768641318,-9.389965466503384,-10.462275559272632,-9.299281053527913,-6.731374901300925,-6.6505519311222185,-8.452525426882245,-9.455752387653988,-9.739296930347804,-9.847564058174523,-8.905121800914198,-9.47296769708598,-9.338234657065161,-6.490064965403871,-5.9465749401900565,-8.9048663677517,-9.227408608184286,-8.386703197763122,-5.982891408961872,-9.363806023822976,-8.890888332068473,-8.438105101551393,-9.432202794347061,-5.988469328268852,-7.809922999804,-9.886653852661832,-7.066230125431772,-9.05415022745316,-7.011170199262879,-5.138576499060546,-8.19166076425989,-8.17188166327642,-6.689339458789035,-5.829799980669928,-6.281119517175847,-7.188938799356111,-9.708442989554825,-7.416274010464552,-8.272180347367211,-5.646196270381248,-6.799318885478529,-9.601430040068303,-5.946694255580676,-7.373536986081285,-6.125157145084109,7.0,1.0,349.40797837865176,0.4871752012069501
795,-9.511284607731053,-8.173881136973774,-9.941010254313076,-9.251902666378996,-9.40866070370689,-10.121038331699548,-9.179203817178738,-9.85076723931075,-8.93442913476826,-6.564441947408567,-6.183542461897098,-7.972631690354152,-8.971878733936453,-10.010812600931386,-10.04730311029956,-9.16436487965954,-10.82480862631758,-9.191896564841887,-6.3249269503138486,-6.417217633714851,-8.70927600849965,-10.088032411795474,-9.270138348599898,-6.670543878023866,-8.929245267243543,-8.326175602584641,-8.68291661208393,-9.33469805455496,-6.088925843674366,-7.517793187159519,-9.692655696845588,-7.6590414599107595,-8.320368497500686,-7.510305531654542,-6.112646294635415,-6.823166174191118,-8.961254602560214,-8.357180926181533,-6.220056957824325,-6.009229932179135,-8.063580941746261,-9.789374316864647,-7.880023919150994,-9.117230380618762,-5.721222532465322,-8.02603345119979,-9.947378561194917,-5.298283937534635,-7.197744496423823,-6.931162813633103,7.0,1.0,465.11960782184156,0.03680837476995187
796,-8.997372335614028,-8.980193533284801,-10.307316412833085,-8.987373437448143,-8.904552343977967,-9.660232761888647,-9.336799887147876,-9.513420145766098,-8.38478904915286,-6.893450840390424,-5.319731811388519,-7.702954722339728,-9.736407722325984,-10.052855179955035,-9.400532119415955,-8.931504725567418,-9.437142826122326,-9.79086075915943,-6.897243832473688,-5.269257529092936,-8.588944282052937,-9.22806419876569,-8.03850932707727,-5.972650872423322,-8.89280370340412,-8.752837343185291,-9.283128843290084,-8.417514797025989,-6.16288346539935,-7.468560725615499,-10.181526139084513,-9.065377006345738,-7.883843213278509,-7.569613561458536,-6.203182349097251,-7.120872971239699,-8.902756215433664,-7.366777139370913,-6.100419695364875,-6.463523278050195,-7.796932503844377,-9.334588459699484,-6.833544353858771,-8.237098129278765,-5.446596382342924,-8.173829811072851,-9.402909961881894,-5.079691506763649,-6.2823773255646485,-7.085903458835023,7.0,1.0,379.8634127317187,0.14668158199875814
797,-9.153390099667737,-7.884901622667605,-9.76154600959493,-7.685471751727735,-8.289581601006882,-10.966309113469164,-9.707140508555186,-9.50893103888998,-8.403178278602416,-7.1909160797359615,-6.475465932343089,-8.079830224583445,-9.541863368531908,-9.612692018365141,-9.532268155662935,-10.00525386444534,-9.840874783298272,-9.283620957123146,-6.410671532851056,-5.46792327245915,-7.71177405688952,-9.295031391986775,-8.204419388508972,-6.345102476779463,-9.373774860640232,-8.728579125022183,-7.803658017136833,-8.953896066262601,-6.772662948576351,-7.59614620101411,-9.59899019617628,-7.602137923331412,-9.187613698737337,-6.713082521858347,-6.116882398099798,-6.902582219872514,-8.94159007727727,-7.719180474143766,-5.939723007808023,-5.812247074995371,-7.788575030165583,-10.049769229416597,-7.524660387003425,-9.227893444438921,-6.368529468480768,-7.381148984610223,-9.536635594846512,-5.215371478089102,-6.588775027328758,-7.569171987521677,7.0,1.0,333.2538316467427,0.7204384456189815
798,-9.058154408934127,-8.229198342593198,-8.960204969074677,-8.916143622524078,-7.5410377041237,-9.390840559365435,-10.166673509614853,-9.420244364650703,-8.45640728506616,-7.2176894023610805,-6.0387493218512285,-8.277763808986755,-9.547195368644049,-9.759478473815385,-10.121470851039158,-9.662373875806711,-9.880018532012441,-9.59596119414795,-5.814332489671791,-5.673533164468529,-8.961896065100843,-9.246411355706337,-9.70082931955496,-5.983779328395899,-9.245275118530564,-9.291214104164764,-8.734612030951784,-9.253863608320763,-6.725343454035419,-7.472434251353534,-10.200154192632173,-7.281932974987705,-9.782080068188632,-7.995574758572431,-6.489761948976627,-6.955860734803792,-8.807302350599594,-7.94223948553512,-6.070846171135488,-6.821238961055581,-8.147205710630445,-9.757305227587194,-7.434638592214321,-9.118716918036043,-5.267597734598961,-8.190643603950937,-9.122919866703029,-5.458389516092645,-7.250653415144585,-7.274346683943439,7.0,1.0,426.27432018720754,0.13059303810170117
799,-1.3871362524008135,-1.4073286861433543,-1.1461524630814384,-1.390324006128398,-1.0317146790543106,-0.5812381454425619,-0.5269986701206517,-0.08141842364149632,0.9416466752754089,-1.4815921633615838,-1.594793190545047,-0.17629776409346576,-0.9002911058134595,1.1592415836629462,0.12118401318799066,-1.600037750853276,0.6014750307145,-1.834374826173597,0.6919853822607434,-1.3638334315627114,0.061053054584493616,-1.0682307272880673,-1.9720063542631046,-1.9069914678450868,-1.2596892322132796,1.5398575184103396,-1.8443026389359751,1.8587371306232034,-1.3906593056701424,1.7634352310437489,-0.5604915019814642,1.7046526124027794,0.6755571206300575,0.4241050313908179,1.380683279547429,-0.16255334831387858,0.6766453161010317,-0.12167579293189634,0.5418245293619721,1.8931667885367602,-0.481462144006672,1.8665052849503239,-0.7670070829133429,0.12183905215619495,1.0633126065232226,-0.506421139789015,-0.4486928698109107,-0.8312948474521327,-1.4035795372084618,0.70816017644177,7.0,1.0,1.3176423800858412,0.10894100129278837
800,-8.519779215701565,-7.221866529692804,-7.80450271906567,-6.934740357633887,-6.027760190894787,-7.421963502275947,-7.935289934803971,-6.928082508421699,-8.271282584298165,-6.256699546893477,-7.176158974749949,-8.44252129652029,-7.419803958580198,-7.853484970725235,-7.404895011085694,-8.320073423732023,-7.835512551207872,-7.7514681192675186,-6.400345503331239,-7.07069446246629,-7.955740961131076,-7.180713330320167,-9.158280757759268,-8.292704500546924,-6.491316568829779,-8.35597917812431,-7.582269000462948,-8.296316731420603,-6.838910895350047,-7.726113112961556,-8.381764380203546,-6.905680710270315,-6.669296915817166,-7.960175679013194,-6.376924223837626,-8.488006420964384,-5.627612711408234,-6.5433223672938485,-6.949747734506273,-6.736431346776892,-8.468714911312636,-7.297083825709097,-7.857769362006125,-9.66459757468171,-7.616958254565263,-7.075324466845272,-6.703628380010572,-7.001832276452673,-6.7974470223695524,-8.619238848593083,8.0,0.0,35.49155912353377,0.8269097511245808
801,-9.725689802944947,-6.984649622746455,-7.898174323473469,-5.645817923130149,-6.497842933523338,-6.477765920153355,-7.943464032566913,-7.38631643936086,-9.048821809617982,-6.4763052479134995,-6.784294054193972,-7.427629237870492,-5.613195587323185,-7.099237871127698,-5.957400787051925,-8.77736371277092,-8.658048086451762,-7.820803431920133,-5.7341195319179326,-7.17859552746301,-8.629169254088906,-7.431422589149677,-8.722289601348542,-7.972987257972493,-6.93801159784934,-8.20014804123628,-7.77873744390396,-7.988190931097608,-7.792584935556935,-8.902840894493734,-9.052239222216647,-7.417444908986401,-8.237597554231899,-7.114146299565804,-7.466062445446165,-7.976750972328162,-5.554733067516453,-6.495070296020768,-7.300445727148672,-6.516968892383512,-8.013308246164094,-7.361274522871813,-7.863240185796419,-8.715808778608583,-6.5861106042150945,-6.912333523007968,-6.622257225973208,-6.590358548861668,-6.7426605969888875,-7.6478365092137235,8.0,0.0,34.30951054511321,0.8591934286142422
802,-8.951741386014792,-5.87759494484192,-8.676722080149188,-5.853642531859856,-7.196026116937888,-6.402454415322556,-7.777188010278252,-7.049301382139802,-8.927434468733187,-5.238635400037699,-6.755883111989898,-6.298028092055123,-7.227388899323024,-7.749276486787357,-6.785312201628335,-8.454792032258096,-7.917451127633481,-8.292272460695195,-5.983102197259061,-7.127478584545274,-8.381716021139319,-7.3617790106953676,-8.610419421795598,-8.971869850448773,-7.498822685232357,-7.672511550957013,-8.71549834488728,-7.688018835677099,-6.643976857460804,-7.594635076161064,-7.2546649789516255,-7.779552005672182,-7.325187040099989,-7.01828455659697,-6.688913809283066,-8.914536144117662,-7.102726297976287,-5.812618634581724,-6.540588850177998,-6.938707882120907,-8.455467148161722,-7.826099909577768,-7.831444104565356,-8.527055583331908,-7.589327355179246,-7.0606855428312985,-5.2104025398805005,-5.856013524506206,-5.661710577600861,-8.11122832215093,8.0,0.0,32.24855018529079,0.9054105353972236
803,-9.72493149237447,-7.03572820138753,-7.959863163550947,-6.678426398402216,-7.235908000793985,-7.539051018977662,-8.067088185952466,-7.475296339654904,-8.070258607781355,-5.374302526710737,-6.5887669255190255,-6.71136492747087,-7.571310834031854,-8.151824521954547,-6.243662856865927,-9.139227326744095,-7.903301100525395,-7.262367297109008,-6.09770039032444,-8.285693915634488,-9.018265597739857,-7.108906109999965,-9.869355700002899,-7.380020394106695,-6.988542228999347,-7.082667929347471,-8.70822468148358,-8.001784604071725,-6.8253875283270755,-7.642570383891828,-8.128188772777968,-6.828647957886878,-8.2135130303499,-7.3737579658269885,-6.475683155166576,-7.754172924714819,-6.229417471114421,-7.0928613575686645,-5.57517545405923,-7.4285539502253,-8.540127781016613,-6.702358465197993,-8.049338093534057,-8.620809801587539,-7.38723826997135,-7.119648921246191,-6.250456820655232,-6.124851768085602,-6.106219126977867,-7.426304496239467,8.0,0.0,34.63412469541427,0.8239041695359679
804,-8.509925165355428,-6.33198161556765,-8.06553474939824,-5.729139864844543,-6.614769102768439,-6.769051624664446,-7.867211387959508,-7.321271155044816,-8.219258903042007,-6.115017084589492,-5.295911035692944,-7.815729864392983,-7.288827913012838,-8.26644320502041,-6.023229926314625,-8.374838196669845,-9.334473853944857,-7.467702549525146,-5.708564725531128,-7.5809906636574125,-7.963025135851141,-6.983403248166676,-8.416050559586944,-6.718376778470702,-6.712113477891114,-7.9587856772822985,-8.465507397298031,-7.958524907968882,-6.909815275576907,-7.10251806907845,-7.991342291293097,-7.4583606060168295,-7.401776943814265,-7.805664522153422,-6.8835014953209805,-7.7869093949014205,-6.072292122119313,-6.4778405522381854,-6.268434440181095,-7.045212136944982,-8.746249582672254,-6.70550903343999,-8.098577663438219,-8.983903785525806,-7.558128561049358,-7.893444301990143,-5.926432455178833,-6.028461897027819,-6.094574406546933,-7.108307422076568,8.0,0.0,31.412995196014197,0.8938376902929497
805,-9.482622467692108,-6.7085393110168035,-8.225665263435117,-4.975902168776631,-7.122774316834555,-6.654002277799922,-6.802556933706211,-6.598558869826662,-8.12483170634113,-6.335042441330278,-5.932086281977287,-6.375073844233881,-6.749714258314266,-8.209146285899418,-6.761049987028079,-7.8754677668378115,-8.259991445190572,-8.100651863129203,-6.205003203794726,-8.144736427316772,-8.275798024051657,-7.37926159037315,-8.871334412099722,-8.549090913370089,-7.111083336638766,-7.729002449897271,-7.978354940819569,-8.127532373759582,-7.294712238639337,-8.113466765294103,-9.181397121965388,-6.845424969184535,-8.172130103099988,-6.865968894391033,-6.534178987219111,-8.141833456246108,-6.530099888410554,-6.045142839152828,-6.184050087859925,-5.7872618608367965,-8.58511116672845,-6.81447383869136,-7.5836980100001385,-8.991451363228306,-7.382063842768989,-7.295168514525353,-7.320645437460773,-5.902936060862362,-6.22415122366591,-7.429179447248711,8.0,0.0,30.2835546528364,0.9750142895734998
806,-9.57030440829767,-6.633213557801358,-7.975966339950502,-6.761528469930179,-7.189595114803331,-6.231532880689868,-6.981781541810222,-7.4468697079385455,-8.355772179256185,-5.170084021170038,-6.161719747595267,-6.0169748537156496,-7.614122298536328,-6.777868921744598,-6.413976514912946,-8.416884106907537,-8.787288549037246,-7.810780612793026,-6.16526213382913,-8.457734373246781,-8.211370787350686,-7.9015621859915335,-8.881585819888809,-7.194616198941358,-6.244745751668425,-7.824084648150181,-8.433804165108148,-7.72482156282908,-7.150383035554981,-7.177101091179409,-9.469425893153229,-7.655676183923714,-7.087264062320866,-7.5173296085692085,-6.842079573611725,-8.9339914213368,-6.361764798209623,-6.182231176984916,-5.706626386954284,-6.155773043561801,-8.267512747288757,-6.379657505935303,-9.263109622307017,-8.178397145393378,-7.912313922958637,-7.731384992608358,-7.111057435136073,-6.063619923862197,-7.048973649462603,-8.432045391256663,8.0,0.0,33.69133195469984,0.8721705564874287
807,-7.881985990053029,-6.8967321430605955,-8.599767675904848,-6.4454337273281865,-6.982642756909883,-6.23159781880316,-7.408321826443678,-6.563865361219194,-8.201686448789168,-5.670670611290335,-6.029762960230605,-6.556599682579931,-6.160513749987995,-7.066986362636693,-5.982464861758977,-9.113347597406158,-8.328648497045377,-7.474326062020262,-6.374998768882019,-7.217981864752159,-7.049884683160396,-6.367648744379338,-9.41541681810354,-8.197674607981128,-7.716444828933825,-7.682754014685619,-7.8591212947651545,-6.949437413468637,-7.111596504652192,-8.132013622377356,-8.27223931160865,-6.888399008416281,-8.365119503771206,-8.400425518361219,-7.549959562270668,-8.271005613313932,-5.9281880678407255,-7.440332602016431,-6.343417866969064,-6.530127620331847,-8.622323693547331,-7.859608057665731,-8.27887020907788,-8.828648462190184,-6.985630403210629,-6.463291251354122,-5.94713973010191,-5.697655328836519,-6.984844552997209,-7.154094966944862,8.0,0.0,32.32362446345943,0.8240254337742332
808,-8.940359735289817,-7.451972013271742,-7.491000468307632,-5.811229000020586,-6.709687787791126,-7.04296444948778,-7.618655549760853,-6.838516694314433,-8.44021687681913,-6.205793741934069,-7.218608363944033,-6.32734802844797,-6.904672187717294,-8.609077066809679,-5.734368064597051,-8.346995382178017,-8.050949846920103,-7.833049481870638,-5.668962104810504,-8.057482496565031,-8.641978554559286,-7.277555957097398,-8.76065854225287,-7.510309730544302,-7.137957410943847,-9.214182771043657,-8.773200980281478,-8.456887430558803,-7.416010543599168,-7.817558878423224,-8.246081393842339,-7.809958069935731,-8.228405887629336,-7.41562819409372,-5.853190409965759,-9.56139874073347,-7.208307610980474,-6.162565040561668,-5.836252392427043,-7.077201035364805,-8.148177871790953,-6.846630056792841,-7.862944797202929,-8.588191697216171,-7.4863007442821,-7.4515395251888785,-6.010457202356883,-6.302335696625879,-5.834630011177521,-7.612092317859514,8.0,0.0,30.712391629738825,0.989762665576859
809,-8.476422521606002,-6.378312145353326,-7.64628236815338,-6.641898928480074,-6.476744571691247,-6.261001303128461,-7.053533398732063,-6.433087209045226,-9.907975461030004,-6.238259783115065,-7.515983949252819,-7.107119368030083,-7.912565303356355,-7.481312726450509,-7.204320472086999,-8.28644548314955,-9.033265741620335,-8.433984947510602,-6.246567500677627,-7.797729187480566,-7.917184507705887,-6.920035208077413,-8.450486314592844,-9.199001352195694,-7.141036188403361,-7.803976136736202,-8.161105529842114,-8.132634142513927,-7.939169164912847,-7.939694883690979,-8.656711686249853,-7.643901368907626,-8.040790852081301,-6.80926583824955,-6.412751784400869,-9.092215548384832,-5.717108942516009,-6.846050449500109,-7.114670376684783,-7.042260152186807,-8.96078689193298,-6.761887150485837,-7.852881862867592,-8.941991666869116,-6.250596208776906,-6.3753614651154935,-6.460451730013783,-5.4895770267657085,-6.42162338321235,-8.808925823013809,8.0,0.0,33.41908929261907,0.946475478845748
810,-9.725405570893761,-6.312262554257631,-5.998222066024358,-5.425920308423619,-6.806610638413048,-6.93145138862176,-6.800607030177337,-7.713172222379944,-8.24682878373294,-5.97094196851509,-6.937072371070424,-7.141271939890711,-6.970348232156568,-7.3488208722502035,-6.977572405982754,-8.691706109478364,-7.811676104736896,-8.228604154033519,-6.4170004022778055,-7.654988661918389,-7.050280443368894,-6.798628359804824,-8.34784808860416,-6.905962807770491,-7.139669515587892,-8.655237107169064,-8.03598422288711,-7.544517819963946,-7.176573645163799,-8.352659429667808,-9.15027512813587,-6.772112768596989,-8.074655333949044,-6.907830404146973,-6.126554385520995,-8.731055622995513,-5.682123462002057,-7.0687519691924,-5.899392083319313,-6.599566870026929,-8.466189210622098,-6.792755738016463,-8.294218297096496,-9.26688769027642,-7.036273248450721,-7.0861043270604105,-7.113373098605275,-6.7889668436994155,-7.062491294816235,-7.649652385703318,8.0,0.0,31.24312568459441,0.9387208924536858
811,-8.871164486480678,-7.089277112338578,-6.768103501333516,-6.499795317394376,-6.983942780833201,-7.173532656496631,-6.932721099724149,-6.916636851241103,-8.700590856089345,-4.852396359494721,-5.647872551137039,-7.393232799642913,-7.279046303868155,-7.2407776214577435,-7.324302408784729,-8.148548584077274,-8.147108088453741,-8.027129803300337,-6.830015441429429,-7.759141123914505,-7.935899258503583,-7.836281199767807,-9.02014640058662,-8.15009565762645,-7.627961319489074,-8.675621303152525,-7.512891659878822,-8.22356800304014,-7.68021117460253,-8.742636843457447,-8.686926945234795,-6.708260129511785,-7.027975797082209,-7.536462836051624,-6.791778660281436,-7.973042711907588,-5.8541168460824835,-6.350412847321637,-6.063608659684717,-5.608404949626106,-8.593621475503602,-7.865505927420219,-8.402662467410895,-8.37356316178648,-7.344169380641551,-6.6684343675004705,-6.7568571740635335,-5.7711822214935005,-6.862585902665058,-8.207375768716139,8.0,0.0,34.24285688182432,0.8060075712332299
812,-7.989681141056438,-6.885449646039343,-7.583348036384102,-5.951038377944308,-7.0578008841958635,-6.317331701459058,-7.37185852761475,-7.93911491075708,-8.33918974632503,-6.3062978294334275,-5.075661746926801,-6.9430110931831175,-7.427416317599402,-7.073280423181121,-6.81738522796298,-8.716773824503305,-8.106986899802418,-8.785503064164809,-6.149360330533366,-7.196314570956728,-7.979117077514788,-7.357270017843068,-8.678395876564778,-8.368228747667482,-6.696228693026192,-8.251597578683352,-8.708896923034922,-8.200818682870745,-6.72402500508554,-7.981552011157611,-7.933517070879023,-7.686791802340269,-7.047948039781849,-6.984053504721522,-6.384110426560788,-8.511056553708233,-6.313588889127977,-6.736910626344054,-5.63329416410591,-6.921486871584996,-7.905716232450599,-7.614879802818152,-8.360055669189274,-8.634223271823084,-7.087132045861315,-7.397303268508654,-6.779377191651006,-5.968101089989068,-6.895447938425924,-7.3943916293226675,8.0,0.0,30.968576757502593,0.9539643534176175
813,-8.27061618827417,-6.267599170039427,-7.976256362319689,-5.3990889556946975,-7.473908319675321,-7.087456889634384,-6.501578220265215,-7.540999454067283,-8.902684948597669,-5.640984741123795,-6.933755570735542,-7.213658096842446,-7.439904228517335,-7.282314449359517,-6.33791507832879,-8.294744282932436,-8.4639293560201,-7.343150471480788,-6.262708521711605,-8.94150891405242,-7.828365952446421,-7.983002989063376,-9.029732743640503,-8.808704454631151,-7.069367334830462,-8.148120897008381,-7.728402326722659,-7.626850330752058,-8.424119343429465,-7.450223146249361,-8.492894400408549,-6.734274300801801,-7.617283377896158,-8.019434265820694,-6.5130510559368995,-9.116799368042827,-6.491920674980979,-7.120377148889667,-6.896122166334954,-6.024232768718232,-8.572230625500874,-6.799816088828837,-8.370967196540239,-7.961655889573104,-7.18268340456667,-5.903938473123888,-5.935395171718736,-6.4288170252457775,-5.79794108649404,-8.118594745439289,8.0,0.0,34.28513190297175,0.8097843965514054
814,-9.145105915726111,-6.494791128036096,-6.628011461549255,-6.932387653043032,-6.577796181740741,-6.665137287427842,-6.744040906729259,-6.917802357955103,-8.957245128958274,-5.9757290496906865,-7.03526731230709,-6.602833331129518,-7.177537407790295,-7.902481951466384,-6.119981646160076,-8.470201459820272,-7.771941170681872,-7.421293061765466,-6.10631043305851,-7.680958293619709,-7.419310722564049,-8.061013103936851,-8.714123448919356,-7.669596833074619,-6.4499919355853095,-8.139063673768911,-7.436318754453662,-8.228468568550658,-6.5152457202748915,-7.917167232552409,-8.144510738506394,-6.944633461052819,-8.3387731085103,-8.416836575015049,-6.266423431667916,-8.07153903805846,-6.163654384655708,-6.537729396385662,-6.261824566790093,-6.8426332522721784,-9.793026749733926,-7.884202431908947,-8.277559130108555,-8.248238139826022,-7.940491708585372,-7.054508708909053,-5.920995972378627,-6.466103399794403,-7.228711437378674,-7.705635613696469,8.0,0.0,32.36829476783755,0.9085313825859056
815,-8.949791248205674,-8.0814327293128,-7.464479658356967,-6.2972568533850275,-7.089196906041536,-6.079103722481958,-7.248555217962515,-6.162345183813145,-8.851110186953658,-6.042333256697995,-6.488157847865683,-7.000543945322582,-6.934832594013538,-7.6446332367414405,-6.755511155311088,-8.336972561321305,-8.677952204975352,-8.03397506412807,-7.306217726360382,-8.77696377872887,-8.426610083290157,-7.874717007062529,-8.988076134882808,-8.206035410971023,-6.26677341422794,-9.170176650703691,-7.166576443483804,-8.381981118005733,-7.45640618590361,-7.7344428146510795,-8.30550334583871,-6.341948668326674,-8.269261816423802,-6.661035447706025,-6.74842125824056,-8.09165734167067,-6.001240799408428,-6.933321968109799,-6.06321325055191,-7.156220738261046,-7.988355954662922,-7.418706351888968,-7.649279409569948,-8.879970266469059,-6.743461456520155,-7.207231704698692,-6.334278324343874,-6.502739818435485,-6.557943381513697,-7.672646689305505,8.0,0.0,34.07619219951833,0.8644937073621827
816,-8.835896532249071,-7.088774739422737,-7.060227442862619,-5.854703847309682,-6.515132570226299,-7.618720131558451,-6.940792184937938,-7.045740113604888,-8.823996809393822,-5.59666526976065,-6.251928060639655,-7.739185044014213,-6.900196195608799,-6.958362034500844,-6.245598103150245,-8.868154510400823,-8.420522755686354,-7.981686041152388,-7.046060910854239,-7.756226236857042,-7.573553025877723,-7.177540407003679,-8.791274369793983,-7.2283868277347665,-7.354148035621206,-8.688019981508242,-8.07834567532217,-7.480115964663659,-6.8622479753255785,-7.575346298259363,-8.432795066199105,-6.99728254518268,-8.68600171772453,-7.032029754208901,-6.431340132815051,-9.052344989149024,-5.953675284752684,-5.886210823247632,-7.860212207800745,-6.618246290974755,-10.020686485941711,-7.0187564847545705,-8.369628492742523,-9.684903732026848,-6.7789448102858385,-7.091918190509032,-6.754979663522821,-6.6779232195513725,-6.935859892700346,-8.010851929872969,8.0,0.0,34.92119602472646,0.8413870296639495
817,-9.227511284791587,-6.729926848623738,-7.872344227799496,-6.383902268705204,-7.989380994677175,-7.0152527396871776,-5.9502906316744095,-6.70090937271903,-8.753827853588069,-6.079808918037812,-7.089297434974935,-6.704727410668482,-7.414021806080014,-7.645355660570784,-7.200449514330108,-8.513622831863367,-8.704188949397661,-7.149101489229759,-6.664292350193741,-7.8796511842192505,-8.022590610442707,-7.923144523262293,-9.060075192423822,-7.04863362983979,-7.91956352708398,-8.667185810926624,-7.9701080200156555,-7.579710861010864,-7.055394846922769,-7.889960959622641,-8.661432225201516,-7.286461721024415,-7.60120946476729,-7.360845890410479,-6.734927078262693,-7.811984257283607,-5.79538057840138,-6.469858017132295,-6.020996482689457,-6.498635472690644,-7.476786666026818,-6.6667624674718855,-7.169154089525785,-8.917844616307429,-7.264159254099537,-6.583290550981711,-6.380696434232478,-5.550633318869356,-5.820566251775283,-7.469143306543139,8.0,0.0,30.94620562115055,0.9451910004973592
818,-8.557561498731983,-6.958280742594842,-7.366382926941737,-6.164959495520428,-7.989106591707267,-6.842464915626195,-7.473903438942396,-7.326139042522962,-8.16795465711215,-5.055939113789398,-6.50474690053382,-7.399985182198115,-7.609848236640171,-8.807245921215305,-7.803069824711192,-9.130260170655454,-8.280222458463776,-6.754123235129272,-7.169443595405406,-7.04245212081071,-7.443113697425482,-7.3004961330838585,-8.986085443835496,-8.958095993600214,-7.029899225046692,-8.33858189873746,-7.68198152462591,-8.091793233509572,-6.870085928744742,-7.737368464207189,-8.615662778088664,-7.297070374512495,-7.103017150278714,-7.622611014461217,-6.984156098586475,-8.367013557659567,-6.601889775806573,-5.914512540736883,-6.249602496677502,-6.5243627398881845,-7.8301122673120265,-7.066577439232483,-8.198198954849566,-8.47889310555304,-7.311725375601484,-6.485925501789421,-7.07721484330212,-6.190967928676394,-6.821371826667621,-8.659346462220762,8.0,0.0,31.339638070897625,0.9800739346630256
819,-8.577389074214402,-6.379573308237936,-7.0796029633029995,-7.015904451449384,-7.068858747355768,-6.933760960709824,-8.146935334836822,-6.633482407576747,-8.782392052950188,-5.13170780962795,-6.46769962075824,-7.050364255981191,-7.509035754247954,-6.839794623703853,-6.297460968497087,-7.473612273874705,-7.775601716281648,-7.9591002927531,-7.014060951098045,-7.236756395443312,-8.369937784613,-6.9254205586957,-8.353034436950903,-8.220987303651437,-6.736469883980589,-8.46254191221627,-8.15232144667734,-8.563931894583513,-6.435711219258963,-8.526675866016156,-7.773714941970407,-6.7070533791146625,-7.491499278103968,-7.34794257943948,-6.504965032512847,-7.811126464036085,-5.8015020205368195,-6.471546198858788,-6.098962340525665,-7.062369463469915,-8.062885481014098,-6.874772041737959,-7.465199260474069,-8.786839824809649,-6.784350698333263,-6.994077304552398,-6.648932534729075,-4.896640196092815,-7.262266575820247,-7.8250079099822525,8.0,0.0,30.147819133265397,0.934159439879105
820,-9.295037258713897,-6.283927121263065,-7.098451215293307,-6.053636154831231,-6.516380716268906,-6.644753078837259,-6.833407019306109,-7.6081527361349846,-8.877861313344512,-5.388897694514881,-6.772432298500921,-7.699718786103334,-7.146706622391813,-7.182491307470079,-6.547714248964863,-8.070022484382944,-8.211142332575568,-6.917338915056908,-5.376653294909886,-7.50793834397155,-8.41001007234398,-6.871324133937661,-8.559626959221218,-6.859215873120486,-6.470713420688669,-7.971297956948445,-7.283073630352842,-8.028673961346161,-6.4246796919896125,-8.689668810279812,-8.739103015617312,-7.02137941840483,-7.360795050677759,-7.954006694021561,-6.13044304871562,-9.219173892806705,-6.144674483065287,-7.090673444725554,-6.13439863658319,-7.661607929845528,-8.37064522857869,-6.989124333565546,-7.316739924828095,-8.371282574560293,-7.267006354152857,-7.121328211453737,-5.578456232056453,-6.450902525530215,-7.5873959633118755,-8.046527409761572,8.0,0.0,29.289249361168217,0.9770128398601571
821,-8.6034727037148,-6.513182666033312,-6.475498209455775,-5.536396152026183,-6.835790649298614,-6.7172495651057655,-6.785354785545408,-7.047030480758862,-8.177617632199398,-5.886746753576215,-6.337190341740608,-6.799395908597728,-7.217808448671392,-6.460164512198521,-6.80347261080393,-8.912000951521888,-9.137728341903843,-8.12895899644444,-6.049230940133749,-7.484675569866773,-7.931878285209739,-6.443206897008141,-7.800622258205181,-8.761006502220523,-7.532540063384663,-7.808109369758463,-8.778202129263397,-7.779640133430499,-6.974553554418254,-7.4501740045952864,-9.250601915105577,-5.943666721784597,-7.801186254310756,-7.171415864896082,-6.453619874048753,-8.650353696722933,-6.04895421501267,-5.4655518972519985,-6.0777852506347685,-6.874193561137879,-8.828822583432803,-6.627560557997399,-7.339631882046998,-9.78084187065492,-7.136472504865906,-7.215117105246344,-6.373629067704239,-6.5655169106037095,-6.640345572428574,-8.732564997903019,8.0,0.0,31.724927692607483,0.8833871380039866
822,-8.830227451409588,-7.841846785534415,-7.575934023724203,-6.791962548541591,-6.579610387759981,-6.448545107976116,-7.07776078559583,-7.2099485519519915,-8.626485707916705,-6.166195673280393,-7.220855433165372,-6.8323324314741045,-7.185243641828385,-8.11453177378352,-6.118765894402423,-8.652416816165925,-8.32168836077914,-8.355088580405907,-6.2359675847643,-7.820203978506881,-8.830500037570154,-8.147477244382191,-9.46427138628391,-7.566323170108584,-6.793802955671982,-7.380653041307295,-7.522551599955823,-8.144117262438467,-5.8256845510699735,-7.863555441226002,-7.565330630143093,-6.815319891856867,-7.967809924944371,-6.647065638461034,-6.490240836423441,-8.909876468253529,-7.195946115721211,-6.523160112445312,-6.611308092245075,-6.2648256050908575,-9.33256640144392,-6.58100409172889,-8.635486466002703,-8.583390225055233,-7.051393875842461,-7.2651911335972965,-7.047162203999472,-7.10631633254708,-6.379888720422797,-8.718788353171181,8.0,0.0,33.71570821297503,0.9191143058280355
823,-8.774262443495068,-8.059843529376563,-6.76512616683715,-6.277928063967309,-6.137947297664967,-6.491683769969607,-8.13867008886888,-6.8157529809752475,-9.242012534102566,-6.078812831847045,-7.614573086013753,-6.546012624669785,-7.634318039449535,-7.291183470918296,-7.114070755365669,-8.131933500099901,-8.140381156346422,-8.453661571518694,-5.50922277152962,-7.5889647709913834,-7.398589068305983,-7.2517215075074555,-9.080443951004497,-8.288207439004804,-6.637609555233553,-8.549372258702563,-8.693790818957119,-7.989564047548859,-7.228813002177005,-8.69421907064293,-8.238837291662831,-7.615413330216852,-7.150008053853872,-7.287365109604827,-6.61704045435357,-8.672454581436135,-7.296930737514847,-6.134725570388811,-5.43785746296103,-6.923118023031319,-8.246439200628659,-6.776336075046082,-7.371160240356739,-9.655442317558869,-7.552092130723934,-7.432906572657439,-6.68662206606138,-6.133582961901785,-6.730887893418771,-8.024391617973139,8.0,0.0,33.418277215629,0.9267855478598624
824,-8.474593508957943,-7.416046866329141,-8.079068571816222,-5.7097682634640785,-6.630340155852995,-5.931420915775307,-7.263247175733178,-7.5868763061917495,-8.354270142696718,-5.955892973221888,-5.430054280753446,-7.365543617099803,-6.143980414220385,-7.218016604076614,-6.741840768815666,-7.7844804323386425,-9.030640174406702,-8.382709980010818,-6.958215801969252,-7.559094245140554,-8.572925277518296,-7.521002655188217,-8.322268216183163,-7.723726553289004,-6.521994230985342,-8.409333550627608,-7.523320503180329,-8.6617664966273,-7.0739486692740945,-7.661184522531561,-8.326224169404378,-7.060164898894762,-7.565045816826163,-7.194083707108689,-6.6662562647169885,-8.960452741817424,-6.382751513766071,-6.251623853780512,-6.646409220269424,-6.625612270730441,-8.197425916735334,-7.897742773244152,-8.162438222900192,-8.955352532620033,-7.380415453131539,-6.15191062366004,-6.1499114663229,-6.0741105470925945,-7.3200210147534035,-8.587573389594802,8.0,0.0,33.85773142711657,0.814903150092905
825,-8.02542844738999,-6.1572271528116165,-7.39867597333248,-5.469496063207172,-7.094986746602834,-6.449932730202157,-8.009931559802187,-7.305978247288296,-8.255237071669319,-6.383618471936731,-6.433686401681848,-6.479192681227685,-7.393001245357343,-7.6044753267829535,-6.114723812461178,-8.330891940018683,-8.469170918700474,-6.718138645940069,-6.786470094553501,-8.702740624694671,-8.244411322621993,-6.909331694686039,-8.57966801825539,-8.251490546452912,-5.7989152350011315,-9.370009035505701,-8.244992350920512,-8.018225937487236,-7.475574365611768,-7.733203369472465,-8.239505595195462,-6.860837009780524,-7.622263753378929,-6.459865163262103,-6.613124064640687,-8.48354261860461,-6.42549939601375,-6.593903392468498,-6.561924079426651,-6.3298066048736,-8.563052894317721,-7.40752876980947,-8.69553431539272,-8.793326374257331,-7.775573272017536,-6.512984634695776,-6.180740144052361,-6.191605402307579,-6.696861320955906,-8.135881596066037,8.0,0.0,33.471277279205175,0.8127333915425337
826,-8.898550373039578,-6.774473229779369,-7.693282060223134,-6.257307883439776,-7.077951471681086,-7.071966581142611,-7.389453149054571,-7.135616666663512,-8.971364793577285,-5.171862872176666,-7.17889711720719,-6.8135119187965705,-7.781840121299244,-7.477822594771836,-7.170210690605918,-8.44481067304283,-9.732395070004424,-7.274976547842476,-7.070184003534865,-7.686156723665423,-8.478671249434692,-7.531537029852762,-9.368731084094758,-9.484507577052922,-6.707044663234279,-8.4677326952046,-9.1417440792188,-7.584786753406575,-6.001028946150978,-7.842493005789839,-8.853096650843668,-7.5524402087840885,-8.279457661658297,-6.9779633228062385,-6.768030070690373,-8.497511426220921,-6.443866227829961,-6.646995129322486,-6.01562353815888,-5.963907754085128,-8.251719560216804,-7.26814873807864,-6.784923913256832,-8.20932993118305,-7.078781010169116,-7.448622544427549,-6.038177811927615,-7.170323277971278,-6.439830728369983,-7.61587771949674,8.0,0.0,34.621260082793775,0.8918437393871126
827,-8.846972594610376,-6.321205110047392,-7.845628260556229,-5.380945403262114,-6.576162727469574,-7.4077675813825365,-7.7039833409226395,-7.116582056663534,-8.18149465285822,-5.404732630089636,-6.957197985962568,-8.056754133388267,-7.164069432204302,-7.990794027044515,-6.931135955754449,-8.719412094819084,-8.25606563193844,-7.719881040143029,-6.160349558803495,-8.341181853303866,-8.053527306750093,-6.6036188082780924,-8.208581661276076,-7.650095049422439,-7.239752365999303,-8.777496434401327,-8.411858468639538,-8.26993209516924,-6.288495751784885,-7.94591741306359,-8.649597177527028,-7.338291143975989,-7.235735207839782,-7.281140792944055,-5.707766969153289,-8.335527311390374,-6.184480998664036,-6.737287083096617,-7.287131299885133,-7.065831697215315,-7.804924005346883,-7.367429637620111,-6.997366838217396,-8.707692477834826,-7.944122594946917,-6.503230302573168,-6.728015565064227,-6.306876669706228,-6.915808162588689,-7.950586390534837,8.0,0.0,31.16646275348791,0.9681992776342087
828,-8.761274568009183,-7.561449811337951,-7.06058970608904,-6.366251401387959,-6.1744988386007105,-6.977510837519376,-7.773494406899774,-6.784902044099449,-9.029674202942005,-4.834716031657561,-6.1369172915759,-7.17615976531344,-6.757748442510587,-7.582892276166618,-6.426438630394637,-8.850745596297276,-8.363040124967402,-8.01174584538972,-6.383602711852031,-7.897827707422133,-8.69395201144188,-6.7694056476421025,-8.01389293384942,-7.964826913880385,-6.945083418102633,-7.912488841306842,-7.36634541206,-8.390122514728796,-6.336672011902857,-8.359115114051933,-8.544115743072505,-7.377937384279318,-8.1789346863207,-7.440907049114809,-6.2289078768406245,-9.13789725117219,-5.222263354322816,-6.415590826335787,-6.674931717130343,-7.103219007943003,-7.741643384835792,-5.846383683038195,-7.863113023969299,-8.950311512290064,-7.6479795094995175,-7.61711235976477,-6.226336611294266,-5.962239342947024,-6.2923952957581255,-7.5841938573173975,8.0,0.0,30.799679535480234,0.9522227645238103
829,-8.81056469025845,-6.5252730946597275,-7.428530133416457,-6.349587327211729,-6.610718810533205,-6.5443176327636,-7.397191431489087,-7.158818006252949,-7.984456211451502,-5.374937694735865,-6.8357854292827565,-7.305353671155538,-7.014404069517083,-7.172224730875416,-6.720162555847936,-8.647342429303162,-8.151381918044438,-7.9667667048494675,-6.607103500170959,-7.826717350409106,-7.010832688851617,-7.124104088652406,-8.875159042578119,-8.127455761095206,-6.4817819412172435,-8.060053540261057,-8.485061440706566,-7.345956741185907,-6.478798449584514,-7.504293182200488,-7.631454687670767,-7.05225542221228,-7.9293129454462585,-7.159614446112164,-5.826748769962153,-8.73140202221293,-6.220425406643346,-6.524106057656669,-6.526138269194837,-7.126770706101835,-8.217143228007734,-6.3091870345718295,-7.721088202965542,-8.382634274912943,-7.24783531483358,-7.28080157925926,-7.13820492098383,-5.771502452619382,-6.673396361494545,-8.947714378602793,8.0,0.0,30.44894888252057,0.9408022417536792
830,-8.270145565428976,-7.538458466029861,-7.532386968128734,-6.224736628446977,-6.943076168321615,-6.243829460884636,-6.966662645768777,-6.286034680993315,-8.37497899906894,-5.034001882700989,-6.711032538476513,-6.48116450946769,-7.927946083517243,-6.898299566511616,-5.422904837249647,-8.056050046190753,-7.853942996524881,-7.836951355360416,-5.837886987883882,-6.757724347039805,-7.678385333495283,-6.148909387227143,-8.176856560245323,-7.977670905363109,-7.424263016465587,-7.660867180267255,-7.701971344534553,-8.811265495486946,-7.457258044805247,-8.353466112515692,-7.825174081312778,-7.359445968908063,-8.115443364190602,-7.222706897273342,-6.606151784765392,-8.880987706636773,-6.561517908340827,-6.313677205094515,-6.331413942898318,-6.2186940224201335,-8.669697089774047,-7.301633185675562,-7.364063667295646,-8.739572368622362,-7.8231785112473995,-6.7629655636737995,-6.231459385786453,-5.355633482481062,-6.686090899821362,-7.899765118829345,8.0,1.0,37.0408544449514,0.18608825484985161
831,-8.406467870893602,-6.514346287460632,-7.559126796187449,-6.471082392405106,-7.318715398102163,-6.081404010997918,-6.742657258153946,-6.769433938899828,-8.667479059808123,-5.861648885127042,-5.82771160215865,-6.87544628072229,-7.537721716739736,-7.238532187152554,-6.243013353506655,-9.183542000957093,-8.17563090600113,-7.835668431755123,-6.149889024831282,-8.267049158138276,-7.995930830413308,-8.001515827349275,-9.205737526422421,-8.414183134422244,-6.501937342828228,-7.706765169652078,-9.070330752831516,-8.44661514353314,-7.764715715586896,-7.763663811344199,-7.636150539936435,-7.196951979846503,-7.797258389386733,-6.547700592342336,-6.866021964683882,-8.449475027553925,-5.843525691891081,-6.032104296671431,-5.9602653242018775,-6.920023987145305,-8.553255961179682,-7.142305467510624,-7.782564792764844,-8.283485930640213,-7.068894809588219,-6.961019281451215,-5.477045779454784,-5.907056086315943,-6.176837745775403,-7.271116672886372,8.0,1.0,33.29704308425055,0.7531696233719846
832,-8.574116286843289,-7.17232814970349,-7.639369602458984,-6.199251357276069,-7.192180331033525,-6.831918260411064,-7.887869631791301,-7.013994392334549,-8.890980020743983,-6.313816693408829,-6.871814739568172,-5.968156492307772,-6.7434094851413615,-7.807899457686687,-7.106989852268052,-8.33986177120321,-8.676065233790784,-8.46363036619819,-5.6889077758465,-8.122391739655036,-7.338083712605556,-7.189340861115511,-9.437305580500205,-7.90216681122985,-7.545518487676109,-8.32595089659653,-7.397370637493441,-8.480360437552216,-6.6243571471453215,-7.969729451226006,-7.8326094098812735,-6.314869604105153,-7.610679296726101,-8.006420559086264,-6.62431716916835,-8.082220216850972,-7.115039817672594,-6.462860914688507,-5.6288012522857205,-6.699572635166068,-9.785862540690987,-7.862206472947084,-8.121704262556541,-9.164352960843999,-7.138977811096511,-6.973016083254197,-5.747008587674182,-6.431096528651056,-6.306148448270209,-8.105601339867388,8.0,1.0,35.79105632015606,0.7383006939569485
833,-8.416771251333918,-7.047150194768196,-8.180307987231341,-6.348716890703896,-5.927985046372696,-6.604584367831767,-6.657333918906175,-7.391127346246477,-8.610071447186124,-6.147389249265909,-6.65123305367821,-7.2068349514874415,-6.643035750500214,-7.344845860332016,-6.401244928310149,-8.06008315389413,-8.636247128195416,-7.08443557089053,-6.228953028957257,-8.14514308354679,-8.422273436382076,-7.475802247309761,-9.51976243441823,-8.222988837606437,-7.186755452039734,-7.339316212235205,-8.09785873436825,-7.466386445220716,-6.392044145914732,-7.864257007361639,-7.949321718164239,-6.707888360963679,-7.840130744696256,-7.6837248155192395,-6.615474528156392,-7.356477517159005,-5.51873085762436,-7.163107013980698,-6.601717458121375,-6.438244845510959,-9.095966827970052,-7.944160868847796,-7.553399490938339,-8.455324796269249,-7.903728898118426,-6.196261676792494,-6.241580383406183,-7.318145484400194,-7.016333713150254,-8.199889601100967,8.0,1.0,37.215562951782786,0.3837477707116883
834,-9.159482938766022,-7.178165056573081,-7.858088915893172,-5.782209659135991,-6.270366798147789,-6.610601423624668,-6.66794574549361,-7.928611015313443,-8.91391146849347,-6.042993181170658,-6.499861032040354,-6.279401249148595,-6.948544153030099,-6.851273216018623,-6.590407328111928,-8.699779804588124,-8.439642190755599,-7.537644210971203,-6.345387904247308,-8.110305784480442,-8.45183860744045,-6.9115921687424935,-7.720607279221475,-8.413509851371776,-6.55499551867393,-7.909878638447581,-8.144052893361016,-8.433615855855576,-7.169191052077947,-7.64676036474768,-7.544096322353465,-6.777882197761354,-7.5212256508006865,-7.464826511679105,-7.497669080047356,-8.111952771057831,-6.686877458177626,-7.59618300803217,-5.413514273627533,-6.9381255967774536,-8.802562316717887,-7.619736814721399,-7.465857803827985,-8.361826641433716,-8.174751735754796,-6.355728703663259,-5.917535450289288,-5.172272576635525,-7.3543532879922955,-8.35222894906602,8.0,1.0,34.803045524293985,0.6697711952041502
835,-8.762886759748689,-6.986826858691035,-7.347252302429485,-5.6432618907776755,-6.124820319898889,-7.038673565515749,-7.591530002079449,-7.812683063485572,-8.802474186550262,-5.155609179892381,-7.265728102676897,-6.885418096352151,-7.882166497551528,-7.292876849567545,-6.4403952168978105,-8.810293004352777,-8.070452892628378,-7.873726642407513,-5.774374783923222,-7.421316913563237,-8.379997581548215,-6.608387628801313,-8.262738121834238,-7.720943362763329,-6.174087452518256,-7.498386001019994,-7.971862021506721,-8.956751641101375,-7.163121111009344,-7.722063781374452,-8.544470829926938,-7.7192537077643575,-7.586655843766918,-8.276047987765663,-6.0424436992515425,-9.01923320867235,-5.4293346502808335,-6.918690726806442,-7.5588135760438435,-6.85697601660926,-7.709675189605453,-6.907661100052141,-7.830237880850122,-8.578796083609358,-7.943918833551443,-6.768082904257298,-7.081452995103476,-6.304195970410861,-6.72253076641212,-7.8555789609614495,8.0,1.0,41.82892290836716,0.0882624490823118
836,-8.533424889411565,-6.564454807921386,-7.900985679415319,-5.5840794653691415,-6.563600295886447,-5.952355981731485,-7.3794686095705,-6.589105812799639,-7.800127200124451,-5.390350901684401,-6.491377496509499,-7.15988204783907,-7.183427957648831,-7.446873486401017,-6.332450021484874,-8.703068436435222,-8.987993867048774,-7.915421353790258,-5.905046408413001,-8.11310868816118,-7.973148173412542,-7.741788545173747,-9.483954981093738,-8.221850439312892,-5.713313364147226,-7.47599952778983,-7.631024857651064,-8.649600119290882,-7.211886659304989,-7.708494206894262,-8.692751908997058,-6.723229765339283,-7.496800740879753,-6.522946522868392,-6.6450288517647556,-8.299010146500237,-6.547064813850352,-6.430952826941624,-5.747775065709825,-5.754311006868274,-9.010391656632855,-6.982722358094148,-7.9761695799527335,-9.165774901953936,-6.853530520522576,-7.137266111645214,-6.933400398551229,-7.033253359940372,-6.7697241354068645,-8.154260308734202,8.0,1.0,36.43225040993166,0.42130315565578835
837,-8.497997277025126,-6.511450978739555,-7.768005684937572,-6.460354836371131,-6.40528539829626,-6.160778211881934,-7.065072355819649,-7.649045334760291,-8.804766931442746,-6.231529342261555,-7.842017270111567,-7.180773991498888,-7.307198055617676,-7.171335874550053,-7.9259944598944845,-8.393895973294974,-7.872732184857268,-7.923904295040626,-6.807718076115704,-7.14172184462433,-8.016680264792278,-7.409234872816679,-8.861932040065867,-7.696412112308265,-6.138852310128205,-8.301497953560194,-7.757532954826986,-8.237086748577875,-7.198129616862054,-7.608359371232696,-7.664356401509858,-6.8415904710472235,-7.414434602020438,-8.12281283215131,-6.78091221499667,-9.11742944699572,-5.5295558651288585,-6.198278684762901,-6.698778522113084,-7.574273338590931,-8.355240991218558,-7.797550918768899,-8.115804001328497,-9.533487060289966,-8.929136823497982,-6.868361358547315,-5.386278510380007,-6.526820875254789,-7.272557168147226,-7.181161963683419,8.0,1.0,42.3511804162107,0.11659199751134652
838,-8.35196088202223,-6.8240397814888185,-7.504252785941852,-6.7332554511383425,-6.196699361721766,-6.585758749804892,-7.875252946258587,-6.473681366352595,-8.622228071214762,-5.9437813233112085,-7.010604032393705,-5.991058527410442,-7.538864004415676,-8.58074512661998,-6.750946477160003,-8.959722744876638,-8.154264727482065,-7.98143102429855,-6.842190864053121,-7.570512185334947,-7.964730141892163,-6.8638212767033595,-8.478477269277889,-7.296114905662003,-6.375114524722689,-8.259500129695837,-8.80653398596136,-7.27125005625526,-6.479842979752347,-8.253978938218646,-8.347363519234726,-6.482099246966102,-8.086826486597834,-7.547888108016308,-6.855179084323629,-8.16621778677642,-6.737662052471898,-5.50955174553443,-6.037794684984156,-6.654132527616041,-8.513384806144018,-7.138546678853206,-8.181235721510996,-9.308108461377198,-7.570930625171561,-7.887559813341812,-6.384549709018147,-5.747298447925239,-6.940664267486928,-7.685046415929391,8.0,1.0,44.56152329715186,0.017480758199430825
839,-9.43248930844517,-7.188581089283068,-7.560946735671146,-5.218211042043487,-7.3341251579725055,-6.272672624303043,-6.630711367722653,-7.5075538197469225,-7.524034748198108,-6.52854123559324,-5.659213652136543,-6.424732726810399,-7.170393590336075,-8.095993234496442,-7.084335901209199,-8.669473251660792,-7.963746142555902,-7.6578128786691995,-6.2549142527975485,-7.483672786920291,-8.706651103540388,-6.541075360386219,-8.262574174802642,-7.646586960273086,-6.836664612080376,-9.125619972833285,-7.488554788731479,-7.937401391039828,-6.5317011168985335,-7.877768068000928,-8.567012245908527,-6.640049048588591,-7.992942344200915,-7.786661334212149,-6.87712081989667,-8.539609080461943,-6.269327764556003,-6.3022051473534795,-6.655525224073871,-6.663070519610048,-8.347852953874348,-7.904784347745976,-7.578420447725052,-7.5479088099555,-7.2901708214401895,-7.058625848539037,-6.170648423942776,-5.757105768573693,-7.311973432811879,-8.015474941548346,8.0,1.0,37.63336481045499,0.2879751078108928
840,-8.784690214111988,-6.006321978911843,-7.584454456154255,-5.954365067178477,-6.5100802796336685,-6.225123015511739,-7.8564593282992785,-6.395075968718873,-8.826619185246667,-6.617124337364167,-7.298629867456769,-7.387617546910101,-7.764711099025172,-7.458237290933836,-6.186156419425999,-7.990968488879995,-8.181416360679487,-8.597664943236987,-5.770596313066615,-7.940085773057375,-7.610689433301596,-7.083082179333305,-8.509033298278322,-8.18266814796789,-5.361212836190175,-8.663337926316057,-7.2155009830199015,-7.495445873305126,-6.833151462100914,-7.828408351078997,-8.18743959112185,-7.414251782048162,-8.034883916298392,-6.9131434677785615,-7.618045446329108,-7.457852667086778,-6.6038705094228405,-6.553594966163194,-6.1462680365004525,-7.277850878930037,-7.86580145275818,-7.4762827026520915,-8.02357912804625,-9.491203175232554,-7.12562408886281,-7.290113334399819,-6.730115745867189,-6.208465111106066,-6.408082453557452,-8.446473422637904,8.0,1.0,34.93779235044623,0.6511635403770749
841,-7.657336893482248,-7.0334297761705145,-6.612051824083455,-5.333243247573153,-7.3488849981755076,-6.418843632266325,-7.027730122940237,-7.4399423754198315,-9.239005076106908,-5.847149869971585,-6.629272865983614,-5.832619373655908,-7.344800600427657,-7.287661272231015,-6.681197075024798,-8.544959315780064,-8.806407168028626,-7.18422354171457,-5.8245220944675005,-7.694032271247323,-7.747397020765575,-7.599926170868542,-8.858211080207779,-7.939239189650511,-6.035418817168727,-8.131777545660013,-8.542710587056837,-7.749986714537272,-6.5724230902942145,-8.01836941552942,-8.396824370553862,-7.556052703630787,-7.715835603075582,-8.396333370831563,-6.16971969777641,-9.119681562026743,-7.407065610481007,-5.8142243052305655,-5.775789804425943,-6.485937638336487,-7.791285803307933,-6.628287336447108,-8.279893163513565,-8.804832321725947,-7.144193152784704,-6.207157530294516,-5.48803602964737,-5.964529881195545,-5.632390238838314,-8.26568518527781,8.0,1.0,33.14250188044798,0.6902871885317797
842,-9.007600022847413,-7.134353883628459,-6.721935313877253,-6.3151226186836045,-6.793056254637383,-6.6331013130939205,-7.083912383331601,-8.243548087656368,-8.292163578822967,-5.421746731967537,-6.426854964567967,-6.675999856673624,-8.21512731716639,-7.4646671435824485,-7.589981715559455,-8.374579188431607,-7.87506370505729,-8.349308561282957,-5.72024642967554,-7.889841949251651,-8.006623837640403,-7.080223302791043,-8.716805098779943,-8.694972475372369,-6.708867225420745,-8.58272239148871,-8.014283973611258,-8.61168147970133,-6.371002110077074,-8.271205974196457,-8.232797559608702,-7.032239377463458,-8.477826983267155,-7.4691234045280055,-6.07530807496457,-8.48428545827775,-7.76688586082478,-6.492854251662581,-5.9762256905112086,-7.231933777035856,-8.712377321646878,-7.456918271829603,-6.779930849801328,-8.890717649883753,-7.165705678972669,-7.037595548644649,-5.4737491091309876,-6.052572130119008,-6.914642386960761,-8.45850484813272,8.0,1.0,39.13924101752985,0.3586422647732441
843,-9.717273277397611,-7.2097564952347435,-7.671160122702097,-6.059504979537743,-6.425412381993665,-6.4442393150755075,-6.679056558207361,-7.208195867198039,-8.87081391736012,-5.770284202895737,-6.575496678077802,-6.972891673783744,-7.424404473327756,-7.299935991115174,-7.171025329348433,-8.782057300709669,-7.4820499543141175,-8.648977835450498,-5.042423029802335,-7.73576353226896,-8.262815357985122,-7.609587529759325,-8.76123128093431,-8.057687604188366,-6.513720726825845,-8.083570512705087,-8.41790426221909,-8.373670608881378,-7.153647098708454,-9.307106346720264,-8.017419600697188,-6.245663429747868,-8.341978766426339,-6.653136482037829,-7.131609656994789,-8.198604848304136,-7.173707759912956,-6.496884133639867,-5.83615939595319,-6.407289095140198,-8.861293873286423,-7.559818617885627,-8.290352688818158,-9.63832779647959,-7.539061813089581,-8.370275919588877,-5.315212123647761,-7.547314815624089,-6.130098088754854,-8.620154601196964,8.0,1.0,44.347472018972724,0.08350097180596441
844,-8.521482401300856,-6.437870258731718,-8.316858151921581,-6.443826703964815,-6.962545639898288,-5.937071649899002,-7.4275837527282755,-7.269084170203542,-9.219272529279808,-5.602485386505824,-6.988723783004687,-7.253723144734943,-7.179141628323155,-7.168067288294945,-6.810278945757521,-8.569982425528261,-7.599057773790594,-7.459081477816311,-5.819870495180276,-7.246394523173894,-7.739240109214796,-6.685608533842718,-8.580248732124497,-6.9963789111248165,-6.680612099380484,-8.221792468484244,-8.388111744273854,-7.826934644582569,-7.429095686166498,-7.841047223648977,-8.318286333834303,-7.842658399649416,-6.837933169182269,-6.959435442408176,-7.547053246890804,-8.695298973417678,-6.159750940236898,-5.75059411295508,-6.533490549970831,-7.159300351514832,-8.783884811710795,-7.101089637104639,-7.596589119560049,-9.319057231051577,-7.469917057319232,-7.905487228303327,-5.13448402547807,-5.844649642231875,-6.075883879820929,-8.042919713569052,8.0,1.0,34.10811814184934,0.6993760893016827
845,-8.851652184697228,-5.920629389707251,-7.955282735265006,-6.010524139536816,-7.181888522180417,-6.59581272923233,-7.266061321712781,-8.796385316574264,-9.178421861152176,-5.713746319442034,-6.56162839798405,-6.683381105716534,-6.919847544788247,-6.73283412936347,-6.4468361372101795,-8.251112230414046,-7.882196767829009,-7.4187167791902935,-6.584972262144604,-8.303833523750614,-8.10520594001858,-7.0624020200579585,-8.296840259482964,-8.895590971716345,-6.674181042908776,-9.060186915167945,-8.139380514163221,-8.949969626006874,-6.35878874281943,-7.605181292101561,-7.498257432890974,-7.127070431430007,-8.328680352522444,-7.316403626828498,-6.754281053947566,-9.786579563452618,-5.995473756382636,-6.821356131955335,-7.2408033836125405,-6.091623499613031,-8.097159044128977,-7.2150486473396205,-9.344942385560936,-9.422294681944525,-6.7033535225456164,-7.573546441607164,-5.041051761389636,-6.780660502832343,-6.23182399534136,-8.398843920982346,8.0,1.0,40.91233128669175,0.2360435004274268
846,-8.044609114899814,-7.195768891509749,-7.797509475324337,-5.632927055247115,-6.863417649257044,-5.758672549655297,-7.285723029329384,-6.857270956700665,-7.949850586551496,-5.523704253701027,-6.23486810407318,-6.886736564448549,-6.3865815119361375,-7.634400381638499,-6.7437980550479155,-8.618084884349408,-7.013486808175494,-8.893428748772221,-6.200952759771217,-8.565980531655265,-7.962049046904306,-7.620485530088611,-8.816670477029309,-7.3801143564768665,-7.414900807466874,-8.013835119462438,-7.723690818381793,-7.780469670077288,-7.303017129790575,-7.7178848823193675,-8.866903838935078,-6.52752305177289,-8.446854197058483,-6.462211653005093,-6.859496957064238,-9.485009412163565,-6.069355651822335,-6.39230725226983,-5.6916892394998575,-7.617681066302172,-8.292956153128356,-7.105313838472568,-7.832690082389089,-8.211557727436352,-6.967441792291921,-6.861413139319628,-6.853286192194955,-6.474972385432305,-6.339601592851825,-7.265077270952852,8.0,1.0,34.07414828555193,0.6425679929162402
847,-8.050193610783822,-7.374128258193192,-7.405435335194621,-5.8170759030679635,-6.870972283542045,-6.723544659418938,-7.99095281213128,-6.985531844781757,-8.732542838772668,-6.724098277318552,-6.729854907948009,-6.690205843830855,-6.558224360735576,-6.718436470260192,-6.982360849822636,-7.795018562052029,-8.878773225500352,-7.92011731643928,-6.067529055062745,-7.286062257664812,-7.484445740709351,-7.632905999344771,-9.148496319678049,-7.101584749524065,-7.464319249813908,-7.536266208681542,-8.141377661935152,-8.132884436533642,-7.29517932760162,-7.577064303761631,-7.430441911828759,-7.3344643719913005,-6.87136109798719,-6.8108266597439595,-7.303258553444261,-8.63731006962153,-5.90512742610573,-6.6621746674053846,-6.688860516091857,-6.811632984823762,-8.537487839279564,-7.557292798064918,-7.334746203378762,-8.903084095950664,-6.746111471042343,-7.498278776345206,-6.524941043598956,-6.8963040525069,-6.11320929706211,-8.378672425958612,8.0,1.0,39.93983135523548,0.11857843545009157
848,-8.828875011192107,-7.129341450672991,-7.284390837734865,-5.3425475534447795,-7.447910426524046,-6.840078559421855,-7.973141182962304,-7.33484578099992,-8.166816517597882,-5.75121360046282,-5.818007228233401,-7.618005875823136,-8.498038522377303,-7.679032569911539,-7.213030476980027,-7.872890614733771,-9.137332317353689,-7.773564849884294,-5.178098109631152,-7.820657207138691,-7.605235626056355,-6.829504215095982,-8.261915404805725,-7.798878812859539,-7.16046505372994,-7.824447339367522,-7.2891654436358735,-8.292783720422486,-6.849347780900406,-7.508497378389436,-8.325479755911624,-6.512356985258254,-7.572067911772557,-7.042313999672059,-7.070707270781663,-9.058376577003438,-7.226657395794638,-6.33851831206917,-6.62403041898364,-7.90555497165884,-8.596701242452433,-6.5852268959175015,-8.56955402058384,-9.449317591307784,-6.540676629768957,-8.034678812322374,-6.300044867198536,-6.783184326077709,-6.1190130649278975,-8.802176399405974,8.0,1.0,41.99488239243569,0.1284017503505912
849,-8.741678672927662,-7.1327034511221346,-8.039846878017846,-6.550244658167781,-6.364708866309577,-6.762369733098933,-7.3180492186875545,-7.0569675904613876,-9.69712325760991,-5.218439614736073,-6.537096271849627,-8.219949675620818,-7.500059407706004,-7.882288111934145,-7.513956277559681,-8.597896001526102,-8.389999993125558,-7.184901587151195,-5.677258447876063,-7.4915118593085115,-7.9368295794955115,-6.7026651895759874,-8.510628752734357,-8.309515314662343,-6.421367962610254,-8.664963141384925,-8.715220350583438,-8.12373319047917,-7.162393948937121,-7.656790940539934,-8.143406494641377,-7.3952061721029585,-7.317757275408688,-7.375684522418187,-5.977465284070586,-7.940355697028944,-6.057719891944427,-5.741885273102071,-6.1079051637955795,-7.100083860179635,-8.283906080736795,-7.371894293182638,-7.673758601129241,-8.770535225621627,-7.148656894256089,-7.956282884840937,-5.88171984465858,-5.9550665235974725,-6.250016934935176,-7.526932728503495,8.0,1.0,42.58771230410693,0.053754552514682086
850,-9.285161187813557,-6.358970357325243,-7.999978053254152,-6.318312403310457,-5.98439050490659,-7.576328889556121,-7.192779137906016,-7.267902234021451,-8.99313314916213,-5.2814379616442455,-6.4298667352821965,-6.9481949773362,-8.555805061990235,-8.5984632641093,-6.762399294951812,-8.91768047793937,-9.132816171597153,-7.73080854161081,-7.192973377446643,-7.735092563203484,-7.729188015102567,-8.115842090320264,-9.140045448034607,-8.09244353726464,-7.179893337139604,-7.611745157026166,-7.689356775127251,-8.02671069351315,-7.494775591105858,-7.358951507519479,-8.871755281996617,-6.8254777245860945,-7.9745854053577325,-7.17024764010292,-7.661588802044118,-8.833350390687178,-6.363457203546157,-5.449468931110372,-7.037328768650648,-6.9299218196240355,-8.505287814541258,-6.804415137450608,-7.294705563983763,-8.070392006309635,-7.380527114471176,-7.089161768652145,-6.6080542768285895,-5.834931463939832,-6.85873287523595,-7.8891555311684165,8.0,1.0,37.69657815571158,0.6231933925395723
851,-8.418393881707734,-6.541090506361775,-7.887677790234113,-5.35357763018923,-6.721920800043817,-7.174923667998353,-7.096261371786399,-7.072021599401281,-10.032337490345974,-5.149683743973682,-6.704440154278309,-6.005746016684418,-7.204412474521376,-6.806110074715162,-6.3151446258099595,-7.570572822206819,-8.48958627612955,-7.941267435811221,-6.025407006860571,-6.4048268825818955,-8.390131463060134,-7.182154244151368,-8.76755226632999,-8.458902408180276,-7.154325430814633,-8.436053864074255,-7.131714122566822,-6.61831681004185,-6.800769297294282,-7.921882396668326,-8.48396431337262,-7.550143464739705,-7.721983086864376,-7.649312727711225,-6.00258477429794,-9.034944900747737,-5.700721424069553,-5.850191281524274,-6.233099666981359,-6.759959639837962,-8.779489642821064,-7.851177880351979,-7.390722637428178,-9.297347420112452,-7.082876554713088,-7.340925111743648,-5.979495560818247,-5.311491754287787,-6.278052162264407,-7.695953475916107,8.0,1.0,32.75989316773935,0.7335202801774278
852,-8.979129678801991,-7.403590239471086,-7.180960476410095,-6.257213641324623,-6.898086375550296,-6.45024229299721,-6.6155546118760915,-7.1277448385188915,-8.841395484168933,-5.2692868440499945,-6.666450373321111,-7.121245876195214,-6.59639707052688,-7.627455605802345,-6.601850450216706,-8.658432931514465,-7.656801509089749,-7.53712894868676,-6.801878579828824,-7.6500876940000095,-9.028180699381977,-7.0720239982854105,-9.37697746070109,-7.997975879665384,-7.021691184761027,-8.335335736909945,-8.017533785148844,-7.791539591110227,-6.855087624980161,-8.08999275511491,-7.192791740449812,-7.361985566359291,-8.101751395633022,-7.6201667460637035,-6.2729826406663385,-8.792435940636143,-6.332102528021928,-6.622815383373218,-6.232328986517241,-6.697945258541312,-8.364033227184247,-7.391383375243181,-7.768090411319276,-8.494683183185813,-7.402305105281248,-6.912471034769201,-6.528203294445051,-6.315590532418056,-6.4437512966856065,-7.606415643872515,8.0,1.0,35.948822720642475,0.5691811652919789
853,-9.37166713259453,-8.636809394387438,-7.129436360808043,-5.7194929243841495,-6.771437794486958,-6.731479167567533,-7.128517255565573,-7.145604912154119,-8.417001228572726,-5.991807233368039,-7.019311063401364,-6.366030952633934,-7.542411805835473,-7.370938442065423,-6.386688076362176,-8.476368111367492,-8.673982962150447,-7.394207929788702,-6.63980564242514,-7.548377168051842,-7.9262638957293525,-7.043939370207705,-8.498492319906848,-8.103876228994409,-7.27354924959517,-8.500162329658517,-7.77053600870811,-8.049117163344759,-6.459836819735023,-8.357745097158745,-7.560053798018023,-6.892167646653901,-8.117000395278573,-7.682270980395544,-7.575428323779006,-8.429507987862397,-7.310327797357936,-5.838115560149669,-6.556845852979217,-6.525712616591296,-8.581771242210255,-6.594314645878942,-7.446401234464062,-9.007839036407326,-8.627095725534874,-7.811082856293311,-5.251152738084665,-5.553849362384269,-6.948881894109077,-8.051694944518886,8.0,1.0,39.246102382268745,0.3141782733620726
854,-8.948616538073464,-6.8417160795194665,-7.5667647629495365,-6.126626626986742,-6.432101881725062,-7.354932392327462,-6.710762294051293,-7.369905400455704,-7.946976636758143,-5.525318526917644,-6.176090885261617,-7.040574859841766,-7.216330920256945,-7.430942771849099,-6.50698408665869,-7.967965649676714,-8.691485544814864,-8.341668582893853,-5.869786075579087,-7.904743243503065,-7.674152746754418,-8.284607978200011,-9.123714470298275,-8.123736247064617,-7.504985440620698,-7.3264708913869185,-7.830145167537733,-7.342004572464702,-7.008224234288571,-7.624710898502253,-8.431905428440025,-7.141924289342703,-6.977998890971648,-7.885167849265782,-6.948764888961412,-8.481031570961571,-5.8718298698900515,-5.785768209457982,-6.283190317145125,-6.601279638482387,-8.408466479106824,-6.740707051905128,-8.313555774162596,-8.178876909860943,-7.392879013443939,-7.070593739337589,-6.086747250879461,-5.785512977387882,-6.486793229186522,-8.169320515449133,8.0,1.0,35.521776298225745,0.4938422410849028
855,-8.642465327104837,-6.7423564385806865,-8.27314131199354,-5.653894068549863,-6.842456121981603,-6.924705509864474,-7.361205627622201,-6.803992650191117,-7.882409040790331,-6.109603941305113,-7.496969142647743,-7.141459925842675,-6.591376426038581,-6.841667321602143,-6.6654789526661355,-8.997297402579354,-7.705326312023696,-7.889883776444928,-6.151984968137003,-7.632548814298006,-8.57625611487659,-6.911482458154581,-8.333208615381007,-8.850799713119239,-6.573436487717676,-9.027773305165196,-7.149150764604613,-7.009043675499939,-6.377503083146815,-6.966556651330538,-8.958802109932623,-7.651104128392894,-7.115616472225422,-7.292036594913887,-6.436560406289808,-8.737847753097208,-6.6176476004349505,-6.487483988645654,-7.254951979406606,-6.5051098613309515,-8.372949953895326,-6.015873112332897,-8.212503203509433,-9.064582017294484,-6.321806842801093,-7.379278857355423,-7.077322712058644,-5.898902134896957,-7.112909810952829,-8.143215414561517,8.0,1.0,40.32777998834548,0.11054919951176859
856,-9.614208544410433,-6.47423775022822,-7.58968420092775,-5.590067983824236,-6.87334251451374,-6.797974519810859,-6.985337488089411,-7.563694077619658,-7.879697076025218,-5.030042500407853,-6.6562181481048865,-7.416362710032148,-7.54517522981604,-7.31778129410406,-6.006466272431274,-9.059194113800274,-7.959807863679457,-8.360322801511462,-6.512590485744561,-6.932612231426125,-8.302014742879587,-7.6847802324538135,-8.574063287186947,-7.7332384121211915,-6.952151609842172,-8.325180573780221,-7.305196426736881,-8.172835806164946,-6.0542908700416955,-7.404940923204056,-8.942302602574472,-7.018977976706436,-7.812027234129284,-7.679859930170626,-6.19162860421493,-8.988768313569965,-7.053874969543553,-5.843631313490819,-6.178762909540875,-6.374239738162261,-8.635478845328793,-7.260557584561478,-8.195838591401369,-8.57172012603289,-8.49880867557585,-6.477760316265427,-5.977256860698165,-5.375294526826456,-6.689806604115778,-8.036308272695006,8.0,1.0,35.83396375089982,0.5517824300496437
857,-8.163590405684593,-6.620990783092149,-7.110113935766287,-6.635849160313486,-7.388859003949542,-6.860133664966685,-7.473735127881898,-6.841757851956886,-9.079639795369978,-5.108196099107372,-6.052064715310494,-5.864884573682044,-7.563107506817061,-7.569746105197675,-6.8556744600425965,-7.851813198799132,-7.892166175618523,-8.263933655010495,-6.739121296941258,-7.542170022860646,-7.3171460851186065,-7.19815311616621,-8.65125399210687,-7.894530737657401,-6.933583937513167,-7.660504536932962,-8.006459981131572,-7.88214221540329,-6.638792442002944,-7.954989059823756,-7.827622026942007,-7.1031928161937135,-8.51000583741396,-7.251359567317805,-5.925083195883147,-7.8727816972979126,-5.9932831398773985,-6.6386193910369915,-6.115394349467035,-6.428373923691145,-8.82029299286212,-7.409630005618927,-8.150070890780782,-8.564888516025992,-7.725113669027761,-7.381553921815073,-6.4974649029919025,-6.636563829434033,-6.768929946483869,-8.119569627085555,8.0,1.0,40.26927635644589,0.08662097388778633
858,-8.659616080358578,-6.7827511582306785,-6.62565051313954,-6.170615405473221,-6.909648368426111,-6.971158489747288,-7.083152266352312,-6.619550885623231,-8.896351412680255,-5.357354482943471,-6.183974668579902,-7.059551665152576,-7.207225212032521,-7.857118748557291,-6.652476142322294,-8.50106860496194,-8.250874783568154,-7.217322367662786,-5.76947843365709,-6.779743670720654,-9.594888203480934,-7.283485207729682,-8.757093547256105,-7.589023321783901,-6.6889474603425105,-8.53618034460215,-7.670050355367965,-8.048084291522306,-6.850237525216244,-7.685989373942016,-8.432611282624828,-7.29337170186577,-7.178103793416521,-7.265062925684769,-6.816812185256214,-8.59531166179718,-6.994647905102452,-6.296283881227383,-6.462216553559064,-6.753176995877879,-8.40774727112143,-7.267835773581885,-7.667345977215732,-9.00873070477139,-8.178198777740455,-7.466149938497213,-5.387739016148238,-5.827991337598973,-6.376616751678801,-7.219706132003088,8.0,1.0,35.127116564454234,0.565283201915565
859,-8.19820461384309,-6.354427618112386,-7.803489947146568,-6.421189072083271,-6.581075866165001,-6.911508126913539,-7.109933835564225,-7.426480146018122,-8.497881200400798,-5.947390752064822,-5.968936992746872,-5.812840190369091,-7.702285127236486,-6.814688967667511,-7.191638402682165,-8.607600495591614,-8.272972145134444,-7.664297235047198,-6.372994385572866,-6.818686253250149,-8.238582397792795,-6.475685948831569,-9.316828056943365,-7.166665652817006,-6.191269370089726,-8.526643352702813,-7.899602307664216,-8.500003031277462,-7.688829080406345,-7.441796260684754,-8.760803449076588,-6.358087477246967,-6.977256107314222,-7.352925326721835,-7.015310911031671,-8.100676438048398,-6.698338867995489,-6.940226634720407,-6.295610245236796,-5.69106512113013,-9.008890079639645,-7.329046015192434,-7.957556890933921,-8.197774089576377,-8.230407006367376,-7.266792435502167,-5.4982665909555966,-6.107276913764873,-5.985799430987489,-7.970122037813314,8.0,1.0,34.01527624343877,0.6281590860543907
860,-9.759392923618886,-6.4822477823786295,-7.882606707895792,-6.31369599997802,-7.460129304167681,-6.237674474878708,-8.084241389825449,-6.2891262645086705,-8.456685466430013,-5.97528387743891,-6.1743731297304665,-7.5241093784614295,-7.520899600287636,-8.146717249648255,-7.281456496018741,-8.519505615661766,-8.272462561000307,-7.645117060286472,-6.021052699000365,-7.277766765451076,-8.05501723271033,-7.873975735670481,-9.10748750660983,-7.700669994387948,-7.1060439134737745,-8.351466628298207,-7.588620246658494,-7.820706498733539,-7.385506903589774,-8.06694847301238,-7.664304586302438,-7.147217305377338,-6.8096077723377455,-7.60057667913607,-7.046471411872213,-8.477858284772154,-5.265920047177792,-5.894104827214517,-6.317384092787684,-6.811526602728388,-7.912577215784995,-7.482568708577474,-7.139013901365106,-9.021237502265198,-7.747734541163219,-6.87127122781366,-6.354165755276296,-7.310238479422165,-6.070604273574971,-8.69261662216479,8.0,1.0,38.41198755684036,0.37059026439421405
861,-9.559792555255367,-6.807806978138156,-7.682819098639267,-5.474115119133817,-8.248548390941595,-6.013688675577093,-6.049017823011778,-6.783427620772929,-8.107866234545718,-5.484973974575617,-6.235573871402244,-6.172349581442747,-6.48945933089162,-7.242849515383994,-7.190527218409458,-9.049799403828315,-8.006557125307033,-7.018179970128755,-6.060301020182688,-7.577672859103947,-8.153300000523032,-7.63329957368142,-7.579762863918195,-8.056917928598354,-7.5831944468198085,-7.7851340707646575,-7.656070540985045,-7.7531053348456,-6.151535186696806,-7.633750110617015,-8.943856054991342,-7.746512191920292,-5.8116130630944705,-7.518341136010814,-7.018732025662688,-9.002780150104662,-6.17156956445973,-6.650503054600775,-6.81185275844304,-7.110105875475546,-7.58446272094364,-6.651038267070778,-7.683530169307633,-8.665854790490359,-7.679059691101686,-7.544962558652804,-6.220800378216426,-5.618648513337835,-5.98023968571902,-7.04949776142354,8.0,1.0,38.465327369342624,0.0919038674526429
862,-7.971387595647927,-6.284883670386899,-7.8372142560524765,-6.165432271915972,-6.680925861547073,-7.042013987085465,-7.4719443193155906,-6.230153045103249,-9.028339400826464,-5.935307448971559,-6.177049320101321,-7.737289749630867,-6.905059489038102,-7.001039337773905,-7.175562140036878,-8.61853983648845,-8.8724454090574,-7.7492273290852,-6.33234040844704,-6.657602583528968,-7.8576331143424225,-7.132157245241105,-8.540457633913869,-7.889402592021784,-7.4215174751183355,-7.2346840121112495,-7.851747020412463,-8.475903397862844,-6.374529684680202,-8.564439077063623,-8.435628870037293,-7.144250511540172,-7.7192898482118455,-7.291419162872078,-6.18135184953983,-9.431918565301864,-6.000325554563637,-6.292650002563367,-6.464132399991352,-7.040264099463876,-8.082505027313985,-6.707774087372928,-7.293909909440362,-8.49113663451382,-7.2241250603866725,-7.757870912084365,-6.858335272542436,-5.68526460489983,-6.694774171214304,-8.227169574305622,8.0,1.0,38.4927351594126,0.2259028616740869
863,-8.6681836977692,-5.886378830402769,-7.1009423009029256,-7.589755053777839,-7.595047849799238,-6.9347261465977965,-7.608814134383983,-6.441745872011404,-8.524090671198984,-5.758657659258361,-6.569078272257907,-6.969451104498908,-7.573799780720399,-7.917713508225664,-6.5570570797294785,-8.609525097685394,-8.809750405277805,-7.8710375002242925,-6.398559432634927,-7.875437757449722,-7.795366828705611,-7.5800921257043665,-7.639772688295829,-8.548914331807577,-6.056102317471521,-7.231056045825353,-7.429166029697258,-8.290754516077257,-5.682926839534617,-7.5530611447061995,-7.890416015425067,-7.188619887303683,-6.966316421380309,-7.759533485338783,-6.335608132685988,-8.684594447980853,-6.499266586413934,-6.074848689471975,-6.467445622454842,-7.017685320801268,-8.529554408688448,-6.625634138195541,-7.671383233679076,-9.389528500610659,-7.707720599066192,-6.516805219479397,-6.22645757115461,-5.878460753330249,-6.459344339087447,-8.31691553474395,8.0,1.0,39.3537528177493,0.13588223151203857
864,-9.83523517688303,-6.181329260223187,-7.141836789178416,-6.896961954458133,-6.47747181050103,-7.630313008630148,-7.972413275246462,-7.3956758875801984,-8.799043932997701,-5.791816871789648,-6.541416216970242,-6.222139017002921,-6.752154010831282,-7.424875205978897,-6.62792771480066,-7.28821732559984,-8.818866672210143,-7.302804759150115,-5.955063419275739,-8.036881602418052,-8.082803523976203,-7.749199529375826,-8.743816603670034,-7.054295588189497,-6.919486927483918,-8.683921934533782,-9.18584514901749,-8.886530835178515,-6.673038985523091,-8.77133016687154,-8.49866864667427,-7.444140326077189,-8.263935752133186,-8.19070953973525,-6.554681921551686,-8.044149288297465,-6.425218484700369,-6.921275721345534,-6.2420183471601165,-6.320715314396575,-7.205679142907362,-6.593963731792626,-7.719552786740583,-9.129094315134775,-7.124067398511426,-6.729128277411969,-6.579667020337127,-5.124366325842046,-6.337259757393336,-6.486653180936424,8.0,1.0,36.42521495830573,0.5104832634297805
865,-8.099026613217372,-6.948481488481577,-8.036224095903084,-6.398286630162743,-6.789933677522645,-6.950464815707773,-7.708647099396861,-7.202814196848603,-8.726310939407858,-5.899531176237648,-6.799170051661037,-7.148843691211084,-6.983008025702488,-7.71291486715685,-7.061993832809983,-8.86447060820262,-9.486318764337208,-8.123481824065127,-6.8122100068997895,-8.121312253459413,-7.922773347155238,-6.697135590399201,-8.69460998315009,-8.828235939870122,-6.609612855148645,-8.322273679425917,-8.002177934992764,-8.264307926091433,-7.191895009163837,-7.18252230136011,-7.656931348926113,-6.632915323261232,-6.664509796188903,-7.725393405768032,-6.792476841964427,-7.840719087780887,-6.2908098919666555,-6.576510511576878,-6.439393847750347,-6.844437155671557,-8.309914593850385,-7.4703232684121,-8.254311352571367,-8.930105971551116,-7.737720129387957,-6.901468591900162,-6.47697048204317,-6.162318288475852,-6.101481314387762,-7.739296135515424,8.0,1.0,41.729456702483546,0.12922487423327186
866,-8.67793529972966,-7.315564675016697,-7.793575013463339,-6.244374454138543,-6.633872107053658,-7.0828108939472525,-6.794961153446755,-7.049514079274519,-9.348247087586543,-5.151786984856613,-6.38180037650457,-6.365985115494758,-7.424258148857687,-7.957615481022325,-7.137580342235577,-9.293242974348932,-8.889288648006971,-7.607889404014297,-6.318846747616705,-7.526532990882753,-7.568165374063363,-7.703490662005511,-8.804292677565789,-8.638678833805598,-6.810112029537896,-8.245808231188184,-8.3490394118678,-7.746210384000635,-7.807056783537311,-8.455579647795641,-8.031600584335944,-7.530737882952965,-8.28331842569804,-7.802149616685058,-6.294242071658785,-8.103006417269148,-6.290975517894531,-6.582664648457263,-6.795521482569264,-6.9900812661136555,-8.224524575126047,-7.182589923785787,-8.260969745620752,-8.515091147078284,-7.656018140474143,-6.523108857227845,-5.836451708360945,-5.855207862637461,-6.543465745389428,-7.88747993755781,8.0,1.0,38.6991690543043,0.44546381548295505
867,-8.75492756180484,-6.523924447645224,-7.438489193648633,-5.545871610988128,-7.356346441860568,-7.392605182076523,-7.227413920768033,-7.138411534745061,-8.721389201502067,-5.34095961210659,-6.285723680788378,-6.85037250474629,-8.076070253179877,-7.0453577828548255,-7.780699085438648,-8.215472606890431,-8.42349730902297,-7.1342011867072115,-6.816714364435162,-7.460369655288134,-7.995674007266129,-7.163993931806363,-9.321987717934373,-7.574003802744091,-6.240758330997631,-7.400721530376319,-7.848353007756667,-7.563408465220994,-6.969081282664346,-7.9348248124501914,-8.629735540654274,-7.752727093548864,-8.808781633196169,-7.926730128496907,-7.774301995073744,-9.039368263978108,-6.77972245615822,-6.269441771875026,-5.071358674086769,-6.49796833719983,-10.218363852803984,-7.3035008754057085,-7.355750690356555,-8.275351232392467,-7.686780215067346,-7.260069318740404,-5.896460337998445,-6.99813979479457,-6.525775542802523,-7.8987157522278455,8.0,1.0,38.47024853780656,0.42933451799693767
868,-7.935390645983881,-6.954118663563492,-8.825054425891329,-5.765727848736969,-6.452196003065491,-6.852671102087365,-5.943925888213806,-6.369716667769319,-9.403634592251894,-5.2350288637677975,-5.95086682025337,-7.0641370756799216,-6.783907127801221,-7.162199011026277,-7.6015274869978935,-8.362557693290755,-8.138549574827831,-8.31128952940492,-7.074186331750022,-7.70937469954171,-7.91736027693208,-7.274004127298039,-8.605183144195673,-8.526220136684087,-6.668266051516202,-8.337944179101335,-7.951645635005503,-7.48567325799697,-6.539611607196983,-7.561400786381495,-8.66964759250421,-7.621947083140863,-6.833951545662608,-7.478312359663972,-7.11935492966602,-9.582831219004644,-5.767070596851913,-6.22484098659904,-6.138778348877696,-5.761888996509631,-7.873639082361833,-7.788806469176461,-8.765562928061586,-9.571341697897099,-7.486049448668799,-7.289197514963026,-5.69070043176771,-6.054981941747457,-6.139133513548662,-6.826675075074601,8.0,1.0,35.07806423128273,0.5942270646412807
869,-8.572341768383433,-6.982493508910486,-8.037313347895786,-6.2357958158809454,-6.8254825395377665,-6.697136156034461,-7.765688136022431,-7.441792753322291,-8.759184903704426,-7.003686019384486,-6.9728110558602,-6.393309133643184,-6.474440884237308,-7.962822875939268,-7.486840495603546,-7.895004775321747,-8.314935936749045,-7.799429856176906,-7.040449573300219,-7.443047094969755,-8.664723115885186,-8.01750395305757,-8.446739900746318,-7.776692934541674,-7.367036508499033,-8.1994414182138,-7.115400950511968,-8.451078150845968,-6.166438730097987,-8.286813424456849,-7.773197498386681,-6.951515100286148,-7.73634444767319,-7.148092437525199,-6.0447639615746915,-8.82608420570985,-6.9580753360756304,-6.5964679731715385,-7.467518876792145,-6.959963656613554,-8.124471208768593,-7.571002562736076,-8.27301070310758,-8.835758081952086,-7.9868069774497705,-6.628048288068259,-6.531389041339731,-6.412287682839857,-6.772887472550685,-7.3643938065886685,8.0,1.0,40.71087187312553,0.24559211585479304
870,-8.650177545603091,-6.0284459545322795,-7.8876111560036355,-5.94052066761443,-7.888116430179308,-5.586707752320682,-6.950295537289443,-6.920010386455726,-9.421939104137603,-6.762445134385719,-6.0366475845444265,-7.561541446704254,-7.906153006367507,-7.054840890913219,-6.427054354190357,-8.668728031078505,-7.832466580026103,-7.68320656759253,-5.760377906979655,-7.396359963078684,-8.300537771038632,-7.396807379666983,-8.90869460247942,-7.935375992450877,-6.285297159797691,-8.38021624398494,-8.615118455093981,-8.622788826460628,-7.383476031898684,-7.442723009099512,-8.66907015675206,-6.17267197597954,-8.061684980765584,-7.848821487516765,-7.4546644387193854,-8.570857694918251,-5.5278383900206265,-6.308953703277572,-6.38089733134244,-6.264365311103011,-9.113994519422,-7.36631860574307,-7.796226576147848,-8.59636082027196,-7.760684849542606,-6.925453461268129,-6.522007028677835,-5.966414965513199,-5.729499804817737,-7.077434258181598,8.0,1.0,34.06644439174377,0.7853530490811851
871,-8.884511592061854,-7.241697339748469,-7.870822320578521,-5.7730753648747095,-7.696842863748014,-7.35881441536109,-7.375215659636424,-6.642177361016729,-8.617620004388055,-5.734169687436107,-6.182366452429042,-7.4351860292629,-7.028902999542891,-6.741981202806829,-7.346051517387979,-8.625481746319883,-8.50520695721251,-7.93916867497766,-6.615632605313802,-8.623389488672487,-8.646719127300697,-7.526494687794092,-9.12834097370519,-8.248049982275958,-6.571766274730366,-7.65596714423989,-7.642487725703478,-8.191926193435869,-6.697470802337299,-7.059976509478282,-8.750223625876057,-7.597625999463405,-7.685685916846535,-6.795163893603875,-6.558756604194725,-7.915482401840221,-6.190850223233691,-6.299752385477269,-5.7212177921789875,-7.091743452593967,-8.033304385519944,-6.325421280790358,-8.427838072792609,-9.051309593509151,-7.776012490771443,-6.675463199306319,-5.691062771488188,-6.70182616198731,-6.970726338191762,-7.808179822115942,8.0,1.0,39.16775930045874,0.28748401724130485
872,-8.037638794864534,-6.716318765099726,-6.712016303194769,-6.10108521656625,-6.259325068004354,-6.490090907013968,-6.8549112576831455,-6.742632504261455,-8.45114658098803,-5.142322711808135,-7.207385069087477,-7.228268856797004,-7.184760803081158,-7.2589204978690525,-7.0323338353111575,-7.650544107214028,-7.617590327479956,-7.209653692943452,-6.715721321374966,-7.359793167854018,-7.94083090476978,-7.174423704027019,-9.17029184287618,-7.894001152701514,-6.9075180070476625,-7.341669118636616,-8.151105283665755,-7.999517367459515,-6.768121311926114,-7.769973653995675,-8.524749746752386,-7.23428377739708,-7.277887348248829,-7.512672537514383,-6.509819718321191,-8.2656528130038,-6.847540091123439,-6.6980978641738,-6.356249340874976,-7.260180183641143,-7.821742533392564,-7.427926801318552,-7.4361344273789385,-8.379138618251764,-7.950369701826489,-6.654947063004933,-6.368089207648623,-5.575364347183326,-6.169776929008944,-7.81249419064223,8.0,1.0,32.34145193408333,0.7031424881904685
873,-9.137803565703397,-7.101072957209951,-7.615881848182204,-6.394417357416656,-7.476718923880138,-7.709448931197295,-6.930226267702673,-6.561106900168147,-8.587634517331344,-6.0230399315748295,-6.355085687480487,-7.529233782084103,-6.740936392355969,-8.173951738589906,-6.953472759062533,-9.094527079472027,-7.654438593395485,-7.345156445563228,-6.147401269210702,-7.693338378348557,-8.207698998001993,-6.841442363918917,-8.929184327300495,-8.050766351726846,-7.43702689822455,-8.85312494355946,-8.294245872602435,-9.076782571348954,-6.896954213981262,-7.301515036328719,-8.687244898954692,-6.4391861574104325,-8.051444511820637,-7.628506526655135,-5.722969042532506,-8.494586297125249,-6.057436293595407,-6.264304044886973,-5.725237214108136,-5.652403380625219,-7.454817429433938,-7.5585827614594,-7.852646900132384,-9.309947142891527,-6.896692252532291,-8.480141268467383,-6.521990615711892,-6.223058901038565,-6.009187525103612,-8.222206429651074,8.0,1.0,37.19557501210027,0.5371781761499826
874,-8.918479280057504,-7.492085445785504,-6.553708666442815,-5.921884783224204,-7.249834936539438,-5.966552641331216,-7.107325190614599,-6.824952654065783,-7.9861226418223,-5.797926184149474,-6.645845398901954,-6.7043940990533315,-7.110193244980887,-7.4634141585241744,-6.576177029089541,-7.697867347493129,-8.89969029552865,-8.623361602044447,-6.919631638738497,-7.275295330969973,-8.445142794446616,-6.838343341050192,-8.830880056572012,-8.139673649443937,-7.747051674642026,-8.174147719673991,-8.67230558578784,-7.968105202809406,-7.274103100924879,-7.602019753827965,-9.303669679243399,-6.957890546512967,-7.222315771225803,-6.6064100968312855,-6.509224556237098,-8.120307678816012,-5.67086796512929,-6.750576109209613,-6.074921509754498,-7.458628258761927,-8.342766902654471,-7.388121909420404,-8.013841070374584,-8.205781564655128,-7.746591754555884,-7.557198553327493,-6.988818269469286,-6.199807100982537,-6.609027804831906,-7.729494850413897,8.0,1.0,37.32523054519713,0.43351463002015644
875,-8.280423181899058,-7.1739096240161375,-7.724654015625288,-5.99467665372216,-6.454426079146734,-7.044262108712172,-7.43171722353301,-6.339203035713932,-8.374182627884588,-5.670978087273117,-6.268218275250408,-6.827602936922062,-7.208788158279522,-7.90770611464096,-6.209514713705205,-8.149418816577024,-7.61766667841939,-8.963962252891836,-6.240395684907006,-7.664130581113419,-7.81756373748685,-7.260149751374927,-8.60649623697176,-7.461758380706414,-8.127296347260092,-8.203402757218393,-8.204180973377879,-8.455822538318273,-6.549509753209965,-7.764982893684173,-8.045926513088055,-7.0282189696411255,-8.220424518500316,-6.947185992813956,-7.0233110652051,-7.854857415110685,-5.938590624836997,-6.342929936290723,-4.711765177446916,-5.857126586385942,-7.992011539661408,-6.092652733617601,-8.038230407223722,-9.100476736546836,-7.849602300947915,-5.964035005262799,-5.819248840404642,-6.451120328579003,-7.0700289175534765,-8.217634359499968,8.0,1.0,35.07559095105417,0.45538539165205355
876,-8.985940418487301,-7.052983467051449,-7.351209355890111,-6.667497512594092,-6.850925589663518,-6.366492293481654,-6.882895757357173,-7.099592969134076,-7.776441724175329,-5.739728391941646,-6.699614297279459,-6.920128154446833,-6.449476068442532,-7.154155523253749,-6.771500980683205,-8.787301872639523,-8.355125436741435,-8.387649350856227,-6.26937243465234,-7.96808368791266,-8.84873752586019,-7.518146796753904,-8.554749957214163,-7.742540568108085,-7.16197097268371,-8.311513609313565,-7.487947355721652,-8.65310545665418,-6.746434028533968,-7.885831605623841,-8.174435735138909,-6.918408270401106,-7.674137753458408,-7.192357715707755,-7.187084396642851,-9.2517166385984,-6.464297463978043,-6.517613280288009,-5.680351940968282,-5.795390850104171,-9.022011464851486,-7.359574824888463,-7.413797918295404,-9.412166958400565,-7.377019610873123,-6.858814817638886,-6.22841292804175,-6.026933525937433,-6.576272005937245,-8.334827103209816,8.0,1.0,35.54872378128828,0.6687159164029378
877,-7.922948353754125,-6.168168981618682,-8.153360029819861,-5.905625607229892,-7.006051989679342,-7.220072306994663,-8.011084711536862,-6.864240321599957,-8.711987421287446,-5.742592071961638,-5.400164036860185,-7.3227267753371885,-7.522404285395749,-7.644851850321554,-7.012941679725397,-9.099031037979717,-8.306233127922017,-8.093926362890336,-5.4819111384178445,-7.780826298740352,-9.144766727141597,-7.125018267179473,-9.368128609106602,-7.679426684860347,-7.0873698566940835,-8.195744210078097,-8.185236066306672,-7.544271219541202,-6.660494813909134,-7.782198553878977,-8.882513023700733,-5.898743894746606,-7.77555046489199,-6.520938745606387,-6.207451850489907,-8.507044166427512,-7.0644980559764,-6.843943979226491,-6.586581699132364,-6.439446779845815,-9.632514590679325,-7.463374528256311,-7.813012938615101,-8.729222854455257,-7.455787202294373,-6.407680606300769,-6.51369322430971,-5.963846024270304,-6.996934685722043,-7.445553214095577,8.0,1.0,36.2552012936738,0.6076171769392524
878,-8.505374113235634,-6.068625968700417,-7.265098362427752,-5.839457481693861,-7.504572449204578,-6.940280438016116,-8.374145276281755,-7.313162786968303,-8.284740466926381,-5.611501337365883,-5.570399453866614,-7.701139003127465,-8.433142897892113,-7.3282833793612765,-7.198965563182829,-8.329505727464497,-9.325673003498329,-7.5409300085558435,-6.857822282277902,-7.144203617287609,-9.017427525918052,-8.071186213987461,-8.410954215863253,-8.080279499549766,-7.001728301071955,-7.04168278273471,-7.585339093733891,-8.436721282885195,-7.296712243389307,-8.074573558841834,-8.258395669410922,-7.133257209380396,-7.431457810926891,-7.271198621824124,-6.385033012486057,-8.254130908259238,-6.333104661013013,-6.439845805782078,-5.4881684814168885,-5.8715293439551415,-7.763349550362898,-6.903884377703683,-7.813828631634616,-8.65874488507671,-9.011048122007246,-7.093564765830557,-6.933350921501553,-6.241261397349005,-6.916920701870435,-8.095683677358469,8.0,1.0,35.93791031689298,0.6616583710913164
879,-8.824980911859592,-6.59991794199032,-7.804389380721729,-6.706505827374565,-7.039987056939238,-7.281473685941476,-7.796934575095087,-6.618135247283674,-8.827856414683515,-4.320791356577085,-6.044225982516294,-6.921895369268783,-7.337427244449424,-7.498392120322312,-7.239880083987762,-7.737805272787173,-8.639034626727845,-8.62541826420946,-5.9642008872711045,-7.79692451299296,-7.969414412295003,-6.900053614975744,-9.049323529074837,-7.25722884949079,-6.726099724276439,-7.744061512024977,-8.344561189875822,-8.898905373566654,-6.697212027442999,-8.036924020065351,-8.686276906834545,-6.419056579762298,-7.4353837594635275,-6.810776547569619,-5.9636729449727905,-9.245768745613479,-6.059531310235069,-6.581840756326689,-6.414120862526452,-6.76652202355516,-8.593049588622003,-6.456369122973144,-7.191333773499831,-9.262717524191745,-6.656571984375873,-6.368560700238642,-7.044445216689018,-6.934864428401326,-5.782145552509055,-7.538335343942656,8.0,1.0,35.13159178513758,0.5862303264541301
880,-9.541251891200176,-6.341465699222013,-6.849925101628656,-5.7688144246801745,-6.9392736612122015,-6.616825482364241,-7.0138014931193995,-7.55712440210238,-7.993325804776183,-6.167881368935164,-6.580846189686585,-6.4896765518747594,-7.45227934288892,-8.63599149208869,-6.672126903129733,-8.992223918249415,-7.445253856222671,-7.671808368978188,-6.293077289593147,-7.876986414987559,-8.60163311235378,-7.8511367554142435,-8.075845224940009,-7.683630512387488,-6.482494170658167,-7.849598147737618,-8.09643878190888,-7.844116060899226,-6.909776412256572,-7.744633228931917,-7.597020897631872,-7.112607192290034,-8.190481405584585,-6.927642335916759,-6.886038582436294,-7.976169679973583,-6.483370934642504,-6.101760231776843,-5.866115439119456,-6.736207225847583,-8.612385519361085,-7.525280166970683,-7.398139822512477,-8.902713141384245,-6.9834072038140915,-6.704826204629349,-6.042323491790514,-6.020498102445214,-6.950468596833135,-8.740006747593494,8.0,1.0,33.92549056246776,0.7139487162237128
881,-9.082928715212331,-7.342810064274593,-7.763453629395074,-7.26269344973368,-7.4488699429868355,-7.060134821175331,-7.508730865010897,-6.671293154364786,-8.788528750014084,-4.993004519994246,-6.14854968916877,-7.515372883483876,-7.525430623342966,-6.817523080898138,-7.715119388912302,-7.821769090202609,-7.960132516261709,-7.714074860525416,-6.283626736800674,-7.463952004734159,-8.257698596717153,-7.602080306618363,-8.355122660953205,-8.185319107112372,-6.640482701404773,-9.034569257750752,-8.432878276969783,-8.101752974631362,-6.899455864451033,-7.522961079531932,-8.38992627626666,-7.173063777203174,-8.007562969874847,-7.796019515004861,-7.832970633972911,-8.328224692543381,-5.966907930109466,-6.714357608724374,-6.6911476007957535,-7.286209573809835,-8.747429960862052,-7.065548198349094,-8.425667065631734,-8.824324014859336,-7.076085887745344,-6.87983769856441,-4.993525493018488,-5.507708550987773,-6.2302065056461355,-8.623308981722039,8.0,1.0,40.620318119575295,0.25420867172297046
882,-8.817359800701288,-6.389078288884989,-7.2229680681557085,-5.638237529009894,-6.1923058208894775,-6.987080029465635,-7.288402670983649,-7.241657068255859,-9.112809025807433,-6.0135242034135405,-6.139533666346887,-6.5694502358454905,-7.92444353980376,-7.3656089438737125,-6.817651862573066,-9.024761203016194,-8.6866130570607,-8.135985216595765,-6.465514736934757,-7.272665445287151,-8.458580088022142,-6.846362702410209,-9.438590721219823,-8.154935186873317,-7.143439014635903,-7.67251746231203,-7.930436687283504,-7.964948408020322,-6.18694427567015,-9.090980754439101,-7.560419613257737,-6.91992802848281,-7.215835239883413,-7.150836660458703,-7.01402837024687,-9.12624561170423,-6.467510552150389,-5.737590045295024,-6.721131055384053,-6.7664895717190126,-8.059103147688516,-6.278885689903412,-7.776091367985864,-9.006958827138696,-7.253477613822881,-6.805376081334548,-6.52902309113099,-6.3399646790305315,-6.61710006520409,-7.530059483858582,8.0,1.0,38.93816048352979,0.2306217537125976
883,-9.491227294452546,-7.848089724174063,-7.479197785794012,-6.640514759344743,-7.233091646514687,-6.844358654941881,-7.782063015931624,-6.288523612353224,-7.655104560724056,-5.565868288594325,-6.192515636172422,-7.041480432335455,-7.738890293686259,-7.334422322271856,-6.171908737922824,-8.323663432717495,-7.997115372244687,-8.39154061962267,-6.4183494121874,-6.936290484220052,-8.738155624247707,-7.791169499540768,-7.726979138906824,-8.005922312662785,-7.094990314408856,-8.136941814337623,-8.32277002431774,-7.457484173218577,-5.945042498460261,-6.726525851275997,-8.317144650332226,-6.3077985193960044,-6.935035905519951,-7.158316718203695,-7.7917570638688,-8.975435326139557,-5.477162459730176,-6.0772349756437665,-5.557784949664978,-6.581355858153158,-7.7434457667276675,-7.327658036528146,-7.9337461800967874,-9.080804607850297,-7.474366569665741,-6.265201940881201,-5.9492856559620755,-6.7940804667336145,-6.006580591337127,-8.033298314130848,8.0,1.0,38.044797860872826,0.17097668676162758
884,-8.374110005134238,-6.316346530887733,-7.489657911028086,-6.104346209077732,-7.529257733294068,-5.939711357585918,-7.346584952740012,-8.00593036449014,-7.880899714277149,-5.5442018460371285,-5.8489991719669225,-7.457930211225893,-6.866076275403452,-6.890588889885787,-7.077078640648828,-7.861856887783957,-8.102874105833905,-7.0199688327160406,-6.270796129008663,-7.836027205732757,-8.266716663865378,-7.736494569144977,-8.627765967000267,-8.086997578886718,-6.789867600579339,-9.458007317018707,-7.636198653761627,-7.3259933927929906,-7.723466940755341,-7.512868928639605,-8.764492756705794,-7.429926566367584,-8.305724568839645,-7.436206013359418,-7.215610788324383,-8.327072114677952,-5.926906162695796,-6.714063512821281,-6.294382056749354,-6.59823815409069,-8.245228742285404,-7.670635475948005,-7.547713803201277,-9.32515411254432,-6.719051765363576,-7.289532186023798,-6.147327450621571,-5.925686698490204,-7.476158233184085,-8.00218464101271,8.0,1.0,37.728821046847784,0.36644977297447207
885,-9.212286250049859,-6.425375190843424,-7.899985745274965,-5.85356325036574,-6.647311741303175,-6.761617482660421,-6.558717732943167,-6.706659991320748,-8.738633211447793,-5.3495038964908295,-6.243254965202851,-7.252567723473166,-6.552485678186727,-7.873756850852249,-6.803369974815696,-8.177820521590125,-8.220100639562753,-9.188927020329906,-6.381686208420911,-7.265002437758217,-7.524400277946917,-6.570261740718981,-8.503804840079844,-7.896454412907417,-6.495953128851594,-7.898110782942861,-8.188413497375715,-8.65918017185413,-6.639352684594737,-7.922932047701961,-8.637257222016446,-6.757770267545607,-7.326336833247883,-6.449774510865661,-6.887422589415899,-7.729246200994781,-5.264404882214919,-6.922161638196863,-6.213188830597554,-6.496409319601752,-7.857817430435916,-7.722635519636827,-7.574662866887029,-8.713660667224305,-6.842953954875956,-7.15055184170726,-6.759620769336169,-5.648126896912976,-6.768670350537851,-8.356556042938744,8.0,1.0,37.79896644877762,0.18038804328966754
886,-8.681467639122467,-6.42200149250079,-7.669736246832027,-6.0742957952631365,-6.8239824212961,-7.150117407024342,-6.971700938059147,-7.7523470419333815,-8.771061881456085,-5.85113170279238,-6.036046007682313,-7.0791286585165984,-7.146804751814894,-8.382354857737242,-7.509073025600078,-8.632288045143763,-8.479317942788528,-7.355601187183597,-7.069822280159897,-7.147107857181519,-8.161048756783199,-7.486564931317391,-8.061336613938288,-7.657482956746877,-6.515245561589316,-8.60357718612499,-8.342057025383005,-8.283792108705242,-7.157882335480121,-8.180823645143077,-7.9347469512992905,-7.349328814679263,-7.24455803418147,-6.9108863238805185,-5.991859444220828,-7.412934181514817,-6.289059298166635,-6.531139454110835,-6.381389806863061,-6.734919583446535,-9.04528039942203,-5.931559487990767,-8.492872637855701,-8.398184133290485,-8.228260503996797,-7.685796023050817,-6.538032116476188,-6.764642393290857,-6.329470605539503,-7.641596829335856,8.0,1.0,38.88736082159013,0.281741864251814
887,-7.928404346107459,-7.250398027881252,-7.640921398671374,-6.4145083909122045,-6.719516093435965,-6.533823025154709,-7.5765907543997795,-7.528417141387784,-8.8003290674093,-5.497908145604236,-6.048805705129018,-5.94111067643987,-6.83035837661555,-7.822994431830019,-7.109877369092886,-9.76990510538932,-9.58370137692759,-7.092854967664848,-6.538586237283012,-6.878016907337696,-8.496234613108495,-7.4086908341105655,-8.744294949269253,-8.364643531183944,-6.447664347536495,-8.121913203693106,-7.826700050288623,-7.88309577421062,-6.754534991336589,-7.6594015535756155,-7.238009653233053,-6.9035945674747055,-8.371410518790091,-6.535935540407184,-6.497651776208795,-7.945761009128761,-6.703425920407751,-6.939484159852064,-5.845453447828059,-6.592466320749698,-8.151076109058874,-6.446538511182316,-8.099995856112342,-8.676892343694812,-8.106882939407544,-7.248499629666808,-6.20990543968687,-6.66253808096921,-6.840718896655796,-7.7173649918628815,8.0,1.0,36.202641808926515,0.4939601247741993
888,-8.87002007386953,-6.068616012693054,-7.7026548957580205,-6.680462273409586,-7.164255115702515,-7.376415308310641,-7.53693408724898,-6.970738175384392,-7.919489662944674,-5.527833375118291,-6.111444211915939,-7.1903252048322335,-7.212259946675609,-7.659733780032937,-6.769603283830495,-8.447069591015557,-8.880253211206309,-8.232444983012826,-6.124908273992794,-7.511808185094836,-7.98276603774258,-7.773212222804758,-9.411394614040141,-7.752558304301994,-6.491497260708395,-9.103676252468558,-8.477746405383524,-8.330933971558615,-7.882280626304702,-8.07675399123849,-6.60672928932528,-6.9540130906261854,-7.3476996012420495,-6.7465928336000855,-6.8985019494389155,-8.401961279350594,-6.156061583556473,-6.50136496898843,-6.055507094250545,-6.92161474038265,-9.384505189933465,-7.0044587610462195,-7.9522470300363475,-8.898740567227174,-7.434709963365324,-6.949332736806658,-6.208680005500743,-6.1221792481899575,-6.013449130341667,-8.01411976390334,8.0,1.0,37.409417298213384,0.4862188162178548
889,-9.494452776183795,-6.738927682658658,-7.466470429789357,-5.639050870680266,-6.943799958899013,-6.446103747300427,-7.894400432534372,-7.5110930520208825,-8.438571715237826,-6.274792980231357,-6.797414069249629,-6.522038022926592,-6.4580794495446545,-7.378313616323597,-6.651407543399006,-8.430566006608302,-8.572712329271514,-8.026346613514882,-5.438540727376464,-7.753203347644554,-8.797975889784366,-7.014668197520294,-8.127226590789167,-7.8604502752865795,-6.164119431588951,-7.742687843419907,-8.900740780968698,-8.083140018397192,-7.165571712547285,-7.2057070661905165,-7.439306244655681,-7.298304115322356,-7.492768343544805,-7.588392793140146,-6.120766909565102,-7.867820866782875,-6.9680111393604225,-6.21447448625397,-6.589711256925486,-6.706119926178046,-8.242894036578532,-7.925006000474067,-8.219230940094208,-9.351318099366747,-7.3704551726407095,-7.483491111074416,-6.528503577818758,-5.51471219330939,-6.696420067528552,-8.636998034030265,8.0,1.0,37.87076256050979,0.36478382244451624
890,-8.761788642267863,-6.701359729419744,-7.569897954578685,-6.189718598618598,-6.8455060625516975,-7.150434303935493,-7.47259502686571,-7.359244333900508,-7.910775870978717,-5.192255912078755,-6.175934658538973,-7.046873906910163,-6.616755823849101,-7.592374902229365,-6.384901198357252,-7.541765908102227,-8.337895780134044,-9.595873321331961,-6.310561283923992,-7.601357498194817,-8.56489360264916,-8.178400107931804,-8.44974302980646,-8.226078465665642,-6.334667363463851,-8.305503142819077,-8.166390169869437,-8.303717100520181,-7.43050487610578,-8.24705308743036,-7.582380274471483,-6.223222105784398,-7.866537340439904,-7.840468015053239,-7.035886837290811,-7.147505065120957,-6.4108741306525365,-6.491852042539719,-7.306781478699776,-6.9102822865100295,-8.827275672131684,-7.513264652153299,-7.813471726581217,-9.310348108314617,-8.449713691945407,-7.542542048157387,-5.469363726385467,-5.810927410130769,-7.80985825427648,-8.040933238503124,8.0,1.0,45.403772236490795,0.025719064569536612
891,-8.523658231586817,-5.588213245793517,-7.993985982133998,-5.754961936689632,-6.9618897820426975,-6.729350085403627,-6.9549151528748645,-7.279915304869075,-8.396028500503927,-5.837231766724891,-6.769646073033148,-7.2386536629855325,-6.86693625940134,-7.602903428247755,-6.317547647456157,-8.76181526431454,-9.391739751427846,-8.518546495100306,-5.597602616953518,-7.7690317953594885,-7.757467833897359,-7.341833566653428,-8.941640341575523,-7.13114853530978,-7.838615825123187,-8.972562627486282,-8.389154612744038,-8.115186395622422,-7.169506204278405,-8.3107037080049,-8.295754028492432,-6.3768481173374925,-6.945214414292323,-7.128657649868512,-6.783688221514226,-8.707874634275004,-5.824347647621062,-6.300324784661037,-6.27167254776531,-5.797498388300308,-8.753414057599892,-7.430643317635764,-8.058622838213257,-8.469432181655275,-7.343598799202158,-7.2527235838315125,-6.274935557780568,-5.81266151765612,-7.418464023226027,-7.828578227192983,8.0,1.0,41.835097498253305,0.07829830508736856
892,-8.793605042014214,-6.623713244306762,-7.97842042406002,-6.023331260437729,-7.018298195791979,-7.421159110832279,-8.18444929023417,-7.635370856995305,-8.01986689299119,-5.68683494895935,-6.377723610981808,-6.907444303800768,-6.374105350273243,-7.575602667361716,-6.309414032727855,-8.888625751386542,-7.7147086807582195,-8.10861251557549,-6.774156147433046,-8.206475290215955,-8.090070835750513,-7.824614139768636,-8.309919501267943,-7.442542051995137,-6.631207929266376,-8.646250091110053,-7.894964582047548,-7.9413358685351865,-6.936370399753024,-7.219864597062604,-7.928842686716108,-6.997359793788059,-8.123947315214414,-7.68311815970821,-6.2117819340675045,-8.689978516903166,-6.5058879725366765,-6.020475445561098,-6.146377576446306,-6.85348027857735,-9.167370644087722,-6.61328777245575,-8.148534753474541,-8.128316284589987,-6.706403467616889,-7.992452078787543,-5.480852252708653,-6.091056973534521,-7.035792240624605,-8.291396844835266,8.0,1.0,34.57316452952657,0.7368164798628224
893,-10.101870470937852,-6.744718032226338,-8.453440372737662,-5.932929011581936,-7.180644859875221,-6.61901199931042,-7.477565397501057,-7.837027310354302,-8.297222682224941,-5.971421324785844,-6.506337290434165,-7.317736732908209,-6.702103909931967,-7.177761887517865,-7.150650847256684,-8.680538986832207,-8.30474700751648,-8.212676566268707,-6.221931340520837,-8.570309399536333,-8.07004785991347,-7.968817071182446,-8.654123019084599,-8.484177083954702,-7.561434763942908,-8.115577298487757,-8.017385593103207,-8.678983670702221,-7.117223124756996,-7.770980171274798,-7.2839074490934586,-6.140860833395449,-7.54386120733389,-7.7477014176548415,-6.254820114875663,-8.848699550855455,-6.982404702919131,-6.501898730551613,-6.6608428358898895,-7.390499436959095,-9.059772514379626,-8.685979396185195,-7.485051781184299,-9.601660245774728,-7.093132874355366,-7.336735713254103,-6.99493726139274,-7.253582513694816,-6.6580048598308625,-7.506126533052809,8.0,1.0,38.03632296742329,0.7566095275169716
894,-9.131106296455172,-6.727077421460166,-8.3688355456676,-5.966727600925628,-6.94070391452702,-6.5983637753088304,-7.1410896351385285,-7.730981515499645,-9.306652232616251,-5.181484891469591,-6.8567247198490495,-7.344489685834488,-7.779416652997814,-7.528048816598619,-7.0271753939022625,-8.092644710537115,-8.255611840645601,-7.585409947340405,-6.462020060284212,-7.552361215285548,-8.169689124438689,-7.415051781221575,-8.706561631147943,-7.704732726456962,-6.533876389231666,-8.092404092179471,-7.787897153677301,-7.866823604599599,-6.461055515588622,-7.711840469957675,-8.363949508705286,-6.092656241383256,-7.720574823902411,-6.9131531268309345,-5.792859335543019,-9.69833238467337,-5.3451554116976014,-5.69406133172767,-6.042513720664064,-7.176685086140795,-8.054627171036447,-7.084944485155484,-7.987899088879533,-7.636257812086088,-7.213937690073247,-6.127157271096413,-6.271603590854238,-6.383025430319258,-7.245689814757688,-7.219773343008423,8.0,1.0,34.35262285576026,0.6143278172788487
895,-9.519452906461849,-6.652825443064158,-7.891968195047616,-6.879084316021427,-7.844959502235846,-7.132557382757803,-6.9175431479612515,-7.082378995804087,-8.91966833379044,-5.00442575591841,-6.361386375997931,-6.835485512812542,-7.266191140326044,-7.816034674400715,-7.239030651240341,-8.36761351897188,-9.689455672863383,-7.4301949613049345,-6.28686474483145,-8.051553175446474,-7.962234220395934,-8.327881172597621,-9.643586109990808,-8.434098312417076,-6.072955102509355,-7.493435791518899,-8.04755897249242,-7.763404210542361,-6.567605740475035,-7.401990012696173,-8.158183391432262,-6.721427613244764,-6.942281768162125,-7.442566094226854,-6.826016372242995,-8.246824677691269,-6.1824118490766935,-7.463074349033707,-6.456443753090921,-6.888302632213038,-8.982325256029856,-7.170785120682289,-8.479780146689771,-8.532568725517224,-7.2935150581033374,-7.428284553099136,-6.638537408699366,-5.695282430996737,-7.059233722480002,-8.07467145386711,8.0,1.0,36.575254441601686,0.7267528254450855
896,-8.974366627638446,-7.508048887843611,-8.280494548067455,-6.598508698622845,-7.310271842810122,-6.643799267925074,-7.084699022606542,-6.724568369615591,-8.336686986164533,-5.353392384865636,-5.445176823044262,-6.549449893593301,-8.077096588481938,-7.860627563490006,-6.553026420947532,-8.120628027931854,-8.2176138268553,-8.065492426539743,-6.893898467375598,-6.833957613681812,-7.834603150752401,-7.415747140040264,-8.337246260453606,-7.693870997212866,-6.034302987147508,-7.945978906596263,-8.684180180747887,-6.790584459058108,-6.646049644238285,-7.349771101577749,-8.676708798675477,-8.213071715506556,-6.479276785212797,-7.5054717593066815,-6.922044359320752,-8.562590420188837,-6.120364939738203,-6.412592498383769,-6.329549273739413,-7.370153490483066,-8.69950187808002,-6.688411875298454,-7.369820951202848,-7.599047500621981,-7.002230038539285,-7.5850462655505275,-6.061041250623298,-5.463430145825414,-6.088340221794901,-8.238798693188299,8.0,1.0,36.93055532787152,0.27240419040014546
897,-9.139848456060356,-6.346316381779326,-7.701617618416532,-5.217633433006196,-6.657996868930848,-8.029102435350028,-7.477504569725466,-6.71980695274523,-8.356191709431398,-5.668901916728398,-6.671017974307737,-6.949186728542729,-7.8707511407679185,-7.393764028906919,-6.692753587782848,-9.259510974022545,-8.645836233906543,-7.527483370978375,-6.377810608474554,-7.044674455167387,-6.904223629050426,-7.486776574705752,-8.513220454711755,-8.088915579868921,-6.544449937402702,-7.920249180752307,-7.114964400136947,-7.359502708226091,-7.292818455612613,-7.48509593383065,-8.05883612540251,-6.661072298361635,-7.862134212281018,-6.596983399709595,-6.8305094384712035,-8.331058114345772,-6.161554470312118,-6.786372679979724,-6.159104697510915,-6.679370761074827,-8.690637438612226,-7.446975633360232,-8.102860201637846,-8.649944629798394,-7.98008774405175,-6.744281283988107,-6.202878703454916,-5.60734048751855,-6.4133240607809645,-8.751382373840865,8.0,1.0,33.8577475446981,0.7044156473324142
898,-9.038835751967277,-6.711498199878835,-6.8516670927241,-6.52295807088964,-5.8640461706779945,-6.358065688120659,-7.964912921567907,-6.625740529612019,-8.412649596570901,-5.697299313703073,-6.207810059204339,-7.15912699817694,-7.876406580922793,-7.549454575959726,-7.317697419873727,-8.895831826373232,-8.68735444914182,-7.858770220434852,-5.745297536497021,-7.262756678545686,-8.230178253025583,-7.435207238672603,-10.100402869228024,-7.705674507236384,-6.408155378863,-8.517013694379013,-8.102390244349028,-7.677666332913873,-7.242628552404294,-7.353879596052447,-8.696466833151261,-6.321443662846649,-8.492661013820555,-7.957271835809043,-7.226007926957403,-8.387568513144956,-6.019120827066252,-7.022962489319116,-6.298181814450136,-7.749568268267895,-9.071022717759602,-7.136770714940443,-8.007377669312907,-8.534145436549592,-6.812373302074817,-7.602879985992869,-5.764066908174234,-5.865100041452983,-7.115352105299051,-8.438672916702535,8.0,1.0,38.69842412598976,0.436977099013331
899,0.997369045274755,0.8209204460556578,-0.7038898890244951,1.8089537582933688,1.3604033002146747,-1.6896619381284204,-0.4617436395615737,-1.2195021526043357,1.6918359770384814,0.10520379503005994,-0.47264563745737087,-1.7738413004134412,1.6060514141511297,-1.7097957283966543,-1.1068839584869496,-0.9121548079764796,1.853552803068407,1.5384959879887758,0.6387865265374866,1.75868620034472,-1.7298307063836407,1.470011119117947,-1.5078474291487587,-1.0867680597214657,-1.9011637178342489,-1.8631404460824248,-1.3654825820397556,-1.1151813552816954,0.8887694345518695,1.43336379288287,-1.5877044957177708,0.5479698170137635,-0.11323616805212122,-0.3543793573319207,0.27709740435422736,0.7624899894003159,-1.0866764313505972,-0.40717512264925393,0.5146514479740758,-0.022665373073181616,-1.3660448255754076,-0.897976820891635,-1.4344245873367045,1.1775970353912464,-0.23318173477373527,-0.7219392845519446,-0.5792228806228881,0.7805344529183258,1.9470279522677552,1.1574323981118515,8.0,1.0,1.0728310792544251,0.3946846024841022
