,x1,x2,x3,x4,x5,x6,x7,x8,x9,x10,x11,x12,x13,x14,x15,x16,x17,x18,x19,x20,x21,x22,x23,x24,x25,x26,x27,x28,x29,x30,x31,x32,x33,x34,x35,x36,x37,x38,x39,x40,x41,x42,x43,x44,x45,x46,x47,x48,x49,x50,Z,C,y,true_sf
0,-7.756157485841986,-7.6930809645389155,-6.473251188506448,-6.645531994812667,-6.359928237185678,-7.434201245231647,-6.134434633331489,-6.652769398680807,-6.423739494177771,-6.342468653388731,-7.204839594504971,-7.368786616629031,-7.594952354210821,-6.962188888010203,-7.747558024362844,-6.460229937110834,-6.620574788294763,-7.9498326354495505,-6.955566533721901,-6.430254797940024,-6.782393307906413,-5.85133131968611,-6.598926190982712,-7.573828139608599,-6.072642792980484,-7.17017044081014,-5.974654705484246,-8.049803790974403,-7.443687506149366,-6.744594742562539,-7.419647510094337,-7.561388073673295,-7.706909459150786,-8.010106402811848,-6.178954375333452,-6.971406238203113,-6.669797238328031,-6.157202777796801,-6.894691888153467,-7.736381460174456,-7.698557259627495,-6.301965646049977,-6.06488007398943,-7.099990920277706,-6.420672585144316,-6.174477396094116,-6.867912726334492,-7.482357972040075,-7.263467661503328,-6.680575625378111,0.0,0.0,3352.0649675764,0.822051183837966
1,-7.923611977244106,-7.585032495621451,-6.886755577749507,-6.314421935001903,-6.604917439830193,-7.555151149190466,-6.137716048492283,-6.860833160179581,-6.259547989837621,-6.024407114729578,-6.937252450250448,-7.264216405479728,-7.4285913578292195,-6.393598199562474,-8.130508619402354,-6.465731171877494,-6.669725588042335,-8.212130111225152,-7.041705846677501,-6.374842369852808,-6.795701879697447,-6.070899487951753,-6.364009892359054,-7.6095548215739806,-6.306186609709573,-7.547208550724717,-6.0266278156061155,-7.916917960708112,-7.522657684376208,-6.85853985944023,-7.262318333339292,-7.339301923636911,-7.326364054215105,-7.924243740170441,-6.323039750374569,-7.033842589785532,-6.519737827047941,-5.9703432077763265,-6.6154533582830455,-7.638361409768191,-7.585125326162667,-6.506390797450719,-6.368773993283899,-7.264230722733511,-6.765793863443005,-5.8492733415740785,-6.874914092800113,-7.869617166170921,-7.691115595224502,-6.712531684316665,0.0,0.0,3255.300642558769,0.9251065225317692
2,-7.84367546245058,-7.581260377316154,-6.590712987575033,-6.238478182592115,-6.578512042129289,-7.584959366670879,-6.290960822062035,-6.714509854726355,-6.326216206947116,-6.241382292614696,-7.260719957829449,-7.311254334808645,-7.4924161894359775,-6.602610586803063,-7.613940043169678,-6.359389590552441,-6.656782250800291,-7.69933596732116,-6.965842696169915,-5.99222923000403,-6.367170307056622,-6.004827797730926,-6.2726148462611135,-7.457991617308511,-6.135475933211403,-7.909132078859473,-6.277735820836954,-7.960786746242233,-7.339789098743233,-6.630227322610948,-7.212276554728776,-7.870967473900794,-7.602382234900119,-7.560481099506586,-6.554123527077708,-6.6872199150413145,-6.849691886511504,-6.072253963052429,-6.5233642858175465,-8.164672312052694,-7.845452978056487,-6.556618301644868,-5.873261465752221,-7.237049696607052,-6.494453846119645,-6.1220150656987125,-6.911578829617812,-7.560039798123835,-7.6226423082499934,-6.8208416106818905,0.0,0.0,3265.3793489586037,0.8713619067636433
3,-7.8356623244786086,-7.602861684201574,-6.946090401513124,-6.414364789137477,-6.604164801433317,-7.525402795257206,-5.966024511286169,-7.01491137772539,-6.464821481854594,-6.269657404728736,-7.145351982021568,-7.197241964713013,-7.7814666701347415,-6.401126260258216,-7.614538944677939,-6.299488930754807,-6.543837094380429,-7.670326097264558,-6.8688076556152,-6.301712573142324,-6.3739073601926,-6.038469449015553,-6.315352061307895,-7.533955408852605,-6.205580572376466,-7.254103223227528,-6.054672445016253,-8.001485049699474,-7.666426512265341,-6.370112246955082,-7.1567475251690995,-7.559561460829538,-7.490857465024894,-8.029541972234542,-6.481237114887872,-6.909117742552173,-6.615851989427205,-6.282460017412896,-6.784404283690408,-7.845165871363394,-7.487624867322359,-6.37542301146135,-6.060517679419837,-7.148552124780172,-6.50492832280748,-6.272067678389418,-7.211521081394319,-7.590743185962747,-7.478099395219347,-6.362608131545145,0.0,0.0,3146.441826021389,0.916428690495515
4,-7.630741878744368,-7.631431233496041,-6.7825811354958665,-6.118926943926336,-6.567646476146287,-7.658030067560979,-6.4020340482773745,-6.84619975356999,-6.043573529423439,-6.059303789516732,-6.7744753939425095,-7.303355743496991,-7.465060620624766,-6.6128099371808835,-7.398911992322432,-6.218230670489383,-6.6205954588902545,-7.72877838635244,-7.102409955890389,-6.2259237398297,-6.509502427423852,-6.329718606676504,-6.1468988072151225,-7.810627789427391,-6.207686752859624,-7.4200250800074254,-6.0030723071285035,-7.763155327724303,-7.663377875809078,-6.715010080387573,-7.334452593916164,-7.340482296234652,-7.609523498430964,-8.046270297157278,-6.2817948469432805,-6.725515632201133,-7.0103548688959565,-6.017023092578987,-6.805558505762032,-7.471725244155089,-7.863777772107956,-6.486676053348898,-5.959085662909504,-7.036020245163318,-6.575969794148314,-6.0729780281171735,-6.968967111593739,-7.822744607645006,-7.314465782737205,-6.40825030139455,0.0,0.0,3048.787175092631,0.9291032049788792
5,-7.661073939178123,-7.476659663692256,-6.688016392569603,-6.264342513402454,-6.668392215426947,-7.443151619516004,-6.136853086662596,-6.77434380392466,-6.194967695391451,-6.401948624170026,-6.954684127225357,-7.0771720075336075,-7.706086500331168,-6.372630379974402,-7.581590023241931,-6.386247325316832,-6.85402065740967,-7.641250207702896,-7.1723822124112635,-6.258102608931364,-6.413390348748761,-6.233654119691673,-6.134601701425058,-7.697911907628802,-6.124686920675517,-7.572526994170572,-6.353679514364774,-8.007248868846442,-7.33540460007059,-6.615075090577399,-7.5636493536285005,-7.2499185782353965,-7.8743758780373945,-7.829425063746374,-6.28992757894772,-6.8207175628848615,-6.766129481143373,-6.194356967744742,-6.692947558255309,-7.82128002421637,-7.6343305059251865,-6.5346386313233324,-6.128134489786663,-7.087391818217333,-6.397516981119395,-6.33567155402357,-6.682995518601453,-8.062822536300995,-7.442147168675433,-6.680677811313195,0.0,0.0,3144.358934344067,0.9296679945522921
6,-7.758458329091528,-7.230924884870354,-6.792137406999643,-6.858336728268869,-6.586273757480475,-7.66700912292088,-5.998426428226332,-6.750581469584917,-6.1479795583783945,-6.2152760784256795,-7.042169709416823,-7.252715501680807,-7.6324415420032485,-6.330854419204044,-8.15415893122911,-6.578889093915019,-6.8904412795819,-7.87223005906852,-7.023348101204033,-6.420791052949122,-6.557973727465121,-5.980831212799277,-6.044659892896097,-7.838223909660898,-6.178204494755092,-7.62982549695157,-6.005710204859278,-7.591984415878325,-7.4889748076399565,-6.588924154160958,-7.5756440591625775,-7.319094328192595,-7.702187960780973,-8.157113065686968,-6.241207935764865,-6.772393153434352,-6.849402369516362,-6.113682755600971,-6.63708390507444,-7.770264008688292,-7.616386309415102,-6.5443262143819885,-6.239081033682677,-7.164727379346503,-6.611289398935846,-6.133890680769088,-7.0263383648809885,-7.54058338458313,-7.4851232987132095,-6.650066944007998,0.0,0.0,3046.0723773222985,0.9814518992376449
7,-7.985924836377942,-7.74270565830147,-6.652320884156826,-6.4415466141123146,-6.193357830331447,-6.976610075680047,-6.063448225026924,-6.661713861449884,-6.418591244832611,-6.006651316466779,-7.377598043159903,-7.056616478660871,-7.596999173207531,-6.819326327354884,-7.6674125798545605,-6.506363135596148,-6.4462963748995765,-7.595997399034334,-7.016879887207457,-6.6599099486402205,-6.659693678732928,-6.143343478950419,-6.041867717235947,-7.463784668359822,-5.922658946465378,-7.554266839559099,-6.118626070734872,-7.803141982771266,-7.4616006934938754,-6.776604779281572,-7.546203913248102,-7.590874475078465,-7.731212668490444,-7.880871273108602,-6.442051800292133,-6.778272804062476,-6.463577783342932,-6.302428816782111,-6.876700785503814,-7.874285646063137,-7.177942628480317,-6.570813397346091,-5.982244287732819,-7.340939170478756,-6.591484705101216,-6.013449116415053,-6.956293236706248,-7.596983467087895,-7.683160692751524,-6.864262462254828,0.0,0.0,3146.161106300308,0.9210723584844246
8,-7.712516983315995,-7.711239367821224,-6.792201405970833,-6.272570439719583,-6.232572425320385,-7.731987851087287,-6.028842897420766,-6.837952741554304,-6.535230894927702,-6.6278198685569185,-6.76638601062967,-7.197689543905734,-7.630164800701896,-6.382435497418493,-7.676515854117698,-6.813292010469122,-6.598175599756892,-7.680938898859538,-7.054622730032075,-6.176204075078697,-6.517064506818084,-6.350976415299888,-6.493850093767575,-7.442864048169272,-6.203076457285386,-7.614151482256149,-6.201871743693652,-7.905644316489554,-7.254472562107691,-6.805901848020201,-7.350757320595184,-7.649741532373406,-7.3805773212827965,-7.863998569560804,-6.575925004743828,-6.90058610216699,-6.626426962451279,-6.396749216617342,-6.937871509202632,-7.675742109234102,-7.677263961012405,-6.345324886162673,-5.823821323733964,-7.476010143899574,-6.691237934210985,-6.447956102396159,-7.0962036936401285,-7.709388985320728,-7.585232601433208,-6.590030101624995,0.0,0.0,3330.3040783767683,0.8974592854718363
9,-7.5696725402866605,-7.872508942291151,-6.460503887150164,-6.337738688699627,-6.68937945056594,-7.644402757296809,-6.2483749115786225,-6.711009266050113,-6.136509078508545,-6.450022694221949,-7.354410161745313,-7.029577046888175,-7.62124764433356,-6.232758168579245,-7.742924539860925,-6.670585491924171,-6.413766418587016,-7.791681471406351,-7.433651053596683,-6.451516352367328,-6.681969313250812,-6.151861597506134,-6.288816430655125,-7.727265157385067,-6.0434113513438845,-7.343732507918444,-6.287312913743864,-7.935465220731561,-7.792187544822987,-6.375193745948298,-7.291931106899313,-7.663900843572981,-7.599729262753202,-7.722312359598454,-6.446043653094017,-6.764515305301622,-6.438034989605021,-6.243636446787323,-6.706347385023276,-7.626412482392334,-7.589666853734938,-6.592169367646284,-6.149237435198233,-7.104694018861634,-6.546110038682385,-6.247916471217747,-6.783355298777229,-8.255868373033598,-7.375341308213014,-6.5245325876368,0.0,0.0,3387.1790857776964,0.8163735024809581
10,-8.00677159298578,-7.690536871504856,-6.869224523382804,-6.505740149374095,-6.691124505686101,-7.735616176537747,-6.091992001243899,-6.824994943048206,-6.153696170572529,-6.109799647268448,-7.046080837582292,-7.072142550092522,-7.494771717803208,-6.435812379383508,-7.728211578838092,-6.345115464054688,-6.687378799980731,-7.5833185272982275,-7.120385475148339,-6.326118315585856,-6.441863229651949,-6.141886677851246,-6.236264151147485,-7.912752202779873,-6.391694075000391,-7.502888245594829,-6.276462040586999,-8.041811552048454,-8.082102919785113,-6.645856977588254,-7.419688487215588,-7.78713470179422,-7.657686068463335,-8.000950166278892,-6.452117681790312,-6.519107289624276,-6.668130269714565,-6.4273002386611395,-6.905829469797186,-7.757559581442106,-7.364648603351225,-6.4467968416897286,-5.692876628560904,-7.313673761110459,-6.683331549548592,-6.642156282374785,-6.768213040478185,-7.662787756429128,-7.396328992429629,-6.568617743413409,0.0,0.0,3408.1010110087354,0.8736190061709551
11,-7.539538756843032,-7.740029254804864,-6.40559367328839,-6.2625747135028025,-6.662420723096408,-7.600623193649653,-6.169250934879443,-6.884411219922215,-6.1281608442661115,-6.278312107158198,-6.7255198933833045,-7.243433679638401,-7.645373828044605,-6.550102561535799,-7.795887941171555,-6.203682530691657,-6.740180118514229,-7.657708228371511,-7.4215600200737715,-6.250932520698582,-6.577766573631203,-6.178410618203641,-6.351859020019433,-7.613416842294963,-6.024806118753124,-7.492940520510055,-6.0521936155075355,-7.9749714591186684,-7.626266893094636,-6.751394713033873,-7.641639116865373,-7.219897046547555,-7.489483147776603,-7.9358161990401985,-6.242794813610028,-7.0131727069003515,-6.807069661184425,-6.310292764424189,-6.817790673563064,-7.939973023493671,-7.592272181093966,-6.525011914661094,-5.66757526401403,-7.188807213232955,-6.363457096502623,-6.435299193655507,-6.856012559633336,-7.809010451130497,-7.245707783391679,-6.693130906061785,0.0,0.0,3279.0470495038694,0.8551842940827066
12,-7.619055452422764,-7.540868934515912,-6.70451565905764,-6.320985224753485,-6.779675057753163,-7.9958941179457605,-6.434883389027797,-6.640798583859779,-6.3822295256063635,-6.384168611637951,-6.7074120481814195,-7.224065890102305,-7.523514835150579,-6.664125885985222,-7.909361050679997,-6.358151640269791,-6.671325166948243,-7.578876915418167,-6.977228692547144,-6.41118920053006,-6.6337350418820415,-5.883842812996761,-6.3714772804465944,-7.5966142260121705,-6.143034771058392,-7.3737811656564745,-6.601171353625043,-7.922405446836918,-7.638885933945515,-6.607121062685703,-7.483189656276814,-7.536187099947219,-7.474340639146209,-8.00490226387684,-6.415817584817163,-7.145576070783505,-6.742777292498134,-6.12841514360005,-6.423026732848882,-8.005362134870234,-7.876305007947307,-6.603373571014875,-6.21676318368708,-7.0848100713350455,-6.96348320489499,-6.210043899793787,-7.082833676954452,-7.711146981218469,-7.50601020761857,-6.368176018993083,0.0,0.0,3484.2791949576426,0.8257262032645228
13,-7.76243343599351,-7.442961056807637,-6.790940263003913,-6.290376990420531,-6.671170612721923,-7.444946022634429,-6.1912465628853885,-6.7190380455526295,-6.350423205146864,-6.319375777953273,-6.931945556043037,-7.057925861917421,-7.688294265576791,-6.348700257105236,-7.82186105067239,-6.307497222168428,-6.58268149226303,-7.963374126219988,-7.091792664048982,-6.321577633759021,-6.407417928611799,-6.0506622881526075,-6.260254075229922,-7.502889171547608,-6.044314741888656,-7.311232082703301,-6.037698983006681,-7.836164338515197,-7.311304011501629,-6.284425776221643,-7.19257655953352,-7.40709202202159,-7.393390895007847,-7.852647416302685,-6.374280427520918,-6.933317779777853,-6.813195323753364,-6.5702959348990575,-6.636647184159027,-8.033739494229577,-7.481755472421903,-6.440955145672494,-6.020254306612319,-7.458373599701437,-6.593431456566165,-5.88855183594725,-6.935220979576245,-8.035546682021181,-6.944799028085085,-6.647106661711794,0.0,0.0,3218.791502708638,0.80192006109851
14,-7.654551245481956,-7.434601123047785,-7.1642400768696515,-6.458026934571488,-6.548468557446734,-7.764550666508947,-5.978105778359425,-6.293335268832122,-6.582915372226417,-6.540912191187785,-6.807507957238033,-6.935492263253648,-7.659214010109296,-6.608097859113782,-7.989876637975101,-6.367661195898748,-7.01916789126113,-7.74879945181143,-7.204028529915804,-6.388262313582953,-6.883321070531562,-6.198547770458577,-6.384316616018664,-7.816527182605132,-5.903998057155835,-7.486420396969619,-6.164706745143028,-7.6318654437009394,-7.610620908979067,-6.682741444794929,-7.610945423742581,-7.637511650282594,-7.520514210294135,-7.846360776496803,-6.233372269480769,-6.792511324029954,-6.65089302690315,-6.1210950648716675,-6.401423642788479,-8.030258967826759,-7.915486196123162,-6.442517889790013,-5.927178705007893,-7.331922685967192,-6.529938425984601,-6.168178125187888,-7.037583517649048,-7.568741779764694,-7.584203120951609,-6.70303408187494,0.0,0.0,3370.4931114399633,0.8784380574601766
15,-7.791786519206692,-7.5481663274307325,-6.682649341639469,-6.1759554123349725,-6.4100929510532545,-7.699879570419424,-6.061697417394928,-7.013945027562194,-6.308882611016471,-6.17761810604381,-7.032097124328444,-7.389077285562389,-7.564521898167311,-6.412783101769171,-7.617555657239202,-6.287012213582224,-6.540374254489263,-7.693658135448933,-7.435871586616893,-6.002156708728579,-6.794306472083509,-6.353188338790846,-6.357013167032041,-7.27603147331966,-6.078933702716854,-7.281335481371344,-6.131626155169734,-8.030326308205309,-7.427797704301465,-6.478695170844923,-7.334827563240253,-7.19239037869922,-7.534566870902124,-7.945740845741694,-6.258542407531613,-6.962561632601225,-7.096831904884488,-6.139156261674507,-6.977204367782777,-7.726997866469031,-7.845435195348078,-6.372068467192098,-6.424473714270758,-7.023477805760624,-6.523863472383974,-6.136862304920619,-6.87060925223552,-7.737558821507113,-7.701207563642986,-6.716802566771183,0.0,0.0,3233.2312449168344,0.8935922708606787
16,-7.6742305190811635,-7.939165432720394,-6.736527994547391,-6.319800520888156,-6.460430352922895,-7.346211712236055,-5.981514636869628,-6.859704760752721,-6.28146197537856,-6.122218926610605,-6.890109066917656,-7.190287279911858,-7.2518092828448175,-6.460295488104829,-7.6925577704300085,-6.517707716317667,-6.4143725393983,-8.076351259980388,-7.284420391406713,-6.224603781238876,-6.835735967301617,-6.302898205246326,-6.362305031212669,-7.5255187576969105,-6.253194249335277,-7.292203831606128,-6.4971093608939405,-7.827110630206441,-7.444567609602025,-6.860230488956588,-7.354536814954707,-7.56859328906926,-7.575351890547668,-7.851624356769808,-6.377736093905607,-6.739546877314918,-6.770168476308815,-6.180788348661998,-6.9602056192105985,-8.052461844324094,-7.549164618408203,-6.434771322841427,-6.072126529511525,-7.135042279926076,-6.72189309474755,-6.244255951508605,-7.088330288529056,-7.838172792422378,-7.392783437554727,-6.531506813399001,0.0,0.0,3410.8514008388124,0.8040655394432982
17,-7.690384745339344,-7.390203404393824,-6.738029526780354,-6.5831039004315,-6.603725741805304,-7.562958465513941,-6.238376476356084,-6.632984674444842,-6.079018220443662,-6.36341089204749,-7.088816221666716,-7.5983897361016135,-7.504160867187295,-6.4186633875565215,-7.728507512012212,-6.534380022495427,-6.702562664957474,-7.742362727073813,-7.035583852844281,-6.115577684275174,-6.379474781546249,-5.987696684448031,-6.3375710059659465,-7.814707834369362,-6.243336290819207,-7.6706466898420596,-6.06172740690028,-7.88124487570666,-7.714778035528458,-6.493481068413519,-7.510037886810436,-7.758908368721738,-7.430423918898098,-8.085335063697784,-6.43950324025671,-6.790793768598419,-6.886146431418726,-6.145194167069828,-6.83724209593701,-7.501829252393651,-7.6074645694895064,-6.592812302224072,-6.021273174714018,-7.405473678275042,-6.480576651823716,-6.16621324192646,-6.755520533419526,-7.7466681980624,-7.502243209852718,-6.5139701329527995,0.0,0.0,3258.522255185353,0.9063069132116512
18,-7.77565769866165,-7.6056070882781075,-6.918062577883863,-6.545729304844236,-6.444274997235706,-7.798639582775435,-6.228112573458152,-6.653303734580523,-6.1087725197600244,-6.1216462994352385,-7.0034583751367805,-7.2950333205648645,-7.591012330053672,-6.500139827562862,-7.576132798966061,-6.587843452036322,-6.827185004315381,-7.69092018827178,-7.186955838911148,-6.2431151151466215,-6.428920467311118,-6.1164172391339235,-6.384606801117374,-7.610646684344455,-6.013490599048762,-7.20956855839216,-6.254792863294245,-7.85044926651525,-7.593275830059971,-6.648717100134153,-7.214998950763477,-7.360605330512057,-7.727619023699296,-8.08283910751537,-6.386733806968588,-6.864184877896357,-6.757692977825308,-6.187431429098202,-6.783455873699596,-7.719273082586734,-6.9800931205212,-6.59221511625343,-5.997493957509314,-7.135272287486643,-6.756427000500778,-6.2998557601429415,-6.7117699354527325,-7.547919907247373,-7.399109963533651,-6.208250939126332,0.0,0.0,3251.498182688745,0.8147471705465298
19,-7.730722879858005,-7.358375020997644,-6.652823255262101,-6.195373467034872,-6.567730757597221,-7.573786009574773,-6.343530458248721,-6.578531763212717,-6.130763628502081,-6.22835875471327,-7.1716395153651975,-6.989709868001677,-7.720904687177557,-6.391012445595605,-7.957532381655259,-6.026068686869621,-6.671692273659971,-7.887862585072509,-7.092954005784922,-6.14542747216348,-6.6461882035969175,-6.040372223090468,-6.377903356183348,-7.617188045187132,-6.328450885699914,-7.4474394193473,-6.241235780092581,-7.619756005836616,-7.41381949428202,-6.588731767936545,-7.516434253176871,-7.609301447791885,-7.664508458505058,-7.936714049794261,-6.429645027195146,-6.957932582193331,-6.875224019350806,-6.213636314848739,-6.648941812254684,-7.878320655935199,-7.9297425732173625,-6.180936890727528,-5.833914703003193,-7.091543242772472,-6.4190558921418415,-5.912202626545511,-6.920935046619157,-7.868574870224417,-7.299958360545864,-6.79047983606591,0.0,0.0,3205.7171449633543,0.8774566083141221
20,-7.678916731980176,-7.708135816988328,-6.698845733243956,-6.352329294558875,-6.622697594626133,-7.525068175734712,-6.1843163386820805,-6.889214586759331,-6.247299941891292,-6.484540788495917,-6.883269706118921,-7.3150220034076145,-7.361454259778452,-6.536464472056852,-7.85307198833318,-6.187615036833782,-6.530156038751992,-8.084017784672904,-7.286140486239905,-6.45759540927579,-6.806187228342196,-6.186022056743294,-6.241334181032836,-7.338015466896577,-6.19976048727783,-7.543054146015877,-6.335196782085992,-7.643128978811137,-7.327320634882253,-6.848677346368429,-7.598552412317421,-7.570290429895595,-7.3771722034527105,-8.092192432584916,-6.461234418636702,-7.016910211667197,-6.809567029368885,-6.147651527646601,-6.873139702698306,-7.815127901970329,-7.461664338499124,-6.256557591131923,-6.182030957525925,-7.347877014321404,-6.463564898913987,-6.256975513051948,-6.999899217758529,-7.764051557692501,-7.386636889582294,-6.879432914131194,0.0,0.0,3397.971074647513,0.8596799437739057
21,-7.741123490834547,-7.845278885255554,-6.758103135972467,-6.371352515020143,-6.721702684922805,-7.6975465539214,-6.151173241318629,-6.815373810240778,-6.034142361204433,-6.285439432763377,-6.8138601549263065,-7.020471604854896,-7.923249769016391,-6.7565156680288005,-7.83234132588114,-6.5274139619375084,-6.705819248125826,-7.665343995652998,-7.1863188634933985,-6.130447470821927,-6.89790843468569,-6.2210583007424605,-6.305777383391395,-7.600565282303224,-6.193371637604495,-7.3775707922675,-6.306435576160208,-7.4741850866544,-7.657814794745578,-6.7335893389537524,-7.411847434504011,-7.355874999728913,-7.617193306070631,-7.714672397309748,-6.5855726633173735,-6.754341484771053,-6.819952642355178,-6.236078517279716,-6.722835949102751,-7.799995971677861,-7.533407640796927,-6.436552821602764,-6.15346220050621,-7.346380526859863,-6.379308942958268,-6.1549967154001815,-7.253189600176575,-7.449773417766568,-7.198407986933748,-6.5282587469276185,0.0,0.0,3162.6876817815432,0.9464046564396267
22,-7.9654996955640405,-7.686340597469027,-6.740297376515743,-6.367699570202355,-6.408095954463001,-7.54870520740207,-6.433843165594722,-6.494828186486918,-6.061338339573825,-6.246221251684775,-6.806965434087924,-7.4193801733240194,-7.464029226716124,-6.533313945838595,-7.659583459899593,-6.612940227867896,-6.352134444101086,-7.975326557493057,-7.176776433259563,-6.5045078377346455,-6.460260708339456,-6.028892339390097,-6.358936298925677,-7.800325722416183,-6.049202083708557,-7.389106704687621,-6.125860334720439,-7.8529464911449365,-7.554321070126792,-6.481071184684737,-7.370048993541783,-7.42141189163467,-7.636368281451135,-7.917959042043174,-6.30194222439443,-6.948869824933344,-6.644003139875278,-6.1204082351475195,-6.7818435705241304,-8.070804197062278,-7.525356154831156,-6.327530799518493,-5.94356007171719,-7.2485045887707376,-6.890105959539612,-6.077471986992289,-6.696125031844928,-7.835296253058904,-7.473230932557145,-6.452708002419276,0.0,0.0,3185.4046146641595,0.914193758146397
23,-7.856983948141708,-7.527684570656422,-6.723271877787456,-6.367191178703369,-6.768575124360412,-7.749461303033671,-5.974024538251243,-7.031732996315772,-6.309777179589786,-6.079066590564835,-7.014817487538389,-7.372053227008576,-7.64312736439874,-6.767719363191959,-7.796682104072884,-6.278244879513521,-6.638263310476818,-7.9098376921865485,-7.117817018638643,-6.329734594088878,-6.453359196603676,-6.150930548408301,-6.361799882278349,-7.505508064349366,-6.0056339087290205,-7.439549322099469,-5.886234458965302,-7.63404898051275,-7.7486929757049925,-6.423758168799922,-7.159986202871724,-7.341398478164989,-7.665695338980761,-7.990975102810252,-6.20499442818888,-6.93072502047392,-6.61680050329601,-6.341877543327103,-6.483330360060031,-7.75178089125122,-7.75311929983826,-6.466963687016876,-6.179861392193031,-7.324218762628328,-6.5197273603996155,-6.095253059083203,-6.970234876414666,-7.492625105017339,-7.498604756084788,-6.635119165208183,0.0,0.0,3241.0693955238594,0.8792980522317049
24,-7.959850783807208,-7.28386221641593,-6.73722121641129,-6.487696690156354,-6.752789766740769,-7.748567831589407,-6.223951913799062,-6.642578034166425,-6.346041016076593,-6.549599529718999,-6.886507055535611,-7.255911104948327,-7.639613700999507,-6.577871265797154,-8.118847541249188,-6.295655176263714,-6.511017383712375,-7.620717328194578,-7.179696274802789,-6.127061209386826,-6.388796956428838,-5.902166482356715,-6.1642077495893925,-7.591199126934937,-6.301424415357968,-7.502773719016822,-6.164553524424739,-7.833677971336861,-7.4166299386882315,-7.079022484650541,-7.511549319218962,-7.52540259239661,-7.467467878975032,-7.820633297986936,-6.519792156133501,-6.7966796642837135,-6.720377268897256,-6.427810534177805,-6.721475287956484,-8.09273285205618,-7.609051641726987,-6.280007816422823,-5.901698738952345,-7.294532284429928,-6.627415777772112,-6.365391267988385,-6.8822054468537495,-7.642100697553423,-7.269426250906034,-6.844061174131808,0.0,0.0,3359.008908747443,0.8636658577658927
25,-7.906440980106692,-7.452787535585937,-6.508254670608011,-6.453301366801907,-6.370673239745386,-7.56273681657605,-6.101028785633119,-6.254433670939631,-6.255765174663753,-6.108972465491325,-7.018582756603873,-7.460865030815521,-7.83821028999258,-6.261314087146807,-7.917716807427429,-6.449479467346127,-6.648169234117813,-7.868044027115811,-7.090634757979224,-6.269855818106972,-6.427368783124604,-6.255104463504895,-6.075571911447689,-7.535298436297102,-6.120608353746977,-7.470172054403532,-6.322215556306664,-7.919610414550137,-7.474983451284356,-6.50843090178621,-7.280487304451699,-7.663282097661821,-7.483774260495622,-8.126132668364946,-6.453543438832767,-6.902195287457739,-6.428428857903162,-6.303711141064458,-6.870281673606897,-7.7202405990197605,-7.7462436222671665,-6.4729852200430775,-5.931798755512244,-7.288308213907554,-6.354416138915393,-6.415066003353475,-7.107420748423876,-7.638725421720085,-7.486722715738848,-6.787626930516429,0.0,0.0,3347.5492405962,0.8047584437170263
26,-7.8190116240790735,-7.499242243556209,-6.878671659045133,-6.483873181487329,-6.535377093474194,-7.630862655894544,-6.190851666643291,-6.635749778607046,-6.280599479393489,-6.264957223226768,-6.780234777791885,-7.175556819598874,-7.494112440949657,-6.354982660850804,-7.756559926208669,-6.82659779148338,-6.834146878161703,-7.815862002110699,-7.282301412774767,-6.038180339653905,-6.352582763244076,-6.188159625650477,-6.295970495407006,-7.402242366696397,-6.0956580896121535,-7.328235776956746,-6.388947905018735,-7.953578597864794,-7.594076709562484,-6.703358485457105,-7.17592780080219,-7.598014274416594,-7.479299077265975,-7.893753007570462,-6.436680103895076,-6.6789435730469435,-6.633272189820799,-6.362344929134516,-6.792617630653843,-7.772840308662075,-7.727596188320466,-6.499455089650763,-5.902502618055444,-7.533341568699572,-6.425801135143611,-6.262306178876085,-6.962209406836654,-7.704560224798508,-7.441911992288038,-6.532392400517133,0.0,0.0,3344.9329999440606,0.8170094406639894
27,-7.697317076546528,-7.214997581044576,-6.81882776307143,-6.375632742865244,-6.2551386997350304,-7.564051184004357,-5.98339961038115,-6.617705735567646,-6.235852579335728,-6.101915012338118,-7.011413218129197,-7.265093394015689,-7.81275169653411,-6.33406797470114,-7.702938112919643,-6.149221499461857,-6.533884585475953,-7.726904879924708,-6.839942619857409,-6.431040794736135,-6.536171778788902,-6.177145245725205,-6.287218828629801,-7.619420009683742,-6.062874390828246,-7.555659535744419,-6.411405470823717,-7.942287576429135,-7.819858607711448,-7.021958411126637,-7.393369545011148,-7.514382298827053,-7.603248031061268,-7.597289642164109,-6.502891460065617,-6.8433316414811065,-6.643084416374721,-6.286721975648808,-6.583481743106933,-7.826138755426126,-7.553019052274344,-6.596093080512687,-5.8865195224767515,-7.199592003886528,-6.309905245087023,-6.013100868990987,-6.97932981054934,-7.722926480330531,-7.3611705075111304,-6.654215785022895,0.0,0.0,2981.480450878537,0.9622760275886321
28,-7.796270056629102,-7.495990752081845,-6.678615431507009,-6.443725561989909,-6.7156609444992315,-7.917915335717853,-6.242280863057336,-7.055410665587106,-6.100084512820145,-6.233540814360083,-6.879977731485278,-6.9569814984226035,-7.68014764273944,-6.701600156030837,-7.641206432983358,-6.302210894374537,-7.0055768686679905,-7.895467465696785,-7.065554680125441,-6.320339202350373,-6.590020624845261,-6.126950016680065,-6.360158440855491,-7.5643231794982775,-5.768282272615313,-7.923656715970864,-6.034823807257738,-7.787126299110719,-7.566379724272379,-6.570232061428221,-7.4550898078166945,-7.500418243642298,-7.4818695578749566,-7.814190686888562,-6.446724551120597,-6.9077666808214495,-6.602515303469231,-5.983073862539232,-6.771124175251708,-7.974822481823885,-7.343197031790734,-6.4437546661960345,-5.819226960261653,-7.181158962789924,-6.686335107380125,-6.123444920285453,-6.907097422319838,-7.499114021303503,-7.448421068933795,-6.555997526139181,0.0,0.0,3225.0345514532255,0.8933111334213969
29,-7.884513432902636,-7.789702882923328,-6.704849193713049,-6.475377775968988,-6.46792518089486,-7.300006479293215,-6.061126603318228,-6.654575129098481,-6.3514916876444865,-6.3593425255320275,-6.911128475374855,-7.500689722895042,-7.706239841783391,-6.273638754288764,-7.953794270249638,-6.271629051156269,-6.416887852189397,-7.6142758997304,-7.344652410392105,-6.383232706048294,-6.575732985432703,-6.110837375541365,-6.563787122942801,-7.6412890952477595,-6.047053540014798,-7.449534381219258,-6.574617257814592,-8.18264257514276,-7.5648531419635185,-6.8544150874690315,-7.235607282964941,-7.615914319430466,-7.700852458228989,-8.17199816946672,-6.381918843133164,-6.721055527160765,-6.788096647842405,-6.0276546682866945,-6.768362023288331,-7.7228967335936805,-7.5786757839425745,-6.367895156244021,-6.144788242838303,-7.251025812437809,-6.655332723533589,-5.805468214124652,-6.9086511958973595,-7.738681408406115,-7.577286951683341,-6.583889845582096,0.0,0.0,3403.955336337385,0.8474248525999478
30,-7.8861820573763515,-7.4554621458059795,-6.720706467647344,-6.508242687495786,-6.524696651334295,-7.4235792036192985,-6.0167867488704925,-6.676187148321403,-6.7632624164421244,-6.3271567977290655,-7.249141086486614,-7.411356373479713,-7.506032409478939,-6.788765903117646,-8.050975732148425,-6.353563503636776,-6.630754965896314,-7.930448282207419,-7.324134320020944,-6.147919881500072,-6.604614416224675,-6.085395960688551,-6.355537654844522,-7.526906592788255,-5.917273351710143,-7.4909417241199225,-6.16125370540914,-8.004866698533105,-7.753829469983941,-6.470003685766302,-7.712974337898133,-7.433713733528869,-7.728007633623706,-7.943682500601683,-6.575673894017197,-6.93613715539041,-6.758082025824611,-6.394961922562105,-7.080414632757953,-7.741554516539147,-7.643155577109036,-6.375255325620493,-5.888975645145796,-7.175273052895749,-6.689351894470064,-6.292335531665773,-6.904719929731175,-7.632498635778702,-7.6833995872421506,-6.470061598420703,0.0,1.0,3764.1982075049264,0.6090183422679658
31,-7.799516763856042,-7.544952438334445,-6.664237635164483,-6.324362267107105,-6.809030552523026,-7.517982870576375,-6.141177286322116,-6.776247691071986,-6.23511072254888,-6.095438014889206,-6.928020014136496,-6.995193195722113,-7.438695327609862,-6.709810506067781,-7.9968542532206035,-6.564456429671517,-6.750873845859568,-8.001195804713497,-7.269768114376479,-6.222491870407519,-6.5247454069121735,-5.950757968660635,-6.138709994384853,-7.322888969358615,-6.164936484376572,-7.5737288998060235,-6.238108808131637,-7.786266601400271,-7.206616206446728,-6.381502764666835,-7.489624710082439,-7.254588661218883,-7.677124698831179,-7.8060933808679,-6.416833859399686,-6.793745042519194,-6.555331705389233,-6.210422317220119,-6.971736318688306,-7.887898847940917,-7.963826255172851,-6.624115378459749,-6.151790647681618,-7.13349602614928,-6.564840291518054,-6.127089603946293,-6.964302881474583,-7.90695366251433,-7.404275120042365,-6.680329059431254,0.0,1.0,3697.363427339313,0.4321863829573956
32,-7.74427718236818,-7.3843001193756255,-6.5342698779177155,-6.38754844403358,-6.889332186153229,-7.532764042501661,-6.338856818825155,-6.5337806896972985,-5.97046160903849,-6.141420743793527,-6.949327546864446,-7.418305899949905,-7.481956478151615,-6.5908520667261685,-7.757741805882494,-6.616184229025231,-6.733166570718795,-8.075310122679324,-7.38516344677323,-6.166369497714713,-6.48177548730499,-6.389263463809655,-6.511593893741188,-7.568384947974899,-6.152252698355725,-7.246876247811104,-6.318934748080396,-7.687437379274532,-7.423539332589286,-6.6232011185463735,-7.118183215448994,-7.355110137585829,-7.806813742104745,-7.56762343628384,-6.435034074457525,-6.807188682788404,-6.754094199744322,-6.093868962614909,-6.9148867982223,-7.81174155714372,-7.522410978319014,-6.40614531476839,-6.1034137915829945,-7.078445201912349,-6.682268068951765,-5.9268989258118685,-6.937710625757218,-7.899961261043572,-7.649563971479935,-6.348185885333915,0.0,1.0,3765.563313062358,0.30849233748690214
33,-7.736969840659153,-7.682666192822851,-6.781954334788404,-6.343428699911818,-6.592475054959493,-7.626975021308408,-6.016485375732715,-6.425009391484556,-6.186531690036232,-6.13975009766553,-7.014652742036374,-7.203664455611626,-7.452424853995861,-6.540557537198115,-8.080459854622328,-6.14977781236208,-6.844051796834662,-7.7550250048899425,-7.279061081443619,-6.376108488445514,-6.418452809847574,-6.244172422300562,-6.667427191969934,-7.664654007757189,-6.098396197139103,-7.485276499670062,-5.942293695683687,-7.912670383618969,-7.7303149154771695,-6.228326265427404,-7.249818853085041,-7.402995311318388,-7.799886901762921,-7.68611359690805,-6.405797283447829,-6.732634688807757,-6.766704155461955,-6.2448882234828815,-6.580085866203053,-8.03675903995646,-7.325894336359482,-6.493593048414364,-6.185233218838766,-7.481155691394173,-6.739838776178871,-5.927840830523763,-7.023161813391134,-7.810922470486837,-7.2081314018341205,-6.620466221052256,0.0,1.0,3606.023917637853,0.5152592709020688
34,-7.8150063886553935,-7.5190865821048485,-6.950931517285696,-6.188419395879248,-6.678593913570531,-7.631250742491451,-6.042185381853369,-6.7677226359043585,-6.354518402651963,-6.31472573014316,-6.612986590555092,-7.095943458268548,-7.587794372062893,-6.63043828803545,-7.769691680205137,-6.490585304653293,-6.5405521519274465,-7.98196339202943,-7.028893382453962,-6.647569611413832,-6.534333976853028,-6.341345986655168,-6.579723236416771,-7.458682832053232,-6.244290800902473,-7.483843062497529,-6.489052550726884,-8.112263045859722,-7.2550722783822135,-6.722568137645048,-7.2172524039793196,-7.56816089042914,-7.695122952949468,-7.7730577851664835,-6.282387319151764,-6.780096552901613,-7.002223969212004,-5.960407814740808,-6.954651908063827,-7.738727844015944,-7.33102737146709,-6.449361445523457,-6.19576657482573,-7.402265779696413,-6.4936434599992845,-6.386103413867384,-6.946369631265698,-7.682635417791324,-7.8132692145085825,-6.680427309076803,0.0,1.0,4160.344187237631,0.13733505128335236
35,-7.868533913963612,-7.487041109612076,-6.4794459387916765,-6.157859779692502,-6.709354925861667,-7.505084581172472,-5.9279417221275255,-6.667292949857668,-6.332270779122032,-6.3654796044223145,-7.008531245023059,-7.03798850800321,-7.474025060946127,-6.5326485524768705,-7.990217027083381,-6.5674674358744545,-6.655038759722353,-7.730056009087082,-7.029654474929774,-6.239368611027282,-6.431809076266084,-6.284534040038252,-6.673334784716877,-7.625798689469282,-6.336584309611875,-7.4196240260213795,-6.257844687651645,-7.933252662486529,-7.607571952821697,-6.5875001591320705,-7.669070458945838,-7.610475561802294,-7.78498617850349,-7.846125357215257,-6.189850318957982,-6.764717983246542,-6.84032077028704,-6.180726411687576,-6.621329408924065,-7.720836556999865,-7.879248145840581,-6.657563505491631,-5.790419539712074,-7.26346365096395,-6.684721924901474,-5.867069359026963,-6.685013021021356,-7.607316355379079,-7.471147036706681,-6.83844733014312,0.0,1.0,3605.852124368851,0.5673485108107397
36,-7.979885795487363,-7.439408814992388,-6.6766902346841075,-6.455587822332521,-6.52663758948584,-7.812984448142523,-6.243853002454291,-6.375933149929333,-6.166952429869621,-6.129785809722585,-7.0049164972209645,-7.178356264445415,-7.407498771074634,-6.252572836661948,-7.436833981100682,-6.268616942154895,-6.614167050836009,-7.603534868559386,-7.207005427530239,-6.659430922859898,-6.4849687272374315,-5.9488888618696505,-5.774699494870929,-7.618573228723718,-6.147978783134028,-7.547989181124937,-6.432777012063269,-7.994390701235223,-7.389363148789915,-6.748519250040112,-7.1417759181676255,-7.703647233753078,-7.504410230825384,-8.101628014518692,-6.823152744607623,-6.982248441981643,-6.797064779189637,-6.296665179974136,-6.68209351190769,-7.6984162651469905,-7.544904526730974,-6.500152323282876,-6.167929580265777,-7.375491163398848,-6.540936272097948,-6.217067034606431,-7.015970043264066,-7.340936876573638,-7.501799192883506,-6.733940891055764,0.0,1.0,4263.182771472408,0.03217291437716723
37,-8.106065650805135,-7.863739934633962,-6.923060563327292,-6.640388551417409,-6.9130371529588635,-7.6904327690604175,-6.187755652340133,-6.931324779493753,-6.115102490209093,-6.418416450563513,-7.09069827178781,-7.100969051989421,-7.614199018687412,-6.363776868948585,-7.860605364097067,-6.495802181604421,-6.68222350920427,-7.57146103597932,-7.058193899347328,-6.150391651938152,-6.505517409279158,-6.15472192901415,-6.146851468300501,-7.579316110944781,-6.219293288610247,-7.31569071680112,-6.375497923379977,-7.671153282735212,-7.63708982416154,-6.5103225071013116,-7.576167576495186,-7.500242421704551,-7.884918702025457,-7.647609839653264,-6.475801613789592,-6.884146994165907,-6.781028282202631,-6.304074221376314,-6.606086160232209,-7.904257551748179,-7.583772761752772,-6.317442031394897,-6.21076479457218,-7.251617729466606,-6.584089955640101,-5.920140373190814,-6.811512606053163,-7.543491343889751,-7.250005777159536,-6.324441833889233,0.0,1.0,3704.120644920875,0.47994020420153954
38,-7.684165653451501,-7.585538835846809,-6.835356837484712,-6.519113788907853,-6.613433679581599,-7.240200609094475,-6.197108498621687,-6.739439063989469,-6.184585150184769,-6.260347835532532,-7.113059038910771,-7.138134617753729,-7.518318167427069,-6.378976038008486,-7.885062832452153,-6.284093585857008,-6.359797560424998,-7.888096123920014,-7.100635821062377,-6.264098841426134,-6.456580477732257,-6.206687700126972,-6.283796634754961,-7.880196121307652,-5.849394952185253,-7.5914316692306345,-6.040576532276584,-7.881475941766082,-7.564252439447472,-6.660871793770482,-7.155815129676557,-7.3965739759242135,-7.543264729372988,-7.665092594447237,-6.809568356788542,-6.644675273014207,-6.61490697221457,-6.01850466883638,-6.786385605610735,-7.920174061036187,-7.714893997547745,-6.565387660514682,-6.045540210598884,-7.314941274615751,-6.858988024279112,-6.250976286949844,-6.8952895690174385,-7.70026529083826,-7.67164277402947,-6.651672921291057,0.0,1.0,3965.268021484249,0.16267694820521542
39,-7.846493187395704,-7.5758435083190445,-6.77971637991188,-6.192666678921576,-6.350630133705264,-7.732428811240736,-6.296928940563226,-6.879812314447592,-6.02410158159781,-6.323104331759211,-6.741416490559788,-7.316969563866154,-7.267556644827155,-6.65057441670361,-7.818167539512137,-6.632165080433957,-6.738230491276138,-7.700460633381731,-7.105186604963923,-6.3458880212261715,-6.3636937997652305,-6.356499785644964,-6.0445614800849246,-7.60258861437133,-6.3426644469500735,-7.374914045790204,-6.376249962777982,-7.8037880430007,-7.5649406661525465,-6.686843111038599,-7.419064988749035,-7.533241173904992,-7.553178713331347,-8.207021932154143,-6.499159092312453,-6.948379884963157,-6.489093459751403,-6.294378301841321,-6.6348977049931115,-7.685843036856265,-7.746646971501403,-6.208910582423779,-6.063014571240205,-7.19925190480175,-6.552729714781168,-6.2371326471493305,-6.956849529788891,-7.510919131541204,-7.494684472128185,-6.50820344262749,0.0,1.0,3922.421892739347,0.19915181409511692
40,-7.707750107135589,-7.630376078972923,-6.737095368367715,-6.202634673530073,-6.196370163228841,-7.823475058914792,-6.448789384250613,-6.784976234579604,-6.277465383444519,-6.338259859568691,-6.78548469410773,-7.278696653998613,-7.581366818572157,-6.774866957163677,-7.799524361277719,-6.615157913573236,-6.130097876140909,-7.743931386553317,-7.212507042075107,-6.145849039641567,-6.251339520677217,-6.211631875174155,-6.439034119085581,-7.818202402279232,-6.122681696256023,-7.320210432706153,-6.351786334904138,-7.757159919913629,-7.605583251537427,-6.706571471396247,-7.584371932088088,-7.563137589130211,-7.63335722182094,-8.051324585203854,-6.387147097293856,-6.658611461460557,-6.621993989376029,-6.171520249971606,-6.792859524212178,-7.660879806491384,-7.795400223330978,-6.422899116451851,-5.733926148290704,-7.173835657682183,-6.6088002420199174,-6.113154639812349,-7.2561397992961,-7.434702729146858,-7.618047517362328,-6.136710103865637,0.0,1.0,3769.433973733691,0.3192870957910934
41,-7.796853775695793,-7.572204803932373,-6.9184237155549715,-6.5178269486312175,-6.212085684199467,-7.330618956872175,-6.36478500636421,-6.743219463338924,-6.556117681517665,-6.293725128357144,-6.951278215793162,-7.129253718838519,-7.38557457341796,-6.32873145359501,-7.822652875258843,-6.122193451679249,-6.442566918315785,-7.794155622336297,-7.316753644354959,-6.1068772065307435,-6.585468032158915,-6.0514387974560755,-6.036912487680643,-7.557002507168065,-6.436365219824561,-7.456725543222961,-6.480785573152575,-8.083850776390445,-7.387727211748482,-6.549205178764088,-7.39731710996443,-7.3535982125964985,-7.462123611547034,-7.922790587108236,-6.522186532432658,-6.4775621059162845,-6.698031068625806,-6.071270819044465,-6.754125379141258,-7.787689958431303,-7.6300093851934045,-6.40923906575107,-5.9140839901161835,-6.866564196993962,-6.5316819827071075,-6.328401509446508,-6.740205013448867,-7.462555464732602,-7.293797966023721,-6.799233114037161,0.0,1.0,3412.3926490624845,0.5710882689534938
42,-7.555672655965044,-7.613691972105115,-6.819558311487478,-6.099422216387944,-6.664957422800012,-7.516023410118023,-5.940501014347972,-6.698784631983624,-6.0529158875423725,-6.523899268297453,-6.842968853347309,-7.2621170955075645,-7.825930175051902,-6.480005860735191,-7.758009907371845,-6.707413695740015,-6.890063951960328,-8.146076564543279,-6.896155846409004,-6.458590120881996,-6.538203134944926,-6.319057926888119,-6.494133786461966,-7.76796739680605,-6.099461103630176,-7.4801906229260435,-6.144584094070728,-7.924756631810769,-7.553163905873817,-6.675644715770774,-7.598467917886173,-7.502999981902521,-7.507759231704524,-7.704490587809705,-6.402293982938355,-6.643782484232272,-6.734086618857269,-6.361402430363769,-6.772323449799267,-7.680176498369541,-7.516822115415476,-6.586454860615082,-5.869705845411715,-6.857682080170845,-6.867211648620014,-6.29473472963205,-6.784477347026872,-7.637216779964345,-7.570610600292783,-6.64804942683541,0.0,1.0,3570.020751173244,0.6339536703647344
43,-7.708709158337385,-7.585184755961892,-7.072997790773279,-6.278402600831987,-6.711503040653506,-7.633764458262214,-6.030125956159969,-6.453418231156467,-6.141902099458308,-6.210359058845511,-6.915868877762407,-7.173952995193184,-7.431770688598212,-6.640234587376058,-7.658519057785891,-6.13848102937637,-6.4128324119880284,-7.839733776199723,-7.073317926715916,-6.080398786694707,-6.504519926114312,-6.398609651548666,-6.389866519120277,-7.288757618828728,-6.398989957560101,-7.56307234819808,-6.118123918951806,-8.058567558895062,-7.405985192008234,-6.728055756423692,-7.4961693127773925,-7.299832706396561,-7.442564819048695,-7.973918760354933,-6.670222271447241,-6.989702771093602,-6.748608908852364,-6.231059274530162,-7.0094479722135175,-7.977466561525178,-8.164902823765807,-6.426625771645057,-5.9018583459366365,-7.417328745736284,-6.153344261192313,-6.281378369328192,-6.819642180775234,-7.897014632434388,-7.166767126619293,-6.685375436926241,0.0,1.0,3465.361821743296,0.7158973203117434
44,-7.863933966063476,-7.565975713308773,-6.554374867349117,-6.450266809206545,-6.500304509333215,-7.507327898272989,-6.28187490658389,-6.815242377466632,-6.476265855739444,-6.2802610746330005,-6.901741693420661,-7.1795559904294315,-7.3650897854965205,-6.647471023031286,-7.539052128643919,-6.499713018487864,-6.621799971369598,-7.789286370316755,-7.027357121372006,-6.5074416871096386,-6.487259036480186,-6.09666872306141,-6.607576594687618,-7.634641164477286,-5.955782084810329,-7.278956496040689,-6.17410632789693,-7.905917901561743,-7.378807813591731,-6.836923307519537,-7.303172129152701,-7.308661716478533,-7.341114928019841,-7.574284072043239,-6.432298329846908,-6.7223642451549015,-6.533075144917297,-6.385108124599235,-6.751397006815915,-7.799759939492016,-7.479145054043003,-6.597226718021257,-5.94446402804304,-7.348810644336018,-6.7221379442416405,-6.1224720540125,-6.89077221296384,-7.4608716783372415,-7.805357369427821,-6.687477966226803,0.0,1.0,3874.8138805706167,0.1764396423430421
45,-7.6777274864649,-7.420038206116308,-6.8066178531859025,-6.648298999830967,-6.507179931761532,-7.672204176941513,-6.140300280092669,-6.835691620210709,-6.416066284421615,-6.314390834974719,-6.719736702016474,-7.017740419778512,-7.7133988987510165,-6.781112580330047,-8.06916418167004,-6.5293531635962045,-6.389374497958711,-7.878201014725915,-7.159845366140345,-6.581242994479582,-6.482952660210085,-6.255763504829439,-6.200029400762997,-7.49169453181713,-5.979808552897435,-7.737481892679379,-6.205648665153452,-8.055386107403331,-7.60529776919784,-6.51540448841806,-7.261969977009815,-7.711933949119409,-7.645634241708657,-8.256305160708473,-6.47379913675471,-7.258538260037783,-6.474933852470746,-6.3208427000636895,-7.051320749882827,-8.087703783569856,-7.589749824883886,-6.251388004290359,-5.9969504554720885,-7.373112237991686,-6.576962062964188,-6.621202365403693,-7.176960292518543,-7.664205091050412,-7.6201222016009025,-6.511268533223788,0.0,1.0,4852.70032040526,0.010378695597976152
46,-7.71686284323071,-7.58753539556358,-6.728080033142837,-6.284322879435684,-6.7892851359186785,-7.662182109822523,-5.748667734021184,-6.666501213653195,-6.245294992965939,-6.22931303151888,-6.855048038551829,-7.216362674687385,-7.404381375966562,-6.5911170507543195,-7.7329837723953005,-6.359404132209729,-6.378024952449551,-8.018976950156116,-6.948806708349213,-6.285489092668941,-6.169156425322024,-6.148638119386634,-6.022048200178093,-7.4568552962791985,-6.287583565308766,-7.020057513605362,-6.356552531572929,-7.7223177491224835,-7.448805764243738,-6.781442329554273,-7.844472852954054,-7.41019208808306,-7.654752279454688,-7.612461881017251,-6.394838619189403,-6.6241620230730245,-6.734478424955291,-6.470930169149951,-6.777491973885958,-7.631415655030653,-7.59760729741318,-6.593924464508072,-5.94511492151296,-7.3793385794990725,-6.551672034772526,-6.322026305399082,-6.813961361893595,-7.472063633842703,-7.320983608098154,-6.448927256166874,0.0,1.0,3360.3655660013847,0.6086566644044334
47,-7.7798121986081545,-7.548330913809096,-6.46454394425294,-6.373160316035029,-6.196703206918336,-7.451471972850613,-5.953985042951725,-6.486565834192835,-6.3484765454307786,-5.994009831135266,-7.319543652096596,-7.381915043424505,-7.468783624021749,-6.366656081948155,-7.553775011234753,-6.040398481469804,-6.645717385190225,-7.853573220410718,-7.293810516270474,-6.362385425976571,-6.526433790747637,-6.060529056943751,-6.528482843296471,-7.5198358389403,-6.1679570766855125,-7.601668523520256,-6.2274031131157885,-7.851905646657722,-7.711477373759724,-6.681469418115075,-7.181306986883214,-7.55598517101635,-7.68543833949175,-7.974126869855632,-6.541827292437169,-6.871312856226557,-6.594273367497435,-6.199290889064226,-6.757984116547716,-7.613355344123082,-7.430424307735033,-6.681031147767345,-5.94296070911585,-7.290270014684273,-6.466134023662794,-6.187509676105485,-7.203407919608601,-7.642624499314968,-7.599791638931225,-6.4986417705999076,0.0,1.0,3923.236206750033,0.14612972899592958
48,-7.8119237667103,-7.702390531302393,-6.932063677332236,-6.662681396664597,-6.59318621032712,-7.3483569253516725,-6.135186425603823,-6.522914696285937,-6.293403337736931,-6.034814516262908,-6.918674624648975,-7.208954306827492,-7.771610350884956,-6.472963459255688,-7.721648051257722,-6.298774670154524,-6.401429841337722,-7.6774408299874715,-7.026726665471702,-6.339149933651416,-6.90813374518455,-6.090367899231438,-6.3366968870910325,-7.489721240231323,-6.207600957924597,-7.513100415970179,-6.481930555068249,-8.137404275352981,-7.3909171127919455,-6.576791940628428,-7.390279624585333,-7.375398582583453,-7.838741841873162,-8.091219543200474,-6.402495631205253,-6.787681744952815,-6.867748248050024,-5.997885650821697,-7.077397558083405,-7.759107142488157,-7.815863563810628,-6.366618595922799,-5.785353948335252,-7.143439703901819,-6.37127814435848,-6.257207129349225,-6.854380683968528,-7.6329793922771225,-7.440700859768698,-6.542572356698821,0.0,1.0,3540.376878371832,0.63484381716152
49,-8.227845739874416,-7.553848774279263,-6.776821354662122,-6.394146327511695,-6.35311774329134,-7.550115515454049,-6.297058479184474,-6.611580882019318,-6.350255102492954,-6.313768399697203,-7.033180478666583,-7.426693499123692,-7.621073834134661,-6.5681874650926,-8.051972856418947,-6.25703566434856,-6.591318412271412,-7.668652503148255,-7.0039780250572345,-6.240896161771704,-6.786993369253068,-6.271091607456855,-6.479951030545934,-7.71351063022348,-6.314282191062299,-7.284402930673486,-6.229021427040794,-7.89514832053003,-7.37638543299845,-6.45586610798429,-7.554796033862424,-7.22948018582805,-7.4837649575076695,-7.954215426650805,-6.4642664435345765,-6.823652601705659,-6.809101937740811,-6.131019863841864,-6.971671245616911,-7.6960411877539165,-7.596662811648181,-6.523406353719373,-6.0051205775756324,-7.430317408022165,-6.474913940002876,-6.205664270137646,-7.215859467429813,-7.804928230440587,-7.191648405825905,-6.74407137866735,0.0,1.0,3514.1243845163285,0.760602026223018
50,-7.840180171219038,-7.524627339754686,-6.845973130370188,-6.474207196088827,-6.528272201815481,-7.476025448295875,-6.077937053639933,-6.9212614168167015,-6.333285198095465,-6.6374881176761615,-6.976735954346514,-7.2881766849368015,-7.78212911261743,-6.633383812870561,-7.966627984657813,-6.467247538824991,-6.452785045682292,-7.866634772125364,-6.961170417196823,-6.292769739711209,-6.353632383191526,-5.930027123224382,-6.272319510758425,-7.736542853060679,-6.271795422383774,-7.5126435931796625,-5.97529293049149,-8.03626517876319,-7.7614335775932854,-6.812264115464412,-7.672730140736686,-7.726986247858341,-7.619035871623212,-7.782447090495588,-6.311053652029187,-6.8320871481304275,-6.683099509283279,-6.107388659137947,-6.967693260947485,-7.704712069239688,-7.562214271090567,-6.420473002421752,-5.7851306585419815,-7.150870395916364,-6.352757170641299,-6.03321033940715,-7.289658450529006,-7.906235599743805,-7.588785754975812,-6.553533022944355,0.0,1.0,4866.370681059771,0.0031070443073197397
51,-7.928070460472001,-7.479189470771493,-6.753868263842975,-6.216949115458855,-6.539313344608963,-7.620975164047464,-6.007799093111464,-6.806538917030707,-6.434316725374537,-6.284374253435271,-6.942338494710928,-7.557077722429246,-7.324621396154651,-6.660100107236333,-7.893805649853803,-6.543743471691142,-6.412384757185235,-7.6437180520202235,-7.077833185141234,-6.780036134061463,-6.5076031437481445,-6.1655055538856445,-6.128862146595614,-7.616058289435595,-6.054271145266048,-7.458291173353886,-6.196524859284263,-8.118993116853101,-7.460110782177294,-6.891433029727148,-7.266794286685948,-7.653882575142888,-7.328185577114844,-7.668966787624424,-6.365079178148921,-6.917872072107752,-6.694911438775019,-6.151654602177885,-6.90248518693911,-7.781541521055166,-7.714202700270508,-6.342538426865357,-5.863342893869121,-7.333101060507916,-6.723951946637977,-6.41125449414068,-6.979892292228446,-7.72641965958905,-7.20143327552297,-6.850984974935448,0.0,1.0,3501.302839686593,0.7186262109713911
52,-7.683547519696598,-7.558776115042021,-6.9045679790671475,-6.470974359063693,-6.3395879563304245,-7.478908633784404,-5.904622789552589,-6.5953513886490045,-6.62883302784919,-6.456634313526458,-6.72259722540531,-7.149128312051055,-7.6618386881091025,-6.291545885450214,-7.562031305179466,-6.376562219613832,-6.692449465306347,-7.514438336743681,-7.091545251199373,-6.509593175686865,-6.527445224363476,-5.996803331500759,-6.011681805767947,-7.548860556976717,-6.038699192023537,-7.197698903273826,-6.076896134765562,-7.698986801481412,-7.40899068514252,-6.414657767551784,-7.589289152373188,-7.457781339965405,-7.823112414459567,-7.781909458200851,-6.234172525975807,-7.002979132342461,-6.745841052600772,-6.17879934980973,-6.688954559738113,-7.909746386919006,-7.5917949459726355,-6.549940773722097,-5.872576716267357,-7.504651014342537,-6.721232128273321,-6.502607967068007,-7.059142365420804,-7.81681488373205,-7.5113386953201005,-6.610074385632825,0.0,1.0,3373.777024712124,0.7091192984766397
53,-7.8219012995121,-7.648723901229672,-6.73133360903445,-6.326654533613995,-6.6655171020254835,-7.647487652228455,-6.111838821092091,-6.589225382430738,-6.2513464362347815,-6.377268697504665,-6.894641496278682,-7.266741845352917,-7.549404210792136,-6.527033424971089,-7.7551457102590104,-6.684982644284116,-6.420266262715502,-7.981777310957332,-7.1398068667729335,-6.425124526198877,-6.629934467684968,-5.944727462627063,-6.329213284509063,-7.597309441036775,-6.339950507481076,-7.752863535817019,-6.25067410880739,-8.091015176696484,-7.36180575530249,-6.63790350245359,-7.410766006940287,-7.411036546989724,-7.747644442481657,-7.7604875473386405,-6.329504856645681,-6.885252189086771,-7.033781437828832,-6.279727666113719,-6.972503634448121,-7.998559256559895,-7.291067128630803,-6.375962956301764,-5.755069682215371,-7.2597400738909466,-6.5388696256536445,-6.075997591308694,-6.58817936223391,-7.564290230558277,-7.499075284756327,-6.955182865724816,0.0,1.0,3444.7774766487773,0.7895521901661322
54,-7.9567670970621265,-7.720234651953269,-6.507362579782177,-6.4815265679485785,-6.543872838996077,-7.478370704972592,-6.127055521071968,-6.637900479515478,-6.503051825847777,-6.486742123352937,-7.2483634949561795,-7.045769252675187,-7.724534106095766,-6.339645156258694,-7.909547157037685,-6.5584262550958785,-6.457516453665778,-7.9455458698339125,-6.743500464015536,-6.505158069066071,-6.615671114750389,-6.37926121499937,-6.173127542145195,-7.583835781482111,-6.072652659371247,-7.368694870693032,-6.447605506647933,-7.637758470183319,-7.702132248591709,-6.672188467158952,-7.401593687347856,-7.366378466320823,-7.844962889492399,-8.08087492059585,-6.6247212444674135,-6.819325579514508,-6.665442318342112,-6.171349819139521,-6.697389127143678,-7.713403930231552,-7.529039091549916,-6.563886305251121,-5.892049215289286,-7.349716251487814,-6.597768122445193,-6.368117631598059,-6.940227297796982,-7.649312411189109,-7.495274944115829,-6.795273423086107,0.0,1.0,3595.05935572363,0.6870970378870247
55,-7.847405492852201,-7.75386565368177,-6.655546285272889,-6.485305465875988,-6.5975372642817725,-7.694174201263458,-6.057317803318638,-6.681178329018887,-6.323543434024245,-6.424922958810095,-7.008955882534008,-7.027879218749828,-7.774455967724683,-6.754044663237547,-7.549955582780771,-6.362907742032471,-6.51639970515675,-7.682547031142725,-6.928388204060307,-6.280416507178163,-6.431582993606155,-6.209270199464041,-6.17153555307298,-7.587858442837611,-5.993091791229389,-7.395764178268316,-6.178382282982484,-7.62295712919433,-7.439806578680794,-6.807202302414584,-7.527045548745377,-7.476131038469323,-7.713531403189047,-7.904967380149537,-6.559436065654256,-7.115343050805465,-6.669529666591044,-6.350271729792832,-6.981684428035773,-7.778228646375185,-7.7445254941527635,-6.865833435468198,-6.242736568819675,-7.214295399708885,-6.429497403096448,-5.972028357395095,-7.106560786496676,-7.7704154525876925,-7.248246535279965,-6.6483036319747795,0.0,1.0,3968.4629968024556,0.2321658108337914
56,-7.817024462886661,-7.529762842031871,-6.564780374377938,-6.544058200946869,-6.496519608151899,-7.5685219990314865,-6.206056637950399,-6.534901687141223,-6.218483729102788,-6.536775163843082,-6.956381431102856,-7.119971732248469,-7.661322882077652,-6.872012867845849,-7.602461451884931,-6.71614869804499,-6.265985248143247,-7.910025058837512,-6.844484599518563,-6.345698477890353,-6.7602758033783985,-6.233470471040629,-6.047623354428489,-7.5576738859588835,-5.735513880499656,-7.306698702676723,-6.252328256187274,-7.580800611703648,-7.404560189481629,-6.554620632709329,-7.460194888471397,-7.6740121946044475,-7.648713952316139,-7.9864277817608365,-6.383952576974544,-6.845315353104486,-6.766872921070365,-6.363145327020663,-6.821088331129315,-8.063715059078914,-7.777418591625826,-6.448843286758277,-5.975750358932633,-7.211906391862075,-6.5988263590744225,-6.077626193149914,-6.9632520681219106,-7.398538566491988,-6.954422145807863,-6.594823939970731,0.0,1.0,3374.6717264553226,0.7141242458592666
57,-7.683540106049284,-7.731602318784163,-6.898644766251862,-6.379482427997352,-6.6498656888571075,-7.687375641322706,-6.092384026941135,-6.432237414669019,-6.327737871959774,-6.523343210559981,-6.754473822656411,-7.059946756524728,-7.671204571937751,-6.397120701988255,-7.862371208057003,-6.458433544971504,-6.442276706116448,-8.306979262811696,-7.11946814842871,-6.257343417880953,-6.320573955982694,-6.115046219627791,-6.149884446797469,-7.407591795572328,-6.242088295601355,-7.558026849555316,-6.126325893760959,-7.842581681048295,-7.766561848110355,-6.544847916530758,-7.465204752234749,-7.421937962152173,-7.722675688081932,-7.971062223125715,-6.475381241117737,-6.802112836253098,-6.863243634397601,-6.278914492498691,-6.407791278177237,-7.6481885437869295,-7.195649291389915,-6.566667694649841,-6.4666342732583475,-7.141991379195612,-6.756668020726395,-6.20349124663149,-6.947429506052878,-7.871281166113342,-7.230521830285484,-6.559009039950961,0.0,1.0,3745.612425363295,0.3895732700248011
58,-7.871389437830142,-7.496297950178457,-6.807321851995065,-6.4467245489434575,-6.868800660678951,-7.478996415715521,-6.106787505711465,-6.6865557954358605,-6.536691424434862,-6.338316927417477,-6.707495598849909,-7.203146627136946,-7.566350317285583,-6.549746542146383,-7.995093698619436,-6.360640761990812,-6.703908848233701,-7.9297936350866305,-7.1376572704239,-6.0319105413153515,-6.608266104126122,-6.348307356471375,-6.313326863328787,-7.593988123463117,-5.991529682265124,-7.444615091765761,-6.134252816181517,-7.928657460944157,-7.652149318002362,-6.474402839882584,-7.555859575624442,-7.4808118898305755,-7.403493815104922,-7.613419060902476,-6.124876926704804,-7.0596136841451465,-6.893938621546696,-6.197234503923642,-6.802253693058598,-8.038678960430271,-7.586770970879753,-6.2928619663919,-5.857722841003022,-7.319028331581534,-6.734820206093656,-6.051013277071567,-6.753430278113481,-7.8618091889994455,-7.444469879946996,-6.492536056146286,0.0,1.0,3756.851461237433,0.39311910537576744
59,-7.646287708307477,-7.74185674601703,-6.549571604012927,-6.671412671602434,-6.861005186596466,-7.498091695894433,-6.172342090398284,-6.749051823563937,-6.1501742233495,-6.113313120362126,-6.618148037115359,-7.270754187859385,-7.63057817601244,-6.334335096525561,-7.974699297130446,-6.17479915738532,-6.426770326531357,-7.649400880012522,-7.241927591590233,-6.048185489980454,-6.542997497818016,-6.05579847077867,-6.395257643370747,-7.844276571350422,-6.038648891933002,-7.190626671205649,-6.134262669401051,-8.046356971891388,-7.723379907620132,-6.348238189700322,-7.5724263405262064,-7.59786535202084,-7.564322823247421,-7.8891319506978315,-6.577785153675814,-7.0077630684505845,-6.975668434629958,-6.1324762193642,-7.094708313776762,-7.835010834606242,-7.64404860908895,-6.538095585266992,-6.052596444325636,-7.628236864280829,-6.77385631302162,-6.563514421930991,-6.940665385398829,-7.703317422941469,-7.614812385541569,-6.556820960827392,0.0,1.0,3569.381586467636,0.7249474599867272
60,-7.87127762127654,-7.847352907195889,-6.68322407154888,-6.115881062372271,-6.616189134856926,-7.690365882937745,-6.275374590172759,-6.939474172149555,-6.381170090460062,-6.698561575215876,-7.055073465591035,-7.170391108652201,-7.634895773502526,-6.494468337178859,-7.900616752110659,-6.208122182762958,-6.75851792067772,-7.470748953933885,-7.129008896774644,-6.15702785443102,-6.6911218206992595,-6.2181122261128685,-6.4313131958502305,-7.446795350898629,-6.408175756598241,-7.561594083906893,-6.18074224022655,-7.786735036227292,-7.715325660448944,-6.535989918489215,-7.638113497567848,-7.648421267680353,-7.233741342462526,-7.76256108691139,-6.396549949826563,-6.801802356900055,-6.610046181309994,-6.112884288348255,-6.656014273188392,-7.8520431670076345,-7.681718526475878,-6.119600700829661,-5.919566497666934,-7.447215646598197,-6.454755190650338,-6.42325258459033,-6.914324408677171,-7.820471907505448,-7.213070982065547,-6.5767409800782515,0.0,1.0,3593.7937065586484,0.6184623373977054
61,-7.927977054180111,-7.6878319156094745,-6.636347250050549,-6.382972458641465,-6.5197973958776085,-7.4882118335700065,-5.8639333816839745,-6.465258633068582,-6.29576150501923,-6.313948696533912,-6.7497897423529585,-7.510585134572301,-7.556758883398045,-6.7377639538681215,-7.543838208039544,-6.487869235694978,-6.557791581365839,-7.840671288547873,-7.315814626792703,-6.20071175626821,-6.2606287512733045,-6.037506106292003,-6.443177699132273,-7.743668383187306,-6.365337967494524,-7.279738248505484,-5.980652033762185,-7.78740769627456,-7.50348663727151,-6.7337263281039785,-7.395568143400895,-7.420998377998815,-7.651666948429488,-7.923165862265853,-6.562709303743855,-6.707762672581796,-6.794039237460942,-6.180622421664949,-7.254555029020954,-7.840686312740092,-7.7994819174943775,-6.181299380854203,-6.150982855982796,-7.23860978077764,-6.742560212371398,-6.451457774797795,-7.093352178368603,-7.997102160508297,-7.624883890701092,-6.778917085141699,0.0,1.0,3733.597652589196,0.5293834624440276
62,-7.7339192317302645,-7.869715660383532,-7.055693503451456,-6.466213661307234,-6.644520047434749,-7.538444536251523,-6.494403716417152,-6.731498928541334,-6.321139968781225,-6.293894711083184,-7.043021273849629,-7.463677798852056,-7.502395909308854,-6.795861169884405,-7.5978664545740475,-6.449267011498941,-6.428293361747723,-8.041288651925477,-7.267619973479797,-6.378030805182556,-6.558433970508351,-6.029539702937051,-6.585964808406657,-7.523011119369512,-5.862001706461584,-7.602224588604772,-6.318447345162967,-7.816183732188306,-7.3154360751967396,-6.43290719353983,-7.371799790021878,-7.4370421284411945,-7.618398720975285,-7.740423504852403,-6.35710013556698,-6.790692183308999,-6.796519968371861,-6.305206828159121,-7.032738445327815,-7.779273347280628,-7.698304093996205,-6.270869858467291,-6.095011335924913,-7.3123679245780675,-6.3955722805906285,-5.831951180472461,-6.96728222455561,-7.655458988970614,-7.416368487381906,-6.8742093226040835,0.0,1.0,3906.19635778711,0.3205941195452246
63,-8.113437020947396,-7.591151149544436,-6.875081573085108,-6.555758144088137,-6.813502087337371,-7.860716091312382,-6.228845251831199,-6.762030567279163,-6.404545715137865,-6.2363577807988,-6.94929731609437,-6.987963671221362,-7.6417212895667355,-6.486591978501379,-7.781279119358088,-6.281947704511692,-6.508545550665329,-7.893832173713448,-6.979945426786199,-6.641802264354946,-6.50081166950274,-6.11155147237479,-6.822597011936626,-7.467663861569347,-6.30459608093235,-7.678885677651915,-6.274751335469689,-7.935079685931595,-7.389508058681414,-6.733019958323315,-7.225560213710242,-7.487458529058835,-7.725172497211234,-8.024006812887382,-6.5612935575285976,-6.8528653134031945,-6.650164166232586,-6.180942673461143,-6.7487688261814105,-7.8017818434059825,-7.748974705091061,-6.272279881627257,-5.714745606669537,-7.050211364299548,-6.4986085082972185,-6.108493895946668,-7.065938172179876,-7.790473357978047,-7.789638506176998,-6.875648050390879,0.0,1.0,3691.384434860261,0.670920048870179
64,-7.836722239996983,-7.475160332539019,-6.77479532033382,-6.422314230605555,-6.51751569951545,-7.745244129892877,-6.254773582004949,-6.496353235840531,-6.557717220350464,-6.3598588805558425,-6.856657084627216,-7.180374472912329,-7.5723847182194,-6.42842092714116,-7.767712649267919,-6.227295622962562,-6.475443678421033,-7.7692481991217415,-6.661955763585584,-6.620134770484528,-6.342162394999992,-6.0482995972867,-6.672832928162539,-7.563689431476121,-6.125545575608479,-7.23553223238162,-6.441294443881751,-7.971887221825634,-7.589793031414645,-6.75008252712447,-7.270121633939303,-7.327818551404637,-7.879647873923993,-8.211252083604657,-6.4491043865740965,-6.905257668461558,-7.175529484329938,-6.0151219779926155,-6.950464197407272,-8.09305456559097,-7.536181652060516,-6.553327210896577,-6.278649436189404,-7.3246641162361055,-6.4727201542764945,-6.069372602888004,-6.555784765207638,-7.7913505981533895,-7.344675259918663,-6.888702912496101,0.0,1.0,3896.58036063673,0.3241666095299747
65,-7.454237855442136,-7.226032596984201,-6.587187862687601,-6.505483352676479,-6.620214421867195,-7.379103139648215,-6.310925928819517,-6.632108148436884,-6.535930615941368,-6.183739040727083,-6.974168972868825,-7.16225300194281,-7.426406773785696,-6.503958077253018,-7.6827311558774305,-6.282704716666074,-6.600359234072443,-7.747879988882208,-7.282488309618905,-6.158187355639168,-6.3557542259767805,-6.120251288073745,-6.537760485042838,-7.698534786128946,-6.669463852033428,-7.392961856774252,-6.170447019816722,-7.705099936163233,-7.418930771782059,-6.465880256649086,-7.439402550308904,-7.499458611558817,-7.375465652411093,-8.192639805781116,-6.4382340206838,-6.843327628554314,-6.825159180254282,-6.229081576512629,-6.786105713114374,-8.086954489522356,-7.594848580453101,-6.478130664635806,-6.095887885943704,-7.329765744127023,-6.528832935822126,-6.407094525634628,-7.184739955436092,-7.692152861611313,-7.470789376470113,-6.8667256026978185,0.0,1.0,4251.917014779228,0.053343223302896536
66,-7.9459865925985635,-7.710845228248614,-6.608693687211779,-6.6787984921623345,-6.93589928027177,-7.326303888318725,-6.189217048223189,-6.611162647476804,-6.408827521225954,-6.563244619454603,-6.863799489368619,-7.0373208966641885,-7.335244978844923,-6.464334676508455,-7.568942293951033,-6.434825048835861,-6.604853704777317,-8.020687059167843,-7.336000933637409,-6.50513808282333,-6.484503476099289,-6.149930950057712,-6.558982883520693,-7.790069617009097,-5.980383834777622,-7.421747585996839,-6.2313357340656985,-7.9350198216040875,-7.639604964798516,-6.628918682266279,-7.568311539241004,-7.611640213561171,-7.588846476572654,-7.584726899292868,-6.4571855492898,-6.817576691254846,-6.500599927474418,-6.07480467661623,-6.679099094316516,-7.82799502682502,-7.761114924743552,-6.194607843372965,-5.629676140967311,-7.191964084718345,-6.506239757063103,-6.111880730077331,-6.810412842029451,-7.670799178056448,-7.449969176008953,-6.788978974476265,0.0,1.0,3643.4327721132327,0.507509489398191
67,-7.466296377784172,-7.777777873962531,-6.7786728214371275,-6.497560254499883,-6.36080252500626,-7.52904348559628,-6.477223658373036,-6.518670896941728,-6.5024067039776385,-6.510749352139205,-6.988508949773951,-7.2485895358980805,-7.733478102866969,-6.548716029654176,-7.717521992486111,-6.319418218000699,-6.578659178882065,-7.8759339334328144,-7.02828731945846,-6.424494664117988,-6.6938496005156,-5.864219232291157,-6.271567012927684,-7.70190972564748,-6.244605631350462,-7.390292424194609,-6.233463575715127,-7.626315611878771,-7.6379305833317375,-6.676617429643527,-7.667849686139703,-7.628807798454565,-7.519812801385126,-7.935470133097358,-6.218127164007551,-6.741491814627868,-6.705312113847527,-6.007311902726366,-6.695518880438515,-8.28616536642607,-7.74402481353383,-6.897903024067498,-5.965950771832198,-7.363907198019206,-6.650068454449123,-6.175172115665379,-7.055180275289967,-7.720055747788577,-7.534522815049642,-6.896611184441804,0.0,1.0,4220.007581245901,0.13594599626155013
68,-7.693877590089091,-7.300509343393522,-6.675454550243309,-6.33977578432469,-6.403367450777525,-7.665646888322471,-6.515658835683244,-6.323067915275186,-6.162242829443925,-6.198437513762882,-6.9921418175226835,-7.19181405228537,-7.162382146769361,-6.533295297034388,-7.872724675247011,-6.322241018530926,-6.517795596827977,-8.105789131619455,-7.026790707982025,-6.367076320923195,-6.298163429360076,-6.166986870336354,-6.527734090629435,-7.640526789019117,-6.155646974705834,-7.514431018227515,-6.2301581527625425,-7.9529462277085425,-7.519698824156126,-6.458754693272596,-7.540914731921771,-7.5332312791723695,-7.632535606331968,-7.884434894227293,-6.648663095027709,-6.87951624035453,-6.627828903133728,-6.48924618041199,-6.620547789074355,-7.798425441582783,-7.18541276735366,-6.080811464028457,-5.885781634550466,-7.109785412227993,-6.9124870041589235,-6.193309624937104,-6.832876547938335,-7.489056916538129,-7.37863080748474,-6.518652400358287,0.0,1.0,3329.950622914114,0.7036448848249826
69,-7.785718660641553,-7.438854678608576,-6.633372721202268,-6.33209935612557,-6.7083200030214325,-7.585323404701806,-6.548987034882885,-6.845002789312947,-5.942440396456006,-5.9826563658716845,-6.759390718263074,-6.910772512753798,-7.4698919357628135,-6.683371640934466,-7.542774630426537,-6.332398613712384,-6.636035604766483,-7.74190548857774,-7.401431738306067,-6.609239149649973,-6.527639408947139,-6.141152542578697,-6.47139361279443,-7.36691408340556,-6.0299733674939695,-7.353829258924552,-6.317771029910503,-7.736434896631541,-7.47424009969192,-6.519748000259601,-7.327407567119228,-7.657727254022756,-7.369776374766813,-8.001919918713536,-6.839464924788331,-6.800853103677347,-6.830020706436431,-6.20178384226349,-6.51581700249435,-7.671270539265736,-7.709444254802138,-6.094225505077511,-5.562321645038789,-7.150670771388666,-6.4159972980888895,-6.1392476694022715,-6.654582483145091,-7.633527426498767,-7.349117813185835,-6.525420791076418,0.0,1.0,3733.1125595875847,0.18184465180080986
70,-7.7927607301341135,-7.789927681795249,-6.758901892227029,-6.330973187443457,-6.521634396535691,-7.530097955263559,-6.1390600820857335,-6.910505017787503,-6.349306494593991,-6.17451556147409,-7.095462541663434,-7.075679277744823,-7.640618727475052,-6.550903942797753,-7.743593406290927,-6.33516906174833,-6.316135364090158,-7.812149970932917,-7.046761328324634,-6.13045711482354,-6.606583307449535,-6.337793362504394,-6.306429860790167,-7.582916783900218,-5.968134000443475,-7.503728237541697,-6.293405840356371,-7.72190275588515,-7.469800132907588,-6.587331799259913,-7.18828224957472,-7.439806306807253,-7.583405720213014,-7.643836251161723,-6.247334318395643,-6.819759896114073,-6.497531928756677,-5.835009030609844,-6.635361378977686,-7.929861791173248,-7.200767857920967,-6.459632166582109,-5.750950296812465,-7.25982517568233,-6.428888022168215,-6.158892641909347,-6.936624744645543,-7.693231004829854,-7.326434100753076,-6.625669488210176,0.0,1.0,3940.6710011135,0.06554290763884661
71,-7.668682520326006,-7.534011130634906,-6.62159274117188,-6.143530867370208,-6.497654878797677,-7.611115993403709,-6.579007812493763,-6.806446547023992,-6.123111662146515,-6.604631186313257,-7.0484069302756716,-7.34467864457442,-7.378104764427712,-6.4599265780984085,-7.719528770543676,-5.952400662692119,-6.451645268635962,-7.936947827290529,-7.1649642200796615,-6.364302484746315,-6.393800149212623,-6.069815204385397,-6.210991428326615,-7.689285420683826,-6.242305433293849,-7.254243239180767,-6.128630975508908,-8.109466379910149,-7.732725425973978,-6.515592592197079,-7.2154789702235265,-7.505477251203826,-7.436345837742757,-7.908741323229327,-6.5054119286352226,-6.875494067561551,-6.660389490357972,-6.0322943127075215,-6.493821452041204,-8.090660244404479,-7.558260826327307,-6.4315153139701895,-5.929594946331856,-7.538717778011383,-6.91901045587909,-5.961441619253635,-6.947167499979788,-7.543471011232788,-7.190200595061122,-6.495553036175858,0.0,1.0,3600.6874917375203,0.44520542278912667
72,-8.119338630800225,-7.776891132398064,-6.450922895099253,-6.143070833923363,-6.610334766403721,-7.852254376017243,-6.199513624791141,-6.5145573859840145,-6.2050825782228625,-6.425930874871181,-7.086195779287552,-7.5072340462494855,-7.556077305187103,-6.516163602047318,-8.031511638065611,-6.092591554435204,-6.41365405691866,-8.033971456765123,-7.037037349936831,-6.180404428594909,-6.688349850943801,-6.273417109281281,-6.2642371728394135,-7.741606138105569,-6.229539531481132,-7.498156599965744,-6.524220135966792,-7.91842721750922,-7.610860004724674,-6.65949868498484,-7.095431861939894,-7.508901912037341,-7.8864139173686745,-8.157188209430212,-6.4330002821432695,-6.664775861867488,-6.480634185203624,-6.138506030118577,-6.669411144354142,-8.02650284087735,-7.410907282039934,-6.524883756724867,-6.269285513774013,-7.169567194387162,-6.568197361024439,-6.263275393413755,-6.764649671224808,-7.797403860333132,-7.73041018936589,-6.4762495235758815,0.0,1.0,3631.392521869964,0.6809211562599151
73,-7.735686535005533,-7.856673444171328,-6.706071406852418,-6.508177048681885,-6.582467664906111,-7.456154786152665,-6.143422246231358,-6.7527124831424965,-6.267290619933256,-6.331776544796473,-6.72299761035273,-7.319735265079072,-7.736544186034958,-6.543857388445192,-7.930801594543062,-6.152443226652541,-6.672696523906721,-7.866727972311991,-7.355869296162725,-6.341694494065682,-6.596936181617408,-6.295347377156711,-6.358962081017626,-7.4462499232110115,-6.11452606435866,-7.529751069242391,-6.10218991959447,-7.608178445798803,-7.511271659135647,-6.5378632723926335,-7.129608777863804,-7.166366236593434,-7.772455910911809,-7.854872282744577,-6.742703751625158,-6.947529460071518,-6.816044480282651,-6.076214863656497,-6.66308279469405,-7.942961677870764,-7.319913438298633,-6.001774164174407,-6.181889009554325,-7.282896206715894,-6.737145309097847,-6.137994793913767,-7.081341182570524,-7.697482828859404,-7.328314699751027,-6.808243720290796,0.0,1.0,4293.4265217851425,0.037870211216457596
74,-7.652571326499948,-7.382513069067837,-6.787909769958984,-6.290812594929778,-6.589753521644726,-7.647892128527846,-6.231736572892587,-6.763163301199631,-6.444115310330044,-6.375565243331862,-7.095690425913666,-7.406425119108075,-7.443522435244945,-6.478093178295714,-8.145744074395145,-6.54623656803787,-6.474109367036098,-7.714556558132048,-7.01594110868106,-6.429894360013455,-6.492502879757847,-6.10240177043604,-6.323421814019555,-7.369174496200606,-5.984557166979573,-7.451192819596362,-6.087281401747732,-7.708351586999207,-7.696162563879555,-6.564024485163368,-7.331414609250529,-7.6548515990702075,-7.677035806307896,-7.744464908166787,-6.707961696096569,-6.963368952986998,-6.682600177727928,-6.135633675301895,-6.790347140210063,-8.035381898078892,-7.346848063563184,-6.31413914205721,-6.14469703822484,-7.327192024488164,-6.812184887621602,-6.467950023962966,-6.918292193961569,-7.343986916398943,-7.267351095972059,-6.381784908744791,0.0,1.0,3586.0476823254257,0.5559703862201276
75,-7.988123894577235,-7.662524144812187,-6.818938496842398,-6.474532147342437,-6.5977502442274725,-7.7959916642858165,-6.18443402556724,-6.542448433249946,-6.2441284240718975,-6.23714520620729,-6.844821823536654,-7.068363960420038,-7.344159305194562,-6.373394605393891,-7.73333790698601,-6.557688810717121,-6.736694371257327,-7.611620718457617,-7.414919643662073,-6.398053986187572,-6.484313528750938,-6.2271873948995715,-6.514922028080539,-7.555464718980022,-6.10767801160541,-7.452882903201915,-6.247257585097239,-8.131020680353346,-7.30680397757989,-6.940076423701813,-7.536936331241994,-7.636524752190068,-7.951524626817105,-8.108798932113007,-6.5202357323770475,-6.939644455474006,-6.865308615694413,-6.298493097379556,-6.6286852111405175,-7.746599461195502,-7.643952647336723,-6.298412542634118,-5.873502270181348,-7.2443167334139495,-6.613081588981442,-6.022769863967031,-7.146513795903803,-7.3689543704630625,-7.478374499025688,-6.652189958795394,0.0,1.0,3852.2931156229806,0.4094144334814682
76,-8.024598551463516,-7.166981683226644,-6.631878823583052,-6.542059705793706,-6.782901497657258,-7.605700438860944,-6.410927674319961,-6.764402682862787,-6.3227561649813335,-6.192667521291107,-6.6783378863942024,-7.334459033819276,-7.833387236200293,-6.136730545360034,-7.5006170949019335,-6.283757405639774,-6.534288471234664,-7.784399132067347,-7.083621914332908,-6.142686271136293,-6.767424340191941,-6.097814472677774,-6.468453848885287,-7.619137099803384,-6.193605036877497,-7.449594430011562,-6.391628400094859,-7.603577140655421,-7.551424167847228,-6.660111727776905,-7.229973250769807,-7.4575889497491845,-7.741137072547159,-8.04065466043395,-6.4180668542220785,-6.742414457268496,-6.757309360977084,-6.190915373210383,-6.900335458395824,-7.849098549264781,-7.658295163475668,-6.505003099824594,-6.008747813174059,-7.27192876674909,-6.566498741705666,-6.265353659858436,-6.978509633161098,-7.702269112028075,-7.584110085235153,-6.414140095723967,0.0,1.0,4287.676827691815,0.04065657412731669
77,-7.75203377488292,-7.730239947578963,-6.764067366638966,-6.275992040374881,-6.791610296042861,-7.574311147362205,-6.100309555821488,-6.676330682717237,-6.47349873614359,-6.3936614348565115,-6.774931351924417,-7.622476851697342,-7.3791643368378175,-6.490683916331471,-7.855308548026779,-6.3464012844255695,-6.600155964708062,-7.893080955151286,-6.903259788363608,-6.2819457076995615,-6.529505294353496,-5.833646638038544,-6.282550031924727,-7.243787338815292,-5.856963161422311,-7.288625238532366,-6.237371334078632,-7.822496369360685,-7.619624384801099,-6.596247575524896,-7.497789570530473,-7.678846285899303,-7.4930895439763825,-7.665786066011861,-6.343781046213707,-6.650696099079942,-6.699659126785919,-6.370051617761935,-6.773031774758536,-7.989152429420635,-7.60027650215915,-6.453216446344911,-6.1043255133421725,-7.046045254550165,-6.641098040347137,-6.368475348356959,-7.1770566238895,-7.652730756111273,-7.4056045884518165,-6.674696580999321,0.0,1.0,3547.848164660545,0.5657547791489294
78,-7.731845451729334,-7.138861769723932,-6.626041742159089,-6.229065335029595,-6.512829998024011,-7.629080224565059,-6.06660581959839,-6.83807012046643,-6.134764497891848,-6.404140950401819,-6.825760367063778,-7.29338929074685,-7.828174696863473,-6.608463886998035,-7.775861630904941,-6.392302261223829,-6.763806142252351,-7.718990070611624,-7.150085656038787,-6.11885818122392,-6.591386737602299,-6.401161509192443,-6.262278449539933,-7.664307381153697,-6.0063779265134745,-7.450067817581691,-6.383990979006001,-8.005140715590745,-7.642601182823002,-6.915562173021907,-7.5576606913896445,-7.315168306590841,-7.875790729216184,-7.938129915551405,-6.463250001121738,-6.647815998031768,-6.316684844579253,-6.233363998812624,-6.730740235517019,-7.7142791171491405,-7.663532599856986,-6.33262121771632,-6.044290143240527,-7.49322707033233,-6.456858826606559,-6.095867276691831,-6.93726485227645,-7.798947552996318,-7.5421729136080025,-6.561315500141626,0.0,1.0,3455.944865196142,0.7314076107195027
79,-7.532673885022844,-7.579313179008262,-6.523957963453959,-6.479250877272818,-6.5222884848226235,-7.7647939857016794,-6.008128864017813,-6.667827040789062,-6.06222358688469,-6.5474793300149,-6.9971840808584655,-7.0335647774671255,-7.399044316464414,-6.324739825514238,-7.84441661793684,-6.16014880268505,-6.44739183329586,-7.9164117872980295,-6.950476331193284,-6.000947574841294,-6.357295066333507,-6.166719791238765,-6.4706880786234215,-7.693881395660579,-5.805949664060594,-7.400028213892648,-6.58364424618426,-7.876693824363601,-7.553049040607851,-6.520353869139525,-7.496586981578529,-7.27472786190716,-7.625422779784975,-7.868305819411774,-6.119344376399347,-6.785779245937691,-6.349315763820516,-6.166346566854501,-6.684255587937579,-7.74795337614514,-7.671686840989214,-6.512471742119702,-6.1609504301027584,-6.958975760724647,-6.661155057983459,-6.051554556114683,-6.876327120615537,-7.416081326054854,-7.3915361466552305,-6.511836674244283,0.0,1.0,4305.836429809393,0.0045771521094095215
80,-7.911244306138446,-7.7870846140408,-6.692268204640644,-6.193278273217463,-6.226458558786,-7.643067804342219,-5.863599648305389,-6.618371829352012,-6.39360096016759,-5.907513310849286,-6.948623672560257,-7.243231275494354,-7.512668147768104,-6.425852305424112,-7.999077661402629,-6.288928900943471,-6.75175410595874,-7.676194307390191,-6.8954920914806666,-6.330538862181461,-6.4826192922732915,-6.150910107599061,-6.384008431526994,-7.921807054108144,-6.046445246706338,-7.155508763490595,-6.212363500026858,-8.191211277438963,-7.433114925452614,-6.574353957964893,-7.481249587432689,-7.50209373476207,-7.4414458990510495,-7.674852087897433,-6.421456830614615,-6.7802818061911445,-6.798580070492713,-6.27870749107598,-7.130599914947339,-7.854817451084137,-7.437748903318942,-6.414652865284753,-6.182550801570867,-7.522951845432965,-6.5136738709228235,-5.8939890343325905,-6.950724901447449,-7.577705815288536,-7.41732315040177,-6.557875865626037,0.0,1.0,3873.5829324940682,0.187021636055181
81,-7.50793482889086,-7.194605948137264,-6.400814096704254,-6.2882469010143165,-6.50540813183875,-7.453895073762344,-6.0580477787368885,-6.351202665076155,-6.285582498212106,-5.995041489948858,-6.9014325602426805,-7.475779082883948,-7.693045955847181,-6.636178711344887,-7.76522426933023,-6.617961842555228,-6.448362031406982,-7.953358649372031,-7.15105744892423,-6.424440454980235,-6.669856347928077,-6.307843190524503,-6.138390613755797,-7.161281116634353,-5.856167761857862,-7.723592041571081,-6.3101170652757705,-7.476312768163689,-7.466744148796609,-6.706342015820716,-7.507823043639562,-7.477494661001116,-7.744257078676033,-8.015202201222447,-6.307056472490963,-6.711011524728514,-6.733306560203918,-6.229071678461644,-6.821070383958735,-7.585872440440008,-7.746629774445187,-6.269699653835571,-6.138631429163329,-7.241566751699917,-6.859117056227584,-5.888966217417056,-6.669247024220199,-7.545696165360574,-7.518110145463595,-6.477589546706698,0.0,1.0,3195.584550236293,0.7940633312589758
82,-7.673753128022105,-7.457989497402953,-6.265225686890536,-6.323720581414275,-6.5631532978706595,-7.340821626565463,-5.860431570806472,-6.728826213591564,-6.296670684680257,-6.460990000068255,-6.811958368816009,-7.320225037121615,-7.429863340524967,-6.75502343378607,-7.541550296628574,-6.06992550494205,-6.656441072129875,-7.57619533311733,-7.1477645101241265,-6.3212529417818875,-6.583344568701551,-5.990268491842345,-6.40559866822593,-7.8134959512561,-6.254895703372626,-7.468063088519305,-6.327932540925185,-7.846930564657039,-7.432599333475349,-6.78687872889704,-7.471245747844651,-7.523166674921756,-7.786793650586654,-7.8704253151768135,-6.524886634383294,-6.9676199317476355,-6.812585716342413,-6.216903023827593,-7.011372498841674,-7.511241064643424,-7.728814336555916,-6.511057475930983,-6.233170365256562,-7.449518318600814,-6.610571752262545,-6.1339454288034165,-7.005820026393027,-7.3331863967887925,-7.435156255004204,-6.617207357465754,0.0,1.0,3498.344962220094,0.609858795753937
83,-7.931517419645631,-7.340074489932569,-6.519200510739437,-6.348290384176195,-6.546933842351411,-7.810899038860677,-6.311762527885657,-6.654599163543988,-6.2916148592959384,-6.5746478569219935,-6.899774515372429,-7.395580786117851,-7.338853624870056,-6.455487291412782,-7.7979016053040535,-6.146541218174818,-6.922658560959759,-7.712856903451854,-6.990155313040941,-6.070101955176165,-6.60812241499617,-6.3506438254667055,-6.20426249929029,-7.463595745081772,-6.110776635953363,-7.448048113481553,-6.21031405167577,-7.646579015293087,-7.681219175104126,-6.2609859178379255,-7.565861425002731,-7.417335776900821,-7.727461782754613,-8.077418380919497,-6.509512494982497,-6.955641166683314,-6.636784773020892,-6.269521313886105,-6.801093818533922,-7.723776573794347,-7.61696606647706,-6.312347271577804,-6.044662132669791,-7.216063566053699,-6.254980875204946,-6.324774892903118,-7.087732270678267,-7.911728210791306,-7.189686157958133,-6.75187102909115,0.0,1.0,3527.1232422132775,0.6082670719217997
84,-7.924568200726729,-7.434238558622662,-6.803286632193554,-6.735307955569905,-6.837233355561058,-7.736733042234584,-6.290845631612245,-6.834685767645782,-6.371018521334385,-6.475902797934213,-7.160803082815176,-7.254786937377872,-7.418397369939205,-6.601525384877403,-7.291281833265689,-6.072935118894947,-6.513730694854094,-7.759885240969672,-6.962931043917111,-6.122491729697293,-6.21107515048665,-6.106563052998987,-6.218038888429184,-7.672880586189417,-6.14404322818711,-7.298277969150354,-6.4362411223828015,-7.710587073274551,-7.205836410457573,-6.318377385749959,-7.403793844554067,-7.468292009609167,-7.415115249721987,-8.039385167442719,-6.180602422661436,-6.861904514034127,-6.859474125141353,-6.055511460044036,-7.1650289897975155,-7.860852451070766,-7.5720174622483,-6.2661460999515315,-5.800100686000105,-6.932633296107655,-6.48633576061224,-6.170290899877759,-6.956713917294221,-7.889361348232074,-7.121809325501992,-6.65611961845791,0.0,1.0,3598.2409459552223,0.38063437775905656
85,-8.012988386451607,-7.616240014012725,-6.5842417663435455,-6.4173299061065086,-6.546364030899094,-7.437741149286474,-6.209376168655077,-6.874272175020268,-6.367425941780273,-6.178201800918329,-7.172030145856919,-7.003103952494102,-7.598613439628994,-6.673168684918323,-7.5469957490630035,-6.461138817402325,-6.545742722694781,-7.778291309038584,-7.070225193300138,-6.387983059354075,-6.527541259464121,-5.867458106296939,-6.235756061267924,-7.5598652183985084,-5.954386371742915,-7.557227380942212,-6.341405575354023,-7.787587529235988,-7.471839078376543,-6.790299001131671,-7.5116513346681995,-7.4021072600122455,-7.433151790083665,-7.905369731269536,-6.3216891957684975,-6.927113575613761,-6.6243413143806364,-6.276762917008819,-7.01289676349309,-7.820099013276683,-7.705831218901338,-6.586238361715751,-5.755781914074395,-7.271765576143717,-6.435420814788391,-6.330031015366623,-6.941252638038391,-7.495026591747365,-7.243409399457165,-6.637692330499398,0.0,1.0,3780.8745278203646,0.2936673465974301
86,-8.241017622267243,-7.732845668916867,-6.509596692463653,-6.595776176866682,-6.559883018527414,-7.644863399395479,-6.038489470541387,-6.7517768197290104,-6.016447599430262,-6.3728366235579985,-6.970780725394762,-7.242663089111221,-7.567846597676245,-6.4832356110657585,-7.7717332317031635,-6.126679352260883,-6.759901562196749,-7.568008646592744,-7.241553983361732,-6.398246106248532,-6.409750504746688,-6.42974352033459,-6.118564382476957,-7.732259175827753,-6.339609626977964,-7.476159068947058,-6.3137667329433045,-7.955537265690111,-7.639939494389087,-6.406283363247168,-7.37634530699963,-7.686801983659672,-7.515093506229582,-8.130533531906924,-6.387388815537727,-6.410503772461677,-6.832362643389617,-5.960111607695665,-6.7119844360945455,-7.786906033288307,-7.543833579897157,-6.2333616146115585,-5.94013891920185,-7.314111641139176,-6.905014188976475,-6.255977984925833,-6.834337803710584,-7.962019845350814,-6.9104963622174544,-6.461243597532796,0.0,1.0,3820.472918513363,0.30288748208639804
87,-7.9031740907024295,-7.413464387382056,-6.614814918898129,-6.457419808664508,-6.639708525273294,-8.039297087158667,-6.020705277374476,-6.590528243211681,-6.247051839687537,-6.433301020687184,-6.938228105302075,-7.251154985417751,-7.785138429464462,-6.321123536161835,-7.931325990954281,-6.63447955247893,-6.66959044017863,-8.11277857879232,-7.273769053044149,-6.396099991205648,-6.538671099654628,-6.011796033270159,-6.582124481743358,-7.543378784117373,-6.208275643702793,-7.310567109834493,-6.216328126856414,-7.563865296125441,-7.461359304655139,-6.55978672622822,-7.618041078380862,-7.557555755422454,-7.662534465457267,-7.905203901725192,-6.256091661093754,-6.764067332854412,-6.7513393241473505,-6.450721520269593,-6.769977382535094,-7.846312874063415,-7.487504925523753,-6.42733216604679,-6.2076286229342825,-7.503518021787432,-6.6139121132392,-6.24184717741451,-6.798157405307466,-7.772021258408871,-7.405345650287095,-6.958040859579626,0.0,1.0,3922.911886975228,0.3808286039109633
88,-7.996969477732069,-7.443978814357522,-6.6092000991785325,-5.935941227189262,-6.741566043075367,-7.359255007861868,-6.022410838252762,-6.838048488062048,-6.288041747412851,-6.3000879655152415,-6.96045582027053,-7.146118816762232,-7.4976246430914015,-6.2713564854735395,-7.791773805814171,-6.290749002497493,-6.7128678378926425,-8.018086562190753,-7.059646276096488,-6.191902324572828,-6.340582144096201,-6.0385238289078575,-6.181384865343804,-7.768037373037962,-6.379969939901028,-7.279147685600406,-6.1650326739204875,-7.676096959198003,-7.753414005728389,-7.044838904815318,-7.508681228472968,-7.486748345440841,-8.036437118072374,-8.050910684656253,-6.473653731227225,-6.835713645229627,-6.568696747600828,-6.071451967380571,-6.75907357761907,-7.787924816071502,-7.566219160780921,-6.681113363372475,-6.503908218196003,-7.154644080864214,-6.76735360146792,-6.137248444222844,-7.208426179987299,-7.696668167462813,-7.39649482196524,-6.449363238398521,0.0,1.0,4005.1930925020947,0.19050435978957872
89,-7.694666884123018,-7.533689813768771,-6.537581271011757,-6.554437942360203,-6.59274394991605,-7.579625747109759,-6.474240965137098,-6.650507350163107,-6.189023023147768,-6.359309190005124,-6.992974727667123,-7.2201685869884304,-7.565228378639904,-6.542670158698287,-7.918951486437912,-6.458342305195914,-6.61258997424924,-7.632797891009057,-7.042238665235653,-6.543432774887654,-6.4365004940903905,-5.991818773937487,-6.278134266979873,-7.595035035544678,-6.143407667134632,-7.533289008069312,-6.110341937662964,-7.85555396472878,-7.204534069020803,-6.707143317835716,-7.507988836979795,-7.05021736388528,-7.497581705021124,-7.759067562406926,-6.522235381638899,-6.969568412269521,-6.722365217705427,-6.2159609694318245,-6.822781461680245,-7.574234861897752,-7.65258271137434,-6.393278564127991,-6.157328749699271,-7.229166378922056,-6.797820674439023,-6.201508471923354,-7.178539110514969,-7.97547938338071,-7.515644350200272,-6.6024763560521,0.0,1.0,3482.0271547890643,0.6877359289576437
90,-7.850500721911232,-7.453695177829829,-6.573707576509234,-6.36627497542799,-6.582138625376746,-7.614746528615133,-5.88994214039923,-6.7384443968320396,-6.286991730955014,-6.392220247764553,-7.272159743144059,-7.256893528046317,-7.594374924043237,-6.172776132728586,-7.702470857477184,-6.5691285128220605,-6.454422046088378,-7.866341266352502,-7.1122070153152315,-6.328540001585359,-6.478779110375414,-6.003354121893426,-6.4477906205886555,-7.330753941480818,-6.23733301633752,-7.315032360991067,-6.37799545887389,-8.012842506973984,-7.480208160688932,-6.701094592212512,-7.614508116187438,-7.292656526201623,-7.211453444797885,-7.917252501212215,-6.516067242997916,-6.834462679404907,-6.567299039110202,-6.280277089387371,-6.66930379622183,-7.844246633896351,-7.582227584643634,-6.365352425813043,-6.111102535873236,-7.049697907786608,-6.777677197097494,-6.024078269261643,-7.142387574416821,-7.6009931838960165,-7.490653240620294,-6.62353887451992,0.0,1.0,3607.46842791689,0.46112852665100557
91,-7.986637804149304,-7.553257359130518,-6.721773426433245,-6.242606162758988,-6.793061464600988,-7.841454233206811,-6.094601517135443,-6.6427795608164475,-6.2549692506457495,-6.353015036845341,-6.960920762039368,-7.34465553376576,-7.5677628604714196,-6.43611591037061,-7.666839960365591,-6.543697592674386,-6.191198272586332,-8.105417264097065,-7.149252087294897,-6.11864010358577,-6.378185362871344,-6.1966312367564464,-6.156985663750917,-7.572424173180577,-5.945250985996707,-7.186429976792313,-6.3945169542424205,-7.797933546549355,-7.563019600814588,-6.968784097770587,-7.330661909746033,-7.342102909961729,-7.570213392897563,-7.5753395215046,-6.415024021871325,-6.70532495711434,-6.671797509676781,-6.451214601549693,-7.079219025104784,-7.706543936847464,-7.439734823367644,-6.592637758212073,-6.162740496317095,-7.2955675601876955,-6.646892595791393,-6.294645721179103,-7.038560763949546,-7.504464977709785,-7.749818089280982,-6.6643368165210495,0.0,1.0,3951.992059548732,0.2015199332320764
92,-7.618876650384733,-7.695518097265707,-6.571498153812104,-6.53049098957146,-6.386347084274576,-7.846502314038105,-6.264282989083761,-6.824319286466334,-6.038685307118368,-6.297660615720857,-7.268221836644345,-7.285859778808382,-7.955162286662499,-6.737240135169789,-7.547287820278165,-6.36174163930244,-6.916813614158637,-7.758372742624407,-7.404203840274929,-6.07478761326783,-6.457266870157176,-6.2186101675111685,-6.14724586224159,-7.608469320937981,-6.253839723179334,-7.50889800891008,-6.159995475480841,-8.021070726560662,-7.6967252342339725,-6.831871539261917,-7.56488643682825,-7.363185133165017,-7.625720400860302,-7.811824707492151,-6.367335043459215,-6.969339703019176,-6.66641906109872,-5.987634376713134,-6.570309291225019,-7.79741433349902,-7.355399960578707,-6.41524041042854,-6.463704746605192,-7.434779993339088,-6.910175998375873,-6.085220491760888,-7.0157933175881615,-7.427602787206349,-7.530945956250625,-6.640281606445302,0.0,1.0,4221.0814093314275,0.1158486825529403
93,-8.013329734715372,-7.686907259266564,-6.782831535732449,-6.821900960711893,-6.440579453817477,-7.4082038457652235,-6.356846839603621,-6.609865362966697,-6.477804268826281,-6.208370596044245,-6.876374809784007,-7.082348706568906,-7.376467574894617,-6.462520945916433,-7.515858089923123,-6.513404521983678,-6.608160856109993,-7.930563120144857,-6.93959988127271,-6.080922393858913,-6.674910683545885,-6.123172014543504,-6.316363141753318,-7.559684303830242,-6.227797930046248,-7.193659594305392,-6.034166566865348,-7.921963196918057,-7.439147873646526,-6.961022827891647,-7.372188386669372,-7.456739667200405,-7.1745757872867735,-8.019227370445998,-6.685260079926741,-6.716879038416467,-6.668332557128335,-5.980723909273383,-6.717597676219773,-7.563668575159986,-7.586511731676816,-6.379794335543002,-6.072800604253266,-7.193460885493132,-6.705072262026176,-5.8954082666418035,-6.868433967460674,-7.852505021021174,-7.399830343143781,-6.7842754031260055,0.0,1.0,3924.9542263858098,0.1381269216448442
94,-8.104971932333067,-8.03909201656737,-6.707229523521142,-6.4541293495229715,-6.332110974170648,-8.216983643266206,-5.874917687147089,-6.904068484356391,-6.3616016311255175,-6.404080707276453,-6.87541113430006,-7.32166354162912,-7.8015951324571935,-6.478765139018152,-7.8289436399751455,-6.133056543929853,-6.352447540984302,-7.9262205835261295,-7.229311880432636,-6.448512587235565,-6.461106579753891,-6.1477776089176634,-6.43207816311836,-7.456482668465467,-6.443819282413596,-7.400350981250744,-6.461363899852415,-8.07926547450583,-7.344909650770542,-6.530988460288589,-7.524618468544842,-7.059263545086651,-7.755299617592901,-8.092581031770932,-6.23132830911857,-6.642341562319262,-6.790315206863897,-6.34861183258373,-6.786108005530247,-8.164600376546106,-7.804936941655933,-6.652715762761935,-5.983828518305082,-7.406779199538874,-6.725703095323009,-6.123030873429696,-6.741679181985803,-7.706217732832546,-7.24990241664486,-6.551773582303478,0.0,1.0,5174.718796642521,0.0007308422350353006
95,-7.616554889518331,-7.6472451026411035,-6.858980187660809,-6.453500436300691,-6.763042778154931,-7.488229406196113,-6.2272274316255745,-7.148235836271193,-6.275836503648868,-6.424099089424193,-6.89247388732643,-7.299911694326901,-7.4936433186190285,-6.9397219249215665,-7.606580910824844,-6.357303791141037,-6.682019489328691,-8.07820922606398,-7.063247965962824,-6.50369110200882,-6.265265922896552,-6.23015551417148,-5.942734481371365,-7.424989118867489,-6.227892283364414,-7.519533979637247,-6.089141919420359,-7.693040444908027,-7.801263888812734,-6.500283901840165,-7.419170713417962,-7.563510544230543,-7.706034203629919,-7.7736775565734115,-6.600081764781206,-6.840796989978676,-6.789718162384018,-6.30104902807302,-6.830802153735993,-7.752739329619762,-7.635273635194037,-6.773767654599599,-6.069746832577504,-7.089243801807327,-6.5283833919485295,-5.877832824624287,-6.991048324881543,-7.988157698083756,-7.56378072170733,-6.604873267397136,0.0,1.0,3628.4104242683625,0.6568800037572381
96,-7.950130517549484,-7.909626674155744,-6.509448129556355,-6.323390053560445,-6.406155083560543,-7.792811456966446,-6.116450787821942,-6.460911347013923,-6.103932219889627,-6.218315630151375,-6.616094296825022,-7.040468633701751,-7.453650876430188,-6.526569085223339,-8.113306079502243,-6.369295717388971,-6.321147488377372,-7.779658700111143,-7.201835383732252,-6.168643070108116,-6.399383390178055,-5.990508278294125,-6.178247475556579,-7.610421392196397,-6.275843984876056,-7.701779842374269,-6.53411103272664,-7.76343539810611,-7.672862270445993,-6.648151738483383,-7.356810136010245,-7.550144286718467,-7.773175774522331,-8.03761223231489,-6.3570724135325225,-6.731064902525344,-6.754717589486836,-6.292518132032587,-6.641253941161988,-7.715672874671117,-7.698906145778544,-6.597130690794599,-6.145222956908049,-7.022872004018806,-6.407028822314431,-6.149767950526073,-6.644656203192358,-7.668478054722383,-7.278612189047282,-6.548189838065354,0.0,1.0,3457.6375315276355,0.6196174429372145
97,-7.90294367562178,-7.574559886404621,-6.486690628394247,-6.167295429138102,-6.468219133212533,-7.62449919132709,-6.169280930336818,-6.805176666126224,-6.241440509281394,-6.217465374506652,-6.99297627710128,-7.244988099232838,-7.399172976273323,-6.309010641315536,-7.782640461992874,-6.36382950714614,-6.613307104739393,-7.941814166522786,-7.170255936120302,-6.35236091742108,-6.293959423001727,-6.158991417996696,-6.3606385018256475,-7.391938275143457,-6.270720471159914,-7.521346040224535,-6.16608103100708,-7.967559462132979,-7.649398629795446,-6.559933896264547,-7.250396539314378,-7.44743631657663,-7.522372863352955,-7.593104453311251,-6.494349946370209,-6.792264743265985,-6.553487904321261,-6.178272312544402,-6.703767675332291,-8.035767555979485,-7.767204852821075,-6.306081940599435,-6.204284148381975,-7.335870792450328,-6.673322960947193,-6.364438133708151,-6.893760991945134,-7.701843273382647,-7.378049615138906,-6.473674055242384,0.0,1.0,4406.337200028074,0.011595074481398094
98,-7.996904760163455,-7.612972500033602,-6.653556536587362,-6.446317360020471,-6.7474734070318805,-7.398321172844401,-6.435652483900513,-6.5295204414065555,-6.168360467966529,-6.502513089236827,-6.758835451215862,-7.172475199012693,-7.311270531334599,-6.423293317776581,-7.844636378237678,-6.652374688063673,-6.644508922548803,-7.831821803981633,-7.003269343168726,-6.417082712673196,-6.590840412262923,-6.14463587632551,-6.15295464641504,-7.636116642277689,-6.0137808085708055,-7.269766972200485,-6.6075913568977125,-7.472581137350125,-7.3497828244855645,-6.4530420929571655,-7.482241288125718,-7.549705901286624,-7.790249183763904,-7.949537686853425,-6.38063823941913,-6.442354798491871,-6.803742966134177,-6.111471639786288,-6.745923736508918,-7.5510439865487475,-7.515819763282682,-6.59135259864026,-5.929454148342954,-7.243947980980834,-6.48205787889912,-5.97646357386298,-6.674795060125649,-7.447994461686989,-7.507772411451392,-6.366365317013944,0.0,1.0,3671.7568440796963,0.27059628687593673
99,-1.5357645507796627,0.6338215269846135,-0.49764406813382456,0.4511303262213664,0.7179622100816672,0.7298525168903596,1.8200399839504176,0.5488917575668326,0.051774430986026854,-1.6552946846114094,-0.45012618587462994,-0.838225387732495,-1.4583957207468878,-1.9595776610840003,-0.34867247452259953,-0.029636402933079786,-1.914409695930566,0.23804027814002504,-1.6895332516520054,-0.3693345618079569,-0.7435801310756718,1.0822032934658252,0.4040791188715156,-0.3305673214377918,-0.6596661522969964,-1.89982223753629,-1.6419065123370662,1.4163374229185695,-0.03555508586532907,-1.0015820505274147,1.045091711339829,0.16093191478697788,-0.4575383125654895,0.5762963545103439,-1.3133247435832383,0.8367425540536981,-1.8391354281141639,0.39970102100769767,-1.186615258973923,-1.0042409295244155,-0.4035645210445331,0.8554413447674691,1.1697683518236714,1.5794866015587168,-1.1178017882847895,-1.9481065220101192,1.043283322022167,-1.2693513550203521,1.1742190858076,1.8030101311150895,0.0,1.0,1.400832904773159,0.18092883379143354
100,-6.475856576790474,-2.2704824247629687,-6.054051054378286,-6.413069869023986,-1.2432388498327906,-1.2044267936592568,0.2309297323587326,-7.868731953274317,-2.9156823418348337,1.3130122021584787,1.0056246336138281,-1.8937533292348063,0.7644510471533252,-2.4646575322342548,-1.5822272135890947,-5.989960029221334,-4.915111283967347,-0.8593242633186201,-0.46344250202985277,-6.197270093352389,-0.07382308874045579,-7.472860999264187,-4.557768097932803,-6.196805012081934,-4.38448511943757,-5.7670735847074335,-2.953362617446734,-2.0042704962198936,-7.361296784566028,-8.431204423283162,-7.602728626445132,-8.24540527626558,-2.650825576148551,-4.886032379990086,-3.092364276596675,-1.0118712400180252,0.3803116260441647,-2.7225451709528445,-6.5968048926858005,0.6579981531317716,-0.4481134745189642,-5.027307062170566,-0.7383917146159884,1.8830003243429876,1.8542796270516848,-1.2588068317190095,1.7438691993392736,-5.491260528908213,-0.5092374748181103,0.9925961963921623,1.0,0.0,4699.299280598113,0.9163123333673476
101,-6.712672989611642,-2.1176788146262435,-6.6388345697466224,-5.944809531801437,-1.589705902847634,-1.3754757882055404,0.22628911053456086,-8.162978546624243,-2.6834804895705533,1.7628191437995078,1.384050002135262,-1.745868718407244,0.9997210244860876,-1.660548869192421,-2.1238011388128157,-5.9977399500381425,-4.984621011571848,-1.2302689109367049,-0.5852618866651635,-6.118905086027425,-0.09264425146315086,-7.7833772806908765,-4.225546282396737,-6.2473301702559665,-4.714765952464225,-6.300285993280146,-3.026863694659792,-1.8163415528100941,-7.472977481637449,-8.592347152937782,-7.380231570921154,-7.931328030868898,-2.1126531033897487,-4.764604237981142,-3.2961317681194364,-1.1001695752109777,0.5925276806381886,-2.458285832770685,-6.201901976605926,0.796619437800806,-0.2876964958068017,-5.316407883771669,-1.1681626168049395,1.6507301682285098,1.3662044346181408,-0.798898847278052,1.7339677719284483,-6.038927733401731,-1.114022982607425,0.9474035044412669,1.0,0.0,5296.965042370451,0.8321232533256709
102,-6.599625686261799,-2.1123442337600165,-6.220167123681823,-5.837408847166011,-1.5523630312991605,-1.4176309736365083,0.009568273389423315,-7.95604614356103,-2.7777635863860346,1.455969904536059,0.9265978659300169,-1.8123903960101453,0.9094590820116313,-1.95613702193204,-1.3932628524088062,-5.84735024348405,-4.966316368501781,-0.5050684779221772,-0.4779751903329839,-5.577808394511128,0.513390910470575,-7.689937800291672,-4.096294168671316,-6.032987431227015,-4.473344598518626,-6.812123155310238,-3.381984041277698,-1.8783813842772847,-7.214362247703309,-8.269464466894005,-7.309461808924891,-8.683216662698635,-2.503001757976043,-4.2501661780696685,-3.6229335791774115,-0.6099710875616671,0.12590217478475987,-2.602409405033834,-6.07166836137886,0.05230342176524072,-0.6558553917757849,-5.387440301407185,-0.46740208004386996,1.6891699440157661,1.7499371671313861,-1.1846138925601317,1.682116003860018,-5.601119220905775,-1.0171871315078098,0.7942301376359331,1.0,0.0,4568.244491358179,0.8828512136805224
103,-6.588293397864671,-2.1428930949223615,-6.722746682234147,-6.086150071582242,-1.588641511419209,-1.3334052626148487,0.46909761099613323,-8.3808780515438,-2.973781045976642,1.4159828575067632,1.089752821981053,-1.6511525559426021,0.5006799719969774,-1.6711951547267083,-1.3941098270443144,-5.76263791800314,-4.8065877964884605,-0.4640423262454504,-0.34074691995508266,-6.015483935705871,0.5038632785552462,-7.737514279799017,-4.156733717808529,-6.140416455477956,-4.57248753001113,-5.885772463929813,-3.066524789923336,-1.9359374769920896,-7.676297307884743,-7.9016061991237745,-7.23093190221618,-8.242822055608732,-2.345281915877962,-4.9135184258601035,-3.5198566265458293,-0.9237820046886482,0.4566017286653049,-2.899685658003343,-6.4408346666925045,0.5041537634536042,-0.14981002457723835,-5.131191464591525,-0.7322223570512457,1.8143244103304257,1.7351240201406897,-1.396820332496845,1.2579336034689563,-5.644540368398366,-0.8127725835549555,1.4422701385645273,1.0,0.0,4637.061574298525,0.9461598697793934
104,-6.298492124299767,-2.183296539005482,-6.491509660658872,-5.668337864046364,-1.5369968005231394,-1.5209685498473955,-0.14751298954084407,-8.14228378453324,-2.3780464785266044,1.713467793033791,1.6142515228091165,-1.8012201010535627,0.9481456984308771,-1.9705610815637484,-1.08916726660998,-5.647721384280935,-4.9151405166038336,-0.5467063462252857,-0.6711104612058068,-5.908302339758722,0.31210289548591774,-8.149402788592873,-3.9185048412446495,-6.531690288420869,-4.575466119015218,-6.120421404082071,-2.9935511751021586,-1.5988883518581951,-7.671985884861552,-8.389365392797101,-7.482244820540721,-7.932997329805277,-2.513101029713845,-4.937175849841621,-3.23780266630814,-0.6641294101498856,-0.10130959387464195,-2.5243011589486204,-6.470751254447646,1.032278563192704,-0.6817705640510654,-5.288527025284158,-0.5887758236434816,1.9734685206839186,1.6346562078795421,-1.1152650489537195,1.600956717168371,-5.972639925431255,-0.5813597095226065,1.3777223629473623,1.0,0.0,4974.637629465451,0.8561118078365465
105,-6.341388135539903,-1.964416485919196,-6.357774918690225,-5.873986534579696,-1.679472791365153,-1.217084534360509,0.22750952285791604,-8.040664126007616,-2.592150161302732,1.2288948207900157,1.3593978881424382,-1.4813479940659298,0.6072836304671785,-1.6308958943575775,-1.3475130154839465,-5.885332816242472,-5.245253598149622,-0.4229228088892855,-0.7700661753674771,-5.953810132864126,0.44802590065610176,-8.013547088236512,-3.9011141074584037,-6.372285959686462,-4.458086630665762,-6.33609167937945,-3.489384642641448,-1.9440887482007994,-7.20816163021625,-8.248035974851934,-7.806377986577875,-7.804920891551797,-2.887658856980046,-4.630510379815961,-3.2493040862079634,-0.7987652716869182,0.24407726176088937,-2.775089130276209,-6.311495325211954,0.5379334524376961,-0.35728312836596254,-5.3563563535419805,-0.8278469673164218,1.9008181453504898,1.8870265963086696,-1.4867697960381534,2.0053816224315,-6.312161388162996,-0.7619284571790418,0.9924516836568841,1.0,0.0,5099.534494595122,0.8283409618565031
106,-6.479110460518871,-1.6168950289625081,-6.505024269425233,-6.714021209214938,-1.5633397544160872,-1.5336668517146663,0.4232743806124678,-8.007059110510708,-2.525698900668221,1.492889666704382,1.2356745912951606,-1.7296039842752615,0.7114333293349229,-1.5718157640549715,-2.15724773055257,-6.157769418073568,-5.296760135975656,-0.7495776473254734,-0.5593001140419915,-6.183886336835414,0.2435541255816996,-7.656001504430695,-3.7739171820123834,-6.570717095923974,-4.533771909754404,-6.41712399911601,-2.9972817258491733,-1.3568161268418428,-7.425342700537301,-8.211052965903049,-7.823341061820839,-7.902750175328598,-2.6441483691192396,-5.09393119638729,-3.180404106064792,-0.7304242364483374,0.12631161364582702,-2.6609985653287236,-6.232492189239863,0.6100809934957399,-0.3319062022955132,-5.370056664890147,-0.9847490743925864,1.791449145947884,1.5847067437713567,-1.2014085484541788,1.5198215126792003,-5.57360369700137,-0.8227058831367748,1.0357419873558968,1.0,0.0,5350.39709885132,0.8042708816633908
107,-6.800796680108957,-2.340662339710586,-6.307293846577074,-6.124590977111709,-1.0076727213695333,-0.5572951556572171,0.33131967372720267,-7.881381333830486,-2.90840161778843,1.7879296345135192,0.7613072925114873,-1.4522780863523543,0.7615564079684551,-2.2626193614001533,-1.4688844390030595,-6.055202224194914,-4.66864438811501,-0.3589256731347307,-0.5501526780837026,-6.522051522141443,0.09970039093483624,-7.885828555273625,-3.769968449325271,-6.041180042591299,-4.172375929559022,-6.310267921076875,-3.1569688747775397,-1.6554380217395448,-7.386629857053963,-8.47647345134328,-7.781706408190344,-8.287105345038347,-2.6851955044058875,-4.70326630682871,-3.464440223198679,-0.7387393181086442,0.67194997610928,-2.9279258048955943,-6.5713616313166145,0.46297218313997907,0.2881467976192412,-5.40751519826704,-0.6215270649545237,1.5422480410785964,1.6127148103909368,-1.03107845467127,1.6188802829220803,-5.653365458598571,-1.1027730516427843,0.7328237804516957,1.0,0.0,5097.604975973546,0.879842653530266
108,-6.41413958624944,-2.29616228495585,-6.505114777638268,-5.8856225795675865,-1.0631305334458574,-1.6255606503533535,0.3802589973581949,-8.130620748291603,-3.0733549928633597,0.9094646436279848,1.625691638401368,-1.651785528507185,0.7146531277613102,-1.6447624244276717,-1.4817584129279908,-6.489265201724189,-4.883434047750938,-0.47905109419584635,-0.6035291182887937,-5.837988115551212,0.30140850024685306,-8.179465869854395,-4.409168056169922,-6.011593817784568,-4.568946176487581,-6.394957594956911,-3.2746960344847214,-1.8003982122588411,-7.093706444498625,-8.517905763291227,-7.505303186140978,-8.370355935841847,-2.1893222409374338,-4.679404700637514,-3.6537655245726124,-0.9117164431466321,0.44164645839292915,-3.06131499355103,-6.657870098391662,0.7437551456451212,-0.4180002028298432,-5.088626287592131,-0.3974831606759987,1.3512288385839402,1.4716424408933906,-1.6455641271916062,1.4210170172083694,-5.812330866969018,-0.9642818167631111,1.1206469040959952,1.0,0.0,5403.178554707698,0.8453496068368248
109,-6.212127037607724,-2.5242319043693584,-6.036023647916572,-5.977784401111272,-1.7091532239354295,-1.5016966228531399,0.06979384556107271,-7.9510955635788,-2.5094771924693524,1.1609078189241118,0.7940999088907008,-1.4140385552205461,0.7272638912352126,-1.4330867160034302,-1.5756744769654358,-6.28744770775887,-4.622640082714381,-0.6356647422236356,-1.1395561139974002,-6.227338471980615,0.06819788648917999,-7.89787499406102,-4.119206669053258,-6.413797723591496,-4.343145618227374,-6.012527413925506,-3.3955280959547562,-1.8425713394801158,-7.854150265745811,-7.908792523917166,-7.4221103569092195,-8.390380225774146,-2.4992498887852763,-4.479030140907515,-3.4700855555701002,-0.7192832767767139,0.708072941434331,-2.8447808378849073,-6.330445541960664,0.8135177729515537,-0.2941191856933988,-5.4377171011032095,-0.8576910389234826,1.876349138540418,1.6768842790286027,-1.3626653677669833,1.8634514601901349,-6.5851694286299045,-0.6674507032670843,1.2132743766798217,1.0,0.0,5074.711350847568,0.8641546764588706
110,-6.830278446035252,-2.266884533890263,-6.614041914898531,-6.215374345295594,-1.7116211045534506,-1.630691877414098,0.29095267827981536,-8.112295653905782,-2.533783411163994,1.6420558661576508,1.2301434207993749,-1.4742352671413694,0.9061278618481394,-1.7202487348197837,-1.5548672079442787,-5.827163580199899,-5.009586423314573,-0.3409950407699404,-0.696531684331099,-6.049998867669299,0.40775916632298015,-7.883768327401495,-4.044886522639933,-6.676116018833346,-4.835691769562645,-6.237607616676944,-3.3801826439727285,-1.9929677635370906,-8.264152520957731,-8.291568136938123,-7.6027865768457525,-8.564659219414185,-2.5812131894523684,-4.873083506104884,-3.4786755293306433,-0.3722239326907422,0.38266907566537844,-3.104520663269728,-6.612555811698386,0.6280477668094793,0.024104675780712792,-5.232129303299014,-0.21229939684144594,1.5808071527908971,1.482823757312286,-1.920204655532675,1.884865847241601,-5.746426777047265,-0.6971317709290248,1.1509285514812109,1.0,0.0,5578.2929415631215,0.988235368279867
111,-6.169511432376131,-2.3368773335873025,-5.958368878760445,-5.871486487986047,-1.671027825923697,-1.4397829701885567,0.1816920465179456,-8.19632295848672,-2.497671006381836,1.4037432599527138,1.6834850556527083,-1.716477505659358,0.6931443150227482,-1.881879460465646,-1.6505760374083374,-5.62714720767169,-5.084258764095829,-0.44619796492865793,-1.1224568104061907,-5.943670096841913,0.2155628140956615,-7.935420979199158,-4.208362353939382,-6.252791892337745,-4.316833845966413,-6.223539408947299,-3.063019195613297,-1.8984415976055085,-7.619503029793794,-8.440821033747461,-7.916672167473727,-7.762464034275638,-2.343338337786426,-4.7809701662647575,-3.1826482902352513,-1.070937946502091,0.18617910390083733,-2.9390471063048125,-6.488050152049088,0.37007620310099637,-0.2978036749789582,-5.342742120277118,-0.17651786395271096,1.7573951182859724,1.9351945470665708,-1.6276645551928581,1.7606985764825493,-5.953216895020682,-0.484121214326524,0.9748403481699114,1.0,0.0,4979.811559683182,0.8451680262410044
112,-6.281965021700081,-2.055222107548097,-6.381108405126816,-5.9540914251819075,-1.836850496242315,-1.9987804721398603,-0.19396897274510672,-7.851802664601762,-2.856978381307468,1.2540395556520405,1.7090934159225666,-1.6890873150242232,0.8654789554706057,-2.043132792328888,-1.8110512478398233,-5.845599517404783,-4.986883157754669,-0.33471365301036143,-0.49407742083079265,-6.1703072669204735,0.13641144723007892,-7.518839194037113,-4.2361067639056404,-6.229029404507271,-4.4840344095176174,-6.055022633229735,-3.8393909582999814,-1.8241020301167865,-7.637349048509247,-8.236787280732004,-7.692590791358685,-8.209765717437154,-2.3219235967129706,-4.878672616127724,-3.4273394398757584,-1.258184579409467,0.2771022436540814,-2.6818333082431627,-5.929769633155245,0.27760203496073793,-0.6994867508741225,-5.4535622374626564,-0.9531868682458053,1.9044692868060344,1.0866294868001365,-1.3091054636172759,1.439925076134407,-5.814817048610201,-0.8522444329867875,1.434395956621887,1.0,0.0,5044.744681658237,0.8154266052957302
113,-6.484732110611538,-1.9167594590298886,-6.503331252150358,-5.9108048450679505,-1.6834020385013688,-1.219622203586951,0.1505855310790228,-7.962449972440561,-2.81199745154446,1.3456704597934954,1.3915550838974606,-1.4541298339121116,0.6324456501617439,-1.5970535900467475,-1.6873075611214199,-5.773963352331719,-4.861522070796252,-0.8784748232209231,-0.6560953430880156,-6.043577373847367,0.4564721782139839,-7.754757558270472,-4.078813398637616,-6.0964821613493285,-4.344423205387909,-5.9665648718033575,-3.0425206897489745,-1.7021386850941214,-7.174078251000852,-7.78042723010066,-7.281601808541075,-8.027197707399118,-2.2074433706818666,-4.663351745751306,-3.368597028684984,-0.9580060255431377,0.17751610881732205,-3.306747116250375,-6.231874572598313,0.23747038849041885,-0.14150944670608964,-5.22386789756418,-0.6752813491599701,1.3761706785823373,1.6099616880666365,-0.8544470267301867,1.6486809547451435,-6.273587505115171,-0.05857197153513183,1.0399284587276416,1.0,0.0,4117.689740892655,0.9272240452668598
114,-6.3321636536515795,-1.9049367273261641,-7.031256911750637,-6.147897669817326,-1.5098751278001423,-1.6716114255517174,0.4520121192504828,-7.360415332062534,-3.140791027373874,1.0323706596377586,1.5675364237966396,-1.2809825781916602,0.6735713418411488,-1.9638971968542929,-1.9249174833749942,-5.859048059947395,-5.478807056050759,-0.5750204085305488,-0.8148208267815632,-6.1378837524568794,-0.2165564994649144,-7.963899213025662,-4.254264326403519,-6.540033290262602,-4.145985446811523,-6.2143185618080645,-3.222136789488853,-1.4132164172699642,-7.597376266860882,-8.343730650702708,-7.873264730380156,-8.353060270722796,-2.3872228872535675,-4.654461094476071,-3.169322800535595,-0.758875626154773,0.407046218227199,-2.671481153627846,-5.8992182502026544,0.24239259613348213,-0.7548973185823081,-5.226077951489694,-0.5436525710449552,1.5549992757597775,1.6997543930312544,-1.2498983173703586,1.503918465123654,-5.613425681361798,-0.962825911503836,0.9608351426243805,1.0,0.0,4957.575989883365,0.9180361546861324
115,-6.526243638989085,-2.0655421795782005,-6.350184762474883,-5.7489882975112225,-1.3141824685368837,-1.580152684368379,0.33379568962547734,-8.379511426037006,-2.753250179936222,1.5461460819782935,1.2499193777353037,-1.9224486684299842,0.8074862107992548,-1.6876804180859333,-1.398376102862234,-5.7449931753637795,-4.801690601350047,-0.49703881108360015,-1.142696421910278,-5.591847969563556,-0.09067084709048223,-8.18259400205424,-4.215651418547076,-5.775656927786621,-4.393381809306409,-5.9242846927308435,-3.175353770497317,-1.9767251759269513,-7.338825211289306,-8.055165642730913,-7.482775107244322,-7.723563731548831,-2.4070963504728096,-4.795005736231775,-3.204918751133901,-0.9993630788219943,-0.2236065910034497,-2.6970235430991107,-6.713495160442605,0.671268558613783,-0.6558302432283761,-5.126447422590369,-1.2469339176449536,1.9912062085924502,1.7083456748040475,-1.2056110596315488,1.7400557358387487,-5.8521690313536325,-1.1282951812158857,0.941363564550785,1.0,0.0,4566.036245086148,0.8521081707392385
116,-6.3599943492732285,-2.6184984171545858,-6.426380684139658,-5.952416000908165,-1.3853703049555532,-1.0799908027500156,0.44719126531314224,-8.161382748851004,-2.7144715451281973,1.624492352877073,1.4507208142206496,-1.6413171463747787,1.2497286325134862,-1.754873079222531,-1.5044451085433144,-6.071245884110723,-4.623497266986138,-1.0382486180229193,-0.9285120876064259,-5.90643563641781,-0.1492610011102014,-8.111473013142025,-4.223135244641557,-6.128485228992562,-4.6398234377207315,-5.939654861033496,-3.692225076852086,-1.689334808014109,-7.36254143880507,-8.594738064128762,-7.510648198323128,-8.255594989598372,-2.4647750783971927,-4.661904921084795,-3.373484078953248,-0.6839725872867825,0.23836526001956318,-2.755900205146717,-6.6894552996684595,0.21099298706725472,-0.23684037518790355,-5.215122651449172,-0.7486397502944683,1.8334302161486449,1.4282894971058568,-1.3574886111489826,1.432151693498506,-5.994458673586212,-0.692117599138801,1.2034113320198656,1.0,0.0,5213.904959308437,0.8885820678800449
117,-6.382839875137191,-1.8421488714673082,-6.428504171387854,-6.324783211277033,-1.5880205873385829,-1.3865170008359373,0.08393376825529596,-7.840752127932003,-2.428172841281529,1.2833954042208071,1.16970646103396,-2.218461174756103,0.8928495994500161,-1.6959963979970345,-1.5552857206526742,-6.0948240856233475,-5.031059651093926,-0.5659175051093484,-0.5766040799574593,-5.752249451439139,0.4959897557694702,-7.665710747548451,-4.188156050685563,-6.5374603433128975,-4.625882179089995,-6.474853883733989,-3.076502012701752,-1.7658921921893524,-7.7446766878448425,-8.076076059604281,-7.730559923105054,-8.524741156367021,-2.2598159753231473,-4.9924217724941435,-3.4608360150320614,-0.7564466359693691,0.07434766296682854,-2.705562430797501,-6.5155586173777715,0.9897050664599385,-0.31928895669277074,-5.438626347902835,-0.6767222462476633,1.4509824649120169,1.7695624835123753,-1.2471195528135681,1.9028157628644717,-5.8650516352228825,-0.8469170936568912,1.2282119433458871,1.0,0.0,5511.843201110011,0.8224898727134239
118,-6.5034340422292045,-2.146775682601589,-6.683109353933846,-6.271927551309314,-1.3625231818377683,-1.7198204332623845,0.09844911893643091,-7.869487618350558,-2.4702517749136366,1.6253021699946593,1.2904206852515547,-1.7894504176711439,0.7700230827524437,-1.8112214844678791,-1.3397953349001,-6.1704327927710585,-5.20730225358854,-0.49316676905260903,-0.7906763956165741,-5.93261461588776,0.4260629963599536,-7.847749101741428,-4.254674710105714,-6.248874297394221,-4.300831284535205,-5.822790936923896,-3.349537799559849,-1.7223406240093195,-7.572846621013065,-8.295612961032582,-7.313311858319316,-7.9614555977964825,-2.6801133232038934,-4.988891957409885,-3.386208766797257,-0.8602373380961195,0.25600827917230196,-2.7652949395955337,-6.439493412420807,0.6821930527465279,0.5679482550838678,-5.437781799403894,-0.6430933547741542,1.8331049363370433,1.3794511792279283,-1.4361186145850098,1.9646884518710444,-5.5839791068538,-0.7010646579809016,1.660564173533046,1.0,0.0,5153.247067685721,0.8140519371872088
119,-6.4398866120543135,-1.797136740000019,-6.308004306607497,-5.776449573822723,-1.537115992494107,-1.4018294604939574,-0.06477641907480702,-7.763744082356834,-2.5013518991482746,1.4743879684663357,1.0525766358051563,-1.3576578501457068,0.5863275496592355,-1.6568920608635147,-1.8791757974226027,-5.375963300873351,-4.987402325045233,-0.7716853776144638,-0.6577377283215323,-5.79446342630474,0.11880001703847473,-7.740205208701894,-4.245194607365393,-6.2581251786143115,-4.746252393526183,-6.15919113458002,-3.330365188629835,-1.3960910860095233,-7.319057037102107,-8.210780890695268,-7.739605751170372,-8.313165019763144,-2.5908615059771716,-4.78223991897814,-3.446894396419635,-0.992816612954242,0.08979428624710814,-2.80235424442438,-6.249261802395524,0.4572658174545986,-0.7750588804192318,-4.856146554956424,-0.41175735452871687,1.8949471444414434,1.8565659762219788,-0.8878942955550936,1.668884314884211,-6.037453704338178,-0.5608431163045399,0.837168171075567,1.0,0.0,4175.689548259088,0.97114709404053
120,-6.36662165511118,-2.2917732012764542,-6.373089919143453,-5.998418633800661,-1.6148508389011456,-1.332932039147904,0.16038634813762734,-8.203115945012822,-2.6661591340522586,1.1120918618545932,1.460393131020183,-1.8177186840413357,1.0946672190878552,-1.8625922893596605,-1.73144649245569,-5.604424339944537,-4.787239862071144,-1.0490907212193448,-0.9309446690480938,-6.235935556707001,-0.10747277372276565,-7.946185178811105,-4.052056627665434,-5.863315532153144,-4.564256686730473,-6.294410777797317,-3.463246111983082,-1.4291454613830714,-7.196729177009153,-8.57839945319256,-7.85573836554405,-8.25799510917223,-2.184506677120647,-5.0021195565765195,-3.491568542223396,-1.0762235764327985,0.18264729194413545,-2.709037663452814,-6.566325499716332,0.5466338671554246,-0.11309629262904164,-4.963090375064471,-0.90406808295729,1.532436448222697,1.7936207351970546,-1.3754767875910168,1.5572121131173602,-5.889635418171382,-0.68342506763441,0.7113695216608106,1.0,0.0,4885.1052840233015,0.9508528864911294
121,-6.454595297154304,-2.485722788405424,-6.456892541753119,-6.025321530176998,-1.7548651803426731,-1.5768533007956351,0.20725776592807243,-8.098689317404123,-2.3647087925222645,1.3936636994184213,1.5585530596750077,-1.4011615156056794,0.3001683906432623,-2.1737916751196105,-1.7021289084590372,-6.084972588306027,-5.035665155177605,-0.45699657057726195,-0.7897755763418944,-5.77327850524315,-0.23718614769095658,-7.995733910249339,-4.1431930784436615,-6.234617041899777,-4.555221488874481,-6.0603819745793786,-3.422571624492633,-1.1902227178149163,-7.664118500172969,-8.415640432240227,-7.591697653757758,-7.954765899848448,-2.523947775698655,-4.468225602622809,-3.6674093741724656,-0.7048953218012339,0.16795981720536102,-2.8340923114717897,-6.353763892905915,0.5680336481999175,-0.2145566437480275,-5.2176420711588065,-0.863665759319867,1.5345528010867289,1.9127766508203419,-1.2312569888773868,1.1990054190830919,-5.445179010330738,-0.41722920067823055,1.2080047916751835,1.0,0.0,4657.775323440974,0.9597082332576135
122,-6.771911168956557,-2.260950106237359,-6.4317113952410665,-6.020155486073082,-1.3113582888749344,-1.3663598499061242,-0.19249787465815416,-7.645369348932073,-2.403169713974265,1.449126582991385,1.5683036673934252,-1.9653034232815512,0.9496043096846274,-1.8581367724531892,-1.4578123913812984,-6.205924993523908,-4.535479308520548,-0.89537811363063,-0.776280542087204,-6.302279749277371,0.3817412024496364,-7.723970201478362,-4.218371137753289,-6.517120965533142,-4.351334950473566,-6.076696218378261,-3.1671996690197157,-1.7258722329489147,-7.517756271196576,-8.058525833727565,-7.532585731662924,-8.04744906121735,-2.5510652859399334,-4.755716332654141,-3.2662953607458043,-0.9799999387246734,0.41678998990523447,-2.670509829716915,-6.437213271403406,0.18505298305908285,-0.2031701230979781,-5.06346164892989,-0.5668193220154514,1.6729702801623596,1.1904005823512904,-1.1216204665436542,1.9868136867352213,-5.9903906326056875,-0.8058875376301626,1.3148496792062667,1.0,0.0,4581.340077289194,0.9548894169160588
123,-6.61844672722084,-2.0365766013667455,-6.407633704033356,-6.0194365119202216,-1.8211528198968479,-1.650271843077404,0.45778386436277513,-8.404667412695385,-2.7545152909450765,1.685518971761082,1.2743564744366798,-1.8983730139365478,0.6963212943781076,-2.189636092768042,-1.6516991533541305,-5.732594292617963,-4.940126631935546,-0.8027628721297405,-0.6928993383007215,-6.055113057773591,0.3915014139472533,-7.896558291799629,-4.222420856167623,-6.100185835067975,-4.2897202465296616,-6.148032852043695,-2.828317505631271,-1.4163044046431676,-7.79263965620957,-7.977472989362755,-7.235512084147386,-7.934293006716761,-2.592540008442827,-4.858976636062001,-3.1291904725097335,-0.9543393101715484,0.4552603274879421,-2.9837147289938675,-6.015051840617543,0.6362200688501831,-0.5252758517757738,-5.260649529470946,-0.9009998542390559,1.565894268629082,1.7141950204678218,-1.1467666998481585,1.5991638269647166,-5.5057804476113485,-0.8417715429922159,1.056881338861949,1.0,0.0,4232.153972653545,0.988281421752778
124,-6.763922401337394,-1.6917597211901036,-6.427361047901318,-6.189857040557739,-1.7988289530642387,-1.649008283643333,0.10433318025473513,-7.854319187358989,-2.8058001003283994,1.0200849076659897,1.4558148275689602,-1.7341232497561514,0.7012903648109174,-1.9211503386415818,-2.1073098839367184,-5.757216170407028,-4.760173716548537,-0.39388493221405,-0.7804098215976163,-5.768489608395889,0.4828062096196991,-7.5447527757584,-3.9429833823006772,-6.221371297950652,-4.708031192625528,-6.237445651637075,-3.221920102671011,-1.69862243090948,-7.3230316056976665,-8.904156671777827,-7.732697411315802,-8.194514120595567,-2.312204046067955,-4.618076945441756,-3.5743816887732516,-0.7647705494742251,0.30878066082792077,-3.1052423301102143,-6.3518396274590705,0.15404118176210863,-0.32153341577548206,-4.996254001711567,-0.5076184574803939,1.6078772887163517,1.5619006001091438,-1.528799818597044,1.7236562401377318,-5.7171708578196325,-0.5176641927640302,0.7613927160926774,1.0,0.0,4876.961784396852,0.9096820276254591
125,-6.68838953258044,-1.9306561985885318,-6.103553453496601,-6.141214707787672,-1.2584345781804633,-1.3862035419018843,0.2781727352363384,-7.305400164724989,-2.678130781047719,1.6432256778454057,1.2690315798582879,-2.023971871379148,0.42043237521587845,-1.4734708833276977,-1.8228680723559323,-5.9747565690782025,-4.954135723496474,-0.7436577041654244,-0.6544578166202101,-5.970431680681679,0.4282574091810428,-8.043882455374737,-3.8176333778883738,-6.1423157831046025,-4.452318666000375,-6.191339935385021,-3.444887886429729,-1.8201492575495501,-7.405555934623214,-8.097218316715159,-7.405926376282686,-8.38950518691492,-2.335264751967603,-5.0501182983267805,-3.480691854276734,-0.9139921748091815,0.7216580631690419,-2.929739285287048,-6.562283636213605,0.6808247778851235,-0.5155521753042294,-5.269165263142877,-0.5501863091270578,1.6166794536622597,1.947980391903272,-1.599050503057649,1.4051537062033113,-5.712397496959375,-0.8249678003863233,0.8412027887958136,1.0,0.0,4528.56858546542,0.9546157142369327
126,-6.564745751536637,-1.996353076636171,-6.627402182277775,-6.184449782742154,-1.4913610018988581,-1.4825480278141494,0.1511439987003274,-7.844662575739567,-2.7132517916086165,1.4226299179324624,1.6061065240584167,-1.6204851296201586,0.90706022011579,-1.6059382506280342,-1.5949578252666123,-6.508082417692518,-5.217147830001539,-0.6698611766911036,-0.9255153992867489,-5.642793076984075,0.5340208127719885,-7.949208157750149,-4.129324044451464,-5.954146084919228,-4.417033664076118,-5.9906117268270265,-3.539261679027351,-1.8681875230823146,-7.573979235667345,-8.372887549223156,-7.25805690814655,-8.297202546094953,-2.3289358871501316,-4.721483830411561,-3.4568434973010103,-0.5982665724663888,0.431965845009427,-3.0126599835890358,-6.452450093360668,0.6064375551320751,-0.4891807213133492,-5.3065993117363135,-0.5087553142105057,1.2701499600816095,1.8470267620873742,-1.383015487495991,1.6105135548863536,-5.805501968349043,-0.7615958675424377,1.2021589227067404,1.0,0.0,5126.846527044873,0.8800503967058516
127,-6.392643671949254,-1.5943704198800577,-6.5427701329665195,-6.031374686445588,-1.0950440647752822,-1.388062338144938,0.4445255102084329,-7.819144445353203,-2.649970118672779,1.6532064238104842,1.2791708384051317,-1.7471089674888458,0.45643626336378956,-1.5763604178224029,-1.5191251296742334,-5.550127678685682,-4.792512823416111,-0.544056808025995,-0.29992559490803045,-6.198381660681431,0.27438673708577094,-7.933631472278701,-4.116947318601772,-6.261281653076153,-4.370670512631161,-6.31223749091042,-3.5710214731666428,-1.8522196074349586,-7.893283058167952,-8.823455885076068,-7.56556597183292,-8.178929071968167,-2.5042261786493905,-4.302221318307126,-3.5504804951805045,-0.8307464083382995,0.41808926113979245,-2.9057129771428367,-6.156687284812895,0.5310621688649328,-0.24229136783667005,-5.443266069053734,-0.48615180367441246,1.7421431210763345,2.010928301628702,-1.030585958441095,1.58630164776257,-5.831475776012441,-0.647410164724795,1.0298746401244985,1.0,0.0,5224.189274389277,0.8052151123644993
128,-6.532584318419265,-1.991754773295185,-6.344479952056164,-6.127672474751908,-1.7463208690953174,-1.8885018207358155,0.07841213162963624,-8.438152693704291,-2.457965077669268,1.4670594294327857,1.46504868619407,-1.3113729460126216,0.6439667146658625,-2.0961294132674277,-1.4318233506802645,-5.7664873558704475,-5.459586447573022,-0.7824403029335444,-0.6189892303740171,-6.041825967353187,0.198232968674727,-7.86264469859664,-4.220099507445576,-6.183362968584102,-3.9540543436862126,-6.832664094101714,-3.0384545772106133,-1.632788424696123,-7.534809783433231,-8.184618354851276,-7.652851604565757,-8.15918091574016,-2.3325710956891705,-4.6089657174493395,-3.471048490793882,-0.9218713148654553,0.4754626508241818,-2.4762896973942756,-6.422053757228708,0.3207916264890516,0.05444177921577642,-5.227827017456713,-0.390985749542985,1.7682113777909325,1.4785760850915608,-1.1866360123089208,1.6884536708393312,-5.514957161028344,-0.770801092013394,1.1687762339105194,1.0,0.0,5077.299805525705,0.8862859622001094
129,-6.657379297934888,-2.4071264521647118,-6.381580094360016,-6.172435465040255,-1.3959695923211601,-1.0146467356696425,0.3346029426343411,-7.871285641720981,-2.813508513983756,1.289148943323679,1.4209948817074194,-2.0802924910353395,0.6070667729057706,-1.490900594751587,-1.8738893095751115,-5.723238098428806,-4.627054456448916,-0.3847753767189533,-1.0136930257446815,-6.130770813267951,0.21843874210626343,-7.83985798297264,-4.50807395134161,-6.292209210477484,-4.3482964508425015,-6.162153858071997,-3.801837795868287,-2.1921329063999337,-7.532650870027963,-8.586513844474418,-7.342456441216517,-8.322517032520658,-2.6422596832976395,-5.114981912029947,-3.379399379638865,-0.657821869112189,0.21301099668820836,-2.539336477503857,-6.418147484460765,0.6770684363471966,-0.27857546572804914,-5.120545469647598,-0.8513989307464642,1.6694047314586113,1.5224200767932279,-0.7369490419375913,1.6862563031731426,-5.8537566089711435,-0.9530449711249827,1.1293305374683056,1.0,0.0,5361.648792010549,0.8200119562098678
130,-6.659739089296124,-1.9344386686357764,-6.4040056662201605,-6.218913468647645,-1.476256575772473,-1.1894049583509811,0.3973089661479766,-7.901849652416304,-3.395840263237628,1.3346664360974771,0.9429728628200256,-1.9539560567199672,0.8902028389586185,-2.2194003949719763,-2.011324651003619,-5.839110912352353,-4.929508229198826,-0.8319106480657672,-0.9846760640677881,-5.797988225391534,0.177594230979516,-7.803878389041829,-4.21356472920004,-6.130447924201079,-4.164759548414723,-6.22071268398395,-3.217253453865775,-1.9407198506357948,-7.7999037560819104,-8.042874026655564,-8.017555404533137,-8.064846492866295,-2.680662900629468,-4.792094796618726,-3.653410400377354,-0.9619932247718412,0.2554580822152749,-3.058787378058166,-6.85945651694662,0.6506823466619049,-0.36976366372307157,-5.130954321001168,-0.48962528566382657,1.7765353113901812,1.4743097038741766,-1.425483405480454,1.69181595310266,-5.7035914918310775,-1.103110899471405,1.290307988385106,1.0,1.0,5765.890851146074,0.653776049243993
131,-6.537175855812658,-2.0609970540302673,-6.324146677471524,-5.958867284279107,-1.8783654350760268,-1.3229119044994317,0.221394181053013,-8.043356629032592,-2.6489209747434783,1.6623662814461926,1.397106638501356,-1.3654124465748825,0.9854318533884945,-2.1077406016415035,-1.934785321488205,-6.137358548559229,-5.099381978339927,-0.9319627538981587,-0.907790638710621,-5.903448943477582,0.29054606716255876,-7.613471514705269,-3.9069241110803477,-5.841923434183757,-4.515008109531394,-6.337791430629799,-3.325942982473508,-1.6315726285344658,-7.02602733727714,-7.917714823754187,-7.701691331725201,-7.811525386244452,-2.6087035641525302,-4.5975143974562345,-3.4287766691734576,-0.7606203675744068,0.542190335150477,-2.79780896538855,-6.7057621712534825,0.44372020841709825,-0.8232604856962942,-5.482895582859328,-0.8613018266451059,1.835616949210661,1.6503957014417223,-1.1917903733726403,1.60755293466091,-6.091729512902073,-0.7083692923673031,0.9929448932982274,1.0,1.0,5198.942762578292,0.5581821876765062
132,-6.459055290492711,-1.8338003657320177,-6.140344512501932,-6.048226032643034,-1.9919290944365764,-1.3438156383039395,-0.058166894816358505,-7.700456507260574,-2.274650609147069,1.5973368825947756,1.3669732367367788,-1.9637841713061825,0.9242513475684839,-1.9395079633658585,-1.596629255530429,-6.210512703956967,-5.074340109683173,-1.0367762275314631,-1.0709842828206593,-5.824079922862858,0.35131471024511884,-8.233611933120144,-4.434261578740641,-6.1891071766509596,-4.497070527318475,-5.87555197728097,-3.4402481229405963,-1.4918070022454624,-7.332802964260316,-8.259527913813882,-7.176393732386449,-7.953684221432353,-2.7921115680411983,-4.260266967607096,-3.454515660146361,-0.7796325459707876,0.26109771994240394,-2.6329776305657817,-6.625364808396049,0.551422881936087,-0.1990050145309242,-5.1746393625956815,-0.7928866206454617,1.9134705714663454,1.4843277459956397,-0.9086780012942708,1.645160063350502,-6.08184076390857,-1.0552601127692351,1.462666274756333,1.0,1.0,5324.168980870671,0.45222832107178124
133,-6.448721148742909,-2.2557537133530916,-6.490623230597473,-5.985831292137606,-1.5721097134152255,-1.4770500822568855,0.39773517212675746,-7.546630662131186,-2.580219848117129,1.5996995330069153,1.2745894597599705,-1.6602353296756378,0.9660153709684554,-1.8683807575941118,-2.0530214968808838,-5.550914423934101,-5.231155500323039,-0.5838246701274558,-0.9209328787716576,-6.120695648112802,0.4408664995111731,-8.028422214439146,-4.654643142565065,-6.325252186631981,-4.420905932875966,-6.212700846733069,-2.907597238494695,-1.8103345716834027,-7.766649154185272,-7.7010905410929515,-7.362554636422978,-8.02140408356153,-2.7823155364853975,-4.4278373597696215,-3.4131685937801817,-0.6741972765542754,0.24326454954560275,-2.8465511174648293,-6.151884789639277,0.23320010597125568,0.07891148576026319,-5.298309133516607,-0.9085967643361718,1.3439519355312426,1.4029104710396547,-0.9100100557122947,1.5243138348777288,-5.955920898725937,-0.43098018590291765,1.0776037312159554,1.0,1.0,5503.257539080538,0.2193818363588096
134,-6.5590814932799715,-2.02441720934798,-6.729593053816737,-5.766615032080733,-1.6939001712390447,-1.4830968651428715,0.3613898749178561,-8.031300380394555,-2.8177889353967664,1.3522466204722403,1.842631178731005,-1.5078948342807004,0.7745739625861492,-1.995491334424548,-1.613528929866163,-6.032889001690698,-4.801942186319838,-0.9047640150431946,-0.5671423259928144,-6.504599649871627,0.2769857815084387,-8.165846387053564,-4.530611019148015,-6.033964956493513,-4.62723206019517,-6.210673660442863,-3.6808310266443693,-2.0926012215744287,-7.09455457138763,-8.400054099875813,-7.316498722419333,-8.254983485577162,-2.6341569392256523,-4.550795009974217,-3.238640548540705,-0.7413184884513146,-0.08981076526730147,-2.4442350651923466,-6.681601166043192,0.6546798652806053,0.07165227789494805,-5.235756200822786,-0.9234931792302407,1.4555191185886303,1.7510832261735587,-1.558091216204974,1.6329143803237451,-5.7744956089270705,-1.286774287691932,0.9928059473169939,1.0,1.0,5500.596092918284,0.7987789949517196
135,-6.634780845531123,-1.9790980675360477,-6.0628117542471704,-5.723397208408519,-1.7374028120134952,-1.3046709686930185,0.522954807917281,-7.889271356322454,-2.7863260444701683,1.280469803123682,1.2832465638582262,-1.4259341576088014,0.9354680653493231,-1.857195764136726,-1.925398866268409,-6.141616754367813,-4.9638506997734835,-0.5485131776242129,-0.568218673294328,-5.927316258950704,0.42197788639944916,-8.085502161643106,-4.662997740348769,-6.2703024685389,-4.757754791931007,-6.11985422809576,-3.3538537309560654,-1.8394423096024517,-7.5930643917120495,-8.209039132820443,-7.955465943478017,-8.314825467720437,-2.761242731562743,-4.654128161335266,-3.1077734678453366,-0.7195699066752143,0.1391549344439726,-2.7558126130374787,-6.210211967115647,0.6799819660270551,-0.7036489763987244,-5.530198377743795,-0.35024590470478495,1.651814971528336,1.4808574696314505,-0.8240662165161501,2.0025284431471535,-5.667978369358449,-0.8029404638558623,0.769331890398526,1.0,1.0,6469.481982633836,0.11043364244474879
136,-6.792256186577775,-1.9117358304779337,-6.341757312598978,-6.14444824420883,-1.4790014768301132,-1.7401071364149376,0.07618879077252197,-7.4772263757334905,-2.5525305928482758,1.6137911641552192,1.2883585892245062,-1.624444142489252,1.0295504467399534,-1.46110888833991,-1.142797057452341,-5.718978333027716,-4.906049374749052,-0.3695852647630326,-0.8190307957616944,-6.521374077386186,0.3467987870247494,-7.610828198531936,-3.3921355258215513,-6.260084123958128,-4.491026298447517,-6.301389971379337,-3.601245396636433,-1.9259045531777468,-7.28447054162109,-8.436754514983582,-7.209758852544175,-8.446590109822214,-2.3644484210806804,-5.015463484516149,-4.003398347282839,-1.0272044316476345,0.20032814370780924,-2.919774791553162,-6.296145385660525,0.7116890468377534,-0.23081569576101318,-5.307585348994991,-0.8841257239878481,1.4933841440839837,1.6842010899008664,-1.3190376761196922,1.5344845337288975,-5.291260897693917,-0.8462891588371066,0.9171263139111826,1.0,1.0,5267.350124149684,0.49233254997449793
137,-6.970701449266441,-2.5118306548120084,-6.690177572732487,-6.405795941617115,-2.025452979988707,-1.5667928897654282,0.15552242411715536,-8.262668750691986,-2.479203704972131,1.20560579736154,1.167044840227643,-1.5150020970797373,0.7372321532200858,-1.6183751389902472,-1.7421002946314321,-6.040266779828215,-5.002295741180526,-0.32422601573101995,-0.6085795143679548,-5.80148383666814,0.31773856219244595,-7.901920113672539,-3.918437893909564,-6.204566175575477,-4.591880239285917,-5.972870332614153,-3.5202405325801505,-1.468777812068562,-7.63480896569324,-8.099893450606432,-7.82408142713275,-8.158932265971236,-2.9025686616496764,-4.373384824057582,-3.512169667174348,-0.8884680336581848,0.22300717523978736,-2.930252758388306,-6.188654758080999,0.42058550763002506,-0.28578368087434447,-5.049193976221863,-0.9447038650071223,1.6685676343686873,1.6231725653691973,-0.8991199645155634,1.8236310143606027,-5.577716172491622,-0.49019949540402197,1.4962454343350857,1.0,1.0,5996.119938412978,0.38802904067074606
138,-6.37404475104376,-2.11839488784012,-6.566145774175258,-6.234287527702524,-1.601749684604493,-0.9300684629250594,0.14229550205899105,-7.991301369400164,-2.5774670250594895,1.4291485765238856,1.1354219400972831,-1.5675621442368906,0.8728281534443402,-1.639870010011561,-1.7766883780805054,-5.740865612451261,-4.5463165915558665,-0.7720156514199468,-0.6686014556705542,-5.962290086181371,0.3869458344869984,-7.975410811959468,-4.112107605610902,-6.630074766877606,-4.068764995214444,-6.362826927241647,-3.0465901589528688,-1.7662189689443912,-7.531801348382817,-8.31280229361957,-7.22961329586513,-8.012322943958543,-2.4193969798859087,-4.39810917299486,-3.9841871217925595,-0.5498038778006229,0.4579381848240891,-2.526396424185516,-6.443636679023657,0.3980761643292869,-0.47121711085071605,-5.399842047654194,-0.711041017514635,1.5790146180012226,1.2344079884297374,-1.3669926006736788,1.7051524971220964,-5.799428014492964,-1.0864842547757452,1.0334707925013304,1.0,1.0,5518.8420040045585,0.32402162871464546
139,-6.6036105510942305,-2.1046836241587052,-6.487458284459114,-5.772621597362429,-1.2300893457864412,-1.6261842621828277,0.0011280792631900016,-8.189819123992436,-2.3505089858257797,1.3403974884331,1.661003872330143,-1.8204729504553434,1.2274584996264666,-2.0239681206807494,-1.6820841475458133,-6.233113040757455,-5.0815015748141485,-0.5066589959181782,-0.6750372359835504,-6.077957453509956,0.518307434231749,-8.18727709510641,-3.7737780052801115,-6.237478465551677,-4.766353404615779,-6.056624767679399,-3.521304076896248,-1.6563516888781202,-7.532774647923121,-8.349531282732833,-7.601904816858235,-8.205599548874488,-2.433417470456969,-5.164512992227838,-3.5452021300842165,-0.9793070589740855,0.6358653604792964,-2.9165406574822414,-6.229400435434787,0.72947027680931,-0.5161225972616589,-4.895707329142906,-0.7357534953273894,1.7426240938145783,1.6675226433111872,-1.347414737515185,1.6180935656999516,-5.531652108031811,-0.8362274242524352,1.2363672750139445,1.0,1.0,5804.019280899834,0.5822792772012187
140,-6.407398205304957,-2.1818043251684904,-6.427183071891297,-5.786718470527428,-1.0119328034074098,-1.7549431004466576,-0.21363501978750876,-8.05570065364083,-2.7088195106118054,1.3189643354600118,1.5986820212032258,-1.7663468822491837,0.7836638959056277,-2.1997443171011817,-1.6557187120409607,-6.209061274725481,-4.2214721827684905,-0.5681359246200086,-0.8268112536659952,-5.795059612749705,0.6772003795086701,-7.982402931365941,-4.331646561339945,-6.542402408645668,-4.455250815096113,-5.979262176145124,-3.486707282572209,-1.5904095648203829,-7.590251943384325,-8.377431397514002,-7.8356841380827635,-8.24787946475233,-2.5468070045737967,-4.944323692545229,-3.386793247580449,-0.569512624509239,0.4479156290375833,-2.742793134281354,-6.452792182511517,0.764773615751968,-0.5850701072088349,-5.198332816157741,-0.2703521843722316,1.7785680951956957,1.588226943240738,-1.1720833581032333,1.1948332074765595,-5.4238658380904425,-1.010689115918205,1.7617381930222202,1.0,1.0,5998.235797350249,0.25825114038751185
141,-6.533409821839995,-2.099537719065608,-6.683620079726211,-6.2324676607306975,-1.034157906303828,-1.0579393166396496,-0.09483488928184203,-7.99664766143135,-3.102893369733278,1.381945956336021,1.3642145742820888,-1.555002656544935,1.0605559444101704,-1.5688134372982239,-1.6884273701906016,-5.51190424694705,-4.66337014003393,-0.639163720024123,-0.9742382124414757,-5.739945117813839,0.20467130699571742,-7.755855708258745,-3.7629606964834874,-6.173009974489026,-4.89886630841972,-6.172323696906856,-3.669139754838947,-2.0524202047531794,-7.282156977269906,-8.154881852213231,-7.5711486717282,-7.9515460366071515,-2.304646110590331,-4.7625491692123685,-3.5777678482089446,-0.3134701704396188,0.3403829603193106,-2.601019029444006,-6.398013829225295,0.5854369790319427,-0.3511721408224258,-5.1790145871939925,-0.525133847649692,2.21311556223117,1.6972886314675182,-1.4764884003982144,1.9244751789217738,-5.463255554504992,-0.5521310028217569,0.8247891666534031,1.0,1.0,5356.378703940642,0.3204364399334281
142,-6.192328211328439,-2.1582094349599528,-6.543803284444466,-5.6407540138311765,-1.6746152610482021,-1.3201408089442963,0.5051932865253195,-7.933807320286923,-2.3912585680829475,1.0564305659248736,1.5173871435849984,-1.7428998457729852,0.4377990803124853,-1.7827477555158167,-1.5970084082927611,-6.339530653073078,-5.296226514135771,-1.1368550893763552,-0.37942310228204723,-6.237342291351148,0.271513965659912,-8.134326310652023,-4.4095692582258765,-6.471359382599608,-4.4224119380783,-6.205508330865121,-3.1936790634315044,-1.8274271077944553,-7.5161197938161255,-8.333694360268261,-7.855618872373435,-8.162832045002265,-2.36918462354436,-4.453826349538348,-3.408214178686614,-0.5485412837968752,0.2893927121831513,-3.0113270890449244,-6.423749787558876,0.737483972388945,-0.191101168814496,-5.429635567757407,-0.46237367353567643,2.2256767723050044,1.222778027354973,-1.4288763837831802,1.8618646443378528,-5.710263955327647,-0.9436031844412865,1.0385951875036907,1.0,1.0,6337.6612334576175,0.25517312292856353
143,-6.408754508521547,-2.1178941432647065,-6.90222083329122,-5.893870500910693,-1.7404407050856483,-1.4866517960778358,0.3784444782878935,-7.586806828486484,-2.5171040758386702,1.499843382481111,1.4142909403598358,-1.618216979393966,0.9952247717933083,-2.0093453938131027,-1.4563070994762832,-5.534938360224524,-4.621319197914748,-0.7036209633657077,-0.629968118990313,-5.7024989773715085,0.3191492164124114,-8.246829438577137,-4.262113074639678,-5.793654415362279,-4.846009705628068,-6.322720790817716,-3.156258724915558,-2.0166643356707787,-7.307977660574788,-8.407814764777706,-7.7109467976167485,-7.875510128551345,-2.2769858009755386,-4.834855325237209,-3.7871219980392916,-1.0377464449761602,0.2688550927153721,-2.8269940303025285,-6.759094503128351,0.3170523331154878,-1.107625696075897,-5.20360310247426,-0.5078441758422281,1.4342168677254805,2.232338968391076,-1.4099876378975225,1.8121340595323248,-6.077673601766185,-0.37248226689637587,0.9858082378039638,1.0,1.0,5220.783248319987,0.7577774635140333
144,-6.628275536824541,-2.0907284546244616,-6.168777261227188,-6.1369231952805094,-1.4417608777392137,-1.307843498161274,0.0224176982851923,-8.098503443392387,-2.9899658347374647,1.4009870037172252,1.4342697960540791,-1.626140811246979,1.0895258093110063,-2.019579259259965,-1.2873553480286413,-6.04579753838901,-4.9168439544881695,-0.6322775577794735,-0.5649697247353662,-6.3064288388534475,0.3435598006316172,-7.8198204824749356,-4.570001616172284,-6.282807616620163,-4.219219121034812,-5.920920299411544,-3.2354298069000698,-1.8007851199783935,-7.269543043428424,-8.561776732039794,-7.438007563034898,-7.887996234351599,-2.1335139891812607,-4.269686529032067,-3.4506467330148367,-0.6596726758488181,0.5736658648216653,-3.044852003338189,-6.3941553280795915,0.5683674481182955,-0.1378177576311821,-5.444869274593168,-0.5680977093112608,1.531116095993792,1.4279432276305735,-1.1852601716313356,1.7115410033191638,-5.460874320948535,-1.2755852490753228,0.9828348123518211,1.0,1.0,5038.762311859498,0.7349666898115474
145,-6.364939807974487,-1.8843416526939567,-6.525502712811054,-6.416983005048021,-1.451484193384384,-1.5410137675679063,0.22263445515698232,-8.12742303982132,-2.904830784530744,1.3527202337614237,1.6916637233174776,-1.3972990366293074,0.5969423374483527,-2.208576962088535,-2.037047002995627,-6.087715033591931,-4.588144697749505,-0.7580218537964893,-0.7523363973417581,-6.410799648656886,0.3496499363574764,-8.04481448055407,-3.993642847216986,-6.080650550016605,-4.2531976780595215,-6.569373134030482,-3.2800374080371895,-2.0121650838231417,-7.589848210387863,-8.107080457508305,-7.379738920675469,-8.458309295080804,-2.564169332604531,-5.234210002446905,-3.5093377369932783,-1.4179372394882233,0.6558900691334788,-2.9539669683683565,-6.818311553202523,0.16115335862157004,-0.29423652461752603,-4.955779475241266,-0.6423247268219322,1.4967484526586654,1.6332529278626136,-1.890571341967318,1.3068099398233923,-5.748431190891105,-1.0136231625060392,1.232032582322758,1.0,1.0,6046.809717121883,0.6510755023362279
146,-6.420285560281004,-2.1212184496696653,-6.414433462546934,-5.902243039205068,-1.850441199119452,-1.5268404243252167,0.7764865132779827,-7.888151672244266,-2.663323708090159,1.4730384172655833,1.5003045960463488,-1.6781933233105624,1.0339591091810654,-1.9398827073722822,-1.561616108795152,-5.8473708084930065,-4.57209401656368,-0.9571090909376385,-0.4538826653085254,-5.992540469591518,0.7934248275577857,-7.893316307586409,-3.7419394195023683,-6.031380430616152,-4.6884572747711735,-5.554781847166911,-3.4934477025421518,-1.5411352943450254,-7.368535094578815,-8.483314780547596,-8.203522387957143,-8.031581862867501,-2.5770641852471976,-4.323678104264802,-3.3976707021604216,-0.520793761525453,0.288838614685508,-3.166222702692401,-6.431059184419726,0.8064422183515486,-0.30534866883442846,-5.440199182888429,-0.5690182116840824,1.487943076054953,1.6690184287240597,-1.4674725003714502,1.8201679506401236,-5.476702136213835,-0.5905773065452404,1.320196461832305,1.0,1.0,6310.034449133317,0.02726167321648143
147,-6.50930939239843,-2.0657749398666647,-6.04173715146408,-6.027878146890322,-1.0124037983099567,-1.228851290890049,0.48612399039846416,-7.633684618260676,-2.8092444589726457,1.805807394517885,0.843408599708529,-1.9123197284615885,0.9428805765341031,-1.6224469610632004,-1.3081766482658241,-5.396228690742951,-4.950668285490189,-0.7231928930646023,-0.9417917295411342,-6.101288307051929,0.288158331843955,-7.768711276511707,-4.458146160255957,-6.1204483682131,-4.519279872141098,-6.377304025414066,-3.310802843387465,-1.7244002565587753,-7.740008847206692,-8.341931733320358,-7.265664226056862,-8.237764418051945,-2.6204608275274053,-4.835149636515555,-3.605544077382639,-0.8703178217229893,0.48711850845570653,-2.782066748721905,-6.403470907999145,0.83198335497771,-0.0689162174335125,-5.56338663572703,-0.5659716952958566,1.61390504839715,1.7899874441338632,-1.27723725885973,1.269407346900046,-5.717911625374804,-0.9848714050479049,1.2498895212743153,1.0,1.0,4989.758553287378,0.754698295315972
148,-6.554722007517551,-2.2836481403396967,-6.702909898661869,-6.437322785709572,-1.5731154389810778,-1.0830245922323014,0.22986653753111,-7.685089672009569,-2.7313591817286165,1.7481008554020092,1.410323015060266,-1.6677163090080511,0.514618912355103,-1.7727882958318264,-1.5455849782231095,-5.76162780097515,-4.6051935278551674,-0.4741040777548539,-0.5640781254506785,-6.068428358677279,-0.2516469204779198,-7.810909771960467,-4.186919859917534,-6.077859894293441,-4.57534478665452,-6.252049806523029,-3.6707590037927655,-2.12815628929853,-7.286668178588201,-8.193895424983737,-7.561196164460079,-7.982376415507454,-2.8372647197544953,-5.000743683214353,-3.4084993524004896,-0.7520455699233295,0.10036662340987304,-2.4972367292663353,-6.855189729023181,0.6258591849895535,-0.6140096408466142,-5.118740140728137,-0.3430820766782429,1.821554465273152,1.9241339151168497,-1.3758043424998923,1.7630063971798275,-5.704271384191343,-0.7598830675077558,1.1877622906102334,1.0,1.0,5255.707902351916,0.7603513319324009
149,-7.142924502855223,-2.073578372978858,-6.483364100487494,-6.057556848940742,-1.2336073570009582,-1.368354326680357,0.0009448839881700255,-7.810482594397609,-2.81175971849143,1.353600490172586,1.2483872833374516,-1.9756460278135006,0.7275096959757743,-1.9074553763498834,-2.0127347976703653,-5.702599932884388,-4.873736520209237,-0.46167550674826713,-0.5319066896509894,-5.929476541930678,-0.08032855788464238,-8.066491691175209,-4.389511812457596,-6.394345884735551,-4.7262148334085445,-5.928622721135824,-3.3130914848883846,-1.7855546324222682,-7.266117279940177,-8.022880472417139,-7.793857501692664,-7.776016639816226,-2.33525159555587,-4.806990603488868,-3.4958564729554222,-0.8029160433933811,0.183305030832303,-2.685516938935325,-6.7056701440333715,0.7150479134987235,-0.3040129642560979,-5.340471514218122,-0.6538790243070085,1.4158481253637027,1.7775707673692172,-1.3029117319593913,1.2517981990987508,-5.947443763156411,-0.4076697093995587,0.902799640937425,1.0,1.0,5434.040562430392,0.6452728404985412
150,-6.594682597997709,-2.0322530239622036,-6.581159479556023,-6.17078001509789,-1.4813131677559146,-1.2635751488681337,0.31082937579978615,-8.248437006711022,-2.787760649540326,0.8957916745991497,1.32821189515259,-1.7797536705736872,0.49974313685366656,-1.9996569355946694,-1.8920389225467755,-5.9998844167408265,-4.6778207543376995,-0.7416647166450921,-0.4713675900420471,-6.002836859381543,0.5325364260069683,-7.584153671929861,-4.095876501197964,-6.426918366643517,-4.666129468921966,-6.2514037615370786,-2.954265203907824,-1.9851240072150853,-7.8106575881927895,-8.526903368198274,-7.960641515100603,-8.479596460102293,-2.5265535568926762,-4.5640734929118985,-3.27918086527946,-0.8148442933397548,0.3614993740488914,-2.65209736874783,-6.7000444241629555,0.7027854353038152,-0.25529537099556143,-5.1949017727925115,-0.34276629722426105,1.8110458798483662,1.9503265273360417,-1.0590250442357723,1.147430676310529,-6.090714018793363,-0.9693067346922558,1.172261567753154,1.0,1.0,6514.475256380258,0.3850224337624084
151,-6.718978237060143,-1.96799417340084,-6.450903528152675,-5.806962148440914,-1.496927701638554,-1.4685650027461556,0.41001943081633574,-8.086194891604324,-2.9306408056456563,1.3951700904705886,1.3768572490804176,-2.160037164731698,1.1467567543656736,-2.0374394814230943,-1.7890525890232707,-6.108066002466519,-4.620686118421376,-0.4264128677926758,-0.6363536586930177,-6.69193560276031,0.3147888882188969,-7.917170462217351,-3.892997151176619,-6.256527462708321,-4.3585036860766735,-6.17453783227167,-3.2671343980365237,-2.102118979248998,-7.38452280426332,-8.638865120466988,-7.386561524848544,-8.376212254688816,-2.115229125778734,-4.403588109529292,-3.3555844970323285,-0.9361624962756313,0.344794783163877,-2.7146988657461453,-6.607826281524083,0.5941321825566763,-0.4702394688656156,-5.084685639062866,-0.45337510116741747,1.5533328025027295,1.425377840839497,-1.5936602150358037,1.585506178543392,-5.836415877495638,-0.4215076048312015,0.7516009830929995,1.0,1.0,5447.592621342872,0.7734073808772588
152,-6.373170577904215,-2.0805466851119845,-6.664025109268462,-6.1662080931320045,-1.2144733487848138,-1.2676525888888484,0.5559327586248197,-7.7875306247628675,-3.205728398707977,1.1515575772344273,1.6876183323455012,-1.5831095758127538,0.6698594866169605,-1.5162251025033042,-1.319852811137377,-5.8716360084042725,-5.016757426988315,-0.24358374110885722,-0.6557454484805946,-6.309471503178651,0.286727948706994,-7.678589491318164,-3.7272791239346317,-6.161495518104255,-4.336481618608476,-5.806004709674857,-3.09795383337278,-1.508140351768005,-7.312228069726915,-7.9646030784946005,-7.842638137699129,-8.098883228302702,-2.8151613715340638,-4.563313166029112,-3.170454534124253,-1.0565220551132615,0.27276943256507263,-2.753087335994296,-6.305848372554399,0.41282312248981046,-0.2971287625979321,-5.377996850855678,-0.46643369803554763,1.3107245311653304,1.4292242448579844,-1.7228535354195134,1.4734296502156987,-5.964254029452425,-0.85978005256123,1.0923000058040637,1.0,1.0,5264.728101374237,0.33358326751759027
153,-6.56883236972488,-2.2077520642439943,-6.419034713699062,-5.9621090386617235,-1.6754067669994424,-1.5060593231039698,0.2628850364805263,-7.778867143685813,-2.6718817412328875,1.263797507798543,1.4443109911477885,-1.7494402297268656,0.8288658493169444,-1.8492547746635957,-1.592957821890481,-6.307808355885856,-4.631832250434198,-0.904500856667333,-0.7239976797667592,-6.190014793477399,0.1417862708043853,-7.604943091284619,-4.1763364476507014,-6.230012587023832,-4.762515314611262,-6.591126062367316,-3.3437130011044536,-2.0625521968322476,-7.245498502007522,-8.280320224534684,-7.590168284230416,-8.032776108106173,-2.70843354203811,-4.5330180091558265,-3.3052748090902258,-0.8900310153043356,-0.13443976537938246,-2.895821529738879,-6.706847319607635,0.2872227577303912,0.12816459526974655,-5.131955061907773,-0.30025365680499216,1.6570809047255202,1.6871237693310308,-1.1195353561716104,2.139471916698568,-5.6071302401005125,-0.8424369710209929,0.6042429127680045,1.0,1.0,5889.424132547713,0.2550721007369394
154,-6.75956140972039,-2.3088835377727874,-6.102291846551837,-6.181131170050003,-1.5033758004383757,-1.2668918426675937,0.24136537299442157,-7.8477041261328795,-3.027846916945989,1.1089787042444708,0.944072543308353,-1.4369377922492748,0.581194776201571,-1.5842477436209124,-1.8113144419749097,-6.128830593890883,-4.684511975677065,-0.8532618612462698,-0.16353579013195374,-6.303199315244954,0.16195769796938136,-8.219466617198409,-3.955597873906647,-6.210957954946827,-4.3844990726212,-6.047829525910206,-3.622216054787641,-1.4215504152447687,-7.72679284445201,-8.328806486606489,-7.57719666546438,-7.9696200447546595,-2.8460626096697887,-4.986114177629264,-3.7227738285825156,-0.7967967099259656,0.3864704129512999,-2.7425521086871716,-6.3177766521721,0.6904932876068608,-0.20837858215501018,-5.397718810678525,-0.4939719702456555,1.5298353740775403,1.6038287163650344,-1.5326554789898048,1.6416009516198224,-5.72736976105117,-0.8370624777455634,0.8303890152991887,1.0,1.0,7111.244506272087,0.013154254083535833
155,-6.604900745843835,-2.3564449565334273,-6.311855252579503,-6.186475338749769,-1.5792687584943643,-1.5720840739296666,0.33998939925012783,-7.908908247850941,-2.7739837146693667,1.1964042051555326,1.2826460357311498,-1.411637463640716,0.5105946024270425,-2.1702971466311314,-1.3027751607456897,-5.852325661021592,-4.7677854685322245,-0.48132533668081945,-0.4250065396197809,-5.985366750394163,0.4222976155633369,-7.979063017546771,-3.9533464613695712,-6.216646857192609,-4.271983013860806,-6.086111307807221,-3.241476920574158,-1.4006181580768322,-7.355808324305388,-8.519744883533011,-7.754612389277703,-8.124833620792401,-2.660190419216735,-4.737343348206394,-3.630446643282996,-1.2154286325250259,0.3806900296235182,-2.995585901338791,-6.7198309224126405,0.5988172948595489,-0.513122375222946,-5.82473653735115,-0.9899187817610595,1.721349379291418,1.8417994498183057,-0.9725006555014571,1.4063698760238832,-5.898635324641678,-0.48771155167843777,1.0382356871479699,1.0,1.0,6971.362334387081,0.030545540546779028
156,-6.561935481227707,-2.039515720932196,-6.183492870390715,-6.269564253513522,-1.436408219156355,-1.394385025391167,0.12964092206232153,-7.702041837049157,-2.6254068551105276,1.0382212998165459,1.3569975379794106,-1.5418759452235213,0.6705889465021916,-2.3371293815169953,-1.3770296729369795,-6.351883811800135,-4.413645947209434,-0.8030278485886689,-0.3063489241448569,-6.077689398753784,-0.0425442138710887,-8.013287369823493,-3.778108149503063,-6.173959447480491,-3.907712839139091,-5.96015370428638,-3.3460523187632494,-1.3409998392990903,-7.305962402675246,-8.162540460628998,-7.6600712788646454,-8.404679835536761,-2.5685247011138164,-4.852545752961452,-3.382275513619602,-0.8335518002199201,0.24302587893332694,-3.0137919171349186,-6.492713744103344,0.1950785381406906,-0.5596402397778103,-5.235023413669606,-0.6123432627722151,1.7247279465889918,1.6023321437717777,-1.1218385469831695,1.6090390091557818,-5.372721988792057,-0.07218111513099612,1.1138673928916298,1.0,1.0,5963.963759165954,0.04247172035599203
157,-6.373160093423636,-2.324959846377577,-6.6556484213722635,-6.036818963370281,-1.6532723262264204,-1.56246945825685,0.2903982702219853,-7.556852630547799,-2.779915545684324,1.05721695031867,1.6425380161906882,-1.4569878104738923,0.6566141266828749,-1.6655304398964526,-1.744597575108608,-5.987419547094551,-4.662959718005661,-1.3644058674899766,-0.6952343884430723,-5.952736474584201,0.5792881021164206,-7.845810187361577,-3.9227271732343625,-5.96171131978652,-4.624117247327131,-6.315585378208183,-3.1678580689289046,-1.7112141779388221,-7.817910057909547,-8.14871975286804,-7.667156296144419,-8.048193037277967,-2.673122390930456,-4.830815571546224,-3.511575170440559,-0.7724542149600336,0.10673710913038098,-2.8946715285839417,-5.908223446529684,0.7827217715922484,0.2631057947881188,-5.401652289288435,-1.3065579519624342,1.8236027057153905,1.3791103251560537,-1.2998386126456287,1.631415491025298,-6.041280984688091,-0.4626450334861816,1.1645173102346262,1.0,1.0,6047.729745950832,0.10236865171002513
158,-6.638819166110849,-1.9921892170097488,-6.526498317474866,-6.131913682774996,-1.9628931326546426,-1.2677767312863655,0.2700286751996305,-7.9165131337890315,-3.075420493500631,1.3188836293342825,1.7089752574340427,-1.6595030096237637,0.8049004356844933,-1.881375973016665,-1.9322955212939357,-5.849119667101048,-5.032963441740606,-0.8309848372289789,-0.7209576914563286,-5.6339262431403485,0.17242996442373487,-8.17569125066034,-4.153869655359985,-6.225315534666215,-4.269773858177638,-6.1551969322096225,-3.179068430123937,-1.832943713259392,-7.656106306125403,-8.04909537006978,-7.795361576876661,-8.131453344270938,-2.2217310573027222,-4.32503176104012,-3.015887215327506,-1.1366154063715408,0.06332784200726205,-2.7791585809666284,-6.466077543501348,0.23048492839851226,-0.29002378888455266,-5.014432514930613,-0.4454271461829262,1.5732346466100198,1.4100078009178862,-1.084202200130874,1.9057718302671018,-6.027885586191132,-0.7652132669607639,1.258524305462604,1.0,1.0,6607.798096197814,0.026706527565803828
159,-6.320477247306257,-2.339461796444665,-6.161984421073498,-6.449670673143469,-1.9518686674820636,-1.2947815354926977,0.1773204924597957,-8.004895864362208,-2.5288026256352234,1.6370870648575384,1.8353317910040108,-1.7551145389163987,0.7140685267907886,-1.576738185129305,-1.9034534821117235,-5.586299949414783,-4.641030385693121,-0.43444960021201817,-0.868418193802756,-5.656942496269463,0.2647337126618495,-7.762021217399075,-4.2697372756711305,-6.579276852173755,-4.336410483538252,-5.796003063167792,-3.1790823646806348,-1.9993959579256455,-7.756841572018686,-7.870671610689969,-7.818790520485383,-8.296991938023135,-2.4491776218408567,-4.7149486691097895,-3.656396172420261,-1.0632875624388956,-0.05225556810530363,-2.6875765366666493,-6.879670834499654,0.5185151541619651,-0.37102660166069773,-5.361245224693603,-0.7210200389502822,1.1359477460651917,1.3548024090781141,-1.8089882699228095,1.6409814021917817,-5.803744381107476,-1.0061139486212232,1.1676117214067228,1.0,1.0,6025.86566085791,0.18113687391962802
160,-6.638661033624247,-2.4886558983621057,-6.350997553307473,-5.664030337043222,-1.6056464868253728,-1.5666982985036098,0.03161053391353108,-8.274193732310925,-2.8554801137551133,0.8094207626454685,1.217425924308034,-1.6131797111400745,0.7079625218634407,-1.8032007858479537,-1.798684942209627,-5.633425823843142,-5.110192332619553,-0.1817976234075337,-0.7087270441490799,-5.810868844236209,0.055254286325863294,-7.991567531552406,-4.320727526986472,-6.0171535194222185,-4.85900038720904,-6.320630209408347,-3.244814404115337,-1.632235095419926,-7.745451146434488,-8.136192651902215,-7.911686188847403,-8.36848879960701,-1.9816648082454775,-4.535950436941726,-3.4000908891571973,-0.7720151308481233,0.46481238124519936,-2.659869362110822,-6.259263772567329,0.49442779868107,-0.4242999097227658,-4.769404083338569,-0.532887284183776,1.3919504071892628,1.8060795441040567,-1.6106280772722774,1.6782331687177054,-5.969425842070685,-0.4379658072586317,1.1394405600194248,1.0,1.0,5689.061244109468,0.435127124252209
161,-6.718846140615343,-2.263059148577394,-6.28470371658359,-6.0417546120402825,-1.4693279822600949,-1.280809300199114,0.6134762710775461,-7.603551685454546,-2.734694133881588,1.3533455119408582,1.6491623060830762,-2.094286716434583,0.8184647715708543,-2.1472727466358346,-1.294123886420528,-6.029047900133508,-4.826322421239186,-0.7049468060433534,-0.9729102410696263,-5.872647210671738,0.6640634236156713,-7.736151907454159,-4.337506468438757,-6.436995387987691,-4.798418604876485,-5.922025864349675,-2.9618441204353996,-1.6331863803816389,-7.445865526817091,-8.415834164154376,-7.5686752594939115,-8.046864264625297,-2.572700868266951,-4.763079888429893,-3.635075700982182,-0.6390229338839579,0.20460690585405547,-2.7556655489371273,-7.105728227098782,0.5104888160121231,-0.5908424944521733,-4.8566591934097945,-0.8601594366690595,1.686963651823276,1.3990617790670508,-1.6505162397929878,1.4250496687786751,-6.219218741392706,-1.0203572078113314,0.8535203702509288,1.0,1.0,6322.829812696107,0.14290064798976126
162,-6.444406936222179,-2.5202816072120724,-6.877748875473499,-6.15947544979846,-1.6457124476273377,-1.3518490696059704,-0.27814342697601935,-7.980072322162331,-2.770584701525996,1.3817061301449112,1.2344702973250525,-2.027949726084225,0.8953456268187249,-2.2294346174621817,-1.3705313654208608,-5.974456111137707,-4.6431842827520775,-0.9886626021794938,-0.9047527087206453,-6.123414214513504,0.24290324362797577,-7.724885711786251,-4.53943793490664,-6.124938892860429,-4.086593638089537,-6.378090420198151,-3.439558831124428,-1.673881840642194,-7.179921871519067,-7.990411664232419,-7.53506173179003,-8.06955355409224,-2.5256524898051027,-4.50464316815576,-3.344300426798195,-0.7563029726753334,0.20109862255523528,-2.931854506261388,-6.792032206080677,0.5973398646704471,-0.4477554442496669,-4.983330977638459,-0.7810037538965638,1.5826538845252467,1.889776818171205,-0.7744016121185331,1.6033395072687595,-5.736062334711956,-0.7254718964736423,0.7187567956427472,1.0,1.0,6005.134364455974,0.14347582709282677
163,-6.981126140894901,-2.1263318979875963,-6.622325034023023,-6.286110471782898,-1.8846891402550967,-1.8076098735401045,0.09741295524441101,-8.023250579746845,-2.888538239203407,1.463075637290403,1.367015989501822,-1.3551883549764119,0.6983097844752401,-1.7920619325841471,-1.6299160434694409,-5.737830877949472,-4.7566780167294835,-0.7801276508322685,-0.4979194632370278,-6.496443389442039,0.3243934832052552,-7.840867868399318,-4.874086406432952,-6.046666050239276,-4.71251660509613,-6.486505572034913,-3.3777633415946076,-1.8420261109372373,-7.284675475154969,-8.41483520643051,-7.328247739614419,-8.140853111611742,-2.6766534122637715,-4.905690528441455,-3.633073533483687,-0.8442290564697318,0.4080769828725914,-2.756118453370679,-6.390438519381909,0.5655080441813485,-0.5194145096737445,-4.985325051514542,-0.2432268022779147,1.9533992475362094,1.7440615875327832,-1.1654920709176406,1.4638189281297531,-5.927001486477513,-1.2533554194809227,0.7167221272940975,1.0,1.0,6923.312559293358,0.11969057258874445
164,-6.589792344765725,-1.9622961114678,-6.480498855262575,-6.097392279519689,-1.4661011763195142,-1.6443078596268184,0.06074475906300564,-7.64752609441124,-3.1051554592441653,1.2884187070460007,1.4980290612640548,-1.6272983202748583,0.7963665040430926,-1.709795642813023,-1.6107301574743946,-5.660541163010771,-4.709864900061659,-0.6039393043103315,-0.04821416884426466,-6.465800925747857,0.5487574388676938,-7.751416208804211,-4.662288008003259,-6.182466713536041,-4.459300952117355,-5.859509116808823,-3.6132908642307187,-1.8940798273961224,-7.567921199933831,-8.43896532263803,-7.391267104460964,-7.915088090116238,-2.8951145850636486,-5.170495329780047,-3.4744140863684385,-0.9183230355579359,-0.3349017751811393,-2.521612576916949,-6.675678848837399,0.1535862101180095,-0.21847968809917087,-5.382785996235952,-1.0407072458590383,1.5652644435169107,1.780673248896407,-1.110166207696506,2.185284795160733,-5.928242091430941,-0.6240823618648259,0.6982597642499827,1.0,1.0,5666.985065208175,0.5464105004544745
165,-6.048877740732334,-1.609976289082877,-6.215181844256956,-6.215011179923054,-1.6113391023077406,-1.1265063054821025,-0.018666651361234493,-7.839512532963777,-3.0743445478107634,1.5374897731348096,1.3318421551726993,-1.6016706902596136,1.0028104928685826,-1.8166213049642241,-1.4905481769708457,-5.73890145480508,-4.886522173015254,-0.5737200915859452,-0.9257797113384937,-5.8125086265703585,0.5295356871628369,-7.853171265750926,-4.471266727040509,-6.373166842909076,-5.228517555460117,-6.082148226744186,-3.2302547637841372,-1.5167856297436497,-7.326285475063715,-8.037042617274514,-7.630666472241798,-8.157823791032811,-2.1820932494927106,-5.1441735940553395,-3.459041067498423,-0.8307407332028036,0.16059666069543882,-2.824197142943854,-6.443240851259297,0.1622130204257497,-0.3014472538947365,-5.276442020670354,-0.7822433828212363,1.5580496521633942,1.7013177922120968,-1.587777131155501,1.295807835014703,-5.787955307056423,-0.8024346558985871,0.7293403738311883,1.0,1.0,5456.7127284821545,0.37520684049621933
166,-6.744315474098796,-2.295604887426797,-6.245595672969065,-6.460115800748534,-2.0577849104993207,-1.0518368881687914,0.1534556982393411,-7.809891121435332,-2.894593627444633,1.0007878367020993,1.4879281756108051,-1.4249900125987638,1.131732739644099,-1.7605853542439185,-1.3296264251875356,-5.954032091672293,-4.8928783144417745,-0.9595275502951599,-1.0014579899836336,-6.303171050429408,0.3474567514942203,-7.8951446462553,-4.501279730793978,-6.502616642169313,-4.254011249496671,-6.122857395413569,-3.3163644092705002,-1.8419414499933748,-7.638365911693326,-8.267613769970305,-7.812971312701379,-8.316472534033283,-2.4838593049723383,-4.28445491695801,-3.4858425762807306,-0.7943234084300771,0.6195927577703991,-2.60601665874949,-6.291910639691679,0.528437004677173,-0.536583372956486,-4.87548020159816,-0.1229204101379946,1.7529306278166652,1.7332693720302268,-1.1702817776787329,1.825186315558346,-5.75775663816651,-0.7729904460350875,0.8392907098908889,1.0,1.0,5649.10768209222,0.6145983447227433
167,-6.06593106657062,-2.3902619427609317,-6.485982469910989,-6.203806227025698,-1.2444752795260754,-1.3385539762687693,-0.25384715588767215,-7.679088033420999,-3.026934576847856,1.0750273556999377,1.3115623653493524,-1.7237689875074425,0.5685460546659139,-1.8799186082739912,-1.539749849949148,-5.79082218631471,-4.8558336606607755,-0.7548157166847838,-0.5662852234849237,-6.189124033980182,0.051396623114427165,-7.491087260060924,-4.094812308560074,-6.377939728148377,-4.627677297684564,-6.078373078986214,-3.3193736317897033,-1.4053677698381626,-7.635997978714421,-8.335069985419418,-7.953739510019003,-8.340751165422713,-2.386230945261677,-4.780480755114917,-3.1477629656155606,-0.6867231440127213,0.33008600741850114,-2.5105674625522645,-6.315131723916675,-0.11951370346371926,-0.5124143059012332,-5.870089784488005,-0.5984845537891238,1.5097663450299341,1.5298648775284611,-1.2597893135587355,1.479032891814073,-5.827415947117664,-0.8925673491144291,0.687075778809435,1.0,1.0,5439.2795220817525,0.5350512468536693
168,-6.387779503553548,-1.7153023139363617,-6.340009790903988,-5.9806652893720855,-1.3046711748332025,-1.531740361070463,-0.30820270491198387,-7.40246364390756,-2.545870212052898,1.5167029932214073,1.3064247145087875,-1.6434763285720555,1.376197701195581,-1.8581103990613583,-1.759239588826302,-5.794814229108431,-4.769759557465277,-1.0798800553422856,-0.5641686952373451,-6.1079222343051125,0.6109813728060511,-7.91926536003211,-4.457087264079372,-6.291131146670257,-4.501870758967241,-6.253931562281477,-3.3146990578207802,-1.867293216630903,-7.468793021385042,-8.026965548907931,-7.774226376224797,-8.205585555609417,-2.5456450648062368,-4.708306028145921,-3.7566327183531962,-0.8819191588141242,0.43966381486616735,-3.192125454227755,-6.209106589723569,0.5702547131604921,0.27758242591174864,-4.714547818580204,-0.48510827256154804,1.869148820990338,1.1587490055105834,-1.285439625158476,1.793417838000841,-5.500734267070945,-0.6721027577505754,1.221590217278388,1.0,1.0,5271.970249380565,0.35301454180526903
169,-6.5176623911117035,-1.9109521632885416,-6.280497097544682,-5.969809180502309,-1.7359392100968258,-1.418145801157065,-0.3553358962295886,-8.140591021447253,-2.2350226302787806,1.821863619073573,1.6355844757389741,-1.2460235717762924,0.9413131870385514,-2.0703503999962165,-1.2926197605355774,-5.809179237975145,-4.936976180307014,-0.5652708722269637,-1.0939911213430347,-6.450392190993155,0.28645333023517466,-7.882730103342439,-4.377409796214527,-5.904184347553968,-4.324141439215873,-6.026806376134249,-3.438602376921953,-1.5610999558143546,-7.40450467671958,-8.11322311086294,-7.472281648097213,-8.381649451703694,-2.1740473958880626,-4.874454943150103,-4.02646725372627,-0.7706726840664442,0.15372142443481127,-2.7855923169466656,-6.060994890944122,0.7500789005394859,-0.46351001074843445,-4.733518137358006,-0.02766676850907679,1.8113281915628188,1.8608914814134567,-1.2089844744327054,2.045563722522076,-5.705046421620238,-0.6303650809468241,1.2120182673293671,1.0,1.0,5310.810341147152,0.4761803603528547
170,-6.527621381295257,-2.4074443657781885,-6.45802215368135,-5.968216537478544,-1.4719258935048447,-1.3400452215733467,0.2243883599984181,-8.233225161321633,-2.8104181843353415,1.550533742586659,1.16030714515473,-1.4792369553536717,0.6998690427386582,-1.8830127847149318,-1.5766203969421597,-5.813097243161428,-4.484568921336139,-0.6646115718555319,-0.592411417374867,-5.773292143921026,0.17480979830648183,-8.160822217797527,-4.144115820830145,-6.2096582961027265,-4.236687367644495,-6.23879554468049,-3.404144795404709,-1.5405484052804952,-7.398225615476693,-8.208801036005879,-7.275528737156306,-8.07346269262634,-2.476164913538967,-4.368048164034028,-3.189068119469525,-0.7974109263514357,0.6239315631663723,-2.266894403969241,-6.230056169472292,0.38437564498084476,0.25586704857999687,-5.250281193839283,-0.2944279660995601,1.6569605526179625,1.8426612445916641,-1.236766660984658,1.6466957311457575,-5.789480031818265,-0.5982854671794451,1.0702452002325753,1.0,1.0,5177.179093775227,0.3693252950137029
171,-6.352148294189656,-2.0455237082914826,-6.263837690021223,-5.703133066268276,-1.438013734300579,-1.454622029908008,-0.39779168707987844,-8.08606426068807,-2.4905303845494116,0.9422583925505315,1.2268538289650608,-1.859659508193864,1.0711198495925156,-1.7543513616881565,-1.5425878626948304,-5.2717809819682975,-4.6762088661806995,-0.8411023928715565,-0.7595755500065456,-6.103999437563969,0.475730626529702,-7.781843872165879,-4.009145495268562,-6.360086264853242,-4.624424326396759,-5.885970476389833,-3.171117946799233,-2.0886461386591155,-7.770058130822102,-8.107346476423727,-7.3139907083499205,-8.166335432845822,-2.2681908332685365,-4.742680509693456,-3.5540449760151755,-0.8762309475000856,0.39361619081480853,-2.545897925568379,-6.029888485181421,0.15697229161262088,-0.24970435579326594,-5.210517959544261,-0.5470696522952719,1.2625468519586887,1.1495234516144375,-0.9575287468405124,1.631786023567287,-5.5776874177723865,-0.4056221957802521,1.254257651387375,1.0,1.0,4344.379468354668,0.7706134983795625
172,-6.989472277588606,-2.389007900814143,-6.022474079017184,-5.7024824807286025,-1.5973671595597216,-1.7956432010087793,0.13889414001092973,-7.673270650435631,-2.6064547657847283,1.1949787965922112,1.1734123261859906,-2.089547561879748,0.8194286687205853,-1.8338825236642058,-1.9837982651723993,-5.470040842392548,-4.622481179319103,-0.9783145255451896,-0.5786596352586142,-5.8439283124606005,0.05917444354852058,-8.069780447394635,-4.084446349297215,-6.434078933024161,-4.606370614917291,-6.230916059255947,-3.730565502646559,-1.8184759642473254,-7.597714399307025,-8.310860424552299,-7.144218459691537,-8.171178634643105,-2.904683215466723,-5.094037465688112,-3.45163944347249,-0.578230403168619,0.6478285812726021,-2.696103976814033,-6.278209809463298,0.24770456180732892,-0.04131497499831871,-5.342560877585582,-1.0274646597821813,1.784604613878006,1.645648088215963,-1.3843861638400123,1.8899052123674691,-5.936802696902133,-1.1695939305701222,1.281556940707702,1.0,1.0,6178.561169926716,0.11824910325076594
173,-6.44690628048289,-2.501837128161371,-6.383308564757821,-6.218820641346809,-1.557957126677774,-1.2354737889718723,0.21821932830237875,-8.010072818785439,-2.6944302220602383,1.3281331271400156,1.6870521025226908,-1.8243842426201244,0.5642099582663793,-1.8730474519815403,-1.8413727557556245,-5.554683888973013,-4.988822549364202,-0.7417965216130361,-1.029556097729082,-6.072026910525412,0.18845289449619615,-8.100794529650543,-4.21840759913739,-6.016382168189096,-4.44371700985714,-6.275597386202963,-3.1337246469215687,-1.3797179435848599,-7.456875210320725,-8.138841974399554,-7.192551917711214,-7.686760036833704,-2.7435222571944227,-4.666498182047898,-3.8896262903277794,-0.9781043765585509,0.17348679301228107,-2.6080109643873186,-6.269260171546556,0.3658496075476659,0.08736975291308846,-4.602772197193257,-0.903867338210702,1.6243331876323663,1.4067196087154454,-1.207212640924897,1.4420357819339247,-5.795493019025679,-0.600945035787733,0.812046245084308,1.0,1.0,4710.592332022339,0.7254505015732748
174,-6.329363625374824,-1.8312730949501008,-6.499045487785541,-5.9114208828727595,-1.5682608840910304,-1.506631338972227,0.09332400978622096,-8.02485250741973,-2.9444980973818,1.2662065557926019,1.1599848681573994,-1.9469822099080836,0.978605292303926,-1.7800428140693947,-2.145347325892546,-6.111591773132363,-4.7079778988046534,-0.526593643874267,-0.5488250447596074,-6.196760357148241,0.33614388634938996,-7.8279282358258655,-4.168146071538356,-5.907381053985284,-4.259913232496957,-6.164499244117258,-3.1126408187878307,-1.5213841584559857,-7.718350435368992,-8.175839516308054,-7.477948461424298,-8.377582661469093,-2.6085778511405096,-4.51035857553398,-3.8404936042145286,-1.0005048022607348,0.36220553550658885,-2.6920418536763324,-6.449239134981837,0.23514767869182301,0.049278440566522586,-5.044522985325489,-0.8512699479451533,1.5616894413824147,1.3005976190523898,-1.6738398022364092,1.6726218729559255,-5.295574305380642,-0.5147294805123779,1.4151500801661798,1.0,1.0,5432.079970291879,0.39833986887990624
175,-6.8039066180388454,-2.227268555882439,-6.542926734167236,-6.1712395655678565,-1.579569957622086,-1.7160757110223084,0.1602199137485217,-7.7127145477479,-2.661673930538763,1.4619620495983578,1.5147666480125541,-1.4688915343798994,1.119125978421019,-1.6319766723105287,-1.56211693073624,-6.127787690048948,-5.0793291730501124,-0.3810203833524253,-1.113065900025504,-6.1517312686526475,0.3477253776103937,-8.004401758331387,-4.438968271460751,-6.170835213577439,-4.434032400777647,-6.166889383273774,-3.338881306937389,-2.119128522673349,-7.16771424199759,-8.707657267945818,-7.768600068026902,-8.351664586055666,-2.996763663824427,-5.0256046934326895,-3.5750090003128223,-0.9669532961173747,0.10381678457438226,-2.9223598571388045,-6.220614642372289,0.6435477175074663,-0.3708908912492297,-5.0222822151313435,-0.46774262893341984,1.6788928020051868,1.5821722043025253,-1.0442599822707326,1.3498677882627041,-5.330883617536047,-0.8131616390889431,1.0327395910504422,1.0,1.0,6063.548097282354,0.47399877375386934
176,-6.8554895724903275,-1.526465685976416,-6.2783844072707895,-6.266737954563583,-1.8414133713128678,-1.4469632792258575,-0.16009047610894372,-8.026605257776724,-2.7728703481116455,1.5248629948297812,1.7502104898366788,-1.8452067960617662,0.4272532033009857,-1.297283148884368,-1.2330000020404572,-5.740390181828647,-4.793084004133729,-0.625365959164613,-0.6445401580247886,-5.790586782634902,-0.052653771583925035,-7.821440817121481,-4.373252342224042,-6.260881558086421,-4.555551565291808,-6.162238779888477,-3.5430524715178806,-1.3732107154464719,-7.513659432703946,-8.311727397983153,-7.3344887164753105,-8.098611147449656,-2.6992307312213635,-4.9292341402261295,-3.430520387173621,-0.688027957748321,0.25655079532181524,-2.7702219806095294,-6.604786106262747,0.49859211702901746,-0.3911742720914811,-5.314445382968329,-0.6590087100842266,1.6398434899779328,1.6480502986938812,-1.3873252764323043,1.5874615537485746,-5.802261845596171,-0.9626943391318387,1.369392935927112,1.0,1.0,5537.670497031551,0.5477263903251897
177,-6.470024768824857,-2.3230331625421963,-6.465327237650803,-5.890461453619334,-1.8537294721017594,-1.4025721174750585,0.27918987979040977,-7.90205264070556,-2.9860525366762998,1.2406146763111408,1.6136067008472301,-2.2525255003100306,1.0696213879198284,-1.7978488065598501,-1.7346094655074347,-5.828982004807175,-4.8862347067233305,-0.7790652673533527,-0.3894695933405598,-5.987529366511112,0.28381456978767183,-7.447851082631949,-4.1103446429814925,-5.730056835463563,-4.07946805936037,-5.934593966174367,-3.32490003666585,-1.6828092577457132,-7.610109104476899,-8.2214098477189,-7.713238188105693,-8.411516273007695,-2.3484385522034446,-4.399089889886672,-3.3254643899963385,-0.5583186116794757,0.3380805383889461,-3.0235588871669177,-6.424751510322841,0.3005260202496328,-0.30912349438693,-5.2412079952674455,-0.7941759899224019,1.9592910164461208,1.5425509588115929,-1.53316136688173,1.306673706692102,-5.732204030800965,-0.710249444622697,1.0009104206864414,1.0,1.0,5679.774241969895,0.1419605312094573
178,-6.441474168419484,-1.4866981229281233,-6.270129527556345,-5.824097070482544,-1.459474593721089,-1.4800272892539936,0.32685416065976036,-8.130786747141068,-2.5070099829005676,1.2257944032998667,1.541723618275079,-1.7871254084055628,0.43462484712551974,-1.9644148384524105,-1.6222545578249994,-5.893895788721447,-5.117671007291229,-0.5328635773518337,-0.7385340829513036,-5.756888774715377,0.19630099348599242,-8.250438310266212,-4.081676296242153,-6.324761982588242,-4.290772446571083,-6.162908251010413,-3.5322515270324635,-1.9411073692750318,-7.642603203859381,-8.67298888216288,-7.7979087392192135,-7.897197942333227,-2.8896597587058297,-4.784242255534394,-3.494419006309814,-0.5542455337161419,0.8796879623257149,-2.8302534026403166,-6.364942241953854,0.6892555863983949,-0.3985811256540075,-5.070660587383409,-0.7092731553025665,1.326880427720356,1.8031045536044734,-1.14763533472053,1.6457904822527494,-5.938985808002547,-0.9033862222491532,1.1612554829519142,1.0,1.0,5521.087027453924,0.6917483896374095
179,-6.159803037544069,-2.1095904795043654,-6.125761263213255,-6.1779128574325775,-1.4728509140312132,-1.6719555308540646,0.4095530643281011,-7.890026674961171,-2.404421642727344,1.023083322842466,1.2992938773142675,-1.4196780578883872,1.041506851112194,-1.563168422730447,-1.7192059502538237,-5.565581219104086,-4.67019360023605,-0.812060046596727,-0.4562438685786571,-5.590137996021433,0.5273566098329026,-7.9188876531500725,-4.376412020221169,-6.366585954997695,-4.007324079527345,-6.092141564817593,-3.814603885248056,-1.759456033656942,-7.51595734979915,-8.11407993884995,-7.711537470499896,-7.840006516993167,-2.535586009036672,-4.685496071793285,-3.008063007651017,-0.7493550300137408,0.8335408737820197,-2.735476441449722,-6.299203022904876,0.6416329926233891,-0.4101129640540633,-5.325007638194585,-0.87425571517347,2.0824258754831284,1.5141860524495503,-1.0849676842946772,1.7319694488278647,-5.3975311972873135,-0.690353663432508,1.231229109586233,1.0,1.0,4871.540589871116,0.38567102145094534
180,-6.695182461399047,-2.4034236608011006,-6.363787888985754,-5.7734865223103435,-1.0544842204743898,-1.4998087142796284,0.6139482413477587,-7.820086444216866,-2.8730600182875934,1.9281319466043971,1.3679686653239704,-1.7161912629737666,0.880818487873723,-1.7061630631441673,-1.9379296954939174,-5.747703780624884,-5.100626854110591,-0.4723412285919757,-0.3784844110603005,-6.056250464617905,0.35012138981494906,-7.896529384129976,-4.253828487715688,-6.688921512387059,-4.347436194195777,-5.746338841794994,-3.289533618584256,-2.2042508813991644,-7.346344897555397,-8.190447596836135,-7.689847119687387,-8.161550418005378,-2.275403409139658,-4.41191118099402,-3.4353145377640706,-0.7415804761658454,0.19818519819605293,-2.8943787843645135,-6.93042922365037,0.49050436851420465,-0.07927475984717397,-5.186670855918497,-0.9048032534559652,1.2848432476345477,1.7227559473855838,-0.8621363864280484,1.6267550981649141,-5.62610274197321,-0.7268219938638298,1.166119860733467,1.0,1.0,6351.56722075751,0.055473435292834064
181,-6.124816728841907,-1.565532296063602,-5.951609536732757,-5.9077924437406155,-1.4489784899037736,-1.2322780730624183,0.33895705811343824,-7.442252188650063,-2.720298844403465,1.8043484086319606,1.434706976386958,-2.0450635260842565,0.6257257453371624,-2.0036095189225165,-1.607211056818178,-6.213026629119746,-4.671565667562987,-0.8643108000289085,-0.7399084056297156,-6.189047370682367,0.08532820632914567,-8.118466278388157,-3.9064724386631777,-5.613375417075109,-4.078343194508821,-6.549729918213784,-3.4277780363295904,-1.193231713861763,-7.3939038013005485,-8.377106898327126,-7.727427661854274,-8.12676207427082,-2.7036430862035052,-4.893238927213473,-3.273527999765262,-0.6436175046519912,0.29049588171016694,-2.82418314498591,-6.492688362971303,0.8708500500997067,-0.516098276951525,-4.981676058377528,-0.8426918813463105,1.6827818634414489,1.2342255096982289,-0.8550330506247823,2.024824929647681,-5.580834260918271,-0.8693563291910942,1.2796618618222078,1.0,1.0,5197.551015454576,0.2917850688360595
182,-6.3593192163629535,-1.9380128835411026,-5.759858568673597,-5.9579598036695245,-1.5306424868675874,-1.07236807049231,0.618428579513376,-7.9762925324320095,-2.7359799080888467,1.1453977062535712,1.561242591384924,-1.825076884885159,0.9979221693066572,-2.1716813372153028,-1.2908882910736263,-5.437986207793909,-4.965833868998884,-0.3309213229518982,-0.7352514869185448,-6.043118190049711,0.20767433781632616,-7.669347832445301,-4.284361693270168,-6.53574648177811,-4.642229657096106,-6.188357407228965,-3.452972923613121,-1.7173644281194904,-7.3456157403884985,-8.491003010228614,-7.6756995540661785,-8.191352055778282,-2.7637988830963645,-4.688493491449596,-3.5815863690073235,-1.0065165940773886,0.1783782238856124,-2.8069740685666,-6.7618161947870385,0.9763947539298,-0.49090344306890304,-5.323007563769693,-0.976390126941685,1.388693937213466,1.5857216494297308,-1.201485973866839,1.548838825246237,-5.280300064067291,-0.7520418122518107,1.0822124602979093,1.0,1.0,5604.934435399546,0.2892033546578389
183,-6.723852973472437,-1.7712558807691599,-6.11903320906203,-5.992706751960266,-1.5077047128979584,-1.7371579223254516,-0.019849781106837827,-7.871319631559781,-2.7288298912613533,0.9846612236207556,1.437051805929491,-1.9316460071184183,1.1266293434935506,-1.7480732622500799,-1.6534237885345815,-5.546337188538576,-5.342322252243014,-0.5241899691741861,-0.5123584228487702,-5.687937058588514,0.1726331715400795,-8.1789955168016,-3.9996293525651456,-6.040912864729234,-4.4384145173552225,-6.160051958080017,-3.2866352609307636,-1.434024549766526,-7.697217292294966,-7.747278264474303,-7.8095063279162495,-8.04168456447895,-2.6798909509273634,-4.981225892340085,-3.559844052556902,-0.9895760620629446,0.4269983022088908,-2.8813875679962297,-6.464437233217899,0.6758241544026935,-0.3327261025954166,-5.041988897791497,-0.709799227798491,1.71884881446605,2.0886030904207313,-1.4713595900970273,1.432997418453633,-6.098481743829579,-0.40489467185221667,0.8917692695263183,1.0,1.0,5575.760205543773,0.37765079962193177
184,-6.714025293829426,-1.9044239837989212,-6.520791654904413,-6.540032250301946,-1.9182502216293487,-1.632271364029913,0.009731177285773218,-8.126000549482253,-2.8411236270182134,1.1243078252586052,1.0679016656851392,-1.7325334367316358,1.0141375004148125,-1.9546023146508587,-0.9369552359515604,-5.442242444663604,-4.764010917964095,-0.5906980819077445,-0.4738574922281539,-5.762027388245962,0.7341427979125805,-7.8338131780632505,-4.0191121089259,-6.336886325422764,-4.485460583266121,-5.948244988728259,-3.6061443884318733,-1.5245456134650766,-7.024924539213394,-7.82844205676,-7.5803081576247555,-8.113747559862535,-2.238166247752408,-4.927438806020594,-3.0946949674793425,-0.8570124165950075,0.11206800024405758,-2.5787319302112914,-6.979119288243448,0.48196958968419135,-0.2691591768853625,-4.976650574280096,-0.36393711308463617,2.1196797462108123,1.761417873756463,-1.2528862319910128,1.6182853507291415,-6.066850223450578,-0.30890233482181706,1.027182213060201,1.0,1.0,5808.708118197242,0.14358787816614962
185,-6.839070319669097,-2.1618129103831896,-6.211015434851136,-6.090343380213869,-1.5068988778140955,-1.2094329739830911,0.1249463967190524,-8.181984183676876,-2.836042952288884,1.5453206127704626,1.052024200865888,-1.3765999460904637,0.7592734905019388,-2.055921241221892,-1.298589323759654,-5.991245380056133,-4.80928276189546,-0.6167281930007613,-0.625594333448917,-6.13748882733905,0.28659213456519916,-7.495667719606719,-4.044167975041354,-6.177058459536277,-4.217245284685695,-6.31445475885284,-3.472026671628702,-1.633440702594653,-7.401109119811827,-8.495840005609836,-7.732841682947685,-8.0201481893603,-2.2636737677501824,-4.737912358617132,-3.294221795478805,-0.9492319558705494,0.4445960101807699,-2.8916287413456954,-6.763971830529717,0.5396036541259129,-0.45840040637618157,-5.429329392077735,-0.30126090475957745,1.6400742763453038,1.8334224806680406,-1.4787928697704085,1.6401509015443732,-5.509176662714809,-0.48087080859479353,1.0532423336088839,1.0,1.0,6188.9610382173305,0.14022387231021557
186,-7.161552357577142,-2.3267182089980247,-6.10545135900585,-6.3427045164778075,-1.5260176134676213,-1.5023480691564797,0.36661668282058935,-8.008749590896269,-2.3396846204382724,1.2700654068833583,1.3366338607031967,-1.7153877260847827,0.802784375662906,-1.7873153122363847,-1.6164161196829563,-5.518248268389055,-5.112149097221225,-0.3193435998379304,-0.8678898319789949,-6.152002967448462,0.45317341740875583,-8.290859378063336,-3.8784339134978962,-6.420860332203885,-4.762033236780613,-6.1998068525506005,-3.4329394458431723,-1.8709574976850605,-7.638839007977326,-7.952759882350216,-7.541490063547963,-8.422767328678551,-2.379556854047865,-5.056342059233996,-3.3871350887992038,-0.21863536579797638,0.15040942543339364,-2.4438161651718353,-6.338417536037443,0.5865456166010524,-0.22930114822404937,-4.930286310476884,-0.5619810817293106,1.5801878969155925,1.1693171620907092,-1.3740660697862168,1.791351310269631,-6.169604855497545,-0.01006067623957585,1.3027785248338013,1.0,1.0,5571.43997237371,0.7593036819834056
187,-6.68376945327816,-1.875044869083395,-6.25425240183833,-6.1470390641256065,-1.6389079277309488,-2.060161539848014,0.39176732999309793,-7.780709667072107,-2.665808264550854,1.184555836422552,1.3826702175290517,-1.7273970810117436,0.4954873201551165,-1.558054217282812,-1.8421143642724307,-6.236386198513189,-4.984429883630069,-1.0897646263276424,-0.9134488204366641,-6.148967902448402,0.2708521636207395,-7.699792373497065,-4.5340068928554595,-6.153743120580723,-4.5762989364323845,-5.9656244581536795,-3.295140447616362,-1.3170496863253227,-7.386288481684417,-8.1698464201479,-7.883299501403529,-8.239985559819909,-2.588069858236956,-4.737677840226477,-3.201452872283542,-0.7186497480663008,0.264993702374292,-3.1376433573685634,-6.4204319474156435,0.5025316566791556,-0.14964040125895448,-5.204602095017576,-0.9402686485428781,1.3123268246028277,1.5809976656333224,-1.3540820901564194,1.8425181203833834,-5.900906277012525,-0.7098832507583317,0.6002010990973539,1.0,1.0,5624.908794135628,0.5245458518693444
188,-6.816416161703509,-1.9181987855601432,-6.246311847640595,-5.409556981716231,-1.7829562108362997,-1.0984368083220812,0.389355302667573,-8.130756154301405,-2.7237767479764154,1.372947545731868,1.3512354815600993,-1.5788535067594003,0.9020932162131396,-1.4876729792401155,-1.6447577713884864,-5.750277792927478,-5.045633366421441,-0.9558498922012495,-0.6106334852642915,-5.8601887928913285,0.5509922511277878,-7.737591184580234,-3.967275492363018,-6.471458343935822,-4.819111338698033,-5.92119068227988,-3.222597722386303,-1.4757692263702273,-7.799316200897026,-8.855813789564392,-7.7286413184847,-8.1398487603074,-3.116848060572517,-4.943738348777337,-3.5091321025242643,-0.81997293472135,0.52328931119315,-2.601275211877727,-6.4050116386219305,0.5851048401719459,-0.26095914031146766,-5.563502906150844,-1.3592712704164138,1.805709083414992,1.3639986319495563,-1.2061571430697204,1.262310455012972,-5.7943409138298785,-0.697366289307329,1.319579889847355,1.0,1.0,6631.0762316979435,0.10799642521924656
189,-6.388895733881027,-2.045069297621577,-6.145027529525875,-6.2842434245941865,-1.5724899883096424,-1.410088096516634,-0.24962899066101119,-7.865532933581839,-2.5837431251918517,1.289196086877935,1.3052468016862835,-1.6835756961039023,0.8064870965333636,-1.871368455571815,-1.8246141721577347,-5.987290514566484,-4.903819051651141,-0.4109694279873865,-0.5860154058963858,-6.357327923313677,0.41534321968555593,-7.671540262409755,-4.104099808308229,-6.226796091930571,-4.48456176420599,-6.280600787274841,-3.1452533414347448,-1.7295597574547152,-7.023082750290673,-8.378240110504295,-7.727662129044583,-7.522500725795487,-2.3547914272772825,-4.531009847207031,-3.5778369314189225,-1.0092721616574591,0.3059692766621013,-2.8056418024636125,-6.495108192291337,0.8873080715073485,-0.3830956448553752,-5.156443029336357,-0.8691338856282778,1.7003186388023834,1.320911684148012,-1.2970345457622534,1.3045771540003273,-6.188639516722701,-0.8658691680876673,1.1030452422844375,1.0,1.0,4873.824441184778,0.7422286609457234
190,-6.609278060757769,-1.9319397985596254,-6.1961178407188395,-6.0181408048222895,-1.5574917945127904,-1.4597563820426755,0.5766943317619426,-7.98989469761608,-2.722291800461027,1.2426528226425066,0.9104195663874569,-1.735512605825318,0.7652676567276464,-1.348259307404679,-1.5184643306904164,-6.143965871915262,-4.680135822513596,-0.7412496368004764,-0.6849655955157947,-6.053423648853604,0.3555522271369078,-7.687853707935737,-4.344030124524534,-5.8530461844266615,-4.617392266899345,-5.971939276898708,-3.52377258114815,-1.9519993471037749,-7.412944789522624,-8.369685920692888,-7.878303138354237,-7.86536147719363,-1.9501449610913597,-4.754717133028628,-3.5691138660982453,-0.8182038018859642,0.5252659694968362,-2.8965985315839604,-6.278057996278687,0.5054537615465379,-0.2835984704503341,-5.11694950578665,-0.8037601470983394,1.9541253847004971,1.3493988629977574,-1.0461103467834536,1.3557031466509493,-5.659036054489891,-0.8305264019809108,1.0732583430095122,1.0,1.0,4925.074378590052,0.6734332939365709
191,-6.8018049688007505,-2.0727419856545084,-6.405514573805675,-5.84324669270321,-1.8557817343579521,-1.7803694925707003,0.2872622655147644,-7.854604189080631,-2.677005174506839,1.2980973636401538,1.3505779546048955,-1.8596268245748193,0.8029027979536449,-1.720677992458344,-1.4680746327556804,-6.108001119738794,-4.30788119208798,-1.079354155248716,-0.7373552387285249,-5.756580366361856,0.49781326914709767,-7.961188825071362,-3.932769810559282,-6.194819503718309,-4.204325898265897,-5.790068041011316,-3.5471375039690103,-1.6480721805957628,-7.530057851267975,-8.748256049958064,-7.476883983576649,-7.935289223717477,-2.4575081453301912,-4.271179159974722,-3.426217172395158,-0.635575483608675,0.37748281517433524,-3.1383406796022326,-6.857765672388231,0.700194783288427,-0.0820832749138366,-5.438379505393836,-0.8767872510913302,1.6064131876989212,1.5343562199144023,-1.4287505068218564,1.5025364301517106,-5.522524556149776,-1.197040845847226,1.0155613401146042,1.0,1.0,6286.383027877493,0.04222082859899885
192,-6.281712157432918,-2.2739290509185017,-6.1929932451755425,-6.250377319182837,-1.2806007416881722,-1.7875085569462708,0.04729642660202274,-8.111340131204193,-2.37113348824688,1.3763803367317105,0.91598860716671,-1.77647707050413,0.25503727537866683,-2.1465319551284283,-1.299002374833315,-5.850676542725661,-5.33405624920552,-0.5885590862348028,-1.0979114655436815,-5.694563579810391,0.38597512901056674,-7.992271727031149,-3.9189956511699693,-6.2457950405345715,-4.640736275585155,-6.246106705464025,-3.215474048036591,-1.9636358068374407,-7.719146171415353,-8.554632452855904,-7.808127486416745,-7.965103989696544,-2.536006908797848,-4.605619717298641,-3.3587747723490335,-1.00894871793378,0.3850890900979559,-2.482739238390402,-6.138058624711785,0.5716846359255743,0.03718423182315278,-5.187501770229346,-1.3024149756382073,1.409537076685263,1.162017261231696,-1.13257850707552,1.5347344615765819,-5.413825003906112,-0.8875089068901669,1.0495805444494606,1.0,1.0,5888.169798609288,0.16294681387312882
193,-6.8395530590132045,-2.2617514870367152,-6.491863780069469,-6.662493252580389,-1.357296894215372,-1.167660918747409,-0.08360862618863835,-7.808056484086882,-2.992141479389402,1.5026554935429366,1.4701439869281752,-1.4886689520499736,1.073435185234394,-1.758020351842191,-1.2545540239034843,-6.0651602483220675,-4.897555332709266,-0.8320730534343665,-0.4408622455905101,-5.703239469724483,0.07818029634965534,-7.85730179673644,-4.1581636014870975,-6.176802607700203,-4.60390761854783,-5.800292264149081,-3.037525098933957,-1.8234765942835751,-7.354876774712322,-8.737279956834028,-7.535611290439207,-8.097410080550885,-1.8979920776905956,-4.898931376120267,-3.80838867073937,-0.6519154220869041,0.3823829980613272,-2.472966361614768,-6.346355856351396,0.9022510575158198,-0.28965716928785934,-5.137373450393326,-0.7495930359362913,1.7508138318607906,1.4520777468708324,-0.8641434840078954,1.743132053069361,-6.014727505649661,-0.7020834285956032,0.8459425642860156,1.0,1.0,5385.030214701022,0.698001310829737
194,-6.969154697769824,-2.759815947272591,-6.384946389057542,-6.142385652181212,-1.2038992992088366,-2.311448277346663,0.5979421173183599,-8.224122528448687,-2.827806133169455,1.2258795999448,1.4715068298672993,-1.8271112374692087,0.47221402759084996,-1.7809931100364487,-1.6973238549700953,-5.527266979337164,-4.53592209437913,-0.8259317792530602,-0.8505768839847009,-6.223090506593094,0.380544959623319,-7.892099362010629,-4.321809354071833,-6.0308534553082564,-4.909407944827911,-6.092598026792904,-3.641673361053881,-2.0459356086403804,-7.221603801827166,-8.129119521883247,-7.75117997954114,-7.5352939579381495,-2.7192595945027733,-5.00266911881571,-3.166432204070419,-0.5465035124851765,0.20987348043108828,-2.9932384521935336,-6.443244093224915,0.05240515393427425,-0.5985570636045183,-5.5233426342285625,-0.6237675053157444,1.4491361790347395,1.4229013426193922,-1.1860504616300511,1.9223903897836152,-5.807846038690522,-0.4900533215623533,1.1747497925696726,1.0,1.0,5660.880768850562,0.5390784511685268
195,-6.278428691727065,-2.205660727224023,-6.599554236382984,-6.141496234572706,-1.8133289008613134,-1.2808341516452806,0.09970089852068614,-8.569427309015323,-2.70651592671332,1.1975693324146979,1.4473764531259843,-1.7963494800077413,0.9077236592781767,-2.4328844483289696,-1.3828554676394442,-5.844400477668053,-5.002007213505488,-1.040876178856765,-0.6157270439207265,-6.301124710537034,0.6575054726150233,-8.008599312860461,-3.6297728826836475,-5.986314850339526,-4.604041054290035,-6.2611482395153875,-3.115271988113495,-1.499730933655217,-7.866986154512875,-8.08569671889881,-7.602054334118909,-8.248406902913377,-2.649587777920399,-4.551671499103466,-3.687928342240464,-0.8271618698076725,0.21071782883187337,-2.925974488989988,-6.506451163776194,0.634864632310692,-0.3586169145690418,-5.694535861416307,-0.7452743506160374,1.898199045040228,1.7019535432550188,-0.8392880555420217,1.5697291658631052,-6.206569361323783,-0.9339442775163778,1.0996554977524808,1.0,1.0,6762.586125878092,0.23781800809770948
196,-6.750175868965845,-2.576724304176794,-6.105241259327483,-5.957492366695897,-1.3086134829218634,-1.7115782187000967,0.2563627305819567,-7.597403694556531,-2.4634065571909676,1.4885910914303688,1.8382362183761976,-1.4294415850080693,0.9642815134140581,-1.8485980990947786,-2.0994730735788156,-5.861359622406859,-4.491657135479417,-0.6186619760006424,-0.811719249704518,-5.827295239776646,0.46783473143439214,-7.669686941697481,-3.962838553175474,-6.248555686182942,-4.671855000906667,-6.518882810284469,-3.744553342988368,-1.5992844311905658,-7.685398844387976,-8.294813418918418,-7.513863159791498,-8.229504160261627,-2.7445402980754823,-4.924931497117609,-3.34426122192109,-0.6719772635036594,0.2602161137138963,-2.9139099801104127,-6.238389510830459,0.6872845156081562,-0.44860687404550154,-5.444733471586872,-0.8520137092796527,1.992062941631839,1.8735748214875103,-1.2238623986779626,2.0596016022551416,-5.754474074067536,-0.5306550710665023,1.1798179722753042,1.0,1.0,5467.5744010780145,0.5875304629702088
197,-6.68344359714613,-2.102868308638368,-6.0730572925383095,-5.736741231824286,-1.3963853036755032,-1.4735487299191756,0.18164962653531566,-8.08426837789985,-2.65787264498753,1.4897935344946205,1.3052446104554842,-1.7186757869314295,1.0413248986655037,-1.5409239971115767,-1.6318412726865916,-5.853629233746665,-4.904833227316306,-0.8479844358129225,-0.7670591665994468,-6.08711151109663,0.6169267356143306,-7.907958082896059,-4.2207784161803374,-5.939573898897126,-4.664609258322293,-6.263710880173772,-3.224080323196372,-1.887959450944077,-7.652216245557323,-8.170054550009251,-7.363371608123304,-8.08425315592323,-2.389851419617096,-4.296302567470321,-3.5384009706692634,-0.7585269082941477,0.5447978636271205,-2.752341992745792,-6.326797281528687,0.2346022760583692,-0.5451958318375953,-5.0331283817491315,-0.9355388472719919,1.5494158100256321,1.496978039052598,-1.5274518831711739,1.7073142315488805,-5.801659618808424,-0.6712808276527498,1.2851992029543964,1.0,1.0,5171.996474056034,0.4946722166539532
198,-6.8163246372402515,-2.1571919477986707,-6.309041323002716,-6.131337830677659,-1.7913104850614747,-1.1536847086702846,-0.19505663714485216,-7.694431606348729,-2.5545218594212624,1.0866751903997505,1.63636974192788,-1.6161270599930926,1.1656377284636004,-1.7025441081070838,-1.7195167382517393,-6.261693741957638,-4.948959261233068,-0.6924317449497659,-0.5309044621128525,-6.178641951723305,0.1970736141904062,-7.8876562811694555,-3.927069091172723,-6.2848942573364734,-4.301241702777209,-5.9079243501649765,-3.8484702139986706,-1.1879543909554515,-7.228495510186751,-8.018886712065434,-7.6912495962572835,-8.228884189638368,-2.768685744980861,-4.80037528042616,-3.3775883324984526,-0.2636795187853742,0.19088376115877742,-2.6578715753556206,-6.386414954980903,0.9201049219492141,-0.18968362883402595,-5.4365620152975636,-0.5468705338698105,1.6794142966972567,1.7674677120933846,-0.9787729987824013,2.01697882202566,-5.44266318651613,-0.8547365655468308,1.4369566759182004,1.0,1.0,5908.940932082922,0.1683993966509454
199,-0.4997714845068595,0.5612184796905768,1.8000663176206682,-1.697291181191754,1.107718634872482,1.3309830502474371,-1.780777038870367,1.2707095287010728,1.5414058322910669,0.8893860432289822,-1.9897758731066224,1.9247971108830062,-0.6263205969313534,-1.6209604472951828,-0.42142964522065895,-1.9802203007531172,0.9468273210690756,1.8232274779422428,1.2824374852583098,-0.6200680156551246,-0.48582216877874806,1.1390544598795267,-1.6550739478502963,0.1842957512033525,-1.3510959188446772,-0.8397210972314211,-1.8199673106888774,-0.6712489706802414,0.9461328649621921,1.356845940843093,0.8374464584519501,-1.2463955335567594,1.94267423965091,-0.44798676781822167,0.012617927695443676,1.0541213012080877,0.7349297980014984,0.8878295256096287,-1.143391636944442,1.052370315895447,-1.6991353784743097,0.443562806822551,-0.2974783013752149,-1.062595651984556,0.19611487032553665,0.3075990099207324,0.19206503350047832,-1.3803540017057343,0.5302459242140207,-1.5634263302735825,1.0,1.0,0.9213229493394302,0.6416516617491483
200,2.9354431596332136,2.905833861914638,-3.639163314836273,-2.426940850667004,2.642331409145721,2.816106415921731,-3.7865773141949024,4.859238898002996,-3.6593499255737023,3.024470466823859,-3.8540778445237924,-4.814337189910532,-7.672724476029588,2.904479371599542,-7.164714876975238,0.9223798420343444,3.872947780902211,3.7429768967652803,-1.6690992597476624,-2.292611691211788,-6.568392725288662,1.1927751880336095,-1.3269821112850397,-2.3017811482705475,2.2067249405426863,-0.7461410456869813,-4.507761264879024,-2.512717234559567,-5.247907771422606,-1.7215734089382126,3.8641982074834327,2.8238790116550363,-3.0231032113185545,-1.6079933348251128,0.5899227262197446,2.9096065380976293,4.417815489690168,4.778110688338098,-3.1513698489291366,-2.338862279288821,-5.336790604009606,3.745909425911907,2.065284428659117,0.5364030673335234,-3.663413125161799,3.793055524596126,0.7510697888834339,1.2567124287548808,-4.660113803110064,1.8627952086357686,2.0,0.0,666.1407029402429,0.8712608544859242
201,2.6454034725691358,3.092979299759712,-4.355373926157988,-1.853441404177591,2.2179976628596334,2.606615037094482,-3.7922608919741245,4.498861891873226,-3.3749618978853975,3.5753692117150453,-3.390603315222694,-4.633216271241734,-7.384578777898872,3.8893073327015752,-7.828004764372403,0.9128514239141252,3.7878160985067715,3.288664342024871,-1.8182969263158384,-2.196634550393973,-6.59144384780691,0.8124719648726839,-0.9200951465428409,-2.363661576620443,1.8022151841743488,-1.3991902084487668,-4.597781332237474,-2.2825522249323753,-5.384688132394266,-1.9189321406447477,4.136700335136155,3.2085435071754187,-2.363979235383082,-1.4592748406570497,0.3403595360209132,2.801463604917645,4.677726014181156,5.101760957494034,-2.667714527762727,-2.1690865718247077,-5.140320732047751,3.391834677340861,1.538924720329863,0.2519313848549929,-4.261180713948245,4.356325469852232,0.7389430664425694,0.585959828822076,-5.400821752066985,1.8074456909445296,2.0,0.0,690.9991361716134,0.9216578777853024
202,2.7838575775715046,3.0995128003166474,-3.842613118771509,-1.7219029664864078,2.2637331532716614,2.554985689935343,-4.057688625791323,4.752301291249633,-3.490434637169075,3.1995571796367255,-3.9508654729471946,-4.714688354722252,-7.495126629026305,3.527287258589613,-6.9332817447438915,1.0970404457263354,3.8102346162294896,4.176849853090373,-1.6868980952144548,-1.5339291525324326,-5.849205391345608,0.926911489277106,-0.7617942831411099,-2.101146406274709,2.0978947492636344,-2.026060147632749,-5.032713155484557,-2.3585351903438156,-5.067950450969692,-1.5234832268514922,4.223375238190681,2.2876717614843085,-2.8420567481422534,-0.8292194651318332,-0.05988930603382461,3.4018316886300517,4.106228819026663,4.9252463515181075,-2.5082115754305914,-3.080683795158886,-5.591221451742953,3.304838088139217,2.3971775938016,0.29901030310787763,-3.7912060178175673,3.88392294632443,0.6754378794281735,1.1221635591530783,-5.2822225400658915,1.6198473955159143,2.0,0.0,593.2872631744596,0.9805031500869817
203,2.797736739667018,3.0620982392812115,-4.458144855574718,-2.0265475053938506,2.21930127080275,2.6581406975484305,-3.4948824263035316,4.231990590744234,-3.730506015505879,3.1505832488655017,-3.7510422772815684,-4.517213137025271,-7.995776747548771,3.8762683490940866,-6.9343190725849295,1.2007914319027355,4.005861365617506,4.227096421949378,-1.5188284748591818,-2.0699700269442314,-5.860874309670414,0.8686424400016175,-0.8358173109761309,-2.2327195527646504,1.976469952383462,-0.8915168892545207,-4.646356055255272,-2.4290267197136117,-5.633703046842869,-1.0729507000009084,4.3195543386830355,2.8270427979061825,-2.648890180415937,-1.6416567285392507,0.06635366306037936,3.0174933772920904,4.511251401613348,4.5611587853071915,-2.960346114554059,-2.5272824065395256,-4.97144498357506,3.6186775368292574,2.0728403176963166,0.4522925938585085,-3.809348343623592,3.624024197335673,0.155922660014647,1.0689837314515902,-5.031866870822803,2.4135310631098106,2.0,0.0,672.8624344375418,0.8143786688933917
204,3.152669363188384,3.0126143283538527,-4.174938499324533,-1.514834147009486,2.282552865607213,2.4284235234490215,-4.250073096956882,4.524207695608852,-3.000883159310759,3.514926397968486,-3.108665183390846,-4.701007593262246,-7.44774539397534,3.509621465531032,-6.560842235623959,1.3415348672171048,3.8729119783805963,4.125854087430462,-1.9234395277007699,-1.9386999170003965,-6.09573185537066,0.36418410127121154,-0.5440477161871398,-2.7119301729712126,1.9728219407767218,-1.1789019752834702,-4.55698199475613,-2.0162275322988523,-5.628422653606816,-1.6703312709264118,4.0117601308505995,3.206499041864269,-2.854425779407916,-1.670631037230951,0.4117978043171765,3.33550156079696,3.827952370641249,5.0209090253243644,-2.9969863019767056,-1.8804642666043532,-5.622960926078332,3.4259816157834346,2.2485257238063783,0.647203526826126,-3.932395781430366,3.9688575868683205,0.5760384592867789,0.6671454816697071,-4.7484451401776955,2.334476505962953,2.0,0.0,600.6342871321683,0.9476166351564429
205,3.1001326934188715,3.2806865508212004,-4.011147559971555,-1.7667013015536837,2.1080561265270217,2.8006039129144673,-3.790766198240112,4.648665851220674,-3.2631055467368726,2.921448135397944,-3.420795865404366,-4.309245870727921,-7.865214463565811,3.9256246615520536,-6.877249866603169,1.0505214845382007,3.468607674778118,4.277457339945438,-2.0446350311151678,-1.9944353532145886,-5.929260851884345,0.5305726735319786,-0.5227485041726987,-2.5167005388761288,2.116581867139287,-1.4430430388655475,-5.164251491189183,-2.4390099473218005,-5.060356276502957,-1.4972387911213108,3.6147796980986775,3.3633600027613197,-3.313163557391772,-1.2950440755841333,0.3977114992811466,3.170606979874091,4.250963150726933,4.7137577436342,-2.8019384194065906,-2.4859109056990563,-5.225546603391995,3.3429079938697304,1.9557245666952228,0.558225352231835,-3.623306442510689,3.5138590531790306,1.0713557878708255,0.25131831146163663,-4.969595787803517,1.8626182174043857,2.0,0.0,587.1639756407545,0.9582216948867534
206,2.931457982224755,3.706311672927437,-4.191490447099997,-2.7955294611042976,2.25028946792952,2.412871343361699,-3.551004192706521,4.689823421603547,-3.18171970607725,3.244774469005377,-3.5723253386897285,-4.61329612152904,-7.737657654020563,3.9979827481413173,-7.868968306071194,0.7168561536662139,3.405525306732546,3.877388501855469,-1.786500378443374,-2.276220004057669,-6.179686609751053,0.9684747935868638,-0.3669647220759068,-2.7597280553074266,2.0238867097356317,-1.5422869568798618,-4.561550967651002,-1.7197508162037245,-5.326347678541999,-1.4519440405825328,3.5940042586918275,3.243544089183771,-3.0149253362541857,-1.8626163439759709,0.48209639660047837,3.2543073122881347,4.106730277171904,4.853489577927801,-2.7051797338009185,-2.397548574804703,-5.194466343335528,3.3261286078095944,1.7635595157431565,0.4242762311242637,-3.9935711314256244,3.863353777651409,0.47666853369935935,1.1558630559386518,-5.044032628541633,1.9156377948407362,2.0,0.0,711.537671788948,0.8104130906536576
207,2.5374744345844498,2.819881371007846,-3.949321125798624,-2.073627807292714,2.930839816854667,3.6086775706799674,-3.6636252483645664,4.843746634040547,-3.6504328961378523,3.6061231564351566,-4.153304255030914,-4.273642650343892,-7.6762696705257865,3.151924585153946,-7.025898895091698,0.8424747983421222,4.174806847565165,4.3558375037445805,-1.7752971031670766,-2.690386080444415,-6.355870733490326,0.6869952917599309,-0.36212853196887007,-2.11118026502642,2.4665045830214614,-1.411415523324413,-4.757126984328164,-2.0854864504649226,-5.278934322028796,-1.7770164188877224,3.644996087197941,2.7728070662889124,-3.0651976046818246,-1.3841515240563382,0.13422461885076922,3.2441234586694714,4.7749980632335225,4.526571810233563,-3.12020834505575,-2.5777193358244386,-4.435059611698963,3.2802514611663947,2.208413808978971,0.1190684559904861,-3.9592683954756995,4.071964686455675,0.5979902545206845,1.058175247489321,-5.387043456814531,1.5446402744836796,2.0,0.0,663.2800867548801,0.955358702613301
208,3.011030727276069,2.874382584845354,-4.19160129656973,-1.7809524879758842,2.8629181459355912,2.3003248847662756,-3.6036870627381354,4.538491939430651,-3.8524586962796055,2.53022766415104,-3.094653960491109,-4.517988366927476,-7.7337142224109305,3.9086416999647087,-7.041666228630687,0.31085839275217964,3.9117443134981174,4.208714510376224,-1.8406696245614018,-1.8525829315163698,-6.108829761092339,0.32736449667793505,-1.1449849722473768,-2.0749446879305364,1.980807206949213,-1.515138767068813,-4.901312719403034,-2.2630257003593788,-4.920177874791122,-1.827760430455867,3.9835195158390135,2.670846332162005,-2.4578793683886255,-1.3549271442505049,-0.0976505730316227,3.0322706119111342,4.49293501104698,4.363204085528732,-3.226159146437862,-2.233831842522129,-5.299909528947533,3.67080901905914,2.4828104317106425,-0.1148813326021555,-4.132046056512879,3.319376510492782,0.3556582346010258,0.8634831788589461,-5.217427027162964,2.0196246561741016,2.0,0.0,577.8692386110679,0.9682167770338257
209,3.258444560181754,2.595055488148428,-3.6170843412277964,-1.8938272062496193,2.071705168955892,2.452026717197069,-3.9839276651474718,4.758364488693283,-3.161852252155475,2.8381814035413875,-4.11314166630096,-4.226808980705791,-7.718269254521935,4.16789043825548,-7.156689446401832,0.5580333334433065,4.231150384666518,4.016902748164261,-2.4971659384829588,-2.3294377837277684,-6.394453264246134,0.6722414776365369,-0.7898562504746509,-2.5675418588212375,2.2573552826357597,-1.0467593641852428,-5.049301166988132,-2.31467702163418,-5.851527544845037,-1.0817521144357685,4.085409506777165,2.646321685764163,-2.837461665592729,-1.1095194298638407,0.12731052698157036,3.2679521455083362,4.819239479754835,4.628403182161924,-2.8251476001813316,-2.148390422513773,-5.1481868885469,3.2432618355615292,1.9191731930530316,0.5282570616331537,-3.8806771678617946,3.6658553152211315,0.8975275495699373,-0.0830468859488771,-4.85388464323925,2.133069678171108,2.0,0.0,660.8713171350304,0.9372458370533767
210,2.5013667929666523,2.910240360308811,-4.325009249284606,-2.184814271883581,2.0686826448257634,2.294040440739683,-3.7130645190122413,4.5609355047974525,-3.191621168844659,3.4274650067707424,-3.5790996113872344,-4.300534594905457,-7.499206523837017,3.816190228451696,-7.131205850380504,1.1217639580541086,3.757239838512689,4.377797953774166,-1.9545740403479728,-2.1122420128528696,-5.978577328246523,0.6895185452802205,-0.698833032313859,-2.888814845590878,1.654111909864221,-1.3224251881568456,-5.030506903373958,-2.4988742706735945,-6.353675704174821,-1.5505545833769565,3.864127233027477,2.432874382112238,-2.937845797727077,-1.5921342679439152,0.11679000067295667,3.6930112972461586,4.420702764023313,4.310288163125718,-3.1706607062095045,-2.375543861333245,-4.758443846252054,3.4950544365429086,2.709613296732002,0.16629353030554195,-4.11835179657343,2.9830119319307817,0.9237547102852148,0.944198874994343,-4.890236378635639,2.056711948506433,2.0,0.0,671.606322104264,0.8004856460274354
211,3.310637804130396,2.8245170378455233,-3.521977060964732,-1.763639382309871,2.1183990546405242,2.527855145767137,-3.846880917407596,4.458023494455089,-3.147392686294094,3.1355928645332822,-3.023871769112336,-4.597219534164782,-7.760057030502206,3.6182338261576255,-7.248424748413503,1.3667329845023812,3.6657852721060413,4.248951211955378,-2.476223654105257,-1.9820163961006578,-6.213968824937103,0.6262572248972573,-0.8990492182943359,-2.370350792729067,2.2895804907695947,-1.3051952228902908,-4.642062596602872,-2.3831038337365786,-5.564144546026591,-1.733351303284532,3.479697465702147,3.4153588209657,-2.6465097931161794,-1.4793189273879706,0.4793478435472498,2.8372648922612775,4.180052678824813,4.512951053369423,-3.0181730380948,-2.691493210950078,-5.152699447903085,3.3595819562387983,2.7534365456280097,0.38256873539511016,-3.5643129918545067,3.341298919498353,0.7716814822283756,0.6909337385519394,-4.629352791884458,1.8410488245883594,2.0,0.0,542.4635473436567,0.9864278627669428
212,3.172910847336313,3.1694728314376786,-4.039725127816454,-1.8648093554921261,1.9153085896073385,1.8432258221315685,-4.306969824131756,4.879972957481014,-3.587452550987437,2.95224402046271,-2.992508061207079,-4.563673538657962,-7.548991063450579,3.4207396349633137,-7.444965939374951,1.0991846385131294,3.7850455465710238,4.385491051217931,-1.7066192194346113,-2.259589107821077,-6.310909055569359,1.1364636297896245,-0.9330290421102964,-2.341247807627188,2.0848024580664735,-1.0988051660867584,-5.592919931246637,-2.2920568297132977,-5.5860013659231,-1.483462010688074,3.754139981873413,2.8675283785488075,-2.620282198814286,-1.5989795017800323,0.17966361295012673,2.607935538922625,4.29141032792842,4.82797233339658,-2.334421835781731,-2.804750474116063,-5.644658735030487,3.2238555860687956,1.8022151658512304,0.5626970690042383,-4.6035886974579165,3.731452533140711,0.37881578279866,0.8604382406445593,-5.0802098159787805,2.4038871991591577,2.0,0.0,717.6792552112391,0.8652497716457608
213,2.924572895105004,3.3390542500896507,-4.189416932875416,-1.8117943384974762,2.1032438012485115,2.7974959155440944,-3.8849784626582804,4.744458234672159,-3.5323623879497674,3.064468500370931,-3.381411504825067,-4.275910568670818,-7.8343974089910375,3.967072850192816,-7.293411493699499,1.1869206642925265,3.9385808948954195,3.719522346740657,-1.9050498387926662,-2.104377321227786,-5.918916316762979,0.8475238231277257,-0.740384799694359,-2.178911251352405,2.2557905643131386,-0.9904669764450211,-4.616957156674353,-2.1426828483990255,-5.018612832609203,-0.9245373791693283,4.2574966307777276,3.0911276125230613,-2.480073129106941,-1.3352663700829406,0.2516080797892038,2.9755776832721557,4.169442720025388,4.062612351977958,-2.7044233109866944,-2.853901502311087,-4.961278893397783,3.5051725508471314,2.1425785250830245,-0.08433394198104899,-3.9626402679227,4.28829312195309,0.634488474500005,0.29856147689411927,-4.108163539251127,1.9207651541825081,2.0,0.0,601.3755591759572,0.8180043787534789
214,3.1114303303028414,3.353534080109626,-4.83599117694688,-2.102172559653019,2.3157699951782647,2.2439244340184725,-3.5158077946942203,5.481797072875228,-3.935050633693344,2.680756176922183,-3.1658792613229276,-4.063849355231667,-7.784028929024255,3.517783024152483,-7.584423027371319,1.082713605006374,3.1825642750179295,4.091176584833829,-2.099448060905488,-2.2198785747692993,-6.7432047380496725,0.5913786540719568,-0.9552674236565464,-2.7221482216888853,2.4988261914200094,-1.2939020376466281,-4.836941053650129,-1.788826782650562,-5.53704490660401,-1.6144403545890265,3.53286050166275,2.6920291093138697,-2.700257170009391,-1.3243775905302666,0.4956681687156853,3.219461618661214,4.450558544355085,4.840651081669542,-2.2970041861966255,-2.847873053744321,-5.712522543651984,3.502465798636359,2.3037901960069305,0.1346854652701733,-3.852667113028906,3.803966181856355,0.45719135776620723,1.1070912848245804,-5.215643914663435,1.8238960209236854,2.0,0.0,752.0696114608796,0.8749820918520188
215,2.8737318636209768,3.1568333761464173,-4.0018515550737535,-1.6136103517710796,2.5554435759799223,2.3559380582266964,-3.6605927605916704,4.233664358324792,-3.4604119683393293,3.3099999904808004,-3.5548791095530947,-4.849481659422668,-7.620017380064738,3.856078107341336,-6.9395441720128686,1.2224017399573166,4.011859180247481,4.186684146369903,-2.5010120144938464,-1.5511240500744112,-6.589026930922302,0.3235333328091407,-0.9079764627898512,-1.7859821919334704,2.195828765253463,-0.9386845439644419,-4.77964379107203,-2.4789812447999475,-5.22038582729984,-1.2610218410124974,4.011110664929997,3.463001767225938,-2.7245970921639473,-1.4965089197221328,0.45207221077810134,2.9249258443730075,3.6781697506211497,4.809368171161523,-3.2942856559055937,-2.3226094182334407,-5.591190651188491,3.62448777793984,1.4424499736132117,0.6689276691224446,-3.8421449847389977,3.8582067736399597,0.746399269018927,0.8146915913432347,-5.418301554116179,1.8000483055401484,2.0,0.0,687.5740870853745,0.8009395357142269
216,3.077344828572966,2.4796030600707506,-4.0951721193536414,-1.8627573882054542,2.4682566384206934,2.9685087576043543,-3.521712110829706,4.500816337011779,-3.412918034238634,3.405954183956737,-3.3089485800496035,-4.505167269599044,-7.078383242158437,3.7737842402191353,-7.069451642734377,0.8228254081418843,4.230100552625847,3.5238402109741402,-2.238690849522782,-1.9364136816572042,-6.660784921571996,0.41063839922767414,-0.9171422404174524,-2.2181068443172536,1.89400064475563,-0.9575090787655407,-5.412679272699505,-2.1270013656113522,-5.249432155318528,-1.9218603968638548,3.9769732395813993,2.8113992125097482,-2.7952388183777264,-1.3334943789928289,0.2456226900369144,3.3111987313664306,4.2439674058888635,4.737259281274062,-3.2648429597134916,-2.8863295639118833,-5.078034959140884,3.515883246175545,2.052733199520061,0.4756923315481759,-4.185142352076388,3.6721955213394706,0.36929537228197584,0.6404230817667378,-4.884095297451286,2.1209899648075203,2.0,0.0,623.7101510682835,0.9399742977507811
217,3.049364887936834,3.430433184558434,-4.097772849470336,-2.3188122193791187,2.2200617443860207,2.5930923685514595,-3.9666098673458485,4.893507045593426,-3.062275165016367,2.9881974454426548,-3.653119467902426,-5.212021458413353,-7.515469007610111,3.8458931535946195,-7.131718421673725,0.7939481267626595,3.730940612917703,4.102325319113718,-1.807693321953078,-1.747574942365142,-5.870517366322077,0.9565834478732977,-0.8743016520144378,-2.7189970181078724,1.9110751297643687,-1.61299133699176,-4.6585756076838685,-2.220764629247137,-5.717450341757938,-1.2866317668368155,3.707637482495857,2.481763825105138,-2.5442162080427693,-1.7382931976649243,0.1386388543182616,3.222436511933448,4.043087695080555,4.798910212245532,-3.0518638899259587,-1.9326059383850143,-5.179013436492482,3.2421482402068587,2.140813793764669,0.007291409645869412,-3.767170012230513,3.8073694594960887,0.9457387773862378,0.798913688324201,-5.073685184456327,2.1513643863364416,2.0,0.0,595.774317427903,0.9816033052022566
218,2.90166780027115,3.0573430599333498,-4.409599241023258,-2.2540775209096364,2.4962385352852525,2.1848806990699554,-3.948832266042678,4.85831340107638,-3.1138111231759185,3.4069460033182657,-3.5052753408879127,-4.686592733901726,-7.665900154006356,3.7047718198838,-6.867797676889063,0.7013467504509519,3.5150883893917193,4.191426409989172,-2.0698772926635,-1.9684762525012918,-5.956159806281916,0.7336329071788846,-0.955770038991112,-2.3655527384137964,2.309179545811596,-0.8143805870616128,-4.99297478734469,-2.1674250694775807,-5.507002348654844,-1.5555084609423269,4.218659909940255,3.171644924093353,-3.0589732293192,-1.733970074743519,0.23003819385990512,3.0953193818055786,4.265575603112044,4.725753128439788,-2.958703420263567,-2.309229700071814,-4.09237421166127,3.243182596649577,2.182000606127434,0.47529394676714976,-4.244956831424774,3.5758938278936934,1.021517035926244,1.1431558259333026,-4.8950531618821875,2.6808855628928803,2.0,0.0,612.8289662961366,0.9559157805497698
219,2.9794971894679634,3.4855615617234004,-3.950191258077213,-1.647243409095458,2.2824068858520596,2.5743385121169085,-4.1487419066020745,4.987822254467504,-3.1519008408319324,3.2221146089762946,-3.7965736206383967,-4.15775700131994,-7.890880316059807,3.8937859899480656,-7.528401132092322,1.674369186129751,3.7844096990945113,3.8503121725659195,-1.907061341684265,-1.79927629158284,-6.332478564374398,0.8653467386285388,-0.9441593317796381,-2.3768827077439543,1.7636523269653412,-1.2263850038760675,-4.969493230436969,-1.7678526210184549,-5.196174857347292,-1.4516108178671714,3.696558650965368,2.7408906133195843,-2.9496625239083922,-1.480874050511622,0.15571378021272897,2.9329435948702773,4.0620058677233954,4.68036493491332,-2.725718231508536,-2.5847081779318932,-5.737215313111,3.9555373793072106,2.4653281859962766,0.5510348739785449,-3.660612930741271,4.247328750997729,0.6592324362152051,0.587765138357945,-4.723317547855441,1.6724355317587465,2.0,0.0,701.6188993292885,0.8655467692563816
220,3.0692280697367913,2.879758092571802,-4.029904528232006,-1.9190988769110486,2.187201531386626,2.658720275562593,-3.872974962230307,4.449703819045813,-3.3537476565488156,2.7783943104784226,-3.2971024596549,-4.721214148161749,-7.268293913002209,3.6418556900533328,-7.347470423479852,1.3945627002145216,4.029557649067136,3.5105614006892196,-2.241670141167707,-2.339967019155328,-6.609605004394689,0.6130738266278901,-0.7076145816711802,-1.8933416180647131,1.9865506354786744,-1.3919945684178532,-5.1322384598196376,-1.8083357977342605,-5.046354438070139,-1.9018497669140777,3.554325827109909,2.8084596783709377,-2.4519815313011573,-1.7501705089836777,0.1009993492557725,2.8307913441115695,4.175727110244123,4.794653938874045,-3.114040368706651,-2.4752551173945383,-4.92648002866186,3.824558484102854,1.8623731462223243,0.10705175796004116,-3.7377047918650543,3.650164594496402,0.5224624798242479,0.7688048262386227,-4.873449164071873,1.518364281060035,2.0,0.0,592.0237718151607,0.8719234469830095
221,2.9614828028268354,2.6422193304270802,-4.132541360482358,-1.9520480612735474,2.015719684784844,2.3599789613361684,-3.815569433676607,4.577599795646286,-2.9845478967807124,3.1232479744630264,-3.176881590458739,-4.211037892478777,-8.24135227846635,3.2607158383636214,-7.3115638628383595,0.8060136975775761,3.7253000454110454,4.2357256750690695,-2.068774018876786,-1.7733301681618217,-6.76847079391313,0.5523892719149532,-0.8192334823586468,-2.348091237866856,1.997616447714809,-1.1053689919187706,-5.082422589869228,-1.5157163928903548,-5.6187871145582085,-1.7025114907299925,3.877708334708754,3.1798380973463662,-2.8677102759240993,-1.0962866270118932,-0.11436080785508129,3.2855737195743684,4.157738700884116,4.641493900069123,-2.8537066309108368,-2.4490458453113924,-5.050743073344428,3.5127975998072873,1.9118556848895614,0.10964375027631892,-3.5917691953094644,3.826797053324048,0.08375066840764178,1.3131505322985804,-4.547427141231655,2.1266157809623154,2.0,0.0,606.6013067851725,0.9491050868442775
222,2.5728518162258753,2.9175085201413493,-4.101700880435962,-1.9457209752518934,2.558902475536783,2.617779735774614,-4.305168104294448,5.132801102131827,-3.031652713078045,3.191175856671603,-3.1649395836626564,-4.901967800641868,-7.445958967322955,3.647312561533932,-7.012338461551143,0.6578778596044983,4.337900095846935,3.698820128501726,-2.0522460448841,-2.4212217287525055,-6.010442696064453,0.8852304804625647,-0.9113074249392853,-2.694086469484821,2.247325439967114,-1.125349778342085,-4.769657097106532,-2.1717503894141106,-5.43953072525393,-1.2651372177025424,3.9501053581325016,3.066324870795445,-2.900922307517014,-1.4483894241903914,0.3769015229325191,2.9486407509012382,4.462492178745769,4.841840705647914,-2.9559108292464553,-2.9180994507847693,-5.036797490575285,3.701629281201142,2.275416836569009,0.2791698478851503,-4.476495580382954,3.9610738217694963,1.0486148038544791,0.645405394094247,-5.023434446137117,2.2574735090004205,2.0,0.0,727.2305307473438,0.8163839874771109
223,2.7608066041826684,3.1923088195077893,-4.072211851614369,-1.944840415345514,1.9345342382042146,2.2700599782115254,-3.5087388794689605,4.202854692680146,-3.4619614065591646,3.480696222453296,-3.524949900696384,-4.819995125056436,-7.7561660413302125,3.2413104691085186,-7.249800278908091,1.2375872080112404,3.842310361772083,3.812250170542634,-1.9501253431761483,-2.118505590954422,-5.998488927089049,0.6738541019783255,-0.9162672967978212,-2.183447306744626,2.322787732624722,-1.2127189545661652,-4.354612905490447,-1.7926087793488148,-5.7761927412793534,-1.1658681622550406,4.31394478435275,3.204912168211949,-2.9517182611948223,-1.5748569512075064,0.5448200316423639,2.9800684741183625,4.509608527400894,4.458244611563748,-2.4388707819921347,-2.3655348763214303,-5.431294829819267,3.460124435807906,1.866130943609238,0.14802905191070204,-3.8349810286362938,3.930276101494988,0.5738426262048851,1.2389292327901928,-5.0673831976692805,1.9415281071823174,2.0,0.0,620.0157740034058,0.9037540481821593
224,2.5826360183961836,3.6146215250733795,-4.096372814842833,-2.1535620837741583,1.9618752796170813,2.2716075161481024,-3.9416257921201314,4.87689085914036,-3.524772213831685,2.66570926520357,-3.30270971332646,-4.618831068749217,-7.7500801978020455,3.570137019516604,-7.80780718454009,1.2074316894650539,4.062706771984287,4.313021330479534,-2.0573033587870198,-1.7674649913085159,-5.886663846855764,1.1047261034770919,-0.5740276838046583,-2.3318685808973987,1.8104635467468464,-1.322226822304921,-4.83667566758128,-2.1383763341198767,-5.201042689850698,-2.3008192496951727,3.7050196047720836,2.8862076935610737,-2.6083782290095723,-1.2798162906005421,-0.0004256272649632853,3.2122418415584684,4.330208306895883,4.309404305363978,-2.8513498966736175,-2.9560809953758533,-5.1817623262430805,3.7839415024500784,2.347922791790269,0.19944754044811558,-4.02150283891214,3.4623829986055568,0.7263140707656981,0.980029912026233,-4.6704343826969925,1.5796299318910882,2.0,0.0,670.5595762881686,0.8308229438548779
225,2.6751445120277575,3.322034289586138,-3.6997911242780077,-2.093987636181495,2.623720518784849,2.593476275773333,-3.7287166887114163,5.549176616920636,-3.368409869808616,3.4288977276358144,-3.5314715380219703,-4.973821681561904,-8.094059580147922,4.118430136439663,-7.45943853459719,0.9410002018720505,3.825152798729981,3.8846389218796684,-1.9030442866494535,-2.014792508658726,-5.9534722104335716,0.4934195882076572,-0.42050590877177624,-2.2350457445344785,2.1236461522815877,-1.2657590827833818,-5.109754317225319,-2.2872156917837976,-5.302113938467295,-1.3125256378030046,4.105230754048213,2.647393385119269,-2.636621710290836,-1.8089567217755587,0.11432051703617334,3.0294834212287634,4.835877787926653,4.52435075942476,-3.1090901171108207,-2.310905487690973,-5.419385806929672,3.449694834667072,2.2957880337998593,0.21022794682275914,-3.548653593964348,3.376343833100682,0.33622972580429106,0.9858760612591345,-5.046802900092529,1.6773769091196442,2.0,0.0,739.316153138074,0.8551132478815076
226,2.8265765987406204,3.241572375130853,-4.341372168237755,-2.146939572496227,2.338445075924161,2.475478860765427,-3.8842944823032495,4.888717744696269,-3.4114241473711653,3.158724202031707,-3.1186407288382565,-4.479653363918079,-7.498064622830413,3.9561914077118305,-7.180306628336956,0.2878121040011009,3.5030300701740043,3.9750208404303513,-2.2350206708720983,-1.6135188091101849,-5.823939024304642,0.6093714486759704,-0.8022474541055471,-2.004585871730638,2.1668612774253644,-1.019918238808357,-5.225338135703029,-2.346050311125598,-5.5083895126439355,-1.6501501165176296,4.286333126783348,2.760440571079425,-2.628870465563907,-1.40646334263389,0.1435286699333066,3.4161667334651193,4.4810787294536105,4.422794059447192,-2.974572048794919,-2.4020108572548327,-5.387087503903202,3.4038476756368374,2.3465304323405576,-0.2141822732260666,-3.6722960343297344,3.6409316104508247,0.5877431472686,0.8718468374210135,-4.969188450351808,2.1194560829243874,2.0,0.0,665.149311915566,0.8085515527422784
227,3.037357738071094,3.7338985723812685,-4.237719499888435,-1.959461633369235,2.823832212111883,2.5911997246076908,-3.5249769807225846,4.919970944014469,-3.333920242989918,3.4411215950692062,-3.51905353311701,-4.634735259943674,-8.049964002788611,3.9924167067474055,-7.08743092332639,1.461062257624991,4.023099616702841,4.1290990957516,-1.4688327663643956,-2.2939730775972373,-6.141924526939833,0.6284489143204073,-0.7870891225965175,-2.3807485836527738,2.223644309379126,-1.4138277438768945,-5.264235780691579,-2.3264936883296854,-5.899455231667285,-2.2019813750649266,3.9097129781270366,2.9052954019378707,-2.843556351082361,-0.8929737311672294,0.028847237007890866,3.1314382467790383,4.464083454526841,4.553776857102857,-2.6123380658776605,-2.494326475014675,-5.084711034431454,3.2364657655226083,2.3742139659450836,0.36388893003412737,-3.4715584643633073,4.072567868687761,0.5580897381921365,0.8400355496947555,-4.8293400964396564,1.9084517914104073,2.0,0.0,752.8918336234091,0.8631156738926886
228,2.8659661490077255,3.2472041235648286,-3.994864617771166,-2.077401855723752,2.0261842861646167,1.978289034862653,-3.973372463484813,4.161843766497384,-3.098763053739537,3.2131390183801614,-3.2914005923322014,-4.101069802360093,-7.820287044326647,3.355832295267753,-6.980508517240165,1.1960768526170105,3.206104616676064,3.837140132939176,-1.8596043175489183,-2.102232295106317,-6.235193464238401,0.7153896013241468,-0.9134242368557827,-2.2853180744355543,2.7338928256332635,-2.051217557071178,-4.611977206196494,-2.057746472646906,-5.460416926904988,-1.4195683862696422,3.8028103470913255,2.9294818549975625,-2.633322668578534,-1.2686573608447502,0.12613117700476106,3.019833484853866,4.534351219297148,5.079710816631063,-2.9373442920082056,-2.7518542433942637,-4.721288634407084,3.5003236390635277,2.490768102673124,0.3958158937514507,-4.123554111341115,3.881446365532761,0.6831999045576749,1.227690100096497,-4.98046250181262,2.078570806027954,2.0,0.0,579.6727410036403,0.9399413110857042
229,2.713124137870548,2.738479790148062,-4.040302826785707,-2.1322250985075577,2.455275215579261,3.0485385686369093,-3.659604081609149,4.856111281174812,-3.534213053922648,2.9952440629512482,-3.3453552634425145,-5.04280007163942,-7.8654800587519675,4.097083186763419,-7.521926533213433,1.249046158860155,4.22574390307474,4.324178211852811,-2.3430157666479348,-2.211167038977139,-6.210446546855627,0.7432975144205,-1.266119460109296,-2.418626950964723,2.2510468268069856,-1.2300135842782165,-5.546926888153884,-2.742800757954835,-5.457772808784106,-1.9117878260209966,4.182965231508061,2.7294367836576297,-3.012612177980511,-1.8883980999984376,0.23837795585946583,3.343226689333971,4.212914901905875,5.0024945960341,-2.9325601044694105,-2.315506047724744,-5.129149797236991,3.6317161645376927,1.9268794202730761,0.27480296039653784,-4.069856407363163,4.4321981762266685,0.6805086897779488,0.8127472137982514,-5.203664758097047,2.0302598916118835,2.0,0.0,815.1533882458257,0.959450182190047
230,2.710233995503319,3.3174017287945827,-4.067768430909442,-2.1891487950582276,2.356944144357764,2.8345043316744305,-3.5828052009054634,4.818678165826556,-4.24742087726982,3.0509913787845613,-3.9308102794871034,-4.888070171641768,-7.518710613947752,3.204856792633701,-7.69024976277595,1.107131524273579,3.8553151960662504,3.776551581452514,-2.307477391650793,-1.8035932711870772,-6.260470652382607,0.7873633375620116,-0.9054208007138805,-2.2205106452079897,2.4758327067665062,-1.3017332059885947,-4.830960213390481,-2.434883907306818,-5.785089410343279,-1.245967747263099,3.356141238504251,3.0450174556080145,-3.059646321452605,-1.4929437613601202,-0.09721563649477288,2.9706943814655844,4.26490175221067,4.3662997696404675,-3.4730510787052453,-2.3478222757428835,-5.240832075062835,3.61896797722533,2.3699598366926775,0.40601058873693463,-4.128779339856508,3.588919245700675,0.6873178425158579,0.9966611708774646,-5.387457234209945,2.227416199031926,2.0,1.0,821.2643725316709,0.5674892916903901
231,2.8603426871333646,3.1623999953510795,-3.9699615440050318,-1.8706585644279097,1.8644633811846145,2.6709923840839624,-3.7982559317524736,4.645368221949627,-3.332635309343156,3.4523400837312175,-3.3746122667956957,-4.167254403526285,-7.402079366917086,3.341611551855842,-7.596508611492196,0.7418542614245434,3.6472631930216264,3.654013277962364,-2.213312361259842,-1.9327557447962387,-6.1221334703031625,1.0205631803834159,-0.5298642763114412,-1.8671417557883998,2.0468675778265797,-1.4451248004920527,-4.964077156126772,-2.0562574325332585,-4.837288235321247,-1.0926796554021785,3.742994141732631,3.3552711817583574,-2.971514493153734,-1.2546324154125308,0.17790337373875625,3.2173247555556133,4.616075608455615,4.685931742101498,-3.284814717055689,-2.6012980931304477,-5.796249981966924,3.187929721733464,1.9147508993092899,0.4783705216509827,-3.9131189174117846,3.87513358825467,0.5841171428313496,0.5212911201786825,-4.903999475384323,1.863222273383142,2.0,1.0,760.4661509293137,0.15072089328864813
232,2.9560204488591815,3.440657974141515,-3.7448507851078534,-1.9801002332006004,1.7253768718063198,2.6453906433139567,-4.140646925664202,5.065333387489459,-2.8742495985650987,3.372695660998266,-3.4115179960644437,-4.900107104576684,-7.477009877649287,3.5476536127846146,-7.1823537039804535,0.6522590847801806,3.6779330932290475,3.525643513677237,-2.4131829399273155,-1.835548943850982,-6.047707386346372,0.26104938338716416,-1.1757181353210138,-2.2923532638056447,2.0688365396470174,-0.8789994006482237,-5.104071790687533,-1.8850801985389682,-5.213010111136832,-1.5113134844273004,4.386349682477081,3.181162877438974,-3.196142505288549,-0.8415903553148045,0.14637967654989847,3.194039687570664,4.271808869593478,4.887808074070312,-3.186348459222639,-2.469389796102903,-5.031696295218997,3.565464946575921,1.9985420719825533,0.5737213462278901,-4.116509794146861,4.22187401398516,0.6301762808216907,0.5334023147929547,-5.32885222860441,2.438511126306929,2.0,1.0,711.8151016123904,0.788534847930182
233,2.9686771359674853,2.923872775676092,-4.173852848652987,-1.903682594764769,2.2395485056230107,2.4822124413898763,-3.5822832073187953,5.253730802399154,-3.2484939568487103,3.3755893049734254,-3.524664553116574,-4.528337217572817,-7.425859604181493,3.634766293269976,-7.741317760917336,1.4600986954168982,3.4858742477876024,4.080393610596628,-2.2294082523731937,-2.1988275321249473,-5.9380292917188315,0.5123544390039988,-1.4456293253642343,-2.459096166545457,2.1621187360721006,-1.291920749405155,-4.451710351720221,-2.275195205604914,-5.744361007220203,-0.8273701761939478,4.158350070004721,3.0982233236049193,-3.184144865880591,-1.0468213337129335,0.1970192840289642,3.3231709930523277,4.249967785609344,4.626235041325486,-2.6064562345438897,-2.859131508925825,-4.691319486812266,3.414001028894345,1.8568266669293723,-0.12379368229556054,-4.216225184091883,4.220242587168271,0.4821704822726456,0.6876220238817038,-4.564268589862172,1.966907750940851,2.0,1.0,775.4412873820623,0.3104026464363557
234,2.8335138699907083,3.207200972522012,-4.4665299140581345,-1.6351986045344682,2.0903862670188547,2.474806675061846,-3.6267969236746,4.660134050637287,-3.5394554780956273,3.072522619435671,-2.828958371070337,-4.3417589771326135,-7.660326487269706,3.479088266197272,-7.2030514934513326,0.8698028031683788,4.011551052846011,3.6873247938833007,-1.7961050873105102,-2.6690119893857767,-6.138741360612651,0.3440448883892582,-1.2937216183213942,-2.102343625331507,1.9094218698038166,-1.2894379633928696,-5.398724468143225,-2.620899837423833,-4.9212166138487206,-1.683422210102872,4.214756814477937,2.812148148923559,-3.002688383734146,-1.1974130851993734,0.4107716123500121,3.2409646330198405,3.8420355020051,5.118969563024719,-3.2552236498367213,-2.342926335316338,-4.700210164415677,3.490612412401606,1.8385823591857402,0.012847652969581708,-3.7898023878833547,3.4265085096093526,0.6151784433379833,0.9098217171035987,-5.6123980269954385,1.8630521000052258,2.0,1.0,719.988780093918,0.40252358553908874
235,2.7408014765534467,3.2627053590320445,-3.649892937070489,-1.582267796639219,2.037106630838356,2.6933328766622506,-3.4289211005868285,4.8340833694583445,-3.500921463794123,2.9846143305032133,-3.514061809271132,-4.241378058722921,-7.463272260073357,3.6484650566434573,-7.585012598601204,0.7366390456991505,3.8132544313590224,4.123641179941157,-1.797423338147875,-1.9619871170158294,-5.961163023755115,0.4424460664066464,-1.4558615761523654,-2.391796781126543,1.7495648235103303,-1.1782073294030595,-4.998260702187484,-2.31084475833908,-5.531763959629396,-1.4494776088427732,3.4321849874989785,2.738856988199677,-3.1583360561257345,-1.3239698323735485,0.5710503982656538,3.2676010970101603,4.122460068451069,4.737366559260626,-2.6778921460208207,-2.3119377171916904,-5.649756399395318,3.129995866296225,2.5406640186999985,0.25325999213292355,-4.120759997326213,4.325501863451453,1.0678613711751612,1.0402781599800572,-5.01982503264643,1.5893533949052603,2.0,1.0,694.4817449048275,0.6108242602416176
236,2.547934360235918,3.345206913394434,-3.9915300790593293,-2.0979478933297653,2.353582340864942,2.1600346634264223,-3.9760954887969193,5.3387333462173245,-3.2145816834655294,3.3928479579518527,-3.5078008824213573,-4.484502144625274,-7.3480453459768755,4.133570426401125,-6.626525046911944,1.2542632846884705,3.8840463077423335,4.342782223566688,-2.104604198822621,-2.6895563834547622,-6.053238240150117,1.0238005683101725,0.10062040333520128,-2.3792819160071303,2.0762391779582394,-1.400542299963881,-5.301252375954537,-2.4167389477269325,-5.153815224387508,-1.7283708552840533,4.345485922680543,2.5774789185547777,-2.672364259365467,-1.7665134162919582,-0.5258615795161369,2.8908272902872008,4.197381642763518,4.536554722021351,-2.783138659664806,-2.273104632581989,-5.0706562639110215,3.4026400315612713,1.8867974480935983,0.059222648750127505,-3.8717159412710473,3.7192881068168053,0.49462699352908296,1.5016609513647987,-5.072916124506228,1.7703638571226628,2.0,1.0,707.7212716258167,0.5469859596002997
237,2.3293844399338486,2.6102438549426394,-4.418256005746767,-2.4180321453805638,1.684318664907229,2.372300398149506,-3.878932028229219,4.376766825713276,-3.1247749536041156,2.8929250233941994,-3.656379274334552,-4.350463560795366,-7.706060676779274,3.9409593924741406,-7.3605186130554126,0.8607669072321907,3.7661690640653096,4.39833573118882,-1.8468550712578504,-1.8078745031704786,-6.088829601474967,0.6672872381381627,-0.5439657227818407,-2.3112865934552955,1.9527188311567782,-0.9981895572348033,-5.202042084143832,-1.8568753159775082,-5.5828904125212855,-1.3158019943166277,3.593097500073108,2.9297863875268253,-3.3314242641943523,-0.9801308698653459,0.07576822712719654,3.0607439822001217,4.225157670320436,4.523721885877397,-2.6514900648141193,-2.6296321992705947,-5.137978021769303,3.7191035401769916,1.8126046805618057,0.27377773002879646,-3.946460313699805,4.2335801705104545,0.8487576627636912,1.1508263226732405,-4.636797135461,2.4796370297866464,2.0,1.0,690.1291985836626,0.5775659051219257
238,3.0601366710635167,3.0921022927634763,-4.266348696574326,-2.2079780950381624,2.203247102920761,3.1521253744119964,-3.895131633184252,4.709122634213403,-3.245122450927018,3.1667078957099046,-3.6951092590877384,-4.414836208991189,-7.5399901709234065,3.9146336594295623,-7.402880190870929,1.2274569514657698,4.324627189029609,3.8499076714164993,-1.920366636039176,-2.0048211325495244,-6.004068349669213,0.577279882316261,-0.781161708931942,-2.8324260583856384,2.5934015434800743,-1.4757868965701564,-4.621941218211108,-2.221164847401961,-5.456732361506078,-1.5765610078708834,4.321169295048867,3.109345402760069,-2.739662224952529,-1.0104118894247738,-0.50233272962377,3.4755211702108326,4.512888219439658,5.018342859971272,-2.963777864786215,-2.6572004020365663,-5.365086664117415,3.2896491130268926,2.0987820546629847,0.1640981325150969,-4.422597735485129,3.6605555589113394,0.7036517064057506,0.8792858812553155,-5.367093836390486,1.912856160590675,2.0,1.0,938.5604931979911,0.17132167261111164
239,2.778977134804796,3.1088950926375865,-4.169976597101801,-1.6425551145579051,2.6584361967878305,2.2995611193763876,-4.068025710260977,4.465989032396343,-2.9671567563544405,3.058010455740292,-3.0514054830894617,-4.724587421826752,-7.105658473197023,3.4442114682762752,-7.287014144711618,0.6245794381920602,3.669162125538236,4.174901874331915,-1.9282488249709213,-2.1464841474725764,-5.843183904084035,0.3177977386112446,-0.36679426608683985,-2.351595751809399,1.739033716723574,-1.100767372037264,-5.20334465459047,-2.086605459607052,-5.457924405126394,-1.6215446489187528,3.8652071640499885,2.8726308721292857,-2.756833748873829,-1.9490610364452898,0.03531188758890216,2.9494893518222614,4.730803615304564,4.540515711138103,-2.7013931241845466,-2.2513271623672906,-5.420084428296562,3.907085524014036,2.068515574202435,0.3644779989285707,-3.892142783194536,3.684533446407511,0.5970267266376469,1.2072430493758466,-5.060593066676348,2.1613525869713923,2.0,1.0,664.643226796606,0.6104740631790895
240,3.0192871990139216,3.014441909597728,-4.096154839637328,-1.659820187669395,2.9256223032270707,2.141864392566423,-4.331055714387484,4.6302499411183575,-3.405995733951755,3.031760311558751,-3.127733850632784,-4.658296797382666,-7.649193638055383,3.22893047319763,-7.254723212795044,0.6540367152876305,4.7224787126921814,4.099608321195442,-2.1141332747379917,-1.8000064678737049,-5.648580584255821,0.5687163199330245,-1.0500409190317528,-2.725049787278265,2.120055017714427,-1.0060179348180978,-5.160972408175514,-2.0058431813586703,-5.528319427963962,-1.6557151714082254,3.57888713934284,2.8208487619950318,-2.8957069992528957,-1.6793853209237088,0.22932235401826434,3.451382983757899,4.500613145641899,4.753312099095382,-2.9749910207279786,-2.208089579054271,-5.504527537499587,3.536446510840234,2.6385134429336867,0.40850023027738647,-3.989259785179224,3.899269654136312,0.07864077364018052,1.339253730692967,-5.2742641287983005,2.8047979243803187,2.0,1.0,934.7257697192259,0.060172924305138056
241,2.86495511792687,3.115197513509025,-4.410224749818145,-2.2057492222978032,2.8984022224385324,2.995516202124588,-4.185555863830017,4.702574790467246,-3.88863567186027,3.1088967287185727,-3.414896653757726,-4.399454040853161,-7.310071521720333,4.001659832438886,-7.294782974113917,1.507876209613867,4.1812664558529145,4.012617393048002,-2.2946936864031207,-1.7325052728616652,-6.227308142399485,0.8461788695615688,-0.35354582261591566,-2.272638298014063,1.57673921739649,-1.2424690422340903,-5.384405642959489,-2.571688343144709,-5.150981698313762,-1.3831487571705752,3.902875595061774,3.1837816083377275,-2.5991216862950437,-1.4567579057221367,-0.004572808667542727,3.7649696662381826,4.368913061122144,4.926949206891057,-2.9079015134774027,-2.4277312051297386,-5.21806220273891,3.5601064126879534,2.3264709075099983,0.9407100119052889,-3.855687041858167,3.526451139759794,0.972266036119755,1.2910113775286782,-4.7126474315484215,1.6572744095797673,2.0,1.0,814.2102627891743,0.48871256136451025
242,3.2826930711268814,3.043339630371682,-4.2389848468624205,-1.4810509679252015,2.1140053618703365,2.674386269153251,-3.4506744328197456,4.779538176000381,-3.017064598235257,2.7102234237534892,-3.2272993350661148,-4.629580159709111,-8.072789797147882,3.739644873387233,-7.182818069381594,0.4942450132827618,3.4061788573442078,3.403072440897998,-1.5661969308091377,-2.3416899101961555,-6.145442939010334,0.3826489403079173,-1.1454763424077985,-2.6380402054802143,2.1602742639242534,-1.283111752483482,-4.802087599609925,-2.296129201546001,-5.437526457975075,-1.6021484593516413,3.554472175757787,2.9250101531590116,-2.6781648990427303,-1.0786512156448302,0.20308717850555624,3.4770675257415724,4.306463016226398,4.424426515204198,-2.939421496456803,-2.241512429805239,-5.0220161007135316,3.2531596520797805,2.4033361088837824,0.95609428952169,-4.4368414706659305,3.584763712925668,0.8955841049930121,0.9884891054304946,-5.1921009782794165,1.9191322370888002,2.0,1.0,715.7495948431009,0.34050433972495703
243,3.017626073605351,3.0927155771140913,-4.677954901629226,-1.7910540873404945,2.0333859868784003,2.4704527916310974,-3.605909385663529,5.204525248703327,-3.1711932384467483,3.25329099674004,-3.3535658812260776,-4.476875458561004,-7.390085540324834,3.4621205780131854,-7.010494863010528,1.4796652975102274,4.232768131550568,3.933673714841356,-1.873050655075306,-1.6866433044015114,-6.087101909953757,0.2448613113661206,-0.9648801378056248,-1.8080245225396907,1.641475070584747,-1.4266671116736152,-4.756257231926783,-2.52789652586389,-5.1826054477672425,-1.6929270446400528,3.731658557349619,3.2769061967706783,-2.565244863953223,-1.5453144994836006,-0.26097822997680664,2.877916013528947,4.281309672112643,4.650187483526872,-3.3501332169987887,-2.7564339237761644,-6.144524814981533,3.5299917547033113,2.3476463443842337,-0.013242169524158298,-3.2003868857746975,3.6078976075761466,0.834676826301137,0.5385060252550967,-4.492623563571829,1.854481691167654,2.0,1.0,752.4540772629623,0.1874808696030888
244,2.7487688200286513,3.1259866149540514,-3.779673648288675,-2.0887316282478343,2.3991925736090716,2.6894473374666656,-4.041951358549899,4.577827443888887,-3.7503282525352533,3.1322171538446266,-3.3290968801782803,-4.486580130984751,-7.274590828258128,3.4495867037926295,-6.803572071912402,0.8539931390499513,3.870825701568022,4.021051184940706,-1.7934442050628716,-2.426303304931748,-6.057205172123613,0.7678383403905695,-1.3419650500079205,-2.4071123971050623,2.4091336245018735,-0.934564020501286,-4.853221608549837,-2.263499563604602,-5.135532847533334,-1.8814911744336562,4.065939485105286,3.2616139027281643,-2.389528498268922,-0.8531269148607948,0.15111812521202012,3.340959923275347,4.6546251019947364,4.383367048359679,-2.9031758339879437,-2.448637025573288,-4.956757516136518,3.234502247760399,2.2738511382848143,0.10543466333925922,-4.1855664438403615,3.883131419346485,0.7114759966064625,1.293927781114535,-5.598694309333943,1.850840003594677,2.0,1.0,712.8168450497005,0.43922297406510735
245,3.071287903391921,3.378757792141349,-4.216571315610864,-2.4317334439434974,2.3872839926397273,2.4038732458498977,-3.7967369124045174,4.542408316479835,-3.6460595364189063,3.0731026748826213,-3.0138549878350935,-4.206307341161608,-7.877879909154176,3.2181127365485467,-7.721753081458291,0.8026549017785923,4.273398430488928,3.86704650328712,-2.022920576407257,-2.5541309189614974,-6.049746309627288,0.49227809514926,-0.6360726036483493,-2.159521566566787,2.3675185610485743,-1.7287533040401684,-4.907854539267605,-2.522386090238397,-5.527824958047133,-1.3246042441603518,4.137303705997947,2.5631259065124317,-2.9169714214639564,-2.0344220922624188,0.0792366190926006,2.4122792878000046,4.755328774529884,4.494678028825227,-3.4226589953760698,-2.947370393242798,-5.148330598792439,3.8335124711665833,2.182941979269926,0.06334306842274767,-3.9341144414342257,3.0193051807422915,0.21578370229715266,0.9417439794189537,-5.277857587309175,2.156043694328803,2.0,1.0,807.814372458606,0.4615198019841465
246,3.0035034771012055,3.0886441498936836,-4.080539820980575,-1.8013083106770602,1.898663445959958,2.4212319752968545,-3.118409444711146,4.835454696790683,-3.3502749831435237,3.220461753064493,-3.248221097554379,-4.550331178177673,-7.342645859262427,3.5471946469846625,-7.139471532085142,1.0970152588370867,4.293056419953609,3.623215430638977,-1.6573908987518755,-2.0418701344887307,-5.506235287577349,0.6778247055165982,-0.32780012144318815,-2.099178240518231,1.834436602252007,-0.48613782889541723,-5.169227702964727,-1.9454947713024144,-5.256772854488309,-1.785395301744211,3.128379129307535,3.0857581405977754,-2.932764326105412,-0.9192528197254408,0.21600024730764794,3.5110511613373205,4.3057843881579085,4.234718906788398,-2.948373642775095,-2.1570561717223806,-5.161940140432254,3.2402219186247074,2.2727237577245973,0.05255872858667954,-3.890310827681418,3.5374933170785527,0.8445162932327324,1.2745427455430252,-4.759734344857721,2.264021953600107,2.0,1.0,599.2174245712124,0.4384130067000957
247,2.894471995283762,3.1565483041768574,-3.6240819253952843,-1.955179264481305,2.9250454546357245,2.786192638202,-3.4740294554521594,5.147111916095213,-3.528990674416459,3.6280188513124734,-4.052751100106792,-4.837076292143742,-7.454193825015666,3.935972449273072,-6.829072852593597,1.6495492538202075,3.8293995256450466,3.909703094319398,-2.2549550228762327,-2.175058490693296,-6.125057836888863,0.8304340782749301,-1.2049706540372316,-2.2082637402955188,2.0416357584785425,-1.4935176483094585,-4.945534348428985,-2.1699475938794777,-5.711733427875889,-1.6122371397509347,4.2770161031876475,2.833237113565214,-2.985914141173712,-1.5456749557123481,-0.03859160289462246,3.082973361182423,4.548626671153028,4.705211941228306,-2.9145850427184543,-2.1257747956299777,-4.872370708148441,3.0893487175408376,2.2764549630466875,0.20683000820315425,-3.742154646460971,3.7704829534779725,0.169975068437537,0.9791226607621428,-5.2426440198188295,2.1779138887284755,2.0,1.0,869.6605648166282,0.12392919965885314
248,2.838853127820138,2.8897092192838403,-4.4338498566296645,-2.4566444859939622,2.238316748394206,2.964793139495043,-3.787879456607323,5.084153840152647,-3.433601080554922,3.557343063484547,-3.358425577386791,-4.537499508643177,-7.978705101832523,3.751842670557031,-7.119837487134424,1.2020285675522713,4.2525179632537915,4.214773343391019,-1.7923522234116138,-2.1348134374472507,-6.786181551220322,0.7787516873936202,-0.8727876337112328,-2.156103725282022,1.9729705419632213,-1.3401131861025015,-5.386388809811185,-2.664445724270907,-5.156506768992158,-1.4309304303359152,3.9150648772958925,3.1460222598965224,-3.251443596276575,-1.7484854151396787,0.20273791346203138,3.227826695001991,4.074954283442114,5.054056046774881,-3.4678253520786977,-2.3782243156928202,-5.539971082902921,3.633927231872976,2.549437880335037,0.46114756656949174,-3.5778594441092775,3.649763423301658,0.7745079737914584,0.995828476196131,-4.967090707293612,2.101823881598879,2.0,1.0,920.9096342323585,0.5060491848428041
249,2.1184551383155896,3.1469910894934516,-4.164962266280025,-1.9915281026071152,2.6541275305953524,2.615337010574263,-4.068250077734521,4.930579501549091,-3.532071225612308,3.0741807644077017,-3.5567555343093518,-4.914634852499205,-7.717968206426569,3.5869098543472626,-7.691976832673957,1.2743226462656114,3.923621310619995,4.229995171990063,-1.752950422410641,-1.9646329125163082,-6.576360265259001,0.46572904261494597,-1.120911088569882,-2.543718318943283,1.78819322595462,-0.9439975220053922,-4.94833735036969,-2.2448461020814445,-5.131337161270503,-1.2214807442486975,3.6301140977491753,3.3987603368358723,-2.6366055970430398,-1.5111873244295653,0.09574772808284082,3.165523343514283,4.176532672574122,4.823460825598254,-3.28470200718983,-2.2689908778652774,-5.160304243100249,3.362362869364505,2.168790912682546,-0.03573919252565888,-3.7573619076481983,3.739038274223481,0.14840835497832416,0.6980043521945729,-4.535719203314988,1.7528173378739489,2.0,1.0,874.4321867394955,0.08731473394528351
250,2.7899115995717856,3.1976040987600665,-4.284736655240003,-2.130197594680801,2.350751109259324,2.743664771228411,-3.6887206356644553,4.394197081164921,-3.502678488996271,2.513481765456278,-3.4589907503779367,-4.674716692624934,-7.99692413158588,3.473986467527903,-7.5441551786182215,0.9102249993181429,4.163568140095914,3.8870798231239427,-1.6788054706459241,-2.054480585077913,-5.825757019382262,1.056470057962863,-0.7612827470451742,-2.58361129910856,1.8617824679552508,-1.3393219458192709,-4.5088667030182314,-2.489267670345773,-5.798260111068885,-1.8387802009205816,3.4258462326976957,2.5370545603258963,-2.8709016930774456,-1.2136758390771596,0.3611200673396318,3.1509142805677848,4.394775280539631,4.864391272789499,-3.277811935630652,-2.2840092851450424,-5.100637620607866,3.5406486636053205,2.549824629601792,0.44827723046490503,-3.5457801766254735,4.037737244213665,0.020584766703604873,0.5225348413802543,-5.223581269625847,2.0828394507768087,2.0,1.0,850.5081501537785,0.09176001168879422
251,2.6376811530937285,3.276304796426615,-4.12520634679052,-1.6846135283720403,2.331627288967391,2.4926044990039924,-3.5672381244898865,4.592902279565574,-3.677670227409904,3.1250929191784786,-3.3994126026378013,-5.140466951769831,-7.20449752181753,3.427712488296422,-7.418023194811885,0.7777301570215909,4.233543492413258,4.2731829082026564,-1.880871312077261,-2.8984507369134467,-6.0924421995463485,0.6486094519709709,-0.5128073035952733,-2.374925913382151,2.238545567802846,-1.245180793166713,-4.892051643943775,-2.63255666232291,-5.276353719929705,-1.9759047828037042,4.128947756527438,2.6636738356889467,-2.3671342055925817,-1.0171221888459994,0.2675451111946141,3.0023304337156262,4.374316418524515,4.787720410399377,-3.164868238384435,-2.417081799207115,-5.363889302110106,3.675635308135314,2.4143570642416536,0.1326444606952927,-4.1887083881558675,3.382945560710761,0.5571154913455982,0.8339851857390562,-4.552667094775746,1.567637557117697,2.0,1.0,756.8115184611507,0.396937071418446
252,3.061207310132882,3.1384566849461493,-4.3862259102449475,-2.1245981567006793,2.6775618090272397,2.738670947474634,-3.388531524588766,4.958689808647576,-4.014582346196438,2.8267297429856746,-3.018809559680795,-4.433877846077039,-7.788575004673428,4.066067125773987,-6.843373173188064,1.0672965796924716,3.7484571885405433,4.497101943449666,-1.9046213071666998,-2.4300297924594076,-6.126809691299981,0.9408102724913767,-0.3098449996335174,-2.258536026609953,2.2655169819919614,-0.7938217413283386,-4.684848615032722,-1.9050843845993486,-5.187811114577626,-1.1501058049240023,3.570370263977037,3.003331138443362,-3.224372633903019,-1.2127446326268851,0.4942820838071944,2.8549206813062846,4.286103739768448,4.740704328342385,-2.7950223431002588,-2.6391391406608387,-5.151872852425785,3.3164039057704158,2.3983636146998406,-0.16448877538236595,-4.183997524560925,3.224716704152762,0.4198503380728818,0.6774160647618023,-5.089439027405337,1.9849069378711994,2.0,1.0,752.5971949956592,0.3017907948443746
253,2.821571534073235,2.9826625492407977,-4.0861751797311285,-1.8746288864823308,2.113035969015879,2.446683522439446,-3.7474402193579768,4.969300362665098,-3.36075639034428,2.9641950223094233,-3.316798977984617,-4.6375904614135575,-7.593832777437991,3.6581907427744484,-7.1778571344592725,0.5330967340715718,4.2198923243947,3.687647095754501,-1.9882128773954624,-2.2837257998994853,-6.304326267962093,1.031008323228913,-0.8598256538156064,-2.3424519553719882,1.7437343977725448,-1.7553950914584546,-4.985840895309555,-2.5840974484805277,-5.106084418743121,-1.536778760346983,3.8795814221938287,3.084295494866529,-3.093658272093094,-1.1756407946183256,0.32916164348301596,3.0588297284449193,3.787376363002494,4.565891356581494,-3.2861437469371366,-2.79296754324485,-4.630996993540438,3.6177423249323737,2.6018917679246063,0.25970941680926574,-3.868136404628232,3.963627550003942,1.235582188077806,1.1148015942224871,-5.068198177234805,1.387161516228998,2.0,1.0,663.1508393567696,0.7832480113728304
254,2.5879771205132918,2.8588022957001336,-3.6982459776426966,-2.142875118621381,2.3237300130320833,2.7396026675075458,-3.7737963168466564,4.884992621450979,-3.7967229136929066,2.7745814866615914,-3.9294634514488553,-4.254854703815507,-7.897166654028096,3.9827567449266863,-7.4452882850420785,0.7522988301680593,4.15537310107718,3.7504017926117053,-1.3017900524547956,-2.4223479624552082,-6.279621415993115,0.2783737865165242,-0.5894772177042822,-2.319114892459423,2.206707851452596,-1.0899954447877958,-5.326936081974935,-1.799033803928392,-5.695547196281796,-1.5961620611523748,3.895468345751179,3.1616455595535764,-3.262218766829399,-1.7305680032033468,-0.18216813945118338,3.173017965794835,4.425358432368675,4.753607293955731,-2.8096314423865625,-2.2990640299952756,-5.043176524093239,3.2922495366235913,2.3646362570435255,0.10386610574065111,-3.970151593560627,3.4576607983136953,0.6258172769828314,0.9675388575995885,-5.061615794159394,1.6641327954892626,2.0,1.0,772.1495201342067,0.5706231950912168
255,2.7773969754021204,2.800551691996932,-3.9549076844064337,-2.1494203618282706,2.2307805018782743,2.3658200474807662,-3.653007046493991,4.810033187268757,-3.4858052586695676,2.881655420531255,-3.5147973030148956,-4.223868256107653,-7.983633854777805,3.2649957442078184,-6.822457408455426,1.0909468286142,4.053384317779961,4.205929143556452,-1.622025011908927,-2.0330841586929673,-5.9607714371014096,0.5728068622539435,-0.5867198117461114,-2.3260823463087927,2.3445113173685823,-1.1368808608338967,-4.8606277800088975,-1.773397129315312,-5.24118580786655,-1.8300128835398655,3.6781793479065845,2.9715485283310046,-3.0345727548377006,-1.4258872057158551,-0.06909089276557548,2.6603006655908357,4.418278937533297,4.4437054541168965,-3.3020453478847522,-2.411343731942278,-5.416409921741613,2.769261765888,1.7572279431570235,0.33842190142601014,-3.678698158222438,4.1437075455663095,0.3377192235547777,0.7577822369461239,-4.633750039142781,1.9186919408718677,2.0,1.0,746.5831881930538,0.04911258040931985
256,2.830018462888707,3.188709147893597,-3.797696515141108,-2.25118308405467,2.4057482147567377,2.583456045829459,-3.9106302651347873,5.0633917629614285,-3.303836511917411,2.68792171847551,-3.423735681956078,-4.383377168484022,-7.787681602420105,3.060668820148559,-6.913400241439393,0.47911554548631285,4.487114880277121,3.811925641983522,-1.4766997059044584,-2.146155848784702,-6.5300840837095055,0.5308907623263288,-0.37209758801628584,-2.2738011601908847,2.790649345659921,-0.9826149319089716,-4.988705962614721,-1.7003798991512835,-5.180137270990247,-1.3925285985497817,3.7939680880206432,2.6288083120445,-2.9223056367087237,-1.5669807601115917,0.23485542551712318,3.1280023574597795,4.249675475001006,4.421407729642115,-3.0238847485455125,-2.905820703615716,-5.473382437783271,3.491509889709285,2.2196616236016284,0.34255978439636464,-3.9719845131688833,3.960806728869649,0.5859372049474498,1.4018918978243884,-4.1248312680741925,2.0113214845960132,2.0,1.0,658.2781081585202,0.7202247381912961
257,3.0612201509467005,2.839112919185509,-4.37596660470483,-1.9661294836111878,2.140145011833759,2.37759549871645,-3.713743527437727,5.24121149900538,-3.493070238283098,2.7111865440067335,-3.074021445692114,-4.279410860807415,-7.804797191322435,3.883206179530338,-7.36357714451226,0.9254912844899829,4.181769118127144,3.124380792422175,-1.9529851838624346,-1.9931203957426236,-5.76849814383825,0.7360075826216737,-0.5492189956368534,-2.0138513543352268,1.9132367208892918,-1.4179280516748274,-4.770463469018636,-2.153798011715924,-5.8071425361594065,-1.3756017576005468,3.78529074944352,3.0654136899307667,-3.0504111208710607,-1.540366831868882,0.0764963339529632,3.202831311661236,4.082756503156579,4.567299814598098,-2.3080332542140285,-2.1861076672379505,-4.465728451490882,3.2874320288693766,1.3694257433712016,0.4636561385465002,-4.245374290701195,3.7428020613421857,0.6133426863569265,0.5830776963780111,-4.603049949543171,2.073354711098256,2.0,1.0,597.6503698743376,0.7579001539721897
258,2.735855564134391,3.246672040853508,-4.217790677316802,-2.0825962534985343,1.7609385170846656,2.7385189047099523,-3.73869108447368,4.800719142218562,-3.8549884075919594,3.031661467145174,-2.99265277520991,-4.527440312345067,-7.623184294875114,3.6188504698285744,-7.593459241473474,1.0948733532260977,3.7286089550869788,3.7776854635267494,-1.984489667303172,-1.6026591998345991,-6.2667955613613,0.3319874421773103,-0.8323095651809318,-2.3366992645863394,2.3472169694616474,-1.2214931250076226,-4.784193301398699,-2.3028856357966734,-5.608974220989858,-1.2535873057028262,3.6282719893813877,2.9634410559506366,-2.4975719000198846,-0.9209107039186349,0.6835876147882596,2.7568267601201417,4.029591225876672,4.708773704771727,-2.991262198464861,-2.86245690873296,-5.143171072308951,3.761677461615528,2.42409128134696,0.1570191421969312,-4.207532765722944,4.006901651654913,0.9493592057770968,0.599483641987409,-4.973618841737178,2.188489296378655,2.0,1.0,713.024760993518,0.6633988453590289
259,3.1257431965392737,2.8213517302156665,-3.7713541521482616,-2.4717674978011495,1.7744406742646168,2.7054449092553132,-3.8522349558203266,4.69247284622948,-3.1855209773127964,3.421379492861466,-2.837898258753272,-4.644540042492128,-7.734430209451387,3.9919540381756975,-7.558135101904585,1.4167604545629366,4.208626955409969,4.26333996138932,-2.1650911612847863,-1.6308482378131324,-6.153747019096448,0.8386276938624324,-0.974217838917355,-2.7702115728747083,2.2656041043043933,-0.7815722760633386,-4.784210367675549,-2.506747168783285,-5.732349221260925,-1.0350637214679952,3.599577510854483,2.760698512235257,-2.7761359134536012,-1.398459437345829,-0.10087244549146768,2.846634660906852,3.8880310371233566,4.820938343839684,-3.497808460457005,-2.50969336692341,-5.242378851824829,3.336920373999886,2.086560299338169,-0.37854574657207085,-4.275145286251869,3.1192236298211737,0.6250584869982648,0.8739994333811457,-5.268660716115563,2.077144575311258,2.0,1.0,849.5808582587789,0.12325603524223405
260,2.7360492360863575,2.638627019050407,-4.0028470164774825,-1.5095585254040067,2.198474514385911,2.3724162483122964,-4.030692480260545,4.362651663582599,-3.585617555486718,2.407699434003592,-3.5946752999919447,-4.470706090101227,-7.741908507670848,3.714595129383531,-7.429820369976307,1.3590432815469597,3.634023267059728,4.572774174227559,-1.9695102447398198,-1.8193687430574421,-6.4103058721635,0.5574920228562967,-1.0366678877067876,-2.081753903997717,1.6255647999425715,-1.4241066828142643,-4.864715345859311,-2.057068785453693,-5.71839885594371,-1.3602592549392492,3.4858040174536047,2.673133097689813,-2.2035519926928084,-1.1792322705098326,0.21303613569553803,3.203369077675408,4.521307356251351,4.854872563777685,-2.7379680931802652,-2.539194232014022,-5.3076250626559105,4.061774776553008,2.316974925879219,-0.06500780029776576,-3.722445929552556,3.36216425845816,0.6706823970011668,0.67108191378179,-4.572824193791066,2.04264208988102,2.0,1.0,687.0439483988628,0.5225532521593825
261,2.6378429375370276,2.914925481351844,-3.921653979945036,-1.9721743940067635,2.365429903728006,2.722557332773006,-3.3180554028304314,5.184017071009508,-3.4376855461006106,3.073868481126077,-3.0659083806198004,-5.059939427426242,-7.6065714440644605,3.293194760018926,-6.811861804594683,0.8745071726010414,3.981691485165217,3.9320498958216374,-2.2930672602760933,-1.895031480512306,-5.664670003611469,0.8703109985439071,-1.057217810197854,-2.595953079318742,1.69976202715413,-0.9359180554892526,-4.518148942166084,-2.0582338668317828,-5.351482904774633,-1.7027487628982696,3.905904894010556,3.0670410974223685,-2.927420376011599,-1.4574079013619485,-0.07476030744202966,3.366250588842369,4.202622034758037,4.737546675263297,-3.7746710926829414,-2.5195235834084833,-5.511597239171552,3.954909527990566,1.9161500355735819,0.29630815806033417,-4.220938849846895,3.313311435981686,0.3605972039298668,0.3651493414271092,-5.28610507476055,1.6924628038347445,2.0,1.0,683.0799185407176,0.6452041561195105
262,2.973960945626343,2.5998935943322867,-4.64798299679906,-2.1163523863070126,2.1494039343763283,2.6355517395271177,-4.410062055253253,4.722875352228551,-3.4816423347544316,3.1086030028209852,-3.573800291553266,-4.978693538711088,-7.512412010891432,3.1925674301004197,-6.905441472636301,0.9413681861937409,4.2059889810335065,3.584570429571118,-2.2095916720849726,-2.2021570823817447,-6.180483774085758,0.8841092139082722,-1.3045323381269753,-2.213763487327193,2.5715660045549322,-1.4944807812881558,-5.103227584070789,-2.1080754230748178,-5.025769776869245,-1.1817147379442654,3.9470728896752636,3.0392525065122116,-2.8697981157831602,-1.1408888536269424,0.28136521834229156,3.2226124628160258,4.198325282780418,4.5217601533845775,-3.390473499765069,-2.41315320698922,-5.3363521082734815,3.799768909906488,2.0130955520906957,0.16855530552602255,-3.61993812238936,4.386328332977126,0.5789567692418325,0.9568926725893461,-4.924945802051003,1.5274118069829765,2.0,1.0,865.8877997557565,0.08089563460911445
263,2.316616852326054,3.0823814802911715,-4.335153956951452,-2.271447980021014,1.8567184556983563,2.0773610323274796,-3.9501013022104017,4.669993002696294,-3.6261053250873356,3.208259889385088,-3.4114656348347197,-4.15473249977642,-7.753730648281937,3.728237382791562,-7.223121526793858,1.2311737269828709,4.0669881124095975,3.8399725417395265,-1.7113247411673167,-2.659022651254904,-6.080679021095013,0.7420606624234828,-1.7143913373478608,-2.117899224757694,1.8049700608274009,-1.6272616824813706,-5.0275438751940085,-2.3140092557725533,-5.1540662156821035,-1.7015252945492292,4.200367265924364,2.951928739107712,-3.054735721139814,-1.6320695513219814,-0.07230816306658056,3.114925442627289,4.451820968068141,4.736991982881074,-2.8986236915975123,-2.452139065880301,-5.4241161811403344,3.7973266781535786,2.6717351155382385,0.622623787465912,-3.798402103797409,3.907342299312736,0.40807965548775016,0.7230409257166204,-5.571468439546293,1.524919857357985,2.0,1.0,897.7483504821832,0.08089489120595283
264,2.7959009121374625,3.2832834685559775,-4.161453071885528,-2.0403163419083574,2.3693819177547084,2.2773643363556944,-3.9950104874267582,5.13015963916732,-3.891406154387358,2.9943497098152574,-3.2510080471086664,-4.487997784230235,-7.633636183885726,3.8289925992771607,-7.1996237113183215,1.325833908965362,4.124322236962372,4.055758315541233,-1.1605504882221354,-2.6214934509986514,-5.805890417072312,0.8516161237500555,-1.4549923351021412,-2.2842203906619827,2.115094633169227,-0.8593509895625109,-5.316005000614152,-2.3777617780424447,-5.5009699644486085,-1.7310785306204708,4.123184622030202,3.2284332913239426,-3.322294922124655,-1.9563878736812907,0.12200918108564465,3.0241792217380152,3.541861544588942,5.02420185237897,-3.247970322212171,-2.9566382195635925,-5.0555478017937325,3.310538424527577,1.6950250322271683,0.14725767683469654,-3.7535621593091855,3.975102366548133,1.2916912760180286,0.7215215011624864,-4.800769489526075,1.5023081729059358,2.0,1.0,849.4610942495273,0.186299862152924
265,3.4583832992881707,3.714785364111507,-3.8365074233634493,-2.1843694869560957,2.191502512769077,2.9115391341930295,-4.092269205073819,4.895025233173365,-3.853670648626398,3.299398220619562,-3.45454460803649,-4.456610475803143,-7.3807949673420845,3.6981584174244664,-7.052431447062916,1.229862543469534,3.907962147918431,4.092769141342917,-2.2353443857019197,-1.8213770580613906,-5.829432158891997,0.7269921396164081,-1.2210400009163613,-2.5177793960853205,1.173000543235921,-1.1320270976270352,-4.846883501034368,-1.9156726444617742,-5.205027849668944,-1.2388257585306723,3.8299814741262366,2.931143986522726,-2.449025698191367,-1.9241504628463308,0.1408372071045028,3.1314451973721313,4.148720712711335,4.653612956975268,-2.9632930767618606,-2.9460725778827195,-5.157161902493696,3.4407826632049354,2.0115773229227742,0.13842139812631676,-3.8507523479002317,3.390150837521128,0.202308930858198,0.893337020849195,-5.019205546944849,1.5403739900902416,2.0,1.0,717.5975221896938,0.39357278616868996
266,2.6066495019754052,2.875065254610388,-3.8737566040979874,-2.4845601142664835,1.644720298832166,3.0029901200973055,-3.8814632401486437,4.931303905026206,-3.633521630780062,2.6420752765076654,-3.263379055008997,-4.240221721964027,-7.22289810679549,3.7667881606827125,-6.855343356870956,0.9663823992872098,3.9001774963044613,3.6202534349441837,-2.3280309693482986,-2.422313345267328,-6.052432401540575,0.6755854571087075,-1.2577982733384787,-2.676322373831966,2.3665221436034156,-1.1818854431734769,-4.952345847721139,-2.3139055677157505,-5.587246763892708,-1.5212165952856893,3.6067045557435042,2.7368397521801766,-2.818612127000111,-0.8712144222318156,0.10801219667781461,3.17604712911733,4.710873828592649,4.920828386030049,-2.7779521762578163,-2.497541631390195,-5.445143658393495,3.9318585947374465,2.819079752307231,0.37710087358944966,-3.811619814385118,3.901476130521618,0.8506625099290966,0.9303226856949683,-4.98314390192235,1.6750351002871415,2.0,1.0,755.1646394372896,0.28986982434358133
267,3.43749732592756,2.7591345115488766,-4.16816910080286,-2.1706462783608744,2.640817098220034,2.651834836906527,-4.38030532184386,5.091504316233943,-3.7956055298367533,2.7329997466548464,-3.479382176615533,-4.606149739163068,-7.912658110858553,3.6206353698229115,-7.112690943706978,1.1662728938342155,3.9455477460352166,3.87097320327166,-1.7950553554097142,-2.2826348467736253,-6.4150305253972615,1.17045266859816,-0.7599793825697456,-2.5236249628038943,1.9088765674721295,-1.1274035047717135,-4.956031377568409,-1.7792141919611022,-5.584346650120996,-1.603833249200477,3.4342994280237042,2.7071046229015665,-2.6990422941421053,-1.4787195235922008,0.5220734659620467,3.3078300011228654,4.356301920865916,5.03772929955105,-2.8063920800705318,-3.291115938100301,-5.415542717471255,2.713715609056181,2.236635006352778,0.07928666534078674,-4.060738425844154,3.7918522350016866,0.42671287948365866,0.8450078043123612,-5.129595100705663,1.4886106440959068,2.0,1.0,980.3195826030704,0.025971252061623318
268,3.0433151033673207,3.585787855348139,-3.989389810825745,-1.8973555593721034,2.567092484163805,2.415230802897971,-4.44687700174306,5.430298618592357,-3.206424416244876,3.2739397185278767,-3.4856744881335158,-4.507811716921559,-6.92349089890037,3.647344862210318,-7.381509875719851,1.16138365989623,4.050966562483533,3.472852321628586,-1.7924631482933369,-2.183183359073817,-5.729681973103499,0.6460437366162548,-1.203673776375622,-2.417306597845789,2.0629574805536985,-1.3424178568168728,-4.950306217074029,-2.3449550138857793,-5.379563236160589,-1.2264839207300395,3.65415721798559,2.872648010308916,-2.8942839194817105,-1.3903238968928349,-0.22363664104883718,3.0687646830787703,4.490506778555781,4.202994644690542,-2.67653834072892,-2.446325607391901,-4.447998271767189,4.128959705479515,2.3754920253237017,0.5194385096413022,-4.515260686790067,3.7604371474203075,0.8117542299686236,1.245109516527168,-4.85958222310934,2.143254461295512,2.0,1.0,780.4378552732736,0.16051780585372752
269,2.884241702948939,3.3461667057655196,-3.9165019448512344,-1.8840595957105748,2.0388991697795555,2.5543551575698897,-4.504603136081615,4.526280898516895,-2.825715434682548,3.647683629990964,-3.082537758698365,-4.0210334914154995,-7.456113477261815,3.3874050095612045,-6.810019634131162,1.143790188959228,3.846168861246694,4.103117279420092,-2.4413604474145294,-2.602621682133197,-6.1271460288649315,0.6907901048719051,-1.106089206242686,-1.9433954901267219,2.2806305534151035,-1.0642474499191943,-5.102056171691586,-1.9699463880460446,-5.30082641574131,-1.3321274273531785,4.023962475203576,2.6570146565302286,-2.439171580253107,-1.5938139284314836,-0.5541151043713416,3.2050132324863854,4.140300302361526,4.700894019626289,-2.4951392972556974,-2.2260868561473184,-5.355647432793845,4.105725904847739,2.935741161373621,0.44862299028931446,-3.6553152904418305,3.8540752011631665,1.1205686088785018,0.9948792530799563,-4.808464217500147,2.131531264686232,2.0,1.0,750.1889193950605,0.15326535997559498
270,2.8720444807973933,2.7380904270804103,-4.133924846898122,-1.8821090143352615,2.362248125254668,2.6500084418677594,-3.79458882644506,4.412827710789978,-3.530428188534843,3.315373755308303,-3.6646312318201026,-4.306660386891774,-7.751820954720641,3.6168457930956888,-7.157847957042072,1.1389916322012417,4.4002523314515996,3.98145026702955,-1.8270532773854045,-1.7733468720626036,-6.263880872018641,0.35019821391859335,-0.8203636063641087,-2.3175231419555518,2.387739479054461,-1.3238800968867703,-5.059854425447784,-1.9447759819305552,-5.29313616768693,-1.4491860009902418,4.264934593809818,3.034464809141015,-2.80918846055361,-0.973594822871138,0.4714851906173632,3.172265707377816,4.716187758249333,5.336166628346911,-2.702196231083977,-2.6739800428439717,-4.474594068784585,3.472823001697653,2.609026752738398,0.2595620161827734,-3.6776426794935753,3.820049110667618,0.6320570820780914,0.8914696220168463,-4.769174875062326,1.9578954278579803,2.0,1.0,779.6325333361464,0.31724713266154075
271,3.086954244297227,3.1813508961879253,-3.8960984209264553,-1.5574493924798063,2.4037818683179077,2.509681083479466,-4.556600648186381,4.593062269110301,-3.1386472463262853,2.570391639957632,-3.5831285221152824,-4.772580957444495,-7.2971334330263895,3.774423211093675,-7.116166785262196,1.801965946898398,4.165542291849458,3.7652940391424834,-2.0317866915066762,-2.17837893388359,-5.895329630957343,0.814349999099423,-0.655059392342506,-2.501759025196601,1.912860627373654,-0.8917594039994018,-4.774455987721683,-2.616055869907375,-5.748536133872855,-1.3249300494627083,4.217828491846828,2.920719396865121,-2.554473272360018,-1.4324238668749236,0.024481657386453887,3.0757312907130308,4.434110187159111,4.994458496168174,-2.457041886330403,-2.9524911336189534,-5.093790053412982,3.521522818970422,2.299605143270477,-0.22349414090624964,-4.526559636610118,4.1620443139137455,0.6137964941874112,1.150861539868153,-4.533211521510639,2.1832637336820166,2.0,1.0,825.2906085611598,0.17005001552949245
272,2.3063949642145056,2.760670392991716,-3.6004895762087044,-1.5566525911766893,2.20861457799309,2.0920171531378426,-3.8992974339083606,5.098629126210194,-3.280625037713483,2.8799096587036894,-3.6485807285634078,-5.054135172190476,-7.6053909159737785,3.677017828347695,-7.656536962901217,1.559148199640985,4.231345000784931,3.597244183357749,-1.8102108527660292,-1.8598581572161992,-6.405504679710001,0.46170115530194544,-0.7472837271255048,-2.592381166059513,1.9349718179177158,-1.3142297375238579,-5.459636512558255,-2.285166334393564,-5.537459032583274,-1.5741827136898316,4.425756182695801,2.9147877103027824,-3.3340140531370617,-1.8627464967571392,0.14990230817023265,3.4407059290548965,4.74545550861649,4.810494405253077,-2.761172154701799,-2.841367251028269,-4.838566228031902,3.359803932295735,1.7112438216087604,0.4158934255746056,-3.9189335323613843,3.639252881628147,0.9299266468781915,0.7110369435156378,-5.468881985582667,2.216698398269722,2.0,1.0,914.8002772128475,0.16220929484754176
273,2.9708998865611957,2.622483375455123,-4.042419762040772,-2.189035105297604,2.256881813646629,2.778081767640486,-3.8021443163762365,4.6861323978502005,-3.3883725265952487,3.0429897421456933,-3.0195030467523116,-4.729377756846081,-7.9179687226857425,3.6290507832526204,-7.482102050687688,1.4554820624426004,3.7826702866436275,3.88691839566543,-2.362443982705345,-2.1392207453676884,-6.247171559930386,0.42371681711810616,-0.9113520808324673,-2.0808091955309083,2.1341809865284884,-1.3689529635491855,-4.728658735472107,-1.7477996988052844,-5.364966958181354,-1.3635039990805273,4.366560027869581,3.5080769035765513,-3.136632996024508,-1.3391199518003534,-0.3865198362527563,2.9509623309426005,4.164507836157947,4.918385870428131,-2.750211131562458,-2.6966697121774663,-4.680960267495983,4.265856324519786,1.8626190073211668,0.21960181824964292,-4.211559962259034,3.856245245164814,0.3814008589016359,0.8841052467728219,-4.77243216807544,1.641667581741473,2.0,1.0,720.4014025400254,0.7361370595786958
274,3.114859650574549,3.443753236070285,-4.184167964949613,-1.8125488276394988,2.2442623395986803,2.4459829489384433,-3.9551092171897198,4.668031049994586,-3.694641874395123,2.967145491485083,-3.6650259389197504,-4.879528988525043,-7.410440162594653,3.7429577365511526,-7.854393346496345,0.7734119874808956,4.1266333320741975,4.150487016484698,-1.7736710910623024,-2.291987394409994,-6.06628777510745,0.7579084110555101,-0.8497945326772429,-1.9473106399338205,2.3592937201927744,-1.2328860838085844,-4.7028364250960095,-1.9213046689181548,-5.685207399055178,-1.4088165487870583,4.017022074644095,2.661995437013081,-2.971360526786994,-1.147888769501331,-0.32634483091785976,2.9235275244468624,4.39564014816332,4.815469469732937,-2.9706394439881927,-2.8567462292246484,-4.727612406937015,3.7248243123216422,1.9270373912974794,0.1428792113052587,-4.341532324840732,3.2847460224965244,0.6638099912950657,1.4963781274222616,-4.666840108917771,2.3803159106745944,2.0,1.0,806.9475299767943,0.3884614059842111
275,2.5336655540544726,2.958759826199055,-4.237911296405866,-2.1307604267620377,2.2304116097913296,2.1894670284282745,-3.8731788018947877,5.0503204152692955,-3.348254426548514,3.206896028570411,-3.23050877357897,-4.293989885611759,-7.238338172948316,3.924300984297064,-7.1400849111889695,0.7535761212998233,3.6718227634573406,4.328777120720575,-2.464722184778813,-2.236838249211579,-6.052103403082469,0.5417733694304641,-1.1814826330911834,-2.269974770741093,2.1460421618300303,-1.2358133944824399,-4.97992330265831,-2.6533890133965965,-5.0108185452209675,-2.0601576126204137,3.6610480100958314,2.6937384669520172,-3.4467891100185977,-1.778933809902201,-0.001193923855817458,2.964619559523406,4.079179850633821,4.533388676203124,-2.6906327691901444,-2.356560376209063,-5.242212641194389,3.7520635815527217,2.396760508295666,0.28642342613785765,-3.996675295641415,4.055820678131126,0.2685185813463563,1.4531332284475647,-5.032343364592741,1.9119606253637456,2.0,1.0,779.9241615930381,0.17635618724763305
276,2.470489595138793,3.817064546972964,-3.9139144382734457,-2.247721588910713,1.9097202317658786,2.5190610990986966,-4.265477309126159,4.66588437798403,-3.4844416686880195,3.28393363864828,-2.942150135804141,-4.754880072383009,-8.085705805932042,4.334215160601235,-6.737000640680659,1.228039232682519,4.0224000660483,4.029516129897374,-1.8908976851484982,-1.7945283921299935,-6.54246571267034,0.7658538438422748,-1.100997385789792,-2.3802585693660294,1.9972121883155205,-1.2301175918374205,-5.229980889364315,-1.7398300045158186,-5.434513143321162,-1.575244534952902,4.192723661521513,3.0036643680727337,-3.0823871767428965,-1.6609044691092962,0.1757677640609027,3.3062319371920683,4.266240046983808,4.71971876022676,-3.1611447993249824,-2.5340940044745315,-5.267054607855418,3.3942382401348525,2.162508356335048,0.2385979815011085,-3.915991437398551,3.635653218554295,0.5595103270997919,0.8758151611452719,-5.215482772075614,2.3242750829382706,2.0,1.0,949.0437667582677,0.08887884671004694
277,2.942585636530045,2.841472615331685,-4.142871711024795,-1.786878874154071,1.8946361504891416,2.573428946788102,-3.7274709461353535,4.818429556960338,-3.7455354608046143,2.935801968340892,-3.1094549257816273,-5.2537415664329385,-7.298968666274989,3.72114993856843,-7.3513442585033255,1.1195368518423352,3.9083142207851624,3.84127369045678,-1.5785013192085324,-2.0357328116909894,-6.130377837189841,1.2234059551628742,-0.7790025294931179,-1.7301337127258207,2.5802930205591763,-0.9513107737421702,-4.9627998135977025,-2.1190092313871265,-5.552639384172489,-1.464628578470108,3.7288521885999275,2.620435420313383,-2.6527562545664205,-1.0116130174083078,0.3044345578127084,3.465092793561443,4.36609318167115,4.409445683186389,-2.940648351274526,-2.7766744407016333,-5.1665633386680785,3.4839353551156282,1.9969629235732909,0.6298397012217505,-4.045201212854582,3.457041214712561,0.21561685146829113,0.9616181105166032,-4.906302182216552,1.8729780121997863,2.0,1.0,848.3450877628361,0.016288623654912994
278,2.9775528379516754,3.8657696658641023,-3.9038043166792247,-1.705599436264221,2.3774977908069825,2.4785661223890965,-3.6690943625920482,4.538288633191111,-3.158830549889457,2.917650914977711,-3.197493362501687,-4.683745190727767,-8.076677422964218,3.517149045259969,-7.213738161543588,1.0400340279107088,3.6248637986107872,4.142807947614082,-2.0060162626442137,-1.7532569297544425,-6.23755964094246,0.2404413642734165,-0.7438911188528361,-2.458495791656953,2.3214990560203135,-1.2309375231605568,-5.2167524879996146,-2.435358518772792,-5.592436365741673,-2.017697684933336,3.6251523653657443,3.2503441580696233,-3.3156141515185844,-1.483326401939693,0.09750825798484587,3.4700812749078143,5.029424096445318,4.64619558397221,-2.867397256577926,-2.3005798982026593,-5.276126113769271,3.6928124182507314,2.1009472348405427,-0.14470192393386516,-3.726089533909359,3.929212245389939,0.6309483831390468,0.708363189391727,-5.142845460091652,2.069359804862389,2.0,1.0,897.969565511392,0.18243695146266178
279,3.3225281109104086,3.1028854467183287,-3.7269900253333215,-2.1389335067486543,2.3611152111090665,2.243502992814204,-3.5678093044545407,4.83315829682931,-3.033186006397726,2.669381558813262,-3.4944079444162326,-4.233715932675429,-7.33340180104169,4.008573535079702,-7.332478882195064,1.4421356132527083,4.172909457965225,3.8008635037957594,-1.6602827703472824,-1.5490297687484798,-5.8321009726762005,0.6465063311829196,-1.1048671852120222,-2.509719487366653,2.668650989861452,-1.1442663871805228,-5.562562090649483,-2.212881977093104,-5.437327505498396,-1.3331768230359315,3.7309351337653136,3.3203890629424357,-2.8819641425168943,-1.3623875198332784,0.6931702730127418,3.231121919957534,4.9729056864217736,4.76227318111647,-2.786883485198401,-2.3589054256909625,-5.290249673707456,3.381302172216168,1.8988856907695977,0.7806484883168519,-4.079940986448996,4.005964128851163,0.7364956304737464,1.3715069469565386,-4.881934926241539,2.155059645215441,2.0,1.0,923.5418787950795,0.012268665887530795
280,2.6668249072954406,2.7430147648804772,-4.018511914502834,-1.6436144269520014,2.873507673403842,2.454338923540133,-3.317477359662539,4.918817235737341,-3.607148453402427,3.7778352191257025,-3.4102988500074445,-4.59686895990363,-7.530204049810316,3.833441582596513,-7.600359667429429,1.2190819400654114,3.6457385378059852,4.216932383862291,-1.5650472735494831,-2.1198986241536826,-6.049168899423149,0.6738895064984766,-0.9547336324588702,-2.9044983081464255,2.252100421723142,-0.7207462756453489,-4.9194849744327795,-2.7576421856867936,-5.229595524488709,-1.4267077204946998,3.7575002796816177,2.9265798192504864,-2.5633068376676964,-1.0273158279366505,0.16989615271257033,3.2406437649101014,4.194757081238323,4.567658351579472,-3.559974537249443,-2.5439994329891533,-4.885057279844665,3.550729436833621,1.8614727499244734,-0.1961867446517237,-3.8244960772994063,4.278875618098849,0.6076348941025015,1.091565119856433,-4.926599326905514,2.075317426602857,2.0,1.0,864.4699780050763,0.05942875728555341
281,3.3653774130623044,3.7692179166260282,-3.51369859148234,-1.8081049154212492,2.390352840126833,2.7819957043110146,-3.654271401006678,5.381567802478842,-3.4200549891400818,3.6262319658312547,-3.3285614458077135,-4.999653577491148,-7.842627577961183,3.4691455613683746,-7.195313710837709,0.6491801678300049,4.1712290255433535,3.7368696615033485,-2.0076994572962357,-2.2825409537928025,-6.373472992876838,0.40207343348319174,-0.5293110928349631,-1.587228743967867,2.58167069301712,-1.7046953762110295,-5.088799116064894,-1.5194016453667678,-5.28784304793959,-1.6553177426933268,3.711473703398608,2.9691866648235927,-3.0877911858780336,-1.6168195165773984,0.3680433853868118,3.3606234118579748,4.307814117446886,4.65363010090247,-3.023853663134215,-2.0781730101113713,-5.420054642121455,3.80179576378388,1.9375433343708677,0.29118653418644636,-4.4228212253756825,4.287575392193671,1.0951688786667342,1.1470074598641573,-5.10116752309479,2.2143774101238307,2.0,1.0,887.972276128492,0.3991545050952491
282,3.0781716941423327,3.313024227420033,-3.2788525767675107,-1.8695471322054364,2.2903352786680635,2.9778446598429706,-3.3119900884720996,4.7275046303157024,-3.439260291466718,2.8191854725934373,-3.173587600290574,-4.730226066907892,-7.386781916554256,3.2633004638888257,-6.807899025787666,1.5984069489699997,3.8108255550211116,4.390135688007659,-2.001995919988242,-2.1038149382265803,-6.223630195803313,0.9521289467990652,-0.992129019368865,-2.716897974982867,1.8910536399161977,-1.2621062467204713,-5.119656425050688,-2.1613304990824727,-5.228702492988112,-1.7948114216161168,3.7748274381188693,2.8900804162290528,-3.161466689607037,-1.366058594184753,-0.009249522431659468,2.9161646132515417,4.170498591033826,4.6747068289884055,-3.3534665948992757,-1.9489076753929204,-5.389197398538151,3.383751753110456,1.7737970937638796,-0.06899614519946384,-3.9923281309255843,3.863258951274338,0.5122073384474044,1.5150851761351867,-4.957487170133621,1.9725522682476075,2.0,1.0,726.3996812880987,0.23992068969815553
283,2.631710844673386,3.517259011333603,-3.718749875517163,-1.9121032789210302,2.3184281996985066,2.163646698257156,-4.093718237161937,4.856069652294062,-3.430503345026882,2.622324289843373,-3.325689627851209,-4.860746052811779,-7.229148465057554,3.782112281182546,-7.2519125170003695,1.4657046409927192,3.3497233385043517,4.153430904746116,-1.7290087829000285,-1.6688086690544184,-6.266546684487726,0.32794055916708875,-0.6434045453710662,-2.110853040310106,2.1406751870258045,-1.2274392930428626,-4.915935225761206,-1.8143114362089627,-5.659324690458881,-0.8839383535265107,3.6109482780885407,3.0733849086119527,-3.0587008800139794,-1.7245811008655256,0.017379268133167383,2.936912442954877,4.474994756885236,4.583569277199666,-2.9892532368577163,-2.3170299756548394,-5.1954705120228875,3.7279279230325564,2.1003029302491787,0.33535934748055835,-3.3764266651538444,3.5327326238725134,0.37033116958337553,0.5130213599797686,-4.532320490310962,1.7393079470586514,2.0,1.0,775.5867087251278,0.026390016249896855
284,2.643747244913843,3.354162060114956,-4.2108014716008775,-2.5824373759968493,1.815614693406885,2.2921059726075317,-4.0574891100797394,4.544150504227213,-3.5680345219844987,2.7933557490065937,-3.7778043688889644,-4.61688395340097,-7.3669222729416255,3.5291668834613277,-6.37442133171096,1.593194144692413,4.058007179230086,4.071975434769756,-1.6818549655786252,-1.7595504203220895,-5.578840649350998,0.7507008582318365,-0.6672659513044722,-2.4733450183625263,2.08305575908228,-0.9680297936043014,-5.307252391030992,-1.925176644726674,-4.835937589048495,-0.9833432918711111,3.891657561685384,2.9851261245987937,-2.517700815233481,-1.6587056427486329,0.587068224514398,3.099269087874706,4.089285484708002,4.9542452173745195,-3.61960744414754,-2.554452359589674,-5.1176172457693685,3.8079506996584698,2.523895781453622,0.826274975430068,-3.7771450812585528,3.8003067487485525,0.597261614368557,0.5517619023382686,-4.414754367840088,1.905154255171813,2.0,1.0,751.1365573526338,0.03721715210238417
285,2.490598990823677,3.0389262923278872,-3.831404634811554,-2.0316832386345975,2.319415142084655,2.809975122244853,-3.916379860972574,4.475584835365484,-3.5618119916665436,3.3089890013020176,-3.797250212497043,-4.1809562361816885,-7.679065661984713,3.4050770477685535,-6.817330826074298,0.9208056151914841,4.002560720556706,4.040095189706832,-1.8676938836649146,-2.2193948922566546,-6.126976028973607,1.1648427742608312,-0.6979529948276485,-2.277596659312589,2.4115510704474215,-1.4165433314178744,-5.142992405213558,-2.0585453466578523,-5.296667724833021,-1.8007355069022142,3.7048429088308477,3.099761473586886,-2.5489410195326734,-1.4265840982981755,0.34269876521702486,2.9863236801048907,4.496547459472042,4.571026452662875,-3.3561066987197083,-2.483865334747223,-5.349389471044088,3.253534639173204,2.6006581461580085,0.23888063592093306,-3.688957808227031,3.52362875271492,0.6240413355896641,1.2347697357600864,-4.625371874134579,1.937071254161659,2.0,1.0,694.4096682522146,0.4853237169779056
286,2.0956407687798917,2.8369593735840692,-3.7021155743168466,-2.3407612460124105,2.2959995686455077,2.451228861678066,-3.6203954175019786,4.687753014421143,-2.9538996703600224,2.971871599567951,-3.4486759912627947,-4.595884832219872,-7.62577592853411,3.734050781718927,-7.2065875643721835,1.5001064018887738,3.6316267296493088,4.404315445013882,-2.164444052850896,-2.2371710109183156,-5.9229564571411295,0.19093586879271723,-0.494971052937401,-2.576191752497907,1.7443248201232437,-1.2761288961584227,-5.095120525895806,-2.349442823314196,-5.587826186140212,-1.1356009111852834,3.939199823323132,2.6066557475827627,-2.690868235156789,-1.8165792410274393,0.22890368573876385,3.8811181068524574,4.136243948570486,5.119482608676466,-2.8349112590416303,-2.4263734069527394,-5.068801329582646,3.8647350939673,2.28134244654602,0.1655350998481835,-4.502317391218495,3.6518923638928116,0.8092232607282355,0.4259136937270146,-4.0487495791333314,2.242689424590967,2.0,1.0,686.1116523842152,0.5801136652864501
287,2.6808029304586483,3.390143980188822,-3.884358888383647,-2.101120986735537,2.1577377352217124,1.7680496742554668,-3.5895922913652694,4.967043741597315,-3.3533179309264427,2.8671441916911804,-3.392293199342775,-4.610593228075389,-8.002136421261012,4.014837131972936,-7.483010331915227,0.6205706550174688,3.7880501814732446,3.4607462440083645,-2.220242190310215,-2.233453830625152,-6.146253477663687,0.9148421512840477,-1.2978806972284804,-2.2490413175020176,1.9718019519162417,-0.9893152096505919,-4.926351909534621,-1.6710470721276176,-5.278516224295726,-1.4014765350011533,3.520570467316285,2.830516781576267,-2.946243467655832,-1.4262968731019743,0.45631702812494346,3.268728056547294,4.276580454095964,4.269721313401496,-2.935357988757281,-2.5292690734923813,-4.971237238285923,3.5287682437093273,1.8180366891799005,-0.16252637471232678,-3.998113805852772,3.6763676404544,0.8718895490005212,0.7550008996767537,-4.905853688159236,1.3822113256647484,2.0,1.0,698.1478184123936,0.3649452442305802
288,2.5183445546077263,3.3372914423034636,-3.874633735353965,-1.1978935885614652,1.9813153392556702,2.9459171068823062,-3.592546409461862,4.53832610161459,-3.4243145337042473,3.0978759714804607,-3.4307927310042987,-4.428665247331656,-7.504147935386366,4.101036192307919,-7.241298856945298,1.2159294316989104,3.7130915298132083,3.624757627833432,-1.8493706615791266,-1.8797730972300963,-5.803153342218239,0.8685482512652367,-0.6037793210187896,-2.6381614078692084,1.6744187075311174,-0.9348951705325927,-4.837505578852338,-1.8654380147872465,-5.784369805143934,-2.2416115526359803,3.7099872836648644,2.9531588132167808,-3.593861859069974,-1.6786684241459824,0.07948846885390698,3.1446330033384697,4.592926676299829,4.9266354487692166,-2.916472044646907,-2.4281379904951095,-5.107574293030267,3.089206315935577,1.3048653769406584,0.4417410164034692,-4.263882259453895,3.8575379607497067,0.16128318649602252,0.8855162817026824,-4.890523603816714,2.263266810223695,2.0,1.0,808.5549657691206,0.048569618780605776
289,3.0419480059984494,3.1819074333253976,-3.7505862861905666,-2.269161323551993,2.239082765896355,2.564223790003446,-4.375139145615824,4.863156880964838,-3.2528090723764684,2.9953018017775426,-3.487117130821824,-4.556923211652234,-7.621241040137822,3.6311071254945166,-7.461577061374385,0.9256493164169759,3.8867778845180463,4.292097181900829,-1.8192197951297728,-2.488641697582942,-5.969288797786348,0.9494437794442161,-0.7713542002543496,-2.3385125695026607,2.0841565831164846,-1.3750808533514833,-4.742778444950959,-2.176266666140721,-4.833681867511205,-1.6567056384955143,3.711186540909768,3.7092526523489235,-2.660536905731695,-1.173181308570614,-0.00465741797466257,2.9127897459900773,4.326765078557284,4.6763385150653685,-3.02681733668357,-2.0580161327991093,-5.257160350580113,3.587750812413412,1.9051586252372137,0.31266460987049743,-4.316652777797755,3.746236327876639,0.2130491093114379,0.4026010900128285,-5.0968966404176514,1.9980671111424269,2.0,1.0,792.2514469750528,0.25070118471348135
290,2.772035881410815,3.3204622071046224,-3.8131588828019503,-1.9432535047224966,2.2574517268291863,2.503392812034613,-3.3631038943670535,4.71084544826669,-3.4224958518504898,2.9382981776073778,-3.970679762339782,-4.620532675469466,-7.671724337641509,4.2717823718902395,-7.086621613159939,0.7337619760306151,4.160732772220564,3.887588190034854,-1.9404085323893692,-2.116436496043986,-6.042517509265718,0.9294639707015429,-1.0652076245316313,-1.8807642871041672,1.9214731061784323,-0.9970492515223329,-5.206367942512996,-2.4486984127578557,-5.311163400610804,-1.646228938395082,3.5266897373365156,3.2893357054725807,-2.1649482215437557,-1.447165659573548,0.00602611153965063,3.146799739705419,4.595347578419762,4.564939727556668,-2.760986222282537,-2.5256902405423864,-5.135301696509585,3.636120302834098,1.9852247762254505,0.6235131202338005,-4.281763251601114,4.053554453683967,0.2756654066050914,1.0512302142536925,-5.0536107688876095,1.9615857590208043,2.0,1.0,918.9205798349293,0.011245506004923378
291,2.5362395381802925,3.1480154505794458,-4.069616457736205,-1.7290528378680683,1.8921226528161188,2.11072354921451,-3.7175843331195555,4.876541804743441,-3.3670312889704683,3.006203594840907,-3.431598033770486,-4.772540928349692,-7.625630891440869,3.8156644973603635,-7.0249070890434,0.7778096218096142,4.616649721686108,3.47349641507105,-2.004572479228196,-1.7528792082051732,-5.868284027664914,0.5946981878184663,-0.5615186641957941,-2.299349407085092,2.4273740227065956,-0.7743033881155994,-5.234984011908304,-2.0764651743005906,-5.454597022356389,-2.109880762674657,4.0183257884287125,3.2036920565495284,-2.7863386793731704,-0.8549550069526922,0.18103810429132164,3.3704728358863996,4.414350918085208,4.268867271572103,-3.4709802255040385,-2.2871821729144495,-4.888496994268786,3.242450559303796,1.8957852051374549,0.19765439023581838,-4.055237677291309,3.584917880088476,0.455498717522236,1.2184219717317295,-5.502497454303819,1.8909216506306,2.0,1.0,686.6325953760024,0.6508771190141065
292,3.173220541550679,2.9016126242070452,-3.8093320504351245,-2.227683984635436,2.596572623710355,2.1019800167339957,-4.011481263637116,4.562105776325723,-2.992416509919687,3.102080264652077,-3.963859108206821,-4.670703693494143,-8.296626380426845,3.2941020406183927,-6.817836708258387,1.0929665777894593,3.359847083331431,4.074595158750121,-2.4461618688683613,-1.676924466936079,-6.005257216223105,0.5566295630552499,-0.5446488331260033,-2.3617814343672423,1.892882651262766,-1.3328344035603243,-4.828780895227063,-2.462950107137818,-5.686181972696942,-1.8727412551433966,3.612637007143521,3.167176574824925,-2.882479637340764,-1.2645593643205058,0.2636378378621527,2.9131858820318373,4.423666664288306,5.071811774373227,-2.589522709957929,-2.4445743168188807,-4.742424727068997,3.5497117787928425,1.374499832376595,-0.043468617027680456,-4.511257907357239,3.947653017827592,0.49493309137875224,1.3515511908647186,-5.123399799534267,1.932586496668538,2.0,1.0,818.8649937002647,0.1223157128800696
293,2.490007758287763,2.916527033117306,-4.1753722052565205,-2.732420860482846,2.5026394042472,2.861135232662241,-4.171806555681724,4.9335508677095845,-3.752992862164684,3.2567351153407946,-3.2851601488899083,-4.318212176472552,-7.294297737573449,3.769929634219335,-6.763398818415263,0.8302787593631962,3.8944493421679462,3.7763526763102355,-1.6414442064788706,-1.6875502186131215,-6.3822273589653875,0.7219332929757747,-0.8375685536781449,-2.277283306088522,1.9379883600894694,-0.7868254529675409,-4.61083883244409,-2.2912908303841872,-5.240044897279996,-2.0964378489130793,3.946399820538155,3.0051353685972018,-2.1010742450703863,-1.623791314181652,-0.2870244782977914,3.3504605800363345,4.420352391944932,5.083781055082927,-2.844633676133608,-2.039714787321958,-5.14272205683815,3.611106181423485,2.051565667819267,0.3745083385987097,-4.156007815177352,4.276417435631548,0.750166972769893,0.6155989336479315,-4.896300895967667,1.6831819248428164,2.0,1.0,815.5066063442032,0.06553212291055131
294,2.3312788158966478,2.306525139820997,-4.044425678952095,-2.0954217443221683,2.6905123220152585,1.4602875312552728,-3.337080777978403,4.42397611371728,-3.5517239896934427,2.9177552591316527,-3.2834910139897038,-4.732717629801808,-8.030640266969494,3.7417938664391994,-7.305678898221015,1.489060781908513,4.337357796137513,3.7838741703676,-2.143240108586215,-2.324235109905552,-6.011907788330924,0.679315153369299,-1.037992849881316,-2.098532830212536,1.563828402269483,-1.1448254366437698,-5.350766318035608,-2.5637463673125125,-5.076819507243791,-1.351596475223832,3.6823831741279545,3.693584206893675,-3.1069174243266064,-1.750843582517637,0.49920841191167203,3.479563275704644,4.209072244961059,4.446580480418404,-2.963297047342625,-3.0805591992066064,-5.521045618175882,3.138392403006082,2.205669841136907,0.005030180486551267,-4.191741466649952,3.8821635157236463,0.9697127013148623,0.8689759492921055,-4.636618109798085,2.085886891359709,2.0,1.0,792.5316298358596,0.212500177396322
295,3.177241949334312,2.9852239035303585,-4.307265539324318,-2.094332434667625,1.9441165429171683,2.722526896091767,-3.9472991554167485,4.0010658546512925,-3.4031744313862644,2.8830824041664367,-3.313044569148376,-4.695042325115884,-7.4972520791188,2.943393293160835,-6.920535353623017,1.100653156281285,3.7665224368555674,3.520622119318618,-1.8556089714207276,-2.4198071009790185,-5.67270182046635,0.5366324360485933,-0.1904247307327036,-2.043984402198147,1.937824935348543,-1.3512564452475926,-4.706058936233379,-1.8947849928943241,-5.8672482337822505,-1.2984146199671933,3.865024043551793,2.820202784812314,-3.021587224286808,-1.1984865607652517,-0.13949130876260973,3.1358283919607293,4.210106356334589,4.528961674381418,-3.0407095828359894,-2.3671949402716685,-5.227180151203749,2.9287243759909165,2.056854955516402,0.5550176225591816,-3.8499737150709312,4.3068589941713675,0.5377926759795368,0.3806416047928055,-5.180271281559886,1.9939155389115852,2.0,1.0,678.0180257189718,0.19616524293826593
296,2.5994720134176585,2.5307656906972342,-3.701858255813286,-1.8689746411692876,2.5622641625507723,2.1949753090840263,-3.7554283800568973,5.191546791331213,-3.1054274778765203,3.2395098109842384,-2.8343410762248573,-4.245673762441952,-7.427983137328965,3.658995002809525,-7.79820909124618,1.0798825307392441,4.391571077532295,4.037726798895343,-2.095649420287151,-1.8394868867510428,-5.90500008798037,0.9517136244816162,-0.5983452025041688,-2.3651625209668143,1.8547701520210007,-1.6669155389773378,-5.47676804827873,-2.0167126284298376,-5.644850106996985,-1.5545292258385428,3.9730357320112915,2.8433538219302794,-3.1378798363724525,-1.655634829028708,0.28141323431445986,3.325889942650492,4.270729126886526,4.543737619757537,-2.712402448173948,-2.302993957044154,-5.33739489254928,3.2346685717958805,1.9261264734175119,0.6699769485185876,-3.6397814347340183,3.835853539746835,1.1377614300867862,0.9343429892402015,-4.686344894272818,2.092094118461472,2.0,1.0,672.8020501373563,0.747943296445583
297,2.681202021085163,3.1111183910110767,-3.6624411075472083,-1.5986108208814085,2.45476607523005,2.4865007047084213,-3.8469328710637667,4.595261767344795,-3.3435988215649464,3.2409824969603207,-3.4871198145205073,-4.599911867878627,-7.333624646367611,4.035817281273464,-7.225479441403817,1.0893502846046794,3.8855357780734443,3.7568652923453487,-2.040952212548293,-2.1576955325542784,-5.722400420495497,0.659892266298037,-0.914255726846825,-1.9867386616351037,1.8636443380906362,-1.3543950262511684,-4.8393213865907905,-2.370265878371816,-5.6042098892597,-1.4017314409814245,4.157349488104675,3.0212492445582075,-2.7034764515409093,-0.885724771434808,0.04364157270188268,3.2198887090725776,4.619269165584392,4.741617183663417,-2.8206794119277663,-2.8574142083028145,-5.455691723238205,3.7387797946133268,1.8238294890291198,0.12784714424768803,-4.101016412603752,3.464033875605358,0.7062992795582653,0.8765527353149801,-4.858575568437386,2.2211592402766245,2.0,1.0,803.5812700405921,0.08472464774366256
298,2.518456648724708,3.044585792554169,-3.951461338588807,-2.081890981595642,1.971083484744188,2.8782525242756907,-4.30830193552714,5.072712353981884,-3.2170204769883686,2.7472653724662592,-3.081576007960825,-4.474315840493162,-7.1813731456242165,3.8378738792179776,-7.332859518201601,0.5895753709763603,3.831492644339039,3.947377652711161,-1.7517229493733404,-2.269796970288011,-6.236613377697198,0.6847567938427038,-0.5545367373638637,-2.4096679996208006,2.3086768881745763,-0.9186472983126868,-5.60403970309966,-1.5129382712025854,-5.085260091712319,-1.2165894067403806,3.7557826036953905,2.844113127771529,-3.1674518486372736,-1.5030852414359162,0.24059602655653445,3.825950511494964,4.185814683673131,4.857319342860252,-2.8936958517326667,-2.017848358422637,-5.020279975892458,3.244676520978011,2.29984901254086,0.2870621240874283,-3.7697355727826602,4.136025525301366,1.0855593985962773,1.316231774612846,-5.083262042550521,2.407023426984391,2.0,1.0,791.6004123882706,0.1729456074341278
299,-1.3934721312994132,1.4749811229652505,1.7035350521930428,-0.046347289397425495,1.0619717541161835,-0.5527102834187962,-1.4671811996285409,0.08677630399087821,0.88424565385544,-1.1608417468056147,-0.611560484675902,-0.637614512621592,0.4564796024457678,-1.6989026558061444,-1.666370011993076,0.6794475784958625,-0.2643603552033267,-1.1795182928151906,1.6398081722439848,-1.0436746085816173,-1.9176437158449549,0.537829063244728,1.8543682682066693,1.012980904459278,1.3400109736050636,-0.2374940103086436,0.04946761376091313,-1.9186236814423405,-0.6110043461427623,1.9507559556872822,1.3522264753368618,-0.37996782221295033,-0.34307395782912,-0.6913439213416583,-0.15816743419739288,0.8567103164617205,1.1761777029023617,0.9439160490089997,1.8898729263851233,0.9127183909940246,-1.17447342608234,-1.9454060373967765,-1.6274234468547033,-1.1323493025158977,-0.4977405020374732,1.3816711374679005,-0.809493986063361,0.5815023922247091,1.142409784963938,-0.9119937827273379,2.0,1.0,1.3158707977232815,0.16128304243127173
300,-3.754913686352795,-3.9686465310501777,-2.427609459259822,-1.7619558294894417,-3.0200711237407694,-4.7430689675419435,-2.940977748337929,-1.372027816518863,-2.1030603527009655,-1.0940023829099568,-1.5359506736777715,-3.7118190499084247,-5.078597633548256,-3.260254844612858,-3.079705684173181,-4.093531121148738,-2.3684732661277588,-4.1543128370274705,-3.823101222962636,-0.644330682075998,-3.5578469759323177,-2.127587632918546,-4.346690419949801,-1.2732064079415608,-3.4819550594269355,-3.2809006723929466,-4.554759097088219,-5.176809720585152,-2.4982463991337642,-3.0849917962669227,-4.781038689574778,-0.4903216037032244,-4.523946738266181,-4.042651297767063,-3.2918092859603654,-1.0709969046700814,-4.502894950441383,-4.851013245823978,-2.8244328300307187,-2.695840217277678,-3.2986562864156914,-0.824027109181191,-4.378134097726251,-0.33813670638978816,-1.5933735460389462,-2.144734719081955,-1.29519723584886,-2.2897854910779243,-2.261773659492548,-3.8653162875024387,3.0,0.0,299.79034539214183,0.9618772436187168
301,-4.089822669157035,-3.7525495932152504,-3.2546182377459383,-1.0997357098679137,-3.510049529029799,-4.9849687754595795,-2.9475405786595172,-1.7881553395164111,-1.774677344020666,-0.45787930559165035,-1.0007763851687232,-3.5026786276098187,-4.745875640785052,-2.1230734677173997,-3.8456068742521996,-4.104533590682057,-2.466774865622904,-4.678907788578674,-3.9953798488738372,-0.533505825901566,-3.584464119514384,-2.566723969449831,-3.876857822702484,-1.3446597718723237,-3.949042692885115,-4.0349768922221,-4.6587053173319575,-4.911038060052568,-2.656186755587449,-3.3128820300223047,-4.466380336064689,-0.046149303630455996,-3.762855928394818,-3.870925972484249,-3.5799800360425995,-1.1958696078349207,-4.202776127881205,-4.47729410578303,-2.2659557702898763,-2.4998001164651478,-3.071792419486035,-1.2328774119826758,-4.9859219363151865,-0.6666163113013988,-2.2836161026363224,-1.4943266100418786,-1.309199968780102,-3.0643038793396165,-3.117069526934896,-3.9292284053795443,3.0,0.0,347.947685819268,0.8140416837800294
302,-3.929949639569983,-3.7450053566046555,-2.6625330573969923,-0.9478482050483388,-3.4572387336279915,-5.044585210420406,-3.2540301257990216,-1.4955087286099598,-1.9080137782396553,-0.8918296613618865,-1.6477114003267253,-3.5967544862676526,-4.873525303998568,-2.541098242198579,-2.8124697217868486,-3.8918504280319506,-2.440888191138817,-3.653319500770688,-3.843653547858665,0.23172045379599115,-2.7274009742327343,-2.4345805890081795,-3.694067730506605,-1.041533363341384,-3.6076213398887735,-4.758823948491613,-5.160921327793634,-4.99877563112081,-2.2904495843214976,-2.8562569563637425,-4.366296778843658,-1.109480404158222,-4.314892289764846,-3.14340069115654,-4.042147589448877,-0.5026242583464853,-4.86268424680833,-4.681115616335234,-2.081777625358879,-3.5524219210341546,-3.5924477232736765,-1.3333324203709729,-3.994896881251832,-0.6122542590484801,-1.7409360679896038,-2.039810058291148,-1.3825294424155001,-2.445149143245445,-2.9801229529858784,-4.1458482581099965,3.0,0.0,297.4779159000355,0.9700370349127385
303,-3.913923363626041,-3.788207970375497,-3.373287885273173,-1.2996214181390622,-3.508544252236047,-4.925472067593058,-2.6041575042472878,-2.09631177460803,-2.1852243280546118,-0.9483798855899671,-1.4169754487109636,-3.368729746076389,-5.451626265396095,-2.1381295891088854,-2.8136675248033707,-3.772049108436683,-2.2149978782990907,-3.5952997606574852,-3.649583466749235,-0.38724623248059764,-2.740875080504691,-2.5018638915774334,-3.7795421606001662,-1.1934609464295716,-3.7478306182189,-3.4487662372277224,-4.714794576152232,-5.08017223803529,-2.9437244113657135,-2.336026805052009,-4.2552387197243045,-0.4866683780157094,-4.091842750014397,-4.081522436612451,-3.8963747650692047,-0.9464199133682014,-4.395004452639731,-5.101527725056169,-2.603857621104602,-2.9134090396555536,-2.876791501805419,-0.9709418400039358,-4.369409308587063,-0.4352591153947216,-1.7618850213652726,-2.3399152836725596,-1.982413945968514,-2.506555918923269,-2.6910371269245865,-3.229381299836505,3.0,0.0,293.1327274379283,0.8829337740399357
304,-3.5040824721575587,-3.845347068964429,-3.046269353238658,-0.7087457277167811,-3.4355076016619877,-5.190726612200606,-3.4761765782297,-1.758888526297229,-1.3427284231923002,-0.5276726551659588,-0.6752222725528476,-3.580957303644346,-4.8188141663761455,-2.561496942954219,-2.382413620092358,-3.6095325879058358,-2.3685146073187426,-3.712204338833249,-4.116788067299613,-0.23566856585534798,-3.012065214967195,-3.084362206899336,-3.442635652414622,-1.7468057075791439,-3.752042979185217,-3.7806099507875177,-4.6115943003767335,-4.60351279408495,-2.9376271384531893,-3.0258224719169924,-4.610648857218433,-0.04851004882593801,-4.329174816826536,-4.114979086457923,-3.497490229180023,-0.579215692666121,-5.184010211577235,-4.57065387538835,-2.646166065247848,-2.166527785238944,-3.629097311376613,-1.1934479237790325,-4.166545275566397,-0.21019535616101148,-1.9039679640469416,-1.9417359831280694,-1.4973060063673538,-2.970558762287786,-2.363769901960302,-3.3206656395353153,3.0,0.0,299.3898088593488,0.8242587695043673
305,-3.564746593025068,-3.53580392935686,-2.857139867386131,-0.9995768666690164,-3.6369990802233083,-4.760969716110656,-2.945814655000141,-1.6151766270065702,-1.6455167551283258,-1.2129623244725471,-1.0356397391185421,-3.1285898317175778,-5.300865925788948,-2.081137828541256,-2.747769681931355,-3.945565897560733,-2.8353650043575724,-3.537147981534161,-4.256732580341362,-0.30002630405867814,-2.8198410576170128,-2.8922332329296734,-3.418041440834493,-1.5213739439819662,-3.5860433148170014,-4.08561377911381,-5.312808714849276,-5.091699876329229,-2.281680586976212,-2.825952492296642,-5.069042376643106,0.13261738717257315,-4.8588795760393975,-3.681288619636116,-3.5137556931889007,-0.7696195540335787,-4.695559436072068,-4.92532162571986,-2.4209441702344034,-2.865637345361506,-3.1702027790110736,-1.2893730797279017,-4.504642929320717,-0.3129385022690424,-1.5470623379891033,-2.4671230349408626,-0.9253628203827827,-3.4507146195997653,-2.6191326738367575,-3.8655206593726046,3.0,0.0,325.73352171535595,0.9094129961407373
306,-3.759515372851879,-3.044334371713054,-3.0653818962462123,-2.1875652964018446,-3.4727621643303634,-5.208684722920409,-2.6689613381276143,-1.5676519583270843,-1.5515404811022118,-0.8396172329838546,-1.2106109035014747,-3.479676820011977,-5.1535760091331095,-1.9975859070005408,-3.892907497905716,-4.330849434757107,-2.9082062487020326,-3.99910768426541,-3.9586643579269007,-0.6254031920941925,-3.109007815049733,-2.3865874191448815,-3.2381578237765716,-1.8019979480461585,-3.6930784629761515,-4.200210784675805,-4.616870095838283,-4.261170970392993,-2.5888210021149454,-2.7736506194637616,-5.093031787711261,-0.005734112741824171,-4.514503741526556,-4.336664623517304,-3.4163164068231904,-0.6729707351325602,-4.862105212818046,-4.763973201432318,-2.309216863872665,-2.7636053143053507,-3.134314385990905,-1.308748245845214,-4.7265360171127435,-0.4676096245273825,-1.9746071736220057,-2.063561288431899,-1.6120485129418534,-2.4062363161640334,-2.7050849339123104,-3.8042989247622105,3.0,0.0,313.9777757688868,0.9596894747486188
307,-4.214448387424707,-4.067895918575289,-2.7857488505605787,-1.353985068088737,-2.6869303100323085,-3.8278866284387423,-2.7990049317287986,-1.3899167420570173,-2.0927638540106455,-0.4223677090660518,-1.8814675709876354,-3.087478773972105,-5.082691271541676,-2.9745297233022194,-2.919414795156613,-4.185797518119364,-2.0199164393373867,-3.4466423641970376,-3.9457279299337493,-1.10364098347639,-3.3124477175853477,-2.7116119514471646,-3.232573472456272,-1.053119465444006,-3.1819873663967244,-4.049093469890864,-4.842701827589471,-4.6834861041788765,-2.534072773822783,-3.149011869704988,-5.034151495882309,-0.5492944065135635,-4.572553156945497,-3.7841810383605723,-3.818004135877727,-0.6847300363888058,-4.090456040471184,-5.141465323794599,-2.7884506247314125,-2.971648589055039,-2.2574270241213354,-1.3617226117734205,-4.212862525213027,-0.8200332067918891,-1.934997785952746,-1.822678159723828,-1.471958256592372,-2.5190364811735653,-3.10115972198894,-4.232689961255871,3.0,0.0,287.6794744590687,0.8826729047194751
308,-3.667632681300812,-4.004963337614796,-3.065509894188592,-1.0160327193032743,-2.765359500010184,-5.338642179253222,-2.7297942765164835,-1.742394502265857,-2.3260431542008266,-1.6647048132463316,-0.6590435059271698,-3.369624904461832,-5.1490225265304055,-2.100748063429438,-2.937621343682889,-4.7996552678653135,-2.323674889052017,-3.6165253638474457,-4.021213615582986,-0.13622923635334433,-3.0271893737556588,-3.1268778241461037,-4.136538225519528,-1.0112782250629062,-3.7428223880367395,-4.168862755284965,-5.00919317350703,-4.888490771615453,-2.1198165110504137,-3.2076060071822474,-4.643258310576472,-0.6670285211034475,-3.8712824625302025,-3.750435631264977,-4.085750544781117,-0.9293566325978351,-4.416154398687881,-5.330106123465059,-2.91079207212905,-2.574561515396971,-3.2560696891855105,-0.9107455894065817,-3.8960165972153176,-1.0901751536335245,-2.1345042441722843,-2.6916921316860396,-1.7517791704601333,-2.743847517639229,-2.9053035393523086,-3.684225239996205,3.0,0.0,338.19446776624693,0.9322230064721845
309,-3.381943795242143,-4.327502486554649,-2.4021148565472528,-1.1463692172633628,-3.678973550501293,-5.1634719916722664,-3.168858304832195,-1.488507551257477,-1.5285995213625128,-1.3091104645763934,-1.8350918081584537,-3.0333999104267138,-5.131188213793734,-1.8013934057509424,-3.0704387151693435,-4.51424223077541,-1.954856526712264,-3.8380105089410717,-4.779270262712202,-0.6868537909306047,-3.3569989866211136,-2.728648188558595,-3.726470899294626,-1.5800804434944953,-3.423492176153738,-3.6280248066095546,-5.180075513607453,-4.9481325800994655,-3.1952464764810067,-2.346189803038441,-4.525605883184731,-0.6953471435025962,-4.309586345471014,-3.4670632113402746,-3.8259878414814947,-0.6572150388670984,-4.039370452995365,-5.023880583805021,-2.4477438237703386,-2.4759022617134345,-3.0808754746305773,-1.4044345523738055,-4.546848820143856,-0.3475429035576456,-1.844248453115084,-2.2916128693292146,-1.126082380734335,-3.8368062930649707,-2.4855209529119198,-3.5532302120198156,3.0,0.0,319.0330111773597,0.9300812384162178
310,-4.256141900640383,-3.963558344982059,-3.2195561290125325,-1.4823721386122968,-3.6824636607416164,-5.345898830154143,-2.8560924841627466,-1.7164789052536618,-1.5629737054904813,-0.628664370669392,-1.2184331598324127,-3.1185309168354083,-4.8782363607330295,-2.2075018273594673,-3.0410127931236772,-3.863302175036445,-2.502081289499695,-3.4212846207248253,-4.152739105815513,-0.4360577173676623,-2.8767868194233874,-2.708698349248819,-3.6213663402793475,-1.951054534284109,-4.120057623466749,-3.946336281962324,-5.158373767293724,-5.160825242733255,-3.7750772264052586,-2.887516266318353,-4.781120643817282,-0.9418148599450741,-4.425499956891279,-4.024338824701152,-3.838135898874084,-0.16639900751240677,-4.499561013214451,-5.391208167552655,-2.846707993318157,-2.7381964598129773,-2.6308389738631517,-1.1136895004606946,-3.634127206869197,-0.7655023880552938,-2.118691474847498,-3.0800924916432915,-1.095797864136245,-2.6506450598560303,-2.5274963213451493,-3.6414005235730333,3.0,0.0,346.60957783846936,0.9331231894495201
311,-3.321676228354887,-4.062543111582076,-2.2922944288237055,-0.9960412668697122,-3.625056095562229,-5.075912864377956,-3.0106103514338356,-1.83531145900168,-1.5119030528776463,-0.9656892904488925,-0.5773112714344371,-3.461113175927166,-5.179440581215823,-2.4360821916640507,-3.1763655177906034,-3.580436308310383,-2.607683926566692,-3.5700640228713914,-4.755088195666378,-0.28568612759311357,-3.148593507381898,-2.7817462299536087,-3.8525560780232446,-1.352383813314287,-3.386281710972215,-3.9264408317927777,-4.709836917134797,-5.027145056873682,-2.8634051730243035,-3.0985917372095915,-5.2250219031168506,0.19266045054825598,-4.089094115517816,-3.8940708902237637,-3.4194901625135175,-1.1545298420645582,-4.777439796154171,-5.157193219078754,-2.6706304008499115,-3.103023343916109,-3.0860861293486335,-1.2701196464034235,-3.583524477775449,-0.5157692923002865,-1.47894256875556,-2.6663783142047364,-1.271396902446548,-2.943090449258768,-2.226253903269251,-3.890426848869784,3.0,0.0,312.05474565741156,0.9481419099363984
312,-3.4807096195143505,-3.664222471004172,-2.8901384003622064,-1.1128622893710767,-3.859564764875741,-5.866454712970169,-3.5418752597305447,-1.3480861868768084,-2.02004041555815,-1.177402299408396,-0.5410955810306672,-3.4223775968549734,-4.935722595427772,-2.664128840562897,-3.4033117368074866,-3.8893745274666505,-2.4699740234347196,-3.4124013969647042,-3.8664255406131236,-0.6061994872560705,-3.260530443883573,-2.19261061953985,-3.891792598877566,-1.3187785807487042,-3.6227390155827535,-3.6881221220856144,-5.807792393369813,-4.922013032310181,-2.8886432547260616,-2.8100444365132513,-4.908122981939734,-0.43991965625107354,-4.058809098257027,-4.032243019897048,-3.7655357049277876,-1.4193365698308655,-4.6488550587815896,-4.793437977430475,-1.8811025194215494,-3.233801566669232,-3.6541517830553163,-1.426842959110987,-4.681900317121551,-0.3077750085044686,-2.678994785540294,-2.2158677264812954,-1.7250391370887816,-2.747363509434713,-2.7468587517230323,-3.2405170747323804,3.0,0.0,360.6721481385887,0.9221223799703196
313,-3.767465586655844,-3.4684067155876224,-3.0629876082547507,-1.051645820705169,-3.6425558748132603,-4.7645585223475075,-3.0546016074457283,-1.5045651102625082,-1.9564277746391523,-1.0478166320390414,-0.990162596753903,-3.090097540485205,-5.265281456280194,-2.033277582802923,-3.228311736792273,-3.788065691263925,-2.292686674064294,-4.181395818568346,-4.095553483616798,-0.4269763537139915,-2.807896217343088,-2.5262495698515415,-3.6693461884442202,-1.1313284718195782,-3.4252989572432804,-3.563023956179267,-4.680847652133088,-4.749530815666739,-2.23347940983829,-2.164653863585131,-4.326896788453146,-0.18172950039981436,-3.896909609980302,-3.727733324748738,-3.682461390335297,-0.9948199878195602,-4.7896911212920505,-5.677199560028491,-2.3083434220418386,-3.29055628538792,-2.8650527120045064,-1.1020061084262256,-4.288882562972027,-1.0549020652372514,-1.9388912888826435,-1.5728835987882217,-1.4298137423323662,-3.396162911040138,-1.6244363926560632,-3.798378360169803,3.0,0.0,259.70786427230547,0.9825949719188353
314,-3.5517012056327353,-3.451686848067917,-3.8095872359862284,-1.3869457090070838,-3.3971517642628806,-5.403767810096543,-2.6283200383938,-0.6531595568214927,-2.421412108798256,-1.4908894585080648,-0.7412873991438946,-2.84523034315766,-5.207120945345205,-2.5520727868200166,-3.564342911397695,-3.9083936387245637,-3.1656594720604936,-3.7522464697512286,-4.320025215350443,-0.5603457133618555,-3.759702501182616,-2.822020534463482,-3.917471270021704,-1.758604493934626,-3.144665587777638,-3.913400584711904,-4.934863176405782,-4.340933026038224,-2.832113204793166,-2.961285200731704,-5.163634516871268,-0.6425687569218215,-4.151156240552879,-3.715160045136972,-3.4006450742550007,-0.7132070763237637,-4.465086527591622,-4.77879781997371,-1.8378963393007421,-3.2835952325822833,-3.732514159407025,-1.1051315966612634,-4.102731359763174,-0.8020002377687605,-1.8119052277195151,-2.1321361772694973,-1.6345388184779714,-2.4625531065271615,-2.903244578389111,-3.910233200496097,3.0,0.0,346.0603238533409,0.8206083281992458
315,-3.8261717530822064,-3.6788172568338116,-2.8464057655258634,-0.8228026645340525,-3.1204005514759237,-5.274425617917495,-2.7955033164648073,-2.0943790742816377,-1.873346586378366,-0.7643012882201156,-1.190465733324716,-3.7524003877751415,-5.017736721461237,-2.1614432721307937,-2.8197009499258967,-3.7470956740915167,-2.2080721985167595,-3.641963837026235,-4.783711328752621,0.21186549634689222,-3.5816733042865097,-3.1313016711280195,-3.8628643720484592,-0.677613075363682,-3.4945368788996762,-3.503230753515355,-4.868701996459194,-5.137854755046963,-2.4664667954379627,-2.553192652831691,-4.611398795866612,0.24767378624492642,-4.179261561768855,-3.913920183626756,-3.450985350356688,-1.0533076934663057,-5.356964283554298,-4.814920213579389,-2.9894577892893395,-2.6770730298668273,-3.592412157856857,-0.9642327514654329,-5.097321378288906,-0.18511047735562486,-1.7997553205182624,-2.06950453673496,-1.3005902876509172,-2.8001871900119997,-3.1372534637718634,-3.937770170288582,3.0,0.0,335.69870763163004,0.9512602044251899
316,-3.591059752831149,-4.460815467413135,-2.954163071341706,-1.11049288164042,-3.2210753552152034,-4.567089901550759,-2.635137755414207,-1.7858985406626917,-1.8185053151025445,-0.6535029293537049,-0.90648961850314,-3.3548203764740787,-4.392311490816248,-2.2564680448021095,-2.9697051763075097,-4.2084866795624025,-1.9560687683348343,-4.407350086089145,-4.4808089383322605,-0.23302864867370215,-3.664532294722725,-3.0307214040389785,-3.873448100409715,-1.176587644118183,-3.843057972136522,-3.5249674539849227,-5.5996684079076084,-4.731423399049228,-2.5000066060390824,-3.31626328905502,-4.650817299295519,-0.5047320344951538,-4.260831601059945,-3.7256872056829824,-3.689372723104675,-0.6072781828936924,-4.70363742640295,-4.898184387554371,-2.955460292144982,-3.3280009855769555,-2.9998710039771073,-1.0896384627640907,-4.39262700877044,-0.4082394256865294,-2.195814565245413,-2.284291829910933,-1.7360323602379883,-3.0014151318425304,-2.5204052115953464,-3.567178663544217,3.0,0.0,325.2361514880514,0.9581902157406155
317,-3.62336820534751,-3.362891410759996,-2.9571661358076318,-1.637099640727109,-3.507666132980021,-5.0005834081065315,-3.1488614343871175,-1.332458368046933,-1.4136178052327473,-1.1358868602274754,-1.3039039280012594,-4.17102528885359,-4.897014659501204,-2.1732038437054952,-3.041604659471916,-4.241831291917923,-2.5324490194531823,-3.7393730202759947,-3.9831358612073973,-0.014976454746299106,-2.752009923211989,-2.4003183624423903,-3.82398004991627,-1.7549657974630875,-3.8233420551043826,-4.2818531704567855,-4.7289044999202865,-4.839691890049664,-3.04042745789195,-2.5827644479688834,-4.961819443006978,-0.8853621938001105,-3.9709756577608055,-4.193108619538936,-3.8129070158068807,-0.7097719654606944,-4.935593336622773,-4.826996024370033,-2.7095332455978056,-2.2267358017160674,-3.116470906139714,-1.4057204215293801,-4.290920299175427,-0.9491022223844605,-1.7131816793977457,-2.1282064107466425,-1.0704128500189283,-2.818405943122573,-2.739324756191329,-3.5321053026518134,3.0,0.0,328.6691393255141,0.8505415889458753
318,-3.7939141119921227,-3.793698778528563,-3.3172322380146513,-1.562350449552579,-3.188764643840824,-5.471945642629517,-3.128333628591255,-1.3730964883182952,-1.473126403865472,-0.6523576750029727,-1.1331882349413904,-3.5643124577800918,-5.0707175852339565,-2.336156723718176,-2.7368552333796154,-4.3487581509997115,-2.781693698168995,-3.6364879426719288,-4.285879833341132,-0.27005131648919306,-2.850901294741728,-2.6577594718141744,-3.918051640219125,-1.3468434974132713,-3.363650671563492,-3.359696907556987,-5.115035412708217,-4.778100671666845,-2.797423046954974,-2.893236511410151,-4.371741570913059,-0.08875611738074848,-4.565365867363199,-4.188116707174109,-3.707368149230637,-0.8565541840565707,-4.678686429435938,-4.911470548426782,-2.601960801122978,-2.661623462102234,-1.8617280082031018,-1.4045260495880973,-4.243361864766017,-0.4086994408076624,-2.2648823767518684,-2.395491447179606,-0.9829116540853406,-2.4209093614925195,-2.5330582635531953,-2.920666914998879,3.0,0.0,288.3523356419724,0.9589702239125519
319,-3.704044474384834,-3.299234643967635,-2.786753592771127,-0.8616387739338524,-3.435676164563856,-5.022238496228194,-3.359169398172393,-1.2235525455826841,-1.517108621349585,-0.8657825855590342,-1.469550515398224,-2.9536655526537183,-5.3305022994817275,-2.1179019597836617,-3.4996543987580115,-3.2252086206663115,-2.470708236858176,-4.030372736273387,-4.097876167088679,-0.0746760305229085,-3.285436767313327,-2.5056694397272645,-3.904644750351072,-1.3599262190986252,-3.993571244865798,-3.8354386294672675,-5.087921246304888,-4.3167141503095765,-2.4385103753990722,-2.7732658470149336,-4.974612175739847,-0.586148351940403,-4.439144736974725,-3.89586659173189,-3.7931905896837534,-1.044049592650518,-4.913748512486933,-4.963880319927855,-2.3329326782331523,-2.9797186087991645,-3.761026913595426,-0.5819695985362933,-3.9162033557537743,-0.32124135137932064,-1.590140160033996,-1.6201851799847442,-1.401241876418189,-3.0622192874466077,-2.3347550575776204,-4.085124708878037,3.0,0.0,311.8792673828927,0.9011041122453576
320,-3.600432178629174,-3.9987562359490036,-2.8787985487348364,-1.1755504289818584,-3.5456098386216794,-4.924802828548072,-3.0407411590391122,-1.8449181926759113,-1.7501812481280075,-1.3781466531243294,-0.892810896905671,-3.6042898234655922,-4.611601444683517,-2.4088060127061555,-3.290733612113853,-3.5483013205946334,-2.187635767042216,-4.422683135474178,-4.484249127998645,-0.6990119047475298,-3.6054348168038826,-2.7969691070329152,-3.6315064000500503,-0.8015810625175153,-3.7361904480216275,-4.02666808280442,-5.27584325029171,-4.36346009625862,-2.2655126565995385,-3.293157003878705,-5.138848494020946,-0.5081263161478227,-3.8644722268700296,-4.206823357313199,-3.8563693725668657,-1.1620048515982502,-4.782434532523091,-4.831910745523579,-2.781328459120397,-2.8533331008694236,-2.824870444158949,-0.7332109993450834,-4.612435864799241,-0.8339088944771846,-1.6791581735782872,-2.309730952997618,-1.559170218696934,-2.8531726623827773,-2.5081121156504813,-4.263030865008603,3.0,0.0,350.55639894522415,0.8982124371820109
321,-3.7248456963379164,-4.273042372483455,-2.99731335419186,-1.2135968699043929,-3.743620019215025,-5.26975958492145,-2.9744549643122093,-1.697236639638805,-1.3238660867542886,-0.9799439416592496,-0.7539917945204422,-3.0151890263601535,-5.735192463159396,-2.8489084046500537,-3.249272287209774,-4.227899170802086,-2.5389621857898845,-3.585335557434366,-4.284605882505632,-0.04471602783980411,-3.7888772294908715,-2.8670415950312482,-3.760392804767168,-1.32668069333081,-3.7234127486749595,-3.695701375307667,-5.2183208384401425,-4.025572311945146,-2.926500976326188,-3.0629809890493496,-4.765438538394127,-0.07929545581445963,-4.344514432105871,-3.451783286762864,-4.105045861928208,-0.6368673978059612,-4.803205758495678,-5.008764724789808,-2.4807209519292877,-2.8230692402844872,-2.9683570487545548,-1.093201460286766,-4.555298350759809,-0.8309159195541038,-1.5106462616668501,-2.1057733576940847,-2.065750983533026,-2.22461638253091,-2.1316543103533885,-3.560682530601453,3.0,0.0,359.21607602738754,0.8187316653821917
322,-4.173598105796905,-3.955165796910401,-2.961701835278411,-1.206290980268817,-3.1164065582954166,-4.9720768918827885,-3.539794812864395,-1.056145392131087,-1.3782580434930742,-0.9015075795020442,-0.7402023528436765,-3.8130061632984016,-4.816751378558862,-2.4025049602696416,-2.903756555246678,-4.398951702662861,-1.8315925777404063,-4.205300681114484,-4.26552102203796,-0.7928367616652401,-2.9135817767984036,-2.4827096723265205,-3.8667106358357315,-1.7262015735567275,-3.435073640883082,-3.7187732001479086,-4.857170355560604,-4.783095120926219,-2.7195135270886164,-2.5579446805113193,-4.681841656469671,-0.21036923962597456,-4.382864382866878,-3.8583565762297165,-3.537784984082321,-1.025924078130544,-4.451306753535878,-4.777424160525415,-2.598736194772046,-3.3646856910533245,-2.9522540768230137,-0.8751574161182221,-4.13549409318177,-0.6351640433758527,-2.532240294829538,-1.9507239008782995,-0.9516218468697315,-2.9956620531155815,-2.681300201600183,-3.409581041584767,3.0,0.0,292.92960566700293,0.9745851089601493
323,-3.9565666109522377,-3.637853743285193,-2.9276508378218358,-1.2052741972708456,-3.8373648980902377,-5.37358908314599,-2.6201575581774357,-2.129955011788794,-1.8751357235249955,-0.5671982572621657,-1.155906459744607,-3.7183522706675154,-5.174947653924094,-2.8713157949763692,-3.177953843593261,-3.72956100595411,-2.403850310491868,-4.074322950501466,-4.147602192796121,-0.44329027437370583,-2.899778753326844,-2.726786090362928,-3.872437802541075,-1.136566257423094,-3.3479372909240097,-3.819658434971606,-4.377918604050331,-4.345300099661845,-3.1082573382450174,-2.443318648741689,-4.261716075129552,-0.05034241268661194,-4.441518497926131,-4.004388697763871,-3.3438893916712216,-0.9896344692116965,-4.396901480377341,-5.22036277688458,-2.0017097738438485,-2.7266390794312048,-3.407780366837221,-1.1540231911149896,-4.608096734133451,-0.7865923910910317,-1.7914830965495445,-1.9862860450601276,-1.4998415360092074,-2.310319757032453,-2.7320478486554673,-3.77440336716258,3.0,0.0,303.25422938643555,0.926665113435035
324,-4.162300282283239,-3.1502090348042078,-2.9555495150695053,-1.4462852201768166,-3.8057941828509514,-5.371802140257462,-3.1200123092730743,-1.3516450874900987,-1.94766339649861,-1.5082641355704922,-0.8992855957390495,-3.486068026547016,-5.1679203271256275,-2.4916196001867608,-3.822284717945871,-3.764381599454497,-2.1493584569629824,-3.4960822225175257,-4.2713607051244145,-0.037943504969602526,-2.7706542729771666,-2.229257958259757,-3.4772535371631634,-1.3079483825942355,-3.9395183041819046,-3.946107228806311,-4.934556734969203,-4.744558081310068,-2.444131264211495,-3.7538472804429266,-4.96484230782403,-0.4183506411498541,-4.045063577914673,-3.66370508811724,-3.9734848475604623,-0.7215437568312822,-4.604055011579833,-5.392228758585985,-2.477999629636754,-3.408543001041125,-3.119645050614676,-0.7801114499268835,-4.0517714276520795,-0.7272194346942329,-2.006859931294536,-2.5265624628704924,-1.3237826768873746,-2.60927094210462,-2.2736908382979606,-4.192287385009831,3.0,0.0,358.64272354986537,0.8332081009071588
325,-4.055480674882206,-3.4880596731442224,-2.4976164234629477,-1.3774945734679218,-3.041561128860186,-5.000140110230746,-2.8741660529411877,-0.5753563610365116,-1.7671117136729304,-0.6270100071151461,-1.1634369978755756,-3.895975878281405,-5.565113505111773,-1.858505242886066,-3.420023250302351,-4.072030181619323,-2.423662157773859,-3.990735620359991,-4.093237671477283,-0.3235327224098937,-2.8477979263686977,-2.9351339205561175,-3.2999818608797558,-1.1961470013185653,-3.577886180959922,-3.8809038995797303,-5.249880798733054,-4.916422967736619,-2.560838289403743,-2.612664114714265,-4.502718278289505,-0.6941096516802744,-4.077676340955853,-4.27470382887326,-3.8409874129589965,-0.9325750031793343,-4.020158189591647,-5.144029972359291,-2.7756124009375793,-2.6635584949682864,-3.3940290116950345,-1.1660662571673919,-4.111971460771878,-0.7147712936494849,-1.4608606535810993,-2.6259119336006727,-1.774213280027629,-2.602520390437943,-2.7082837679635876,-4.079418897779073,3.0,0.0,326.54250409434985,0.8413613873666306
326,-3.8806219628269707,-3.580969089084765,-3.2384504003371903,-1.4386382028387672,-3.3709688363178016,-5.136391788867735,-3.053811814961533,-1.3379885763713417,-1.816780323132401,-0.9389795225860298,-0.6867410402515994,-3.3253594558481114,-4.876917807025928,-2.04584239029406,-3.0977094878648317,-4.826266829893828,-2.795617445861639,-3.886371570349768,-4.4765709810683685,0.13981823449624087,-2.698225886607643,-2.8012442448472803,-3.740779028798389,-0.9300348621171567,-3.527985652690276,-3.5970313446861595,-5.3833454961571965,-4.9843593343659345,-2.799024805959999,-3.0025192820560567,-4.293599270990484,-0.5635740051898233,-4.068725974496559,-3.8099445072842917,-3.807260743083613,-0.4860715743577421,-4.4298448534269195,-5.261297548499409,-2.6202843150314705,-2.768757914252916,-3.3567341438016336,-1.2190059963827629,-4.053379185858279,-1.2048380032335206,-1.6036306460375351,-2.3203922846458935,-1.4837905968531837,-2.7341899965947896,-2.6186623210619677,-3.568949837780481,3.0,0.0,329.54662173462987,0.8888963033122951
327,-3.63723286776188,-3.012479764061501,-3.118762608389784,-1.2221573255945968,-2.8104920488394756,-5.0027688450873615,-2.638907702437252,-1.3019004902925408,-1.7272865230168806,-0.6128951008087319,-1.1490979209262218,-3.504432604681741,-5.514196318194833,-2.0040130179947324,-2.9904658612867787,-3.4715142458507824,-2.1950928604901385,-3.708457325977786,-3.5918533952336533,-0.6459026756682187,-3.0654039176972945,-2.779215484996737,-3.723275695243981,-1.3643901480918461,-3.4624182551224614,-4.051878862261504,-5.428260627767161,-4.961777291494614,-3.2505886022579293,-3.63971913339512,-4.728482759408401,-0.39631005401074065,-4.316623882087144,-3.217017776471586,-3.939683455424695,-0.8148477112260694,-4.449469306534764,-5.110051641527992,-2.202012539937652,-2.875354807781019,-3.007579871709389,-1.4122819781066105,-4.021412994700893,-0.5373388736074328,-1.3718388659243592,-1.821981664875697,-1.5180314042785565,-2.7709225076588373,-2.4571793515081533,-3.8125966067920065,3.0,0.0,291.83210455868345,0.8828193360190492
328,-3.8351388279270275,-3.574466106136037,-2.8383379452609443,-1.3583429638439262,-3.7315365383678776,-5.710497148514355,-3.1566702077896216,-2.177310350331462,-1.455750389985714,-0.8761467048526613,-0.8862269476383837,-2.8882088134955706,-5.248988210605495,-2.739077380654126,-2.8670025014142095,-3.7774930356761414,-3.138477426874214,-4.0455824975219405,-4.043077515769717,-0.4244994908966941,-3.1731016098100127,-2.6788250269064573,-3.869154919695359,-1.2541964877209169,-2.8732340186965946,-4.787873222714394,-4.675097300635203,-4.651454736857784,-2.743630835379791,-2.7362664339982863,-4.851923285019495,-0.3683819436412298,-4.0738669357145225,-3.6508198659204907,-3.827349637534654,-0.9437177899067537,-4.3683310807237845,-4.502755415308841,-2.5772974042272008,-3.172722260576537,-2.587935830742169,-1.1076051494733066,-3.8868278702706958,-0.5004727914142248,-2.1246985905105626,-2.042669767464628,-1.3735666278195515,-2.3232975896047794,-2.6316804743534825,-3.6161600890245773,3.0,0.0,290.23151779210906,0.9689773513779434
329,-4.011625580474094,-4.161890367819003,-2.890805469673024,-1.421647391802083,-3.2360650111591345,-4.474679435665078,-2.7943616883114055,-1.375639277354211,-1.958564739634397,-1.1277501271965504,-0.9485284354175376,-3.975625262440448,-5.301172608693394,-1.8831545771699796,-3.492178175946769,-3.716329349239607,-1.961099393917027,-3.4831993655891695,-4.601272976303045,-0.5502864982925378,-3.144526330984896,-2.646599744629057,-4.2764122838699805,-1.4081283192198812,-3.430776553495565,-3.839628553211181,-5.75468420174891,-5.442487288921862,-2.7405776707620704,-3.3046324860799086,-4.412958235315989,-0.5993740952175659,-4.511832736422587,-4.366434831076809,-3.6977382215597894,-0.5702954825853856,-4.739493769470131,-4.591917026803765,-2.571773100300447,-2.668870764116128,-3.05889333504585,-0.9558861295692787,-4.537950435423998,-0.6402064907099951,-2.062693822817492,-1.406716355143026,-1.3766741749745954,-2.802432363810004,-2.8894122398525743,-3.6719447279104083,3.0,0.0,365.14072149733175,0.842293861525607
330,-4.014962829421526,-3.4934088935843057,-2.922520017541612,-1.4873772148556785,-3.3496079520380055,-4.721824884317245,-2.705681979415936,-1.418863315800055,-2.7821061972296715,-1.0633786715906253,-1.6245536576410575,-3.796958563609791,-4.900757744084492,-2.913408874827744,-3.6865410997443413,-3.880198254200621,-2.3888336213308596,-4.115544130543208,-4.560236795560722,-0.07966084919609362,-3.2022891925688413,-2.5957169149234285,-3.8599133476734204,-1.1793633143008728,-3.171216176886253,-3.922443239012511,-4.927957096938006,-5.086935535702554,-3.1185303268029143,-2.535809682674449,-5.367692345182371,-0.23497292341437093,-4.566143087212021,-3.909803493346733,-4.085248323327856,-1.0004587390446762,-4.679464525434542,-5.326531535354587,-3.1958783192396916,-2.70618633000706,-3.187852921378774,-0.9706064683222235,-4.026325240038981,-0.4887009716258742,-2.1307321646904414,-2.380450990225269,-1.3688116426422252,-2.590066818555178,-3.1016375109701935,-3.4442882335876197,3.0,1.0,428.20394793323464,0.4712154928797448
331,-3.841632242380907,-3.672389478641236,-2.8095823525758905,-1.1196163740783185,-3.9182757544154656,-4.910632218231398,-2.954463054319182,-1.6189844013012225,-1.7258028094431828,-0.5999411059109061,-0.9823115129408193,-2.9646322080945886,-4.766083580346338,-2.755498080728013,-3.5782981418886997,-4.301984106270102,-2.6290713812573694,-4.257039175555364,-4.451504384271792,-0.228804827010988,-3.042551173943838,-2.326440930867596,-3.426258026754083,-0.7713280674415941,-3.666542442219111,-4.088017590384713,-5.081667302383001,-4.649735341436887,-2.024103799728487,-2.3588078404755155,-4.920993089550984,0.12327722120559914,-4.464377217626967,-3.6346252538791672,-3.7675682540928332,-0.7156745133022437,-4.273963884563787,-4.957452324670613,-2.978521691100397,-2.998874992810601,-3.829194277506402,-1.4683265740007343,-4.5519552451106255,-0.40514691813293635,-1.8817089587864222,-2.0499591347863078,-1.4879775461290423,-3.1389768720264337,-2.5433885765706212,-3.864823155608724,3.0,1.0,404.7132063607668,0.22176125650949344
332,-3.7311530794051846,-3.3510848407235985,-2.549646838082357,-1.245988727931268,-4.078879021675873,-4.940194562081969,-3.349822119325261,-1.1340503985518473,-1.1965045824224039,-0.6919065637195496,-1.0249265783967219,-3.8108576165501735,-4.852605881429843,-2.5175812020447883,-3.100073247212482,-4.405439704977532,-2.593656830975822,-4.405267811487018,-4.682295049065297,-0.11656008162537557,-2.9566113347294714,-3.203451921165638,-4.172025825466754,-1.2623200246741602,-3.6411748701774185,-3.434312286394875,-5.243319182280518,-4.4520768971854086,-2.4579500520136044,-2.8422045482345917,-4.178110100284092,-0.07776573152829142,-4.723755304174099,-3.157685364711048,-3.803968684208512,-0.7425617938406623,-4.671488873273966,-4.724345615460194,-2.864822650168384,-2.8465604112162057,-2.9463637237987297,-1.0323864466180173,-4.45520153291338,-0.2950452696590759,-2.1165645136538433,-1.6495777785174601,-1.4347930346943112,-3.124992069084918,-3.033966279445763,-3.2005368074140446,3.0,1.0,371.5195504336559,0.4205777468881231
333,-3.7165383959871283,-3.94781698761805,-3.0450157518237324,-1.1577492396877427,-3.485164759288401,-5.128616519695464,-2.7050792331403795,-0.9165078021263625,-1.628644744417888,-0.6885652714635554,-1.1555769687405752,-3.3815747278736143,-4.793542633118336,-2.4169921429886823,-3.74550934469215,-3.472626871651229,-2.815427283207556,-3.7646975759082553,-4.470090318406073,-0.5360380630869777,-2.82996597981464,-2.913269838147451,-4.483692421924245,-1.4548581442387412,-3.533461867744176,-3.9111127901127904,-4.490037077487101,-4.902542905874282,-3.071501217789371,-2.052454841996653,-4.441381375556188,-0.17353607899340956,-4.70990162349045,-3.3946656859594677,-3.7454951021891203,-0.5934538058793695,-4.696708784709232,-5.02638413719614,-2.1952207861298905,-3.296595376841685,-2.5533304398796663,-1.2072819139099642,-4.618840387424921,-1.1004662486227232,-2.2317059281080565,-1.6514615879412484,-1.6056954099621448,-2.9469144879714477,-2.151101140154133,-3.7450974788507274,3.0,1.0,379.98271218148506,0.20748568862840147
334,-3.872611491979611,-3.6206577661820436,-3.382970116818316,-0.8477306316226046,-3.6574024765104745,-5.137167962061551,-2.756479245381689,-1.6019342909659666,-1.964618169649349,-1.0385165364188156,-0.35224466577801206,-3.166132733187458,-5.0642816692524,-2.5967536446633526,-3.1239729958577658,-4.154241856233655,-2.208427993393127,-4.21857435018723,-3.969754920426759,-1.0789603090236137,-3.0617283138255478,-3.107616966856662,-4.30828451081792,-1.0429157928308261,-3.825251075270913,-3.908245915767724,-5.583554787573495,-5.301728230355788,-2.1210159435994584,-3.040938586431941,-4.376248477344744,-0.5038672372149147,-4.500373725863545,-3.568554062476334,-3.498675173596988,-0.6883775340670809,-5.167748412209329,-4.4574233197119915,-2.9443528698514383,-2.700532984960655,-2.5635965100948805,-1.1188187081281507,-4.63990709939885,-0.9426864252272038,-1.7393152957488829,-2.56798675462849,-1.4521110457112727,-2.690340382580421,-3.3613767655030578,-3.8650196548998217,3.0,1.0,415.3861866992192,0.42315890433150527
335,-3.979666542596046,-3.5565668211964994,-2.439998959830277,-0.7866113992491116,-3.718924501092747,-4.884835639423591,-2.527991925930002,-1.4010749188725864,-1.920122922589488,-1.1400242849771232,-1.1433339747139464,-3.050222832656782,-4.836743047018869,-2.401174173546193,-3.5650236896142564,-4.308006118675977,-2.4374012089829393,-3.7147595843025334,-3.971277105378383,-0.2625583082505138,-2.8566785126516585,-2.993993073622831,-4.495507607418132,-1.3771475076629276,-4.009838092689719,-3.779807842815425,-5.121139061423018,-4.943707463609402,-2.8260152924784276,-2.7708026294059853,-5.279884587277782,-0.5884965799612214,-4.680100176971589,-3.7146892065738815,-3.3136011732094235,-0.6576203947569393,-4.8439420143594,-4.89806051360553,-2.2777078715719155,-2.6647504109284954,-3.6600380588418635,-1.5352228280645002,-3.829213029171538,-0.6650821677622777,-2.121472225553262,-1.5299186449476485,-0.9293978252225875,-2.5397022577559327,-2.677132409899253,-4.181059697032456,3.0,1.0,399.05828216776,0.24971259610477947
336,-4.20237030564355,-3.461302231957123,-2.83448755161514,-1.3820674845291503,-3.3534898283410923,-5.500635373363695,-3.1598144865835307,-0.8183553190159162,-1.5894862240846648,-0.6686366955776646,-1.136104479109758,-3.3309583455411933,-4.703690467275882,-1.8410227419163485,-2.4582575976488568,-3.7103051312368587,-2.3556577912102528,-3.461717303247141,-4.3259790105793146,-1.1026829319157465,-2.9629978145943534,-2.322702717285628,-2.6982370277262353,-1.3626965861717986,-3.6326270397340235,-4.036538153022541,-5.471003710246264,-5.065983541106791,-2.3895976844148628,-3.092840811222069,-4.2252955057213555,-0.774839923862791,-4.118948281615376,-4.225694521180753,-4.580206024508707,-1.0926813122271408,-4.757430032164595,-5.129938050178647,-2.399236077539164,-2.619909827222746,-2.9913508206226487,-1.2204004636469896,-4.584233110278943,-0.889137192632072,-1.8339009199462097,-2.229913996106584,-1.5913118697080093,-2.00694330014505,-2.7384367222529034,-3.972046818857744,3.0,1.0,351.3114092632943,0.4353297984010662
337,-4.4547300162790915,-4.309964471240272,-3.3272282089015093,-1.751668942698927,-4.12628895528714,-5.255532015199483,-3.0476197863552157,-1.9291385781447556,-1.4857863447636097,-1.2458979772595222,-1.3076680282434474,-3.1761839206292057,-5.117090962501438,-2.0634308064896216,-3.3058003636416275,-4.164675610135911,-2.4917707079467744,-3.3975696380870097,-4.028355954213491,-0.08460439007225362,-3.0040951786778085,-2.7343688515746276,-3.4425409745853797,-1.2841823506139238,-3.7752560506864627,-3.571941224374906,-5.356445532879681,-4.419508704106767,-2.8850510351581136,-2.6164473253444682,-5.094078822376476,-0.3680302997657359,-4.879965224015522,-3.3176581714498963,-3.885503762872645,-0.8964784165956695,-4.725357038190585,-5.144756132983003,-2.2472213741882046,-3.0315924004251236,-3.069087290666244,-0.8549798798710304,-4.6699035388917505,-0.641390324767589,-1.9202082870305153,-1.636060673275351,-1.1823969952862026,-2.412052234777277,-2.2348498908049645,-3.153048704524682,3.0,1.0,420.163541659809,0.19364520340861696
338,-3.610930021571825,-3.7535622736659664,-3.151820757216348,-1.5091194176798137,-3.5270820085326107,-4.355067695267598,-3.0663254789183236,-1.5453671471361878,-1.6247516647149607,-0.9297607471975594,-1.352389562489372,-3.250515052157821,-4.925329259980752,-2.0938291446094244,-3.354715300351799,-3.7412584186410847,-1.84691881038823,-4.030839813968397,-4.1132397976435895,-0.31201876904821685,-2.9062213155840046,-2.83830039380027,-3.7164313074942994,-1.8859423713396657,-3.0354593778364736,-4.123423129233936,-4.686602750672895,-4.840154022168508,-2.739376265729976,-2.9175458986828096,-4.25337392873922,-0.16069340820506123,-4.196657278710585,-3.3526236810378403,-4.553037248870546,-0.41753497429226977,-4.393114418214462,-4.573617027903136,-2.6078202649452553,-3.0634254190011396,-3.331329762256191,-1.3508711381106024,-4.339454370945159,-0.7680374150658774,-2.470004424308538,-2.2977325007934106,-1.3499509212147527,-2.7256001286742944,-3.0781238845448327,-3.8075108793283303,3.0,1.0,379.9212023437838,0.07539041928721497
339,-3.9355850894602304,-3.734171618610436,-3.040539842070685,-0.8562251977072597,-3.001474916779942,-5.339524099560121,-3.2659663628014024,-1.8261136480524338,-1.3037845275410436,-1.0552737396509175,-0.609104465787405,-3.608184944382671,-4.423806214780923,-2.6370259019996722,-3.2209247144717668,-4.437401407794982,-2.6037846720905096,-3.655568832891831,-4.122341365446682,-0.47559712864829284,-2.7204479596499525,-3.137924564836255,-3.237960998154226,-1.3307273574670213,-4.021998367366115,-3.6903878823530745,-5.35794961167569,-4.6847782246377445,-2.740752719140126,-2.9694885332190433,-4.779873646884175,-0.4340278041666188,-4.216485246627302,-4.436482356451656,-3.9322187199183674,-1.0249441981901692,-4.141487393288127,-5.125364293913019,-2.3048444637100087,-2.594763370641296,-3.3948357101635067,-0.6379169819287952,-4.3744030922278005,-0.5366586754378767,-1.8574878053126496,-2.270045221192384,-1.4730708427576589,-2.3469078100801823,-2.724207280742263,-3.520571922001196,3.0,1.0,400.5093790957627,0.15157310346438121
340,-3.6580989289400008,-3.843236759918195,-2.9552978189823556,-0.8761611869242543,-2.692954975827095,-5.521616594908233,-3.5696872501761767,-1.6364414883164584,-1.810512131234462,-1.0855847952698763,-0.6972408728832883,-3.5316391246475884,-5.051426562270926,-2.885610982919805,-3.183638358002931,-4.40338707407354,-1.387519441820052,-3.7425103392350034,-4.33698223966905,-0.07551916547908188,-2.4957394014739247,-2.848188743894638,-4.026906276155539,-1.7619549332828255,-3.5820328659780145,-3.580980656184972,-5.309022355928002,-4.591521978463604,-2.8220378899098857,-3.0089452539343378,-5.110487533562281,-0.49382063461705533,-4.376842263606488,-4.125087662551076,-3.708194729881173,-0.44540735118497077,-4.407288452537379,-4.879648190173589,-2.62076810214814,-2.5448369099115347,-3.4923422138226567,-1.0658940499849394,-3.716226246328798,-0.4858261811987432,-1.9696288597901477,-2.022089206518419,-2.0716513817720745,-2.1944750052914914,-2.9709333712105472,-2.7775852444774896,3.0,1.0,397.85147619836124,0.12022826249802093
341,-3.8363062660604093,-3.7268942098370936,-3.317954513356867,-1.506545737126542,-2.7243860177683477,-4.5359043908229975,-3.4016784944033693,-1.5529279458350984,-2.367816727380753,-0.9965153328467834,-1.0288279162541538,-3.2327532543274,-4.659842071962533,-1.9933399757824728,-3.2298953859651784,-3.417458150285567,-2.0124575261698032,-3.8429588108009636,-4.545475444228753,0.0024245007425631737,-3.1639964244373218,-2.527802588458478,-3.2226630133456626,-1.239555143060492,-4.2093999131150905,-3.8540108772185886,-5.567020832424876,-5.244903691417237,-2.386325810331996,-2.694212668670021,-4.736377889314965,-0.07474188154963068,-4.034375043058677,-3.8680196663598396,-3.978273600158777,-0.08330864009642358,-4.559362611036933,-4.679149328319307,-2.5432998120063015,-2.7984572137913712,-3.1615605375475107,-1.0385739485833771,-4.076541929979758,0.12871674017769963,-1.8153923411645292,-2.452582945786737,-1.03978181007761,-2.250180476462978,-2.322434268533335,-4.102631264820538,3.0,1.0,315.81718442156637,0.7155574692783746
342,-3.35394402659891,-3.8098685461825768,-3.1202237052218815,-0.6697362726399952,-3.630129494969438,-4.906713297314694,-2.5531105103708938,-1.4640582831244977,-1.3614131394301685,-1.456863612727401,-0.8122091913624462,-3.498480007665492,-5.540553275230418,-2.295888790062834,-3.1006094501911834,-4.587898638407099,-2.9074515934588887,-4.546800695214928,-3.704279848336843,-0.7010013279599417,-3.0694666300093423,-3.0630408473225654,-4.137105610908311,-1.6614849223364627,-3.535591680726321,-3.9009410366247534,-4.894617874261182,-4.9267154022578845,-2.7171991985826667,-2.947091742683394,-5.138679505158451,-0.373545420161676,-4.125646283373656,-3.4314196677627766,-3.7384885011701714,-0.4157493967283987,-4.63147371149986,-5.259412550957914,-2.57969595332232,-2.583430293667847,-2.9351859979916526,-1.3930055383114017,-3.9877856405708196,0.14648097382393388,-2.486451672990341,-2.3852493861578226,-1.1283264772336208,-2.599503106926465,-2.8760595370714572,-3.800263890417036,3.0,1.0,414.5203193293207,0.2406016784888567
343,-3.6600170313435925,-3.7528541138961318,-3.6271026637934822,-1.0276970415280815,-3.7232207306764256,-5.142195393603077,-2.732360393994888,-0.9733254814701839,-1.5393855632620397,-0.829783193823517,-0.958009240192644,-3.3221518070367306,-4.752234302323037,-2.6163462433445694,-2.901627751019275,-3.450033305679809,-1.9529885135142901,-3.9341151185278154,-4.058604008950666,0.05538134041463488,-3.0021002123481146,-3.2221442966436586,-3.928571076224931,-0.703065366381818,-4.13464938858617,-4.066704487168827,-4.841697524023338,-5.194337256426469,-2.4228417708515,-3.051913823989229,-4.934082294940891,0.032789130850243764,-3.995257458061998,-3.9702760128532346,-4.274345078187943,-1.1075899704510594,-4.6605182914900505,-4.9987262392907015,-3.0539449981508193,-3.1780104199791226,-4.231347414692316,-1.0733473603713504,-4.052090641620662,-0.9728123573069445,-1.05871689813494,-2.358536665550106,-1.1986561447303439,-3.1190988118665506,-2.0683725897244787,-3.874915910598696,3.0,1.0,415.3759202370083,0.21829157554284465
344,-3.9704666467957743,-3.7144360285898927,-2.589856816945159,-1.3714254582771983,-3.300823668035843,-4.889322273624627,-3.2358582948427306,-1.696973774090513,-2.2081130758243117,-0.9695872253984958,-0.9297548715091503,-3.3333577975092257,-4.618872496119654,-2.6308191146550226,-2.662693892735332,-4.172497283902798,-2.3709236322774303,-3.8332203067618784,-3.9666823982628467,-0.7987044604152269,-2.967578433079863,-2.618262439669146,-4.363991227359614,-1.3948324576789342,-3.248233643086626,-3.4984727828540443,-4.953662341913588,-4.889037941759831,-2.368487014018495,-3.2696489261809183,-4.5480879276915065,0.015131110686299298,-3.7923576760042903,-3.171006636229847,-3.7984971949872772,-0.572912918573658,-4.229450763619916,-5.306823939428845,-2.5378430673556154,-2.822597175912798,-2.859831875246708,-1.414549253123751,-4.13730200583347,-0.8357761545064117,-2.1963042642335946,-2.0407240349187226,-1.3409162091075553,-2.2468129036722577,-3.345553075341533,-3.879120969199821,3.0,1.0,413.85979259918344,0.005183796032395539
345,-3.5980536875986244,-3.422561014204963,-3.0943427886187296,-1.7674898395260417,-3.3145745128924773,-5.219074830961675,-2.9527090418602886,-1.7378722595786675,-2.0877139331886525,-1.0378467460819327,-0.5657448887007781,-3.0097266562073877,-5.315490722628645,-2.8981022292525465,-3.722917998787574,-4.231777574119478,-1.9060726854556553,-4.011049595580199,-4.231658887799526,-0.9463070751551137,-2.9589656805396602,-2.9364520032052046,-3.5488968395103706,-1.1089391923586214,-3.296286579260838,-4.415523576131424,-5.016747016426631,-5.187974353443009,-2.8214669252307116,-2.6266112879779646,-4.465683623405734,-0.7914133545954517,-4.401396303381922,-4.535048813560316,-3.8814988088028826,-1.6452609483394216,-4.113168178726813,-5.178293090357754,-3.13769055348944,-3.3984848640684784,-3.081041416928472,-0.722871825661954,-4.242274860691566,-0.884379341817749,-1.9059525016786891,-3.038184657701109,-1.9132923682169616,-2.653479729098597,-2.9750827396876973,-3.5267021031937915,3.0,1.0,420.320028231095,0.4784107635922323
346,-3.676324401130242,-3.7575553930995085,-2.9372671485326,-1.039537598735475,-3.8787849212067713,-5.1990306967236934,-2.1694439497173184,-1.3994914464636405,-1.7461713502773017,-0.8676911391702551,-0.8363675617714876,-3.4069711660251345,-4.697455677059736,-2.518111170101091,-3.0505571802380937,-3.8918795113465263,-1.883373594437335,-4.292601466440601,-3.8095815722172626,-0.354799271533832,-2.3313732107635383,-2.7222012323195943,-3.192934438340563,-1.039260721282759,-3.9118366040834998,-2.9806748179833904,-5.318554749265585,-4.521837636881313,-2.5084829153225083,-3.158686970250392,-5.630689375294212,-0.18792963252275408,-4.419632378873984,-3.247362254177869,-3.7235777736722677,-0.37650847440990404,-4.632257323695903,-5.478468028530278,-2.590033001495702,-2.485908606990073,-3.0967563619870613,-1.4079447460973817,-4.138603792773311,-0.8968320248325217,-1.8553724452953653,-2.439832537691887,-1.1872945069670662,-2.2691968146831814,-2.3768055526822005,-3.402019549079963,3.0,1.0,312.35576120818234,0.6354807051257363
347,-3.8022231118851324,-3.6791464295905394,-2.410194970752805,-1.2172124719341655,-2.693621063206086,-4.7776104227798735,-2.5800785675784015,-1.0396206875429208,-1.95253445520698,-0.39708473840302627,-1.7653587888610194,-3.738075903499374,-4.826260173170111,-2.069189232488762,-2.692139657916998,-3.253868209866678,-2.4187584599186835,-3.961794006949805,-4.499589188059783,-0.5085919381490911,-3.0459279416147647,-2.5459831074338286,-4.205803724577319,-1.1652218066049629,-3.672583626836993,-4.143896837813177,-5.060255912351304,-4.7810134319517905,-3.033826134354481,-2.958741147371994,-4.304357643152532,-0.47951579838933456,-4.481004498948107,-3.9706922318546316,-4.017555120167799,-0.8708101407169699,-4.3518472087801925,-4.935189468358828,-2.551017286819217,-2.4497879851749316,-2.7623903826307683,-1.5821581126159274,-4.13429536797909,-0.7186948952029223,-1.6842964230759014,-2.170799279104691,-1.9661876223970778,-2.61031854562771,-2.934421614348342,-3.501448577946031,3.0,1.0,325.3440013449527,0.47889685426634065
348,-3.8664462480894226,-3.987265664577133,-3.345234436911397,-1.7962546331933016,-3.4865870700236545,-4.571380327781993,-2.942481332882598,-1.1123184117291234,-1.8423880398192856,-0.4786941086583112,-0.9636207339657791,-3.392154430305346,-5.431913626896525,-2.281803987103827,-3.0278857379629374,-3.770620587236116,-1.9301833722136779,-3.609529226103312,-3.9654214864622395,-0.46212095349878124,-3.8093278504885904,-2.605660792009204,-3.822231812166443,-1.1049926091870084,-3.751871389315162,-3.966760622713024,-5.569310796256225,-5.352010689342307,-2.3927056124189234,-2.7493861923987004,-4.722302918556771,-0.11834262152353964,-4.787611503710933,-4.2048775785443135,-3.7388917977039666,-0.7035479181694854,-4.89879696988537,-4.532378991873769,-3.189844169890594,-2.7412915819050796,-3.533268894781957,-0.9533330089268343,-3.8190818464178937,-0.42503427363801566,-1.4945846644672731,-2.310194185592172,-1.2681331511169316,-2.5910283315520197,-2.6162400560232872,-3.5893097501438573,3.0,1.0,385.85042273202663,0.4919893541323852
349,-4.698290194417655,-3.690182150530874,-3.0347497915711683,-1.2591844948874986,-3.0064501359520928,-4.974897507986746,-3.266225440043898,-1.289650783195886,-1.9560915693313323,-1.036601875526901,-1.1926324420009942,-3.8276328148977465,-5.130840593395935,-2.472251998777653,-3.688535348285389,-3.6871425756241902,-2.3099605140810566,-3.5919525724248795,-3.9199242056333037,-0.265613409739358,-3.567047098625626,-2.9671082084600364,-4.108740099076245,-1.5525713891713215,-3.965233855590567,-3.5093656521196372,-5.063492540201314,-4.867498779696404,-2.3636422528319336,-2.507534527110425,-5.0513357371109535,0.17349417198726425,-4.077657734979947,-3.930869345444977,-3.8624334223626136,-0.775489631675173,-4.781504349266944,-4.798647417914104,-2.978391544957609,-2.615159672436599,-3.0948673904570625,-1.2669085245199843,-4.258615104898655,-0.9987896818787075,-1.7018562557560666,-2.2071084671690153,-1.9910907180395019,-2.9349260078789476,-2.1181351481377035,-3.992307794080916,3.0,1.0,378.50107896185096,0.6960846159684444
350,-3.922959057106899,-3.63173928148172,-3.173053342987301,-1.4193062320417607,-3.3567590530003755,-4.826717373670398,-2.8279825889548165,-1.9090118527906532,-1.9221517605363545,-1.6840413114848176,-1.0797433933608578,-3.550599186523967,-5.452951150361473,-2.6026446943335757,-3.517845604763119,-4.107566324577051,-2.0328937809028176,-3.987917110379097,-3.834308989912482,-0.3693605656183661,-2.700325126502542,-2.284979239995091,-3.6934770595012276,-1.59863583484572,-3.8802603182335176,-3.965846977131991,-4.556035547102707,-5.149732496162725,-3.1337385420216033,-3.220330542070669,-5.287203950859477,-0.8215179520733162,-4.348199563211033,-3.587332673134543,-3.5560078393518357,-0.792358724524711,-4.529499492351879,-4.751385008506269,-2.9704355756187546,-2.6325014354081433,-3.0259703093418358,-1.0610418219247417,-3.818635266831354,-0.4398956576671039,-1.4575427170329123,-1.8622006057080216,-2.138688684237888,-3.137540746485385,-2.9124098464375163,-3.6112310826349256,3.0,1.0,368.887759780111,0.5835893509351456
351,-4.098739635612825,-3.5408635435153335,-2.988843609932875,-0.9047900707818188,-3.3788413385873386,-5.116616805173575,-2.6877066678978787,-1.679566853218664,-2.1242148150944975,-0.9778135830030371,-1.0109484740896848,-4.088401261508855,-4.537935717435915,-2.6560772830651174,-3.3722009351551,-4.260558190309354,-1.9520932039087033,-3.5420836701688163,-4.067634525801303,-1.3438933543188751,-3.0082666476157804,-2.7559361013176162,-3.406562331175604,-1.3576667075955535,-3.445211763998064,-3.8571421374804387,-4.998499404688254,-5.315188372342545,-2.5310929511896196,-3.3786683705961407,-4.475332242758001,-0.675310606642411,-3.7664989741942976,-3.3603720673922157,-3.6640588915913024,-0.9639285724793588,-4.55312335133536,-4.839916894586145,-2.840019427602005,-2.7861603390390988,-3.3299471677017163,-0.9051726708119496,-3.975059737485632,-0.8043569868502096,-2.199932269026268,-2.618288915175082,-1.5191563676367685,-2.7779088661758733,-2.137704887531833,-4.206134986617111,3.0,1.0,342.853518807079,0.6121294254014757
352,-3.609693754062019,-3.7000368320563903,-3.2902430403812195,-1.4128405579914936,-2.979390562030263,-4.832483744647456,-2.481354060780129,-1.257191796455259,-2.513247420043802,-1.3223337031854114,-0.5714659354784488,-3.2725024407524748,-5.212370301344818,-1.9189688394928806,-2.708652245806425,-3.9261956861547334,-2.5122226201509283,-3.2835242396157316,-4.0950586579175825,-0.803007437569679,-3.0479508088464446,-2.4185316565478447,-3.172201649520271,-1.2232712426777959,-3.4140678575130425,-3.335957597320319,-4.759241955650849,-4.475175741599169,-2.4288527571200724,-2.425117846245413,-5.120321974132482,-0.28310813628744325,-4.756352648883744,-3.586257408545069,-3.4022455872450745,-1.134142692948778,-4.654982578986866,-4.8942063898498365,-2.41295817320001,-3.0425700707667787,-3.085131659105973,-1.3199773645254311,-3.993527382282105,-1.1474568945194512,-2.1944926322969565,-2.8009958610297367,-1.6776565140214845,-2.9586993144618745,-2.757515727126093,-3.7243138080118654,3.0,1.0,288.36573120571035,0.7849407824573404
353,-3.8864013136930233,-3.8799324044316905,-2.943774300315825,-1.1242009070920977,-3.631248853420381,-5.169641781535558,-2.8957861238591316,-1.244939784018725,-1.7582742368149868,-1.1636024711418245,-0.9155544772251921,-3.5077295073561974,-4.987501346710886,-2.3899439185346303,-3.094881055965515,-4.5430365354952995,-1.9678562149692373,-4.218202188043034,-4.191581889064701,-0.6340701385937024,-3.2529292954894267,-2.314379918800453,-3.807264607002502,-1.3201690107979134,-4.01657048842812,-4.446286862406705,-5.106797903734507,-5.259232492029311,-2.3344828974400134,-2.871609316049025,-4.763275683266681,-0.18961855033608238,-4.605416704927922,-3.543413586820649,-3.5929102485848223,-0.898688806437396,-5.230863349442985,-5.096063022457814,-2.980056322620027,-3.220195810048557,-2.4836760244223077,-0.9720217296847657,-3.758513314178133,-0.657635013616269,-1.8297676270576022,-1.9477751095111102,-0.7357305076476959,-2.453650008114328,-2.732988905998547,-4.414530768195847,3.0,1.0,416.63032259589914,0.41708670604252385
354,-4.156132908793075,-4.022953905878886,-2.495832241811279,-1.4339449757612641,-3.3879603273615677,-4.8314078870238335,-2.9262195238188857,-1.342289978188206,-2.261685016040977,-1.3825493228383694,-1.622998474580188,-3.065784322000738,-5.337761137318145,-2.0151673811098396,-3.403683949522863,-4.289923757118825,-2.0423565968697885,-4.1457393057961935,-3.3989690835499067,-0.7941372243280921,-3.224402589620268,-3.1834474235450663,-3.4950931222747674,-1.293221691688584,-3.481974792208463,-3.677949532158731,-5.500660699415592,-4.352719079002982,-3.0151358840184495,-2.940179245459748,-4.744931044081818,-0.10030238899827926,-4.800053598949407,-4.184188333335069,-4.1833430242282885,-0.7668355872928706,-4.494185110469546,-4.879307328509418,-2.429827308011141,-2.649885157391869,-2.9596199502605334,-1.3478684275834802,-4.032472380325961,-0.8375873688100034,-1.9475646206406998,-2.5320151900898393,-1.4398263787738392,-2.623694369375991,-2.725388224717552,-4.09471188291843,3.0,1.0,392.2160530828488,0.42786086475337
355,-3.937409700373225,-4.090215909335889,-2.7921996527927035,-1.441502771616083,-3.4952891779329596,-5.263014879605563,-2.7867440883122256,-1.4288456771950226,-1.902668232393913,-1.2589109937526843,-1.1441832497358446,-3.0300042541500183,-5.437604860575981,-2.843966395067547,-2.6845008010090345,-3.8988867309920106,-2.160123099851733,-3.61974162841382,-3.76874456363945,-0.34465410055227685,-2.8562263473318024,-2.8434653924744095,-3.4919091441303376,-1.3012670143995835,-3.3228530559247473,-3.732088147309299,-4.962214252084695,-4.3231163970250055,-2.490484544196621,-3.2102069159710145,-4.99583476687686,-0.3198075332952802,-4.537190626342703,-3.8323732524424416,-4.052772666601974,-1.3588705298747854,-4.5023598069674104,-5.2371511498160395,-2.998417909795331,-2.7795345896791352,-3.390592755466228,-1.9517626880176326,-4.733847087386739,-0.5667456652521456,-1.6110231819432106,-1.7398366416839113,-1.7724933561732275,-2.865900452173159,-2.2313314070458223,-3.8007723006957743,3.0,1.0,429.7560333060031,0.06638762046471536
356,-3.8766476404421466,-3.642010286036089,-2.610667831002801,-1.5590082417578448,-3.2932538656732118,-5.011710475141622,-3.084221757575749,-1.1362923934396947,-1.692548822551,-1.482615403818659,-1.0390343468735403,-3.2141892811473,-5.211338689281917,-3.07990280428415,-2.7895125392173554,-4.60536864301705,-1.6592941858247277,-4.074697683803393,-3.6009373545559606,-0.47521804197665496,-3.513611966876288,-2.8918659356275844,-3.244084746841356,-1.2408979006421292,-2.8076972344652806,-3.5539571961261127,-5.110106198494275,-4.23880336204364,-2.419991765798289,-2.7050435765605028,-4.862133446328901,-0.7155698455655282,-4.407555724596886,-3.9952940556650414,-3.70180568924255,-0.8188151344728288,-4.697046315926053,-5.262898344271702,-2.677225715982415,-3.350507415086596,-3.456378950412352,-1.1177823905977904,-4.199874667612655,-0.561967649558527,-1.9496810938991593,-1.9510323131935505,-1.485875919423698,-2.12214667998175,-1.6436826281016175,-3.693812916687679,3.0,1.0,407.06554543903246,0.015246582232399941
357,-3.6096789267673897,-4.045689239540675,-3.278396614750649,-1.229856695858812,-3.599946027083629,-5.249417759724061,-2.856876535557219,-0.9309638484952871,-1.9110571082649705,-1.4557514972524557,-0.6352191299806522,-3.0941393296998196,-5.231102069002115,-2.1301184725689617,-3.309332051561499,-4.089938336870076,-2.0118771017711286,-4.8686060917517615,-4.150904452376255,-0.29850792195785436,-2.63420827208488,-2.65501743280191,-3.4486069315793157,-0.940733719869019,-3.8208460646686784,-4.056613489883298,-4.858101473641645,-4.762365500732935,-3.143995083055742,-2.685498144203361,-4.872153173855604,-0.21142138066097926,-4.555479196128472,-3.9645629383947973,-3.8846630175289345,-0.7324101007700508,-4.889787742580523,-5.094436675227757,-1.8506316100782592,-2.519454384502624,-2.2928403499405317,-1.3534312063809184,-5.181642496264086,-0.42213762422560097,-2.265364417203103,-2.2027624201567018,-1.4542307952856326,-3.0676318792244586,-2.1958819970568615,-3.622183116648137,3.0,1.0,420.8484969984857,0.21134312648947562
358,-3.985377590329106,-3.575080502329261,-3.0957507862370544,-1.3643409377510232,-4.037815970727316,-4.83265930850969,-2.8856834930978805,-1.4396006100289704,-2.328964213215146,-1.0856989309674492,-0.5412626823676474,-3.380539070924256,-5.021393559697779,-2.4353701528852176,-3.574777032686365,-3.8943527709086925,-2.5351413860056367,-4.1142348363016294,-4.187282696366635,0.1523578311733479,-3.2095925683717366,-3.121539706489077,-3.775491764641952,-1.3135263756505948,-3.3197288379962178,-3.829789974304188,-4.873955318482761,-4.9345170605246595,-2.9151700228397552,-2.544607990907014,-5.053462820634991,-0.3291692360177858,-3.9171154501744523,-3.2492766139483207,-3.1836543887030686,-1.247411796554149,-4.951177716878715,-4.931076698077661,-2.6395564398409825,-3.3004352177893104,-3.0750837089202077,-0.8058197498650363,-3.963819631753434,-0.7762115289974448,-2.2216687879376256,-1.897806481036856,-1.0662323394068396,-3.048687924996666,-2.623778096379885,-3.4892371490387886,3.0,1.0,354.43569627294613,0.6165778113208558
359,-3.5351741312837763,-4.066198094006407,-2.580250290272779,-1.8137171830689762,-4.022225022562345,-4.870849868867515,-3.0167926624715182,-1.5645926662851242,-1.5559298110444222,-0.635691316856748,-0.3625675588985472,-3.515754192369133,-5.149849277151493,-2.0045472616435744,-3.533988229708384,-3.522669561697708,-1.9808643426009476,-3.553449326153414,-4.3958233386993015,0.11980793384314248,-3.079055355755523,-2.536521935103667,-3.9393533247258703,-1.8141032714252066,-3.4139672573319726,-3.3218131331839658,-4.873975024921828,-5.16991608241912,-3.0576312020752976,-2.292278690542491,-5.086596350438519,-0.5632761603983137,-4.23877346645945,-3.8007023935390314,-4.089470842645089,-1.1437105651650241,-5.114637343045237,-4.801560128958776,-3.2244656812773087,-2.8930989661412507,-3.1896389853386005,-1.2962869876152214,-4.353566838398662,-1.3946285943960355,-2.2997410017935525,-2.9228087707557036,-1.440702553977535,-2.731704392880712,-2.96446310756903,-3.6178069584009993,3.0,1.0,363.82230586250074,0.7757120072984773
360,-3.9851539572219017,-4.2771904163641254,-2.847555225344685,-0.702653964608649,-3.532592919083265,-5.255398242954137,-3.222857662020467,-1.9454373634563589,-2.017921545265546,-1.806188226564246,-1.236418415849899,-3.315028033954766,-5.158484472131666,-2.3248137429501705,-3.3858231396688123,-3.5893156124529852,-2.6443595308936745,-3.1961454739961397,-4.1699859490681215,-0.0978767950579904,-3.3753040015180105,-2.861149445772064,-4.011464429684839,-1.0191408305216205,-4.15302098666245,-4.063747958586452,-4.966934166572828,-4.650672211090928,-3.0415227077329217,-2.6677821481202755,-5.217970664521801,-0.6643879917173403,-3.57761050488966,-3.5475606659661483,-3.727000434946587,-0.7317891420639647,-4.383392836405311,-4.762376266926886,-2.3470776001005698,-2.9271636309440345,-3.264978820112457,-0.45929721874056006,-4.087506945081258,-1.0325861590307706,-1.6615387570509899,-2.6422850960743816,-1.3880206005342177,-2.9660133620086704,-2.1609803006169868,-3.6576469969027174,3.0,1.0,393.7821672154022,0.25178376009375303
361,-4.098552823029046,-3.958148433191297,-2.753801582348023,-1.2368367571470373,-3.33980944112463,-4.851090144218661,-2.3999752450428984,-0.9970062852944139,-1.8471043743838833,-1.0369624692003203,-0.6258509693737461,-3.995416085794964,-5.002210691922703,-2.8114049763286957,-2.672266051526581,-4.1488097183170245,-2.242906852269911,-3.935990143224115,-4.54359740910424,-0.18524459873236993,-2.5143178626661005,-2.499937206130334,-4.035193436248925,-1.612886895098975,-4.067345408455015,-3.500036287783634,-4.566753753644098,-4.652017531185464,-2.6178446613780526,-3.0632549673498017,-4.732879956187895,-0.20954221235426448,-4.413461716823586,-3.8687702166750744,-4.05931914278117,-0.5437097734274481,-4.751378948707205,-4.8978525335602745,-3.5441591117656945,-2.9044499224089497,-3.500505602149455,-0.5826945787896445,-4.550339661712981,-0.6153744273896573,-2.2371488004931095,-2.6986954764893123,-1.746076139917082,-3.3192738680143696,-2.9846061178880765,-4.061999207029614,3.0,1.0,415.1604895860243,0.3987787630134329
362,-3.710437178129352,-4.321915922739411,-3.5924940891498376,-1.4033191624785746,-3.589254744238912,-4.951555549581695,-3.6609159145092547,-1.5294868762399174,-1.8978613019078734,-0.9968544982988634,-1.2123140323670853,-3.901601414354475,-4.893484743744322,-2.927599408361262,-2.780322544595589,-4.071605269924952,-1.9839104130336798,-4.337224869979325,-4.447208102478429,-0.5398826965610624,-3.1099283011361933,-2.484004399420429,-4.320767654797692,-1.1715723674633869,-3.060672886389136,-4.14500896798221,-5.2423443764456605,-4.709569603012956,-2.241743537228511,-2.4616166982215044,-4.685343249429862,-0.2416297132390232,-4.346925261915178,-3.5032855018481746,-3.6481008064274203,-0.7095687948818538,-4.756340410529043,-5.147021346548618,-3.1005259443794144,-2.7816239914900223,-3.298149955153111,-0.7618355340158192,-4.4383966215972155,-0.7628907149905121,-1.5431729369315712,-1.459682287838644,-1.4939362322910958,-2.635987524939003,-2.567575311249704,-4.252583681954382,3.0,1.0,446.2144463202128,0.16259424376805118
363,-4.469472756563617,-3.7647869010612203,-3.23127022841714,-1.5824081280403814,-3.9272188240441555,-5.5960986597034115,-3.1297989853373482,-1.590550153715576,-2.0646727946211545,-0.8817806377300941,-1.0248661168565687,-2.9501731590930866,-5.172135504260085,-2.3090610255952115,-3.1471478741636694,-3.7369666559504533,-2.1444147908688915,-4.042311913555265,-3.871859009091234,-1.0674256149058425,-2.994683699124972,-2.648027938295908,-4.79403206185763,-1.060877851863057,-3.945861635330667,-4.298331146076497,-5.154952357059104,-4.947361510499534,-2.3898875041978593,-3.0618422277884747,-4.392864096806589,-0.34246251447430376,-4.560472814387076,-4.0704521179181326,-4.056487650350656,-0.8339150550702452,-4.463628806250494,-4.8984930371526625,-2.5325867060866054,-2.8266409837407314,-3.3994911773428225,-0.7646555803357511,-3.6778651630864627,-0.23857759443347226,-1.7492453923447506,-2.0127677187870576,-1.6912481275396274,-2.9060162629538677,-3.3141153488398896,-4.255461137527974,3.0,1.0,428.2231464602761,0.5473811279377939
364,-3.9160431946627896,-3.532805267050387,-3.030697722914564,-1.3155203010752186,-3.3352460484003146,-5.365154736864403,-3.181655645684849,-1.0591954908383119,-2.371015805046352,-1.1287828372441797,-0.8395856539222595,-3.334994762475022,-5.033462361565412,-2.1927189228747728,-3.1200149339833314,-3.6276624928521928,-2.0782110463802996,-3.7931439643718514,-3.235879682690003,-1.0240906271650045,-2.6773851501194756,-2.5215241881197272,-4.494503894309457,-1.2529289916766038,-3.5877606246829257,-3.4116242555359055,-5.4880385738832285,-5.020976582287613,-2.7904574496643235,-3.0959673653907864,-4.481986937264712,-0.023182559165908057,-4.8694235678125946,-4.444942659352683,-3.832109308441655,-0.9386997651869721,-5.514359442445198,-4.566851646215607,-2.9359774485383294,-3.409186428110705,-2.9739050712817328,-1.3267502388743908,-4.8056728221261995,-0.7874830983065876,-1.6974686843033027,-1.9345251326697304,-0.670941313595152,-2.9077707433045528,-2.4241888563232195,-4.281570861738417,3.0,1.0,388.3099084881112,0.6696382413520892
365,-3.1510744255530954,-3.0345497959407486,-2.6554828076221257,-1.4818585452170665,-3.540643493103804,-4.632872756375079,-3.2939603393139856,-1.3307053160310183,-2.327442596228159,-0.7765431575866606,-1.0746094304054785,-3.298751820535983,-4.741506472698005,-2.3437932230984875,-2.9500519472023536,-3.7384806802592174,-2.3280421576831207,-3.750407543892787,-4.476944774756644,-0.10019579747428498,-2.704568812073052,-2.6654275696938172,-4.224359008070054,-1.5226197009822544,-4.675597177532825,-3.726483504321171,-4.94634372575317,-4.487402010962811,-2.4487329303991516,-2.5275628244400172,-4.820548770003912,-0.3664626794742666,-3.861059124786796,-4.4077181037056015,-3.8103685766610607,-0.8148396853724827,-4.8136188342938855,-4.994770843255633,-2.6072604799525334,-3.396986275973479,-3.091238928066904,-1.176357146352849,-4.440149721634798,-0.7976863540884228,-1.809694247394565,-2.6099689781629793,-1.92885169405206,-2.7093752702203995,-2.6764170894261183,-4.237616242141853,3.0,1.0,351.3819769446568,0.6188965722361832
366,-4.13457189986595,-4.004175058469576,-2.698494456670483,-1.8284888241887765,-4.172013209912954,-4.527274253716098,-3.0505425781213282,-1.288814314110858,-2.0732364067973306,-1.5355543150417021,-0.8538704634050651,-3.04888760997874,-4.559182882816459,-2.264546421609361,-2.7224742233495594,-4.04272134459879,-2.337031099092866,-4.296021684464056,-4.583970022793651,-0.7940972518426093,-2.962067312318068,-2.7247868936617503,-4.266803805025764,-1.7056893627425558,-3.297437143021213,-3.7840549627663456,-5.0681211542511235,-4.947241781844521,-2.890081316432064,-2.8536396756744025,-5.078366747868113,-0.5908258834789764,-4.287820773109917,-3.191892290729103,-3.848271633873062,-0.7633378107735473,-4.164500328734159,-4.686217043462835,-2.3932472423568183,-2.879067350578805,-3.423771616647805,-0.6093115038271659,-3.5077262316820117,-0.5220830352710659,-1.764507889876519,-2.0195413870483847,-1.1801974672387787,-2.6666679031106706,-2.6347766885037975,-4.082122985698745,3.0,1.0,369.779513462903,0.2657528250788227
367,-3.175191470237167,-4.13804034989741,-3.0384527251211795,-1.466012348863874,-3.0218196993819335,-4.9327534482712085,-3.6265557984210206,-1.1038308130407066,-2.2603947723007,-1.4305637804109042,-1.1032893842157314,-3.471424888446524,-5.355649130860552,-2.4333091279008037,-3.0196336204197145,-3.8119076829284677,-2.284642047302362,-4.006515432993997,-3.9685427944357556,-0.6328104144319253,-3.380759561150691,-2.1533634581286405,-3.6919720638397457,-1.5293695800193232,-3.8258807361668916,-3.7211446391618845,-5.072376837549979,-4.329833362393885,-2.886732553498507,-2.9490371704289,-5.27744304166551,-0.6251610532657643,-4.149753422734861,-3.893378758338082,-3.370154863308563,-0.6111680575195916,-4.573924701480375,-4.551231495683108,-2.426086814600815,-3.795408029780906,-3.3895913942283618,-2.0159018652162324,-4.180275493411785,-0.8659692618727876,-2.05216528464856,-2.1461241582244805,-1.6697323337598107,-2.765181042574929,-2.803883966585176,-4.297387405629823,3.0,1.0,429.0204211883926,0.11183244329285254
368,-3.6303538948470053,-3.1835032887593924,-2.8320161827335437,-1.1504434085134871,-3.1069495509244636,-5.205960253723592,-3.703426153041438,-0.7126248497076227,-1.5800670232332727,-0.8059401036582587,-1.110555119713196,-3.3578739212211026,-4.213457218665336,-2.4024676626612282,-3.3300389859415147,-3.817553283988922,-2.162914883194187,-4.466225829367278,-3.9655495714828843,-0.5179737280423395,-2.589387218839643,-2.7588987342190348,-4.204306219243247,-1.406603706762597,-3.6479634228776376,-3.9694218272276958,-5.065765991644812,-4.983094594053431,-2.6502690351472835,-2.513311697687037,-5.0235731332296485,-0.43400801470137307,-4.375199032628543,-3.7913082805979528,-4.23122672534888,-0.8872169089729149,-4.418958280052778,-5.515100051054357,-2.276144631872497,-2.819928180094331,-2.272367301868022,-0.3817187451381516,-4.019937218848321,-0.35772569029036183,-2.57700238406816,-2.18239917676793,-1.2251248790565477,-2.3031833800740316,-2.4920999514553714,-3.5414698374627904,3.0,1.0,370.3498818630949,0.14518554472102238
369,-3.814036035951929,-3.460193959189498,-2.747852524651462,-1.135090552115249,-3.716854655412278,-5.04531328648226,-3.77008255144072,-1.756494597783142,-1.1404621572574358,-0.3743778078758643,-0.6450529211939764,-2.795790842157959,-4.828476796652241,-2.702620350461383,-2.670138896300567,-3.8378684743518376,-2.399394899071199,-3.73845854328385,-4.714831632130967,-1.002299385495896,-3.04833917801377,-2.707230078703719,-4.0916252635732375,-0.859378295535483,-3.396616208453907,-3.6482183086217708,-5.240991745940732,-4.550071931899425,-2.5593515862188716,-2.6352983116610478,-4.596558803624562,-0.6829999644021464,-3.849680569498234,-4.026278329570442,-4.612830384870124,-0.7298906356185498,-4.823341886658184,-4.940175374757357,-2.0666830587124854,-2.565618375460237,-3.3204302767649767,-0.4085468272362597,-3.3730172398249696,-0.4394964086117084,-1.5840229719280925,-2.0742752656982657,-0.8685367494700571,-2.5921243999953085,-2.4330739628575615,-3.555006618899052,3.0,1.0,308.55621003637674,0.6177210914058155
370,-3.82812017493705,-4.162339965562846,-2.998910866700982,-1.1328382147510223,-3.343483442440797,-4.934862387605767,-2.950228645846418,-1.8874990547322557,-1.9541943535334056,-0.7580961990806749,-1.3171965679946953,-3.1256043721400077,-5.169930380076717,-2.437684954187957,-3.0717764480293464,-3.843409370423728,-1.7595944177185503,-3.878947507994203,-4.0054908121681025,-0.04473531584302992,-3.2062269750185606,-3.100511718555116,-3.76169775956471,-1.2913836965247982,-3.2729374743529176,-3.948016265856061,-5.192261366832469,-4.521007650406645,-2.550471652650209,-2.770465909661672,-4.3183081685355456,-0.24715806997114104,-4.276939260390637,-3.3101109944668123,-3.428569172084747,-0.7677042204920026,-4.158364331298676,-4.206625751450064,-2.305771811679157,-3.0828008792752613,-2.303077483002635,-1.1393601502454545,-3.75027454337232,-0.6578052171990371,-1.6098044200867452,-2.1135652107124163,-1.432621272470961,-2.7115315566574814,-2.3877065379920435,-3.755504013166566,3.0,1.0,328.39909089773334,0.10008510903049431
371,-3.5799637553208346,-3.6505068632421587,-2.7242925645906855,-0.7579535746045241,-3.2955244069647684,-5.096898463886068,-3.830124106662476,-1.6793821132052325,-1.5018046886384542,-1.618327448759008,-1.2230853452191717,-3.6636031057992033,-4.644902453982037,-2.2557302247892697,-3.0236471765348463,-3.0778725723113065,-2.0306142268101586,-4.128543220709427,-4.241896595678158,-0.5124260556885812,-2.7806606585447384,-2.5645554023171213,-3.5708208946376065,-1.5041209700920146,-3.821280340053666,-3.449046269134201,-4.862711637137543,-5.296134898456643,-3.0763222387829896,-2.6269874955360026,-4.372701609833158,-0.37849995876428566,-3.982819495450123,-3.839921138602021,-3.9447243925639057,-0.8791725633869574,-4.484079454501267,-4.601196315645419,-2.0226919578061926,-3.404397785737725,-3.018063419815315,-1.0831264450216167,-4.107563842411103,-1.2155904218571443,-2.5900492875084935,-1.7186631654009918,-1.453706783139451,-2.412011569463351,-2.1152395266081365,-3.4952711090979314,3.0,1.0,302.98131353776546,0.6491127274384692
372,-4.4812759762692735,-4.1362668667684765,-2.38295287244543,-0.7570335077108336,-3.5208841821768555,-5.579175229113134,-3.0711357312572334,-1.0956037911252796,-1.6657465207911484,-1.2609268258748565,-1.298663043242932,-3.9887139091493347,-5.000847535500821,-2.3682042726870898,-3.647612911578716,-3.3582543557974778,-1.9546318033755543,-4.322590479658616,-3.986042855392498,-0.1446299433857679,-3.3697600620070935,-2.9717592121088887,-3.6773123836632036,-1.6087624049354994,-3.7957485364282317,-3.9368729907041526,-5.653889958053311,-4.9140565736547845,-2.832591396284379,-2.914799681111525,-4.132607393265895,-0.38534928043131506,-4.8829556547019575,-4.336814911003791,-3.79990109958,-0.45773615199883255,-4.124568844192571,-4.813619750467531,-2.3738713424320697,-3.2760829786834686,-2.7233563312405695,-1.269863330530971,-4.786944977295415,-0.4772892546087013,-1.888423097799193,-2.3223307137212323,-1.088671125629492,-2.919877267664037,-3.1956587152176716,-3.456664083897978,3.0,1.0,416.71182689412103,0.559575016763796
373,-3.7139717846798885,-4.295831490315003,-2.8932498959517603,-1.4872459372278781,-3.4651499791816356,-4.786976049383978,-2.9589529741376666,-1.5719139854422437,-1.7901626042119356,-1.0726181657254412,-0.5722667053732875,-3.613716346808508,-5.361781297196531,-2.4235918454828345,-3.4461928245336164,-3.47795770023215,-2.4727167373516745,-3.9881035107523513,-4.6237067478442855,-0.4672100743273135,-3.186932723354306,-3.0156197478597475,-3.8667622000196307,-1.0180499751463847,-3.5657216021832894,-4.000061929257448,-4.8098295253086665,-4.2935590302339515,-2.6334147051063277,-2.6715288559271126,-4.200961225113712,0.299722070456498,-4.655039641788226,-3.732183057632523,-4.419308038543778,-1.0232433484068926,-4.795389434350624,-4.68903741754337,-2.361214643111885,-3.1090006526702947,-2.541368643757966,-0.22364414543005084,-4.612151968856041,-0.7039472792661643,-2.226318993946007,-2.0717695147212565,-1.722054148320924,-2.7200352047165834,-2.3914677359879457,-4.120652477327808,3.0,1.0,369.8738359427505,0.5543497709735818
374,-3.5477413676687193,-3.3475107401080226,-3.0569266221648914,-1.0525170297236637,-3.479721692658865,-5.170450734134341,-3.1355816274601245,-1.5928156215565112,-2.143811985005512,-1.1601955627962186,-1.317652336495161,-3.7870960548665127,-4.775737795616504,-2.292063425183879,-3.876077784237782,-4.2655443830028075,-2.0755424236104285,-3.683760682392465,-3.9438503728809553,-0.6436098062228585,-2.978066119635185,-2.6297285344184074,-3.7956816660234862,-0.8638991211255752,-3.3057838074251134,-3.842945429965391,-4.78001248961519,-4.493905312634759,-3.0031965145941424,-2.7238512814685802,-4.604572887887162,-0.6772486544970484,-4.4641994325804,-3.5113683084769405,-4.349823927486598,-1.0549223342378518,-4.528500829241178,-4.8078750408341655,-2.615743334143911,-3.293841093086551,-2.5952378942870693,-0.8483741011956573,-4.537768026197071,-0.7925389148107045,-2.3763981509935177,-2.7316799748196545,-1.3959561711030133,-2.01304337979566,-2.2695405284300114,-3.2677348542357985,3.0,1.0,341.33202768591644,0.52787039905524
375,-4.218846503823294,-3.9075328915967207,-3.118984075931721,-1.4199561345489824,-3.4957151378243583,-5.466649805650282,-3.0409765328094305,-1.151385885657143,-1.7438382124892184,-0.8833554885470762,-0.8159151317411355,-3.11097373749044,-4.577011535515737,-2.0826662793802333,-3.0512654494195144,-4.28844886836131,-2.600712432052887,-3.4778890030436047,-4.7418074428429815,-0.5799290585710927,-2.961687417621368,-2.87929978334547,-4.178682094145455,-1.2364795666844062,-3.552025496676788,-3.846325597176495,-5.099964856314205,-5.339243499343037,-2.2244793419948126,-3.4759551585454704,-5.015616331870093,-0.6405949607367699,-5.013177073598818,-4.240036356369382,-3.9743720000475564,-1.0074733392118678,-4.8939177051741485,-5.133593884989487,-2.29241947600482,-2.7162762193197696,-3.189447061834147,-0.8169209023494726,-3.9953784901100846,-0.6267883326622755,-1.9781915537131969,-1.8413196548277835,-1.8523993749874816,-2.0629782879238987,-2.6915873345372683,-3.8085449543370036,3.0,1.0,395.1903539741842,0.750829829920978
376,-4.291795817595855,-2.9164479684256346,-2.7448647294130293,-1.5550112514515202,-3.866017644683931,-5.086067354800536,-3.493963830314872,-1.595294384882825,-1.9010936943080907,-0.7944001187147102,-0.4829472574562328,-3.6431638842889162,-5.555467397527199,-1.6093381593125198,-2.58582382525136,-3.7405860582066164,-2.19590063200756,-3.8234458302630636,-4.079211984184652,-0.06919362846853605,-3.5279090405033746,-2.6205539389018737,-4.0857457357549505,-1.3638243283311293,-3.7238795472209625,-3.83974865079579,-5.388706486309445,-4.284356419947187,-2.7137197225294876,-2.916025766695655,-4.401690170925719,-0.28272335585500374,-4.592401965058925,-4.103747813011267,-3.7700342437376184,-0.6130133428008475,-4.6779191957394906,-4.918438436651143,-2.8357199705154326,-2.9212743954583282,-3.2181320941120375,-1.2301020167304253,-4.2658695760955085,-0.6820123993325569,-1.8850258591616464,-2.326487246610593,-1.5163910495020712,-2.7296077710539253,-2.903058506956199,-3.33244522819415,3.0,1.0,360.3861726352522,0.6764334451429468
377,-3.7466662644346624,-4.042964497130273,-3.009241815524858,-1.0228759206138702,-3.8834352414551354,-5.023288771803059,-2.8727275933179257,-1.4191503845917222,-2.2025788366326036,-1.1963879458455189,-0.6761341885166636,-4.219199520045048,-4.647021598802247,-2.317244901255395,-3.2952067315010507,-3.8658738157782073,-2.3276356189543574,-4.040809476430941,-3.7184877322460514,-0.34771250159507283,-3.052070948826482,-2.092218269623414,-3.7139381018338318,-0.6131248063549464,-3.050595796310591,-3.517810267837398,-5.08019235427699,-4.7221948773577145,-2.8501201564372316,-2.7882974621916365,-4.93732281044705,-0.7252380281552401,-4.096306907917374,-3.3540106241670893,-3.6214626277208763,-0.42957662642374106,-4.56261872735716,-5.276710925754246,-2.581112603240858,-3.2013821557700357,-3.1020947714790017,-1.1265287097710583,-4.457024976431736,-0.23024537493470726,-2.034224456444587,-2.5327306236076406,-1.9134850309588771,-2.6305310592203215,-2.5460475133895257,-3.853558198744857,3.0,1.0,379.5060304231451,0.2294303867304328
378,-3.7062896181274905,-2.860208141420212,-2.733190566565103,-0.9290225099232976,-3.325874645417436,-5.132826926208766,-2.80532012087173,-1.7426292600901099,-1.5251103601291205,-1.2173469769361347,-0.7777922187953846,-3.5610243981440637,-5.545042318853559,-2.552804842588523,-3.136312897257374,-3.957675769374727,-2.6549359740429344,-3.6926277073516167,-4.2121394675964074,-0.02153744864378837,-3.17583383532409,-3.227248011931212,-3.673394937064243,-1.4541648910317557,-3.3494253264929172,-3.840695425936049,-5.373431644131729,-5.087483569817835,-2.8960737524810374,-3.426926657185658,-5.057065052165395,0.002117930461685291,-4.861709278396977,-3.8986983232461787,-3.8604005375369357,-0.4238164243273915,-3.796670162943827,-5.003335687855625,-2.4965295247578245,-2.6516355312270474,-3.2286069668746737,-0.8853382525138775,-4.336954236228444,-1.1246090064990373,-1.6657460289634318,-1.9875144802773854,-1.4339014877327763,-2.9229646529904105,-2.8191841637018964,-3.626796037029467,3.0,1.0,373.5745886943899,0.5835646116215859
379,-3.307946484714512,-3.7411109599888714,-2.5290230091548422,-1.4293935944097451,-3.3447916190146607,-5.404254448482007,-2.6883662097105763,-1.4021431007353737,-1.3800285381148032,-1.5040237361622943,-1.1206396463847605,-3.0413753715846137,-4.686781558055442,-1.9853567196209292,-3.2734228713211735,-3.4933688522971695,-2.0221073561299536,-4.0874711407244275,-3.8129208179054026,0.214283764121463,-2.707650492786505,-2.758364576023856,-4.09021419523122,-1.5133129200455213,-2.948568801587156,-3.7406162185579626,-5.772738178488247,-4.830589787363546,-2.716969468050734,-2.6365100494208953,-4.934917632543164,0.08299881982904506,-4.360973379534558,-3.759050130966917,-3.1725892880921545,-0.699742920139239,-3.861932001426353,-4.869300823939377,-2.403560229598943,-2.718984049219045,-3.2449154491391274,-1.2450393013206411,-4.570274809952907,-0.0561063872836719,-2.0743384917172305,-1.8988890391230884,-1.3120260244109505,-2.157232199107483,-2.517910629796353,-3.5278383852347823,3.0,1.0,314.4398631536997,0.32660675512434456
380,-4.065087326945715,-4.156653830053947,-2.865643491528214,-0.8574483862990345,-2.7531317669414124,-5.160802085763086,-2.399307778285727,-1.3032326778612737,-2.042783284680604,-0.22409169783106664,-1.0235188297883415,-3.4607083676390724,-4.9140292206628216,-2.1875816794406764,-3.5827449582527517,-3.7509290488140112,-2.630831901455713,-3.607036180908751,-3.702952338480168,-0.4448988105588719,-2.9582989446660743,-2.7267452087444486,-3.9168549010383655,-1.9691642369406508,-3.4295599668786454,-3.2515773177538563,-5.030176686173443,-5.4596246935142725,-2.47710123774026,-2.7445102270716295,-4.904242844251485,-0.3717329258807747,-3.9930196180667075,-3.3721426679382343,-3.776814196522692,-0.6887480406461455,-4.760460614770747,-5.094022672382336,-3.296248883618463,-2.9327121990970393,-2.7770395737985853,-1.0494015476507446,-4.613475552889123,-1.1840585567003077,-1.7793761175959608,-1.583757995558903,-1.460821586074774,-2.4804811775748465,-2.5694846372894316,-3.619916767998289,3.0,1.0,335.9097500903523,0.5620790156948157
381,-3.2584683724505425,-2.9716964982468745,-2.282735275655432,-1.047385641892741,-3.311030913046913,-4.782456624603337,-2.7882040391487277,-0.7688943493095592,-1.8267463607696348,-0.3991480560302114,-0.9291366051531901,-3.92580398241826,-5.274784836820974,-2.608234491282227,-3.1150381741079536,-4.408994932037524,-2.024047752352198,-4.161364864872431,-4.214083053367295,-0.6327019961564195,-3.332773055975645,-3.040611374595332,-3.425619265495971,-0.4481123619930669,-3.0490049971816933,-4.387743873914828,-5.225683816671268,-4.029827674963723,-2.54435968442825,-3.008486342783277,-4.95738975666523,-0.32253477835886707,-4.5986419773166745,-4.05284289458826,-3.548013480275386,-0.5502074777208835,-4.629913594193157,-4.994751047153664,-2.6771898216412544,-2.3948221778087833,-3.3948013160510744,-0.7594951247523791,-4.525636808074047,-0.6212883692342116,-2.470262488205482,-1.5737123617278337,-0.8978658316202729,-2.4164618777189215,-2.7710586274130833,-3.459344130159611,3.0,1.0,353.0748327343046,0.23411976326943273
382,-3.5901049707130337,-3.498463596778254,-2.0115584560279967,-1.1183330026926568,-3.4265212451107336,-4.556309730209573,-2.392971623287893,-1.5241414463403777,-1.8489227337059375,-1.3310450762690067,-0.7501882222998462,-3.6146958908935924,-4.748419606176548,-2.8459239361645916,-2.6676902287046413,-3.3129222568111687,-2.4402058337979815,-3.40703823236303,-4.207497175767088,-0.4263269697597241,-3.1597494975225926,-2.4054619772310173,-3.960035374436237,-1.7525420312365627,-3.8464608802112203,-3.8766859678112766,-5.261314767970098,-4.7710632679504235,-2.4760700537857305,-3.169559768935925,-4.884235165075408,-0.41387880620014533,-4.683715121137918,-3.763289122496995,-3.9836738040600483,-1.0634242917591272,-4.788471906470148,-4.97041373788556,-3.057794051407133,-2.245559426215614,-3.359170440272533,-1.2422107689432031,-4.714714680260515,-1.0371915030360035,-1.9731718802754035,-2.0636707845005553,-1.5710118359659306,-1.9914423405753585,-2.6051508464943005,-3.7385797516777246,3.0,1.0,333.81153817222986,0.5607136919636383
383,-4.105633553960085,-3.262633581837485,-2.5195081037257987,-1.167472608216499,-3.3940823340722357,-5.496464554800002,-3.295633537446265,-1.3756873462452255,-1.838811082937301,-1.558360789976482,-0.9258205154126867,-3.765407388886064,-4.566400174866727,-2.2468516514180146,-3.180392846055601,-3.466153683276704,-2.97264081145775,-3.6803613730320777,-3.8922787816007176,0.07597500345172087,-3.2093051901118312,-3.126212644479738,-3.5573630365649573,-1.052741618887907,-3.558222745372696,-3.836656017735773,-5.026077789471266,-4.3703601692225185,-2.9733097370432846,-2.1177741468176965,-5.073466519391568,-0.20221701015827503,-4.565051385473835,-4.177275253982362,-3.9529255252584545,-1.039466761630485,-4.436870019827107,-5.075650318002586,-2.63723669079163,-2.6706304445174602,-3.135473900114822,-0.8447903602368452,-4.337698215086973,-0.5702819979417744,-1.2619901261602058,-2.445329712699959,-1.7348363245364102,-3.148525968580387,-2.1142106524021576,-4.007907094928515,3.0,1.0,411.89599438386296,0.07302261476232995
384,-4.091735116122281,-3.450961719217671,-3.0876803466340332,-1.9415077510039167,-3.97468136049153,-5.348132561547815,-3.25379974489944,-1.7358605544488135,-1.9976184070141931,-1.3608706720009223,-1.4478776502981792,-3.4838196914061084,-4.725487665005025,-2.5389278383472598,-2.167153301978871,-3.318941484716964,-2.1547850792464214,-3.7744180480677145,-3.8378302433530562,-0.028804545590535136,-2.415210661092791,-2.6380510995443,-3.584915814842747,-1.471311301103197,-3.6247559298401884,-3.537115729073374,-5.4779319308853305,-4.498376285185447,-2.0225442077501796,-2.2325570826417627,-4.749331358494239,-0.3041294755749682,-3.940358319408583,-4.101208827028806,-3.2951053806163335,-0.8519934563321095,-4.8822487240680275,-4.647630610318447,-3.3651070333188153,-2.944782199070299,-3.0455766916573004,-0.7523880169843001,-3.8485753217475995,-0.003421458049687187,-1.7246998969747933,-2.1363617266492394,-1.4727996177683185,-3.103792243461923,-1.9784569874898774,-3.8164042736620365,3.0,1.0,332.7212741047485,0.28800642931419146
385,-4.268575487572037,-3.8149646299977964,-2.649590614934017,-1.3055516520771249,-3.3929427111676005,-4.750148775651595,-3.0908608189851043,-1.8150333691977854,-1.9904332479059692,-0.7654686779691514,-1.470331776381666,-2.980453721638566,-5.085919804384601,-2.6822144384290985,-2.6785811335735,-4.095348881731719,-2.2188091349277963,-3.811230184205537,-4.052418542119113,-0.5597872049040998,-3.0481428790477327,-2.159841206140205,-3.620350160520226,-1.2452805655213792,-3.2454422169517994,-4.05501455265709,-5.288260836827772,-4.652377197108321,-2.5545495435881183,-3.1764003134051864,-4.965046338722505,-0.1717599763811245,-3.976431400131938,-3.83317795468244,-3.577278926830457,-0.9824115794913792,-4.4119831025465945,-5.090133524248014,-3.0608425807099646,-2.863275323482131,-3.313204204963376,-1.3925725405127405,-3.7599377778961802,-0.6816860181218102,-1.6228700053270968,-2.4558419576269674,-1.4418770592566597,-2.315122730492504,-2.2216571354002226,-3.7795496977450114,3.0,1.0,388.23695090334195,0.06868034503368152
386,-4.7246339592033095,-4.0481759398060815,-2.5003004671742306,-1.6624441935974714,-3.419980686424243,-5.164393275869607,-2.7490874227577247,-1.5700426586152703,-1.2884765632059483,-1.1547383232484927,-1.0678329354573508,-3.459571994872804,-5.024386120479103,-2.30234829072397,-3.1280560988538197,-3.426429951448835,-2.6471268139317314,-3.3906648593138566,-4.395076122242299,-0.5803132986930133,-2.8125613696128666,-3.284412034215507,-3.3859668029382917,-1.5900684803798686,-4.015888727421896,-3.8928779286667825,-5.232983152006336,-4.988276670016567,-2.890750375613206,-2.4083690376361804,-4.694434283385364,-0.741149423675977,-4.140314832423773,-4.2835055559572135,-3.7086781663689146,0.05080802681278995,-4.828025760564556,-4.456830905621707,-2.459017925912877,-2.79688936350538,-2.989208926955016,-0.6868190463043543,-4.12865178815109,-0.766378148112729,-2.5620567537032635,-2.307735896745389,-1.228047390601045,-3.249109237699402,-1.5558310609208017,-3.426652231811807,3.0,1.0,366.1391946351198,0.38838604526657045
387,-4.048946896073682,-3.4094133767364587,-2.710736920043184,-1.3857314571931225,-3.5796316999160016,-5.953260651395983,-2.713519036423903,-1.2475455055806117,-1.749685043720498,-1.275667117506863,-1.0027276952719795,-3.4765557874858644,-5.458969784055537,-1.9781241409161212,-3.4472416173560547,-4.442030351884928,-2.466504569895492,-4.480204723713008,-4.459506261607134,-0.5760210686072448,-3.070402559428746,-2.4485170600866453,-4.313087001471095,-1.2123076969591087,-3.753220760871554,-3.561694010441652,-5.038105939832556,-4.2049327308872275,-2.5335899961453117,-2.715375763598285,-5.17782582614783,-0.48265696720154205,-4.435196750879144,-3.83284629559375,-3.446083857480968,-0.6563190939726795,-4.665979122080023,-5.438050730769564,-2.575003818793974,-2.9157030450555963,-2.8765516182082074,-1.0747601491748169,-4.663631195615956,-1.1451909094092412,-1.979852602228715,-2.2794742817227416,-1.1556865937948073,-2.869112063815515,-2.545529637060082,-4.420246755905467,3.0,1.0,473.3137877084627,0.197016971891334
388,-4.23653767013296,-3.470442230687392,-2.6995072806039895,-0.34277429424263095,-3.7833467355201478,-4.593176492802384,-2.7169301581804746,-1.7425859952813467,-1.831664859171127,-1.0092410071629785,-1.0471831252088895,-3.266483450174826,-4.8839422113094155,-1.8785900395395307,-3.1681372470758355,-3.754569251922055,-2.5530593653235187,-4.290820690509877,-4.0312607077118106,-0.16762573534160538,-2.6742246483118928,-2.5019726513620415,-3.511607768671985,-1.6616248748002869,-4.0966093532680254,-3.4988551619734785,-4.9355150339607015,-4.429396057032352,-3.1176993982918098,-3.6854801207724814,-4.959106126332041,-0.3410421472383155,-5.183002056109358,-4.124259861455873,-3.8812079977479113,-0.7996117187231107,-4.300693968986978,-4.679511624991517,-2.553196208961924,-2.79892692907177,-3.0339800887225428,-1.582322543826188,-5.256190386139395,-0.44744302756280596,-2.2867355786861534,-2.0702768153394095,-1.9762241431544736,-2.7184058819234016,-2.527827980416373,-3.402891513543259,3.0,1.0,369.3902753947574,0.5410686107387535
389,-3.6319324829148583,-3.649864229509891,-2.55626962427044,-1.5797677245845148,-3.4857025492015152,-5.033917971298166,-3.6205904119491463,-1.3675037194834632,-1.6336274106409587,-1.1276834561427427,-1.1122209400020744,-3.4145829906272236,-5.01914968240642,-2.421217385989025,-3.4224926083233167,-4.089755857318896,-2.352503638036713,-3.520243348146484,-3.9964454859901406,-0.8706866359712577,-2.8660613483002715,-2.4085625414213,-3.7051065719441243,-1.315620199813717,-3.6234848077352315,-4.00713780691129,-4.826133561445656,-4.788310068093905,-2.019939524876638,-3.010088946813277,-4.957721343345695,0.5320198158728053,-4.105291230006857,-3.54057361695722,-3.9783712985712603,-1.0673212528028986,-4.608030909196176,-4.968529629094026,-2.6806119770842747,-2.37154702072427,-3.20670718990938,-1.0066529453372193,-4.563031449145933,-0.5964876236784875,-2.347669724628359,-2.198796870740431,-1.9164500042098145,-3.2760283137591952,-2.766127036886437,-3.7091177488504146,3.0,1.0,347.327149128355,0.6594443450940437
390,-3.943600158491287,-3.4898749576320047,-2.628522235265393,-1.2034417907200878,-3.464491900122907,-5.104159534308914,-2.4519927624734095,-1.5433778128213291,-1.8295648262554527,-1.1935055716616003,-1.6705909709559479,-3.4880328727429966,-5.077442773213087,-1.6814293340496245,-2.9895313504018626,-4.311328272571189,-2.036167781714988,-3.9873300988333735,-4.136382186149298,-0.4409010893666674,-2.9506185808703185,-2.4316332373331795,-4.044419279161688,-0.7870580116859991,-3.811335506141009,-3.570624512754799,-5.361440603867506,-5.1028871525843105,-2.571287708212895,-2.99799149556687,-5.170759901760981,0.047141491240120514,-3.5330347095603796,-3.856943494567798,-3.9660350212892923,-0.7971097870736685,-4.297898552005727,-5.097161869005118,-2.3736566461674458,-2.9115705647214676,-3.0659969364479696,-0.9508006687073228,-4.470579021493862,-0.2375506814075931,-2.307382769945301,-1.8439364654170072,-1.8441469320135178,-2.5270559147898073,-2.716144817726482,-3.7512427857860553,3.0,1.0,395.65718921729984,0.14283313470795056
391,-4.21587432296743,-3.688999320233382,-2.924653935113415,-0.9561041653820848,-3.8863375785713896,-5.557574943492271,-2.861311515945837,-1.3520481407901452,-1.7655198656369222,-1.1150951498231765,-1.0481130087465642,-3.6635568841818826,-5.0242186460694525,-2.2081088893336718,-2.918269556178675,-4.260466432275841,-1.5097202347108984,-4.465482094322498,-4.210472330108629,-0.02110129336748956,-2.749431085862179,-2.8181874670592193,-3.462809365486211,-1.2703984750855168,-3.227171445459382,-3.313419744357293,-5.3944835946045675,-4.673069231735054,-2.7369105884642084,-3.5333705066830174,-4.603067488878172,-0.051751276280091574,-4.250554605759734,-3.173117535152568,-3.763948579036112,-0.538834342492536,-4.5068954931388845,-5.439036893329763,-3.1934871039333537,-2.6361651706236944,-2.781011413895989,-1.4053713335053843,-4.57385494238158,-0.7292899862097674,-2.0458135673331004,-2.385071369251928,-1.6364933110789674,-2.3339995024173446,-3.2344745150478573,-3.832838669788314,3.0,1.0,471.11057571052527,0.01599823865735477
392,-3.480352015438289,-3.973520796503762,-2.624103389871132,-1.531873819007028,-3.072908817918567,-5.567671105154857,-3.2006744598424732,-1.7151275920899185,-1.3329519785821602,-1.004386307574209,-1.6627151579565194,-3.545965374267126,-5.79901749845161,-2.8103573389320307,-2.679165276003824,-3.8965545255319474,-2.960950917855508,-3.771393051377183,-4.720375836068693,0.06660368726839017,-2.907594100433844,-2.8621453285686633,-3.443329762467557,-1.3424887706003237,-3.8443489198246366,-3.958355808592827,-4.925440637081408,-5.119343591757669,-3.004321855302977,-3.2595453896656803,-5.0715165430426055,-0.09391572268666909,-4.361568621685212,-3.6460879071276695,-3.668570622211891,-1.066863834302207,-4.496138595982762,-4.511876443656645,-2.1756676361738236,-2.8179059639268056,-2.612341688318114,-1.050576637938317,-5.175783442957774,-1.0077148525125537,-2.5723803725020593,-1.9662209104154984,-1.5909584183561996,-2.1802751214104727,-2.7967302489871435,-3.7847282496368186,3.0,1.0,401.1281057566434,0.5865843333439481
393,-4.269258184099566,-3.9562991205054754,-3.0467701537118232,-2.114693761287893,-3.1813735570043686,-4.691074168609095,-3.385802160882192,-1.286219745090643,-2.2111899019979857,-0.8258062682209839,-0.8790211042358425,-3.1389432297881763,-4.641628074915847,-2.2609189604253186,-2.616305815293739,-4.199880290894424,-2.3436454017582196,-4.115773806418083,-3.7911679180642555,0.05433412608622501,-3.342881727211262,-2.671269022633335,-3.7815643214910146,-1.244918736384846,-3.7922653335584644,-3.3278789793834496,-4.673782819850424,-4.921128532472459,-2.4891671341280843,-3.517847966925138,-4.686120442724848,-0.2810247907574445,-3.4592793945381564,-4.0608932330353635,-4.304420695146944,-0.5619425050967896,-4.4999655880419915,-4.498055508777142,-2.470244406163331,-2.3504144472487383,-3.074565230514332,-0.9796844881672414,-4.393975158253922,-0.5250766368206404,-2.162172899802666,-1.5865964601773288,-1.2962397181012233,-3.030079589040122,-2.5344990227734536,-4.0727158429982255,3.0,1.0,330.31148693105536,0.545262876055973
394,-4.4525425793349545,-4.660668635107086,-2.8955661292892096,-1.3791505389100516,-2.9644365977107108,-6.308633763611059,-2.4219438559691286,-1.874625987870032,-1.9787846265964584,-1.2172264906854013,-0.8770937532679486,-3.617572899908604,-5.4918831900409995,-2.2934073466287552,-3.242476915397784,-3.4391843347867748,-1.832218771506839,-4.107088733180628,-4.370591916384108,-0.68084626066708,-2.915273519627273,-2.720480211381654,-4.012994364221099,-1.0385154656552975,-4.22430803829316,-3.7412617532741543,-5.528177485824556,-5.235733087648004,-2.3006906883761156,-2.6577792317190228,-4.990980606475791,0.5139274534700635,-4.620727055150412,-4.2076005556852305,-3.396557153530601,-0.4128675529023797,-4.743930887513116,-5.233831355397835,-2.607265064784279,-3.5522780500209774,-3.511415650472567,-1.5255273426051073,-4.216030986357554,-0.951713264912124,-2.203434566396333,-2.041841673753114,-1.0427301471514823,-2.7375050126628664,-2.2346431697756124,-3.6077122013531713,3.0,1.0,452.5903000927377,0.6392601314279157
395,-3.4757084937054854,-3.8769748072545545,-3.1990674575685434,-1.377892712465489,-3.826300205679276,-4.8511252894708745,-3.1265633449260997,-2.3629606916996355,-1.8072543716431595,-1.2572632549808822,-0.9112192593206887,-3.5740692053041654,-4.8759795623646704,-3.2153209184355855,-2.797751457097182,-3.887678829209142,-2.491362668195615,-4.41106601825633,-4.038464087444483,-0.7912032902135886,-2.5235922059125953,-2.8852360218892876,-3.0343070007271065,-0.9755283664593407,-3.7924540401947966,-3.9796277500471606,-4.783733524960445,-4.463283028452398,-3.2133991644605007,-2.5963701148221743,-4.78008509622203,-0.49456654481772067,-4.522196227224447,-3.569793605290191,-4.134064064855872,-0.8097784082212078,-4.7427367985533575,-5.1387057463764165,-2.696653361195771,-2.728555956168289,-3.1720890375487745,-1.7676311262804343,-4.387867614902397,-0.31664246944903035,-1.808795159647372,-1.551445576142296,-1.5414684329429624,-3.301384943165287,-2.862399779900552,-3.713911571540488,3.0,1.0,415.91363846499195,0.169119012738049
396,-4.142859749767791,-4.401737950283835,-2.5000033413596343,-1.1176719469849983,-3.112524816490501,-5.460289391011541,-2.9050100573188344,-0.9883117131850958,-1.4634458041246765,-0.8456963364352458,-0.35846007831787297,-3.0551830840538656,-4.795994677986988,-2.38901523903913,-3.811201794451979,-3.9116626817050104,-1.7696186662929785,-3.8139649663506554,-4.31563892298334,-0.12110722641218236,-2.7918271404756005,-2.405941550134577,-3.5053329890975355,-1.3463929131171564,-3.8883574432180814,-4.344119475521204,-5.673671751573007,-4.604072934848565,-2.9565959277270184,-2.8921057881086116,-4.655363941406595,-0.4678340297935676,-4.65647936900927,-4.097662956773147,-3.648045362358507,-0.5903142333145431,-4.672735652758994,-5.12164395429555,-2.3175569360477626,-2.6544230462710003,-3.299354058717789,-1.414357198670435,-4.538819863563488,-0.18389887387198833,-1.566086020379176,-2.095315827945868,-0.8486841895645928,-2.662025656442542,-2.2920627145804553,-3.6005447128769235,3.0,1.0,346.5572731704734,0.786070399202017
397,-4.048486065912384,-3.7316043747815892,-2.4544883390354193,-0.8054826981403131,-3.236652915794479,-5.123664859732828,-3.0106703423485865,-1.676842351409698,-1.7384623829082118,-0.8439958251457997,-1.112224038870389,-3.46422201511604,-4.687038877673259,-1.9538983512235233,-3.149870559433241,-3.90073026121935,-2.3539378990170188,-4.138275899173941,-4.252480027759439,-0.48854292103811137,-2.5809792061229455,-2.74290782953972,-3.8701150416356724,-0.9094266790112759,-3.8781104157857955,-3.983251871221736,-4.937611748133886,-5.012321062902301,-2.909668646425924,-2.71567010367094,-4.442536748014863,-0.2624180895098943,-4.154873546670518,-3.2086473987658697,-3.922600428033879,-0.7127139147958257,-4.270276282427844,-4.893152315319179,-2.4425844043883664,-3.2946124088877355,-3.4359514728028504,-0.8322596982801072,-4.656942246511339,-0.8098964507350344,-2.0986742976446986,-2.524656194310024,-1.3468937670701455,-2.7287560937630686,-2.4909375667637037,-3.4515131472309832,3.0,1.0,355.2444000628184,0.36251101356318793
398,-4.236408234995732,-3.808429602039551,-2.788220155421649,-1.3635265599050497,-3.7951614634331747,-4.67130882276745,-3.543413449475975,-1.1255299019703617,-1.5923023002784829,-1.4140912546061488,-0.6439423870995526,-3.319196214675749,-4.511233987795812,-2.1824637041456145,-3.2738623919228487,-4.477820623054414,-2.416341534635839,-3.9182911740916357,-3.9185068418562867,-0.6179865115423406,-3.1747411846453373,-2.7141967461973473,-3.4547473308144565,-1.3977834132797402,-3.364231090607579,-3.480093735173636,-5.8206323999151515,-4.022364413336595,-2.3104370358061606,-2.501886497056177,-4.9062262456375425,-0.46695725892988205,-4.690626187492417,-3.921513865850217,-3.6951770141317213,-0.01289402524759653,-4.770786406053676,-4.759550969802952,-2.5268965267416212,-2.325165270026261,-2.9331812937260655,-1.4028010143617569,-4.107282246433297,-0.6260508277960446,-1.716144133548554,-1.7487070746196822,-0.9089619034311741,-2.2210584703717506,-2.7503831593886767,-3.2368956707741035,3.0,1.0,320.9732883387806,0.5134628953638474
399,-0.4993254668448843,-0.605170369415895,1.7145739050798312,-1.8834487075074806,-1.9900339725670513,1.13565038502967,-1.8329574141214335,-0.08802419584381926,-0.5531052421353038,1.9714087764885702,-1.1634280452273345,1.6215924623838776,-0.1718554482095631,1.1035657646987564,-1.9040339976581833,-0.37335043218082653,-1.7611191698746698,-0.8091277962325081,1.9700811334212798,1.020609466231996,1.2955177547578476,0.41460488845359933,1.7800553260095993,1.9572510919271537,1.1855358869987263,-1.2690158789466435,-1.0585215007948952,-1.093402636250695,-1.103122679065117,-1.226910218801272,0.22113436157082544,-0.7972054571589386,1.0798085687032506,-0.9673500657496006,-1.436589203337312,-1.371208714954593,-1.134214337453996,-1.3562967407803064,-1.4475226823186036,1.7200997890808485,0.21170789343930085,-0.6579808627120847,1.1821825875031595,-0.9156323523033838,-1.1604750745879513,-1.3284352353656814,0.5219120369063996,-1.3118724434495297,0.24751045211436828,0.33352182687878784,3.0,1.0,1.431243995442715,0.2718011489070105
400,3.9263777397208304,6.6450929162183145,-2.5742606632827663,-2.4282007100541154,2.033219675659688,1.7514441223991282,-2.6317668011713495,-3.7293173578452223,-3.740281818373034,0.3877939899368321,1.501333963676729,4.647784845605628,-2.677869970570668,-5.5440626358839,2.095499364018889,-4.5208635112448174,7.890324611338845,-4.2774312308045594,0.7042660190416812,2.933984482738344,-2.1140351509559565,4.9176654575724426,-4.8523252644193295,-5.942110131301282,3.6793862245329376,6.7563867777677835,-0.7746742751910695,-1.453152526677922,3.6293678749537372,6.797557522931374,-5.047518565883078,-0.727706351578792,-4.504306244210599,-2.120040034458489,6.024227112812727,-2.839111387586739,-0.9709086788030263,-1.902036482633409,3.886168832328597,-4.864180501448033,7.866777435587272,3.46996846821776,0.806291311405763,0.27640240448061976,5.118815152044191,-3.882506631073315,8.536681104629867,-4.454725759525028,4.63501450293842,7.637884112392192,4.0,0.0,1906.3019033648184,0.8288100737632779
401,3.5519381138080357,6.886696637582537,-3.4988845866247775,-1.6878161082832257,1.4854071647930818,1.4809919152751403,-2.6391042685332833,-4.194562072210784,-3.3731384533405078,1.0990012114068761,2.0996770081348877,4.881610946156975,-2.3058754738568106,-4.272655205141373,1.2391958014865518,-4.533164646143254,7.780420081954793,-4.8639462169654095,0.5116526597378301,3.0578904387396775,-2.143794022164143,4.426696107635353,-4.327036451674189,-6.02199742078639,3.1571663746019407,5.913303933890753,-0.8908896824256515,-1.1560107769559937,3.452785188243244,6.542768495888698,-4.695719831814718,-0.2311066232362195,-3.6533808502492313,-1.928045284063171,5.7020424196572375,-2.978723313992106,-0.6353656345171488,-1.484205781821247,4.510565167055964,-4.645001005581669,8.120418949633862,3.0128599333750135,0.12676384991449818,-0.09084895842169786,4.347100513286701,-3.155328258607962,8.52102557327735,-5.320663642513387,3.6787646527005506,7.566428192312598,4.0,0.0,1360.9172518410624,0.9650616033408494
402,3.730681594770778,6.895131350532353,-2.8369132307595444,-1.5180007154285275,1.5444514290252191,1.414338714700838,-2.9817699994318123,-3.8673732145249065,-3.522213118736053,0.6138299642256431,1.376381672675813,4.776430938656686,-2.4485921359819987,-4.740021111150841,2.3942782529830966,-4.295377641465612,7.809362263883707,-3.717303652732272,0.6812878212600902,3.91343942852618,-1.1855682952343694,4.574436898357428,-4.122670915792469,-5.683091793161114,3.5388870517368263,5.10401832232488,-1.452384251816179,-1.2541043635006481,3.8616917766678194,7.053290848354395,-4.583823013126611,-1.4199469349210934,-4.270576265286743,-1.1146472918639632,5.185323386451637,-2.2036514507212357,-1.3731653409296825,-1.7120851582569563,4.716482593073723,-5.821867960389067,7.538308623576376,2.9005478196567416,1.2347635451780645,-0.030070336304736926,4.953835237037704,-3.7651972940511396,8.439040729375836,-4.628427603264632,3.831875577018403,7.324239834321956,4.0,0.0,1312.114107872277,0.9759179149791696
403,3.74859951598919,6.846829359933717,-3.6315612859931954,-1.9112951239957157,1.4870901154109732,1.5475112568886338,-2.2551903201789765,-4.539091440495215,-3.8321439354692197,0.5506048914672211,1.6343523090087855,5.031370348466383,-3.0949286597534247,-4.2894884605957975,2.3929390684987983,-4.161435694261015,8.061915311367867,-3.652435611267276,0.8982647681398818,3.2214136353650606,-1.200632804014445,4.499211879209659,-4.218234233806097,-5.852951994882331,3.3821283130256505,6.568707370741806,-0.9535993801905087,-1.3451085365999518,3.1313083160376767,7.634925839493413,-4.459656328306578,-0.723621921091576,-4.0211992986707195,-2.1634992888690485,5.3483023587441805,-2.6998300770950374,-0.8502834351976339,-2.182120185088978,4.132779412983605,-5.107429839758787,8.338436603438211,3.3057128057098897,0.8160459222080514,0.16781625014383528,4.930413595134969,-4.100725136229006,7.7683494650792095,-4.69708246561198,4.155083356220768,8.34888104323795,4.0,0.0,1731.0388540288825,0.8927985037536224
404,4.20681556263051,6.78294590562476,-3.265943452227512,-1.2506760189775448,1.568747573177221,1.25094766034702,-3.2301372837295226,-4.161840780289344,-2.8902048784505574,1.0209698743940963,2.463657571216747,4.794092725756032,-2.3874232245569567,-4.762827551921984,2.8750955917468186,-3.979736700574157,7.890278390482189,-3.7831389031082487,0.3759141450242419,3.3908826185874905,-1.5038325917571789,3.847958964290218,-3.8415613066236145,-6.4716102453442454,3.3774187502924256,6.19769482002897,-0.838217964225138,-0.812187077204846,3.138125274392563,6.863710838645963,-4.857016941971287,-0.23374601660354644,-4.286544615986952,-2.200904960545991,5.794268827455013,-2.2892832775376935,-1.7324186910091686,-1.5885851774218545,4.085477134420329,-4.272391211760859,7.497333138403609,3.0569434413456995,1.0428548062200362,0.41944518260294616,4.77156003599526,-3.655547144603606,8.310716629765738,-5.215853415370103,4.5209792371346955,8.24682204881409,4.0,0.0,1490.9756018174264,0.9454436583205188
405,4.138991013603003,7.129025656690376,-3.0544902587695937,-1.5758351173129872,1.3434732517021937,1.7314304770752411,-2.637174627220113,-4.0011659922945855,-3.2287325249519196,0.2547927319701549,2.060698593457172,5.2998549347750235,-2.9263734759171567,-4.225769735202492,2.4666150966150115,-4.355433362120451,7.368323778931394,-3.587419945701123,0.21945142290451303,3.3189284798370995,-1.288919450380867,4.062765687411945,-3.814064142150524,-6.21956987149877,3.563012017177165,5.856690173261336,-1.622199513006797,-1.3579968280225898,3.871495813747106,7.087172269192263,-5.369516476910756,-0.031239386862089713,-4.87877254078951,-1.7160242780424018,5.7760834858502985,-2.5021612661357344,-1.1863141221631475,-1.9851157770059447,4.33728286805602,-5.054019461837872,8.010392822839771,2.94969585661873,0.6648501378061142,0.3045748531430712,5.170592656703983,-4.242947725779411,8.95016855133039,-5.752683983742241,4.235474978715432,7.637655617695002,4.0,0.0,1844.568083407924,0.8687462615376073
406,3.921232897809283,7.678505326572027,-3.2873119249214016,-2.9040465599959058,1.527095705877964,1.2308698821885473,-2.3276432090584835,-3.9480317974068426,-3.12366385645465,0.6722052337874522,1.8650748846259084,4.9073277488540485,-2.7616983428957904,-4.132355847094608,1.1863120965528542,-4.786193452011782,7.286884791971452,-4.103906594787457,0.552701826530144,2.9551460598597257,-1.6122177136072449,4.628094893492443,-3.612948144260497,-6.533317046101625,3.443343083544354,5.728566826034065,-0.8441164828688426,-0.4294372825466142,3.5281023903032493,7.145647540694698,-5.396337453855047,-0.18592106616091403,-4.493748652900043,-2.4487569257926527,5.885023919846697,-2.3941046016318626,-1.3725179612479037,-1.8047227546212334,4.462197794039916,-4.939944183175905,8.050517266037934,2.9280337623618995,0.4167661237859632,0.13164728138015658,4.692582998751911,-3.79175197662312,8.18243060746109,-4.584921739989267,4.139377430541094,7.706103597839649,4.0,0.0,1653.1006112112402,0.8253088930176443
407,3.41260232491241,6.5341287276026305,-2.9746726754672106,-1.9720755323919539,2.4056824284255445,2.7746490834201385,-2.473036366723786,-3.7493177846190946,-3.728769982872138,1.138704383317268,1.1150343287968942,5.345818494647921,-2.6824467969849497,-5.224612238818919,2.274710026026349,-4.624020479077468,8.28002299070129,-3.4862315893454268,0.5671651927195029,2.4204599543897474,-1.8396704393100278,4.264706419200952,-3.6067046496792816,-5.696045449108972,4.014760300867609,5.897521120252247,-1.09660403470492,-0.9015999560826904,3.5893127703577257,6.725980904865352,-5.330507286322766,-0.7936399495325965,-4.558649872365482,-1.8310614993610301,5.435923385899967,-2.4072519001202943,-0.5097879591733866,-2.2267717779075977,3.926398160843398,-5.17254363547689,9.030907140913342,2.8688066207216902,0.9910705468496901,-0.2623742620285564,4.736867640439714,-3.522436451411081,8.339056275552496,-4.71103615840652,3.6965523553845103,7.2271478585639395,4.0,0.0,1570.3802305518818,0.8991218744395668
408,4.023960869941199,6.604489492116216,-3.287455030971472,-1.5942333198719472,2.317995928320157,1.0855730289169816,-2.3956565018127676,-4.143399900811013,-3.989584169356551,-0.2502707246414039,2.481745982200308,5.030369530966143,-2.7566073945787855,-4.247694644334849,2.2543544859561484,-5.310334307550967,7.940410719550358,-3.67616655706537,0.4827696304995664,3.5020591687892306,-1.5207419153339317,3.8004250591556508,-4.617367968235907,-5.649265520231448,3.3877276845927895,5.763614988373355,-1.2827470182734677,-1.1308021421291519,4.052465352189742,6.660470667624293,-4.89347541918013,-0.9252706912794615,-3.7746054006949414,-1.7933329872639525,5.136573800380249,-2.6807527492341854,-0.873929793739691,-2.437678603604133,3.7896162644199816,-4.728586790633937,7.914390698755817,3.3730142598730373,1.3453150635481312,-0.564402140384572,4.51381263917516,-4.494023608763381,8.026206983085281,-4.962382538221224,3.9155262244790716,7.840350058562484,4.0,0.0,1475.3042833468205,0.9370016685581335
409,4.343370754762887,6.243879760898995,-2.5457568309204386,-1.7399539545659573,1.2965443672716344,1.281419252448185,-2.88654500870718,-3.8595456602835645,-3.0980150837311236,0.14729584337896787,1.1668840078941234,5.406280502164636,-2.736668026773191,-3.913005962359701,2.105860150337871,-4.99123283125212,8.352762184321277,-3.923794477283246,-0.3647634663886824,2.886442201731582,-1.8894802723339548,4.24565932706997,-4.158898759840676,-6.2852057333143065,3.7447497151126905,6.3682901973982355,-1.4737992825828594,-1.1974837111647898,2.850098098318215,7.623563262316987,-4.761936006497234,-0.956931873636284,-4.264644039223824,-1.476512990313827,5.426997331678781,-2.376489197690656,-0.4526725360401638,-2.0953080420409314,4.307319944516124,-4.618282391711045,8.110263785260573,2.8210532194049933,0.6176625173403772,0.2658859563420721,4.838328479008598,-4.046721395254465,8.72575726065042,-6.1843475974496664,4.384857424004767,7.9868069521973295,4.0,0.0,1817.9931056631647,0.8398600170267333
410,3.3659875600268916,6.650781681183555,-3.459683957343585,-2.115616640953323,1.2926423053984686,1.0774598465652598,-2.536862190679482,-4.114425382512634,-3.1364465899217397,0.9080577038790983,1.856329336179206,5.3111011435032305,-2.453859257534055,-4.367048980835604,2.1387593313352307,-4.263459724297206,7.7409463000393295,-3.4578807702654926,0.3357196620326083,3.1668407362199704,-1.3525867475956497,4.267963925488399,-4.041388290489025,-6.699967375762684,2.9659658696279694,6.012407148944715,-1.4495359925888827,-1.4352813371470807,2.2018276121805607,7.018341877360273,-5.047610193511718,-1.2324911577485456,-4.394239396550429,-2.099566067152733,5.413415390616582,-1.827740192412777,-0.9671812236669579,-2.505992765676159,3.861264442668287,-4.911536220238232,8.613419889296624,3.1461160695047035,1.6381163032480828,-0.2014069532466834,4.531491852736533,-4.928268412438284,8.759616379539946,-4.858179022584581,4.337927535406116,7.888229547082165,4.0,0.0,1650.8030933692078,0.8659508769778947
411,4.410751942962097,6.540113347756261,-2.422973860066462,-1.5718821965667478,1.356825914480399,1.379313332788503,-2.7096184181577043,-4.247284216572866,-3.0793478644729513,0.5312523885099099,2.573125398339659,4.928082533895923,-2.7906158135887353,-4.622609597288961,1.987430384687701,-3.947206071040271,7.622878962496808,-3.624221198691243,-0.33772709351322305,3.334961284530272,-1.6564758631028011,4.186293912054296,-4.299866275136877,-6.0306331616490185,3.7863522799228275,6.034650938455748,-0.9480565489043834,-1.2858223457336748,3.2211079544538768,6.782352326712479,-5.543906889057517,0.03589079878058776,-4.018126231880891,-1.953922088762769,5.8814755531129235,-2.9325040507738813,-1.27785914774602,-2.244356099406782,4.058125175705038,-5.319425076675252,8.104438096182147,2.9712218494756266,1.694691874298396,0.077803135923147,5.246752874012884,-4.465721900434273,8.563290686317231,-5.18514290779004,4.674726797668177,7.60980965130691,4.0,0.0,1733.4413248244998,0.8647133106504744
412,4.232947206299659,6.985449362342988,-3.0913837402157305,-1.7024920703237896,1.094637251531383,0.49546067653323433,-3.303590642663521,-3.7025498021593433,-3.647462706903487,0.2945500486326742,2.6136157711371175,4.9713902278725435,-2.5181308218080303,-4.877573501778385,1.7336967982085476,-4.292609500480842,7.7768433147858085,-3.447949024172007,0.6558279593690388,2.9766164545786666,-1.781625162708213,4.8449675484797945,-4.343734039052302,-5.993061369440852,3.521984976480059,6.301099356063376,-2.175608089469209,-1.1682811689655925,3.1928909213004646,7.104958016253024,-5.189603124183326,-0.6713552612281012,-3.9842665532334514,-2.108403226035459,5.494584875038377,-3.2285669728662536,-1.1340970409289943,-1.8376653756580748,4.940844182207644,-5.465639574701548,7.469321387496648,2.795999859039092,0.46667035348776054,0.31034781467256284,3.905053707372894,-3.9620357510677753,8.05610324925476,-4.966313536552741,4.092672882388861,8.336430868413295,4.0,0.0,1646.2468800527558,0.916682781116174
413,3.912344288558622,7.204378032431427,-3.2846350295680917,-1.634049977684062,1.337260566482126,1.727418069723404,-2.758802137586798,-3.877498557027546,-3.5763416122419054,0.4394312292064506,2.1115435843320562,5.3428906246776755,-2.8865888295347357,-4.172260353757114,1.9293527462567883,-4.179342778245499,7.975056597157321,-4.307710924683944,0.3996551313185822,3.1769940094489724,-1.2755647129644307,4.471947862060486,-4.095031391512412,-5.783485776463219,3.7427296724443515,6.440963357476946,-0.9156455653235951,-0.9754401883033013,3.925386368085057,7.82652661280543,-4.539772484713598,-0.3826898914257608,-3.803257422578858,-1.7679510369557787,5.587464782344882,-2.753943005389682,-1.2915565456573945,-2.8257408629540546,4.463174331693977,-5.529093279250981,8.35156096942242,3.1591784989031297,0.9060775608090775,-0.5249656286693594,4.7325145718287915,-3.2431576420802166,8.386175274934535,-5.6916933194281984,5.347579229558571,7.71272299028655,4.0,0.0,2040.1119288959299,0.8143021238492082
414,4.15357620010404,7.223071412605853,-4.119358789359902,-2.008926649229646,1.6116307030563868,1.0127603600953705,-2.282204854609107,-2.925598210070076,-4.096209902068022,-0.05593925027740149,2.3897945142168924,5.616660474019798,-2.8215634015063586,-4.75229102504866,1.5536584717683766,-4.313873513303005,6.9990433377434735,-3.827907366456523,0.1486881057268192,3.0278825323048517,-2.339716489002753,4.141265870738994,-4.3724436661773805,-6.484801689515673,4.056487317884347,6.049230377913862,-1.1996435551305913,-0.5186139717705425,3.2560934385111704,6.935865701372284,-5.4752737047544375,-0.8979238435675965,-4.087513797084139,-1.7538936829997684,5.902545002306937,-2.439090198666565,-0.9286375769959655,-1.821297182020762,4.989150160106756,-5.5213105856167966,7.381709587296227,3.1556840968249196,1.1142009330432634,-0.24221278974262467,4.874489304306643,-3.868421033118301,8.15728568145434,-4.647885825752547,3.9178282128174353,7.587665476995561,4.0,0.0,1698.713433015317,0.815847424430329
415,3.8467087991447406,6.9691318957269255,-3.0424891680511115,-1.3781955509919535,1.9210479653799597,1.1573693271309666,-2.4691214418431184,-4.536930615840241,-3.483454019940617,0.7564110199281222,1.8875978695926754,4.602413530561694,-2.609825402271061,-4.3155539506172325,2.3861934941432366,-4.1335369065270795,8.069658456759711,-3.7046076347011585,-0.36972872916815436,3.8912409112529045,-2.1406737958830586,3.7954790478688403,-4.311391298223095,-5.276216542006393,3.6653193227220986,6.50781419035141,-1.125673107214508,-1.4095995511756452,3.6648985520346455,7.392127040480044,-4.857855398869428,0.09739757792397319,-4.118936501468332,-1.9761142734399835,5.846262862622196,-2.8193342482267423,-1.9257872219722212,-1.8616832458269124,3.701665318885392,-4.843198148049463,7.5383483869212045,3.313213794729468,0.0022154874601083563,0.4474909297110403,4.8880733135178,-3.798396730229522,8.530651489412078,-5.025372206849015,3.65619832529004,7.5568782088203825,4.0,0.0,1519.6948119700996,0.9272737599785535
416,4.1095720065883965,6.094831317157644,-3.1629654984893403,-1.6998429919477087,1.8084901129887194,1.9481946994857329,-2.289827293963601,-4.192038894386554,-3.4221396146679957,0.8802873510384776,2.20509281795634,5.046921496443851,-1.9105787369882226,-4.421794876236996,2.2184836705924598,-4.649387732747019,8.351406856984665,-4.560335475675284,-0.031073561404600714,3.393834135724055,-2.23331296346425,3.9079312050719306,-4.323224266258674,-5.834087069395747,3.275660894687034,6.483511820423158,-1.942918399848375,-0.9551954810764687,3.6273999038063596,6.538988133365354,-4.901926625488601,-0.7438177029966971,-4.210134577859435,-1.7656634062952352,5.579737677401156,-2.3206580954210803,-1.195345589913867,-1.954775422376127,3.7396756762252115,-5.570957726760872,8.200829536691847,3.173005947114212,0.7900877442624303,0.19802518160306998,4.445265616354233,-4.038536224351849,8.043812452128034,-5.250351885301735,4.345855637124352,7.971212109302619,4.0,0.0,1667.6320781884874,0.882442883127842
417,4.0734500585511935,7.3223477295620185,-3.1663230266326523,-2.2886072473120547,1.4880718825853856,1.463534225254004,-2.8641878278809547,-3.685077369537517,-2.9694616170132537,0.3409657206948223,1.7607701123218726,4.1343766626189264,-2.474854033807775,-4.3287026693648745,2.138097604641102,-4.68666814270218,7.706994145790152,-3.8135144123907567,0.5253418541067445,3.6376238998563752,-1.213081936620588,4.61274323218823,-4.267917304449807,-6.480733503185749,3.2977039600483384,5.637287863808298,-0.9693747545418628,-1.076243333925619,3.023191023205682,7.359064768408313,-5.249637592732092,-1.169375158242926,-3.886065781409835,-2.2882564340557225,5.441622139383912,-2.43524962796653,-1.4546801814310477,-1.8751844127325654,4.0146304730178315,-4.339705820577498,8.07046688298914,2.8196155739839757,0.9037993024735707,-0.40667780835554146,4.984865586820373,-3.864027420577898,8.787997688128002,-5.045741392059279,4.101096145464395,8.010425318880017,4.0,0.0,1661.8969226231798,0.8389728810912784
418,3.8827739382803492,6.840690449792885,-3.5688891670967937,-2.2050351109473665,1.8446145865059633,0.9365352260442066,-2.841237043286723,-3.7305121692398058,-3.0359942529075155,0.8815677843283598,1.9516360595758007,4.812702229169772,-2.6690598087222903,-4.5108895277837355,2.4788178210643186,-4.80621600546589,7.428330123470827,-3.6984853986942405,0.18686380337207847,3.3524415347521397,-1.3236458511849296,4.3249153218090965,-4.373092539784154,-6.024438900163271,3.811654551182518,6.668289908668857,-1.4010822391457904,-1.00738225836511,3.2948782140493678,7.011946448923663,-4.589910475721878,-0.2787424891613829,-4.550614238325485,-2.2826753063629854,5.559618179350293,-2.5993571373008364,-1.1674495272515526,-1.9696298018114806,4.1349001221936,-4.825925006177153,9.473312090024812,2.820950922409539,0.956971248595023,0.19751086906230436,4.368045455561445,-4.1628611759942045,8.885826999238015,-4.601326703384982,4.331709094974059,8.694034218302432,4.0,0.0,1823.4765920442167,0.9728908881815893
419,3.9832512476819337,7.393518158449804,-2.9757960114085353,-1.421615641291739,1.56855911412369,1.4393231007046106,-3.0993192794976743,-3.563316958449725,-3.085167866955344,0.642951480280777,1.5755715974916362,5.49542622422599,-2.959507949008977,-4.266873283498364,1.6259824275812194,-3.5500494425091675,7.776022439223388,-4.138861985592408,0.3970582922519121,3.570877745024176,-1.8094712788374754,4.4949571470323235,-4.358103181228245,-6.039065827672853,3.1073819400177207,6.136394493706764,-1.3707676795302488,-0.4915364455366045,3.6961547798418937,7.146077729370423,-5.263940302736432,-0.8348439131393368,-4.409494724452738,-1.9559297440825034,5.463665773926245,-2.8089833768434187,-1.4302569255689153,-2.0282257076922963,4.435682707514009,-5.181566191840705,7.3498313590007225,3.740596992350945,1.3227455813794495,0.29529198563431824,5.122430187496474,-3.2960424175795415,8.41811959214859,-5.318332997924331,4.553418819332823,7.392130826280814,4.0,0.0,1701.8921698556765,0.8454254560923732
420,4.099093315989168,6.611429242750198,-3.0787054006689503,-1.7725795411001422,1.4456495300188907,1.5482594888875272,-2.7433056851688873,-4.258024871341525,-3.345750985540839,0.07011103812862934,2.220386093624958,4.768006175552698,-2.1557523588032255,-4.59211390213081,1.8595629680057542,-3.9112780625460024,8.09250708175701,-4.577478346038932,-0.034919810379363925,2.87284901724517,-2.1672399745015873,4.1692742180730695,-4.0527252219606265,-5.41481696516129,3.395142418941035,5.922593465225764,-1.580870867221509,-0.5438000019439,3.889572109435969,6.564821745546223,-5.447562088761847,-0.747612625251771,-3.7669913257554724,-2.30358997703414,5.393029747295075,-2.9408613654987783,-1.283443432771317,-1.880679238027457,3.9343609840700187,-5.040262898289836,8.396486110618806,3.571503965740572,0.5443339721940001,-0.27788775247799535,5.0229050227429575,-4.066978028606755,8.241550337694028,-5.0846117658695125,4.359599736217675,7.193225696918995,4.0,0.0,1594.8045118606146,0.8039119234973647
421,3.9599947745308572,6.304768019461786,-3.211208981339984,-1.8151167552025007,1.2242674179970257,1.162586110613174,-2.6691954664793154,-4.09291187553467,-2.869116145205625,0.5153152039589559,2.375590568379395,5.426640889516235,-3.4119653069133684,-5.084163334854216,1.9059181384671169,-4.6710915577592935,7.6997122044513375,-3.6412952933930174,0.1882881237061627,3.604374046326925,-2.372334826863926,4.090930794814664,-4.196824603122139,-6.001896199890575,3.409428321108637,6.292625493351779,-1.5165588556565863,-0.1660299746980427,3.1505647018148917,6.8221663535204415,-5.030077066633473,-0.26816514797421215,-4.3036948272435955,-1.4594295152907475,5.1150009799860925,-2.353739843393422,-1.3066663693966738,-2.078407997892771,4.270450394383057,-5.006426873525088,8.236063209750602,3.1690223947820293,0.608215654922758,-0.27454150478651485,5.211307067769172,-3.8389465047937086,7.675175824560359,-4.381864481152935,4.780492357870015,7.978475006728067,4.0,0.0,1543.2749460475763,0.9205468805041246
422,3.458274328222299,6.660164835179886,-3.1713940928037383,-1.8069485222718713,1.9255133855066016,1.495405479292999,-3.3012646323553776,-3.37615007093097,-2.929928201554201,0.6030097228046076,2.3910076328599037,4.534654213612144,-2.385116957665654,-4.585069111341892,2.292216470449657,-4.862334102241364,8.490575468859346,-4.334437373506922,0.20962564637957004,2.767949638221574,-1.3937247605555212,4.520626947360147,-4.315691551866963,-6.448574123198426,3.7318012439057755,6.2668304089979046,-1.1127803407438261,-1.0129662223921763,3.3819837053071407,7.3868141120187385,-4.936612911288419,-0.41471009330954156,-4.346571375661287,-1.913992271832538,5.749217921905897,-2.788718435546508,-0.913231321244349,-1.8197613840686004,4.13850534169428,-5.611972474350733,8.254066879689951,3.412803047206945,1.0775710835169214,-0.05568425385766922,4.0691302159892,-3.6655959421364517,8.920810067206498,-5.2439197477450525,4.16596956967937,8.147411607199441,4.0,0.0,1777.9501279674662,0.9830824927398168
423,3.700922916087834,7.014930496172897,-3.1333239202964513,-1.8058117243209562,1.1194574571432954,1.0465012025632912,-2.273078924294713,-4.576705723154884,-3.485454336081084,0.9767789078247329,1.9262363120817434,4.6404804827409585,-2.785592568167601,-5.109215558838222,1.985654582455121,-4.113932551568009,7.850771873318258,-4.187999818912241,0.3414629053855403,3.1587544916616426,-1.378292511166805,4.247741216143115,-4.322094718902774,-5.789341798793735,3.829222644815624,6.154037287501997,-0.5769605933874211,-0.5234965085131238,2.9473549115181137,7.51496991153271,-4.466898231806858,-0.23579466167953683,-4.4121486698775785,-2.0772611471569786,5.965999784490302,-2.748145419336795,-0.852404376685883,-2.3149818120879972,4.8060011724737075,-4.8986146761504985,7.744773004684926,3.1010216324614777,0.5491852677599794,-0.22498629346347682,4.897321941077378,-3.7053556280445594,8.307881821446662,-4.47768376679622,4.109231975422479,7.739527847348666,4.0,0.0,1557.893145860874,0.9431165929618157
424,3.4709056789094754,7.560133854688673,-3.1645155897005086,-2.075270239593211,1.154754589829962,1.04849906544862,-2.8319335254577562,-3.7065287740075847,-3.5665427395905223,-0.07536472977674874,2.2131471602623214,4.900182162718754,-2.777735777956862,-4.684702307664439,1.2652707649279655,-4.152863158609885,8.135302415423512,-3.541507031346712,0.20309668220538601,3.6119459570853962,-1.233926953356198,4.803994578193708,-3.8802652783911102,-5.98095283979926,3.1678149648941956,6.0126632381583685,-1.199300943188935,-0.9698805022755186,3.689870435102621,6.0497543580608335,-5.253017258340952,-0.6472403692410781,-3.968898594297648,-1.6963652921620431,5.262090665643646,-2.44841089082732,-1.0840090654598311,-2.507133821140036,4.273492925200453,-5.661006437572233,8.06691808158093,3.5190676679024344,1.1711758692078549,-0.15860531019929025,4.656523319443108,-4.309403026476587,8.5047216099654,-4.811921352683964,4.621690691983959,7.2723193120400715,4.0,0.0,1529.8992817280712,0.9586505212462406
425,3.590333630648749,7.182405357903688,-2.652530828711058,-1.9983599584645808,2.0091931195177715,1.464029847346272,-2.557069054871788,-2.8386115927491042,-3.3646798214654217,0.9099073385624943,1.9178169144977435,4.441891252224255,-3.2218112510449592,-3.9768589374367176,1.7150127581178367,-4.496824730060876,7.82862155467707,-4.094546342785212,0.4022442880021201,3.2926475051666664,-1.3201761798642708,4.014801260504838,-3.682069519063592,-5.855955095543874,3.572131970080162,6.085562776413335,-1.551843963947659,-1.1620312867730433,3.5593880142117973,7.325635924734682,-4.736346886303292,-0.9555483157181281,-4.005360771844733,-2.37948265141066,5.410227300950251,-2.684350996932694,-0.43119257255399157,-2.229639142172122,3.9407517314000806,-4.828088438690748,7.76014748712526,3.0875570752861323,1.1038701860560514,-0.14468786541450934,5.266969069759623,-4.420479111517241,8.001124886081481,-4.804374006477807,4.135801025347395,7.398510117022843,4.0,0.0,1404.9248160254356,0.8837190345103395
426,3.785831613955534,7.0785294730072605,-3.480808394877215,-2.0667206142967123,1.6409041064239747,1.3116958396058902,-2.7579191227454087,-3.691260330409073,-3.4202110150150546,0.5611148168122101,2.4507791974210287,5.079859807043545,-2.4523850696735225,-4.186308235594304,2.0753704995648428,-5.340086938392572,7.412762900299673,-3.9778637876701888,-0.026335381140699443,3.8106896237075127,-1.152949555644761,4.16449446869002,-4.174895734941318,-5.5584326790977565,3.6279224567422013,6.402941941257617,-1.7010620319660705,-1.237986453736792,3.2930873930399636,6.8897645969567805,-4.502544728449349,-0.8096050261983628,-3.9953539579314747,-1.85986593328585,5.4479348641982765,-2.1851449874167845,-0.8892361874593789,-2.3607482780750906,4.114413810850574,-4.945704965047715,7.80184441703602,3.0283686474877918,1.1693783408876326,-0.6925991034842851,5.107347365619762,-4.078897759754861,8.325827316974454,-4.951585101446473,4.236000849104351,7.969231876306478,4.0,0.0,1591.0144017610141,0.8973497116536434
427,4.0579488947293845,7.714119860624756,-3.346993375441589,-1.824687635623336,2.267536204730095,1.4610908324291652,-2.294042222871152,-3.650912623584042,-3.3201539047035133,0.9256882835610856,1.9338484898944213,4.879649940175078,-3.164884105460289,-4.139541575635582,2.1952725191559073,-3.8254275030856983,8.084169797824948,-3.7789496153795588,0.9628089502672644,2.932226940472144,-1.563467074325257,4.189123370932935,-4.155326413111064,-6.04405665201064,3.7012290357768958,5.894406956909867,-1.751278675715185,-1.2127389622712486,2.7882237206899436,6.177353505533327,-4.9887592496467015,-0.6225982436875455,-4.2725122443577295,-1.1969536953988853,5.299881770918497,-2.552727883125462,-0.911176993044578,-2.191650213421741,4.582055871940215,-5.064883915107288,8.192210760552378,2.8122795307115265,1.2051176290924668,0.05368761089865293,5.366498454099135,-3.5216577464978815,8.287544930470647,-4.99265329730821,4.4165442976697795,7.6968265073024975,4.0,0.0,1625.444780427959,0.8038653751314889
428,3.8366833046885667,7.0858000289722,-3.033469070779806,-1.9769478079656841,1.2377771602865448,0.6698265343974876,-2.8729183019554,-4.629650601194344,-3.016567278800956,0.6313640426470433,2.22774717268599,5.568609083397535,-2.8683724270833695,-4.961368517007563,2.3333087518586995,-4.16752218994701,7.02943378814547,-4.155867015629061,0.45832504696416587,3.179763226264182,-1.6838767546171973,4.30136331522404,-4.318424344300179,-5.920856394371178,4.3599570377366685,5.071540246395294,-0.9092164769017003,-0.8657877987115761,3.355019734920448,7.187444330686829,-5.126769952869057,-0.5913736670528739,-4.0011017273080025,-1.6819591757934829,5.425474797405604,-2.6968090112233405,-0.8204616988010383,-1.5126723912691855,4.1624746382011075,-5.3973508344806564,8.661387061530084,3.1529185807080875,1.3555883725855606,0.09490514382270679,4.5247756932508745,-3.76839454610503,8.44906146072897,-4.492193424712387,4.22144611125368,7.916449210798156,4.0,0.0,1662.1200122865102,0.8659772935582188
429,3.6393651167768546,6.42903973859433,-3.092129546378076,-2.0477243100612728,1.791731168163738,2.051512741262137,-2.4678450627651016,-3.7333550938081803,-3.5787308117393577,0.3500628647807805,2.1580919917992096,4.352840533551447,-2.926716357828096,-4.004417730966191,1.6343410987916558,-4.099139109633724,8.345782446599099,-3.5271035594286078,-0.16575645027799574,3.039129076652494,-1.6519286216527118,4.337392276107233,-4.7737519196161005,-6.092957413937542,3.7366055336576482,6.131710016550797,-2.1162313261559977,-1.750189078126787,3.3584332767363083,6.5519917664079825,-4.635992107427249,-0.8496307436496853,-4.490762378409682,-2.482041029696318,5.570384765795503,-2.279310179480642,-1.2354342001752516,-1.612358103412224,4.168650997755403,-4.834027736155422,8.134840564461744,3.3225456017006127,0.6276112139021514,-0.061321881363721756,4.594099130996269,-3.0573770158680027,8.445587117387989,-5.0278823874658345,3.9332932374451786,7.854080088473658,4.0,0.0,1356.2330932767475,0.9876609078951459
430,3.6356339590247058,7.17642474763836,-3.1275874888329938,-2.121212486309709,1.6647863010785402,1.7751957295041727,-2.36869813410752,-3.781681037921666,-4.499478152475505,0.42203234005350965,1.4022728161011135,4.5525959755018635,-2.479038929594656,-5.156277052803223,1.4170367438331644,-4.282350115079364,7.867561042198757,-4.234086499255286,-0.11987660543959472,3.5653045483198,-1.716509464191018,4.394281009161899,-4.308091952670171,-5.837190363001554,4.026802856839582,6.039120383057267,-1.19192232355661,-1.3526701332679854,2.9358693611443463,7.411561791941265,-5.7034172924767415,-0.44221784803342346,-4.551483196533199,-1.971511673785761,5.137135301034874,-2.7602473209134666,-1.1683194650245023,-2.4336820926008427,3.470880150425133,-4.87574780713092,7.990659363766407,3.306087762648908,1.199625571843406,0.1080664384555213,4.5180299522441265,-4.146045433912926,8.454377695773223,-4.790450489831535,3.6960181710640185,8.108607786886182,4.0,1.0,1868.6136431210905,0.6704452950673724
431,3.8294234466260892,6.97631837021837,-3.0013193407912686,-1.710043366589382,1.0289963697128313,1.5641027128628984,-2.646843831607083,-4.005423213377495,-3.31849506249855,0.9401712901469476,2.120321362883608,5.483165130700187,-2.3284686371289314,-4.979727417809237,1.5380560497585944,-4.753921033666878,7.598967061219782,-4.392282768818573,0.0016899260601616062,3.398556511905388,-1.5379169300727005,4.6953407116903945,-3.8232505644801096,-5.380993088404926,3.4730112566768985,5.854002630557927,-1.3637755576618429,-0.8638654561909127,4.159475416603063,7.609455867591018,-5.203992341931572,-0.04168200987373161,-4.437705495442419,-1.663853049096665,5.49231241598805,-2.4418488770736047,-0.7149559660711329,-2.0210389905151773,3.7138922483649357,-5.202983680267036,7.273617929224768,2.749619767616143,0.6119533606665275,0.2014827101584527,4.796446360432284,-3.776544306527151,8.321146165374872,-5.404150586378922,4.320159453906151,7.638435450610302,4.0,1.0,1862.8390865820143,0.32400643555740993
432,3.9529429058815864,7.335547876153267,-2.710702600704307,-1.8513319534353083,0.8494364582114126,1.531051007650848,-3.088868704044258,-3.463250516003159,-2.726721654504261,0.8373507825259396,2.0726762712711073,4.5370563619030815,-2.425203510525142,-4.713728260944107,2.0727277362729444,-4.869587909348255,7.638561732130844,-4.558007421896196,-0.2563418814651599,3.5240499523050803,-1.4418332688433377,3.7148126160299797,-4.657044311156065,-5.92993878479377,3.501373064431572,6.584867379044649,-1.5445078537325836,-0.6428765973543338,3.67442056065654,7.069001918266571,-4.373423910267065,-0.2664548642288599,-4.727699012139024,-1.1306180424160994,5.451615497913606,-2.47190977058061,-1.1594024148265307,-1.7604177666122902,3.8410116406151915,-5.032690801062283,8.260652494576837,3.23701564708998,0.7201272994407739,0.32458009536962174,4.533869867643791,-3.3289043417567985,8.380608256833959,-5.388515101364337,3.7716769079688954,8.3811301661545,4.0,1.0,1920.6977633582487,0.331385208434176
433,3.9692826186777923,6.668381053745575,-3.26454188323728,-1.75267720642915,1.5132291831661797,1.3203888548121694,-2.3680242432848555,-3.2200304991985655,-3.2098690435190975,0.841086460834488,1.9266046942232382,5.017009222232211,-2.359168791426902,-4.6012662740230095,1.3511082417245848,-3.826671456547358,7.39061482883533,-3.841828126337612,-0.019089780014631408,3.0550593114988107,-1.3002394575312628,4.039246047770556,-5.005498159153538,-6.145202946596963,3.6217998621822374,6.051788210034949,-0.7023128574564826,-1.1465129058449992,2.9884495034821112,7.951968932445832,-4.667770144282797,-0.3735293678092493,-4.7122101262654175,-1.395570096236702,5.51699095005524,-2.3052019720457744,-1.1875991330044209,-2.098107099824851,4.589649283540513,-5.53584518875746,8.700077064708337,3.0414765701792876,0.5371734982167711,-0.5759079343639502,4.405137852771242,-3.331010504720921,8.189533592526432,-5.1894183130451115,4.758750141179348,7.772292826551825,4.0,1.0,1912.1472684349171,0.26173121573166835
434,3.794787592628772,7.034156183043984,-3.6423863499476123,-1.4060658654673934,1.3206615611672086,1.310828051594048,-2.4254912039928,-3.986360610510743,-3.5854987522445927,0.44982905220848707,2.824757513196112,5.257880694895409,-2.6618642359061715,-4.802245742764012,2.0460070049649377,-4.588740176551745,8.06926066599491,-4.349277786685669,0.5403022007009476,2.4480537872932224,-1.5593576242674632,3.821959352257708,-4.809386152641046,-5.684637396317361,3.2955696106169485,6.054993472994208,-1.9249028246330246,-1.5928156664254793,4.051124345832697,6.846810508840415,-4.594949350296616,-0.7428508302440113,-4.477950815127229,-1.5899832114310979,5.792944019322066,-2.4113299264984924,-1.7142374465976196,-1.4619895676106485,3.752094151876791,-4.869427175218909,8.688599249276834,3.1403814409971313,0.5136201981987143,-0.39950472906880347,4.955647315490852,-4.35571679262192,8.36124613189945,-4.902559742584846,3.4056208562837162,7.6382157577240894,4.0,1.0,1984.2850929060717,0.36836651316052144
435,3.675096407372257,7.105812037908922,-2.588112546024172,-1.3377324863075253,1.251877846627521,1.5929441647634919,-2.170034614847459,-3.761793005551382,-3.5357515536938444,0.33633993919882105,1.9402927776690713,5.387471903321324,-2.4074683224957614,-4.583581246553299,1.5528973385834604,-4.760653848217321,7.813260828452142,-3.785995754392508,0.5386003461878682,3.360818972640966,-1.3301049771686468,3.94899472682722,-5.018707938119088,-6.058319813617812,3.089195051260755,6.1985916040044176,-1.4079063258643278,-1.1925362805247215,3.2629111117394647,7.1488316903789135,-5.605245234663489,-0.8374693118799466,-4.678891096143419,-1.753367269483019,5.999863042189275,-2.3769423993530383,-1.3522108880267278,-1.9546369270910016,4.4974259183834135,-4.829421041245995,7.462740331100132,2.674827481852805,1.4200037231908436,-0.08913373380133945,4.528382878933248,-3.1951213633613853,8.94565727877472,-4.734141199029518,4.170629302459039,7.284872248813856,4.0,1.0,1747.7243058113932,0.5713420632923442
436,3.4261060308626448,7.2123210866028415,-3.0291641998137306,-2.0034726284585647,1.6604462314315662,0.9044591319553135,-2.8764337125170965,-3.1102926870008862,-3.1660884868374004,0.8633672860222954,1.9483755994760719,5.073600058067418,-2.2587110160522457,-3.95731290714422,2.7902994469966687,-4.092403829151013,7.904652747878589,-3.5030858835817753,0.14203156029888395,2.4215310885975216,-1.4489735704007427,4.6995201615322415,-3.009298343043321,-6.042163192221974,3.5109298293973588,5.911558391250558,-1.799066894710763,-1.3292450911778178,3.7508408308434604,6.7887820574333135,-4.42617879731887,-1.0458075039392118,-4.051504204283748,-2.324688579645334,4.583755768121169,-2.8633552922614367,-1.2554875514988098,-2.2138838942073438,4.361553253520231,-4.779287744587583,8.210355391272513,3.026809585690187,0.5758656103240627,-0.33963486695597245,4.849897372791116,-3.9777399579239936,8.205614879409108,-4.138498576609587,4.102088997590719,7.518555750699624,4.0,1.0,1395.4238989045195,0.6352355405804724
437,3.143959296981021,6.263487858115686,-3.5800650022988547,-2.4166996209838976,0.7964305410296402,1.1784930171396413,-2.7509962243042345,-4.352186124841311,-3.0501484971271986,0.21796955271265164,1.7565617203140447,5.246643125708239,-2.720906820680456,-4.205972682709222,1.8427178276976528,-4.600405468044719,7.752473880659273,-3.4313666136338012,0.47478425315149997,3.5597775015954785,-1.4949218202940746,4.239263431379862,-3.8414554535925403,-5.954381608267554,3.3514657473707508,6.430993548547423,-1.6709869587256838,-0.6064642505402432,3.1969071448724824,7.321406166663515,-5.397508074198157,-0.590980517248136,-4.902347011901633,-1.3094730776258505,5.360456508691708,-2.6439937862543035,-1.2196288541148954,-2.230451014430724,4.531510858656337,-5.239562854003857,8.123443375598335,3.435362218540538,0.4800831593041721,-0.06264544807715124,4.753402802911348,-3.313791758666611,8.662795607518083,-4.591424134674676,4.665116191436379,8.434223479246059,4.0,1.0,1877.8937843327833,0.5887832098018
438,4.087356370770727,6.8855644264188935,-3.38395350943484,-2.145521008057386,1.4663642737962523,2.1852427324800483,-2.7719098243728952,-3.9231166210625465,-3.2055164480903127,0.5714217210311711,1.7065615249980586,5.1635383942370074,-2.506510719521783,-4.239959057928672,1.788029265898131,-4.127010656532481,8.47344021983959,-4.139384194330817,0.379881231100926,3.305520496369902,-1.385495514744948,4.123064434668398,-4.1476741549747365,-6.627169764509775,4.178583572381125,5.814418034734492,-0.9220799610997042,-1.0767600133417796,3.3597764883964447,6.984767727707146,-4.457571428603338,-0.3591708253615504,-4.138385504267859,-1.3485657057791323,4.614131382717353,-2.1085187390702282,-0.8481703124702751,-1.5918980826472353,4.128349042484444,-5.275153250736349,7.8302473790669955,2.880938937104745,0.849536560622584,-0.20424119960691486,4.138712034551116,-4.05356335123006,8.47546462338148,-4.941981337152487,3.7223072046063397,7.7025125234644065,4.0,1.0,1563.315130150692,0.7779745852770247
439,3.7243809702515844,6.907243837835101,-3.2595376640027958,-1.41556307906972,2.0540108671037203,1.0845870120385,-2.9951151180982483,-4.237000751309513,-2.8466642794581234,0.4310939294386077,2.53757952644211,4.7636512979771135,-1.9457909088470242,-4.8472714952697,1.9376116882867689,-4.905322179436487,7.627238461531965,-3.719818482495697,0.3697053689461563,3.1226343305130646,-1.1777945886065455,3.788074427599155,-3.612728086524858,-6.006420507935914,3.075599450860009,6.298566159073997,-1.6726685699413808,-0.9030445906732639,3.358237566699966,6.926694096830422,-5.046216008556638,-0.6647679703409938,-4.160553846326591,-2.5603565438932177,5.3082275989316,-2.787622896468275,-0.5668427461146164,-2.208770279246113,4.467086286034181,-4.751173151432898,7.759245570818836,3.6780459161365067,0.8104627023652439,0.054448095571302174,4.823526433262688,-4.0226080315800905,8.337812366404291,-4.518590453685766,4.117997996840543,8.023320030452599,4.0,1.0,1663.9482664828708,0.5825436781988049
440,4.034619929120911,6.785305302865217,-3.16423418492024,-1.4378521926136711,2.398946647296114,0.8810014131430284,-3.334685393276525,-4.024940830005093,-3.413202963425152,0.39720513902172333,2.439040027662615,4.849232126137658,-2.647491789371868,-5.125198064834551,1.9792991021355717,-4.867292998231234,8.987064328309053,-3.8170220416204783,0.12972957619055844,3.5699350914860712,-0.9265627830027632,4.112008923170237,-4.49479572259406,-6.4885475945842055,3.5674958352892947,6.420887156544782,-1.6179662350392068,-0.7987809377873467,3.2673579829980355,6.882580141986112,-5.415853571015467,-0.7316183870681416,-4.339838441643864,-2.212206692196,5.558694034088551,-2.1396810037835152,-0.8640173646010043,-1.9340513236822359,4.113872920410818,-4.695353671399038,7.65022998560374,3.1995530076442105,1.5463267866885304,0.11128055186358665,4.698148922822592,-3.7453847794596293,7.668578978781942,-4.348165396931532,3.8421498417856195,8.85400438911246,4.0,1.0,2248.1017920198587,0.16510531478353202
441,3.8353780691756834,6.915380228193724,-3.569696695478627,-2.1426435457226436,2.3638056741039706,1.9830611604358945,-3.1468458939149464,-3.9315698509900248,-4.036288444003239,0.4967878253704226,2.0683144429449016,5.1833966879127225,-2.2096870197397807,-4.127608751678914,1.9275821726552247,-3.764990950944675,8.288362309141784,-3.929326846949199,-0.10337291293057471,3.6570787595296474,-1.6736968478966605,4.470211534472771,-3.595624419549505,-5.904486873399821,2.8660781531683863,6.115630089473302,-1.9064173008084029,-1.5292839004971366,3.754498897275015,7.234461869678742,-4.997586273227836,-0.2630740971758365,-3.9569484490387055,-1.9247959350343693,5.256736677475016,-1.734842337503991,-1.034041442614045,-1.7098867814234784,4.200485101839732,-4.978909791373772,8.020055142535018,3.2300978095872503,1.1434816056871027,0.798360425508104,4.87059059295249,-4.2266914119056445,8.82224423189315,-4.410446007060582,4.567193880252551,7.372557901711147,4.0,1.0,2298.76001022032,0.010918792520644694
442,4.374675447783155,6.822612099965508,-3.3486269313607284,-1.207062122319086,1.3511536815046359,1.568484199646997,-2.1981180460016603,-3.832210547510834,-2.9110950262746416,-0.017897198198657205,2.310501539973494,4.886305145960576,-3.194352079266093,-4.465868609300337,2.0721282431178873,-5.073583198473565,7.287728522183075,-4.716245996429786,0.8371123544633022,2.8706247744756856,-1.5680093247766391,3.8717969689834058,-4.618002324385286,-6.376218707496098,3.619418658878519,6.06316057615976,-1.1546479394454192,-1.1735385783948005,3.3845712032379254,6.951734469888191,-5.447373153469857,-0.5971466093028448,-4.058992797906212,-1.4366622971146965,5.524824568140035,-2.1065224026642713,-1.1146641038977543,-2.3586407867549886,4.1597929787890795,-4.738502386179462,8.273149571946075,2.833831245584661,1.2427141539616173,0.8182214425086883,4.120323451503438,-4.151410203657,8.723248284490184,-4.801000580958279,3.9482220129961423,7.710614903383327,4.0,1.0,2064.1184303118666,0.07451531062905935
443,4.0324754254397925,6.886356173111034,-3.915334835225928,-1.6072744285750125,1.247074515929496,1.3052072122545089,-2.3985255083727495,-3.2835545958668506,-3.1100742451788754,0.6832000238154072,2.1474921298199385,5.083446067438642,-2.3129846735792343,-4.824150934017549,2.2945965459312876,-3.8014110818642473,8.354850686568044,-4.031242697276764,0.44096589986177115,3.7162863062198026,-1.492691380131065,3.693913904915077,-4.3848536267811244,-5.304673068456223,2.949651780268602,5.877831404359023,-1.095481189182962,-1.4727489074875462,3.713672812282361,6.8345398202167615,-5.218626518443218,-0.14285077046809053,-3.913213659454606,-2.039122005979371,4.92571870193899,-2.8800236788824334,-1.147136931515753,-2.0671846299091965,3.629566427538644,-5.403263176430674,6.823997053168519,3.1912199533035004,1.170818977141296,-0.4331865450767244,5.716579456711956,-4.121544474085594,8.644617325811367,-5.381926239489757,4.8512434723997115,7.627151407491388,4.0,1.0,1861.6982315348569,0.17353013949682047
444,3.685382203569918,6.929308898266101,-2.7556587237598342,-1.9915744813997134,1.7193287887097854,1.5879279552316463,-2.9614532747848616,-4.092617982917208,-3.8577343334356673,0.5268943647503173,2.179081474338755,5.070917389212784,-2.1638816414427757,-4.840332096057439,2.561732720555887,-4.609150365165013,7.88758501869863,-3.918438868433924,0.5437373849113886,2.7613893515833436,-1.4540948575570385,4.369074346201985,-4.871668155136317,-6.0780921888250505,3.9406947119001687,6.51313376326823,-1.2206616611284522,-1.1314138969481953,3.774443277871896,6.591104575422522,-4.787071696392396,-0.1625930371854114,-3.686364806804142,-1.1455116767474829,5.4577328088320245,-2.2822365618789076,-0.6651887839105499,-2.411648330519314,4.2065859278271285,-5.005899089512662,8.357398042367356,2.8097446401805204,1.0755497757236308,-0.2799754126565054,4.444718116241189,-3.7662191509856906,8.485565738595898,-4.406680946220967,3.4233122797117486,7.622450009050644,4.0,1.0,1864.0573849867499,0.3004518995925054
445,4.10175254980326,7.255635084815317,-3.319691186938403,-2.434387921369117,1.7039548767860415,1.2192533882516285,-2.644882786061349,-4.13834387978136,-3.723123999752654,0.45057790057045854,2.58605700736278,5.43274800500616,-2.9427244958625005,-5.139163702796403,1.3763661342975069,-4.67542774449022,8.407304176947944,-4.117258057528028,0.24748466338975084,2.596364611475794,-1.4444655074803996,4.013327599303177,-3.960364925481573,-5.75845380104225,3.886969895998171,5.487839806974066,-1.2911924714032592,-1.4656349656849192,3.267996340915728,7.310042510978882,-4.694940883381615,-1.0643371628085188,-4.367290692673918,-2.6705571930913585,5.364934183465085,-3.4811581069260153,-0.5351809017003657,-2.2679464726549523,3.535936050263331,-5.649761098573313,8.110078256131356,3.583063513333899,0.9581865560961692,-0.33431542803215797,4.769341255471013,-4.881414029696037,7.845629738361463,-4.861348279144634,3.837510706796319,8.016466279522081,4.0,1.0,2003.2470295690655,0.6763342274935802
446,4.0142432317512045,6.8810999831710555,-3.144075282517465,-1.620512573978616,1.0731484634842048,1.2416634116047562,-1.7691657908441898,-3.7600226295779327,-3.3412677834523348,0.6408176524740805,2.2834916607433757,4.988615141185628,-2.25174030867787,-4.714320783244005,2.1280883821395262,-4.295410157599814,8.432682532220154,-4.432042618746078,0.7193814480910365,3.257690440535185,-0.742795795187204,4.252867243269156,-3.5623868622567025,-5.680550902095309,3.1987640464705938,7.092049487299145,-1.6286237747847583,-0.7208714754146881,3.6179231019283327,6.715163813611018,-5.997456911082059,-0.3896218498739475,-4.387679244895451,-1.230879852845373,5.541495268279679,-2.0626497177622998,-1.1155402089669306,-2.6035522561027324,4.148235807587893,-4.629469825833493,8.092508413424516,2.817128703514938,1.074094333678778,-0.3482379508938024,4.825891477660455,-4.2124360222851704,8.657320022998578,-4.431706919532332,4.506404936562141,8.15586561282549,4.0,1.0,2074.203583447129,0.23810120278732783
447,3.8734841939874456,6.968763869396733,-2.554790673235227,-1.8191591211615796,2.398201938966925,1.712825601422239,-2.2282692505702055,-3.357674889547349,-3.571988748787676,1.166971603855097,1.2448478936068073,4.618428790853317,-2.3957481132330725,-4.212410798697961,2.528811354258036,-3.582091837338787,7.834104055549716,-4.0621886353033645,-0.05207051891718234,3.0857450120388443,-1.5416922711009085,4.449885096325216,-4.694809150430243,-5.821379676745358,3.4662570069417935,5.79152773266714,-1.3398368958600249,-1.0106388233647596,3.030571527291307,6.938710039497633,-4.51457295419014,-0.715625093962049,-4.4562953610999605,-2.039587352969696,5.21281860297517,-2.615295781389308,-0.8020321697019015,-1.996148360471946,4.191856702691571,-4.5890857429493845,8.466340943026497,2.6223522384526614,1.0789112990366898,-0.14907458530956427,5.017160285161948,-3.911647695080546,7.786491046344529,-4.813092609029512,3.8829712269465375,8.04470057908483,4.0,1.0,1535.7862465093579,0.5163004784449419
448,3.801680544846935,6.624276092094106,-3.6001965772230897,-2.466547938368491,1.5116389914216022,1.9433978571329895,-2.633447859797248,-3.4389534160922883,-3.4488413126452695,1.0757295541092138,2.141218289053915,5.005180755322676,-3.0728892599029645,-4.450121320867322,2.153435825177133,-4.159838559005131,8.380347609660372,-3.668344637277452,0.5451471271612837,3.137701152368565,-2.3951993162304186,4.383163416600051,-4.265962715225085,-5.754041386916958,3.3776105935992717,5.989572041787623,-1.908977558204859,-1.6490331646103293,3.747366061700333,7.17277599487098,-4.9818499775295155,-0.31182120640131294,-4.7990924136136,-2.3014145302359386,5.524373668907707,-2.4282909315473713,-1.4135405927561258,-1.5457925567371102,3.477626534490617,-4.914996671936533,7.604472565244519,3.325400077356244,1.4313307298556546,0.17924797075742177,5.22926447935191,-4.067495938392162,8.56693967123457,-4.791525494042629,4.238709023747355,7.946468802276254,4.0,1.0,1869.6563598665725,0.6284819569927876
449,2.8716507395161277,6.95642555829508,-3.2530641907477578,-1.8660852693999967,2.048448402967776,1.4922519346195586,-2.99540477526107,-3.6372170346977515,-3.5759657232805644,0.45196970816257787,1.8851754156488771,4.518301119982473,-2.73627937535327,-4.663048671008497,1.4148071061822582,-4.066507304709739,7.955743856902353,-3.648693341056479,0.5960146335237327,3.357403265337358,-2.124321200827745,3.9790529198621822,-4.586288718048751,-6.254449675582631,3.139064104379866,6.500955165194288,-1.343455555805271,-1.1073323816720917,3.7798598855458474,7.443174376899035,-5.349719852087268,0.014462247911550485,-4.005339969731277,-1.9950640124335763,5.386249933513957,-2.5087242124556375,-1.282403456275179,-1.8434897071811425,3.7140377561760776,-4.773976910084847,8.094620347798836,2.97481199288333,0.9399176076881709,-0.4622300768847433,4.997527795388762,-3.952242601440372,7.758648538991209,-5.1760147848282445,4.795607240726574,7.495903291754899,4.0,1.0,1893.039011015674,0.21760124345453244
450,3.7384973035656652,7.0217666722920935,-3.4076922619958125,-2.0451068138761386,1.6567911271456284,1.6579223612427607,-2.505434372416818,-4.3296837618131905,-3.5380198634761064,-0.27188958689543363,2.01138920898619,4.828034132531066,-3.096409926175901,-4.808832136524735,1.605644040971158,-4.536555345716691,8.265513881747522,-4.091395152828942,0.691735354653766,3.2414104188284933,-1.1552965771977974,4.741696291316897,-4.122010525532288,-6.3059512915195315,3.234067407289356,5.99059352860089,-0.7761013896922068,-1.4228792694526398,2.918866059621629,6.646244205128003,-5.613428531923842,-1.0979951260064056,-4.3078149290721655,-1.6109783364084764,5.72884415034251,-2.5275844316207987,-1.0006534609140818,-1.7906487270729705,3.7229328003103688,-4.793365590511877,8.171649626211318,3.2049779635366775,1.4318300210120882,0.16263243829303625,5.270678635593012,-3.566623889339941,7.593628996111056,-5.402544949211917,3.907581131623315,7.921960007472552,4.0,1.0,1837.7759242343477,0.6081443368380827
451,3.5419686422339205,7.123368836091243,-3.2017395193824196,-1.4698602578264017,1.6321023813101219,1.333804943502936,-2.3486011248719643,-4.073156453743001,-3.7639332263427345,0.517697017344829,2.0883042669846663,4.226753133477741,-2.073391571934427,-4.868571586833493,1.7684797318731726,-4.707605451607665,8.355851673137545,-3.592938213352554,0.4308694750867804,2.1518496379101046,-1.4995856643497416,4.215150513123342,-3.8012301073912984,-6.036539617014447,3.720466477681095,6.112129234072932,-1.2707910212662419,-1.607864562660073,3.5926443133420483,6.469217131131673,-4.705728367761958,-0.9345303444097569,-3.6574538992756223,-1.3572286650812897,5.608039401418595,-2.7194053530787468,-1.0270657382030484,-1.889630384798405,3.868742486474932,-4.965161467445331,7.831793166771559,3.3792449722783724,1.2569421461483943,-0.2448477153186399,4.440661883571633,-4.411956317820564,8.286287183200068,-5.000464283587849,4.773727606932959,7.256837222780464,4.0,1.0,1702.7836570418854,0.2654694205933021
452,4.0887385598658765,6.945407689401247,-3.5387143268135284,-2.0378779705277617,2.078701926333472,1.6514753624986693,-2.1178918964471674,-3.600926784281348,-4.198884901407968,0.1325118131727359,2.579660682614116,5.138955746464333,-2.8274323599329736,-4.044459293525199,2.5103497197554363,-4.333776807399272,7.7296079476801,-3.303859981882387,0.4002083632688127,2.756578476871852,-1.543953905420655,4.592380150331234,-3.5392068996740425,-5.88628091930255,3.7552864236737973,6.69483126438293,-1.0032930611808277,-0.6687018905097628,3.7069523253281873,7.5353190273460715,-5.4268488098332925,-0.4960346520812298,-4.764143951467404,-1.6097761540505453,5.900755574384599,-2.9097105251287267,-1.1409478167852456,-1.950327885735288,4.346211484174528,-5.251836262563119,8.105505226354692,2.9154792260137103,1.2362946915737778,-0.6284450736298028,4.446743582321456,-4.616228893266754,8.109078632320122,-5.202594149612929,4.080758021670968,7.795529676960663,4.0,1.0,2102.7591019752495,0.4036784824356363
453,3.7793701032543754,6.744278325060045,-3.151350499381065,-1.715169030321333,1.3499022007108874,1.2745212176775798,-2.581241028997232,-3.587228617946717,-3.3547992219634506,0.3099787256736127,2.19495799780187,4.875963890927436,-2.5760212256375787,-4.571025439748043,2.078532782563143,-5.023425842611378,8.338228091006828,-4.3488616967591325,0.2922921101423709,2.9454561190945965,-1.7731268204500252,4.708825333120183,-4.249228871135206,-5.994615917494847,3.081668003999508,5.453445407312659,-1.3918724241305507,-1.545303986599456,3.812461035964052,7.036126388418736,-5.027658921088245,-0.39151011739345365,-4.595392436000747,-1.5618753051547023,5.687586002553272,-2.6464650772257414,-1.7848020916226623,-2.176010461845608,3.712176478165783,-5.450427876356975,8.777953068656169,3.3045054523426214,1.4990484075484007,-0.08080756234664196,4.854518534726037,-3.6622990931622015,9.162183922333467,-4.637931859121813,4.108179841327553,7.023843655863338,4.0,1.0,1919.5020342257271,0.6551260769275541
454,3.477801012092793,6.584375425320038,-2.6505360529823885,-2.0614734269071424,1.6219070419175046,1.6526782078889348,-2.615266604545457,-3.6960694438395985,-3.917629583441177,0.06518870374709274,1.4040115636218937,5.3700736293192115,-2.967623576428916,-4.15201253272113,1.7332806517417119,-4.74043715339956,8.254934131867163,-4.267845731484384,1.1784601666263215,2.7664956767634057,-1.741232993701235,3.737178324297645,-3.90021054089108,-5.9644878988249275,3.6793641626124973,6.312472657355246,-1.8322244166060595,-0.531791179578349,3.0514678624252345,6.959462876731366,-5.007148990968216,-0.2916516132731205,-4.813003098981477,-2.2782832508904214,5.0274620913119366,-2.4990486966960734,-0.9611707816779407,-1.9336702287562304,4.32735121809488,-4.812801182540662,8.245831582829974,2.8842960695324447,1.192752860068948,-0.28200041180883073,4.7228174921275805,-4.3154993608391985,8.374980807075973,-4.828047234607618,4.116677661337361,7.381412039847594,4.0,1.0,1782.744395979225,0.4031366467368391
455,3.7223409932346128,6.509174219303696,-2.9818848916174305,-2.069923299552863,1.5019097390052303,1.1701269204004376,-2.459328327053317,-3.792841657249225,-3.516236616792092,0.20342055797713327,1.939343259328793,5.4100769612960935,-3.0792522525945145,-5.078638000168246,2.5373518559163357,-4.303244467330101,8.123267178797134,-3.679762450167388,0.7650386116799021,3.269033086514243,-1.3295994409725136,4.117289790598862,-3.8966507451061707,-5.973482843066286,3.8572676721265893,6.251943845513061,-1.2302229873684856,-0.49869437496881647,3.6380458925892096,6.657562763196813,-5.287667880956954,-0.5370658253026177,-4.519113361223351,-1.8849420326976711,5.173444189061385,-3.1609638850302466,-0.9703103702102676,-2.333751783641177,3.691647599616399,-4.957753654459953,7.763989338383119,2.209121760756082,0.4085920987254978,0.020809818339777547,5.099082259214163,-3.4298168185628164,8.003047819408764,-5.098841867456823,4.669049975867964,7.7100464834114675,4.0,1.0,1821.365464333881,0.2844149832171469
456,3.7902750414640165,7.0102833401017035,-2.77892614481663,-2.2012984090353886,1.7277920850393267,1.4510937861136746,-2.791918472184036,-3.4657571424903755,-3.281315974891646,-0.04668857590987041,2.05690330660861,5.2041518408943155,-2.826278982583446,-5.342422924856012,2.419945163381727,-5.093115257411108,8.683210927228025,-4.18841878348051,0.952652774992503,3.123058162296638,-2.064578907338656,4.063176338279656,-3.6195746456956317,-5.905988122014743,4.433229390020646,6.451100303384212,-1.3955712101167745,-0.4044295361649912,3.7168592147999595,7.222352546528164,-5.138185260243592,-0.9795415418870045,-4.374177134943274,-2.0670930281749706,5.565837198678036,-2.5571635971630955,-1.1879765043770902,-2.3625380221575605,4.050751389220382,-5.596120679918054,7.690438136442826,3.1415400792192116,1.0055914130879502,0.026151802284023695,4.720451203088343,-3.665940757587451,8.323495855463111,-4.267299870885882,5.326061284174958,7.82963071014827,4.0,1.0,2070.144996057579,0.7266876140373428
457,4.088755137285234,6.558956549540589,-3.525469620313353,-1.8332957932706988,1.3848998244993111,1.185328962577064,-2.5377387867874286,-3.2361928503819675,-3.5256156651433384,-0.016653815298253605,2.50838244426927,5.338371766960373,-2.8483751128431978,-4.280531760016327,1.8387692805655789,-4.5168466563070275,8.289011243347401,-5.076035367521104,0.3377708669352758,3.32062608263373,-1.0813756867296234,4.327981014623286,-3.848237399686056,-5.5703943657051385,3.3004945621910506,5.889113482304627,-1.1138213624059685,-0.9897898024422087,2.9073988981384535,7.2442050042282595,-5.149387656176459,-0.4158864227476353,-4.5395606038494645,-2.0327345945545794,5.36139649056186,-2.4605598326843094,-1.4034679704169337,-2.174192150364895,4.974911694521559,-4.666975145271568,8.991313838992806,2.8780766937650117,-0.09205838840553227,0.18248652325399378,4.367506517953012,-3.9473835731639006,8.358876179827678,-5.324384459499196,4.708683621116752,7.909715261199836,4.0,1.0,1897.4023738382225,0.7398198562187533
458,3.668711261895323,7.085113113145616,-3.321265376131769,-1.9836537466574535,0.8953463448536686,1.6512790761334952,-2.5699459444303634,-3.8048660377043007,-3.992850012617704,0.39707753143250696,2.6134289461628084,5.018167121902279,-2.613913871710876,-4.621813513732918,1.5419927695249047,-4.298175345853316,7.703983988474335,-4.232622663791927,0.29709875370299466,3.8247093189977335,-1.7246748865712684,3.8063932561321527,-4.213705753456919,-5.98718922562528,3.860760653958947,6.142709882169814,-1.131546499790703,-1.1822610975056667,3.163233092937668,7.401724984293759,-5.352098003764051,-0.5475325271389514,-3.8258482386871675,-1.2330201721354332,6.145147963996138,-3.0363492328347643,-1.4721040482507939,-1.99155014350968,4.09286692027811,-5.540138261448298,8.116739176179642,3.490324914778603,1.2695089663941346,-0.21338013681032125,4.41635971663163,-3.6064324681567697,8.792671641082645,-5.303204474791202,4.230281238420111,8.05835337165433,4.0,1.0,2168.1024364177447,0.40888988937679216
459,4.172054030960773,6.536026953177575,-2.7449183004262814,-2.486071662659736,0.9127775548189437,1.6085807316040428,-2.716530452026857,-3.9446114049224192,-3.128571276517879,0.9002013392045178,2.813216167825121,4.866992020333962,-2.757531729873382,-4.1401388781932615,1.58759603761471,-3.8826208849077974,8.323684562184578,-3.605645403047773,0.06394322753933768,3.7883174274522444,-1.5787298460696704,4.460463008563757,-4.396908547080322,-6.54685120908421,3.755398898095508,6.710645256040027,-1.1315685322593783,-1.4454452049021542,3.0039566524749413,7.683837718458777,-5.389142416251653,-0.809272025598083,-4.185472833647662,-1.849532935990756,5.132414380920054,-2.9204077314665056,-1.654857466093317,-1.846746217128493,3.438918508018378,-5.084722487255787,7.988662483553241,2.9419658726056204,0.8337583423444397,-0.9047914351489121,4.329072327963754,-4.752419866608909,8.374001213418142,-4.948806112011572,3.8493838164530088,7.914607954860284,4.0,1.0,1938.4234611285017,0.5383835575773647
460,3.6689612913101874,6.300130365416371,-3.043774303197256,-1.2438652207712404,1.460202888491661,1.1786425790566892,-2.9469181254143137,-4.37040872079502,-3.6450937378986032,-0.40845398957518175,1.8362212086552874,5.09141068787242,-2.7671861713606973,-4.498207689751369,1.7532496442251397,-3.9571334348681475,7.581874390301299,-3.2061675520246724,0.3164371050775502,3.5449385017089714,-1.9099459011532587,4.09751841795322,-4.47753121339076,-5.658056180374421,2.929111709191669,5.881136903802828,-1.235500012190211,-0.864912908307159,3.0219664966573028,7.2640120899937095,-5.536023364645468,-0.922318489677501,-3.446270170510096,-1.5665118805934064,5.537668616643011,-2.459865579745295,-0.8373012535832318,-1.8029373275663527,4.419868204098025,-5.122807940320672,7.904429987569268,3.8777488824434108,1.1312223461164692,-0.500015687040759,5.0426041292824175,-4.4387848636661715,8.43290142796151,-5.210771503365579,4.747704904001563,7.87006543770226,4.0,1.0,1794.7942981241563,0.36859604043844874
461,3.5421775050521114,6.656830146441766,-2.9389545437578644,-1.8410997390344923,1.6757413693188308,1.6306727753698005,-2.0269076144887284,-3.3100305394232583,-3.4541143349908054,0.4515665521795669,2.518856366239859,4.330713720375753,-2.5924667735366462,-5.042233227296292,2.5510307216815593,-4.5826668617293755,8.030712129877354,-4.0333390386169725,-0.10127320582930366,3.447258327678587,-0.947334134074287,4.501365979025145,-4.504061049248678,-6.321884461258393,3.024899917633381,6.511385711615371,-0.7880847089039231,-0.8664170218985983,3.4956529527691997,6.821860036468356,-4.993675465101398,-0.41378544871014655,-4.380780234990017,-1.9256350757970688,5.166125006186502,-2.2495864530270486,-1.2487222345246856,-1.954404398331424,3.0814903867523107,-5.097413242167888,7.641103039991015,3.739786439786526,0.6137596378167535,-0.03355879056079442,4.399052536448324,-4.501853586288376,8.03258316507129,-5.605728755962937,3.826863246280575,7.41798592335425,4.0,1.0,1666.1459679077727,0.43700674958557323
462,3.976103987615554,6.250125729124751,-3.8766412724721455,-2.027232726723988,1.3968530421030434,1.5183490374803927,-3.4366821407491615,-3.9053619384499605,-3.5108623051271417,0.4964086268671875,1.8631707286669346,4.435601711689624,-2.4709074680141563,-5.172142551612191,2.4302198897252905,-4.4963496643443515,8.320278951908659,-4.481933100596073,0.0064933151303894765,3.0507608806004987,-1.6132468483380786,4.519179398463002,-4.82334273189689,-5.828479819632701,4.150394012843612,5.790284333338247,-1.5434179876767804,-0.9307621943247097,3.9161467927754314,7.49451207028645,-4.94052781123268,-0.4496603653133492,-4.306390216911493,-1.5170107422520323,5.62588108302718,-2.435022476353872,-1.254269317475386,-2.2329836001888586,3.5774873464269437,-4.960089676700681,7.8673435311484035,3.5395007630665396,0.7389157614701726,-0.1984870139927548,5.1749411392821845,-3.116594728867543,8.314484151717403,-4.841791400356056,4.293117862458061,7.204906002660307,4.0,1.0,1823.269808148705,0.6962529597718923
463,3.12747641225561,6.873014911479946,-3.4727807186255313,-2.2274602772321472,1.0189977139041995,0.7977279331497465,-2.842875361934499,-3.973632758132213,-3.697363223694695,0.6250651141997379,2.072743869328011,5.499330838928867,-2.7824484892617867,-4.480595616333354,2.020096703333795,-4.122212319972706,8.140829602145736,-4.152210391591259,0.6497531569337105,2.460949967366724,-1.4843994662695785,4.335795507045177,-5.352468424655466,-5.704719588823327,3.160722905067983,5.618864926999669,-1.4457107396571205,-1.1966216291443745,3.750516802475458,6.823439527315172,-4.613526177599093,-0.5623948642752552,-4.545143638789425,-2.151122296302508,5.169290710962706,-2.5740458216184314,-0.9270077949904576,-1.9551205031176304,4.21246271838303,-5.010420204108264,7.754040600278851,3.5363478554310066,1.5892157815987251,0.38771287553753697,4.9445451299851015,-3.7349630393502524,8.093882746444885,-5.143692707395916,3.4584607264696094,7.201688909527913,4.0,1.0,1824.6875827687845,0.14186113793210078
464,3.746229472839698,7.132378263069796,-3.248533840264926,-1.9290706155014943,1.6808433974886292,1.0559310883789916,-2.900852870746064,-3.3795601849546895,-4.039865121566029,0.34890825984700746,2.2798937243398836,5.0690872067426325,-2.6274072024023787,-4.350521191169272,2.0504322526701304,-4.000006550516989,8.214847638666495,-3.8736321554970954,1.36079965999255,2.5093999565630405,-1.1296489039004096,4.477230999446473,-5.017585752748635,-5.91943929071303,3.561092006377846,6.610233368682783,-1.818112451250609,-1.2789257814877102,3.302665988572259,6.78528646360502,-4.713168542405209,-0.20542902231392135,-4.890561081969043,-2.5698154500916854,5.420153323556313,-2.6911986890302373,-2.1017603592769376,-1.5843341559737119,3.7614581575749475,-5.661725810905306,8.229860331994868,2.907906922290041,0.32828848601984684,-0.22598213440449308,5.002433249401021,-3.64748516870339,9.234620443387923,-5.145654276060576,4.453428792592225,7.172497350423752,4.0,1.0,2129.2494852215777,0.3736799557943033
465,4.601490557036507,7.6894448148509635,-2.8290308118820673,-2.1150424260810583,1.451202073107751,1.8746472319151428,-3.0264133353195826,-3.6831173977996774,-3.9911487931083927,0.7427241938904887,2.0171291540672867,5.109608047682767,-2.30099059543293,-4.519427393645992,2.2404566487207127,-4.123905050609698,7.935527964782783,-3.825851384843994,-0.02675329518897246,3.5423457781875607,-1.1600411619031956,4.316342127750595,-4.715554588046009,-6.2209626701668155,2.3448537660871374,6.258210026868597,-1.212479199510491,-0.6823712752139265,3.6847256158999397,7.420782059747761,-5.091692178701091,-0.5892278644808193,-3.7631753616193437,-2.5281971316621368,5.444460200627312,-2.5527189099483634,-1.318308542066499,-2.0627623627030247,4.128974901132699,-5.648085626147967,8.098677092077933,3.076051511402332,0.7369557360424773,-0.23738972116449375,4.876961255458394,-4.402654345456774,7.828233883235789,-4.9238413939383765,4.171429055060853,7.221640109095283,4.0,1.0,2198.5105823788012,0.11807619783390476
466,3.501906952905059,6.605370814993195,-2.877119297430313,-2.502586859501288,0.7453092702477255,1.9927099470489797,-2.7542640048407865,-3.6362818338301515,-3.7069376331741326,-0.10587607798464599,2.26392282181529,5.388964727657925,-2.0971466249944646,-4.430826776081432,2.494896279070474,-4.464056454101189,7.925478022763806,-4.435866538745236,-0.1464111601487343,2.7665403673607902,-1.4479332372292466,4.249976386005229,-4.763009313688081,-6.425640774323779,3.8856835266078478,6.19384317954499,-1.3486305036337634,-1.1964877684386417,3.1912831194352345,7.056217057123176,-5.3799414408640365,-0.8400735523829113,-4.240309389539523,-1.1688625483549386,5.402083294386763,-2.4951380636624187,-0.5925719901241872,-1.7177887271767456,4.368248974807115,-5.069034664139902,7.726894243874102,3.710027812918569,1.7794368897184882,0.07074415668558473,4.927481138991373,-3.7425362306949324,8.665254754634311,-4.87609310593968,4.217984438597179,7.395486854820081,4.0,1.0,2066.1072337545947,0.16808018540947015
467,4.574526881371515,6.455704869262966,-3.257204196314752,-2.0973258399657846,2.0312647086609665,1.5393704258054355,-3.3982663631051238,-3.4294639922757697,-3.9161870470857756,0.011506908229609092,1.985063990911647,4.9165536888170625,-2.9876229611998655,-4.61950921774868,2.162661973069615,-4.205998935285949,7.984050763303968,-4.112188709646136,0.5416573987575362,2.9468645335239128,-1.9160454022502478,4.88884720889948,-4.120327889229831,-6.228509264350208,3.294865628333858,6.264179059578033,-1.353388502207239,-0.5062041705524805,3.1950271502152168,6.949559415546058,-5.602515503683886,-0.8784614392140387,-4.0859453990835695,-1.953148261789879,5.936634094469208,-2.325007107464811,-1.0503223546770626,-1.5668702967689885,4.3315332168623195,-6.093534688762014,7.76510889428207,2.1374119806375953,1.0275039559959525,-0.3137323329180882,4.605870394520986,-3.8840600712599582,8.117938135185653,-4.98623414419918,4.028916753957219,7.154813916768606,4.0,1.0,2252.291989220133,0.019556942268682143
468,4.065639820255904,7.522909747136707,-3.0264011254053673,-1.7445090388602638,1.9360866411791853,1.233915931351891,-3.484210032298008,-2.9920824286677368,-3.1555575001386824,0.7098574090169943,1.9769406516722148,5.043507529630509,-1.7106135816903785,-4.585027411347987,1.8156182241259078,-4.212310909158459,8.120145870131044,-4.62616055777315,0.5450039237547526,3.0752558520628823,-1.0312642257898794,4.211838188843368,-4.693134888568416,-6.091252845390627,3.4937832317783073,5.986596724689205,-1.3459973517908743,-1.2365724310804707,3.459401400831269,7.436715303835577,-5.3186803173317685,-0.6647458450462299,-4.338001253559156,-1.839029998428475,4.973926485951973,-2.6336391059449977,-0.8770646284060691,-2.6445081023613035,4.499173673499926,-5.002915061471784,9.014203402591182,3.9644842527262396,1.2067675966554177,0.25450125467470386,4.019084678812964,-3.9246167749340675,8.615024381195482,-4.4697050548001735,4.377501880021252,7.9999554506725135,4.0,1.0,2149.798634770854,0.46236719349058997
469,3.860276943374245,7.2135601732258525,-2.932303295052075,-1.7273440235826374,1.2541920044497528,1.41352470091729,-3.5587341512760595,-4.159164286843957,-2.6640643183578545,1.1923587239646467,2.4973879314545036,5.671935516524298,-2.3982263736263554,-4.920608318123196,2.553408953523589,-4.235023982472124,7.85575317472043,-3.8124919960316097,-0.2927188872103643,2.5337633054061675,-1.544388115349907,4.2696055018625,-4.5671537502445245,-5.479436236131075,3.774797960481646,6.345713175796688,-1.5419057007980506,-0.75243837689333,3.5610501989036663,7.30033012324012,-4.841263783150032,-0.9431273077367988,-3.750453750063862,-2.1017344995179448,4.5472806243758805,-2.4577429850114605,-1.32917924508418,-2.0017227732902265,4.733358831629841,-4.718588056218522,7.842433374306059,3.9344895450875823,1.930046121204894,0.16307881230694465,5.12926941171445,-3.8037305673616117,9.01370203005793,-4.792750935816222,4.443494941493167,7.9848208689284945,4.0,1.0,2064.3490656955573,0.37877476418705885
470,3.8445303972866025,6.42853707303545,-3.2129950546226356,-1.7248258338553006,1.6716337109726445,1.5370125599491873,-2.642109619012282,-4.305631722390789,-3.5738445715344893,0.7633485204892396,1.7459084890089949,5.303192780054785,-2.7799830854753664,-4.624401540266583,2.1043645195325205,-4.241218892608628,8.571071858891235,-3.9695634336220684,0.5003482591158384,3.604352481683743,-1.7209120388101073,3.829903261357344,-4.198283586939573,-5.962432957760657,3.913074988892113,6.0105288698509645,-1.4874234806703441,-0.7199435223258075,3.5709782664512724,7.14920815449774,-4.530170115729267,-0.4558412560417912,-4.228143488470352,-1.3010350772396517,5.871324911828103,-2.5000198581364597,-0.585711736436435,-1.1815893619979907,4.466049479485275,-5.2968156738704915,8.97986837628202,3.117415410532047,1.50825963333482,-0.0809978557371837,5.100444876393883,-3.8476580613035467,8.383036360815147,-4.926252195464515,4.494217264474873,7.760657967481626,4.0,1.0,2138.817206003775,0.4135952369575037
471,4.121977708944012,7.00078387799728,-2.905962458930537,-1.3056920643112422,1.725253542702506,1.3558507192641407,-3.625862650751386,-4.072949908128902,-3.068057550022758,-0.1984192548359338,1.8511280347948438,4.701691909919402,-2.192984019058647,-4.420969968385061,2.158174680917143,-3.3853227326801743,8.268062500702309,-4.248619923883944,0.23603855801454776,3.081458338312832,-1.2451144325252794,4.429120639396609,-3.9848767642850493,-6.200280460282789,3.300009027550157,6.5683942855524275,-1.1189756818880765,-1.586562131251875,2.9830594381507693,7.30962189814217,-4.590983831865071,-0.6026859518591359,-3.8993075945037288,-1.8933808259672955,5.2942458318617085,-2.624645254162647,-0.9498723148267911,-1.6227326637286206,4.782542377645603,-5.656371945972346,8.180489797447258,3.18028660428564,1.1087980531928352,-0.7046206729667638,4.004497797318734,-3.406144152418523,8.359462043217627,-4.591378669471544,4.798844644015186,8.05160719922145,4.0,1.0,2292.0189518505576,0.007303934769545873
472,3.1142800114480025,6.4576876836795885,-2.5243330814027156,-1.3046633982521727,1.4732936543183568,0.8166489037559267,-2.77728784998226,-3.420265902148132,-3.2513500905474007,0.20116678914893113,1.7666295996128036,4.338206981664173,-2.590942718324999,-4.546719776787108,1.4605597813227849,-3.6987990964440276,8.353013432649783,-4.465571354812889,0.5220917358027032,3.492666892797451,-1.9037475883484802,3.9738529397009654,-4.103937868528253,-6.3172731410693626,3.3285544517974803,6.022987430216791,-2.0035399358339774,-1.1593855777587763,3.2555588041708634,6.987838092292344,-4.322550337240591,-0.6103437262827558,-4.905690415050068,-2.448924952310629,5.456163195780398,-2.15346502213394,-0.5479272331854502,-1.86022928386674,4.3899118894856,-5.512911630425803,8.50998233919935,2.9715084193328845,0.3492268530766977,0.12082512595071623,4.788939724810814,-4.0810649893458715,8.767584315419427,-5.159189781780107,3.5908992690521417,8.094771165599521,4.0,1.0,1842.874391393151,0.3057198330934834
473,3.9721521773551967,6.27928901115249,-3.094862498040697,-2.1210657134598656,1.5356063876028987,1.70235451255291,-2.65186371457091,-3.9527968885825646,-3.3904515005589833,0.4117022715719302,2.5787653946545186,4.757467002059575,-2.994478931588158,-4.608644965727109,1.685754284656169,-3.832631504089027,7.773776867405235,-4.091603554781756,-0.19083816935695236,3.1320113423094114,-1.6993404096619762,3.9248153699667254,-4.315749202377164,-5.656836566988097,3.585732382611263,5.952340049201178,-1.0598516834665197,-0.4656482342784706,3.478245114674666,7.2598231433197515,-4.398972244507747,0.15558932872862474,-4.650872566032156,-1.7729259895607083,4.763645185151363,-2.7857212886008136,-1.2979274533354166,-1.7209420012597725,4.404062509510955,-5.3261079110236835,8.713450759338894,4.14121702795793,0.5446513775077659,-0.1325862494392392,4.411160628259571,-3.8009290526019717,8.05944056815326,-4.935759563022958,4.490012117277036,7.352409573609534,4.0,1.0,1746.9144455178186,0.31803540904380595
474,4.158003433537752,7.339543842120693,-3.2778586411142885,-1.6350240189780445,1.5193147166610315,1.273616781176854,-2.84934055237254,-3.9761656281787983,-3.785843528386556,0.3137877650005555,1.7453989243344727,4.563622595491191,-2.3392623779356843,-4.461591721346295,1.205128288454533,-4.713180184513403,8.217831249626363,-3.7513379284431276,0.5692643653203436,2.934790446443823,-1.4658204475892438,4.356254862554084,-4.236278749430983,-5.4844906727980085,3.876351672111598,6.128001635603097,-1.0265152241174451,-0.6896421875222579,3.0648164832458513,7.201324893190555,-4.850223801744325,-0.9366971477830652,-4.437506725717666,-1.5260475947874854,4.841330782991362,-2.8211394714889524,-0.9995369216130073,-1.853806503241138,4.119490781825129,-5.532765805904558,8.653223106298874,3.442747703621764,0.627815153617717,-0.2316347090969784,4.243367029677521,-4.538731376523563,8.424029190345474,-4.14531867299305,4.62633087948017,8.306000465830174,4.0,1.0,2005.2912187244694,0.36221281299805697
475,3.407685081292312,6.713420042303486,-3.347240983680879,-2.0458334269685863,1.501433501368802,0.9424561517858705,-2.7435688410441634,-3.482632179798415,-3.338659256104821,0.6233043774591412,2.306358172669839,5.319550326869984,-2.117079664685876,-4.227478595190602,2.127296513121514,-4.738788177639034,7.630673330315625,-3.521166393610082,-0.32287876046047903,3.005987686747502,-1.4475085020461902,4.077225723638867,-4.664486245777105,-5.901048274476361,3.601045094081036,6.1242224937734235,-1.3842328448679138,-1.6347590122503175,3.93544874983512,6.360447195548018,-5.309784342970055,-0.895717072345844,-5.051282387439996,-2.340723238847271,5.26109879900987,-2.7680898823178772,-1.4080854089688715,-2.217971241783118,4.480977844598382,-4.887028646325254,7.98887706055446,3.477913448986708,1.2342250901052552,-0.046319924599953245,4.688575539981361,-3.543278276538418,7.91371017446874,-4.201147597505525,4.154468205408921,7.701356392457793,4.0,1.0,1718.570453705808,0.32576307612739974
476,3.3261252690386085,7.821486672146338,-2.928962838424082,-2.1968296380202137,1.087422712580509,1.3679602673576223,-3.250024036127207,-3.978936969827684,-3.5144762296955614,0.7227595044135435,2.678627573282162,4.724543654271492,-3.2110265749062674,-3.698281669123807,2.6476760687204655,-4.126258934714055,8.083266681813326,-3.907510671486012,0.4179254831108593,3.5770072568609566,-2.0805635215933984,4.3665123721746015,-4.56058023830588,-6.043424046286652,3.4089064244683067,6.131575743369238,-1.7070558011696384,-0.4553594031926488,3.388461375728421,6.986467286936171,-4.623394028451506,-0.4956044544795566,-4.5808415144724695,-2.188348015095684,5.489555355749275,-2.3270701991281952,-1.1665917339016094,-1.977420137676127,3.8735494256308916,-5.1162235748799,7.95680621949939,3.015962919599245,0.9318068623196809,-0.10806230813431802,4.792737953075485,-4.0857121343915335,8.289378902864366,-4.9464620175476695,3.9180362470037666,8.23365206832002,4.0,1.0,1899.2460567548078,0.6303392309478569
477,3.9355986377448637,6.562002904166006,-3.2245454065437644,-1.6018842515290512,1.0679492473879617,1.4381488569143588,-2.555460808121537,-3.7820019905878595,-3.851546865917466,0.27332345061758245,2.4626380181743173,4.080516234764982,-2.1953532949947254,-4.489745467481142,1.8545618684951308,-4.26633490605335,7.935982488899284,-4.150530615820305,0.8212274573445945,3.265613690197169,-1.548560361956744,4.957209607896843,-4.14488666630539,-5.204116465378981,4.16166054205912,6.4915137977999,-1.362126515547681,-0.9448776801594418,3.2359610545393296,7.12927187269706,-5.222249524920175,-0.9903508986317424,-4.026190378937394,-1.3501163553380957,5.655663472219491,-2.121981715433916,-1.0376818913313814,-2.377980957727423,4.158209116029994,-5.429393571420998,8.086539890166662,3.131761397107043,0.7180886276106861,0.39702858013888087,4.62592885023935,-4.3162992398287905,7.845414334867637,-4.835690886224121,4.317186672168678,7.651030055265906,4.0,1.0,1683.3830386018262,0.6000513822410357
478,3.980741100668015,7.884364710259815,-2.915910727569899,-1.4969529484168882,1.6913209445457595,1.315681477223843,-2.4800969628309675,-4.143662368037653,-3.0941140828799627,0.2498905414870081,2.3489808850933414,4.816378391599887,-3.1993709826137464,-4.75310948827951,2.0322105757823534,-4.3689726104079005,7.5700495673803445,-3.761251563726553,0.26930803861752817,3.6302884856790016,-1.686931475606865,3.68820777775469,-4.099558030081503,-6.144427865948743,3.8275589704731168,6.130517216582725,-1.6899780084421614,-1.3532828540358641,3.1845833722570718,6.41526272648576,-5.35612542105039,-0.17714221497825783,-4.881936244203329,-1.9590957161624925,5.388522767844279,-2.1155416137081287,-0.1813253626830872,-2.0723381500741755,4.252775872647125,-4.81475815998141,7.945094955722932,3.4014205260827,0.852331796212324,-0.6029003582518283,5.037900256284395,-3.706729060370431,8.381605036639522,-5.162641583511361,4.011810613546152,7.904557859426112,4.0,1.0,1933.232857283939,0.3760629353088627
479,4.426102263008859,6.899485418314471,-2.6876444589851824,-2.0563848278603816,1.6701711250997784,1.0122162818401914,-2.349338515035562,-3.7629872691801443,-2.931907674718193,-0.07062381911250837,1.9656658080929508,5.397363665514149,-2.2398062808311074,-4.118683199949411,1.8789169645824089,-3.849861695903512,8.277573471260679,-4.20269994247206,0.7156480579149096,3.8939446168187732,-1.1634865856833112,4.212435395860947,-4.5655761278777,-6.210557372753698,4.275730189929927,6.242409171998575,-2.136416285782676,-1.066066873753447,3.3848280497808796,7.298975359239158,-5.21956045427464,-0.08671463162522963,-4.322096489887914,-1.8029642907267973,6.157519122568077,-2.4240368144224296,-0.2542903162748569,-1.9224826165383442,4.356718704544876,-4.890056092188397,7.926861518246348,2.9992625277277534,0.591471464513749,0.5917218870992366,4.581079995378622,-3.6076428048919733,8.517865947027964,-4.306526673781386,4.348644664363344,8.015195877579448,4.0,1.0,2322.1906265430266,0.033926161085701345
480,3.5795930671236516,6.434894365799036,-3.063997599587997,-1.4169306454899753,2.3316669494964044,1.284404298001413,-2.0261613639678497,-3.6524020545652753,-3.672890007584081,1.3603837030317374,2.074250182062892,4.928535123320939,-2.4938768914901273,-4.34477757840147,1.533084357921855,-4.137822749758443,7.596998739800153,-3.665557328014444,0.8385965556034652,3.156956093534493,-1.443720074112212,4.24778692318209,-4.371754544704396,-6.7202146388588515,3.737965718845623,6.789171284918454,-1.306207298637881,-1.7693492789400596,3.6530088840892767,7.178227489834611,-5.185264998366835,-0.5951201790923824,-3.910711678278487,-1.3703885965597364,5.481975138093444,-2.411744165446942,-1.2588758458582023,-2.1737292811122746,3.3586624479796567,-5.129011428104626,8.449962649393182,3.2179921858133773,0.5431715655718123,-0.6693669759927419,4.910857955048565,-3.25531558727699,8.351507451712678,-4.667930018536581,4.29098317105004,7.912249116020725,4.0,1.0,1738.0859394288916,0.5766982036991202
481,4.48142047421916,7.75971693797773,-2.4122864019206656,-1.6292869529736151,1.7079167418559116,1.7074073830672654,-2.4609606017104304,-3.05499364175265,-3.4313533838266426,1.1646647446183171,2.1797727171388193,4.40854241797928,-2.897213931987352,-4.815081719503538,2.0559964393646495,-4.87356277403905,8.275404042332568,-4.285315637624837,0.2671350436656256,2.94698574884093,-1.8623948584632233,3.8968738818421915,-3.822536407682844,-5.019626944015698,4.163439109554502,5.518898458249571,-1.5247909155774098,-0.17078761518728192,3.5778116546615815,6.883093220250814,-5.244685052842516,-0.5401149779793583,-4.58781806026685,-2.1314345861042225,5.737782115508251,-2.2568511072759554,-1.1129198397224243,-2.0627402299881776,4.050791520313804,-4.527632102094952,7.759284024605549,3.5421174201706505,0.6413782678041958,-0.04017077855049641,4.138423510343063,-3.244084227215319,8.98091111935515,-4.596354265361685,4.065616598843862,8.091774782787594,4.0,1.0,1900.011961260904,0.20978977152433487
482,4.1106394854483,7.170773417664483,-2.1091015006160934,-1.7086085137600229,1.5787946252365483,1.9602472974497265,-2.019077327322284,-3.8993855661377954,-3.4561473225166224,0.1227722019765955,2.3798430914006863,4.75637183847897,-2.3087197136307056,-5.080826597649116,2.556146647122985,-3.6481162689959596,7.810125162583234,-3.441952823860075,0.2744982786684034,3.1777200427815924,-1.6689486392582564,4.606992496029508,-4.4200317816135275,-6.47802365016371,3.2718563277989294,6.090278567492694,-1.5646275301809942,-0.9995142018175955,3.654161782799095,6.703007655127757,-5.162895733011977,-0.642240705775224,-4.682932726588807,-1.8077036273354474,5.250699065967215,-2.830644948968646,-1.2901934220469198,-2.03553029103172,3.6252630551735767,-4.3607512725594555,7.799120554774882,3.0024249230640088,0.4299827801792166,-0.505164618168495,4.694187705497239,-3.7918743969495123,8.228311007105521,-4.121167976952433,4.251107136909132,7.779579867060641,4.0,1.0,1587.0311308902353,0.5777131148105888
483,3.5342610072060174,7.434439389935658,-2.677006471315771,-1.7635482629294408,1.6150624303356231,0.9091222488704309,-3.0282840277013836,-3.7334088364621363,-3.444842153274918,-0.13137449212530228,2.1834802181784467,4.587871261227976,-2.105215802813399,-4.411043421584388,1.9829276948035806,-3.8194342119290576,7.214844760760322,-3.7475373850399385,0.6269231572255672,3.7393107214481267,-1.7243535879090666,3.8011687526312734,-3.969830421544055,-5.6956230038167215,3.5941163594022756,6.135033412245068,-1.3016245928084726,-0.551514518042393,3.098230916361917,7.87893972953439,-5.374462818874618,-0.405595623680565,-4.550262636884329,-2.2705541932071704,5.285076686762954,-2.8038596159983245,-0.8970905622714118,-2.1531883644623555,4.095460478560656,-4.835995118653448,8.04922088983696,3.4467544478205916,0.8515000025615784,0.016856078197245397,5.4893130787768,-4.218582050786302,8.045149660694156,-5.414826800888095,4.799994960347618,7.478462743206547,4.0,1.0,2005.6189632605915,0.10675660966022954
484,3.5497999330992096,7.223882131306651,-3.3122423503514384,-2.6289458610526517,0.9659329849637541,1.0749624589453963,-2.9815124257557217,-4.13609472507084,-3.6223941392553027,0.08942617221360005,1.5998025973070775,4.90269587782439,-2.2830810239729296,-4.737594525875752,3.1157639438268117,-3.6548459703806704,8.12923526726652,-3.8526959445985844,0.6877984736242011,3.622163624292998,-0.8365289141854397,4.346949951869751,-4.000635364143114,-6.1635981351936575,3.5197299977878522,6.469929635969585,-1.8068128808667976,-0.6946408867966958,4.161219093443393,7.7506085059545855,-5.012068692042489,-0.5195372238937263,-3.8518345564869945,-2.185509342470334,6.020541966957218,-2.594258088691455,-1.3950390914781488,-1.6746477834166942,3.2816766962122346,-5.142506098318941,8.149729024386204,3.5500634082170714,1.3983560219906868,0.6506254286777146,4.971987828079417,-3.8731453409459937,8.338115605160972,-5.364812975762257,4.951772171816912,7.692569406323967,4.0,1.0,2286.731772654833,0.27069294561526863
485,3.3520863872352256,6.816914505050575,-2.822443140188498,-1.9179253270997079,1.616336567477363,1.7435286562987105,-2.7993411684930933,-4.224612622945189,-3.6143608871577326,0.7551058385105819,1.5746981211580637,5.4654761408045545,-2.6860564064371357,-4.897793814899662,2.543970245311359,-4.522895829360001,8.057654196917127,-3.8938531639991587,0.4478814620157332,3.028506963743627,-1.5441686464339215,4.881604866451994,-4.0402521669796485,-5.910888090311046,3.9438156211959905,5.890901148469405,-1.594754151027069,-0.8668191406249474,3.5664190457802745,6.695359693909568,-5.253245371820202,-0.3715436247212071,-3.8921654868146245,-1.885841717152812,5.705062351563739,-2.7400699831324884,-0.8692661428765918,-2.1693810813108194,3.6218546957973117,-5.05137864109456,7.850512368185396,2.834315351840618,1.4974558086958831,-0.10769740284741386,5.085837108012261,-4.230335097912761,8.372688076596114,-4.483053654371621,4.679866140384144,7.733774074840165,4.0,1.0,1861.8493629773661,0.5594494137496043
486,2.842197515094134,6.5561763341240304,-2.655531680807563,-2.3169433188507886,1.5861071921534584,1.2803892254022597,-2.4172268950603977,-3.950704681585949,-2.829549455032916,0.3198891442996632,2.0247055057438854,4.929805626697517,-2.617259656377797,-4.4730905505898395,2.0414419570357825,-3.775021729585515,7.578780473808259,-3.4236468362806174,0.06477864093522015,3.0055580932313535,-1.2807805117647368,3.624296457907192,-3.778203606805725,-6.296372698033042,3.0824302359766698,6.0721754049117305,-1.5329518205773,-1.2423661681395406,3.190535088530232,7.55404476464226,-4.950691896187811,-1.0081403796323691,-4.0753927343098875,-2.3893232814502197,5.558153535663854,-1.584895345441642,-1.3344159753105216,-1.4613272285222951,4.2947151151281275,-4.977156881464762,8.212750101193214,3.623371746044596,1.0852210131026163,-0.20238608275688535,4.035794401544211,-4.064747487907295,8.611756913956219,-5.527282314462733,5.424282322248056,8.128325436297194,4.0,1.0,1790.242327106013,0.2511630987831223
487,3.5976386174316533,7.270334590376867,-2.8908067875870183,-2.007569074430736,1.4076119327313041,0.39840868694784504,-2.377460230214197,-3.5901419032181243,-3.345196212147876,0.18468664210026203,2.097495377116856,4.910817169298236,-3.1031389632116992,-4.110596931131127,1.6845816986335258,-4.91049749626107,7.780722281765053,-4.641789436776821,-0.007256444774557835,3.0103569523547775,-1.5690557256786035,4.5588554500084735,-4.814755500421949,-5.874023302551844,3.3761019503357734,6.442450282014792,-1.315072473734188,-0.3665610193117109,3.5898525322101484,7.210800810241802,-5.491140070870495,-0.7191370274584981,-4.405080741810767,-1.8854709110189793,5.8517428982528665,-2.375487500846649,-1.1532423257221467,-2.558364343472828,4.165038944671557,-5.10999461576641,8.338704801453236,3.1896404074022993,0.48709585227561747,-0.6259116252585868,4.686718431284049,-4.03315004173501,8.692658744238617,-5.102432558431643,4.317765675506964,7.017452987324707,4.0,1.0,2055.4402577575415,0.3952046767232491
488,3.387905756057478,7.20210225736527,-2.8782516690125926,-0.8415075174419238,1.1798515989064735,1.9190290038157904,-2.381273980277809,-4.143613996510939,-3.436852432213123,0.48256008895515484,2.047792695462901,5.14568518250811,-2.460238592413183,-3.999314422752421,1.9966298710154469,-4.141892620559188,7.683951078587226,-4.430051650729181,0.4715366400114391,3.466956815792603,-1.1261153554580268,4.499090282073858,-3.9186744768753554,-6.3763751791074625,2.9921818326875345,6.512706250416114,-1.2003723540328137,-0.6175186471698122,2.9367983674619826,6.126191166286683,-5.2466040124672695,-0.5608068454289137,-5.241152490025636,-2.2112811824356386,5.365259320108847,-2.5356935256548154,-0.7448411089784139,-1.7102918414170207,4.189420593677185,-4.979434949022293,8.1626944206213,2.6221683987707785,-0.1754054630757128,0.1541942222239736,4.343612833035899,-3.799260163958081,7.775269875008966,-4.933937924761535,4.337556729291811,8.154890726918543,4.0,1.0,1625.9053579386211,0.5447924354697564
489,4.06387490514181,7.001502364352273,-2.7181071007628077,-2.2245082164244754,1.5126279157645113,1.4262650506056247,-3.391596858273539,-3.7242592635912426,-3.2154398337110868,0.35013740528500326,1.9750782079700997,4.980104862564089,-2.6114051406325527,-4.60599023930812,1.712251931920005,-4.516642637966556,7.908179198332329,-3.5685199910063434,0.5104612412221293,2.6809108327275393,-1.3405953063346505,4.603525959880471,-4.135012715716036,-5.989530192206117,3.5211511555050454,5.9444289774839465,-1.0780801500214807,-1.0187967105751845,4.164131217425927,6.881301454474766,-5.245055778021492,0.4153061036140264,-4.0362351563993135,-1.5587001223203634,5.256627447329213,-2.835001883868417,-1.088454254130692,-2.033423793364282,4.046965434213721,-4.501609685380973,7.969579650716173,3.265786576171451,0.5995697880887249,-0.012442702072858941,4.275486386797067,-3.942949954132443,7.842099393997354,-5.557378756443324,4.071130284671249,7.812519387598219,4.0,1.0,1831.1900301063183,0.17403643941257957
490,3.7154198506526863,7.180375808147097,-2.7988879756310894,-1.803763031516001,1.5363421423578416,1.347732595736692,-2.0850649669864296,-3.920892477683548,-3.434504524035906,0.2765460429234985,1.3508015350643379,4.897985397888982,-2.6765787974636903,-3.7788820527687976,2.1963173340881004,-4.764368129188026,8.26185343756032,-4.090738853969034,0.35400725417068835,3.1614256817049236,-1.4351331663425926,4.577732137706877,-4.514375855200014,-5.398579700711312,3.3111276898769804,6.432465676892084,-1.6765716178662915,-1.3705045831173057,3.547705208820483,6.8948268161454935,-5.483240127244063,-0.1268043437334206,-3.3964329162564018,-1.9124123985056338,5.270419824625096,-2.53289628103321,-0.7417157377806474,-2.1772390096339134,4.390151927206707,-5.105374362295014,8.126898496651641,3.3282313197927365,0.7029347445461812,0.38886099920395983,4.320528571435952,-3.546203959719291,7.922936686203852,-4.7200021577600015,4.1270121045252255,7.765422164526828,4.0,1.0,1753.1594609101926,0.3134915492906243
491,3.4110080805098795,6.957748002770599,-3.1299732812074597,-1.5272311596914263,1.064704335845179,0.8407987572467577,-2.5426972456013424,-3.7069794012963144,-3.36290008125624,0.3642115596110734,2.0467530540622016,4.701743587258582,-2.6170724142955617,-4.3677276967560426,2.2759904421289248,-4.7075028630074565,8.8504396884049,-4.625329036714462,0.271171954992784,3.6307761221022763,-1.2101987088120434,4.145551370378129,-3.864116203516939,-5.9389707669300975,3.9642429647251953,6.720029350029041,-1.7135148046002735,-0.8899535386340247,3.3625331993848606,6.296254884854333,-4.848540714485643,-0.23736981906255938,-4.198644547811576,-1.1478717334899002,5.496359335729695,-2.244135555532014,-0.9753814215122779,-2.5594669067335634,3.4735536104120377,-4.797461771008644,8.445521997166406,2.8200058662598684,0.5874687547742673,-0.1609202571691154,4.6129718303666,-4.151211174705638,8.155100492295665,-4.504158526981473,3.5475018855414824,7.674195192870209,4.0,1.0,1828.3355033461257,0.2291063513189232
492,4.2333470198112115,6.639643321771017,-2.7939475562892744,-2.170961202134867,1.974145337681738,0.8295109053520724,-2.922116551400006,-4.112914568466123,-2.8792744810872906,0.48798780810056946,1.3596069616867372,4.8332148921317,-3.483323865703226,-5.041061933078936,2.5433171542199857,-4.300636982357002,7.227914459132498,-3.849313895482714,-0.2989174956533024,3.728833271435841,-1.3870303348663093,4.09640498713781,-3.8423373452547285,-6.019570167574676,3.274217571294024,5.9989689096431285,-1.1891088359056088,-1.388903441446916,3.06355831408445,6.6024006726531335,-5.37228267903922,-0.2845111032619364,-4.322761990843883,-1.6766686850297448,5.602995133236694,-2.8344904744375605,-0.9633548448782456,-1.5228700109743807,4.61151036977852,-5.000654155063891,8.634100483235589,3.2166783949320212,-0.08550776766717783,-0.4722087210087757,4.024252244840261,-3.682922125523021,8.2060100500338,-4.332289444116251,4.036914853377738,7.727984277812619,4.0,1.0,1729.1544277353596,0.2785307233880534
493,3.351323109313448,6.65889774088034,-3.2665033641780923,-2.8225737069261267,1.8528780728029228,1.8095760748442689,-3.1290956134215406,-3.6333810174793935,-3.8611743296753103,0.6876463618097688,2.23580355052764,5.288279483833036,-2.189323151970595,-4.426771151184802,2.61359616780835,-4.639765497695827,7.918083007572062,-4.234343284689793,0.7399685392911843,3.7151154850071344,-1.8736966964857418,4.309811184820531,-4.220495078412786,-5.910483553038281,3.3324487909955915,6.703863433818475,-0.9077468427067592,-1.1672922680839757,3.639518801822955,6.313609611895364,-4.941396739752303,-0.49370540096838106,-3.3139719672106,-2.140435138109024,4.892093139946205,-2.2699712667411287,-0.9676335520751409,-1.507417736022798,4.282163528634091,-4.477982749965574,8.117318852659844,3.295938227911632,0.7885804673179823,0.06739720840438618,4.482878141757377,-3.2584890871962546,8.535515574039056,-5.2823997227177095,4.330098277196205,7.406004360096282,4.0,1.0,1994.9799631396986,0.04306966903619456
494,3.146404925832813,5.871388682916474,-3.0974521256378407,-2.000211384113077,2.0954209667092845,0.0010894688035592015,-2.0514692681898756,-4.291239196099372,-3.601337332611623,0.2500252492105051,2.2379583944179955,4.7531552446142475,-3.1399372697889705,-4.463094271199877,1.913515595119114,-3.7892815636628767,8.48987536294493,-4.224633077615535,0.09215281527222677,2.8931588247546465,-1.3956161865384213,4.254791403173123,-4.479241732202861,-5.6797176809735,2.849410362510766,6.241687442244954,-1.8629891190724521,-1.5190308537857766,3.850241874252432,7.275195690516934,-5.282240764641716,0.3950782275109803,-4.612509927929154,-2.304458911230072,5.90711543662013,-2.103300403316513,-1.2403950489594047,-2.3300401406459628,4.128969775134974,-5.82170710770634,7.628905235146873,2.6856673641338364,0.9875280995980761,-0.4095970426475407,4.436746196073191,-3.767468709189687,8.81894789083427,-4.9552914020838355,4.665347312573384,7.925894236347929,4.0,1.0,2137.8460865520683,0.06872009782923838
495,4.238538634935985,6.747585019229114,-3.4367769262848755,-1.9988050913961075,1.1318281593338138,1.6306334817832826,-2.8392578059793507,-4.8372139928669835,-3.4095606774749,0.20526278592858924,2.1998049187677418,4.8017938538182054,-2.4513360802524744,-5.49382497916973,2.4107337731615615,-4.290713652194284,7.75293008296983,-4.5644900141380855,0.4634830166364382,2.769775914824173,-0.957703165047201,4.070588807181552,-3.3850359954565548,-5.609295963219659,3.3322378105622694,5.975186156090485,-1.0306754681067791,-0.6554054329932204,2.8298027761699687,7.343853170426726,-5.04645241610326,-0.7324523400250407,-4.5023491133682585,-1.5913690624275003,5.082557642820523,-2.5470602300667546,-1.239060016916804,-2.2236864765594833,4.0290306215504765,-4.900757809494803,8.008283921683052,2.414987105179869,0.7954089083727502,0.30043369194263053,4.877966466118624,-3.2191892041104815,8.261341535828535,-5.58572832995947,3.9634940857912846,7.807159730894677,4.0,1.0,1653.9752130466497,0.6818963088042684
496,3.492640855021143,6.160881989279154,-2.6551994840479094,-1.7078694310104037,1.9298533047800484,0.9495673115345249,-2.5915537001151474,-3.3003097122874037,-3.0251710133658225,0.6654085895076701,2.8178084707224453,5.38192617366664,-2.3619102609319946,-4.569987144507419,1.2776618500888515,-4.317528414465828,8.559864408273347,-3.896910743389227,0.15359212967783434,3.5189660898816637,-1.2575989388587452,4.6064563172232456,-3.911659060039207,-6.023935131605418,3.2250145463454576,5.567672018392409,-2.0256566533474296,-0.8128133336170511,3.1169175232589876,7.013210636006655,-4.907009925903465,-0.7025644796232703,-4.652482229999812,-2.1815449390048096,5.625943071380701,-2.301691823208152,-1.1607963566672683,-2.2046108131040905,4.45287330987953,-4.817874696544701,7.865997302437119,2.809959363587018,0.6266391636914249,0.44884554358663376,5.1493235332006995,-3.827254631096839,9.035897866795933,-4.870902916380552,4.601150309863022,7.933907732078348,4.0,1.0,1800.4288296285845,0.5294336214435396
497,3.598153841215026,6.91011410369316,-2.6043121644514065,-1.3588312398797469,1.791073870799279,1.3259249789511285,-2.7096854900394116,-4.070110368118167,-3.3326488959155283,0.6673098189275237,1.9750747433299973,4.924606746017204,-2.240093972909799,-4.083511674850496,2.017052648661745,-4.305305596783554,7.906575645807609,-4.259501389208845,0.22420592123004943,3.108160494609948,-1.0218637817947702,4.2297165637857015,-4.319497793262794,-5.5353920299390005,3.2364710712984057,5.9711342654379616,-1.2027165517431277,-1.2692486166246482,3.1693838187532384,7.210471728036323,-4.669061889961261,-0.47290247655510487,-4.091669871670247,-1.1875953286252199,5.318981176172175,-2.438538827316387,-0.7108331015461616,-1.9491493945833376,4.313088350747384,-5.533628163186342,7.713276750714677,3.4607641537897598,0.49457432472359714,-0.25104102422132646,4.553871737208092,-4.307271753434297,8.478882625624,-4.9455098133890445,4.378801465614539,8.100530087867119,4.0,1.0,1695.0134296660347,0.4540604094644358
498,3.3880504689402375,6.824220888425324,-2.97743567829845,-1.9827432445459703,1.1666423315318775,1.8316744032946244,-3.3053103910800585,-3.453724311224031,-3.1692369557369986,0.029923751959885225,2.4986295463177344,5.086750520155109,-2.043538130638381,-4.339055508068009,1.8784255656109805,-4.950512235895131,7.836806260164205,-4.0135509895610255,0.5975992944008606,2.963438160800396,-1.6857098550101892,4.261816530816305,-3.8551025747354375,-6.081391457486044,3.811005622963511,6.533682163255782,-2.189963653202669,-0.1624434350212196,3.8393451265594765,7.449489066469165,-5.187482508529781,-0.7015842199973243,-4.690659533671643,-1.9846042682655787,5.573248282752322,-1.6561164047982693,-1.2704204314732535,-1.7997785493534766,4.218824532292805,-4.4497533116428745,8.275390899452393,2.8228795704243783,1.1091128870671174,-0.045495369092638564,4.981553462389656,-3.4397342640799353,8.968505333928954,-4.377886614430008,4.0887324748284595,8.340479721125641,4.0,1.0,1955.042018524823,0.5133587543067282
499,1.7706062827735138,0.31655157197914674,-1.7655009237031294,1.635801684254493,0.5657022591347687,1.7509921988778232,-1.4766068834994361,0.2876745466314623,1.5513409555980981,1.9376687791581535,0.09326055315442128,0.595701195025323,1.3666720808613366,0.45230456795708873,0.5106638775504679,1.6464577178006112,1.5837208077611566,-0.4442992481271708,0.6106103122519233,0.7778186688161326,-0.8126698746998242,-1.8545777283450118,1.9465766363380692,-1.6429613971695711,-0.05719134089024713,-0.3843533415604252,0.9836457854658489,-0.7577702326157145,-1.984143876001562,-0.6799283552233248,1.4032299778760597,-0.271894010575358,1.9589723910398833,-1.4515729324439182,-1.8739165806467057,-1.2661044998990798,-0.5124394008331388,0.1443087732131274,0.45990025182965955,-0.11720254025476118,-1.0187256291206626,-1.6551748631730798,1.8170350525233716,0.8386286711153157,1.1776778888658428,-0.23088059039713338,1.3495109716140647,-1.847480099929689,0.6823274278925844,-1.3197278026703598,4.0,1.0,0.9159457017085465,0.5795028846925897
500,-5.689541277357962,-5.956992226983621,-6.281101890898443,-5.883589796127619,-5.400172426225226,-5.248802358950366,-5.45148929225826,-6.871831093918137,-7.470354969765427,-5.4004406792673585,-6.603742218833014,-6.964537645889798,-5.692463241339157,-7.192421603384317,-6.142496436941002,-6.0627993337885755,-6.157357686803439,-5.712054512609518,-4.860312992273628,-5.581392024048771,-6.124951446242694,-5.915992642616343,-6.038551980261858,-6.83942838963606,-6.130985711701012,-6.467056566325802,-4.69158639569037,-6.349688115844899,-5.831693288272488,-7.217708203559048,-6.231850672014847,-6.561103720327963,-7.331212489656631,-7.45883072145735,-4.972210897728256,-6.524175466133768,-5.295955287589114,-6.375307891815595,-7.187135220344446,-6.285553739456991,-7.074747013456111,-5.263248241106562,-5.93893456127326,-6.296994953408872,-6.725675185260362,-6.902968093231306,-6.716103331638535,-5.279577632648399,-5.598586283957494,-5.709459490912869,5.0,0.0,4980.412495951711,0.8372575388505885
501,-6.099719336430429,-5.692328610646866,-7.293976650945137,-5.072539100888827,-6.000270965195595,-5.545067908088101,-5.459527085036438,-7.381481143554269,-7.0681695640320905,-4.621352202747927,-5.948290253680915,-6.708393986278909,-5.284963687103235,-5.799664544189579,-7.080529991482995,-6.076274551922151,-6.277752066634708,-6.3545494890797745,-5.0713103558087615,-5.445659849826424,-6.157550656335923,-6.453822618624725,-5.4631269163706175,-6.926940530653939,-6.703048895269351,-7.390607549199913,-4.818893995834429,-6.02418563764639,-6.025129929824898,-7.496815598591183,-5.846474467312842,-6.017105973799634,-6.3990704236034075,-7.248511010029171,-5.32514654597654,-6.677112668911709,-4.928386298850453,-5.917597291709568,-6.503143305636995,-6.045454631399755,-6.796896655929951,-5.763985552629579,-6.683319599479237,-6.699298664881102,-7.571046216469217,-6.10638409737297,-6.73325310698154,-6.228165056470386,-6.64610551112993,-5.787735529502629,5.0,0.0,4993.09591196491,0.9335271361513193
502,-5.90391566336985,-5.6830888455494755,-6.568823362885801,-4.886515658332588,-5.93559121437312,-5.618082831057025,-5.834898586030676,-7.023063707716463,-7.23147267801144,-5.152830675416079,-6.740620595619317,-6.823612911691851,-5.441301957458852,-6.311638242850028,-5.815200562556946,-5.81579193923509,-6.246047494822938,-5.098465493427662,-4.885484346785213,-4.5084528883127755,-5.1078669646934785,-6.291980691140465,-5.239255688412519,-6.555688016422319,-6.284894844203505,-8.277135519037898,-5.433980478978113,-6.131641777840574,-5.577195205039656,-6.937566381479051,-5.723897643895759,-7.31941528576219,-7.075174126013024,-6.357478152915336,-5.891183886734477,-5.828063982509678,-5.736605383096121,-6.167226641437667,-6.27757206721034,-7.334647788060605,-7.434566569006694,-5.887017308958745,-5.469566745869827,-6.632719020186018,-6.906401627229038,-6.7744621530452624,-6.823063003738338,-5.469858468841237,-6.478380897031222,-6.053039583175851,5.0,0.0,4811.37497424918,0.8786014293589677
503,-5.884287564100001,-5.736001025196026,-7.439316693143964,-5.3173480969583915,-5.9984273851624215,-5.472199620263897,-5.038970425727383,-7.758894157019045,-7.57098487719295,-5.222090272515465,-6.458027922232256,-6.544340780592202,-6.14932814507702,-5.81810445164685,-5.816667565658369,-5.669065887474842,-5.969389492675442,-5.0274061142845445,-4.6477980102558885,-5.266529162892274,-5.124369307246642,-6.374385570892447,-5.343940058304726,-6.741760544632496,-6.456615438759843,-6.672649055940445,-4.887589027914717,-6.231331854707761,-6.377290199071287,-6.300417171716735,-5.587879855562626,-6.556629450903143,-6.8019953461374065,-7.506437949403389,-5.712649367687206,-6.371600434943396,-5.163816953734655,-6.6821242154645555,-6.916986864456057,-6.552020038839002,-6.558070282083962,-5.443181304213595,-5.928248920521066,-6.41594512573486,-6.93205875043691,-7.142014488708963,-7.557768472892181,-5.545066102421346,-6.124324514170653,-4.930601376230544,5.0,0.0,4613.485900302381,0.9095921422579026
504,-5.382337034187421,-5.805981843148758,-7.038802423184687,-4.593676125483738,-5.908976121948223,-5.797068763385302,-6.106971314342985,-7.3456367641621,-6.539142338544418,-4.706831249696302,-5.549569523894181,-6.804265393291519,-5.37429477224779,-6.336621446983551,-5.288491557595958,-5.47002461243828,-6.157408319215073,-5.170584396847508,-5.22000444867052,-5.080885193075496,-5.45650803360159,-7.087797395177188,-4.931315540266033,-7.419466702961838,-6.46177450624979,-7.079072942226344,-4.761195019432476,-5.647545645329216,-6.369822595342198,-7.145240877017765,-6.02316659869914,-6.019997284370463,-7.0926665777823406,-7.547413809715576,-5.224117578079516,-5.9218689488851775,-6.130147710491791,-6.031939190727985,-6.968803914437055,-5.6372810529537425,-7.4794529640743805,-5.715694489170572,-5.679792236489192,-6.140299440877262,-7.10607410579851,-6.654346432472808,-6.963635011794319,-6.113351205143153,-5.723505658821089,-5.042401403115029,5.0,0.0,4225.054699011233,0.9382956253288957
505,-5.456635105097382,-5.426870470439938,-6.807167055357875,-4.949870071356464,-6.1557517769453085,-5.270726208953968,-5.457413268886204,-7.169626352547921,-6.90998079520028,-5.546136257597183,-5.990988967630465,-6.250230652064832,-5.964685192333912,-5.748304085180068,-5.735959520565099,-5.881579685054858,-6.729180948695507,-4.956185021040956,-5.3914007732977955,-5.159707002874387,-5.2210824827293845,-6.852488419662116,-4.90119390576735,-7.143370306647434,-6.258467268662092,-7.452624816723772,-5.620003777303579,-6.2454502705875194,-5.566455420513771,-6.9004511445326,-6.584581710693649,-5.798162386062978,-7.741419764980009,-7.016253634704143,-5.244038621705194,-6.155065101588127,-5.531920128264594,-6.466316698994494,-6.692964553594243,-6.4935119012546805,-6.917424239050044,-5.833178331956388,-6.093875603954323,-6.266133582143709,-6.668955770713368,-7.297811529676074,-6.26315052803235,-6.701419628854632,-6.036259904021118,-5.709709794312712,5.0,0.0,4828.398486751136,0.836202676617227
506,-5.695177169297466,-4.824945650270593,-7.06221041221244,-6.404852807944292,-5.9546034565122525,-5.819062867389262,-5.118338588918825,-7.111420758318136,-6.794883835554306,-5.0888837715371835,-6.205284003849877,-6.680222640390716,-5.7842926223019795,-5.6459742977781655,-7.1384611877162625,-6.353453721267727,-6.818392889132166,-5.521967797750636,-5.026343246570876,-5.5582106777652385,-5.575237985872044,-6.233201302488565,-4.680882368328293,-7.487063116414426,-6.389558017428651,-7.592976911562659,-4.76765652286652,-5.228264252499648,-5.942624068752019,-6.836394694016354,-6.613962618867077,-5.96760767603247,-7.319647227829207,-7.8189220342907415,-5.124700355456734,-6.03669495631305,-5.73589621418616,-6.268706043841213,-6.556127108133308,-6.368548694500986,-6.873470113756106,-5.856907967290926,-6.365638025224852,-6.455566245881993,-7.192589115444725,-6.803551350349388,-7.104165308252053,-5.422200183441931,-6.1415294937331675,-5.634728788830935,5.0,0.0,5022.473142852001,0.9088924562739837
507,-6.252354045722253,-6.078547405343756,-6.71973127363735,-5.383929698424383,-4.992159923184568,-4.127937482745563,-5.277608813239208,-6.893740463725697,-7.457744385801168,-4.5778595570282725,-7.026912266792404,-6.19988009493358,-5.697476903476932,-6.842481226431373,-5.946180992687163,-6.175802130280132,-5.7304645008034045,-4.845338730375184,-5.0104994227321376,-6.143929960066226,-5.8243999631389425,-6.631273431502237,-4.674042962688707,-6.569878035551924,-5.763601818079094,-7.4078967553013335,-5.044242778126269,-5.745492546714961,-5.875571456933416,-7.296116460168431,-6.541849283423527,-6.633330358121514,-7.390742951650835,-7.142270596841997,-5.616665341517212,-6.051097100217786,-4.790822847840776,-6.731037584695143,-7.143066198942762,-6.623348628278179,-5.799506814518251,-5.921788050276718,-5.736519050450865,-6.887195220817899,-7.144077721037839,-6.508530973859418,-6.9325904852560924,-5.56035160702948,-6.6266200591175295,-6.159398513726672,5.0,0.0,4617.879625718452,0.9166965848686484
508,-5.582644314050642,-6.0014710495689565,-7.062367177035918,-4.970024292474647,-5.088215671377368,-5.978227595531973,-5.192843418222274,-7.325435792821067,-7.743452012310911,-6.099405553912549,-5.529754662443941,-6.5454371212338565,-5.778715767837347,-5.772321619786153,-5.96847936962046,-6.927621261045465,-6.102491104233257,-5.053402062933642,-5.102950129094518,-4.959097384253298,-5.475031269511873,-7.139868179354214,-5.781169157921694,-6.518633190982509,-6.450481634529493,-7.554583573337995,-5.248152200169883,-5.996570961769247,-5.368213223661111,-7.367879329537319,-6.063104859458282,-6.777524611153304,-6.531865265208484,-7.100941082568645,-5.944586382655154,-6.350702269330775,-5.1897202416873345,-6.9620744366267475,-7.292903259201642,-6.137018271319565,-7.022589296908428,-5.369456255017482,-5.348463625114362,-7.218050184759932,-7.388422232551718,-7.572851379187771,-7.275299714423741,-5.835687770973029,-6.38674620390298,-5.487669159224679,5.0,0.0,5360.961019822978,0.9033577224347662
509,-5.2327483160367105,-6.39649921805605,-6.249877506978057,-5.129653249906405,-6.20715979414765,-5.763688806671493,-5.730584835114473,-7.0144890516603065,-6.766787012768308,-5.663893199083209,-6.970113789110492,-6.1336472841556775,-5.7568732847783135,-5.405688538067231,-6.131146764180207,-6.578063107641307,-5.6507827064826,-5.324664858476481,-6.031376119890329,-5.6334719835340765,-5.878963901404484,-6.652138475532272,-5.278941303202483,-7.215270790842757,-6.059383595245397,-6.892195069443837,-5.457439469819269,-6.06961696083056,-6.685340558363063,-6.312864251378581,-5.919010652403476,-6.812207698701536,-7.068675697951263,-6.753882164572041,-5.626443344010126,-6.017398248116722,-4.728256036577739,-6.587026277438994,-6.7257872918174515,-6.0161858563553325,-6.808021081134796,-5.974099280474222,-6.145567052282476,-6.308515145149503,-7.032932941062703,-7.08285635446612,-6.508980780160888,-7.174283425818137,-5.8726196340606185,-5.327233670532798,5.0,0.0,4705.445149229281,0.9506006493482972
510,-6.303417962203449,-5.950760497192006,-7.251034513093724,-5.541171104601103,-6.211434288765076,-5.9871151415063535,-5.347526500302985,-7.29369579829133,-6.808886618487308,-4.83052033531217,-6.214864272173903,-6.237911047651131,-5.447071800033218,-5.903067744661206,-6.095107517068809,-5.780827612791655,-6.320993428204985,-4.814281964107529,-5.26403529871407,-5.326310778672715,-5.290826512449229,-6.627705012152537,-5.150215033588646,-7.669619405956494,-6.912498554430597,-7.282045416387232,-5.430860367321288,-6.330111208573915,-7.39548529560793,-6.975851061029201,-6.231951045053041,-7.114067770378057,-7.21064029906271,-7.4364026139873785,-5.641321614999071,-5.41627383091829,-5.291872065068888,-7.036908851754573,-7.2144166123401465,-6.337429330273517,-6.256841184880874,-5.618010769261159,-5.0277159374160805,-6.82040888023747,-7.369055624418688,-8.048542728092063,-6.471889973774804,-5.7215385388019655,-5.924028751273989,-5.4352198074166,5.0,0.0,5440.297569203546,0.9032778684225103
511,-5.158935922580294,-6.07199158243127,-6.115375501349613,-4.9455398636349726,-6.1411246677325435,-5.656451214574264,-5.536771465781618,-7.439235359048581,-6.746338098621117,-5.243289877343275,-5.429653527421592,-6.657486912503505,-5.81597012431102,-6.183020373544065,-6.260880072433504,-5.434389093227174,-6.450329716358217,-4.996498773855243,-6.0017592572963085,-5.142143945293337,-5.623720359536349,-6.717170029411753,-5.43336347920885,-6.9364005107964,-6.013810268852232,-7.257678565828053,-4.881517160459005,-6.166387086535728,-6.278919623838567,-7.23436466147981,-6.775616835784456,-5.72462495213097,-6.798628970134389,-7.276857629329422,-5.128587396461512,-6.626482002799928,-5.632202679342847,-6.7503002437821955,-6.998766483997684,-6.784249185524601,-6.814402803777328,-5.809597788235553,-4.965740504480095,-6.51454955199478,-6.585526432704207,-7.541848411052202,-6.686953995366642,-6.0797095296350845,-5.555083644689931,-5.7402135221652895,5.0,0.0,4765.05230747908,0.8764113328175599
512,-5.35371125278286,-5.58415042071407,-6.84758183938377,-5.08861581181424,-6.4283379577711335,-6.624663289258004,-6.187435437568334,-6.842508705801273,-7.368676727526512,-5.502584299273308,-5.385298546335669,-6.610045710694454,-5.517477771151217,-6.462319337220965,-6.5388312902561445,-5.812759592715663,-6.281670218757501,-4.803402281365897,-4.913374228122603,-5.534691038753031,-5.760814548436061,-5.995629212003349,-5.48141820689643,-6.89524267455978,-6.303410139977068,-6.965798948357544,-6.22623249899415,-6.037627178632566,-6.309829834966557,-6.8809678347980805,-6.387496507323254,-6.4993741936777925,-6.761537550564231,-7.4460832365160305,-5.552404899801309,-6.950802684541702,-5.474719181706543,-6.304792877131658,-6.031796260397631,-6.944419143131196,-7.510138299768298,-6.0015438617016414,-6.310970680579665,-6.259809619637085,-8.055284230613418,-6.990087879230307,-7.242549995691339,-5.839993963892403,-6.192691762855295,-4.944239859423238,5.0,0.0,5667.620306892005,0.8155015072526497
513,-5.704914152880339,-5.344326078529981,-7.059278020274263,-5.013641255770966,-6.162557432620729,-5.275121580986969,-5.590649530968257,-7.034155464698786,-7.290767471805294,-5.3438749177568345,-5.935291070753828,-6.203087415789872,-5.921103295801876,-5.689687494668504,-6.324500937743984,-5.688682115149724,-6.064538446853464,-5.745224255353698,-5.193997501208857,-5.315188425112639,-5.206453100864303,-6.4042518052940665,-5.208978106558721,-6.665664115007038,-6.061596441118542,-6.812585611243251,-4.84601270682275,-5.826380468392258,-5.5074212760190635,-6.090529040559885,-5.675642707732101,-6.183157124455168,-6.56325198261639,-7.073136549094121,-5.450660059059785,-6.4308781779026685,-5.647207426973215,-7.387175342951492,-6.555057364730544,-7.013929193809181,-6.543693259478951,-5.603701594786485,-5.829624201819196,-7.174849650648454,-7.148846268782978,-6.2025963664520205,-6.880974207558861,-6.634607703570579,-4.818010735052776,-5.62747760771064,5.0,0.0,4123.86527702141,0.9359937806666783
514,-5.440657833793305,-5.323848506534875,-7.97367208532126,-5.4242980743469085,-5.862000006805737,-6.057989877903471,-5.068563365503149,-5.9914008796475855,-7.86025465034409,-5.886526089627747,-5.630482448864402,-5.903187571690929,-5.849871508316734,-6.325079260090992,-6.736053395469665,-5.836053151687218,-7.133707404063675,-5.219625791328895,-5.468918103422027,-5.478531864342141,-6.372172965555053,-6.766495777309084,-5.512868027684364,-7.43391720603936,-5.717892161124156,-7.241707590094074,-5.157116917429578,-5.325952421082794,-6.240594946231733,-7.066199185119975,-6.700432949312043,-6.747567640416409,-6.874639239478746,-7.0577374893730385,-5.105506971265971,-6.085974208830538,-5.249649615608464,-6.28686241937012,-5.978879712882251,-7.005403680085991,-7.60611221831511,-5.6075295204729425,-5.60163647038578,-6.865109434490859,-6.993320741635218,-6.887538093759486,-7.131710194613444,-5.491173883612407,-6.384224502022909,-5.764471249740594,5.0,0.0,4796.615126906747,0.9891698121172496
515,-5.776814229130087,-5.6020253098079795,-6.794020519155518,-4.733366773897326,-5.523050378293509,-5.899578691377637,-5.273320227903048,-7.756527092206358,-7.1890142125737775,-4.996640954453782,-6.180611309992581,-7.014239431316269,-5.617924151392366,-5.846657765361181,-5.824056972134107,-5.6385042967369925,-5.960907301881132,-5.084557702495395,-6.0368152927468435,-4.532770145620258,-6.154132619698583,-7.1452862632571374,-5.4459885094490295,-6.109978510126278,-6.146395230573026,-6.739354192936547,-5.076086351604778,-6.301978221586765,-5.792771381631198,-6.5663899300263076,-6.0240850822123555,-5.657247651378329,-6.909061087496825,-7.3011679496254835,-5.16716096624595,-6.5025106954329805,-6.341972323131991,-6.331103135681063,-7.389248692848048,-6.262568722925106,-7.434523010444845,-5.434964382434352,-6.819755494712434,-6.109576864210885,-6.9784402051026,-6.810830313227969,-6.722708444174253,-5.904689495767462,-6.670825684255497,-5.798197012267606,5.0,0.0,4935.153896951943,0.8270802987149306
516,-5.488862012619987,-6.559773607652406,-6.925995726808447,-5.085713891847883,-5.646351327851547,-5.0332729004053816,-5.076913329458491,-7.378717140732414,-7.121847646838121,-4.860941232673541,-5.832813019767146,-6.527305351507482,-4.851937807721015,-5.963038868345527,-6.007773879082051,-6.203590564393669,-5.65226739319273,-6.02196058566884,-5.665837143547255,-5.077651968046377,-6.255613743284022,-7.0221010969766375,-5.458950876479679,-6.721095054163183,-6.573244652086642,-6.765976105357625,-5.971333715185737,-5.80420350275581,-5.833849092652364,-7.500956778250347,-6.072362692124841,-6.578752821534922,-7.008963574777798,-7.070630575262081,-5.459124678423562,-5.956238339869872,-5.541813605493492,-6.433080505727579,-7.347610432580346,-7.059789398326497,-6.708811271142168,-5.588554384190597,-5.956684679746165,-6.382852899338159,-7.463511733849404,-7.0738899489853235,-7.256013889363392,-6.151142385505089,-5.915343950975442,-5.3443169650011635,5.0,0.0,5226.4435720644615,0.8290734339466943
517,-5.528431624141999,-5.2150967500890255,-6.929673714611547,-5.730672819279451,-5.997351913107134,-5.564191849341119,-5.706093770592982,-6.823368614838347,-6.625963745634575,-5.451738478052906,-6.319544157142598,-7.52694813194891,-5.470070425142999,-5.861061465081931,-6.095832402343364,-6.244429207364632,-6.358186149721323,-5.203859100106983,-5.056314594708907,-4.810593661838106,-5.138006648746158,-6.250018204871558,-5.398365135340091,-7.429460731197293,-6.549097683816748,-7.692968004836088,-4.904870084685367,-5.9368047818419,-6.495726759352237,-6.602607834458427,-6.45326097262724,-7.044927657040631,-6.653963994779806,-7.643102554660765,-5.610422669851576,-6.081767074418333,-5.825900416924188,-6.3458929230148,-7.046412543585211,-5.71102051235076,-6.851616403320581,-5.975674142127793,-5.832119908783558,-7.045271835720462,-6.872409582142551,-6.882725132364853,-6.440799807924417,-5.9270028202027865,-6.183464540466755,-5.3013610461257255,5.0,0.0,5107.786774228711,0.8391806609738474
518,-5.737306848641817,-5.7427258643212875,-7.370662826651555,-5.639124130747776,-5.606778949804762,-6.141490328640827,-5.680952445723578,-6.873139944223692,-6.698846596613705,-4.859538588281043,-6.110460987601463,-6.783879703684171,-5.6828121925799016,-6.06063716915595,-5.722592105677288,-6.375387329639064,-6.663447291700159,-5.0778511289686765,-5.427098721924416,-5.122995290578634,-5.259123348852086,-6.565317883260011,-5.513578833107164,-6.929615037310741,-5.986093019402138,-6.5635618512279255,-5.377781939808138,-5.8613712530047835,-6.198108353331642,-6.982856901868483,-5.730566125058552,-6.069288450426641,-7.3819403555957095,-7.6369887355935075,-5.48116448427984,-6.261537843855111,-5.511254999922038,-6.449352663116548,-6.914663743911609,-6.243646944040204,-5.314876474157695,-5.974211341218172,-5.7738729601492205,-6.38341630049853,-7.548102181770176,-7.210081109935839,-6.333633166964125,-5.4401709204556905,-5.930840711468269,-4.552505016675852,5.0,0.0,4148.9488221373185,0.9779063263474044
519,-5.627239470888469,-5.137133451430711,-6.720961826506789,-4.780931099709534,-5.909182568497793,-5.59071380745766,-5.963667370651806,-6.689986767310574,-6.752713591909802,-5.120929652911788,-6.522418965520549,-6.035993038399499,-6.000982189020788,-5.793330766370372,-6.656826471376264,-4.999325804608803,-6.282569442882386,-5.560259509851197,-5.196842195878909,-4.883710411094762,-5.791318440321872,-6.379046396471787,-5.497158813499954,-6.945638033598722,-6.757585010938186,-7.146224085244545,-5.344574003563603,-5.2962904772432635,-5.758531899566098,-6.835923445932999,-6.468928806432905,-6.67846703877358,-7.227351673491176,-7.279056905542049,-5.586275078075104,-6.4911718839400185,-5.799146080597367,-6.513541261973293,-6.585172930142189,-6.633232343571826,-7.641033067776604,-4.966789546362409,-5.373187254104357,-6.276302454009461,-6.72171511233357,-6.2605287354311745,-6.8459809613143845,-6.225611963240479,-5.6879698769691736,-5.978668727681314,5.0,0.0,4339.497560155679,0.9523858358067965
520,-5.500340843048616,-5.993868933637572,-6.833693414260807,-5.1653927892996245,-6.043823271993347,-5.471379973175814,-5.5736740178670665,-7.451001156846921,-7.038168096218441,-5.748444916947717,-5.816060075643453,-6.832841777279234,-5.120512054067651,-6.149614013254224,-6.400951809406734,-5.3950319318300775,-5.935877887243139,-6.040739659265953,-5.670050498197773,-5.648362571077151,-6.183234410290742,-6.735814170042459,-5.162634019788419,-6.261807666609673,-6.4423592000086085,-7.38043137747824,-5.574730514168093,-5.353542334802702,-5.546653830703924,-7.472657473983743,-6.670076394943918,-6.582909950581087,-6.52352446401072,-7.659899609412274,-5.6636529683919585,-6.63563698238992,-5.638319957094634,-6.351912202541924,-7.134343363137469,-6.478442340916654,-6.4944802330142215,-5.152021676345054,-6.225894448853889,-6.904189398147497,-6.830739467883408,-7.105046384518441,-7.039402888567653,-5.969583181311832,-5.900288044763444,-6.196558379991217,5.0,0.0,4986.588305221799,0.9727072050151613
521,-5.652715660794185,-6.329799472651954,-6.978843814428269,-5.211989972694202,-6.2863352251583695,-5.893863991395986,-5.492490340831227,-7.27012893216558,-6.516040788729501,-5.260748188306636,-5.64604209194596,-6.1113435972916506,-6.496624391487635,-6.688627160674684,-6.3501722643693626,-6.227365913480404,-6.36616311678872,-5.0152025074895255,-5.425538457172234,-4.847017051461751,-6.407904564424831,-6.821635090344066,-5.320486982957809,-6.904920746417873,-6.426709778265593,-6.975081599870231,-5.504280235262811,-4.939716003858908,-6.356195885338883,-7.190750580304136,-6.212744466863411,-6.057701553693358,-7.111453692924825,-6.735168155310608,-5.968218223372928,-5.992477579082177,-5.663759409577076,-6.568513206633433,-6.766175860403347,-6.441376832876743,-6.6702147161060825,-5.5929181471332745,-6.1559155715700316,-6.90052376746025,-6.624355368001484,-6.855250365689077,-7.6598350822462855,-5.199762101182282,-5.439223278430497,-5.336360859495635,5.0,0.0,4579.942696068699,0.9837338353414289
522,-6.202322872803699,-5.940481766983336,-6.935228789276557,-5.203042121832078,-5.51815875562931,-5.52927863979485,-6.184887420938815,-6.484955714686466,-6.582657058790281,-5.164683656023985,-5.629153543972988,-7.0884660440650915,-5.371768383447803,-6.141896831598234,-5.92700364366245,-6.436861624615434,-5.499815817151843,-5.774501613158402,-5.402164372193227,-5.763274083396166,-5.335890947787352,-6.350926539099381,-5.45069920129651,-7.394231895488419,-6.073567934775864,-7.003338699016962,-5.061963033555501,-5.867488179120627,-6.102689068442739,-6.572209951555643,-6.110359614462105,-6.218233498190401,-7.158422598437489,-7.233116706429944,-5.273468372490086,-6.468972752990347,-5.2327729080047565,-6.285180037005782,-6.910714423821049,-7.1047188032171915,-6.650492683818765,-5.325869822300369,-5.641762460112975,-6.660777661045655,-7.875547420761735,-6.665354338641892,-6.2953111360499765,-6.144096331839547,-6.112399264816467,-5.151300085762816,5.0,0.0,4514.173791803527,0.9478330762039272
523,-5.936514662562243,-5.5518554566751295,-6.893525004775849,-5.201796822069994,-6.401148784780013,-6.021028636845654,-5.058566409720321,-7.800098539213196,-7.191205449118328,-4.755240028152295,-6.138285016916323,-6.972539174508163,-5.81046743465294,-6.716070497058109,-6.2628253663144084,-5.61702880186415,-6.2006855404533745,-5.6140873093236,-5.2577438908387855,-5.3351688157729145,-5.3189857655808614,-6.649857880317102,-5.457713519346484,-6.672079066062393,-5.966848137051708,-7.126897372966422,-4.475001908787856,-5.331300972106314,-6.578801057441762,-6.4318223070178195,-5.595812963375384,-6.022241462611347,-7.230258925042321,-7.411968798337333,-5.035995740099159,-6.424527240582182,-5.166140328727181,-6.827666835732956,-6.179509376703963,-6.32327448792422,-7.208396171297703,-5.667409250034301,-6.220580120824666,-6.846238753293123,-6.96830884122191,-6.708908892344274,-6.966740388719441,-5.304726869563999,-6.174552185282617,-5.598114357983395,5.0,0.0,4482.034674956996,0.9696590160863721
524,-6.188485921397449,-4.954615100901796,-6.927693766653541,-5.496973836322923,-6.362482713204532,-6.01884008770746,-5.6707609525654235,-6.846867451075193,-7.2800333446267285,-5.90780563625204,-5.823989929833439,-6.68805023781651,-5.801860752196926,-6.251039529802634,-7.051966300157026,-5.65967514517256,-5.888997948032932,-4.905889943295529,-5.409316494103915,-4.838722438810089,-5.16084122050149,-6.040512852150705,-4.973713617070234,-6.8819784449139405,-6.691383949051954,-7.281764884709129,-5.156741604851747,-5.820290137492131,-5.765416054311774,-8.036885527505747,-6.456963210808835,-6.472957653051607,-6.744702795020325,-6.9947182946554465,-5.807089545750956,-6.096184515526552,-5.41985055365809,-7.038158815388433,-6.762842934882163,-7.158432818697781,-6.8555039204873465,-5.209462762661069,-5.539223554886252,-6.773522029446787,-7.232090514992393,-7.370609664191338,-6.751113203946922,-5.670865800277574,-5.61318178758088,-6.109915665678327,5.0,0.0,5268.543513155027,0.8592752530951585
525,-6.057659155068972,-5.368395937505103,-6.366842561267916,-5.412722844566493,-5.42649219978141,-5.563648922541254,-5.369662010972124,-5.896111814632054,-7.058903597064857,-4.82849416203369,-6.147508004871046,-7.190082776971346,-6.288321059887185,-5.475635967694226,-6.559298630702171,-6.036466168369825,-6.224949998804786,-5.511714155419512,-5.191161222167879,-5.188496368194824,-5.255322514353178,-6.9050308168117756,-4.756601040699141,-6.7450502765820675,-6.24847686080538,-7.201907441641217,-5.542933134772877,-6.030780775715348,-5.908352384871349,-6.639227297961151,-5.89097917568961,-6.810692086938758,-6.784645109296919,-7.743035868823102,-5.644813992250268,-6.354643952194704,-4.704725915506211,-6.734178624871671,-7.127342650193487,-6.246016865618876,-7.191554269612626,-5.682158933417811,-5.612953236707329,-6.7582762325438726,-6.563380699829349,-7.4922874189435955,-7.302775775060769,-5.662598096744747,-6.145447249331902,-5.971680564800729,5.0,0.0,4756.4882705665395,0.8922777755022379
526,-5.8435018442611835,-5.482186268182271,-7.274175174997279,-5.487608191056704,-5.829932600086986,-5.730522467170401,-5.5896822366737755,-6.830141709121393,-7.119734971769495,-5.210577226137174,-5.563677075557979,-6.491223240064354,-5.44545690814279,-5.705076178203297,-6.164546503177892,-6.960213635159606,-6.680500330277275,-5.383894820411836,-5.660646727123125,-4.62100966006965,-5.0721349257522474,-6.7410501231550946,-5.296465111431424,-6.419130798880097,-6.1873614447274,-6.854235985906489,-5.706393338454925,-6.113985492325581,-6.200070099458252,-7.11670041474852,-5.634861743989634,-6.650819223365793,-6.773683193878823,-7.173824273275579,-5.603507426291276,-5.807791167686699,-5.2064875559159915,-6.877801487329804,-6.937105373596908,-6.3748593148611,-7.145877571430956,-5.746996607514644,-5.541192648503733,-7.358482921746672,-6.738237515878985,-7.118103795776871,-6.947082083307082,-5.823859771603495,-6.035683841872449,-5.346486201563368,5.0,0.0,4727.520143051132,0.934538832933023
527,-5.545412298327574,-4.785931882919162,-7.12758816564151,-5.222474346897554,-5.143491529088872,-5.566868452075141,-5.081530552740383,-6.785943010778043,-7.010127899056668,-4.8112070029247365,-6.129946293916835,-6.710542160702285,-6.2259604963449755,-5.653845869006165,-6.033200421536987,-5.300987355848384,-5.94501092419897,-5.165995262069742,-4.57709340124211,-5.583317315138704,-5.52183433621696,-6.714070512505025,-5.275027993428406,-6.951105207739425,-6.107058110825726,-7.411308150322088,-5.7614029155421065,-6.086328251133386,-6.753120543080258,-7.897107664727521,-6.167483066082362,-6.445963556990518,-7.077294884829098,-6.447640300601736,-5.765691464086778,-6.210458055152122,-5.230522504213689,-6.69256383844759,-6.424829162202897,-6.50541331351592,-6.718252667361516,-5.983710374894102,-5.5020422198258006,-6.540966786078771,-6.454351721954645,-6.507677945366219,-6.989018336593615,-5.868847726142523,-5.837908403094331,-5.644891332341365,5.0,0.0,4120.279914809359,0.9702780993572108
528,-5.787796608057667,-5.47422177316707,-6.784139497662749,-5.38926700890061,-6.271536043962267,-6.4336550620360216,-5.715657525769559,-7.858096747226341,-6.677565412729242,-5.133623054863149,-5.807996417544841,-5.95582523281754,-5.901148226723464,-6.554112177315985,-5.881989304728283,-5.675733309441597,-7.1004163336278445,-5.578887586935454,-5.129727828716835,-5.312154900080015,-5.653736532292722,-6.5911178138223026,-5.453692825417813,-6.816146087340263,-5.385457738958376,-8.312713468659897,-4.838969993317016,-5.706262293864793,-6.132226618084125,-6.790608604596361,-6.318666216746431,-6.411758747047801,-6.779979559764548,-6.978937184853237,-5.628111196742115,-6.36829102309212,-5.131148878277879,-5.948780899970219,-6.884457375052412,-6.86961257624601,-6.204295780376872,-5.610558991593608,-5.3372097789143185,-6.4958152409843395,-7.376412808518882,-6.777964567189153,-6.812085842528716,-5.320621403448735,-6.051627758351222,-5.404306714651684,5.0,0.0,4576.455460370171,0.9474720925342932
529,-6.003947853108242,-6.193666624994274,-6.848398829101057,-5.466798782378741,-5.6647098320928,-4.920093656248986,-5.271922024677133,-6.8762542120544605,-7.293384708723564,-5.441773056003398,-5.884299845182425,-7.287632951729632,-5.965060800648276,-5.505825113441666,-6.647670005830814,-5.600823398163048,-5.6584286260744125,-4.890111730343653,-5.813374856239094,-5.46621189227577,-5.618739106103075,-6.55165006462391,-5.952479193527139,-7.004673308512534,-6.068305099036082,-7.151355672861425,-6.161188513677568,-6.675075355109073,-6.128487270377057,-7.4867120119564134,-5.781046023401907,-6.694665200022627,-7.316375928026661,-7.855382943319508,-5.469370279753098,-5.910943967337062,-5.585728477771879,-6.057981126373638,-6.87769151215011,-6.252523040013147,-6.781098568416187,-5.424741900073592,-6.13466880123316,-6.666953372557408,-7.300472787284966,-5.99908388700429,-6.815891794969463,-5.907439260861951,-6.367283416340934,-5.472628665029537,5.0,0.0,5274.514649990393,0.8490634731325026
530,-6.008035131641167,-5.374947367805039,-6.887241058951613,-5.54730104606111,-5.803770966616916,-5.2227837769735,-5.163312006010909,-6.929192631461841,-8.302012885291731,-5.36293444588603,-6.7122582690320405,-7.06881182864832,-5.474654748789566,-6.767623780727157,-6.885714999940564,-5.801520999094606,-6.182293927418148,-5.664572738172431,-5.763116004333436,-4.889815542199562,-5.689483874584914,-6.48933157990005,-5.442374257480349,-6.7244945419841065,-5.750409858967357,-7.25278253457251,-5.148658732019997,-6.239615168839437,-6.591382847491911,-6.545100226476672,-6.950351728003373,-6.248366733727579,-7.382892251619498,-7.296126054317917,-5.94397128950597,-6.437784209546683,-5.512207969005779,-6.957696478171108,-7.642061178254676,-6.298225087961141,-6.939041160394217,-5.442770559466408,-5.508058467110642,-6.481397765071611,-7.383802397551849,-7.191660387417628,-6.806262198819242,-5.647345648450824,-6.627205228721928,-5.193807541168713,5.0,1.0,6965.058747803728,0.21361960427816618
531,-5.795749384107876,-5.59415292143218,-6.748921232997904,-5.0968878424203785,-6.5002439411042365,-5.45402459086598,-5.468005351597945,-7.174289904586713,-7.008310728466667,-4.795341664109592,-5.925675496118888,-6.0494243934070235,-5.3097132574423105,-6.574223345516137,-6.753144992442611,-6.318101058242234,-6.476523891802744,-5.837868068878392,-5.629946541253278,-5.072478864127294,-5.493845555507687,-6.159537199438746,-4.911257127232717,-6.224755466046204,-6.3570581620993245,-7.455568872249604,-5.3369145178193005,-5.704156473141155,-5.250989571342598,-6.328318128016665,-6.40325910561439,-5.8096017064289756,-7.258255024762497,-6.9591029168114495,-5.55489425396705,-6.088996189615414,-5.015573138753318,-6.505668607748657,-7.375854762678106,-6.6566940266442405,-7.7245206971228555,-6.052350706284644,-6.1518211200716735,-6.379065366572156,-7.07881250326341,-6.78689218243207,-6.952210027959467,-6.319620421295028,-5.9434927093562315,-5.708855530155122,5.0,1.0,6282.303958032638,0.055034752885230104
532,-5.6604405958577235,-5.200636713988222,-6.430566544729414,-5.2516617346874614,-6.696941969010154,-5.490230919883282,-5.952219338822315,-6.580369471756021,-6.360055439486307,-4.907975886905907,-5.9778680789800225,-7.085834622454254,-5.415681001955332,-6.282835868531364,-6.1674415053161304,-6.444807772175905,-6.43315010297278,-6.019410330529056,-5.912606224324178,-4.935007687875611,-5.388591178181675,-7.233651911960331,-5.824632413955055,-6.826095347561308,-6.325989358341605,-6.65494665378657,-5.534896828674595,-5.462075307256916,-5.782340543801257,-6.920355766692173,-5.493416974465713,-6.05582803171923,-7.575927006012461,-6.3749732335907225,-5.599475494067676,-6.121926248560508,-5.502439829926109,-6.220172361156225,-7.236602445414481,-6.470147523998349,-6.643278504161587,-5.518435271038864,-6.0333225072699985,-6.244218937272036,-7.36645063960511,-6.29652716974099,-6.887072570342313,-6.302492605614984,-6.5443252349716285,-4.895274232068242,5.0,1.0,5670.063809771998,0.17495269900287422
533,-5.642541337294448,-5.931481350491694,-7.037267081280987,-5.143590874006986,-5.969793471079057,-5.720999746127972,-5.16257379560117,-6.3139352924746985,-6.889316886612606,-4.9038836563515575,-6.137881474498966,-6.560072606171471,-5.343343591498086,-6.159639934334292,-6.957936055515356,-5.302350038591259,-6.704762326969789,-5.234875219737864,-5.65270956876426,-5.448761194332405,-5.233482929264167,-6.878252894014079,-6.20634447955044,-7.061905422045409,-6.194068411029301,-7.238905625392012,-4.612318434117795,-6.013781241134853,-6.533784187421458,-5.953113864294243,-5.815857118639935,-6.173122273608524,-7.558959781645266,-6.665213666660456,-5.527860274377531,-5.939307005021396,-5.533327787113402,-6.590092491615021,-6.416510996559087,-7.021325540095044,-6.16191300539552,-5.732637597634312,-6.233738355093403,-7.230654150568957,-7.507469496442681,-6.298834355671454,-7.0963843779602325,-6.084393001436442,-5.463040683493784,-5.562222121571879,5.0,1.0,5421.621482998801,0.3807214769583258
534,-5.833691061173448,-5.53079477190948,-7.451174956572505,-4.763897173743249,-6.180740731906986,-5.731473081308838,-5.225525696983179,-7.153407869396948,-7.300798616088704,-5.3324846733425115,-5.154004356422372,-6.2962111280972275,-5.674929837488783,-6.379801911583995,-6.19671259989699,-6.137154495222242,-5.96134305983123,-5.790758471279796,-5.039926356113426,-6.113702430607702,-5.5173326592257705,-7.116278543170365,-5.9915145400214564,-6.557381139849573,-6.5514357464750885,-7.235394435740968,-5.951598641321981,-6.502681420028366,-5.369682222524133,-7.163754260745316,-5.736085935596599,-6.5776936655011555,-7.302341563613251,-6.878182563994098,-5.225568832677078,-6.055564354292665,-6.110231155116351,-5.893260648378545,-7.334006674091948,-6.29130118260935,-6.174486322240949,-5.624292740046177,-6.259539702540557,-7.037414121056223,-6.904416594739522,-7.421343853072974,-6.908282715518039,-5.770155181726897,-6.945319548610128,-5.709096191654126,5.0,1.0,6806.713897165171,0.0849189178462039
535,-5.964806185372494,-5.452299715735794,-6.296275868181211,-4.689041707350422,-6.256089515991752,-5.422430363271669,-4.9456870243067135,-6.907406383554646,-7.246303290450838,-5.456805767795806,-6.122886930354374,-6.154251071878773,-5.396253076864758,-6.1402669573837745,-6.736887175098954,-6.325476487051786,-6.241776831310894,-5.173713920631161,-5.041790644326237,-5.113818267167017,-5.266198966858185,-6.9771182626646855,-6.220815067388617,-6.966729718446605,-6.777507749384241,-7.078090564601221,-5.385257352268367,-6.064197322104045,-6.233126559398061,-6.832906632799318,-6.842809626841333,-6.681343018998936,-7.522460612861241,-7.057160832257639,-4.998900399874484,-6.017894705663893,-5.7136509300258655,-6.432928791744037,-6.517536631410247,-6.247476658578272,-7.517347485849468,-6.13428155036455,-5.266646297762083,-6.697419730449585,-7.372461334584191,-6.149975259586203,-6.268092379515942,-5.585661910912059,-6.107294783305725,-6.096164612410451,5.0,1.0,5123.782328249015,0.7773614560232497
536,-6.237561477004532,-5.335624898639641,-6.779423747792212,-5.418323493936063,-5.808525274710499,-6.176627929219116,-5.719508465096624,-6.193723542170829,-6.841357689663209,-4.879476235241175,-6.114032642690397,-6.498080451501443,-5.233297612199113,-5.4542243642924655,-5.3813810801342195,-5.593445268060037,-6.141661999623776,-4.863801684663339,-5.476209983593903,-6.142756591330799,-5.396412986642434,-6.154958841526064,-4.019617142407979,-6.949031026463463,-6.315520446844532,-7.392519695358158,-5.813752286595856,-6.213954320912852,-5.698626332137225,-7.227321244370839,-5.551207057779535,-6.909566073760343,-6.835192706952048,-7.68301197057625,-6.550168195582987,-6.550733333078441,-5.607695823518857,-6.716919615452879,-6.666377678398056,-6.19255838365445,-6.698376220275478,-5.748704474144829,-6.191353269896039,-6.97182997306838,-7.02025985288257,-7.007290975916063,-7.078768210801526,-4.9331681098902,-6.1823769254550465,-5.840177161811178,5.0,1.0,5916.220606727631,0.09267663255977654
537,-6.5466377383512775,-6.375019623745379,-7.382905340729813,-5.870990984288349,-6.755007042053569,-5.876438848346642,-5.582098581394678,-7.554149642016511,-6.7143517943008195,-5.586474029433965,-6.324154219609621,-6.308521268367903,-5.739607748557356,-5.7266175007347115,-6.419404736068906,-6.149933181803391,-6.308365596326981,-4.785237160746724,-5.111697671701972,-4.8958701185341535,-5.446746772531359,-6.659144828222117,-4.931199584080234,-6.8528711191327245,-6.490204596520186,-6.823506989732683,-5.673447746390165,-5.422187579813359,-6.3054302824738,-6.643860765777886,-6.615244969203468,-6.411328073014734,-7.767244304198736,-6.570899108206246,-5.699335163500082,-6.310434842901618,-5.568414588639015,-6.735067986371369,-6.480198450092854,-6.696764503825355,-6.793583563281458,-5.3011574882643036,-6.296277687969495,-6.668403267248025,-7.125964358082385,-6.279972164419657,-6.577951815517682,-5.429323199935931,-5.565611536338842,-4.837113421602379,5.0,1.0,5882.967576865527,0.3048476030286185
538,-5.513198022353302,-5.693568885835239,-7.168075963874544,-5.573929697462725,-6.021131407113746,-4.773599790638951,-5.605008282427173,-7.084127550102156,-6.884548857212528,-5.199286578259634,-6.378926689318081,-6.399557940492309,-5.504748586865826,-5.763847709445767,-6.4793130539391335,-5.631355148061073,-5.5185865419850195,-5.560831560862703,-5.215658723606991,-5.174394712865668,-5.32687626066394,-6.786434451538791,-5.266645364634168,-7.589873618325074,-5.584142415574601,-7.498931624374045,-4.853061234243731,-5.93737077578436,-6.127015855725536,-7.012629699257344,-5.585595962367426,-6.157393278425523,-6.930366402605389,-6.6137229367496735,-6.516893376958161,-5.723851318253895,-5.161502143765553,-6.03556829657362,-6.921840092177048,-6.735751830067243,-7.114763685422299,-5.908497763561141,-5.891561764271288,-6.823513641567521,-7.799324357524549,-7.0903513417167,-6.7831626269802,-5.813339374921938,-6.598407035349649,-5.638662613712933,5.0,1.0,5402.809481816043,0.47087045777638115
539,-5.910817651720915,-5.669820280503055,-7.031785233766131,-4.774300849990127,-5.377396817122616,-5.979307722904823,-5.849517431083057,-7.427970387260462,-6.491446002073532,-5.3530079720598955,-5.468592079150545,-6.837612306645876,-4.890510809372644,-6.429125152216015,-6.315453720042088,-6.483952703782519,-6.445554124436262,-5.101220351407088,-5.226805822095452,-5.37473646985651,-5.099351295742506,-7.15339761836007,-4.680641307156766,-6.909876877564942,-6.7924009834288706,-6.968573926624918,-5.675289859181747,-5.747075064620179,-6.128701659980327,-7.076246174512164,-6.2304237919545775,-6.492158178054359,-6.954650604621506,-7.941173290776025,-5.756549067559109,-6.4677726500587935,-4.853323235483502,-6.711317930923554,-6.550772033458422,-6.161760389922648,-7.192542269424647,-5.035310817240155,-5.934365031423898,-6.540133716859078,-7.0491477697672185,-7.056441488022558,-6.933953119456009,-5.349537899888409,-6.164949489942122,-5.2872355973240746,5.0,1.0,5724.10602513305,0.309264481546091
540,-5.57096789974162,-5.803397252967332,-6.927385503161656,-4.798717350539759,-4.999538601718581,-6.20232457270132,-6.221498030229815,-7.195670382378061,-7.112058035889596,-5.39013128197568,-5.57653669172411,-6.743863206498869,-5.659185611142033,-6.73357845517741,-6.269787446184003,-6.442293823003381,-4.955939521410609,-5.207701515411948,-5.489686131990303,-4.884743036308226,-4.824140641558617,-6.798545157603392,-5.646897990197485,-7.438020639447976,-6.2535554920145655,-6.834577987482356,-5.615366453633502,-5.632859955393169,-6.22825525600078,-7.124570590850151,-6.635341454074427,-6.565389140494518,-7.151047038758417,-7.559794236442736,-5.482176834692376,-5.757987868906724,-5.178861719609475,-6.410378393050364,-6.937697889386895,-6.100613213197139,-7.311962859708515,-5.559473536415126,-5.128266314940403,-6.4778768802396565,-7.1864919511109795,-6.752758630719922,-7.667061564728728,-5.162846603991625,-6.467126003881652,-4.377266474514639,5.0,1.0,5507.69485484193,0.3695207930793868
541,-5.789226421924193,-5.660907311430884,-7.371547429672666,-5.570777595404505,-5.0380336091386235,-4.9950786060798285,-6.0157301682481865,-7.093387599532271,-7.794613981822727,-5.281043914675392,-5.982646222512478,-6.377804269692806,-5.179594514920339,-5.640774115294555,-6.326440503946583,-5.234782430037432,-5.721329235155252,-5.330725265801481,-5.745037114994798,-4.789281930845808,-5.642585003204449,-6.406153856868087,-4.661905178719852,-6.798214175557131,-7.0219200654757845,-7.168970350428189,-5.931348764549892,-6.4330858573941825,-5.694619121134395,-6.739103471187863,-6.177152585944396,-6.052124586966007,-6.731612066772754,-7.244951526508606,-5.812954545936105,-5.3145093295635215,-5.365113765302995,-6.164818440274482,-6.842818998340202,-6.411233379654745,-6.906839698140217,-5.5260133823376645,-5.569561100573869,-5.725218589033854,-6.99759156594296,-7.280003630054982,-6.403284598850897,-5.231071594117355,-5.672880053775688,-6.000109792287621,5.0,1.0,5430.867882693528,0.07748476539541108
542,-5.19845574299076,-5.762529704327135,-7.129377636493228,-4.545899495442664,-6.1473382876370435,-5.449224912571856,-4.976450881777312,-6.984544935905163,-6.5620263489301545,-5.844853109513117,-5.7173435501539736,-6.703251748035172,-6.258241044299796,-6.011319223930034,-6.16809821716432,-6.6682734151333465,-6.817468628993457,-6.192752004008075,-4.714787123088989,-5.6507991069535795,-5.52681012228508,-7.061684169384442,-5.781864060266708,-7.3149705088127615,-6.1966768885562065,-7.22644782247448,-5.1078266900303735,-6.043386382109402,-6.099854606474362,-7.048815820167995,-6.669869426701254,-6.418082688434769,-6.843396050254074,-6.710227917377279,-5.519278975713686,-5.721664441290073,-5.453431465765368,-6.875492846258272,-6.887394985755439,-6.14788026202233,-6.629588641805547,-5.96010165411623,-5.460857290316525,-5.703461934981426,-7.819468040996089,-7.19753719822693,-6.5117292258392965,-5.65890269423853,-6.350929762090544,-5.629786901210792,5.0,1.0,5600.9313519203615,0.5240035077121417
543,-5.5733170858232235,-5.6927015707890085,-7.750175041420105,-4.984310111297738,-6.2613513011406825,-5.737630402305594,-5.195986257443338,-6.383522453855416,-6.779997162267369,-5.076839582510496,-5.8959114122074014,-6.48729468863339,-5.292751425210796,-6.403797846336048,-5.924396401602741,-5.274678684541314,-5.64849486689869,-5.442368486184937,-5.148743821610898,-4.724423313052331,-5.4443034477504675,-7.256545302961163,-5.526462458405207,-6.141151073015906,-6.930369743925158,-7.429465758392507,-5.043012762484329,-6.371154875474684,-5.739341856504595,-7.177196126655909,-6.419290042786272,-5.920426531013716,-6.683703005166847,-7.3701894624436335,-6.175566570217653,-6.568992635777516,-5.489003666150077,-6.556218623001864,-7.468229071171503,-6.8760892223534285,-8.21705568940534,-5.568601940085773,-5.539614510557151,-7.074310701866777,-6.070857197784512,-7.164820930661713,-6.597865125412584,-6.295274869060997,-5.361719315637404,-5.721216580067303,5.0,1.0,5430.083728046821,0.5635883640712992
544,-5.953538660173774,-5.645649217841507,-6.479813510120396,-5.40528972686277,-5.744022664980757,-5.427925345499197,-5.812642729263164,-7.269806988933444,-7.599017753636466,-5.24806385318182,-5.861307019067885,-6.501019167993441,-5.129417237023684,-6.421523421247837,-5.631763384067677,-6.159512736635085,-6.16035876017828,-5.318798082924586,-5.036163300350937,-5.770460517347083,-5.402023075640364,-6.5169440957052,-6.059741055407962,-6.9883892702795265,-5.844736605703839,-6.733526892770875,-5.180141098971704,-5.997241105597351,-5.672771146837635,-7.4438660763871045,-5.946545421111546,-5.942053100648436,-6.435202537685198,-6.391288392563787,-5.592774315705094,-5.914149658639894,-4.961055922167678,-6.933559701133598,-6.8361358783147805,-6.44079867445855,-6.537299066435464,-5.986487208343378,-5.643976691861067,-6.906476315291847,-7.464111490173705,-6.775581541232456,-6.77209740966241,-5.2269471766128826,-6.92593956523831,-5.726366704022932,5.0,1.0,4957.673319040303,0.6455577956337819
545,-5.4974277983572994,-5.288176790886219,-7.097680116616604,-5.890367546538174,-5.760863941696222,-5.831788098926007,-5.465857133834558,-7.319897199282744,-7.451559521173499,-5.331664351062507,-5.415487659487991,-6.104653587461408,-5.982596837258476,-6.748877045060724,-6.9302674204808925,-6.232115968052569,-5.591034947096787,-5.536593592388038,-5.360691896950332,-5.951236062753749,-5.391474651138185,-6.906645131776315,-5.0614583841895335,-6.638242959813079,-5.9035891928385125,-7.856680148642934,-5.257403730544962,-6.363361942678528,-6.227555969938215,-6.656309026886277,-5.845621172056955,-6.929864298051532,-7.181119473045326,-8.061892053611095,-5.694430116542982,-7.227502408442388,-4.818639422687694,-6.776142202918174,-7.57079601057432,-7.146114167024779,-6.80822431811309,-5.139358826402215,-5.772541657483854,-6.966002819684692,-7.108504658085076,-7.997216323400244,-7.473112175038472,-5.7250102854188905,-6.472207921643554,-5.294743505300407,5.0,1.0,7808.445996291905,0.06788141688341263
546,-5.593289453335308,-5.698459438382324,-6.905302532000566,-4.998811773011912,-6.451877745664907,-5.807239148316556,-4.506557229292396,-6.9054670338427995,-7.033256994390984,-5.123267144158906,-5.746931390413625,-6.591176763549159,-5.225661584857686,-6.283484944190321,-6.106796956237766,-5.815827558875459,-5.563234351786849,-5.881422802255022,-4.843754869360226,-5.22678991388048,-4.622833992455899,-6.644242598942469,-4.625495258948575,-6.552904609716509,-6.6574809288250325,-6.09935649087854,-5.627041203485795,-5.547514415423958,-5.8442304089755694,-7.3079659899416125,-7.27245599182407,-6.190750704474689,-7.203454012978538,-6.484804544047562,-5.5010171386819104,-5.67360432293182,-5.454391190783633,-7.14377991896526,-6.900055232491116,-6.0284410764142695,-6.827471116477797,-5.978398372234763,-5.645571048739282,-6.9812541793421,-7.046556993434903,-7.264387633132665,-6.5839500178314,-5.254361756825197,-5.739471005187986,-5.142039186597492,5.0,1.0,4950.267309790244,0.283480263475308
547,-5.747483253647173,-5.602428462453584,-6.2597735854115655,-5.216418162737159,-5.000354388819899,-5.291106829103423,-5.0094798715336015,-6.464717167490848,-7.285999148798052,-4.546894368375188,-6.884708631359308,-6.996695592664192,-5.383414230881046,-5.733670103444447,-5.667826933958123,-5.034426489498142,-6.218944220005806,-5.476268062825588,-5.688838158084492,-5.4151466935751555,-5.497981234394536,-6.428420354242386,-5.866001722657103,-6.707174802959797,-6.364457071977205,-7.524006693954836,-5.310691027688615,-5.864938641225363,-6.487641822205325,-7.063083368815124,-5.648038005119624,-6.547869365688521,-7.27861920228575,-7.37069922453097,-5.861064386107621,-6.278997753661716,-5.110960340654289,-6.47840228865827,-6.8522709360374146,-5.9842025300946995,-6.417958098093351,-6.191765299406215,-5.640294327568784,-6.7630816434238294,-6.837032512603541,-6.93489052944423,-7.5378953663165245,-5.67214884731973,-6.422408416919168,-5.263814379768655,5.0,1.0,4814.032579076628,0.7214212032794256
548,-5.826140210338061,-5.979795915280514,-7.404958376138031,-5.925597080058788,-5.971535438857583,-5.038527577928169,-5.453330799718046,-6.55375333234974,-7.151097891449806,-4.646845026052846,-5.902784060426894,-6.573030042465584,-6.125185192173074,-5.994068933741429,-6.079030223584218,-5.6673163134607725,-5.620564387049404,-5.044833579111964,-5.0346190050898665,-5.358231593456171,-6.432951357608561,-6.501510292362601,-5.396223990122018,-6.6334094023141255,-6.461564352436457,-7.307060022973206,-5.934153386008008,-6.564264603793061,-5.702432751020853,-6.806676961411165,-6.159914337693312,-6.105524369637931,-7.654134558901756,-7.657516526844219,-5.519772911075101,-6.074144204419126,-5.7808342554767105,-5.985062223440392,-7.634670884786158,-6.34122006518215,-7.362087602316498,-5.421614978660714,-5.254238183643427,-6.403422303232544,-6.604684009204944,-7.105613726262882,-6.682956732664198,-5.648523256562482,-6.032717185189174,-5.371421899812396,5.0,1.0,7532.53821048823,0.0002834548409148319
549,-6.844936817401704,-5.615944405077368,-7.02469389911175,-5.267823182591184,-5.383490191287756,-5.5327331749023365,-5.849834734607098,-6.770940244835367,-7.290355706078808,-5.3301397022346855,-6.183264975331652,-7.10637996059702,-5.75644753847892,-6.227319159305672,-6.888157445613492,-5.565077046865099,-6.085694493823232,-5.023306662663078,-4.978896443732364,-5.117559987047059,-6.136219249327497,-6.944191161938498,-5.747123545125988,-7.181579217643617,-6.72287893875472,-6.74686787853865,-5.314655071048518,-5.970861127326097,-5.666837550421278,-6.510470374711835,-6.562895594737066,-5.748098753502207,-6.784622321723353,-7.321926348636736,-5.671079882279164,-6.162254449074339,-5.637180719922214,-6.311173112646803,-7.375695366857195,-6.186740655941801,-6.8251576082842265,-5.805664983177397,-5.792554287773772,-7.106126296908519,-6.858538827621068,-6.979360021310403,-7.568395304986357,-6.0697101719273725,-5.422665753841325,-5.86499168730515,5.0,1.0,6373.341033347201,0.21859804733331822
550,-5.895353983350148,-5.544366800940006,-7.194080464403901,-5.463931458969179,-5.812529240845382,-5.351250315356272,-5.313099050311718,-7.529499538361167,-7.248788099321147,-6.123087830960807,-6.045004691973369,-6.76708444504323,-6.150950791143551,-6.387016944454714,-6.679106057635447,-6.07998887720634,-5.746358433329962,-5.508262199775446,-4.874039647365203,-5.244623784131338,-5.074705959047345,-6.108757206183421,-5.238532267128003,-7.237996411236833,-6.618808034672672,-7.3059410402335665,-4.693149721299202,-6.316525424102012,-6.61000903108402,-7.383463638382755,-6.851773979849865,-6.966734749417855,-7.115967038346278,-6.901181571089599,-5.2957867210235365,-6.18291478402684,-5.328539063849716,-6.2532887191149475,-7.365951334212484,-6.207979891202088,-6.740776261534502,-5.553530794983577,-5.2536912375851434,-6.421623707103951,-6.559317074058354,-6.5569358868834104,-7.74916515711566,-6.317861533903954,-6.395449617060123,-5.398269939354901,5.0,1.0,6605.071165206469,0.15220742931683873
551,-6.110640345365527,-5.433067206931748,-6.968470538585079,-4.833780429217977,-5.83957440686662,-5.706303157309126,-5.141296835417501,-7.248487951868928,-7.496263789088951,-5.258139042468215,-5.960748467418202,-7.425754778204727,-5.030290332423818,-6.452458233468845,-6.500728495487502,-6.267364880126609,-5.647398341050939,-4.962229980383036,-5.159803900809731,-6.4381778190952295,-5.45185575771931,-6.685559206734864,-4.887134925084484,-6.942870708473484,-6.085984549066475,-7.172805345374883,-5.23505506165324,-6.519166659894848,-5.871921934445793,-7.577387081816608,-5.8574382691246525,-6.787668052941576,-6.403532225262565,-6.623212733198755,-5.4281216931022875,-6.393044075394729,-5.357472263982213,-6.361717692545899,-7.206224825782324,-6.396172845367755,-7.113070359832493,-5.3626308515500245,-5.445271305779116,-6.86799585084152,-7.468554870436916,-7.482951166222329,-6.990396129697088,-5.877404232905966,-5.4466336917987555,-6.126875444727918,5.0,1.0,6058.587170910603,0.29144721498070986
552,-5.511683910061,-5.628013875734941,-7.337607945267035,-5.456012657836024,-5.350349116904955,-5.358312648636965,-4.888567538151754,-6.731186267294216,-7.972729476804723,-5.680088292752791,-5.422494482187934,-6.426486881908905,-5.856300630155368,-5.549688447544312,-5.688050641289102,-5.8578561179775885,-6.333413970909169,-4.645560643863216,-5.1933914659715095,-5.775730566548714,-5.500458730662042,-6.27232484341836,-4.600102882171279,-6.778270552077172,-6.047841209323845,-6.534487252765193,-4.942025728002443,-5.4903654984877415,-5.746703781109035,-6.409530967505294,-6.647386134725787,-6.3073200888272165,-7.615850436766582,-6.899864646298251,-5.10746719134216,-6.60151294647808,-5.482223830652304,-6.428208473440543,-6.683183744683422,-6.710209349276124,-6.813233821242733,-5.8706607728047695,-5.4678894590302765,-7.288205703134352,-7.4618927032504585,-7.706720561125438,-7.184518371096585,-6.098826407240832,-6.20574383882474,-5.536767427303292,5.0,1.0,5123.219443531709,0.5095557386312781
553,-5.850580074594355,-5.848340055387644,-6.913272132774437,-5.102502725716731,-6.148709216159085,-5.771245225164124,-5.396141081947998,-6.716180677898345,-7.048079942607049,-5.48568303037774,-5.843915158996869,-6.7145800253443015,-5.580893531232271,-6.126512760153942,-6.161082395715123,-6.613328784672278,-5.666704008005017,-5.790302667602367,-5.311607798289089,-5.568825476041138,-5.751505080923644,-6.1447655367657195,-5.377892982358416,-6.896945596631578,-6.785753216537026,-7.894357325735736,-5.367693092939544,-6.4506349824570135,-5.631124779451938,-6.956369105267361,-6.210095521138507,-6.192819197904765,-7.430992413498042,-6.8473918953704525,-5.34098275747363,-6.313142006524048,-6.187530850801472,-6.67543134898354,-7.3777342947612485,-6.927755562488621,-6.076604117294341,-5.44450389356186,-5.180057184415063,-6.688298866602798,-7.015197623615289,-6.661742821538123,-6.030899325559926,-5.480269859491795,-6.175704740437239,-6.382107109436117,5.0,1.0,5417.953506392962,0.688171118088159
554,-6.180932462345416,-6.023504905783821,-6.364657393940403,-5.4818601852632565,-5.850742841600135,-5.3569949975300855,-5.433414232467716,-6.835409828936392,-7.664629712667324,-5.753837064100418,-6.710353566554165,-6.173309926143998,-6.009872413433204,-5.667507118025033,-6.539287155870369,-6.3033302074720154,-5.757947968654433,-5.701554124204296,-4.340859329735546,-5.76486681837293,-5.7165671442126955,-7.209151506094771,-4.995562557443425,-6.863942005754674,-6.131009879323986,-6.953340121015824,-5.850074531981907,-5.340387329005332,-6.464751033961246,-7.0403497746448265,-6.187628018379318,-6.083429687373906,-7.669372951234443,-7.632177479881233,-6.064112271344466,-6.15165545260032,-5.285287955752966,-6.409960924475317,-6.703844131028167,-6.229270515547354,-6.659513999534687,-5.904820209242775,-5.515587145650845,-6.908694590721162,-7.159468887371536,-7.377287863888331,-6.893237132689664,-5.688530818856075,-6.166395845019259,-5.990410569918425,5.0,1.0,5745.099207973129,0.6673028947575923
555,-5.91305233457889,-6.105883699557309,-6.727631860587507,-5.49111655697547,-5.982193300889801,-5.885603448151306,-5.262592408145825,-6.941418477384705,-7.224925748152079,-5.6024116546453,-6.123927075581845,-6.129488471545786,-6.132155501433879,-6.682574459784141,-5.658471283136802,-5.824409615198981,-5.902181889203291,-5.057341166466347,-4.793739952541576,-5.21436466775143,-5.26564517970167,-6.792760257175688,-4.991662996540411,-6.873795473483661,-5.93612634888358,-7.019646112265725,-5.190615007094369,-5.304131596073368,-5.822186996245736,-7.371064779237318,-6.494921066085602,-6.3522674870957285,-7.347432873655635,-7.201293763879772,-5.904196895485871,-6.876747212212134,-5.295299873363907,-6.84822830937977,-7.400222554484811,-6.388057992820014,-7.187345732419607,-6.644436607572319,-6.374592221047311,-6.576982603329714,-6.747291486316039,-6.407071249501737,-7.300669307140907,-5.985171476581753,-5.561302291399758,-5.630409574092241,5.0,1.0,6297.79721823991,0.17199715100627833
556,-5.838634313303114,-5.556946161092009,-6.5053016928559515,-5.63503077889205,-5.734751588359677,-5.577819667625977,-5.626926657929849,-6.5831153434965985,-6.967583078567143,-5.8763924835812835,-5.995146496068785,-6.355068138747828,-5.855037168572064,-6.971536366946722,-5.787083870943358,-6.689669713682571,-5.288794245304097,-5.614546262013274,-4.588218933834036,-5.374272185399609,-6.070774845765361,-6.852038574175107,-4.688141336955019,-6.799858711018763,-5.305191898583577,-6.8014811433680125,-5.371744909979622,-5.200869638888482,-5.7358513274322345,-6.752368570079245,-6.3311710594462065,-6.8369753493387915,-7.188663192589093,-7.400830182069648,-5.474351889937109,-6.21531713642623,-5.533741176740137,-6.8797620537420645,-7.00684406238143,-7.087354032441767,-7.26791703728824,-5.623023515465736,-5.720612238464445,-6.571130753113526,-7.162061027140271,-6.66573206504327,-6.9496360714305165,-5.074262858512176,-4.841582463208313,-5.4994116170811225,5.0,1.0,5607.809330040358,0.15049289488594636
557,-5.511665750407945,-6.051349889085474,-7.3230990962316715,-5.2319041111415965,-6.1103712401430865,-5.86895044531074,-5.348486763227272,-6.331640261125638,-7.235199980851896,-5.843491051788783,-5.500575880189339,-6.2080375764017175,-5.879242266525742,-5.808292877750458,-6.423730152736125,-6.058399089669268,-5.720618363349744,-6.5868815130027,-5.261788316323558,-5.157847372183591,-4.99372968068677,-6.561959585042585,-4.9386288337986395,-6.432234170041439,-6.546040732331576,-7.417106861219829,-5.063103415649914,-5.842099683103007,-6.622570677113798,-6.728430402040705,-6.343442669347277,-6.219522102527003,-7.369831705705843,-7.363192403800784,-5.698305464952227,-6.109493014536335,-5.769800250539898,-6.673439488554426,-5.994477170452798,-6.06952609537961,-5.842879103694231,-5.911633194045623,-6.923027351502541,-6.39987464672047,-7.54869255834063,-6.974037222521246,-6.910878867937871,-6.232241007261338,-5.517885808321921,-5.4116833868438885,5.0,1.0,5168.51481173886,0.689120423950777
558,-5.971800761793832,-5.474974251753723,-7.099404554478578,-5.396612996682069,-6.646650207957216,-5.358527669576838,-5.383767936735593,-6.954590526215243,-7.747029564357731,-5.390271069085926,-5.3855032028411385,-6.558804190634224,-5.62240284526808,-6.182148307701457,-6.748832532005442,-5.8188566708398435,-6.361483611848348,-5.662969186764916,-5.306342384081008,-4.605651853350044,-5.698428646643356,-7.133330347130887,-5.3389793566277985,-6.888810063302374,-5.932299978998504,-7.139305923803303,-5.082520330810909,-6.052941423059984,-6.342318358168397,-6.555875909361428,-6.565500729374151,-6.36373318449261,-6.587998981766334,-6.487149146358421,-4.839748741996497,-6.7402387002058815,-5.84498730671647,-6.473365194349197,-6.960708809618176,-7.026028365602608,-6.800927645784719,-5.2409488711625185,-5.431505043929707,-6.833524845683379,-7.495176560495508,-6.600544000083809,-6.435679748992463,-6.209039496476973,-6.04194936145626,-5.248858494842146,5.0,1.0,5909.435160461562,0.22575699131135948
559,-5.420416384245311,-6.076468003410496,-6.468047965846512,-5.94698424846044,-6.627555274152035,-5.405301362510655,-5.544343219518367,-7.107673906079657,-6.800259644889874,-4.839126551616679,-5.1666472668296715,-6.724408217158428,-5.779728326420444,-5.654500181175158,-6.6988766547479575,-5.363639566576323,-5.682635645608362,-4.976150009260174,-5.561751466254649,-4.645517173169536,-5.538553864965896,-6.416832831953668,-5.539667961958802,-7.501889049139452,-6.047717999768019,-6.517163892855612,-5.082544466171091,-6.341245167855821,-6.516796956809525,-6.246836892838151,-6.606080850072123,-6.65045443948492,-6.981947987553377,-7.162505041865253,-5.949142798384103,-6.613231148905058,-6.045183645543504,-6.314740440560611,-7.677073403296862,-6.527145380464773,-6.941228633068992,-5.841646105182656,-5.908845936407649,-7.59092797491134,-7.590795104013742,-7.8559102975816035,-6.894310223776831,-5.820815541202367,-6.459201581670151,-5.406323709474308,5.0,1.0,6633.461928349044,0.13631912090954054
560,-5.97152686829271,-6.334879768121112,-6.795428314173491,-4.586215269859322,-6.027880866547357,-5.8762750114752205,-5.796720270889252,-7.574111495736809,-7.366081652002501,-6.272686638760641,-6.236891622241984,-6.478569884086296,-5.790304237185877,-6.046744911634042,-6.517412220602719,-5.445263975437352,-6.495247974662876,-4.538543948802093,-5.285158281535398,-4.912125428471467,-5.9013828745202055,-6.814418710757406,-5.627985667927679,-6.528262876693845,-6.952870264448349,-7.425844765174121,-5.196395698157116,-5.705303899445104,-6.49706816097786,-6.706732826696352,-6.766980867478211,-6.77429063632991,-6.172192041216702,-6.852471009285158,-5.505209025524144,-6.108732498545711,-5.149595686302982,-6.266750206495737,-6.602496850655543,-6.568865903977656,-7.033500709319762,-4.816547178346183,-5.582990446584164,-7.1475183589716105,-6.809160177854688,-7.512340365711731,-6.829788271482237,-6.107784249462884,-5.4751401346043185,-5.455117592305331,5.0,1.0,5636.527753178574,0.5432486041353565
561,-6.110411547611633,-5.944134735471589,-6.680604020739051,-5.240452905406349,-5.791770290628485,-5.381100741086861,-4.78889925093766,-6.4125253968895715,-7.156874198019564,-5.330581337486862,-5.489102273531658,-7.311871661133694,-5.598908726341973,-6.6426950291784985,-5.643486836455406,-6.1305015121681565,-6.003570865412006,-5.444664913065462,-5.742737001107757,-5.01912869794641,-4.846894516622082,-6.372025872772328,-5.657047647020261,-7.2554503241939,-6.847939539435285,-6.735441787414786,-4.706276789791286,-5.706951573331267,-5.978170646583526,-7.191086133822488,-6.172868510286546,-6.217220600780872,-7.195896526279222,-7.245870759157912,-5.912214658612029,-5.878383256393569,-5.600284790088057,-6.432674069250258,-8.068616292705096,-6.541047405939028,-7.32196092769494,-4.967677462209561,-6.149842442591104,-6.636540430359753,-7.514135626481914,-7.581428689818166,-7.268314957014749,-6.540438242458562,-6.483871630252791,-5.950345887894102,5.0,1.0,6479.976878967593,0.20772282376840076
562,-5.635068902013893,-6.389657102674636,-7.707788367119129,-5.444351377513086,-6.0972771463104225,-5.504145231057514,-6.333229868995656,-7.06467826976564,-7.219038484692166,-5.28145930582338,-6.207369902193352,-7.196972623425667,-5.465747178923313,-6.785003563894643,-5.7758284721622335,-6.03594575995135,-5.6863663047487485,-5.936075086883111,-5.624684692160804,-5.45346988946217,-5.576365346485623,-6.352512249467497,-6.006803206589524,-6.714952619801611,-5.6150225308642625,-7.525368769675678,-5.53370294022775,-5.777438178139948,-5.517542723656764,-6.454232749274692,-6.114648172481799,-6.256519602925254,-7.114406344369573,-6.798245229101648,-5.408577110140593,-6.08151824229388,-5.606361315008958,-6.737842295068463,-7.5252788461695435,-6.390616976972174,-7.074126886839041,-5.1870794283790085,-6.012740778321336,-6.817210247045627,-6.664192246715371,-6.063953641431721,-6.959507898276674,-5.703586798085093,-5.973115288610147,-6.183763246125071,5.0,1.0,6682.659977076706,0.07107913426746651
563,-6.564693833905007,-5.707316190670857,-7.265381296262488,-5.6636896696077335,-6.511196919766472,-6.293546099569871,-5.6827471338831135,-7.139465205684314,-7.423340004881932,-5.140523185260548,-5.977794029018804,-6.031715747297234,-5.80702326877436,-6.027451851843074,-6.22509591324727,-5.626098833716493,-5.882943218338322,-5.574881955995814,-4.920028840775036,-6.0995753731438915,-5.4352201112168155,-6.55339923749274,-6.586431361948364,-6.5793800795289314,-6.69915291134394,-7.713149320967245,-5.426670012683511,-6.068672597292558,-5.698981287430078,-7.18935588829014,-5.756435830317487,-6.380014059106211,-7.375947614057756,-7.492879633357852,-5.908746802779373,-6.233810686736336,-5.247864278871999,-6.4334585227401435,-6.829698176808379,-6.445751307356705,-7.198244028976445,-5.190533265646432,-5.081283774978326,-6.175060441640072,-6.916578429617734,-6.741342186427198,-7.2011646300468675,-6.034303110097142,-6.887436370937211,-6.187287395081484,5.0,1.0,6182.055121395127,0.5838156705564352
564,-5.886883816290475,-5.423197874159049,-7.019731148806047,-5.336820172295305,-5.786181298793235,-6.01069871449374,-5.746258312691211,-6.488691307435378,-7.798532035786852,-5.443037862337867,-5.750872732270949,-6.5030240324399475,-5.637184048459305,-5.884962458209304,-6.191864983915626,-5.492229120540149,-5.801860521808999,-5.269714788118267,-4.141116422454051,-6.046501069156483,-5.04661034062234,-6.39846441825266,-6.2195857749064185,-6.814593728060482,-6.260570535112973,-6.627159604350072,-5.834615648470084,-6.158832278922131,-6.189577273773739,-7.231150475554103,-5.865588572092425,-5.988977571304117,-7.7543334648282265,-7.9515350033644765,-5.6339405792749755,-6.362145223052052,-6.534741236765485,-6.027282430048813,-7.3237489197929735,-7.159220852701364,-6.677009628242609,-5.878955815928237,-6.462560421303398,-6.847329642387287,-6.853165171986431,-6.645514980355586,-5.9515490924224785,-6.036451900908601,-5.797503463311914,-6.219265145901673,5.0,1.0,5882.828809870679,0.45037010992031457
565,-4.94999223954864,-4.812962041274719,-6.560188605632003,-5.540542083724315,-6.037740765790771,-5.113840114476965,-5.8838029102466995,-6.821221573372572,-7.745165971756696,-5.011634121176704,-6.038716897173854,-6.458635675175967,-5.279612570896376,-6.069989932607372,-5.983703687529227,-5.6279531272238135,-6.107839894091191,-5.217373576314898,-5.6611045290258,-4.914965614787569,-5.079903391185627,-6.574709346811433,-5.888727210952046,-7.144896041144537,-7.592892774128193,-7.012781854510035,-5.171177661363549,-5.505339559187115,-5.771051921374963,-6.534999929148959,-6.280240440388697,-6.409408138102467,-6.519344284738744,-7.905944419745883,-5.607313729526393,-6.210448225529103,-5.676512770756342,-6.551374271993592,-6.92115449837813,-7.144278778941099,-6.820713667580843,-5.6947626471697586,-6.014887878601401,-6.8598260275775855,-6.990612854821488,-7.472761366036456,-7.492168379557319,-5.793468062741476,-6.106418698224852,-6.165431950976814,5.0,1.0,5908.140583566104,0.3173728296033607
566,-6.154525727239891,-6.0005056087286235,-6.612866902214074,-5.965075740163952,-6.8110075884047365,-4.984508889918747,-5.58567825562037,-6.769915783613401,-7.43382824497529,-5.94122914359876,-5.768367979423821,-6.152615764751675,-5.056312689255249,-5.972932818909377,-5.704979037397546,-6.000570320542475,-6.118849053982016,-5.885611696738289,-5.792183152668537,-5.764817862276338,-5.395273358751735,-6.647409374410431,-5.9407112583408095,-7.369109670492859,-5.904998339903241,-7.083292202979297,-5.320323942367674,-6.0685259602363715,-6.311591093665728,-6.93436088037779,-6.596001686530428,-6.68419582153622,-7.042018424829108,-6.4168679907974076,-5.653735304456854,-6.147371568747005,-4.881508210146695,-6.1734745881489745,-6.6590428832228685,-6.50996023126733,-7.227981372490357,-5.00027640464148,-4.87290699131668,-6.522282276317527,-6.935271095194394,-6.7496382018907655,-6.575257954822118,-5.741162433903197,-6.05541983075255,-5.97499238261214,5.0,1.0,5974.166624337874,0.132839240816761
567,-4.979529466338579,-6.164456437862204,-7.029229047986229,-5.521134536009678,-5.402313985273982,-5.48111745390611,-6.291147493036172,-6.543358189385672,-7.663049493263575,-5.812642524765029,-6.073842523514709,-6.670116129526853,-6.031780641783753,-6.179624077921987,-6.068923484945035,-5.717882472164634,-6.0546858314845275,-5.531040400014532,-5.038441811022464,-5.567282635334634,-5.908064543200902,-5.9475614523482925,-5.236689031410137,-7.1531629208777,-6.552206920428154,-7.006243106787147,-5.325536068662214,-5.312358164960219,-6.307489713437348,-7.051198472821967,-6.839819356374435,-6.7262476446409485,-6.872921145550632,-7.276009944352106,-5.068164241781674,-5.961002443868298,-5.382948610890341,-6.00815173079377,-6.699262980907397,-7.632243778567588,-7.18611932037912,-6.722990735901581,-5.69660825037842,-6.943455168690191,-7.287578014159316,-6.904669801695224,-7.174813271961118,-5.861815896226732,-6.262533102297709,-6.238636376915813,5.0,1.0,5708.082498501463,0.7998780684888882
568,-5.536987311529639,-4.995392067680218,-6.7763969514291595,-5.134643094745064,-5.506576334353023,-5.815726087713196,-6.385294065619581,-6.064230692135672,-6.829821571727859,-5.047637880112469,-6.082741195802116,-6.531045164775964,-4.632886955177709,-6.141851151543615,-6.449090864420292,-5.724796893109349,-5.905601111533998,-6.094068350298102,-5.034775876562003,-5.426636992631384,-4.9388353255942965,-6.689187676186693,-5.864167660679316,-7.002806047224616,-6.3343036034453695,-7.310319319554274,-5.3174394690443005,-6.112436508114199,-6.0178822320654755,-6.517545934746694,-6.52889348801696,-6.492133941008292,-7.149034500045667,-7.1509996502193935,-6.122757588715158,-6.299091858939295,-5.193154281008984,-7.188644800680326,-6.515622061605629,-6.4375298355181165,-5.817804843065671,-4.721533340671246,-5.500234770919041,-6.320986460976871,-7.93036955998951,-6.949097444615949,-6.630282572030828,-5.295986628483855,-5.880677228785603,-5.312830212108437,5.0,1.0,4931.9958357919495,0.43569072745344395
569,-5.761951071814122,-5.33426754725139,-6.673317942835575,-5.1158397626101095,-6.253554483110025,-5.618974538479764,-6.466931147704536,-7.342704812491994,-6.291417766685166,-4.519084171667002,-5.512619765544193,-5.842636796397386,-5.386129029122592,-6.509461616561254,-5.6408816140016915,-5.749677818317673,-6.19522879816597,-5.202739099100848,-5.952455237566465,-6.019812357680987,-5.50093438380793,-6.625906755332611,-5.726162238118969,-6.332594531329054,-6.026467391641344,-6.9169269574687355,-5.532046312953951,-5.5820942234447495,-5.906531552770397,-6.66694841458979,-6.005909877822414,-6.7970855544221065,-6.505408457505232,-7.43877801262908,-6.590124713618064,-6.106407312513385,-5.68842102927379,-6.484508751949106,-6.2590850741242905,-6.1260652065479135,-7.101414596466128,-4.754390896630176,-4.7079228444094365,-6.421134728870947,-6.7142231175735265,-6.816673239058577,-6.1935530891206545,-5.6498656607670945,-5.808385451971617,-5.329409315747648,5.0,1.0,4331.64482491293,0.6805620027160103
570,-5.7792005488041145,-6.194217267525233,-6.9808003596808,-5.113081223974629,-5.796270004897947,-5.483700366540187,-5.462819281537551,-7.5031518492698615,-7.288032100760374,-4.989041303353725,-6.335824249801814,-6.246574225758456,-5.804322554239998,-6.184983348725278,-6.1327851456397875,-5.756464002364635,-5.411636439915443,-5.374802238116966,-5.0836937062482415,-4.847040674344782,-5.6943066534448645,-7.1075764267530825,-5.322085219653498,-6.861690930604185,-5.874992496350953,-7.284102968045107,-5.472364031060137,-5.546497893745785,-5.895655899673879,-6.832494237019374,-5.665123839535688,-6.263290429480138,-7.028691347933186,-6.561655741902729,-5.13970686687119,-6.152719306656077,-4.873993178756715,-5.586097612892266,-6.551907798127632,-6.759481825668826,-5.855416979909795,-5.649450765930332,-5.1699667921240735,-6.688507322567886,-6.745798813982885,-6.8647933977119155,-6.8844127156973824,-5.796108963496543,-5.752821931039331,-5.574967471104163,5.0,1.0,4754.928389459297,0.3182006632994092
571,-5.475272246576256,-5.567352300449525,-6.644463002580948,-4.653943183591724,-5.737532422161793,-5.682153219944902,-6.540466734532757,-7.248261692484936,-6.733970178809722,-6.04260511460804,-6.2205620123670995,-6.905485415622725,-5.161297294418177,-5.962135227068791,-6.073839067213085,-4.818876735014908,-5.743566561145919,-5.680493307186266,-5.373230477169492,-5.4198425093679585,-5.17309648990654,-6.45116667715067,-5.088309758266722,-7.122239815359463,-6.546572608882112,-6.672992023581731,-5.068749689747793,-6.495831015470896,-6.539688708158263,-6.656769785163562,-5.731741927802279,-6.4241507341784265,-6.668469674247392,-7.210537998743564,-5.7718653259950345,-6.289239587939192,-5.272911105433768,-6.069345887792614,-6.205207198902439,-7.153355987514129,-6.731092339138236,-5.580578823858091,-5.607555028724919,-7.371651891311011,-7.9463486880656,-6.3811391430147,-6.910237086749288,-5.429273395301257,-5.419119356223497,-5.256248556478763,5.0,1.0,5104.359922693923,0.4429493920428252
572,-6.579149766705419,-6.162284373495543,-6.226408965223663,-4.652816336382339,-6.013540651070758,-6.272819214748077,-5.610899614309352,-6.533282186487927,-6.934757096945275,-5.604880534698517,-6.313125410413282,-7.303663204659799,-5.5972392075053685,-6.099887240396298,-6.838037901132148,-5.162272886371223,-5.650507477728483,-5.91815169239188,-5.059874920928275,-4.969386107107323,-5.894592963036905,-6.949887454804254,-5.218734663297676,-7.250398876019078,-6.5153026633344835,-7.270455298952302,-6.037741280645589,-6.027882546699931,-6.241180608808138,-7.009266283371188,-5.437687767410741,-6.432539405762632,-7.7709068188452,-7.819106098119051,-5.594493740654955,-5.77308750447391,-4.832602329247332,-6.329510400154382,-6.635312349161436,-6.996203085650826,-6.3701513438435695,-5.809283866685311,-6.439623589394677,-6.467421323181056,-7.0870356105851116,-7.120477876845448,-6.46316153733891,-6.051279304528256,-6.742357216426088,-5.208964800365434,5.0,1.0,6529.171590014713,0.18098110201838172
573,-5.63939789325905,-6.357710327839682,-6.851392627649434,-5.547140264459732,-5.945280471791265,-5.302577332254169,-5.473504357868594,-7.11664065416916,-7.087135057033512,-5.374250468941899,-5.423475221009803,-6.8443868633985225,-6.039290981054263,-6.167722886116715,-6.591349682528414,-5.308878943556009,-6.2850293435609865,-5.508490492676614,-5.840850502880199,-5.364464468090808,-5.6706761176717295,-7.003605421021606,-5.450762354266288,-6.526926857167595,-6.233578355336061,-7.347845627374129,-5.003982594497019,-5.267931362684185,-5.997239977787074,-6.711321587867379,-5.52140377240632,-5.593501782225475,-7.491767850921088,-7.078586336622599,-6.353109212455205,-6.465689543009717,-5.654186406667286,-6.176928826839515,-6.619811121580295,-6.791569863766014,-6.147262856942835,-4.527932285381471,-6.225546748753446,-6.745019576440032,-7.500871876455187,-6.8136043334005,-7.238894146006743,-5.806523762845047,-5.757428438995101,-6.02218117988216,5.0,1.0,5285.97037513115,0.6213697275547854
574,-5.435808042555335,-5.196259352589458,-7.0518548586451315,-5.014708264548277,-5.96312710313989,-5.772235985710681,-5.689829395166077,-7.142239825803802,-7.520265322431257,-5.481510436854158,-6.3363824499353,-7.056732771645935,-5.321537208081756,-6.0066341279133315,-7.117849082214471,-6.273471694055686,-5.798592139757921,-5.135748174498033,-5.008199894360983,-5.580509135044728,-5.414867815961757,-6.530987136444247,-5.363706834798735,-6.3381313892849755,-5.915220874325144,-7.155418000655182,-4.9674643329513355,-5.513304444556945,-6.450128352491176,-6.77540321020806,-6.015725086421933,-6.790041667112054,-7.2580372834385045,-6.80814460506668,-6.268008903794721,-6.504488218437071,-5.327315956326637,-6.322474596493283,-6.931543830543782,-7.017952245191587,-6.213238945254063,-5.293067094710092,-6.134445396467988,-6.8535217277214,-7.684680554351899,-7.621826284983678,-6.839507320837936,-4.940639151157366,-5.608098716855423,-4.977574695280716,5.0,1.0,5449.911993300446,0.5491410552012342
575,-6.257740616225205,-5.882143610490925,-7.127859406877677,-5.464727423731802,-5.98271499308221,-6.135004279460782,-5.573962290685124,-6.601601020681308,-7.030399495850779,-5.142451975721855,-5.721882381626456,-6.228655431006193,-5.078148240212512,-5.75017604750628,-6.107664405285276,-6.301523845030376,-6.4417914142065,-4.883607891050743,-5.985493723387634,-5.502516465951846,-5.3948080846702835,-6.83664824361446,-5.832784644881898,-6.794447379163947,-6.216804120358935,-7.159557843111427,-5.3593243531555546,-6.548628053319374,-5.496398489085588,-7.696538576411711,-6.519148436359164,-6.745150243661595,-7.930394833784465,-7.700577059669868,-5.808176081209667,-6.446375305126312,-5.7748584010454795,-6.721397080388109,-6.5355545934893895,-6.310582628149791,-6.940993575741213,-5.254544950734367,-5.470156593848988,-6.650519552304942,-7.19697906657853,-6.531362049383059,-7.398533793876983,-5.001796673790836,-6.124998378122486,-5.639929091776439,5.0,1.0,5996.377237089372,0.5167129859676354
576,-6.347084914139685,-4.66831743372361,-6.669658655940537,-5.630135485513377,-6.43624108922192,-5.668887874640914,-6.1287561601104485,-7.145275678475098,-7.222997340706657,-5.033504342736922,-5.314081685257862,-6.880452583902764,-6.276507039094086,-5.170469859967925,-5.537617163153158,-5.630531678067231,-5.946000238222188,-5.306826842962125,-5.173983333588487,-4.876995867295762,-6.088285113366044,-6.51975059763828,-5.718961316577318,-6.950412222889355,-6.4272814873907835,-7.151502761762241,-5.712959183649473,-5.256660512932055,-6.0955931360231,-7.010767925402238,-5.767245519329414,-6.306848830965975,-7.415052677590992,-7.533658365162586,-5.557914462137406,-5.963262447552771,-5.510315334387155,-6.457886548483764,-7.200959087765776,-6.56165309302012,-6.976125421909261,-5.7605864015283,-5.801439164166777,-6.718154944736757,-7.082874859986883,-7.1255685691844635,-6.9870093204938515,-5.818247714372762,-6.383996611989738,-5.056828393912039,5.0,1.0,5298.434256784961,0.6626810651666979
577,-5.6794402896615255,-6.048012774792472,-6.993453136269451,-4.978405468183699,-6.45757320153942,-5.592000127081522,-5.36790026492583,-6.929544217492172,-7.592239722569367,-5.525836872377228,-5.550686388294006,-7.5859492745338795,-5.163892706168466,-6.0374750115859905,-6.406430239435326,-5.7839772166011905,-6.107341987868116,-5.573041853833209,-4.732188156040119,-5.218110428743253,-5.505504850972009,-5.872674196316245,-5.263591823788186,-6.030996833392908,-5.602680666472014,-6.757210378329849,-5.335108082690896,-5.792900918143603,-6.262648867907198,-6.854333339529398,-6.423258847533105,-6.848816406381219,-6.80746280063416,-6.615421588234133,-5.37595213738654,-5.738599269944997,-5.369101677066848,-6.896678942073489,-6.889130020477726,-6.904713635898869,-6.834009306124439,-5.633735525016749,-6.0355557603673775,-6.164855598541651,-7.265605076827984,-7.378164087420079,-7.473348137743542,-5.696904019680214,-5.946749228588539,-5.6950588320096545,5.0,1.0,5413.767561098576,0.40563010551488443
578,-5.629989199172825,-4.599437994030768,-6.655360784864748,-4.863458984777812,-5.7747037210522105,-5.7261564199116135,-5.285343308753881,-7.32572331126234,-6.762513680442253,-5.551506338214797,-5.67519153951364,-6.7798526695081165,-6.263738977454691,-6.325975841639043,-6.211825830849638,-5.896411188452256,-6.508201419167497,-5.146608017841256,-5.336785587164026,-4.818629205465287,-5.657082811478572,-7.262796052084637,-5.213936790666648,-7.061056363735577,-5.968670600983176,-7.152662319759635,-5.694251399030999,-6.240286370811475,-6.31893029898385,-7.636491170819265,-6.56991254396658,-5.9579909263890265,-7.744885428430019,-7.282525054191333,-5.668590117014785,-5.731544491969313,-4.431010101051868,-6.561864021491696,-6.785537328899118,-6.231414276925006,-6.9889544686037794,-5.338338749462425,-5.888499737099204,-7.260222869459221,-6.814313012552001,-6.710413412076448,-6.885980652773568,-6.0550605638727415,-6.281271940247693,-5.41733303742306,5.0,1.0,5435.905393448617,0.5915259001108957
579,-5.142120489471224,-5.6783192032671295,-6.405307616021984,-5.476285904295236,-5.797872187447661,-6.058585885770291,-5.142104605870071,-6.908714633812808,-6.5848254629980705,-5.902612228824197,-6.095092168123527,-6.143415189305798,-5.212588512350553,-5.630996663253699,-6.37975056840091,-5.3277536730098785,-5.733147814908746,-5.630190487867252,-4.847844593391092,-4.529808384565701,-5.0836776638346945,-6.688533468676636,-5.724434039403899,-7.133497608923109,-5.47772362794099,-7.030090823790388,-6.1833000290972935,-5.925657028258198,-6.099573245183575,-6.668432484196635,-6.420313118230537,-5.8589324719427625,-7.131611704376613,-7.1114916468982,-4.826196816771849,-6.069484052595926,-4.510939203030928,-6.397705509322604,-6.671673661456388,-6.313899028931529,-7.00892819861735,-5.778880764222684,-6.1742579131583835,-5.951579766506722,-7.314734535798975,-6.601869857547905,-6.736714304121688,-5.117233668121529,-5.912288724710859,-5.296135160902565,5.0,1.0,4396.583650874283,0.47495388659190807
580,-6.069424852914999,-6.187253202222672,-6.817581825414134,-4.775798943944648,-5.073239818012644,-5.760418853102127,-4.7880817744499895,-6.78757460067058,-7.3965309398449675,-4.335022029148243,-5.9761439460917,-6.656991125628766,-5.490908921664669,-5.878670645660304,-6.758591207978504,-5.643199202768489,-6.478680079886646,-5.0417802347957785,-4.7131612622003045,-5.337138862216144,-5.390658069796438,-6.649807810764535,-5.512113132933136,-7.69179917140752,-6.066815090816405,-6.431142938119579,-5.273851649691853,-6.696064303492589,-5.805795860301046,-6.800705147883752,-6.382744328589279,-6.4158628453598086,-6.68096222210962,-6.63762871585069,-5.566218174539202,-6.056018130325191,-5.611407514023071,-6.672932440692755,-7.764989512216255,-6.5756614843666155,-6.43589961984617,-5.539274428764907,-6.227167801509821,-7.333033401174764,-6.953480880840463,-6.21591472812639,-6.918950905155286,-5.513131196682004,-5.975453725885118,-5.408907687958202,5.0,1.0,6283.13276182721,0.012415500851333494
581,-5.08152242522979,-4.735982787274098,-6.103667977531923,-5.008423623619233,-5.756523935959103,-5.297042189932439,-5.264380475445315,-6.133146473188915,-7.1319408252537935,-4.549421406057135,-5.860549800519269,-7.226614594536294,-5.932742512380078,-6.393863019599695,-6.18576972278211,-6.449162018284264,-5.735524305230407,-5.720691447545545,-5.339165983869029,-5.567149850607743,-5.8492933170917585,-7.034213787693746,-4.910474807657801,-5.828898688444906,-5.600732343397482,-7.822657100824373,-5.513298005089549,-4.9449277378918195,-5.888170297939927,-7.124008541771465,-6.447835736998311,-6.355607666500385,-7.422695100601091,-7.471312827395402,-5.285995670744592,-5.886341286402773,-5.451520720095215,-6.551350026819231,-7.006800100971181,-5.916883439421111,-7.192500145411839,-5.184213024136653,-6.119587749288082,-6.643783500303579,-7.7996404199588225,-6.20361138961191,-6.229473732066754,-5.434723887513378,-6.222330436495,-5.2122471732794615,5.0,1.0,5069.691166162043,0.19877423145952397
582,-5.4876926481175285,-5.381138089618234,-5.771545558452939,-5.095316039897699,-5.897970127849578,-5.020069940842541,-4.780321601112051,-7.058131481910795,-7.159101224273597,-5.690757502259704,-5.641383686375818,-6.845586554993032,-5.288079395669467,-6.684971948203284,-5.637882620921838,-5.106752630628326,-6.245211781169294,-4.7968337730255675,-5.331099964054563,-5.314393095445086,-5.6373836012464595,-6.256317820704343,-5.564998196271439,-7.426492235941904,-6.577412346298947,-7.196741551339923,-5.556936829955594,-5.852752228895184,-5.8045329230412746,-7.321282394369392,-6.35824002612993,-6.467480796131241,-7.526887997189317,-7.116683330034536,-5.8195684179686555,-6.514900947308043,-5.645714199872965,-6.52154303210965,-7.4729431794068875,-5.734074649917581,-7.14886141303888,-5.775416533699852,-6.351159903542093,-7.153158730423014,-7.190831247279531,-6.803685455097913,-7.0539058485868384,-4.914183389155573,-6.019135732690761,-5.554239568643614,5.0,1.0,6118.870000727479,0.06862253752515794
583,-6.119083636505127,-5.092306488299324,-6.3936542843959865,-5.155499519745231,-5.85824073792165,-6.1715197405737285,-5.885852151078031,-6.876313084182204,-7.146717031853407,-5.969161256809652,-5.856488436616513,-7.030169689219055,-5.065152030679149,-5.951261239867073,-6.26581252207147,-5.294422034328007,-6.8973087894075915,-5.131584887792625,-4.945037852431009,-4.699201329864494,-5.698076681593387,-7.139053503969278,-5.071827315612329,-6.569415269920169,-6.224394168915985,-7.14771507528289,-5.268831546977498,-5.3619931637774645,-6.413524674963342,-6.03311334787668,-6.590000156835131,-6.2082490969594275,-7.381555195514565,-7.623710721398483,-5.781909621202285,-6.485559085151778,-5.215091592435294,-6.650430993890766,-6.957867708867067,-6.254678199559967,-6.87489022273268,-5.288677926350391,-5.889410921390611,-6.581313708654871,-6.319815041299669,-7.271120270030943,-7.2545490507718835,-6.331315628325905,-5.417859247816417,-5.884096851015542,5.0,1.0,5524.678147115627,0.3694585483121715
584,-6.102061596042922,-5.322960408694438,-7.089520324964903,-6.103495091150977,-6.56932641786363,-5.989850892574821,-5.834616428205448,-7.317433373742203,-7.341215487556002,-5.727286247668566,-6.4958752351409075,-6.685296600883514,-5.25999361832859,-6.3089800518642765,-5.024852586972344,-5.114124649135685,-5.895644175843553,-5.246780318162667,-4.878352284457417,-4.82752954518072,-4.725513479777199,-6.541180155399006,-5.105572439500642,-7.082056341533352,-6.305880345369897,-6.78085464296846,-5.822237589291422,-5.518780245258533,-5.249079469065702,-6.173693159850475,-6.193017280888441,-6.333065866309395,-6.6164655666572605,-7.530548755102032,-4.976247772753774,-6.255952115964764,-5.760566876281393,-6.126216052050091,-7.849323177915276,-6.5904441549315615,-6.76478907772191,-5.175508630347271,-5.290360166292999,-5.8870541696277705,-6.886516460047613,-6.892713313691137,-6.933620938041321,-6.276528227908825,-5.25159564294249,-5.649554752812402,5.0,1.0,5540.361988546102,0.08392895403880232
585,-6.318645934030994,-5.768771106844007,-6.55297217285599,-5.324611120560186,-5.856844990613878,-5.2574733176230986,-5.635057814341811,-7.414399872559643,-7.3324155007880725,-4.998070709061829,-6.523375810903238,-6.068801710977662,-5.701431032518425,-6.484469580453647,-5.651221200804787,-6.065025626740001,-5.974057309685007,-5.291865793102434,-5.14116820283179,-5.477847833972876,-5.500693967656017,-5.955495041003623,-5.148970472640251,-6.805226357352653,-5.841317820861342,-7.415148571052353,-5.589938889593196,-5.707392072325701,-5.900650275686178,-7.329660316125646,-6.457213096605347,-6.1709470010430625,-6.660645887268485,-7.202279318821207,-5.3218383763218995,-6.415681043440596,-5.184611468131239,-6.668169226461162,-7.476676850035816,-6.490619027071801,-7.092564502086811,-5.959571342282997,-5.181801789048225,-6.717755211022776,-6.761800822497735,-7.283995088092109,-6.895748693093861,-5.310609286676627,-5.549453776817361,-5.604417299970714,5.0,1.0,5116.783843699935,0.6334914287467609
586,-6.87720120821608,-6.054395462482218,-6.3701298300379,-5.76171343042514,-5.889959612142263,-5.764817144767281,-5.216472600134242,-7.114348756235127,-6.4726976512626795,-5.474826710706125,-6.0304174197401235,-6.65559935891129,-5.626067968737335,-6.01923046423651,-6.201713359350771,-5.24577059749929,-6.498637190371425,-4.7767805683562115,-5.560836316731116,-5.502987062070551,-5.212166722180975,-7.332807395205442,-4.861910657502235,-7.227503587793388,-6.7849182332411395,-7.216572572355478,-5.522237828605742,-6.1187832290732125,-6.312410520466489,-6.389017950059217,-6.125782369694448,-6.868303806441925,-6.86136128047396,-7.753815738928562,-5.48276892105138,-5.150250629598328,-5.694157579818862,-5.892535092259728,-6.73959519059607,-6.409313163057868,-6.695752946990979,-5.095203369784582,-5.633382382118152,-6.821481462876383,-7.912064975850388,-7.1026029496053855,-6.633861903056534,-6.454504471327219,-4.733986706859897,-5.172207938441933,5.0,1.0,5563.991236474387,0.3644816076690842
587,-6.049656942982425,-5.272074289325753,-6.627860796442989,-5.422810925665182,-6.085491372128764,-6.730978417151352,-5.172910401388219,-6.71937202201754,-7.037560372415181,-5.6229336312776335,-5.950680110722373,-6.676400171810913,-6.1583220818931395,-5.622138599578049,-6.592634186158849,-6.489621979316639,-6.2774210233288015,-6.11118892945576,-5.639746799481243,-5.497730175286173,-5.527956397041479,-6.309049312619113,-5.997396365818838,-6.764843005685943,-6.46321698832975,-6.810956767021878,-5.2835629624448135,-5.159386757088869,-5.874980177448911,-6.7650228631640275,-6.717813682566845,-6.551716496081447,-7.222516397768288,-7.201873121053284,-5.161157887984249,-6.016300944202233,-5.495691790408683,-7.094279040817318,-6.881648318055968,-6.554829610187649,-6.557776485878547,-5.570332245927178,-6.288595667710857,-7.285430449491973,-7.199013427229043,-7.067989681549155,-6.545238388278285,-5.98910488146963,-5.946114962210038,-6.38910773606841,5.0,1.0,6583.3143956057365,0.21373423914125766
588,-6.279407781431905,-5.346819065209064,-6.614107353132258,-4.145454489260445,-6.3349903172102975,-5.065222319252898,-5.177088155265272,-7.325670322909696,-7.137964730945968,-5.296629619029151,-6.0051266705431114,-6.419115154067975,-5.454060011263573,-5.5002347193885,-6.2508025400751706,-5.64765752285589,-6.383428565123625,-5.87924180606677,-5.115255253651695,-4.997550085368823,-5.04273953224248,-6.37451877388086,-5.015788785921263,-7.315141914875069,-6.883780405761705,-6.73399520963633,-5.157915276626842,-5.4342970646006075,-6.5903651720594425,-7.953153199327759,-6.44993785194515,-6.378274471618441,-8.138387110148415,-7.558780391296853,-5.6940739471948625,-6.191797851473563,-5.048310672562485,-6.1652621612656935,-6.854939559756856,-6.411808661035428,-6.750586197752001,-6.191966685687678,-7.014329497300392,-6.430867309676207,-7.574866778762676,-6.811776157488055,-7.55018754364076,-5.804528258110256,-5.924434949020521,-5.1431071206019485,5.0,1.0,5876.593330480088,0.415437616726406
589,-5.538920679169783,-5.566565238081747,-6.438677768147593,-5.660455849016756,-5.97045212651703,-5.605018184650154,-6.283841416548875,-6.866290229276353,-6.895419381515169,-5.441691400972177,-6.08478140065758,-6.6004993066925,-5.619654668063457,-6.164814779029345,-6.562322964273979,-6.058175598774827,-6.137798966700899,-4.9354811579966436,-5.072615489401718,-5.858620317690941,-5.277690546697934,-6.2601152207948125,-5.252775452849225,-6.891374463707754,-6.30432354509094,-7.356511772241266,-5.023950879138781,-5.873875158918828,-5.2458893970747305,-7.125971322838079,-6.448241846084633,-5.308996309891024,-6.818466303036185,-6.843913656845311,-5.813074201565737,-6.519673730360415,-5.424720013872885,-6.519235479530074,-7.010991368299125,-5.88837731015102,-6.962132829080916,-5.4869182973222586,-6.165386644158403,-6.613408914377518,-7.64949556149802,-6.969180436211418,-7.47697947352644,-6.4874734716740505,-6.216290496289686,-5.518156131779942,5.0,1.0,5390.86133038618,0.5748214492819148
590,-5.9206340664105515,-5.370619197871632,-6.527168782908313,-5.1995525915446485,-5.9444744928391176,-5.691046178706095,-4.8526074386332,-7.08169112310255,-7.135392726402743,-5.522306699378043,-6.7686422324071,-6.69045667311811,-5.691048832066485,-5.258763156499789,-6.032055884123427,-6.329545277996921,-5.7503682490336,-5.507543260395374,-5.244002245241109,-5.3322426736887385,-5.381251583627165,-6.288370937292321,-5.668346950811932,-6.244020634586815,-6.534392724550743,-6.821894353928856,-5.679565433964742,-6.259151829805772,-5.921150256966881,-7.111155031467132,-6.709159727912412,-5.90284855123385,-6.117598064498965,-7.231386041911651,-5.797965409232582,-6.1887336235173365,-5.044886999951298,-6.676777155656797,-6.635049401012431,-6.549768376092298,-6.789798667801843,-5.418513507964248,-6.052156007543827,-6.173802735178262,-7.6001543203659585,-6.534566974731614,-7.38842665666817,-5.570173367222437,-6.15507502971276,-5.569748554724049,5.0,1.0,4779.337313470594,0.7818894879924488
591,-6.254100452965138,-5.614495739736787,-6.889854563553651,-4.896627103409755,-6.461127824037602,-6.2463643757133305,-5.353918482712954,-6.847361088537323,-7.056953989346721,-5.426273937367782,-6.0062655406368695,-6.905428805933965,-5.625862855313026,-5.903811240700729,-5.944778367122415,-6.267252499945655,-5.105604315783658,-6.093157464616333,-5.334743769075964,-4.8180950265275095,-5.134848230927825,-6.761801247664015,-4.956023191887387,-6.8359893882714085,-5.818940787179636,-6.506884132936548,-5.720034667405397,-5.7327345356134485,-6.1239960301397804,-7.766857729582334,-6.013881356706275,-6.023966961071951,-6.99637687749055,-6.393873705193415,-5.550461075505227,-5.872412097360211,-5.300854931740662,-7.09548683835528,-7.639132549571845,-6.212467032117471,-6.4407641106354525,-5.97524659836074,-6.178642661989303,-6.7760579267963905,-7.279798780952679,-7.197319172934415,-7.134103949402687,-5.333728516280003,-6.78989666819707,-5.669682695182479,5.0,1.0,5403.9893275432005,0.5961181455320362
592,-5.353273279024715,-5.9629619585997,-6.5217568246742195,-5.601798033789816,-5.464885121185641,-6.258729597930324,-5.769551507790712,-7.292040784424392,-6.527168688147706,-5.290683850605658,-6.758996370828011,-6.761409207246673,-6.574793776128162,-6.6414119406498555,-5.651936626250489,-5.821553258522737,-6.882991652171132,-5.243075468979962,-5.959245472905144,-4.710678801298218,-5.328557571868305,-6.815638413105048,-4.932165647993546,-6.924281607980272,-6.574825733646895,-7.296766269984495,-5.145576710716566,-6.279306769284711,-6.45150660775289,-7.431491821857149,-6.587611933302405,-6.075607650563472,-7.132340724147864,-6.9731417425900935,-5.433647412040953,-6.519113509397613,-5.287680477116614,-5.959951832661009,-6.392563376430844,-6.435053136638095,-6.234186729274923,-5.540713614568034,-6.915851506014425,-7.117057353868616,-7.9247087750284155,-6.684334221594483,-7.07833532307111,-5.145455369033991,-6.253771623358135,-5.610759704841439,5.0,1.0,7415.654378099222,0.013159968745461992
593,-6.319482063101801,-5.941869799244031,-7.039415775995786,-6.315603769043048,-5.597726754107803,-5.185121995618324,-5.996285710191622,-6.766738098512421,-7.6027860807128365,-5.071968863274888,-5.799171097793527,-6.262910923253273,-5.157287015449868,-5.9684901044280485,-5.57494982412737,-6.193049934011359,-6.126949887249239,-5.664854032522268,-4.821202840872752,-4.725705883430299,-5.861673860344164,-6.581863636340582,-5.346416689484921,-6.8047832089733635,-6.511036628483719,-6.52459300687908,-4.837360089717316,-6.03654389199257,-5.820573505020776,-7.747846578622899,-6.115600035983913,-6.304768522074014,-6.027266620687626,-7.481172438121458,-6.212401527842127,-5.900713700997054,-5.292367566014012,-5.943024713549501,-6.7533447647065925,-5.8624952991675565,-6.8002926420161955,-5.453888817713985,-5.958335818911928,-6.5259486744623585,-7.422309276633328,-6.219391123110434,-6.717380106430633,-6.186249032449064,-5.932605273934191,-5.96347103283523,5.0,1.0,5399.536323645632,0.23097794676795075
594,-6.543958686172453,-6.804542749816935,-6.8542294225504214,-5.414750979748943,-5.3320343257976095,-7.166219813767235,-4.8158051945011575,-7.487385626651272,-7.318148911580466,-5.551358773297138,-5.796810584580228,-6.849110157029115,-6.198632607073864,-6.008280088810497,-6.341849667593429,-5.261391463080194,-5.5005827447557785,-5.654217033617034,-5.5308494111762005,-5.626114291654095,-5.337962901140723,-6.64213478737517,-5.629859447404529,-6.5519918617089,-7.04017871532969,-7.030881439123349,-5.8837755750134635,-6.4218542074602505,-5.589737944707937,-6.694481806134959,-6.488975958029481,-5.33115483795514,-7.449743686412244,-7.660851479132473,-5.100500311324108,-5.718134917844004,-5.591162815338785,-6.844162408192,-6.921160113627297,-7.334471582775075,-7.3353229534253055,-6.122407054272506,-5.740399606987828,-7.048469696665204,-7.472844291178991,-6.7769503636629445,-6.406895559561256,-5.827919820531453,-5.565358355818335,-5.393960207552037,5.0,1.0,6031.772273135094,0.66821675979901
595,-5.347586149597268,-5.844717753413304,-7.22594111782107,-5.413210463261864,-6.387597359496161,-5.381143785054263,-5.67878429988377,-8.08547105068911,-7.108068111537921,-5.6003935950351424,-5.838605623101963,-6.795829230175743,-5.444307797805806,-7.137389007747214,-5.7971744433624925,-5.810682794971352,-6.307865851734425,-6.026511654533039,-5.124077556035972,-5.761273497613192,-4.858253220948751,-6.843918621326359,-4.4312171182695055,-6.4748487350048185,-6.511267745968765,-7.3228189711852325,-4.972021651906702,-5.475799959054303,-6.707572969867921,-6.619271305158858,-6.2306827634466755,-6.566302690187301,-7.329068560235953,-6.879700687698239,-6.003758118585584,-6.204249452295388,-5.589700361009336,-6.727657806405015,-7.0306379712197025,-6.325622172877053,-6.919734424520211,-6.418922421673362,-5.950855636515347,-6.270669996951202,-6.989511701714182,-6.176340258163647,-7.0177227172510035,-6.5185288734949385,-6.334200044551023,-5.524027341533969,5.0,1.0,6892.16681971519,0.07091083808581163
596,-6.164676228902033,-6.487418721533748,-6.369765926720316,-5.09450641531004,-5.513404612261674,-6.12721439425206,-5.407438047146826,-6.40187676428974,-6.686990331729171,-5.096329122311934,-5.16161665105415,-6.160326114338164,-5.346346720875389,-6.125375364704663,-7.038392546447856,-5.840056895311879,-5.423913586946529,-5.295215203509041,-5.463546014340994,-4.940576780132728,-5.186772581382851,-6.256905175158436,-5.008103781818343,-6.929063186504945,-6.628724946970534,-7.769228342624238,-6.061968930805763,-5.648231674856709,-6.393054522721828,-6.98147205430396,-6.077931168732435,-6.533562179512072,-7.493531149451265,-7.5262059686917935,-5.408509205301542,-5.935461829624264,-5.5039668167061535,-6.706761464057225,-6.566341568756794,-6.234828271679015,-7.075601606504504,-5.986251990636652,-6.135733628888046,-6.108092959058141,-6.692254928155592,-6.842442559762524,-6.169238768192443,-5.735476866104672,-5.635682648835705,-5.3851818627999934,5.0,1.0,4910.603487460821,0.5635695187242658
597,-6.049092543605792,-5.666676061790063,-6.314021661052356,-4.712154233883919,-5.6654298652798065,-5.714935225983858,-5.536844939346788,-7.245151132251299,-7.023815476141967,-5.094246429831442,-6.084785195980656,-6.66129444735606,-5.212903663232783,-5.592468187896629,-6.228430508067591,-5.82666746939017,-6.139555570480766,-5.692413355220583,-5.3861924813327615,-5.390591762692041,-4.928537655140926,-6.6696028976917905,-5.454868729840123,-6.393891032312471,-6.616174952675832,-7.3272575950070955,-5.160483216557224,-6.148231475945741,-6.335580575619963,-6.765383354658457,-5.817272155133245,-6.2819800601475615,-6.879191991081718,-6.437388723435049,-5.744769113902035,-6.085370211778429,-5.011056766949589,-6.4269175010650565,-6.719468319390023,-7.018896910263311,-7.242898588850537,-5.273331062383734,-6.280403411599979,-6.8747802808247185,-7.344539689299823,-7.368274971548409,-6.7794183931205385,-5.817204626978705,-5.8792536040959,-5.20265621709967,5.0,1.0,6089.752561567262,0.034280011113760715
598,-6.279249256411406,-5.760767364867745,-6.722757991591591,-5.395615591591837,-6.349460344628664,-5.160914489667489,-6.189319327570278,-6.569934037266138,-6.8448066645390355,-5.79246788326679,-5.511259644607542,-6.483674842047353,-4.997587525989817,-5.872402431665768,-6.3802888690036825,-6.5334559303771815,-6.215984103161105,-5.42298819139154,-4.9771605347155665,-5.549127136296608,-5.655744593163548,-6.634439145616123,-4.946149256270175,-6.992003438017318,-5.986803884649642,-6.711017248383234,-6.241958231159188,-4.935787146490141,-5.601674733737686,-6.503552978869429,-6.385173489264764,-6.532488358893387,-7.535352290262837,-7.310468272983645,-5.466233454091,-5.228269391156407,-5.624053973939898,-6.26328993833304,-6.822729158838312,-5.83157149885747,-6.6271333905376135,-5.972098613171743,-5.607210145495297,-6.6496162970023995,-6.8760378326704865,-6.417935266746845,-6.243063589109748,-5.19540456651249,-6.197008263068486,-4.939804563498101,5.0,1.0,4629.924416334027,0.5697699982469945
599,0.7118221928343029,0.051835209038249896,0.49482284681573674,-0.091430139828935,-0.15896074373505886,1.803459464290694,1.9383023963121637,1.4176901835706421,0.3643613803111436,-1.187214508781762,-0.9505593798577552,-1.7343390147892204,0.5877400258794663,0.8749317829662986,-0.5958029790262094,1.810173910923134,0.3819097119676913,1.9780248209573212,0.17469417968946122,-1.7131494859763436,-1.4372532634889228,-1.1708867080171057,0.02210963284943457,0.14157172035160848,0.1258203361116399,-1.0683552728354035,0.4220055238147076,0.8115642495063087,-1.7334804606393641,-1.053292811755166,-1.3641707405231887,1.8932097316429117,0.8410138738849327,-1.6685793778161448,0.19347956711148173,-1.4302068125042853,-1.571149077587148,0.4703144717197918,1.647490993152298,1.6212334693890869,-1.5751338950565343,-0.6423922305330145,-0.950702822749327,-0.9414583060911403,-1.2781099651012573,-1.7656316475531049,1.2668864339528696,-0.17303566379072022,1.005993762324541,1.1461384570566717,5.0,1.0,1.2061096546292234,0.10905435540437854
600,-6.409223589637156,-1.196473977069882,-5.314279594058615,-5.668482782635057,-6.0331858869338655,-3.450500743435338,-7.128797909875533,-3.6638599458139187,-5.692756337825583,-7.27616681869518,-7.190934513224372,-4.1396268031734165,-4.540951522131409,-7.397463805989625,-4.921791948572763,-5.083044080645833,-3.0354811060711095,-2.8941199232143426,-0.009925833715535626,-1.5921446200088474,-1.5002485666633913,-5.47274087513189,-3.2943002434350848,-6.4139459238602825,-2.271250920234886,-6.385421710691844,-3.6038712922427183,-3.301047725026862,-1.4753115908944539,-2.7439070608008054,-4.816499644943897,-7.454864468354619,-0.4661316314873839,-6.179129725768895,-1.3752676674211781,-2.937567321080379,-2.097029916998982,-5.984692862607622,-7.155997907396243,-6.776630079435557,-4.5685788301358565,-3.52891334718367,-6.058485711984284,0.2502372074303582,-3.7213579103200756,-1.0657608215985492,-1.562534712863617,-4.716245564168547,-5.274724155579199,-0.941572829367706,6.0,0.0,1595.394767683359,0.871282040324868
601,-6.852266529807969,-0.9106045987729805,-6.408309374029399,-4.792447907784053,-6.681366391027259,-3.770504110407517,-7.1374797183393515,-4.214344915584331,-5.258346449951964,-6.4346550857885045,-6.4829654754889345,-3.8629600299268474,-4.100801697844775,-5.893114246569928,-5.934983987471511,-5.097598979742197,-3.165521898943123,-3.588093813636574,-0.23782903390201876,-1.4455371157478234,-1.5354597379279145,-6.053663644188764,-2.6727701383611,-6.508469839510178,-2.8891497795369028,-7.38297078431965,-3.741379216487758,-2.949464865377913,-1.6842470434731263,-3.0453775031693646,-4.400245769275524,-6.8672797457265675,0.5406968725408008,-5.951958473513896,-1.7564817373414467,-3.1027583801376557,-1.7000100328671062,-5.490308910240986,-6.417202200891826,-6.517293402562564,-4.268466143454696,-4.069771459516762,-6.862513447382179,-0.18430046524607807,-4.6344629848551175,-0.2053517679886374,-1.5810585873692773,-5.740837084762051,-6.406174236896058,-1.0261206142008397,6.0,0.0,1706.2043488181546,0.8662544074527451
602,-6.640774390991063,-0.9006245118212493,-5.625054302944329,-4.591519625278694,-6.611504275440911,-3.84936924088682,-7.542927278925319,-3.8272098383421542,-5.434733972775748,-7.008717447146528,-7.338780057752872,-3.987410693118593,-4.2696663297468325,-6.446109044140457,-4.5682719996491405,-4.816245601530755,-3.1312770474654346,-2.2313680350963403,-0.03711400398508258,-0.4332378993623779,-0.40167176778088126,-5.878854383162761,-2.4309615753226677,-6.10747129311566,-2.4374917833791447,-8.340530433387304,-4.405748550546063,-3.0655307622196255,-1.2004222432821532,-2.441319309520811,-4.267847667908749,-8.273934572385112,-0.18957859088423856,-4.989532990061186,-2.3678719425195336,-2.185680983988427,-2.5729864182839104,-5.759939424624316,-6.173557416681511,-7.9097811623093754,-4.957228369759139,-4.202660944589932,-5.5515105280163155,-0.11238622973591732,-3.9165647782775506,-0.9269585421734066,-1.6780643628745426,-4.9217723573755485,-6.22501094811035,-1.3126817438829455,6.0,0.0,1583.4032887615106,0.976442260491292
603,-6.619573620695979,-0.9577761978340598,-6.565294561793775,-5.056871845144786,-6.679375097001967,-3.6917973639865798,-6.683226608677578,-4.621997561662651,-5.801449060582677,-7.083526362092749,-7.033545084504303,-3.6857623154604937,-5.034422018019436,-5.913031623025463,-4.569856544099821,-4.657763352337532,-2.832452251789187,-2.1546151333602737,0.21961658178176025,-1.252053860223173,-0.41949633494810773,-5.96786182615544,-2.5440336180639367,-6.308452594186884,-2.622971224361821,-6.607486979813947,-3.81557833151795,-3.173208351949723,-2.0646236083510177,-1.7531195070766366,-4.12093166514909,-7.45003170502844,0.10548821522931434,-6.230551409050274,-2.17503262190948,-2.7727674520476637,-1.9543042039939162,-6.316092368542238,-6.864204333293933,-7.064446577962078,-4.010504176648552,-3.7232632680281594,-6.0469439008323995,0.12175633695108118,-3.944277638707104,-1.3239604389285087,-2.4716369687559014,-5.003005886004474,-5.842586346454423,-0.10030991568321224,6.0,0.0,1634.8195691578521,0.8055361863933947
604,-6.077405082730671,-1.0333641203364177,-6.132689706857407,-4.275216778839313,-6.582756689995925,-4.04269614356721,-7.836799412808727,-4.1756285608616635,-4.686931738154673,-6.526983008858412,-6.052297865350973,-3.966512984800222,-4.197290297699652,-6.473093988774583,-3.9993612522043778,-4.44277420370546,-3.0355357953262323,-2.3092653538492636,-0.39843701043902446,-1.05153545512224,-0.7782471618490843,-6.73843466688336,-2.0983482001948883,-7.040458907827985,-2.6285436541364753,-7.046474949923632,-3.6790571990503222,-2.5426471775682575,-2.0565576744499023,-2.665633402063988,-4.591095083769458,-6.870402718074586,-0.20847259823362976,-6.274810396646519,-1.6473579800133833,-2.287001927872174,-2.9980607145671216,-5.613812276657969,-6.9201731440744805,-6.076415548920923,-5.0057112176458,-4.0176111494620645,-5.778580010166262,0.41948770498393806,-4.132235704647075,-0.7972187357013254,-1.8298994851520956,-5.616823951589159,-5.40965250169556,-0.2210677464021087,6.0,0.0,1443.0101274444241,0.8004733863030651
605,-6.157656171390568,-0.6238770366125301,-5.88249491427976,-4.659950212429956,-6.849304861781903,-3.474181207932693,-7.135196535947055,-3.985515587879742,-5.087483051252073,-7.433536029371875,-6.529085357699356,-3.3680870688336118,-4.834984834933359,-5.837638610404621,-4.482681892012339,-4.887304488495869,-3.653120820344487,-2.077687560432137,-0.5835661998672768,-1.1366727402365462,-0.5239585036853185,-6.484271924496495,-2.0658131164285254,-6.742240715781568,-2.4089467393172317,-7.449957089260637,-4.606676677264382,-3.188457984014556,-1.1888219501706478,-2.401230271752491,-5.197492711270129,-6.630793642443171,-0.9092061288159193,-5.701091836051512,-1.6688751663766648,-2.5388825607945296,-2.3519010747254665,-6.08299360937393,-6.622232582068344,-7.001250566556952,-4.3986508123225505,-4.144508203019962,-6.225841165510437,0.28357129822482635,-3.6600939406126476,-1.4922404762763537,-1.0732897680655267,-6.2520104460884145,-5.74746569594017,-0.9418431879394245,6.0,0.0,1533.665458717285,0.9489433932889093
606,-6.415311048681185,0.02627607662968645,-6.157973224717415,-6.231511185177553,-6.632039844007421,-4.06645249105779,-6.768954022903021,-3.922646360646412,-4.963164126145294,-6.939646896729006,-6.760550451481676,-3.8325314986224246,-4.64013858988397,-5.727109807425464,-5.997556830994242,-5.396986700330324,-3.7494807292064527,-2.688802805012242,-0.18925900474740026,-1.5671059042915856,-0.9064901674822768,-5.815365387118778,-1.827849458593507,-7.113471379116083,-2.550540931103264,-7.601554678115499,-3.686036420429974,-2.0897715131356387,-1.5951305281877612,-2.3320413974431276,-5.229227719162748,-6.813815473586306,-0.45363972098526295,-6.568072796805975,-1.5399751065510268,-2.4110281911344225,-2.5722204283144383,-5.8695497068254445,-6.474431248424202,-6.866274876588249,-4.351174930879994,-4.170139138598449,-6.519378129481401,0.07896063597540892,-4.22568259531997,-0.9583784663155506,-1.9816895537542554,-4.870295525741612,-5.8611698483321,-0.8608544456338751,6.0,0.0,1799.0708051752367,0.807934522829232
607,-7.017130858557499,-1.3277685756533413,-5.78805347609754,-5.128788194209091,-5.592482014614723,-2.239828306662612,-6.940985527035964,-3.687524769911973,-5.679135350370939,-6.387677659255704,-7.648010405250642,-3.3137022513689436,-4.546366896175467,-7.01948499883377,-4.709747033689117,-5.205101051021954,-2.5743837653405395,-1.9579598825679347,-0.1721457190857137,-2.199755036066627,-1.1756158619105042,-6.245332428352238,-1.8204620561799427,-6.12279826552973,-1.874430961679035,-7.401645261257089,-3.9847837206103205,-2.6484419225838476,-1.522705429796535,-2.8285976574174114,-5.151336414511591,-7.532878153530923,-0.5304318794608607,-5.837205711920931,-2.0713580244433256,-2.4265842844923804,-1.5514245236051303,-6.368924845653725,-7.108397923973425,-7.141490260051828,-3.191161987218803,-4.240217637652132,-5.839851972155,-0.38725194143778996,-4.173284300641766,-0.6397200395191911,-1.7963675640522478,-5.0195161179727465,-6.385127543248786,-1.4275625188595857,6.0,0.0,1554.9224162140335,0.8908188506974186
608,-6.2937616728634955,-1.24451659636089,-6.158142550079348,-4.681719259270842,-5.696234080719572,-4.238370046295371,-6.849428436152152,-4.153809018008797,-5.98773485753214,-8.031135170340285,-6.030895368845326,-3.686946498696442,-4.634114898600963,-5.8635805127374665,-4.733832033505794,-6.017158524120706,-2.9762184236302547,-2.182693967094261,-0.27200389497225214,-0.9199895869215851,-0.7982545433207475,-6.794677541919038,-3.016295021466587,-6.067447507232299,-2.6163459585765385,-7.560085133185446,-4.205031068981466,-2.919637606406189,-0.9746959046231782,-2.9061104154429906,-4.634233335757025,-7.68862574754753,0.39726205011935956,-5.792564734388141,-2.4255532306378162,-2.750194853313034,-1.982282952736834,-6.618473167177921,-7.270240446398344,-6.616193437183011,-4.512242057408091,-3.643631113558598,-5.4207042074522915,-0.7446161464526887,-4.437206537341864,-1.7893174673454255,-2.1665358389167086,-5.316913165208156,-6.126034167253299,-0.7020118911868674,6.0,0.0,1800.2317744551285,0.8687275009985731
609,-5.915830800440343,-1.6711957844495278,-5.2805534047826885,-4.854138239449578,-6.904831866666513,-4.006641669569499,-7.4302555504309495,-3.8179481512624904,-4.932816088991101,-7.560728063239962,-7.586661037597178,-3.2421626393058927,-4.61052232044847,-5.467571523724381,-4.909532900877014,-5.6395925655829355,-2.488317590777706,-2.475691273600657,-1.2748185789739273,-1.6483974055101565,-1.2345516511409884,-6.267869251688825,-2.4738269384744442,-6.819902114808211,-2.193911795200546,-6.84462377729472,-4.4310871566607055,-2.9985363029016088,-2.3973560251212476,-1.766563889700111,-4.47859380374621,-7.726087763717575,-0.18255948634831679,-5.417698258620478,-2.0819194742274867,-2.390185364108882,-1.4838446435848027,-6.213374855659418,-6.657685191307733,-6.485679512292076,-4.280481895983268,-4.296720224072923,-6.2816743110004225,0.2377939781858628,-4.053234217475025,-1.2600623508902635,-1.3388167880437405,-6.762761721719259,-5.570714003034928,-0.5287217576811298,6.0,0.0,1503.6527678285872,0.9886419168832071
610,-7.07228619218413,-1.1897429395895487,-6.361926563954349,-5.298628324289815,-6.9094488485385614,-4.2479696931128945,-7.016505260384757,-4.119525905622779,-4.978288860352774,-6.6605824907083475,-6.770898323953207,-3.3547803752149186,-4.275898472012682,-6.004802468176944,-4.870606064961212,-4.778479812635024,-3.2122279075736335,-1.924414741049312,-0.4459957640828135,-1.3166253852906533,-0.5992906656647126,-6.241478094934141,-2.334786676067675,-7.310654708347019,-3.1153812679358928,-7.265710278915467,-4.402378444779736,-3.279902248410192,-3.1644000085250745,-2.482671489668504,-4.816608060216172,-8.052133905673966,-0.33589878104101645,-6.15490460095741,-2.097989843614152,-1.7408967848847847,-2.092619532604401,-6.699303573804662,-7.185465178632201,-6.832662121545326,-3.6851395650171,-3.912100672930596,-5.0742571085212145,-0.3151144488549038,-4.416288209755556,-2.3031228481328547,-1.2987541382965633,-5.193617902770987,-5.626242196067246,-0.6453601163755793,6.0,0.0,1846.8688107570133,0.8397371678517016
611,-5.836104303387027,-1.3206874775932573,-5.135274634467065,-4.655273053527751,-6.833505778119366,-3.8908118316522016,-7.220913185342451,-4.2767265980607645,-4.910728737299108,-7.106424552392373,-5.922773785562633,-3.8079741057846617,-4.674354202632951,-6.30718586744818,-5.049660889333054,-4.404283443762075,-3.3519270653095767,-2.121231390193654,-1.2428287111785576,-1.1177024698942137,-0.9588571161758892,-6.338111358006735,-2.6406219519379723,-6.5186877858960734,-2.1446869766808776,-7.239391072230318,-3.809019965095354,-3.10305998490953,-1.9583712432782703,-2.761898091590539,-5.403834229603701,-6.551364135619898,0.1091243168907976,-5.9825763217407975,-1.5441735906903675,-3.048071010394636,-2.4602186097443,-6.389730895437895,-6.952536418071222,-7.315282725009061,-4.28737494425917,-4.119038304789596,-5.007315990099599,0.015251383900111076,-3.569979956233115,-1.7558304344508215,-1.5310498312121459,-5.580486788984531,-5.227735934780958,-0.9747909796973171,6.0,0.0,1353.0448952973372,0.9720256419632343
612,-6.046485704968627,-0.7937587990767194,-5.926147870222089,-4.809812740249197,-7.143731587765484,-4.936600397834339,-7.923710599166764,-3.632188146806674,-5.5829312840555305,-7.386494537904391,-5.874864930379191,-3.7567317512271123,-4.351945612418573,-6.6088632276021855,-5.3498825175855895,-4.812970292947401,-3.16975398693058,-1.9126633405944018,-0.06723851882791398,-1.5417017906652062,-1.1069357644288198,-5.558758201183214,-2.6925269901839393,-6.474232241836563,-2.4574905885229428,-6.924125052900844,-5.261478535465025,-2.963983388997652,-1.9917580871538607,-2.3801858920297936,-4.984616361514044,-7.38818895907875,0.14918762895247095,-6.165360868358636,-2.001948814455673,-3.398377383977852,-2.2901169910010974,-5.908527941689118,-5.908089204365654,-7.488286052162947,-5.0388551682917795,-4.326363759824806,-6.460330648595408,0.2904019584234738,-5.157499819185205,-1.1598609453919348,-2.1311620997416263,-5.321564385159453,-5.916431414952545,-0.11504116119845331,6.0,0.0,1921.9140632550598,0.8868368662100458
613,-6.425828192978727,-0.5347189032664996,-6.154805879421177,-4.7288309641334125,-6.856655810067744,-3.478928752335846,-7.279108146976872,-3.8391903051575196,-5.498779669999672,-7.2150688132355665,-6.468924753181998,-3.317166553836647,-4.7879110065051975,-5.774325456449587,-5.118379277847312,-4.678951299844507,-2.9352248684145947,-2.929947340173997,-0.3703462966296661,-1.3046118703941765,-0.5081569652777221,-6.000121046287901,-2.3982580491611207,-6.226259056107345,-2.196301941918778,-6.758635734671596,-3.770670772152819,-2.735810863587795,-1.1250577863668911,-1.5264144147931424,-4.215726379792935,-7.04663548740503,0.3633605206368865,-5.762532405773376,-1.8920518260812362,-2.836794732265317,-2.476425589517211,-7.0776346246027275,-6.473275793489678,-7.563365487892482,-3.994975217395514,-3.896644998034157,-5.940417029439027,-0.6979542365178205,-4.178434920882471,-0.30927289597309937,-1.7406156121234526,-6.179845318867191,-4.431606200917724,-0.8530222748675721,6.0,0.0,1399.295958381183,0.947419373823191
614,-6.140398745992262,-0.512600597560956,-7.142464351376623,-5.172391023670713,-6.532016686453091,-4.324523157889183,-6.715190636875967,-2.7128866255253996,-6.113896125862643,-7.801199068999322,-6.139693812997929,-2.9932376996536147,-4.710971882475981,-6.46062700205071,-5.562906738232746,-4.838130212220355,-4.09005933082568,-2.362236114036296,-0.6672944858952807,-1.481042949466267,-1.767278326951696,-6.391389254986341,-2.726496679106939,-7.056067235062479,-1.8250588893226793,-7.222140446824904,-4.106701725340439,-2.1952867947839265,-1.9169758602916083,-2.580258617138484,-5.32262635078266,-7.656268520971596,0.027023842551310212,-5.7458995202647705,-1.519243882206818,-2.4642558673639567,-2.0470140748369623,-5.889160833796405,-5.850932800515294,-7.554156880599031,-5.142518848277114,-3.900779630331941,-5.694162134465991,-0.36339656572012513,-4.010448151977833,-1.0490945173396433,-2.011441431433469,-4.944795636710709,-6.123310417919394,-1.0009923200886786,6.0,0.0,1867.0031071394483,0.8045583851112363
615,-6.50348915137379,-0.8130658859484572,-5.868295032244808,-4.426099923899467,-6.165909244418187,-4.153419520622341,-6.936353325448189,-4.6194408394514275,-5.388873588616782,-6.840013266927641,-6.733900896278287,-4.193310867106227,-4.4604401031580005,-5.943872726735942,-4.577838015313887,-4.624753061520388,-2.823290438607129,-2.2163459039763924,-1.2806935571234095,-0.4595035392134206,-1.5317678364038707,-6.800529741395214,-2.654258543153998,-5.626050003595656,-2.2878951029176764,-6.679536762501198,-4.0191787110478066,-3.2495151494542918,-1.4332711268228135,-2.04040292031741,-4.592087159350277,-6.4785883330971465,-0.0101560026762188,-6.008834468763133,-1.5858378079545143,-2.914166694213335,-3.2268574459107593,-5.936946268916913,-7.37430540855468,-6.75180342408693,-4.9571813211350495,-3.7143879781297633,-7.009881057209095,0.4526718804775621,-3.9943753355243192,-0.9662406448104537,-1.5696690498015828,-5.39144354623076,-6.432875075570484,-1.0374203070542858,6.0,0.0,1558.2319565507912,0.8772658544714108
616,-6.192465209918163,-1.847552281393661,-6.010844548814335,-4.8066783084442815,-6.299089491410372,-3.2177023211522893,-6.7242096287485715,-4.211359451321312,-5.3163254059275555,-6.6934408153103355,-6.358235807228181,-3.6673619490297966,-3.6330802911820754,-6.069578685175316,-4.776274954621078,-5.235115990339391,-2.4899212357088274,-3.228856739940894,-0.8799913588337759,-1.0480431729500195,-1.6413799776939233,-6.667474554636185,-2.6682594997478697,-6.286131313330711,-2.7489451726002008,-6.708291714383987,-4.986156381764716,-2.711857002959908,-1.4776401257581988,-3.0498504884287927,-4.644232937913895,-7.473927676434995,-0.11806302187521472,-5.759825644672968,-1.9011946599491294,-2.324125113027841,-2.362587251479816,-6.047094417646423,-7.329330947233381,-7.612900170201263,-4.173323053766513,-3.8802841406714688,-6.0776580311824375,0.1575000266860852,-4.518312468522375,-1.2503775260706267,-2.1457047670215457,-5.657643091691238,-5.616861539608524,-0.547173824635133,6.0,0.0,1644.8227942163558,0.8113468394309532
617,-6.235205275219978,-0.3951352752239633,-6.014817229688302,-5.503313570078823,-6.678213454415516,-3.79116032780625,-7.403802177332324,-3.611514485727563,-4.780709575891708,-7.33157477408322,-6.88396552242342,-4.747099557542523,-4.300739826305413,-5.95943050056726,-4.871389030544625,-5.27922676626767,-3.252400638242881,-2.345206141122784,-0.2216317606914477,-0.759587233968051,-0.4342263472937735,-5.833529717734546,-2.6028194200234487,-7.05125369208241,-2.7228634659318893,-7.709557402724733,-3.8342440061721246,-2.855082753965603,-2.192549714416382,-2.0795227281947906,-5.055650102648141,-7.977454047940902,0.2653803491265664,-6.378166053937495,-2.0646151683882783,-2.459711642829148,-2.669436078266454,-5.95292106503267,-7.004000044319164,-6.156063268186397,-4.327570225774873,-4.298421269075033,-5.943112701054901,-0.5579942000487209,-3.8798491732751983,-1.043895924874633,-1.2651729211054215,-5.415544691194891,-5.906464875674766,-0.5007761293528739,6.0,0.0,1811.476640949441,0.8565664296789559
618,-6.4608163032708195,-0.9650398542689489,-6.4911399106803715,-5.404429684803308,-6.256346437920276,-4.4147139527940125,-7.376646442783482,-3.6652736657211413,-4.859432052317782,-6.691925786210359,-6.6581298880571955,-3.944493923416313,-4.530527198052005,-6.174996898534911,-4.468243433729683,-5.4206777050695,-3.5821203559869974,-2.209101976642814,-0.6221243912863124,-1.0970195589059912,-0.5650473352326645,-6.174092294055706,-2.7272644367123036,-6.511358636866661,-2.114748925587686,-6.4896593319379505,-4.345047190547742,-2.7736052305723984,-1.871085095000891,-2.4902386626441215,-4.275050450786796,-6.923643262396628,-0.5209239890431788,-6.371562374595515,-1.9250003710820942,-2.6538862664746525,-2.3295801850108964,-6.064670356420019,-6.861695076317314,-6.731365567002653,-2.6677013921424853,-4.296841263510259,-5.8801988059594645,0.1568914838811616,-4.609680594945157,-1.3974807926598625,-1.149419719174917,-4.889706140199187,-5.633599954011747,0.30808082853111163,6.0,0.0,1326.8669587216102,0.9885788538375109
619,-6.3419299475086275,-0.3109252881244524,-5.78938262510796,-4.4774752675800515,-6.582979677755232,-3.8198073167008046,-7.682013462788431,-3.467445624443886,-4.917615057103842,-6.97426040466913,-7.103095360312866,-3.1366839984984947,-4.874190072209795,-5.886272984621994,-5.477331879669116,-3.9343613836067015,-3.170725259994435,-2.7301625811825456,-0.3734189180501242,-0.838562349408533,-1.1398837333628544,-5.972896093158807,-2.709528788489454,-6.52866545089232,-2.9480555169282527,-7.119006474174076,-4.309178519892727,-2.1632482336781367,-1.3962882593375303,-2.3315323913376536,-5.072573297348184,-7.581631340746404,-0.3539491284384977,-5.9849518115505,-2.038532788255892,-2.901919378027666,-2.640538092217768,-6.1340019672508,-6.505804321892814,-7.152165892710997,-5.1802376766651275,-3.2087013591127853,-5.447408778886925,0.2725876612652813,-3.7170805426891884,-0.37184700620616284,-1.7028185862724547,-5.738079428895069,-5.371269470412653,-1.2323520388864693,6.0,0.0,1480.2268419943507,0.9434789496460199
620,-6.204863763839653,-1.2363053726758002,-5.911146656566894,-4.89274135403091,-6.728408258889549,-3.690912043946236,-7.260772497204998,-4.289435112167587,-5.225941161039982,-7.652054356420764,-6.340140559428085,-3.9973790072539743,-3.9231736326558853,-6.271102874328839,-5.200955657082901,-4.36177285082208,-2.7962555809235017,-3.249140457697429,-0.8845423019938488,-1.6644810782957575,-1.5632013628517294,-6.35824933150211,-2.34820071428398,-5.7900442358668025,-2.6075727265815964,-7.371979262614545,-4.557775964105736,-2.225087307568954,-1.1674337886750052,-3.0192837462792577,-5.2898375245565035,-7.478417889001331,0.40627114508263973,-6.396308946661076,-2.1221104620781217,-3.0579595185316286,-2.466826024892545,-5.959422630000425,-7.098976184471943,-6.984973581058659,-3.941819073478548,-3.4087749263513363,-6.3684378156933406,-0.4056077508804369,-3.834840305710775,-1.2840303227000922,-1.9117381455915783,-5.461536737726941,-5.600599302251939,-1.4676997618009233,6.0,0.0,1642.5738917490926,0.9565370933509978
621,-6.369447377635685,-1.5991518253472334,-6.067927007526136,-4.943072064506978,-6.990351106344039,-4.147246939163962,-7.173084103902905,-4.094070780883598,-4.6619792124743675,-7.125281683456659,-6.156500148359821,-3.2180719041085193,-5.409544837772362,-6.853303614572955,-5.146107479721181,-5.260796302413602,-3.261016747430137,-2.141433731489633,-0.6204391127396857,-0.7989289912193719,-1.8058728647874553,-6.450946519997684,-2.518701401413338,-6.484685754198706,-2.590669419182178,-6.934151462475411,-4.481680965819795,-1.7781037833989126,-2.0418391454325873,-2.7147894997740636,-4.79586258472439,-6.911127983525355,-0.22876500185189233,-5.3974848183786515,-2.4510785359574783,-2.363267965101594,-2.494303774067241,-6.193378453755733,-6.701309831338575,-6.944938256648423,-4.131634009593063,-3.8849975433549377,-6.292851989352942,-0.40164841721707456,-3.6119199997759326,-1.0142197851121395,-2.5818815069541747,-4.630034936978961,-5.102592436289298,-0.5385802485100486,6.0,0.0,1544.309579695624,0.914693732201546
622,-6.96309101547044,-1.1786406420576676,-6.020817396099007,-4.93340728096607,-6.160625688071333,-3.753449751469824,-7.920958426654907,-3.245986776580809,-4.733933007900872,-7.021520129450377,-6.138258431662245,-4.273484772130603,-4.194561485913638,-6.262767365456342,-4.6890331293037795,-5.487077532629383,-2.3252547134780603,-2.9615705008851294,-0.5951922154377707,-1.7885996973959974,-0.6479658190224699,-5.94252317580768,-2.6593466718829357,-7.013202200526406,-2.2092326329464016,-6.964672617885272,-4.003923784034722,-2.780212265910415,-1.7680204878354773,-2.046689262049206,-4.68527430474812,-7.084522301208111,-0.27949721810449124,-5.935330725204036,-1.7006629303192735,-2.8779415761251954,-2.028785147199882,-5.8873436531532635,-6.8574293230769925,-7.661429474006324,-4.110331780043108,-3.5965523854905626,-5.737503156914146,-0.14269302569609393,-4.963361876083905,-0.8091086332870315,-1.108027194943089,-5.650032483898997,-5.829705604983034,-0.33869176717519456,6.0,0.0,1491.2088201338963,0.9795526279854561
623,-6.675985334456648,-0.7588762511099224,-5.975772160517112,-4.932062203491094,-7.114363924438882,-4.28460045469134,-6.704392690508975,-4.666503381102383,-5.391240394592466,-6.5792704656417405,-6.68818327458628,-4.148269441867836,-4.668410618496647,-6.882945805739647,-5.051762046870444,-4.601556875913575,-3.082280536825076,-2.7883032496403017,-0.439200266904873,-1.326193158881198,-0.6297061352992027,-6.265405927317567,-2.6669230012926097,-6.233187995171134,-2.093962076873602,-7.0981312390362,-3.369933309090567,-2.201063890166532,-2.2822802118531236,-1.8950532751308908,-4.129500400926923,-6.872826707617948,-0.35708931901316676,-6.128513063707302,-1.4441631714036185,-2.8299349359376644,-1.9568137358058697,-6.473296365629962,-6.067637605121503,-6.817373144396552,-4.712936419557846,-3.965457130394933,-6.362697685369394,-0.3430139004459837,-3.9834322118189918,-0.8561529280837011,-1.8332536755891842,-4.743409844704019,-5.896838431848015,-0.8213063402767602,6.0,0.0,1402.4705075737272,0.9879694268665399
624,-6.94814539978371,-0.11378293771128367,-6.012678641469606,-5.250889818408339,-7.072599793821087,-4.28223655144628,-7.3656383720355505,-3.636896129788455,-5.487185487521669,-7.824183606307943,-6.348705780891665,-3.8409862701571065,-4.659114338951485,-6.380654953154226,-5.904131674659349,-4.647620191366423,-2.745619459260422,-2.0233626675530743,-0.602917390028865,-0.7899697855878465,-0.4588905037113566,-5.607238073415826,-2.144143357174756,-6.459905236353426,-2.876550197587599,-7.265407270071553,-4.106296341424144,-2.7292325543659257,-1.403723996309938,-3.6287196978865075,-5.059648976924583,-7.359655834087539,0.16737124318599378,-5.677831010266907,-2.2770396728332516,-2.4752842590553037,-2.230852099191196,-6.70065368883691,-6.697709860326925,-7.719447241706318,-4.331769224227942,-3.4708183906594954,-5.6267484808686445,-0.2644708618316781,-4.268348983268743,-1.5708714484632278,-1.6003496969161217,-5.138885089628519,-5.290489101303505,-1.3741149343229115,6.0,0.0,1760.6483710305997,0.9513129546324395
625,-6.806836341619368,-0.5607173223773351,-5.40689010272065,-5.1598883465488194,-6.061614491543605,-3.790573899838225,-7.040414344530345,-2.6099626718988356,-5.248338061746189,-6.658393973437036,-6.6981452401527966,-4.383243388228071,-5.184551524652864,-5.543123382713161,-5.371989771955045,-5.0546010111712985,-3.108489147285545,-2.677727605485203,-0.367282765127515,-1.167768808822127,-0.5609419647618344,-6.541024199763113,-1.909634972204035,-6.312005910808957,-2.3981558655187833,-7.179151373178053,-4.523430868980854,-2.956588428660433,-1.5581128787663574,-2.119076269440784,-4.448316348416872,-7.724450715911906,0.12422861289917414,-6.4861063699739345,-2.1017620421784904,-2.75445235740578,-1.4584292080403503,-6.37231755680495,-7.091414550256288,-6.733925374873809,-4.694745086609669,-3.9813886092936235,-5.706385639145063,-0.24800351908694857,-3.5460598308434212,-1.7022984446822016,-2.196213376317093,-5.129954949167259,-5.865401508024622,-1.2248039602885843,6.0,0.0,1618.8769675049098,0.8347217457500344
626,-6.575520008283766,-0.6836249268948029,-6.386921335518761,-5.2407737653344,-6.49737992848399,-3.9708179285325076,-7.278063349726608,-3.618830263689945,-5.3140434560442635,-7.071090850721673,-6.067535762721384,-3.6283888143441354,-4.274154189413045,-5.7909471343960615,-4.94560874218343,-6.052362311683915,-3.6005397428433703,-2.5396669444139235,-0.8743850683401864,-0.554813107963408,-0.36307675461362676,-6.363904807240779,-2.4927548146711755,-5.959972640217792,-2.3321436714726675,-6.803623281035593,-4.699988068076236,-3.046459794199671,-1.8732040229946683,-2.634806179500709,-4.171677904551918,-7.551768286990518,0.13606883479626736,-5.871287577762183,-2.0571458516581713,-2.163783841305999,-2.000393722024276,-6.527447978463994,-6.885934806790667,-6.87309112562158,-4.645408613797196,-4.051421301511866,-5.628875345059608,-0.8963008387824848,-3.7349267782045694,-1.2981339387931512,-1.8120202789312505,-5.304137465725677,-5.746843477704889,-0.5495168679139925,6.0,0.0,1635.8281530394017,0.8447202287122425
627,-6.253546499600121,0.0684157616084593,-6.228589269287124,-4.954396482939812,-5.755938830837964,-3.79405138918489,-6.729196799888005,-3.5710902131615456,-5.1956542865503685,-6.639721707504161,-6.679176424333692,-3.8652803234956554,-5.117194417632256,-5.735612076095084,-4.803738759372329,-4.2601930989839,-2.806120388306787,-2.3043085217618056,0.2959862879818619,-1.594224172062649,-0.848807633188407,-6.334763497112928,-2.469600080821388,-6.534570673885477,-2.2454061574335977,-7.405329989015314,-4.759405202248086,-3.016586559433015,-2.4705667760369447,-3.477742350545954,-4.74697468437294,-7.3304988779275675,-0.19186927221271233,-5.086919240055703,-2.232324634053744,-2.598713788889063,-2.026354433293779,-6.327368450132603,-6.332613258122775,-7.014105561025276,-4.183520927221267,-4.307101392533449,-5.58658804897741,-0.013282490111137385,-3.4282950751403543,-0.638798663440395,-1.8573166095000455,-5.352730010378876,-5.533221588499085,-0.8718312471884397,6.0,0.0,1417.3036349040542,0.843063374778092
628,-6.515351476387339,-0.6750222890635895,-5.857622309223136,-5.134553148412978,-6.9743661636972565,-4.730287932519633,-7.414132213566064,-4.729148605619968,-4.836445746566059,-6.987970845773702,-6.331430813225131,-3.0500928717756537,-4.76635706845253,-6.708010826706558,-4.640412086246684,-4.6649649911531,-4.054100864981171,-2.750283204064716,-0.30092711626426666,-1.3013352888710805,-0.9912782882413342,-6.201959404057562,-2.6625801554960473,-6.388798163186781,-1.4659886744424346,-8.378959011067503,-3.7630637721455127,-2.6060684065413615,-1.799924687850839,-2.282586768588946,-4.910271150609968,-7.2935534606147225,0.12926798235498765,-5.660785463506703,-2.083720961074011,-2.769192878702272,-1.9190186496353512,-5.523991056770655,-6.829068468981161,-7.407485725076115,-3.6283840414365347,-3.904051833129666,-5.408548664271918,0.0354867525371102,-4.424234876826191,-0.9307415818209057,-1.6662076736405127,-4.760577903475524,-5.764064875774221,-0.6119701599763704,6.0,0.0,1679.072539094734,0.842601672744407
629,-6.748821504855806,-1.452111544313018,-5.927030319973922,-5.218297035046222,-6.318918942343403,-3.0954547655157243,-6.934843093356384,-3.6686374594339086,-5.501606608968606,-7.320810888041043,-6.413847934711616,-4.488609619510209,-4.835390538281619,-5.575731386962428,-5.467441766516789,-4.5840530393635985,-2.496576127823608,-2.006320249748846,-1.0393503020324448,-1.4677358587373028,-0.9534767475335398,-6.159329362640133,-3.2013310080989053,-6.59243083568826,-2.20354812065176,-7.124549222293436,-5.191223001660388,-3.6525061124005145,-1.7958857307057239,-3.034464382318725,-4.329574972727675,-7.599127354554083,-0.4501063133574205,-6.607455079646587,-1.9122611742017932,-2.275201599114135,-2.4100207348198035,-5.641940782025319,-6.8217605018026966,-6.740952846405124,-4.251402258670121,-3.7033464352174077,-6.269902854480962,-0.14936355651873467,-4.342210279118092,-0.08945429460796617,-1.670318572120339,-5.394413631990579,-6.105011954010328,-0.6857663007110966,6.0,0.0,1747.4427698059394,0.8367217646069396
630,-6.753236270244814,-0.5677936758735972,-5.968984723275492,-5.305249417806269,-6.469122134689605,-3.4223974629132825,-6.817530865318877,-3.7258174876277077,-6.591049554542976,-7.235655456508788,-7.308145243716921,-4.252255793172812,-4.305691461777243,-6.938629716341408,-5.724559746746675,-4.800831224435259,-3.062415324307282,-2.842833745209835,-0.9850645375324025,-0.8451566446785324,-1.0298898309168223,-6.092017705937962,-2.6503547048493763,-6.289803179843179,-1.8601820172945072,-7.234102754060571,-4.097565840937347,-3.1821553537848644,-2.2958700983259277,-2.01740741227555,-5.592569484176208,-7.117069915528195,-0.5219521542601815,-6.003388599410324,-2.4248888541036107,-2.844254098988626,-2.3306095092651167,-6.613744431588021,-7.647374102428076,-6.79031670009465,-4.421999755977461,-3.722819612994867,-5.593086338749169,0.05105940635643247,-4.432216545224601,-1.377584138306889,-1.6599174195070108,-5.113480422099127,-6.385759598660568,-0.38460506654765353,6.0,1.0,2284.3768576237017,0.44422687231416513
631,-6.523941456289658,-0.8045627346583375,-5.819582235699676,-4.81874755448381,-7.221398926539797,-3.672166088534273,-7.146637292865536,-3.9905527997958994,-5.1936915179839405,-6.622585183011938,-6.458538745536126,-3.1511915200038327,-4.127534289138868,-6.7297333710811005,-5.581367772916638,-5.358801459985921,-3.3802200084536733,-3.0300140956348627,-0.8412250776709523,-1.0424555820991048,-0.8185762948148413,-5.735799062010998,-2.0766826379131405,-5.750023285173928,-2.5154370752490753,-7.453137032671409,-4.300905329727398,-2.6037938601968236,-0.8480798888904111,-1.7832559842462126,-5.001641913557048,-6.643149520619513,-0.38732856282203887,-5.639362005486446,-2.004637624264785,-2.4675199796743486,-1.7941825831544502,-6.125498528811118,-7.359838310494018,-7.177507406767755,-5.270414622884768,-4.38124142406593,-6.288429476275764,0.16159102964328315,-4.1027898084715675,-0.9403845083949887,-1.8175590921992324,-5.839620168913182,-5.647265673616528,-0.9409204771905443,6.0,1.0,1979.7397085435316,0.24055890856821227
632,-6.377791261145489,-0.3795166511474758,-5.475719871567918,-4.98592246492819,-7.433857078997537,-3.711273393534669,-7.669648175156089,-3.34904541301892,-4.493495778941746,-6.744244048296875,-6.514913178186655,-4.270642511942599,-4.241992534902873,-6.414998924230833,-4.948735701879974,-5.4956603529444985,-3.3333709620345906,-3.2261021495616076,-1.1465324296503936,-0.8939697409670573,-0.7048885736777962,-6.895975550710547,-3.0632407035100417,-6.399544592459043,-2.481878931755159,-6.5883662001309125,-4.514750666314854,-2.3423163161861558,-1.4220045342823155,-2.4227297209051533,-4.0189000921468185,-6.9091043485075065,-0.7304535190937882,-5.0084298369536695,-2.0527908671157205,-2.5030885085420893,-2.320058713184896,-5.817127338055409,-7.209428617187688,-6.976014154793941,-4.1025395754247915,-3.8045468422816864,-6.16043634582765,0.3072418200433276,-4.413474504572209,-0.4107297592579271,-1.7472025967708475,-5.8211200135544345,-6.296238973897009,-0.06215223886135368,6.0,1.0,1740.6717739414032,0.6159617137406501
633,-6.358457852238432,-1.1689190811476675,-6.131031348063861,-4.869192594074202,-6.648446934942837,-3.9605322142292985,-6.81673350694448,-3.0612636081663593,-5.065163479023354,-6.739823934113401,-6.68774739895833,-3.7027546291757987,-4.163859201574921,-6.28193210679261,-5.802567402437597,-4.261664964569028,-3.626745694408339,-2.3787073792558746,-0.8658119574725194,-1.4488869506744382,-0.5373525167747186,-6.512100737414136,-3.4755368566062645,-6.654248583592994,-2.339388023051931,-7.219113979044878,-3.518252108135515,-2.938226832725465,-2.233656434910537,-1.3779890605592027,-4.367175253005215,-7.03579660969098,-0.7121268221778713,-5.321925334773427,-1.9754375889704971,-2.3058371812226928,-2.353421520057291,-6.2166867454928525,-6.323628612352119,-7.571354454958201,-3.58260541231435,-4.035911798225148,-6.376910202760159,-0.7582299854826704,-4.565792278697241,-0.4132218048843189,-1.973285188485309,-5.585545516703347,-5.128318174009983,-0.782538294065262,6.0,1.0,1792.135839081992,0.2065299868500799
634,-6.564923151410442,-0.7361281116270753,-6.578102950196072,-4.459076524702823,-6.876296018020373,-3.9718447091550826,-6.88472933183257,-3.9679976239092496,-5.509614544167854,-7.202765943145447,-5.625038652066461,-3.417751659226164,-4.522013281478952,-6.5197342211599585,-4.980352097536161,-5.16335683411914,-2.8237611109874377,-2.9791299145610566,-0.203930439884622,-2.1671055726709314,-0.8439452663070927,-6.769197822706153,-3.243494001215934,-6.109300075432733,-2.7253888622361124,-7.21532146076632,-4.964840065702227,-3.4662993805278104,-0.9762826047427626,-2.685630141962052,-4.281012527587033,-7.472783657165996,-0.43494746725237554,-5.551958034847623,-1.6489255141357455,-2.431409470374581,-2.97654837606817,-5.4640223310913205,-7.314637208685536,-6.7828380275604365,-3.5961861466800418,-3.9188859768860427,-6.40477884317258,-0.5495068981785527,-3.9144206981371386,-1.6256706355775496,-1.770112171947426,-5.246129878841581,-6.729362335268201,-0.9411804213190668,6.0,1.0,2175.1677146027205,0.11268215933253761
635,-6.706543671672701,-0.651343760765639,-5.330669362747473,-4.378223380111107,-6.957682006619321,-3.638040422433405,-6.582469019332103,-3.702285650381414,-5.450752865045469,-7.337048072561125,-6.671551440209676,-3.264417273578963,-4.221007977432855,-6.261006900097187,-5.563807323162252,-5.366767833594967,-3.126664203660149,-2.3126456258744894,-0.20594410130034313,-1.0871072407203395,-0.5726898761624171,-6.618887540460317,-3.4911668778617253,-6.551447074290933,-2.9695745339067665,-7.045413860814242,-4.353121558842473,-2.9926824240240095,-1.9089090805408702,-2.3282738607284976,-5.4764107388773535,-7.584737754428784,-0.672703214078423,-5.745276659391972,-1.4040956245510618,-2.3907215995473794,-2.548192775246894,-6.046930547815145,-6.432748769579185,-6.7355021314810095,-5.046641979231552,-4.46973685001319,-5.3323313935844805,-0.18227098410608264,-4.419966797168316,-0.25243560449633595,-1.0786275777380594,-5.04685437071623,-5.8241921348045445,-1.3592620992297293,6.0,1.0,2044.3431151436614,0.1257582570090814
636,-7.001153058203677,-0.5253205548265842,-5.852528717204885,-5.165937739266633,-6.474257374348746,-4.452666899146033,-7.418291703436733,-2.9314200777295047,-5.013361625767867,-6.713460906224529,-6.661987716473117,-3.635795449217124,-4.044995958785088,-5.519996207782502,-4.099693403732608,-4.576083748024144,-3.0185278262886555,-1.9779021524459495,-0.6751706166615791,-2.1984876529803072,-0.7133370924155958,-5.730853870268232,-1.1136013815828996,-6.53233030205031,-2.470571214953974,-7.38503613822449,-4.815948985502101,-3.154438470199285,-1.3315828511879453,-2.7542903316048775,-4.081320516296196,-7.831246827646653,0.06963096734411772,-6.421273149933024,-3.079656347513987,-2.9662530959422537,-2.433748180089543,-6.353675696012522,-6.593515474713774,-6.676183614916816,-4.162051910626229,-4.053266008308148,-6.331129078319485,-0.47866792200601643,-4.039545717751109,-1.1784424135302722,-1.9542575532427446,-4.342080515426031,-5.905290117196336,-1.0827640509996654,6.0,1.0,1828.4164085719642,0.17315713250920084
637,-7.334993575840611,-1.6479951709437846,-6.504363337220005,-5.654874510528669,-7.496574526002284,-4.128425633541384,-7.269872065824951,-4.4008482098038675,-4.876179579932407,-7.4771058026428285,-6.888944958998794,-3.431048130402044,-4.59187340990397,-5.81421442200054,-5.220887095886948,-5.177159393152249,-3.1985882902428946,-1.8930427678463748,-0.2814523208701156,-0.8516963345557331,-0.7677037948681457,-6.275436977526239,-2.098222953199465,-6.428465731218069,-2.6592516613156043,-6.770432171681459,-4.664402761521697,-2.299232646417745,-1.9870060273380958,-2.124080986683231,-5.23061281583186,-7.293088279492414,-0.937099819204659,-5.220053968535665,-2.160651637752413,-2.7067010617664367,-2.3913195971612904,-6.373278177016066,-6.392418924367825,-7.220788468813133,-4.264887594393916,-3.569860014000532,-6.444460402730385,-0.15092962177371544,-4.153719632560025,-0.3928483097998733,-1.4133140206850907,-4.877989262889628,-5.239107357427212,0.0006686163783966581,6.0,1.0,2212.110430986202,0.12874065184393874
638,-6.218751104704087,-0.911944249088066,-6.2723210895867485,-5.3340116486199625,-6.703898243514882,-2.9372233060280495,-7.2946173711365585,-3.8931663264338416,-5.060013418659305,-7.058895557186446,-6.948105987930781,-3.5293789747494184,-4.338196521975929,-5.854427643467867,-5.285595474852737,-4.617031098389888,-2.3455294135388907,-2.7307804668945175,-0.39374309089180715,-1.1525372802210303,-0.6382288440684519,-6.412925484578468,-2.4605458068903103,-7.224519413108762,-1.680592652758564,-7.499974158086047,-3.7782840519063194,-2.8556940972952614,-1.7942964212363322,-2.522396959268028,-4.118464778552265,-7.018807353153059,-0.03316837312896434,-5.2663089899528375,-3.043715435631645,-2.0731184415664328,-1.9518039234646092,-5.617732158983409,-6.869446418362278,-7.262899594129452,-4.6118017759068755,-4.225862487316941,-6.0073172430629365,-0.31846797437332164,-4.881031558070814,-1.2681578623750775,-1.6349670302848311,-5.292774138569415,-6.354653994689177,-0.8651034621360708,6.0,1.0,2035.0412941156114,0.11049546353627929
639,-6.648229390458844,-0.8862928235702812,-6.125110276015196,-4.470313779380524,-6.0085854174601465,-4.239536717199487,-7.558717436274433,-4.264559037871819,-4.635413806666035,-7.224933639356002,-5.964832228383781,-4.002531767890532,-3.6747438947926527,-6.5730094099835075,-5.10860716585264,-5.537941711511062,-3.3467688364883093,-2.2343436218006074,-0.40578333336569544,-1.3689311099078785,-0.39247379405675803,-6.809291006251017,-1.8275890827693209,-6.490038987670616,-2.985661065240757,-6.927122371999938,-4.666392470744941,-2.6501512372828993,-1.7961172979435942,-2.591110605980223,-4.814958438330842,-7.380394771390228,-0.05939830918466506,-6.700119245695253,-2.222449717177436,-2.876645316806729,-1.6189326579155434,-6.347625185194383,-6.468647106692779,-6.6429179796823155,-4.695812248374966,-3.2827127905934583,-6.053550055639726,-0.01238267251169392,-4.0707482341922026,-1.2315310342229637,-1.797839377204988,-4.791811289364184,-5.8864663354300895,-0.48551890086418475,6.0,1.0,1722.922801367089,0.7440199578161697
640,-6.281149703959505,-1.0305724438735049,-6.012345678843323,-4.4966866141846396,-5.600451898327364,-4.480422446350632,-7.960502404259188,-4.013646355224864,-5.305751417578275,-7.2650313969278075,-6.0814257356970085,-3.9012711664302278,-4.505007573403898,-6.901856561861277,-5.0592819525965185,-5.492944977491814,-1.7378011726931397,-2.3493564239972966,-0.6897265205566345,-0.839677712116383,-0.09521231285592824,-6.426006542191687,-2.871265584584416,-7.06049944971155,-2.4036414141803784,-6.78239021596284,-4.601667795224322,-2.5267848194928013,-1.9036474715106946,-2.643306941261623,-5.252319500398221,-7.459493251168481,-0.2715307031402077,-6.288182785872245,-1.9260938345020224,-2.109990130419608,-1.9705544084110758,-6.022573333385244,-6.88657479698977,-6.576871480216026,-4.824801228321727,-3.8488732350510197,-5.182863929164905,0.05486239662724143,-4.2190969051462055,-0.9035160587679668,-2.5896870001425576,-4.590161642804719,-6.212854274095242,0.4973600872167505,6.0,1.0,1868.507741817452,0.44234157868786017
641,-6.51689585187333,-0.8766657166686691,-6.49209539114718,-5.3306069892709225,-5.642031258539461,-3.1764477682051924,-7.73824771133107,-3.9031683229690106,-6.042996100536461,-7.14720357343695,-6.520074163062258,-3.505882324801068,-3.9869899840909024,-5.721492968382018,-5.120474248785052,-4.188683606127549,-2.564516550694414,-2.482237261667333,-0.9655371052125814,-0.736567933568834,-0.9792332601726925,-6.002175496795605,-1.8073517510873698,-6.369429484771247,-3.233570007921198,-7.143575248592813,-4.9429676989464575,-3.3911275813291533,-1.3272545686157542,-2.2269548662127154,-4.757418959523599,-6.905104170984754,0.18151084574030002,-5.94811379189439,-2.2833745970659294,-1.6309785606209468,-2.171729610525696,-5.757338270076281,-6.784093881885419,-6.912379605967364,-4.387218201481172,-3.8127321380002193,-5.659516775373236,0.867826266595835,-4.015061169462322,-1.473005746305092,-1.2246518640634143,-4.663853054497435,-5.354970598529019,-1.2555110355550174,6.0,1.0,1658.4143267328582,0.26840382745758307
642,-5.878790588141673,-0.9864304462540574,-6.23052211871668,-4.223612120382652,-6.840217254685954,-3.6669818434576085,-6.615697783190391,-3.785604809653791,-4.7116492943962776,-7.756187105957186,-6.233514525370571,-3.8574057778156647,-5.152061394448542,-6.121727429403669,-4.949445031746922,-5.73703083411286,-3.748482414156978,-3.4133325559025414,0.14726007013380893,-1.6671128378320081,-0.8541820964014462,-6.7102291593564,-3.017045601784712,-6.927590118119544,-2.3422055007968474,-7.205658013981478,-4.053462194883806,-2.970204039724775,-1.7649589189960517,-2.561482437018556,-5.289613973304252,-7.300384098001533,0.06077034387737623,-5.370546282544901,-1.9661687270545012,-2.070756344476123,-2.2671236298217443,-6.524954361105611,-6.832241451187692,-6.627925728051866,-4.087752834070394,-4.281601059603033,-5.542103240838773,0.891326138825626,-4.902789222952457,-1.383931819471669,-1.3417854486713108,-5.125963458264086,-6.0873479885656305,-0.8555165969294066,6.0,1.0,1860.6759702712827,0.6364365175006319
643,-6.283687114934034,-0.9110074417683245,-6.901059953312614,-4.6971497071803245,-6.9633653841461465,-3.9784953759512227,-6.85282309049357,-3.1364263329741404,-4.947084681239535,-6.926637685728244,-6.426389860543459,-3.6241454938200626,-4.1092134163951455,-6.5456527929839545,-4.686216986015954,-4.231776486173774,-2.4858464415938935,-2.602825722007396,-0.32146673610913257,-0.6665126195727235,-0.765064702476987,-6.9207032391744905,-2.741180342514314,-5.659720219761072,-3.1346843587836197,-7.424942447283264,-3.9834551518719206,-3.32423447549281,-1.375560643825384,-2.700149016540273,-5.0189573047176195,-6.762854012466219,0.2332585466356215,-6.083386223294177,-2.675040347648178,-2.9859753969633274,-2.3055459976159285,-6.180098785670551,-7.459613967250759,-7.41448130241237,-5.802413217863951,-3.8587330379143285,-5.627170761256588,-0.589359760327061,-3.014073646739364,-1.3485942116866854,-1.4348228536644068,-5.813323967048467,-5.018878588629118,-0.9542719370640304,6.0,1.0,1948.057018298791,0.21687352953932326
644,-6.694373353485089,-0.8601850919845382,-5.528912673714987,-5.15185966181239,-6.4045865930105705,-3.6439756815932336,-7.518888206136793,-4.093723042449085,-5.831728027792832,-7.111581035644052,-6.389012844049631,-3.638969625812253,-3.9327923295908747,-6.564798602106205,-4.3701372016097215,-5.187506494963981,-3.03872263579765,-2.4693544317527247,-0.19986587511289944,-1.7963619332263523,-0.7193966810973577,-6.121842631765272,-3.31718706037858,-6.574842064136413,-1.9620665483817623,-6.673242558943613,-4.131570683735037,-2.9203614444696204,-1.303656059248624,-2.9881854825844947,-4.508334753110816,-6.786213377466,0.501669728832572,-5.026052222746625,-2.0455527672254425,-2.2786641414629347,-1.7352972591060383,-6.587673732708789,-6.776875287228569,-6.9443137741832714,-3.988068699547114,-4.31010071545802,-5.739894800548407,-0.4080779037156499,-4.518960279392379,-0.9281676196037503,-1.6230152295834768,-4.659398174434358,-6.708429560772833,-0.959834706717546,6.0,1.0,1865.3697439724697,0.16790498508240975
645,-6.201717315958437,-0.47407074099657615,-6.196284884199509,-5.675803589789947,-6.422777250914414,-4.080197312043931,-7.144316952484166,-4.147826653249505,-5.672454933053158,-7.201879893814474,-5.907472899421706,-3.2108458676119187,-4.854331622639701,-6.918380927542118,-5.772681860914723,-5.265926947744516,-2.4237826347959865,-2.704600468771103,-0.5503968224093797,-1.9916218389586606,-0.7080030804347992,-6.542767859211571,-2.238918537731817,-6.196640823363536,-2.025634607823474,-7.886386728256838,-4.215023863885522,-3.3158171460374763,-1.902892156236446,-2.1375266454148236,-4.399324105060093,-7.85317141569154,-0.3040126446041028,-6.830510412256368,-2.1553535815119993,-3.6972472442980844,-1.581469858388585,-6.417643401487749,-7.570398923667253,-7.706141577165195,-4.280701417009377,-3.395097485187604,-5.878760834731908,-0.47237387699109407,-4.134861001167601,-2.2476839948346514,-2.38019771627639,-5.197367817703464,-6.218343372639496,-0.4936283683278712,6.0,1.0,2630.121158284874,0.1343129529268637
646,-6.305259737430556,-0.9172266495763318,-5.988493343852416,-4.712813292057922,-7.169157464671329,-4.053681414824285,-6.10815463025997,-3.7001909132804127,-5.220636564792112,-6.976785183778693,-6.265473045462023,-3.736350958943676,-4.036748106590798,-6.415700006070725,-4.883232102321849,-4.81628407513959,-2.393754559885139,-3.077058584501901,0.007958983126817976,-1.2091305654906894,0.12222371942742039,-6.259340730227969,-1.7680245429394574,-6.104464870262566,-2.8399307504236733,-5.988260236732058,-4.614277966309569,-2.434601100441792,-1.4888532289580056,-2.8413966123937535,-5.940481852788457,-7.054837491251551,-0.32813670492499997,-5.127061210893188,-1.9464436886412486,-2.0188454836403524,-2.2681602513192693,-6.8147375195970925,-6.845916080566324,-6.498916662859391,-4.301490335255412,-4.301363773896044,-5.741616902799812,-0.4888472281973974,-4.067949875922651,-1.456138541838313,-1.4197928196603902,-4.68900930538631,-5.426897046689582,-0.3286888528210991,6.0,1.0,1474.250934600988,0.5043824073812799
647,-6.471808076951103,-0.8135013405747967,-5.291242391159135,-4.947855056412258,-5.601333049105488,-3.4961947936762545,-6.651373169547204,-3.224126647166261,-5.49362929250364,-6.354231432866051,-7.494412923981839,-4.174361355579759,-4.207140438818317,-5.821832103568988,-4.409090287527069,-3.9722744564574226,-3.1020021647708473,-2.6394414496730407,-0.904835294003133,-1.4125791401554102,-0.8230433385610986,-6.0262260627530395,-3.107924663938435,-6.271095723579736,-2.523428811310647,-7.527058328743989,-4.272580723103359,-2.777458450243754,-2.183816984214372,-2.576893150882549,-4.1859098931782475,-7.440569731566452,-0.40932438849946245,-6.083936829278495,-2.3353391635981695,-2.672745124487018,-1.8972125367322614,-6.096047538173644,-6.7943031414376085,-6.451133571597452,-3.8591657211267583,-4.531826395331754,-5.735917392525846,-0.25319395606399964,-3.84163757088322,-1.100240993524787,-2.4501715603244585,-5.140270938825865,-6.164553759801516,-0.4602210945612386,6.0,1.0,1669.4521126091934,0.13762551131009407
648,-6.556767300357693,-1.2211047755397961,-6.52818333790225,-5.713855835068775,-6.650328475189106,-3.2233780215654453,-7.13078696526571,-3.3202966967047898,-5.3479192810431115,-6.462190482040089,-6.43381316904711,-3.716750259965512,-5.008344648442045,-6.103094986456229,-4.8532406032602395,-4.65587359641789,-2.4556780753463396,-2.1734389467897954,-0.19819784558810222,-1.3511038058729004,-1.8329264934458558,-6.105172218856339,-2.6005067188641204,-6.191419984563276,-2.628316662074644,-7.292729142074864,-4.945997036350998,-3.532816821421376,-1.3356942534836644,-2.299942577583319,-4.738799523355256,-6.9627825284594325,-0.8149273309158788,-6.393734923296666,-1.9667022382210195,-2.451478002188726,-2.6207590604975057,-5.563179365038196,-7.639391673152309,-6.836756583211868,-4.878942138224522,-3.6999689740738813,-5.318929098557936,0.13528253119269756,-3.5906725038516463,-1.284643121822276,-1.5267322940324857,-5.1147523842351275,-5.743639122253972,-0.5764505003282738,6.0,1.0,1774.319944372289,0.4495020904228737
649,-7.657193406157225,-0.8281002271480136,-6.117450759165083,-5.003378823790665,-6.015167013783922,-3.7571810758473525,-7.559060163251433,-3.55488537385598,-5.498334912182695,-7.2002330848629335,-6.736767182438766,-4.292834013453328,-4.610062461886856,-6.3550340247440635,-5.727197889592707,-4.545442567084231,-2.9580760108503292,-2.1501872195328757,-0.13801060038658708,-1.091148760105112,-1.5124191850022792,-6.583322206834188,-2.97952155672536,-6.783511056537369,-2.9105686745147077,-6.687652470513963,-4.276862379292155,-2.891867811335348,-1.2972470426180545,-1.9800028973235144,-5.174069028891759,-6.5767187389353845,0.12425322629174668,-6.031256102314136,-2.130132445926852,-2.546647943602679,-2.465595508107805,-5.915419383683856,-7.359666143330061,-6.669899750790212,-4.298991460804383,-4.114790389823047,-5.900376945998918,-0.6237245305989074,-3.864867046051031,-1.1482735344872252,-2.483115259297214,-5.569686248242145,-5.084708265710976,-1.1095668018797427,6.0,1.0,1988.8605616574919,0.4667043653757576
650,-6.631526719632658,-0.7507875784434258,-6.300409160407144,-5.215199971793579,-6.478582152062978,-3.5611571835267495,-6.979319364334622,-4.3742230548073415,-5.4534367653743985,-8.056714953123223,-6.587429008216528,-3.9263529707138747,-5.036174676086516,-6.527527347354228,-5.501396583238046,-5.101610909581591,-2.591551174570975,-2.673999067246603,-0.02475231576636583,-1.228393346948166,-0.36585378796571044,-5.680950400518555,-2.430180191029225,-6.84444859030562,-2.798159250580603,-7.29152050257793,-3.6055598768923875,-3.265227924019049,-2.3159886760028265,-2.922943392874855,-5.4860933467735675,-7.892996054814606,-0.23363997207835552,-5.576799801732087,-1.7247695019296037,-2.5689636558642466,-2.1322244178189655,-5.8528970928564314,-7.34914138517553,-6.692840746849279,-4.207849189459815,-3.8424543406750935,-5.318338329294644,0.11562276805310029,-3.5416706133572236,-0.6920033211587711,-2.6783690155871374,-5.837720353396641,-6.135434927897058,-0.6054496974175372,6.0,1.0,2161.554671361054,0.4335444178300873
651,-6.864062567653531,-0.630570277009161,-6.05672258903734,-4.5345590676848735,-6.507794270084482,-3.9446580840149554,-6.793751763311029,-4.070695850589939,-5.72074106113186,-7.122463483852803,-6.4964218842883845,-4.637798243206138,-3.82572303543295,-6.598212018199254,-5.308726795455552,-5.304000124253321,-2.4846620583124985,-2.08421686277021,-0.3334129870077144,-2.5175790486380674,-0.773222129573998,-6.303967767168023,-2.0506276817135953,-6.525676398131512,-2.2226441092080003,-7.14771751656435,-4.190884542545217,-3.484105474682099,-1.518763494977319,-3.132404651581048,-4.412088028710704,-7.6995819168840605,0.53587757594068,-5.276559141630699,-1.8677076084918425,-2.7959292309468275,-2.163475845757941,-5.970013769689857,-7.176617037875876,-6.896112369718453,-4.6099727752292905,-3.636258835219496,-5.525268453452715,-0.36651425170617236,-4.523759678610761,-1.6922141391853134,-1.8588047961399898,-5.361972093981883,-5.110596597540582,-1.3924335893766928,6.0,1.0,1837.0964528343939,0.5402956869959411
652,-6.217115676511639,-0.841136745431143,-6.4554365581687545,-5.206646688995874,-5.979370562193657,-3.568785375313067,-6.520772922899338,-3.511946170493559,-6.235382823427608,-7.5782207636831265,-5.915041132928048,-3.558465555850014,-4.717916127735091,-5.623109202710241,-4.430934388055829,-4.861680107384357,-3.2256436270068534,-1.742174886583241,-0.36969170375844146,-1.8020542369502883,-0.8257193403762622,-5.857623641113702,-1.7405976413378013,-6.3478879093778655,-2.1814445935007907,-6.458255176346734,-3.8743766878088755,-2.3728732151320466,-1.383512431225818,-1.8709758765974156,-5.265329242414318,-7.180746816811848,-0.7735757528451718,-5.575377360383416,-1.5213611618777496,-3.0211013471436634,-2.2982229383094404,-6.041832021325329,-6.6116681010063925,-7.235310561662567,-4.286112298811224,-4.184993866333591,-5.549698851168986,-0.8203927669771903,-4.516563715606615,-1.9339127099530933,-2.068480781190636,-5.601135376772205,-5.930529268274861,-0.7550440818799349,6.0,1.0,1522.5856062445462,0.5648027424750147
653,-6.583165370849246,-1.0791162186644754,-5.997101496533297,-4.8248123215997225,-6.841698026730521,-4.014803534379397,-7.069015010018575,-3.4957382815099893,-5.2366471787544855,-7.368239081040017,-6.370227488152423,-3.869641715782352,-4.420442461964866,-6.246150669136971,-4.9418670784804934,-5.677683850314857,-2.5055145619023653,-2.9786375903205897,-0.4973799364362821,-1.578571196823588,-1.0968803902641147,-5.719843842766293,-2.580706967521386,-6.4760716078993825,-2.9784806563325064,-7.927082730754578,-4.3341499904641925,-3.410082802831843,-1.2586728412390689,-2.461628572403447,-4.7930013963298475,-7.057071719510998,-0.5739062670412292,-5.518700311634214,-1.7735868007344118,-2.7096251326772927,-3.0600415900350217,-6.308863246510151,-7.361868437171548,-7.470287327954359,-3.4904612818054774,-3.72469182779759,-5.238804461766633,-0.17241932518333125,-4.034077885211585,-0.8052077489741327,-0.8224297980459934,-4.933017944561563,-5.8980833336976355,-1.668115295542829,6.0,1.0,1942.7540015779305,0.34639113351728795
654,-6.939986731534999,-1.2683158811466468,-5.4045298522486105,-5.234565209487687,-6.519857558336983,-3.5673621494539582,-7.109274613940411,-3.6245204834381375,-5.90259704332509,-7.657878541004816,-7.3060879299058,-3.2850031889959075,-4.883792612071049,-5.750367911513027,-5.35037490872544,-5.342847117696477,-2.6040693034464635,-2.882778207466541,0.5511482482423933,-1.790320047793613,-1.0591431055372746,-6.86951208780714,-2.167742910023694,-6.44042365546779,-2.271277024251184,-6.910667981332857,-4.855181494490591,-2.21087827732582,-2.1590921070490317,-2.5523380627224608,-4.768733719742669,-6.938917544031623,-0.8313866758106698,-6.366365624478018,-2.5546559458615143,-2.535199718967435,-2.0855078817366572,-6.022122415787807,-6.633983868777929,-6.715837249464092,-4.1200759146953345,-4.221890274660001,-5.601218240985957,-0.4104739150248231,-4.189908660317559,-1.5780847285579602,-1.7538610851195728,-5.157965490435156,-5.888028577465546,-1.2450346780298576,6.0,1.0,1897.9217474886302,0.6270521164587078
655,-6.6506431238164625,-1.3572951480622455,-5.7965870853290715,-5.244563233633509,-6.661840281894141,-4.138324532697836,-6.924765955763886,-3.739022910501836,-5.427662480310884,-7.494320405366674,-6.6726749254609965,-3.2376706082828965,-5.015873442926543,-6.846765950406849,-4.398985029687429,-4.825553755421569,-2.7598597432784495,-2.1869486851908686,0.06198126761916978,-1.1957097657779776,-0.5720917176685032,-6.419758135585344,-2.1635309028486804,-6.451066617023073,-2.0607787530554265,-6.982286637339775,-4.142883797508693,-2.1717176099986895,-1.4650436219563336,-2.9095510943619103,-5.100648146510653,-7.22929555568623,-0.4836516486084095,-5.900958018716037,-2.3819275984235166,-3.3183883317335106,-2.096321988725047,-6.4955052954769865,-7.386158533842692,-6.887347327190499,-4.69019934689841,-5.02076729030402,-6.529049766362754,-0.05218401888523849,-3.744706183986836,-0.5301310120368459,-2.1939381309207358,-5.478374020989369,-5.234452840917857,-0.8561891605101719,6.0,1.0,2055.5944210161815,0.43405171383338426
656,-6.570262473953645,-0.7643748403262618,-5.556443057578782,-5.4000083594759225,-6.394572685747854,-3.805880053904447,-7.318291922497089,-3.352011293475881,-5.149700628274882,-7.790253523478165,-6.533576001658524,-3.481324496611159,-4.7165514332511265,-7.158880482413198,-4.537902501708347,-5.760141477913402,-2.097325365325447,-2.788798975202737,0.2839693393385354,-1.3684296253786319,-1.4417311500609187,-6.483786035837219,-1.8356900408281227,-6.371205786087277,-1.3792916580409567,-6.746641538522725,-4.338526453063214,-2.0601819485777986,-1.3717904415223472,-2.2412828105883467,-4.923777924445239,-7.752839883965711,-0.31216079298154753,-6.116481983078981,-1.9176419281789812,-2.603962196517394,-2.3538680318870044,-6.529565632220638,-6.961261199900576,-7.64267337789252,-4.777226302662739,-3.917515057653728,-5.822670651517948,-0.04586329824239904,-4.192708491266759,-0.8095166244307432,-1.8147789013937154,-4.494480262047041,-4.4570665772492895,-0.7146951952751326,6.0,1.0,1917.9524339081831,0.3259929826189226
657,-6.217096061844537,-1.298391900568231,-6.439765210096999,-4.964581792425272,-6.800288279820277,-4.1203372338212425,-7.0175424628871905,-3.0803871599830557,-5.438759919977989,-7.75471591546924,-5.999378681897428,-3.3225133383934535,-4.742695927154017,-5.902433911981166,-5.225559079859084,-5.078291273788012,-2.56374872138753,-3.839041080800037,-0.44356874571168026,-1.1346641095195706,-0.27838941083621305,-6.170464917399862,-2.106247460034249,-5.974125898679734,-2.7195615809480542,-7.411593312634196,-4.005155537476555,-2.752789556008289,-2.329556804446857,-2.215426633946231,-4.93703277806538,-7.085914152969505,-0.5078451523525063,-6.075828536174868,-2.1595394362047164,-2.4896590809165415,-2.608840973020768,-6.306711791352066,-5.867779980193483,-6.543293555276648,-3.238009413826451,-4.2292491393082425,-7.121427411425727,0.1391144381829929,-4.610318274523078,-1.1425242546968366,-1.7729163370551715,-5.7452396147913225,-5.187557679440478,-0.6199378765921766,6.0,1.0,2145.600498494821,0.02037162926824676
658,-6.71409867768635,-0.6758350588304571,-6.198147489971838,-5.1424877220771945,-7.379535768555808,-3.569017624472408,-7.055650485727684,-3.7532503493247504,-5.991599055390556,-7.265182384263555,-5.875085984669889,-3.7013845838100097,-4.465277645437342,-6.306243928681868,-5.576709783272399,-4.819555890004192,-3.255962304410892,-2.8411017117317225,-0.4916926390775676,-0.5382247807890693,-1.0395512889696763,-6.78761587602419,-2.538675447855549,-6.467284227574411,-2.0566458012151974,-7.111534005772341,-4.026128202863454,-2.980524663518674,-2.0268497029114165,-2.0290464800462797,-5.176882895902991,-7.241679924312162,0.33663070654446847,-5.129593670829449,-1.2321921868129033,-3.1709422868271737,-2.6900522755135983,-6.09060685449189,-6.911429431531551,-7.576434087068931,-4.272820110122474,-3.5048272747928,-5.510399191213981,-0.3292813106989395,-4.552514390314613,-0.7391054668252042,-1.2596426253889952,-5.720179118923857,-5.753611012332135,-0.4440668925405839,6.0,1.0,2053.910666404929,0.33207132297372727
659,-6.118535481678852,-1.3255225648638036,-5.516204433445875,-5.736956617182823,-7.358910882781702,-3.619538987040911,-7.22909161410913,-3.9185992976809394,-4.968970663869944,-6.669878266752336,-5.638694556070279,-3.88025737622928,-4.635208586870796,-5.73631881401226,-5.522751268794525,-4.327865220968864,-2.522722697270412,-2.0992522123813893,-0.7675659780085204,-0.5812842475572737,-0.8668667882586445,-6.013710108204673,-2.755443916568107,-7.1294852167165725,-2.181311511970311,-6.439543809080202,-4.026154272031954,-3.2919282989189695,-2.215308128780538,-1.6952461914165557,-5.220714435861932,-7.551374275366703,-0.08888285260576537,-5.859061410482917,-2.4304747221133938,-3.0337584523737795,-2.9062890356317,-5.919272538216453,-7.685191627723528,-7.037578876147936,-4.424362496509138,-4.15365444344869,-6.025986282696669,-1.1473701914804584,-4.65579422139813,-2.0950560427591283,-1.755020155966523,-5.300849321083023,-6.204294919839002,-0.6141487633822812,6.0,1.0,1856.5245350870132,0.5480216550493537
660,-6.7138028388930575,-1.6046391716150519,-5.86981562465614,-4.267158133724296,-6.711188492922157,-4.1282486694946305,-7.5016899854697074,-4.422409476107335,-5.580128282128214,-8.218300133480168,-6.794690581297256,-3.614721627834395,-4.646631876090841,-6.159991545415745,-5.326747278181426,-4.416029659050389,-3.4004443294256763,-1.6265836447346202,-0.4688111931564707,-0.8692540760017299,-1.2587669097222496,-6.443151939183946,-2.85083794181186,-6.0778487565826875,-3.158987698631954,-7.421031327596756,-4.149127657481238,-2.6050332222545616,-2.1939985937677293,-2.191990574014411,-5.394506317724961,-7.6851326555049315,0.7857535335945444,-5.524186381677361,-1.9509714439181791,-2.4888376297611696,-1.938943479556018,-5.8674371610447285,-6.524516294680627,-7.0826421919294065,-4.524027729823299,-3.0464210542747985,-5.674022126913555,-0.668433067466125,-3.8115320085221303,-1.723958102722746,-1.6853284822704726,-5.6108109522152665,-5.141387074883389,-0.6668521804316734,6.0,1.0,1787.0136879631846,0.791227423930194
661,-6.863815437834303,-1.182586298982973,-5.745791212718389,-4.9738155455775885,-6.456159923141833,-3.593399328342921,-6.413118868684507,-3.1677530918566505,-5.354158405221963,-7.200710105455039,-5.986985770293436,-4.514790417928838,-4.4399010966544,-6.80369124224763,-4.382799977445554,-5.1561707911117365,-2.8693723540260696,-2.6053061465316523,-0.9630526982661293,-0.9848308165598916,-0.11978930688430955,-5.965313060881604,-2.8822284669254556,-6.863300970980175,-3.0456495619476858,-6.675310881552272,-3.6197387313969607,-2.606812913456521,-1.6335252204613897,-2.7151519389978755,-4.752791628945118,-7.083428246963904,-0.31997368632001133,-5.949106676634666,-2.3905877723904982,-2.240032011684037,-2.425743349094167,-6.04665541607644,-8.10810628415022,-7.0525947798614865,-4.835600376005905,-3.2096604178406856,-6.286292260329539,-0.11651382447562322,-4.572992522071597,-1.7985820216929735,-2.158991438648549,-6.078130675671226,-6.230941617819204,-1.2017598754692236,6.0,1.0,1878.7518969632367,0.6232265661559433
662,-6.350386699665281,-1.6638054551802717,-6.855277112443864,-5.194051066665139,-6.786145042018591,-3.726302567320862,-8.081186583392144,-3.8721587026619075,-5.421303508993066,-7.147652247156704,-6.7628034791962275,-4.3906852729484545,-4.2960701866845525,-6.957402027691913,-4.5257452815487405,-5.054038905835064,-2.5267522696909097,-3.1360897987102723,-0.835541631077205,-1.4539729227017493,-0.9077078561173112,-5.944235938760769,-3.2600076484912783,-6.279496725938322,-1.713946989413437,-7.5285295386703845,-4.51346111940705,-2.682947148202557,-1.1359901993056318,-1.919259319331464,-4.689906476830739,-7.125876020731223,-0.23195422991625653,-5.465615844920997,-1.8465970461196317,-2.4594428734164793,-2.43230674615413,-6.3762747728966,-7.5212347670282265,-6.890111345980746,-4.567909016834954,-3.446641626418193,-6.138205537754118,-0.31165953013729464,-3.6549487466390365,-0.1595216375435612,-1.8254416930619701,-5.174227806659136,-5.679261716110306,-1.4538794376696051,6.0,1.0,2135.869935077066,0.33282704479427494
663,-7.354496388058843,-0.9267930354116685,-6.377422860883191,-5.430963499381315,-7.233229495637321,-4.5789529566419525,-7.378584927549559,-3.95293782588147,-5.6419743717664685,-6.995423838422162,-6.51483319508709,-3.132063996077597,-4.664690494166416,-6.1391526591183885,-5.011009579866965,-4.61135363000713,-2.7390796037354685,-2.7459566281558274,-0.07442632200270816,-2.1518466066285207,-0.7552535776851582,-6.161218685273395,-3.886077611220797,-6.133061646049706,-2.8849416359392768,-7.731355715524504,-4.397852344472768,-2.9975162736991385,-1.3319662467233637,-2.7132830602245885,-4.302992926074697,-7.259265278764502,-0.5144510883798354,-6.215906753950577,-2.3868420599853466,-2.623937513876187,-2.0450856907622335,-6.047502722686091,-6.769921774869114,-6.9496632291144955,-4.701970852571613,-3.450372197042304,-5.132116986023772,0.38194153292378275,-3.927556981180896,-0.8911848895748062,-2.0864607958331907,-5.531442250473109,-6.666841357718527,-1.4576859535977855,6.0,1.0,2111.8815639878,0.5852944603788945
664,-6.622377893568336,-0.6199101792481341,-6.112090376184716,-5.077904090331185,-6.450123122000202,-4.2734428633251,-7.447184841100475,-3.2500216779075672,-6.047228082500439,-7.322177035022276,-6.269730181225539,-3.6411351269144636,-4.481243169619478,-5.985246523716082,-4.975116073839382,-4.46675781359611,-2.65150028184643,-2.416338414042181,0.7668952463153078,-2.0945198063133756,-0.3355070516700661,-5.993869953831787,-3.48983909022512,-6.387121423526276,-2.411218526731868,-6.5583527564356165,-4.838483991902754,-3.09489986004785,-1.861870475918848,-2.7584263740003765,-4.4208913620686365,-6.836897598587586,-0.9231545188448148,-6.711311174441451,-2.0900174138452274,-2.7625546559616136,-3.4350716699061685,-5.608782400248593,-7.303557567725598,-7.720298415712776,-4.138973353530612,-4.193953536927809,-6.624066282290308,-0.3441921953376495,-3.8590628345892615,-0.7876796771743048,-0.7367217504923254,-5.53376320981714,-5.489579265554981,-1.4922258721284427,6.0,1.0,2062.922629314464,0.2853904199101027
665,-5.610419331670617,0.039219853718580944,-5.615727699151736,-5.297948904090423,-6.721838401306989,-3.3047248583507978,-7.5957499863044715,-3.6091954158928274,-5.989586145321426,-6.85620773789085,-6.5806374136064525,-3.5931902213384386,-4.095021831747492,-6.185099037658612,-4.7502761762852685,-4.6133564959070785,-2.9819957769835113,-2.359803443785834,-0.8748795509105987,-0.8723218278433665,-0.37146765629667217,-6.184236234064925,-3.132470996752473,-6.743888697389958,-3.850291019695171,-6.97487239157283,-4.121889064584235,-2.3890470492311895,-1.4098114284844752,-2.0064978442825945,-4.868766568491721,-7.291014512771711,0.41078625473839636,-6.66206771598792,-2.0612571290392223,-2.5987031716827387,-2.5080789785399022,-6.174866288547771,-6.8687058924230735,-7.70415913145665,-4.294191456241427,-3.9950021760708454,-6.140524671115547,-0.35768983401860843,-4.007523299931096,-1.6812078970564408,-2.400780769640136,-5.271310668306301,-5.823245854764731,-1.4340793759159651,6.0,1.0,2079.5737225569005,0.15212272108423425
666,-6.91146419771659,-1.2434738010699147,-5.672626762582107,-5.756497661612467,-7.5570620293141335,-3.1650311699225693,-7.2737385558985315,-3.5537788292667907,-5.653302965837753,-7.860285120365514,-6.288627207934259,-3.2626509400034664,-3.85383039326394,-6.080265373189846,-4.449219145658955,-5.015829064184872,-2.99388702874347,-3.0815831076617424,-1.0164606460660608,-1.7902671691656766,-0.7121061536068806,-6.262761238670958,-3.188620185349193,-6.986067096199192,-2.027156660612212,-7.051032272403441,-4.282985460137503,-2.997357887576151,-1.9936604639758844,-2.4378569726131887,-5.209827694966837,-7.587819133346768,-0.153766340543096,-5.0536813466335495,-2.111398160695227,-2.5305725955615297,-1.6493759099794354,-5.766687978379892,-6.585592990446053,-7.019016793512589,-4.734090854633804,-3.2448712999979508,-4.907044335610545,0.006899087028778672,-3.947747367608294,-0.9001456104163674,-1.4104043185774933,-5.2148141320449595,-5.768160782097988,-1.2283811323679372,6.0,1.0,1775.9688878657319,0.5635059878014622
667,-5.6423231829665585,-1.4205609362205323,-6.122349279812446,-5.276986356702,-6.035499035081418,-3.7014297252243678,-8.035732422297755,-3.3090686590259555,-5.900890211291375,-7.721395698041111,-6.618577426303827,-3.8216152192433683,-4.907456203254617,-6.303517448904542,-4.842324077855719,-4.710491290196934,-2.924582827513391,-2.698602335467591,-0.20232694791968608,-1.5769047383972872,-1.2659839367476278,-5.50683908680358,-2.4281892689069693,-6.752817948045884,-2.7262218253066433,-6.967809736825441,-4.288615199971215,-2.1806033199642343,-1.9892304670149332,-2.564055996022683,-5.473180877625008,-7.633240293586278,0.02887959609191401,-5.981660717318811,-1.4789091244137313,-2.3292709334735155,-2.1909934454669844,-5.588118883373401,-6.62903566110573,-8.231221570202976,-4.688874670494443,-5.10561544638592,-5.7967433810990805,-0.4480196304155012,-4.3282823322860695,-1.06759887681504,-2.057998076032418,-5.3451347659922845,-5.9918686834451735,-1.5131491929970413,6.0,1.0,2210.4772321444157,0.2682249405715293
668,-6.244446473795968,-0.15782709573770748,-5.849259403475582,-4.8595278878703505,-6.148115243246109,-4.062848357083073,-8.13742234305724,-2.791551813833559,-5.000901194266992,-6.8950962421959625,-6.62818909091296,-3.6714014090387126,-3.396478328665685,-6.262718025358163,-5.252951779251112,-4.717959718400657,-2.7635529254977023,-3.3067420274249053,-0.19836728614375215,-1.4249900816105074,-0.2190967306427719,-6.307886962109589,-3.1059436505879607,-6.590413962984398,-2.490859342858576,-7.296249584741716,-4.279869872860794,-3.0447867000296895,-1.6764186351665857,-1.987645375637172,-5.137342556082993,-7.380368592388418,-0.26935691288306884,-5.846634167167843,-2.6180001283707295,-2.694449238798768,-1.985992139135458,-6.863197130407106,-6.430680797837064,-6.940783024590304,-3.2109261169367853,-2.9437943801528172,-5.5846357810290215,0.22432341751167523,-5.022576554228442,-1.1155862157501515,-1.4698376979372936,-4.7339693053570215,-5.579417200045842,-0.5131642444797,6.0,1.0,1823.836771795158,0.15439762922217026
669,-6.48743510661972,-0.5238544477626038,-5.737921349118252,-4.8392179678982385,-6.95494385815792,-3.8503323949844224,-8.225600469785112,-4.1724616911092935,-4.4193586190140195,-6.3241929872598055,-6.012387564895122,-2.927835387359446,-4.210072756060308,-6.659782708991573,-4.379986015581523,-4.7448341891692625,-3.0763865815212914,-2.3439964017723316,-1.189574283302174,-2.0656927032054906,-0.8262331044930759,-6.239535755574294,-2.9568807574899916,-5.866502788383399,-2.1583582318115675,-6.871337269506623,-4.51167175744115,-2.47195156197237,-1.5561461553160887,-2.1490184975642066,-4.572455694884981,-7.709753981071093,0.42583866852476293,-6.157470324732779,-3.1228143196134175,-2.486326141802659,-2.520941367810099,-6.102643272369019,-6.153589181934187,-6.6043627750766865,-4.5973831118927215,-2.979284596845026,-4.728841089701566,0.11615092490897722,-3.708988263463577,-0.972551726015154,-0.99811594225553,-5.116202346495552,-5.501333156686073,-0.5310717230959919,6.0,1.0,1657.3618573068586,0.07197067140822942
670,-6.5060666712122694,-1.452706306223129,-6.070040317933862,-4.836238405631057,-6.461020170041383,-3.7042195897290497,-7.141035696981338,-4.3457642979735045,-5.495825131590327,-6.831804705564667,-6.901550032268491,-3.364137677037869,-4.661773389066813,-6.3093061229726555,-4.911302555111118,-4.7521641056926,-2.2300101003420285,-2.529845833058593,-0.2512045810979835,-0.7989545068492832,-1.0350990274563387,-6.759798462701526,-2.520427694346577,-6.437992216410632,-1.9947466453623166,-7.267932688710178,-4.447207525233968,-2.433503131540034,-1.5443991073753607,-2.3278284223760077,-4.204364703589321,-7.13318934926724,-0.1393714522713938,-5.2100699918367495,-1.5561839914284912,-2.536348812680154,-1.6412587483496264,-5.132248333570916,-6.469873872745373,-7.288530918840821,-3.2515518679367514,-3.94605975059255,-5.227905592436113,-0.17264448335945953,-3.7430939135970265,-1.0245274377815763,-1.744329625395973,-5.274163167140271,-5.441317694777289,-0.7963048449701462,6.0,1.0,1468.9961791259195,0.5398136504810982
671,-6.177786584937921,-0.7756147554675219,-5.706754451508537,-4.34031264154827,-6.397576329547336,-3.918573170358233,-8.305027981508271,-4.070451462523567,-4.897369857086383,-7.969783683892257,-6.7770525867463745,-4.075843104502821,-3.967226727161552,-6.068602641042165,-4.847633513532539,-3.7394541120555362,-2.5885356079563278,-2.860029925134796,-0.563940036930473,-1.417651200908851,-0.4721277075785668,-6.050794899521515,-2.267921336530185,-6.719417176637016,-2.7201360732826516,-6.607857427205801,-4.011254210533303,-3.4589000979251177,-2.2400340462178048,-2.1380243212347794,-4.276320462902558,-7.30693833650332,0.2497124245792925,-5.910942933567273,-2.238993167076275,-2.683807569858416,-2.072139355473036,-5.654216127334595,-6.095394425485188,-7.71396363729451,-4.197389357794198,-3.8716695509315557,-5.700554908116718,-0.9105249516177686,-5.03983598516974,-0.5021211357191815,-1.7722231341437849,-4.877935467735811,-5.080877718481877,-0.4520490714092783,6.0,1.0,1802.7593306901183,0.1534948976770279
672,-7.370110580064356,-1.418214838563769,-5.255204482502691,-4.339095507453145,-6.695699289911636,-4.556565362305984,-7.300980736852669,-3.2981853320165064,-5.114244515764544,-7.496987100606734,-6.877032483563178,-4.505924271605258,-4.438097810209209,-6.217391820885365,-5.673062594308389,-4.110364347684119,-2.488020309746343,-3.116730320021449,-0.2254773525296918,-0.9311026777440372,-1.2514329671075142,-6.589474906335047,-2.408796334883532,-6.857844783351432,-2.6863606718247333,-7.25319152128882,-5.05788475045769,-2.953457983538179,-1.9176084481740165,-2.5187640548981807,-3.9587056687716258,-7.315999137393543,-0.9410557871593008,-6.56827160846318,-2.047409958433845,-2.1262996008781725,-1.5965515211901038,-5.935225917925318,-6.559961084131573,-7.544219102798111,-3.8075285248058677,-4.118699230761802,-6.599291672283076,0.06615568898627419,-4.111671779519422,-1.300698239426893,-1.2893263494226355,-5.54977863616541,-6.5101379608633865,-0.40097677763973816,6.0,1.0,2169.386028068759,0.41387434394390343
673,-6.355062544622871,-1.629298994537645,-5.930263991989807,-5.305075753828335,-6.6219698695887645,-3.50858435310963,-7.152576898488702,-3.928284492560275,-5.278831523678578,-7.2478781583691685,-5.916100451927614,-4.009849125500624,-4.915568296816159,-6.290662692555879,-5.406608864621231,-4.268716987922545,-3.173382256401409,-2.6742456517625635,-1.0690273922661246,-1.357836079925028,-1.0095751316379828,-6.647496941318463,-2.6594148848865133,-6.076405690563082,-2.3820636403953714,-7.336782629799901,-3.9412977521817454,-2.132616889029165,-1.6541224522650984,-2.1969470025604685,-4.049129288885452,-6.409734925001433,-0.6395512421697409,-5.768418849078957,-2.866808318856805,-2.874395304034715,-2.483963749139999,-5.770418982590526,-6.543217844721509,-7.323189961245573,-3.5667814434285114,-2.7346813404409582,-6.368062256661377,-0.23368469396412234,-4.55866603463631,-0.9692369290488418,-2.12721333076859,-5.285412436140871,-5.446293292041704,-1.2793508588640603,6.0,1.0,1541.3323204608182,0.7303441382639647
674,-6.135160372749813,-0.3747885604527074,-6.146787948474382,-4.729983465334859,-6.641246434607183,-4.015873678078806,-7.386234644038435,-3.9559347581366344,-5.7466656801244715,-7.363732164928986,-6.902152957322316,-4.239208920453855,-4.1403056154930375,-6.116666947331771,-5.975293212493352,-5.310596237181283,-2.6479700257503684,-2.2716379331894263,-0.1696619445686996,-1.591190990892068,-0.7332705863242465,-6.137010849373096,-2.5653841768807784,-5.872483278499439,-2.03819825975703,-7.128937037803982,-3.901853521542709,-2.3976501086935915,-2.1432978058952092,-2.2661630655476777,-4.5830573318573595,-7.702145713210217,-0.3870933753120177,-5.4763083930385665,-2.7748894798929604,-2.916302663182443,-2.130903310701741,-5.927626381403236,-6.879927653722277,-7.5677108800301065,-3.6380437635352325,-3.561121390205047,-6.269661549755315,-0.3508804119097841,-4.757202097897271,-1.842216411544129,-1.695826255388691,-4.350150162292631,-5.28499875741628,-0.15104689910117097,6.0,1.0,1724.2424354605412,0.7486574393698532
675,-7.022949019671387,-1.1156282312159256,-6.228882243306843,-5.216059711998852,-6.662403773864705,-4.407708218978514,-7.261083867435704,-3.3719781068873096,-5.217550113611254,-6.997507170229042,-6.238417023678393,-3.344783166634968,-3.877415483890756,-5.839660560810182,-4.884169054379514,-5.340896023264543,-3.3427046449345865,-1.999295300415268,-1.225259926581344,-1.5069492800974518,-0.7116036001609503,-6.467162578899497,-3.072046119301777,-6.365360879656593,-2.363945395845219,-7.133408578719179,-4.325110718378777,-3.5159274165817864,-1.1131518157186158,-3.2611029749641496,-5.126816697268532,-7.653657434049409,-1.1133225320468307,-6.440245614559718,-2.2782132652611735,-2.8535335427830963,-2.6143043999941327,-6.358511910884429,-6.452210392937297,-6.803664369033449,-4.424108605577373,-3.5195127191628126,-5.552147636650386,-0.1316130018953216,-4.230424284482782,-0.6643804195749383,-2.2996438579406178,-4.41620783661672,-5.8433142027107285,-0.8664714147910386,6.0,1.0,1824.4271496193824,0.6436507810148816
676,-7.119451890948893,0.19545388621219928,-5.733968867533614,-5.394720838304288,-7.152267945371815,-3.9042449598265696,-7.860329735571017,-3.959213853796841,-5.4255795622084415,-6.879830277048933,-5.797941928712557,-4.048804555948831,-5.171790923758586,-5.2135063136937365,-4.268447660696051,-4.616141649139387,-2.8071889695824166,-2.45642401474687,-0.3487285248559845,-0.8313098131969634,-1.4606444007075445,-6.124874000314918,-2.949102873273155,-6.533822164698606,-2.5912869356147237,-7.124708096464403,-4.707079991438194,-2.1204429799134537,-1.7603560048312932,-2.5203860136690253,-4.314668724660817,-7.180237800145048,-0.5566893845054475,-6.25995281842331,-2.007899821932666,-2.3317120164496012,-2.328565230231761,-6.073888006122497,-7.1709293907640435,-7.0748514656756685,-4.462055336455952,-4.06609995670308,-5.909973709338996,-0.2046675752929292,-4.107177655229778,-1.3061968155976478,-1.855146624099797,-5.298075751109509,-6.123064268550604,-0.2366506774710656,6.0,1.0,1952.4947137228796,0.3376784460119604
677,-6.398313275960755,-1.2947874051659154,-6.083706878631517,-4.690771963690537,-7.175309260118318,-3.8211967006903924,-7.038511441313266,-3.7261972439436675,-5.824406917494229,-7.411610187380605,-6.053504216779396,-4.8108280752096855,-3.9700300922547553,-6.149978908997148,-5.206873037824515,-4.781881773567076,-2.9814579767961993,-2.7439690906600913,0.12846480639368796,-1.199755650062347,-0.8311697732532388,-5.425951605477082,-2.4572476058178423,-5.540740042456582,-1.7006162522699237,-6.6988236470673135,-4.298954156784783,-2.699648816277654,-1.9407968182518895,-2.3514173491182437,-5.023244103792092,-7.765629687346882,0.09958268941701354,-5.268143743254129,-1.8113580480010258,-2.0890480500235444,-2.176037047537305,-6.547837960003953,-6.834115502877338,-7.445399202717702,-4.308552387211562,-3.929085350363559,-6.1628485348673205,0.3929640232552505,-4.304548847414948,-1.5790311581418113,-2.380452585127398,-5.1670095809946455,-5.650783116403855,-0.9260183399947135,6.0,1.0,1762.0191184133826,0.5120243392492027
678,-6.3448999935089585,0.2698521842290207,-5.718525401703372,-4.5666155714993035,-6.4377259211359705,-3.9661020585056415,-6.949339737013229,-4.154119573419447,-4.928200362537218,-7.439336379373925,-6.187985150224482,-3.9401442293698734,-5.1579998409742185,-6.461595420805359,-4.9966762526893715,-4.903324343110218,-3.414435648589954,-2.2833679046448854,-0.5245750566125696,-0.7682666130711353,-0.9948926828593306,-6.927454819881162,-2.403614040145919,-6.6533314958023535,-2.095930562902276,-7.125960562248715,-4.686873274579196,-3.1828803347743713,-2.0015877117424057,-3.196244364088021,-5.181648200300154,-6.803428196786196,-0.9129494731771632,-5.9886978402337565,-2.1274431920804617,-2.081428018899338,-1.162782338284997,-6.186196512962516,-6.722222607482156,-6.718152776398729,-4.475912290628442,-3.6100203661113324,-6.004009875710644,-0.7901678521346566,-3.8170977061113045,-0.85777799512701,-1.7460231909996693,-5.553862863052918,-6.012108941735728,-0.626040196665547,6.0,1.0,1694.9289549920165,0.7901417513796567
679,-5.817941559768476,-0.8954727093452413,-5.448437110355846,-5.228544297898718,-6.462750724984086,-4.325166919962361,-6.794624255118852,-3.703698722163377,-4.736275152134208,-7.818574085161105,-6.641529665744338,-3.2527131827133218,-4.022627574415762,-5.710932113154033,-5.178055699509036,-4.2891040258130655,-2.5772820758287227,-2.8056966704005646,0.0035415762981364507,-0.4563044716458827,-0.3755443366906227,-6.307180337236984,-2.9550140895320434,-6.731576983457382,-1.5656472247431692,-6.993568215183276,-5.215106167974403,-2.8430418039079823,-1.7646550140680255,-2.1506214759475983,-5.020062352495817,-6.6964328372443145,-0.25053814272098773,-5.803960646328428,-1.2175544345887097,-2.4464444629251645,-1.2491156356488111,-6.008885054495129,-6.599235790204475,-6.807246491286522,-4.497486384794768,-4.085860126847234,-6.312663982625565,0.6233282506978441,-4.357614728122291,-0.7405375565631804,-1.5847971075645069,-4.540894041160186,-5.613561518075901,-0.4951315281777162,6.0,1.0,1509.7249653090876,0.513746027492447
680,-6.819544747765353,-1.445184255984349,-5.893744151641118,-4.471931905790707,-5.680058310320547,-4.003109716039682,-6.412235893160568,-3.572852531664825,-5.6130172719545826,-6.125383150916895,-6.513050901823519,-3.807438594755185,-4.323247975055682,-5.978450589440573,-5.587250358029265,-4.629824139619308,-3.382548957765135,-2.1701409579937696,0.1490162006056832,-1.328321052241597,-0.7071210717789628,-6.265351846019722,-2.725681299584055,-7.334611593120286,-2.2019387278333906,-6.346630558701252,-4.232789647055418,-3.67517676773482,-1.447339171654686,-2.2934922817549177,-4.9794834218261474,-7.297986393441537,0.23621893068636812,-5.292130182544022,-2.0168688564176978,-2.43189960450824,-2.437757264041301,-6.306164117066537,-7.78015187857679,-7.089982257662078,-3.878544779495902,-3.8270557052143035,-6.3698131937567934,-0.8688122148282623,-3.967416184099254,-0.32365837072963244,-1.7816351337408332,-4.968512245450345,-5.681787517046735,-0.6169397791363437,6.0,1.0,1762.336101630937,0.22016023715873223
681,-5.752488169572777,0.12236695110773088,-5.122629063453251,-4.723195277294237,-6.418089508945768,-3.50260571609031,-6.926697289183768,-2.865989365005945,-5.327227284616678,-6.356960945524685,-6.3881949545386965,-4.422702261041398,-4.800482797267854,-6.534921953656967,-4.968532439356815,-5.500363476272053,-2.5798489787532164,-2.9034488791725774,-0.5271461789133152,-1.576761314500006,-1.2025037572574846,-6.680557755919117,-2.075837636195087,-5.322449096950375,-1.6985118228294624,-7.849637636476567,-4.491421270473965,-1.7837330995416416,-1.5363137334071444,-2.642699858871832,-5.049790178424998,-7.232903361787519,-0.5649441448114472,-6.192611941094657,-1.7141939589257849,-2.2486276665106706,-2.265059788616933,-6.174840100766401,-6.961213716150482,-6.378420643146097,-4.695766749240936,-3.4435455559796058,-6.253613456628416,-0.12433723417001791,-4.881372944517653,-0.3103692462901192,-1.0369146710311572,-4.883822672186719,-5.948444841369821,-0.404522145594953,6.0,1.0,1801.796218737018,0.05868577098969707
682,-6.1912021518977705,-0.5744804196748128,-4.763895850423444,-4.817049813720711,-6.5708688576823375,-3.203441494922567,-6.4038539479642544,-3.865087363579452,-5.356563868502119,-7.589744827061674,-6.151468495265135,-4.011144940524304,-4.104167047729701,-6.849355533868833,-4.376746732830382,-4.050395617520951,-3.13037437355087,-1.905568540706235,-0.5184338817656863,-1.3037528161699827,-0.9736151039463723,-5.840334080519857,-2.7828036966364595,-7.048047350746639,-2.7534467968502336,-7.173571573924869,-4.538556588530644,-2.7642956205177915,-1.4459750435048626,-2.855779973082349,-4.953015750120414,-7.353740152497011,-0.677485335712167,-5.809568305027575,-2.2905183953418318,-2.927549695811708,-2.474812719910452,-6.142644866814466,-7.464705786100383,-6.1809645827857285,-4.648631531088208,-4.082118330224236,-6.503739970743741,-0.6745253649359992,-4.223783880693203,-0.9585233159991526,-1.9274031327988645,-4.321574673373895,-5.728969476928978,-0.7739161514586953,6.0,1.0,1652.2752616753894,0.4493904050700117
683,-6.8731823644063486,-0.2625066340658516,-5.435850073599073,-4.882055401590663,-6.52795621197753,-4.447149424804482,-7.597963419380546,-3.6687010485996203,-5.343187411863045,-7.890455250845242,-6.383808180149424,-4.210517512227348,-3.8633779732161067,-6.056857392473475,-5.054988543851656,-4.253101741254694,-3.8347196436508595,-2.2671410695909464,-0.10143914194701142,-0.6392697640827271,-1.0391711232657184,-6.793797591931847,-2.2501182637102684,-6.12229842151914,-2.372143585276314,-7.120616927477813,-4.2273673163935666,-2.2342152461142923,-2.1037613154508708,-1.4643983787432542,-5.203345302008668,-7.073737915306978,-0.5205079686076322,-6.35722048009756,-2.2498422458656835,-2.895856862437846,-2.009687143631147,-6.281859776722753,-6.908360691987218,-6.743280684769563,-4.35270882388677,-3.5563805465349003,-6.004994067230822,-0.056862147310211275,-3.282978851515453,-1.4634106208306925,-2.144122560508781,-5.852252436276734,-5.079516645842182,-1.1302027372143566,6.0,1.0,1844.7477485764755,0.4376645588710555
684,-6.854796459340789,-0.5116413422578415,-6.187471301891558,-5.9060076485106014,-7.296016529653366,-4.250924641994582,-7.5426225136417635,-4.145165417507112,-5.553269754804593,-7.6292003815671725,-7.074424854686382,-3.838012002333722,-4.073830941019795,-6.443237869722873,-3.7145986177699086,-4.058358307582628,-2.7527982057709526,-2.391566355235903,-0.02941049621986136,-0.7778800787083797,0.011317197364953735,-6.148020568169722,-2.2865671633362354,-6.676014064265637,-2.4601587152933995,-6.724362371755209,-4.825114159921679,-2.4035646494374507,-0.8460167426297449,-1.6162419302154376,-4.774554788555549,-7.2085554348019985,0.3058832806699169,-6.2565940556773745,-1.3796279907998885,-2.647852990796452,-2.5988677889639797,-5.715642925339357,-7.871242648500385,-7.105949366788979,-4.233785995318002,-3.4341437361319698,-5.357945299068646,0.6930238609949243,-3.895086342902999,-1.0546843937453536,-1.7974805802694174,-5.793075280336245,-4.899931427380438,-0.8768683169951792,6.0,1.0,2045.4897392740663,0.1965033774116238
685,-7.0887342816469605,-0.9931719314717632,-5.607933060886932,-5.064716807253061,-6.526448632580502,-3.4598664492294366,-7.327074575211109,-4.249901206718495,-5.543764682739198,-6.8415575784071585,-7.104128871448479,-3.1721214151048347,-4.550637843676459,-6.632788224735131,-4.391154045748113,-5.085448751868646,-2.8374940704002873,-2.4402642339607694,-0.3132841326195679,-1.480304112224093,-0.8259734253696996,-5.51540834195075,-2.3334423966026887,-6.377003506762392,-1.958373838703783,-7.409478117502921,-4.574202887034758,-2.6072887067499932,-1.5497936500230365,-2.864829162831321,-5.059918884433152,-7.033447046783461,0.25816308036093877,-5.902022539719282,-1.7529085057217693,-2.820379950964062,-1.9767648466195107,-6.301019257678884,-7.468738611300275,-6.998125905314892,-4.587823917421256,-4.281028257356285,-5.240688850141427,-0.20423581353480924,-3.7603780582367694,-1.4773170137296243,-1.756573880407571,-4.749763581368488,-5.221654982472887,-0.8281142957195798,6.0,1.0,1793.7214591741422,0.4453343885941927
686,-7.692042931267236,-1.3016814958119434,-5.410440758804691,-5.536841262071376,-6.562216511822399,-4.007860414005987,-6.874950869633315,-3.9258089598573274,-4.615163273311381,-7.356512915584891,-6.571672953409737,-3.805935314887079,-4.469236431242657,-6.13027254557518,-4.985753535088672,-4.2005521834727135,-3.4041051007886893,-1.8839086041005344,-0.7665775035481384,-1.5074575820006193,-0.5143283816447632,-7.003075713333362,-2.023382358795627,-6.83311504565043,-2.9775787712944823,-7.19499152475595,-4.501077383490294,-3.0516419421664414,-1.994545546078728,-1.8488192854290921,-4.70193278433409,-7.78667848512681,0.041365677436995596,-6.497749960459935,-1.9267333608626516,-1.4535588869656144,-2.52713755057442,-5.463238640913287,-6.672599426570081,-6.910305534992507,-4.159218451636578,-3.3474041410611584,-5.728451638161332,-0.3162729705149723,-5.0028053436621365,-1.2813911113526004,-1.4737038173125212,-5.985311594348133,-4.340849877725429,-0.36127482913750664,6.0,1.0,2126.1479540791597,0.05449001392526594
687,-6.798192964694938,-0.45667805146172774,-5.688822019341599,-5.170784719506338,-6.773414950951704,-5.051433860533482,-6.827898317245734,-3.4991853271293047,-5.2252847443091195,-7.516486673562163,-6.485546816120927,-3.828402760673506,-5.044136580079958,-5.701364310858722,-5.407996287113732,-5.5440652289584715,-3.1651643313055353,-3.325234366446131,-0.8518105663964315,-1.5017794953122128,-0.855420214645672,-5.8972906014764925,-3.24984709918694,-6.333384501648299,-2.6301017128568627,-6.756876381832127,-4.243279063687597,-2.0153753151834666,-1.5220667749599734,-2.2549510092890346,-5.3413996883447545,-7.444725107318039,-0.34872643374427414,-5.9015837959849184,-1.5793537423534592,-2.389000140419357,-2.3127699974623885,-6.761270460327043,-6.826034340647661,-7.067481261859455,-4.0101868404776395,-3.860601981828843,-6.436162872507695,-0.8173951504390948,-4.232621645126619,-1.2440045088531146,-1.3779794808026304,-5.482622583846066,-5.650098030415059,-1.6756768365312058,6.0,1.0,1971.3188992234498,0.6227690744035305
688,-7.046352232900417,-0.5374116366384531,-5.6739666027070825,-3.7910820788761033,-7.042904612218324,-3.2522116376548857,-6.83241080717556,-4.154062339457193,-5.333733846413788,-7.164038058190076,-6.544355822140686,-3.550503179743964,-4.283446602834288,-5.569693071252346,-5.038775910317358,-4.634639675692132,-3.2796655630468496,-3.074702839375188,-0.28529494855836424,-0.9615232511020999,-0.3313261007695494,-5.968005701826799,-2.189589733702297,-6.927775257826869,-3.084362122125657,-6.673748398971897,-4.107564051830716,-2.3123123849006566,-2.294770883227099,-3.538278446720586,-5.052060722073116,-7.2573863095260975,-1.337979867111222,-6.287087707955778,-2.1549688746470186,-2.5785584653190265,-1.829543161108212,-5.757817543524029,-6.797185584495495,-6.913000980876835,-4.218445131608737,-4.532043917376817,-7.2200450001130765,0.1056385361547787,-4.638589663779454,-0.9672622733755688,-2.463448629300662,-5.283257044682767,-5.626680939778504,-0.3298423533820825,6.0,1.0,1780.1403163135208,0.6379921083152533
689,-6.246534749521045,-0.7747646309476812,-5.48448099418793,-5.427470573928765,-6.649158364126686,-3.8352578099402668,-8.027840957758272,-3.6578751279825226,-5.071754926869498,-7.320722690527033,-6.630392764019608,-3.7464204564039614,-4.462309274794602,-6.287521577896471,-5.375256425565774,-5.078049876032123,-3.01435527384156,-2.0553248324578806,-0.23923873930080836,-1.8915854009016773,-0.5851022010218281,-5.844435741405597,-2.4455645899256426,-6.470054096586771,-2.458477178805543,-7.346143136089693,-3.962865964674288,-2.7871109925634343,-0.8425710710659545,-2.644819904728577,-5.050228826372284,-6.102433892755161,0.08769754844337457,-5.514943384639439,-2.2835038399173877,-2.9327048907070714,-2.2361117173567453,-6.14015242516177,-6.965740802275501,-6.347630504460303,-4.4469416088194675,-3.7705046199057093,-6.303081916949782,-0.0915289316352997,-4.71919796203705,-1.1372783259132417,-2.3843748760603676,-6.020922184737055,-5.9419209603190675,-0.7349415851552233,6.0,1.0,2031.2918280528067,0.14535830876298164
690,-6.6588323301574395,-0.563118718034088,-5.5800622143217975,-4.929638157474058,-6.621099312822557,-3.9281786636537226,-6.481931576154556,-3.8905346844979998,-5.330955763993825,-7.407797164742564,-7.369046884747302,-3.843585517356635,-4.5394237855084745,-5.308873973732177,-4.802502517672843,-5.371162630106875,-2.5958822705415887,-2.673222523963249,-0.42435759325688016,-1.3230325641988239,-0.6969609054879256,-5.874955403383611,-2.8944331099165153,-5.770832045477732,-2.7069802946012853,-6.768690325933864,-4.671010619329148,-3.2032573594241183,-1.5719361605234456,-2.6288164809807166,-5.332052348989561,-6.743867624307025,0.8447217680616397,-5.933461393874205,-2.267184479021176,-2.575248720848174,-1.8258451720366542,-6.3103168838567445,-6.559677067669768,-7.06201450422847,-4.260799440031589,-3.6966190028459645,-6.180778851113995,0.38330001116606727,-4.6659033304513,-0.6678421345985617,-2.2887269020316925,-5.03012483147483,-5.875800699382883,-0.7906677710057811,6.0,1.0,1681.322050254443,0.6103723709648214
691,-7.019017193973325,-0.8265354897428353,-5.971807630882142,-4.602441234217246,-7.17914869123356,-4.527990870305599,-7.023409390476056,-3.6374293191869684,-5.246232244732047,-7.304069926552495,-6.545585942435157,-4.075781959050509,-4.469014883423206,-6.005605535684019,-4.708232024925437,-5.303878739784587,-1.8994576266951844,-3.30575815844,-0.5223696410155617,-0.7676896338740877,-0.43081486614413306,-6.386318583431227,-2.125035514098987,-6.410231377842652,-1.9342038798886707,-6.42844039933398,-4.714722387361185,-2.63466169562113,-1.7910346368070489,-3.3370563412692222,-4.581065876156504,-6.874690458967729,-0.10446783498054601,-5.0288446795427815,-1.999849244251311,-2.233582422790013,-2.1023221375424237,-6.762575030770328,-7.644210821912186,-6.697687412974248,-3.883799030068424,-4.297959469026451,-6.317400052659037,-0.2672099440251041,-4.319879800078626,-1.3836963252405883,-2.014026982114245,-4.774735203402895,-6.561486437508753,-0.8986089795440063,6.0,1.0,1872.4204868187137,0.5151619016739516
692,-6.046012639242086,-1.202922024177031,-5.574216631324169,-5.364112892191946,-6.103083586256134,-4.541346836783354,-7.472344367346689,-4.117738286335462,-4.673998717582259,-7.1576158942891706,-7.358628163462833,-3.920223013286993,-5.493977423173922,-6.802305348239756,-4.391926793548553,-4.822468537594752,-3.8192553679886907,-2.387564660755933,-1.1969085757206972,-0.6516668501219511,-0.640044867726588,-6.4444693682913305,-2.099266421486176,-6.505597874779319,-2.750652935869373,-7.28161061808598,-4.09423687745493,-3.2250271821833025,-2.1447864917231065,-2.9748197600937045,-5.200765725767762,-6.930468778647986,-0.2513255740712351,-5.654525670416698,-1.8736760670941381,-2.9320997829081166,-2.0880921001655244,-5.536057043125384,-6.297762226286265,-6.9381078840520605,-3.6606699562761404,-3.8286102035487857,-7.11367661244234,-0.6355314215518941,-5.0164622076480585,-0.8296092499373435,-1.9537899810540202,-4.571376962107133,-5.982405204588184,-0.8349648759481624,6.0,1.0,1898.383991044148,0.5875857120928324
693,-7.089637404263343,-1.1801398882514327,-6.133352203611636,-6.13511120539404,-6.246568949076403,-3.381718089712777,-7.7172452962167934,-3.5503465370733505,-5.83579828623429,-6.92137670766479,-6.321898378410331,-3.381783327093242,-3.962895130807904,-6.075466693098088,-4.3087715432552915,-5.223730808288474,-3.0026369287177883,-2.8431375778333705,0.03231795793522241,-0.6678979539139014,-1.2158762723448622,-6.19196374995155,-2.546708685478009,-6.37652485180621,-2.6817528275450377,-6.4475681693477025,-3.7613248775156642,-2.9628133056950077,-1.4633008522483135,-3.3165219513114907,-4.690934606920319,-7.17799080972815,0.9422908787706545,-6.203261537845125,-2.714826649148354,-2.264151648543262,-2.0931547347945956,-5.517773664836593,-6.687450663990721,-6.319674737470775,-4.272134227661422,-3.7348287044482804,-6.079441465314154,0.0029389244164828854,-4.473808728296603,-0.32741330647243794,-1.5639137872565927,-5.695562604296979,-5.6355058993097105,-1.215936652301302,6.0,1.0,1714.1459429262534,0.4827842730520775
694,-7.332099868759199,-2.111933171617003,-5.933328080684451,-5.162078982918616,-5.959588326841623,-5.521548299313554,-6.442180609264677,-4.328734831209429,-5.528355005188331,-7.439176991046003,-6.319348732735238,-4.014950865711009,-5.087676923598777,-6.118444788294146,-5.13711804778081,-4.2174246466918,-2.3260830899673204,-2.831648305881026,-0.7341879436732965,-1.6404501899746662,-0.6502037844262027,-6.257064033526507,-2.852861854964437,-6.10347898973585,-3.253291603788895,-6.994422177344127,-4.8915827813494905,-3.3789960128563026,-1.213969950521781,-2.178757959422869,-5.094226695888031,-6.126367838528816,-0.5941599566282336,-6.397337083466956,-1.5138360713987642,-2.0669440234356364,-2.415890490259592,-6.491113620259772,-6.868711957585375,-7.909590838848508,-4.85003301333323,-4.456910928330391,-5.844043452268594,-0.5614482846441264,-4.528392782540055,-0.9296461168094442,-1.228552147402743,-5.308522819779833,-5.238833891209996,-0.6007946550351964,6.0,1.0,2175.267216468053,0.19712143766371348
695,-6.039869837385825,-1.075203685359971,-6.3348225992868965,-5.160415034936219,-7.099726712212468,-3.5934458211414815,-7.374304577619461,-4.974740922657185,-5.301441806723364,-7.492140651858779,-6.3644925339251275,-3.957400887193085,-4.272913008391735,-7.3380218089422256,-4.5488015655995,-4.810727095003415,-3.1980485043895963,-3.2337724561424723,-0.2948241242442724,-1.7864388177786006,-0.13205810978614752,-6.475015484354547,-1.558180167421148,-6.02015488959692,-2.6820024629602788,-7.309750751581827,-3.9067759886143207,-2.3571406344319548,-2.4213697741317937,-2.097521333652292,-4.815238159512269,-7.460479997614154,-0.4638159230455339,-5.553597795860064,-2.4894660101777797,-2.592007731353415,-2.4143108590441877,-6.365274267867654,-6.986961558797642,-6.819908933966698,-4.401146097822115,-4.777184129866739,-6.071361944899314,0.27867141021352965,-4.006333918638147,-0.2809130577120541,-1.8883208841582007,-6.054465852484729,-6.069277828343757,-0.7412832164888596,6.0,1.0,2269.7229193787734,0.2502109810438813
696,-6.9224279925884415,-1.769400072194019,-5.410047698297932,-4.816175319218099,-6.155490626336547,-4.399294181293833,-7.081217127040666,-3.1562512540779633,-4.846625822589732,-6.947688794692314,-5.633260870004533,-3.270979069397485,-4.167102952037934,-6.244922141640581,-5.889470344977153,-4.842454749596077,-2.243270934746144,-2.4438820106837307,-0.6614919665047934,-0.8999850481077045,-0.48689957468284595,-5.840968495839029,-2.1812889805594264,-6.510762569870566,-2.8088707401024853,-7.7919279818544,-5.0840536035276624,-2.5433881741481144,-2.0816510239951733,-2.4887428563153717,-4.650247580077055,-7.4251162042775505,-0.641455822261068,-6.251903310238487,-1.8465237005106223,-2.3016839171079067,-2.321708047413457,-6.342703638484122,-6.485464126870021,-6.721840312189805,-4.569501896127407,-4.3098466512971925,-6.271052999800928,0.4542746812302231,-3.6852599069250527,-1.0003857735912192,-0.9718534740565947,-5.2086730169407165,-5.314792809184069,-0.5913129590186594,6.0,1.0,1559.2018882485843,0.7314956206697855
697,-6.797583343693222,-0.882896679207284,-5.349837009761732,-4.403187762002552,-6.319696667073275,-3.9539817838102533,-7.220992545863128,-4.067091673473404,-5.21043855953025,-6.945439229705548,-6.630396863437062,-3.812086713464588,-4.022967976273862,-5.669316603438339,-5.014611353927758,-4.827992516679553,-3.0162526227760864,-2.872905048538625,-0.5779406015827793,-1.3860567835019446,-0.20797397530844686,-6.286732983599386,-2.66385027743723,-5.932710576482271,-2.7953151969707424,-7.314545013256373,-4.110337743967031,-3.0834496841670336,-2.0195720659816394,-2.255340384605598,-4.368703667103869,-7.153376457618004,0.022106308784124673,-5.075846271161201,-2.209725912995643,-2.4636034759844025,-1.7893043440615222,-6.040437611789607,-6.650859921010641,-7.56873123492622,-4.750203289829199,-3.539804038884627,-6.4273142245761035,-0.3738422736241073,-4.389807973341497,-1.5683496921916773,-1.6309227954917207,-5.296949087955065,-5.5778795096348714,-0.3941627289197824,6.0,1.0,1631.8641626010906,0.5317412679898299
698,-7.046181006308407,-0.984526902077578,-5.791322705135649,-5.141410401450351,-7.058534028151205,-3.3555709948756887,-7.925745432934583,-3.3377738555182264,-5.017086944408793,-7.699604594668872,-6.010918466376971,-3.620235612638042,-3.7903999673314526,-5.97168014451712,-5.178637130613097,-5.591411307393484,-3.098804873152931,-2.581892611138278,-0.13613560435093802,-1.5572945581446809,-0.9934472418764085,-6.248751790401802,-2.114370444697666,-6.5787458114612765,-2.1155167478111156,-6.648929364195334,-5.278464267540729,-1.7738601324242453,-1.226863156267347,-1.9725312558630348,-4.982107215234912,-7.423956345446501,-0.6866278171463028,-6.018879966112398,-1.908873015246433,-1.5378287808437505,-2.451417001953595,-5.86369964425983,-6.7623943751380216,-6.28627321560094,-4.0851008596009075,-4.294559256404398,-5.700182391652983,-0.13063737466194802,-3.8837681317519333,-0.5418654918216093,-1.0515933943018365,-4.625328261599087,-5.9210937680535976,-0.11025049406320042,6.0,1.0,1581.9335828858805,0.7339571638183864
699,-1.3720326484333336,0.8088401699697831,-0.954086934435006,-0.19314836795413148,-0.3677389407682048,0.4461648444535977,0.3323224163242502,-1.1419645175344542,-1.2449075999836916,0.8083918957106495,-0.11672932063943131,-0.059788524640394414,-1.5953824447226443,-0.5592555493317457,-1.888435576373646,-1.0502938344160127,0.23556227197253454,-1.1871287389472016,0.2733413190958611,1.3873148720460153,1.3635136388287648,-0.24797870471286831,0.7882421127082888,1.637900880719115,-0.6812156932299152,-1.2577254912939742,-1.0678910949777287,1.3340282670552566,-1.9576757276232453,-0.9758775014640628,-1.3167835298132577,-1.9383428379757803,-0.937551613766364,1.30913257713026,1.3383182473397763,1.4750055083102098,1.973259600467021,-1.7998099424399436,-1.563841970628296,-1.9355320485174006,1.5347057883860935,-1.1965637645452882,-0.2560646492489189,0.4382880213144382,1.2412088357033175,1.7400102307188994,1.003320370566886,-1.8542639285695808,1.2176072685731167,1.9390714357310639,6.0,1.0,1.707564857787595,0.5494874419605777
700,-8.642361463800407,-8.698139323330958,-9.038366492616165,-9.24988290826629,-7.955866815402873,-9.184835846976245,-9.42477676158316,-9.6918432411012,-9.012831911054612,-7.300519104587079,-6.958210342580315,-8.48711464947607,-9.094260990454057,-10.921661112648911,-9.526168823926715,-9.427281297760874,-9.698350869058174,-9.953273787275295,-5.825672310190281,-6.400599745528769,-9.657641613453713,-8.287163055693592,-9.115794282755358,-6.305065583716256,-9.501093348629905,-8.161769871601262,-7.862764964017101,-10.167747724899556,-6.1364117465930805,-8.262076151573686,-9.758219927247564,-8.18284375854784,-9.32197419536443,-7.80264570081664,-5.224573058822929,-7.417123288203996,-8.985664886616059,-7.2696989055316985,-6.392731873889438,-5.624814987042919,-7.7229875083203945,-9.35400756829053,-7.330647079888704,-8.900062383371106,-5.391516188656629,-7.752553106770756,-9.325110914336342,-5.1025468034807275,-6.1365482089414245,-6.991930174171039,7.0,0.0,327.74644084687725,0.8857681140314778
701,-9.115994289442742,-8.392532103057508,-10.207933523352837,-8.313362233821191,-8.64880092143256,-9.526933836068812,-9.434058005231504,-10.280336427801053,-8.54842820652605,-6.40090522130502,-6.201359605537447,-8.191345427820943,-8.623721035788531,-9.313443786565243,-10.609316674374158,-9.442841139394492,-9.837370324267177,-10.695163082511463,-6.069311079460903,-6.243869730878839,-9.695283938899102,-8.908195618546971,-8.451350651683226,-6.406115900064321,-10.161655014683214,-9.228194688746687,-8.009767118443218,-9.791889838079957,-6.359773140735922,-8.584361610882922,-9.313225816199608,-7.55468926775448,-8.245629249846827,-7.559789416798753,-5.632108041868452,-7.593719958589901,-8.56123277742801,-6.741180229167379,-5.602926041729688,-5.347572417704851,-7.402153550896069,-9.932209211492737,-8.190188884266606,-9.364602695600063,-6.367666573523717,-6.832737137888841,-9.344913769157992,-6.197881212467764,-7.346119224520054,-7.08231555807283,7.0,0.0,341.75693456808443,0.8568732910413233
702,-8.889899682743057,-8.381862941325053,-9.370598631223238,-8.09856086455034,-8.574115178335612,-9.611244206930747,-9.86749967952178,-9.866471621674627,-8.736994400157014,-7.014603699831918,-7.116263877947937,-8.324388783026746,-8.804244920737444,-9.904620092044482,-9.148240101566138,-9.142061726286308,-9.800761038127042,-9.244762216482409,-5.854737686796543,-5.161676347846247,-8.483213615031651,-8.72131665774856,-8.192846424232386,-5.977430422006418,-9.678812306792016,-10.251869012806871,-8.720007811679029,-9.915969501014338,-5.842542672867642,-7.93859623879537,-9.171686292207083,-9.058466531413956,-9.026326559019415,-6.530913296975806,-6.285711663984403,-6.61332298329128,-9.494483789134868,-7.029427373693677,-5.342458811275555,-6.836204449775981,-8.138471342834036,-10.074274046763769,-6.7886678107444665,-9.28772314402555,-5.6002011084972265,-7.604167228453,-9.448617305294853,-5.322264187475852,-7.1524475223208235,-7.388662291683498,7.0,0.0,328.7201004892036,0.8438827223570737
703,-8.8672351059488,-8.442960663649744,-10.375757748327887,-8.596043313382802,-8.64667213857571,-9.442792784887429,-8.948441004308359,-10.716135437640165,-9.129029319338228,-7.094577793890509,-6.789953965845865,-8.00191310289166,-9.621803140766751,-9.334736357633817,-9.149934050837155,-8.972637075324487,-9.481303894100401,-9.162709913128955,-5.580281146040741,-6.037027430235732,-8.502268878862308,-8.816469616763252,-8.313725522506811,-6.192288470508299,-9.877098169777025,-8.399167630046021,-8.089089308970305,-10.031081686443947,-6.7664127932305105,-7.202879703254908,-9.01462647878966,-8.177677317234147,-8.710886874823252,-7.857617792556675,-6.079557758721238,-7.240944817545242,-8.833084681373778,-7.623979879632696,-6.080791421902844,-5.932503766399254,-7.126380608436943,-9.561776373132448,-7.3183083647592175,-9.03741421139623,-5.629827402478619,-8.028580108326427,-10.296982106076976,-5.409106482461033,-6.743618426415114,-6.092582289826309,7.0,0.0,296.5062694039213,0.9682076461444495
704,-8.287632558818993,-8.523767551815986,-9.913283705177337,-7.760418898311046,-8.54338271678357,-9.817919359352521,-10.181662205382313,-10.238946903619047,-7.937560184438153,-6.499607922836454,-5.740956564189737,-8.302048193113581,-8.726871687898953,-9.933468211307899,-8.540048929968487,-8.742804007880077,-9.698409334331147,-9.328037953088625,-6.2410082285421895,-5.822664238341436,-8.885789645000965,-9.640246634350966,-7.837267769379052,-6.974836136394124,-9.8830553477852,-8.868465510350537,-7.94314207932795,-9.356983436176158,-6.757789947184128,-8.178398090601561,-9.517252315438743,-7.558027865627237,-9.046525102495018,-7.904932640519711,-5.51544983824586,-6.721639628467717,-9.948907326453671,-6.87321088152325,-6.140624597413128,-4.876254166921054,-8.190301687384597,-9.876447494517715,-7.031415297943689,-8.719125990689244,-5.8307630270009145,-7.465469541240176,-9.610935878678147,-6.0653055965268114,-6.280792678350417,-6.2216778410606395,7.0,0.0,310.8350666996266,0.8354242820147133
705,-8.373424581299265,-8.086007445643412,-9.645814221240043,-8.17171623937771,-8.828334698467598,-9.21015132837875,-9.431617180584793,-10.0357075865678,-8.365767549990407,-7.468753867324005,-6.250663833523094,-7.662303979138315,-9.40859582382635,-9.254137836895557,-9.05674042771642,-9.21802687180315,-10.358635497422725,-9.080470878416625,-6.43891965686553,-5.913679824552243,-8.613943634660597,-9.36853523363824,-7.80248630180656,-6.656027478925311,-9.648296371086289,-9.299806060945295,-8.934809014406529,-10.047384228861366,-5.830141437893526,-7.895739254711228,-10.16551864751305,-7.301874989120278,-9.79564075702742,-7.291601700468392,-5.538452678045506,-6.990911351541782,-9.25813361518261,-7.374786824178427,-5.822112738941745,-5.864944388431071,-7.541326816014391,-10.01210615103336,-7.50955758528957,-8.864426741356102,-5.3260222501426595,-8.208479035409043,-8.802086068151889,-6.744348521990294,-6.641930173663288,-6.992219199641596,7.0,0.0,296.7762457118168,0.9769976753391724
706,-8.648869231257201,-7.390964531730037,-9.940312922710058,-9.851785588648193,-8.596068624569465,-9.843315963087063,-9.04008746507569,-9.968497555573983,-8.232865028721386,-6.940764175495271,-6.49811042721765,-8.158815959556978,-9.200296426090862,-9.135977576290344,-10.676209857853665,-9.762900075465343,-10.461648573074793,-9.733780555289002,-6.017387534214558,-6.373832232494819,-9.022887184809402,-8.653444066026609,-7.5480924509145195,-7.0528897514003335,-9.799666929263573,-9.461870700418414,-7.95060318082198,-8.872838986143455,-6.264503578535626,-7.821773236813455,-10.199444797998979,-7.497533556673878,-9.308619781305808,-8.218443333611049,-5.400652717759163,-6.854229281064621,-9.493664911412734,-7.146605694283457,-5.664106466997561,-5.720649306314983,-7.490572963873492,-10.039506773729693,-7.823361799441899,-9.083164740161314,-5.9306619552172855,-7.637756540241094,-9.773206287656489,-5.267233139667041,-6.7634850255787535,-6.90563859224357,7.0,0.0,345.4465498652209,0.8086264199146314
707,-9.292241670437372,-8.838499153226193,-9.54485207701374,-8.672925124441736,-7.484734558476358,-7.890572570972165,-9.22399687884622,-9.717142002213539,-8.998270462961806,-6.350684239876998,-7.446845024784996,-7.6041641637111645,-9.100050268823797,-10.517584770980708,-9.299483274754646,-9.557765687708034,-9.2054170773535,-8.952476606907515,-5.999092662297981,-7.050162603106878,-9.310594654103129,-9.113098167712469,-7.540194985540295,-5.993815644734986,-9.07687496887281,-9.248158544340146,-8.269977478678713,-9.470082775938858,-6.187077891568951,-8.352614207693918,-10.116175490737989,-8.266243896093377,-9.390714051879103,-7.437113554493889,-5.968724952026937,-6.870859444385234,-8.402388186485828,-7.680460173417198,-6.341845351151065,-6.014866927026505,-6.250466964043984,-10.114423840483479,-7.096917780565773,-9.581566949899889,-5.874645821978125,-7.297096352675276,-9.575088747170728,-5.426756662861443,-7.323619362590772,-7.511475006051972,7.0,0.0,302.5369360544495,0.9443440344519815
708,-8.518927482718338,-8.749499043716721,-9.940493939136129,-8.19498832935349,-7.595650182629006,-10.027103560364438,-9.126118231584236,-10.215620831135771,-9.328177213111664,-8.107614221648067,-5.718076333005235,-8.003179048020826,-9.193856829238086,-9.281870897035745,-9.325231222604508,-10.425891642766585,-9.634996396625356,-9.192727449029746,-6.105845542708163,-5.682035789926415,-8.907178435479095,-9.700372796874008,-8.818594199229597,-5.934643195121522,-9.870015462729928,-9.417537892100217,-8.505431798093076,-9.76000315697745,-5.601231066458274,-8.435478831589812,-9.563369046639256,-8.432745077700378,-8.398967524942195,-7.389390342111496,-6.347375554774804,-7.21681369446121,-8.86299522191853,-7.94723855072807,-6.514862285301159,-5.45330100201622,-7.662760964942152,-9.47664601913366,-6.648829972008723,-9.963605354889202,-6.156790560973217,-8.526067697715948,-9.970815278598149,-5.744687479602338,-7.046636892831426,-6.735828758763374,7.0,0.0,354.28930954197193,0.8166834162503573
709,-8.114902385434906,-9.205638282543738,-9.002311679692736,-8.379311972440862,-8.88769556360815,-9.77937550536401,-9.74704853517848,-9.856570461710167,-8.20042161232365,-7.604727871055813,-7.381259792026569,-7.527685101447548,-9.168635302290282,-8.858519480187262,-9.5130633506794,-10.022256654835948,-9.113408466552242,-9.505954745085326,-7.177899534125376,-6.460736502785221,-9.37359966299444,-9.137191045287258,-8.23867142499627,-6.739051006735378,-9.418414346209513,-8.652677530037407,-8.747095921033146,-9.84434941142,-7.122118708952647,-7.21725235284169,-9.39698338817574,-8.472793657564976,-9.018822820637881,-6.9886412226514985,-5.98001561676978,-6.831947361721373,-8.330142255835726,-7.514170239395824,-5.860013172439164,-5.313775747403355,-7.414998930669263,-10.174827646155817,-7.569245728503692,-8.913364754976246,-5.746306884702793,-7.960270178866703,-9.08594639263462,-7.290364602924111,-6.452974665839372,-6.5505738135957206,7.0,0.0,332.1566948793009,0.8267421806609738
710,-9.351205202289963,-8.690943541585547,-10.158348213656655,-8.854491860809505,-8.892631324844192,-10.037366014485926,-9.304730869740995,-10.17897064236413,-8.249034049712932,-6.642431776588735,-6.509172768209221,-7.648078525289195,-8.810907361064428,-9.432843517819968,-9.471448812637083,-9.101688399718006,-9.887301147752627,-8.916615342177936,-6.291850674792774,-6.1060572941625875,-8.694477103326841,-9.108977711968208,-8.090031132169619,-7.263687597219079,-10.403506648880056,-9.102837935540283,-8.71640501706909,-10.14514225953395,-7.942123219376486,-7.982803578883604,-9.758335828048805,-8.821351644845056,-9.182749421972066,-7.776747953046236,-5.997195564290866,-6.13782867354943,-8.98094998737363,-8.033649890165465,-6.424233711914607,-5.684715759687504,-6.778551207721041,-9.763652050547426,-6.278462444339619,-9.504448726475287,-6.134427928135427,-9.075348754398087,-9.043117618531687,-5.612879299758832,-6.512336801163253,-6.675265463992942,7.0,0.0,337.10784623201386,0.9284114356233784
711,-8.029671174971721,-8.830929140979626,-8.847002141380482,-8.166716146190412,-8.811444767584685,-9.655548200034845,-9.523252133264734,-10.347025251526007,-8.176809240148616,-7.119056988998609,-5.602489498502554,-8.132563002325172,-9.23687445471521,-9.756104969111693,-9.662866471565202,-8.701655654661588,-10.03664582931514,-9.12702119049537,-7.143700926942957,-5.8933997525078174,-9.078869807781478,-9.212283015563534,-8.416982794768517,-6.417039344227877,-9.365790801687591,-9.074701520080993,-8.082078120350227,-9.956089927670785,-6.652824237048612,-8.28130937250228,-10.386107009304753,-7.21696127456796,-8.706999718640182,-7.592521273365985,-5.405141086100082,-7.535256701172127,-9.373929930902714,-7.702702776235634,-6.175222392616012,-6.20065888710447,-7.422367909240382,-9.984877684503635,-6.206899378562149,-9.151272795485138,-5.229686348626857,-8.490268553718453,-9.29145216004979,-6.026459535705666,-6.086315687958252,-7.027441870615541,7.0,0.0,294.0749807078,0.9836276979271137
712,-8.254578353619621,-8.267618688901216,-9.692481194113224,-8.331926020582133,-9.143090108221921,-10.773543203937452,-10.274574171790839,-9.65798466375609,-8.89542398999988,-7.418464397599955,-5.551272777962838,-8.077782621054903,-8.892205173819496,-10.078611632838177,-9.983816892428173,-9.138560274127773,-9.841894616632818,-8.904052566658777,-5.886942147792161,-6.346674092664937,-9.237172541512644,-8.379119445239445,-8.472471614701034,-6.369514368566928,-9.70019192879,-8.737667968645866,-9.634821645723596,-9.807410792693341,-6.688516274479518,-7.873241866471369,-9.93794425707467,-8.111564640890993,-8.66417023649327,-7.7879261730919165,-5.894523385381096,-7.90974996698688,-9.192083651396226,-7.188275180112335,-5.058661354828326,-6.385607223384987,-8.22573406103071,-10.206517918874711,-7.7602373871483366,-8.857124458445012,-6.926816469159726,-7.853150370567288,-9.932999160746075,-5.749659842884704,-6.822562125278779,-6.10833065371159,7.0,0.0,335.3814078322862,0.9554322975082787
713,-8.660112531442534,-7.990693391864799,-9.936926888160308,-8.245352860354219,-8.836193192740028,-9.215226666831633,-9.58546516414258,-9.879279279433689,-8.805462130473865,-7.235202589317045,-6.18634944201305,-7.6078676588306795,-9.35827178443722,-9.186453228273896,-9.736329518991367,-8.995287943981644,-9.591172442715985,-9.991574907079901,-6.210977992306606,-6.093214306518724,-8.597051079544833,-8.850956173706162,-8.157884884164984,-6.104419882251044,-9.420969520530583,-8.56075244579311,-8.041081108621581,-9.563484102648012,-5.761974679462729,-6.960521765208679,-9.11596629143945,-7.7464286208149185,-8.435209784431061,-7.35728443233908,-5.7770385629995475,-7.309392859254221,-9.391255921069744,-8.43810279612676,-5.662871233714461,-6.465870516325625,-7.109779452694645,-9.747129239077758,-7.204426348976667,-9.913721674892408,-5.880152066626725,-6.9438334967931095,-9.5154874035246,-6.667200755894644,-5.235217202375468,-6.897265649500081,7.0,0.0,282.00145854735547,0.9707386751255864
714,-8.354975617522618,-7.967047928457349,-10.992778207360868,-8.71953850985297,-8.489139371337576,-10.119205110761165,-8.98261198779966,-8.675209998677634,-9.463049282132692,-7.861802189628518,-5.834386762214692,-7.261573147389776,-9.276020401078409,-9.920140441888988,-10.211549363498515,-9.165457359212997,-10.825742413224999,-9.384666077699151,-6.528428959693702,-6.281827063737748,-9.94310843490263,-9.269239483216541,-8.508786739696792,-6.99152214007759,-9.024094003377812,-9.056259825802524,-8.400313308101339,-8.985639566999698,-6.608570711182789,-8.087128606412776,-10.299292135117613,-8.398153747462276,-8.794768817574463,-7.3395031297886115,-5.378490106700769,-6.911132060477492,-8.93219570224999,-7.167570870881701,-4.997558588923145,-6.456026101039498,-8.336555196447081,-9.751549346928787,-6.941168792746637,-9.556064480537527,-5.7005666566974895,-7.734736078073453,-9.80501238276758,-5.346877108387899,-7.043725082312876,-7.055452281706603,7.0,0.0,332.5032018839202,0.9413926493032905
715,-8.743135588197628,-8.288258832961423,-9.630633908809358,-7.921719765240762,-8.097754052811059,-9.936287628394489,-9.219044847049672,-10.71340218662658,-8.687967587257388,-6.834251344947449,-6.4696208543373634,-8.544505327866425,-9.008190663162198,-9.367706884352268,-9.158466602472995,-8.937347590045766,-9.471509503823574,-9.228702882805255,-7.184180149951132,-5.189755497951103,-9.691337130153766,-9.706629061273697,-8.431560923983906,-5.46276941512563,-9.518886728367583,-8.476192087648082,-8.306747270118267,-10.112657084313671,-6.091468600039636,-7.509998590469186,-9.518312888845944,-7.139160669114345,-8.834515744012947,-7.620592413300019,-5.4496820078973816,-7.392106965811934,-10.193501320711288,-7.218655649824231,-6.626112409403046,-5.598274176078897,-8.138421045739218,-9.552288289130136,-8.347731485946634,-8.683650614872182,-5.683384093151903,-7.646161562595834,-9.33273784133739,-5.824363808371567,-7.374663621736975,-7.094395437853794,7.0,0.0,313.0938013680386,0.9381006383702329
716,-8.410637008765915,-9.394171308114194,-9.783025752138908,-8.328575172034647,-8.240129725648398,-8.935963865157762,-8.992253695674341,-10.277144832254576,-8.610410317641339,-6.67755880314989,-6.068017981366672,-7.982242283756013,-8.123705819733734,-9.502092206625463,-9.370604613835155,-9.589853007539652,-9.115122835095756,-10.311122496683893,-6.755811481343428,-5.8189308316596104,-9.808517438193205,-9.564387083449267,-8.446528576172867,-6.168426017537511,-10.011769985196228,-8.506932424253387,-9.340489882827805,-9.537876348487986,-6.138901055071164,-8.589143433264885,-9.574059071003557,-8.203223185213426,-8.949873199861713,-7.354390783006059,-5.786812663536075,-6.761325982741511,-9.269557618665262,-7.336408973919443,-6.578032687854755,-6.518825319171953,-7.3004413096582725,-9.729638746847742,-7.351143151245663,-8.999202599759792,-6.243496448548285,-7.949916665630702,-9.948545926017877,-6.108943092836728,-6.502308457582806,-6.570299902915633,7.0,0.0,340.17092769437335,0.8286696268126118
717,-8.45632806049384,-7.841472216739638,-9.787272726635301,-9.073309592772384,-8.645430290414456,-9.549016261329605,-9.718768689790034,-9.635883590416572,-8.037812909948002,-7.359752700462422,-6.630046687740051,-9.136530340518663,-8.837463885860675,-9.38433884417447,-9.472285838053875,-9.637009410564902,-9.930247603311333,-9.36646027085675,-6.051995466045494,-5.510558461702269,-8.518015924433861,-8.67286255226212,-8.376570188260878,-6.986376246178181,-9.983887467934755,-9.577330469654372,-8.109043754527137,-9.690991116838473,-6.9031715531507105,-7.551819424215922,-10.013882520567408,-8.741515518750727,-8.539954993713623,-8.015424485824756,-5.961516535693702,-6.906274080106684,-9.597592812770731,-7.235733425221011,-6.230239323273379,-4.961401160386586,-7.465338472668007,-10.176646139755068,-7.207308143152053,-9.764098102233048,-5.560950475735248,-7.729178548959872,-9.007217787285946,-5.850129016110067,-6.811907446618986,-6.52069868026359,7.0,0.0,320.54699188120924,0.938960360840268
718,-8.697516394677868,-8.450725839008198,-10.296483091727286,-8.967598272836945,-8.194435479412828,-10.2156231261825,-9.689737988427764,-9.693354571253682,-8.121970777212217,-6.675939168914717,-6.388618239304861,-8.278508826348745,-9.083116919255819,-9.61478901711616,-9.041305066548727,-9.788226824860324,-10.28273280830056,-9.220958798743272,-6.480140097363724,-5.871288790599511,-8.657869443252894,-9.036939260648074,-8.509607507101181,-6.409204154340829,-9.333785678825175,-8.273204576034187,-8.655115328243332,-9.603887980478408,-6.559511419487154,-7.990893227072522,-9.179386390995932,-7.614944401609647,-9.380549689475115,-8.00836485565624,-5.812262039224094,-7.113855484360184,-9.234271580359785,-7.355198442817077,-6.078108913359451,-5.576425187813407,-5.69086404911473,-10.174957042757187,-7.140050360205034,-8.999853159382996,-6.341173084304143,-8.107176672502757,-8.8834724092728,-5.287983959371901,-6.520202575267007,-5.655994219889272,7.0,0.0,315.79668653919884,0.8535331722306712
719,-8.570421534328085,-7.75144795380506,-9.546272997074587,-7.976642317863764,-8.543621100725504,-9.579641180645647,-10.01618906445024,-9.481867499266235,-8.184171025681493,-6.9777675719713645,-6.864306338197658,-7.4149236912978695,-9.450507985442236,-9.30613016990743,-10.120065991593732,-8.199287841064908,-9.842932951213946,-9.777996015866982,-6.21426276277364,-5.59498641143347,-9.272395401895851,-8.821851474569007,-8.49064730162054,-6.42770591678101,-10.224627896807132,-8.946004971346435,-8.616770106383303,-8.951388904478815,-6.051932251665238,-7.821229086397896,-10.031974176698045,-8.31836324554297,-9.202046055021672,-7.59506077879275,-5.933633298468849,-7.379014034076429,-9.566699566210172,-7.42931705247477,-5.697645693308884,-6.026279658397265,-8.37687832012093,-9.011686553862246,-6.67737835971416,-8.876168743174196,-5.386943490316042,-7.0107280344429235,-9.475080683246466,-6.194933154340657,-6.239759491914284,-7.302786224804231,7.0,0.0,307.68899148441153,0.9109113764564293
720,-8.423891620441818,-8.74072087635793,-9.676444222146499,-8.42058043781964,-8.699090793539582,-9.441846337953539,-9.565863530025371,-10.36061122457821,-8.513785495489461,-7.70235978519485,-6.048673347767605,-8.335045359089127,-8.433828646584995,-9.717530626899721,-9.824607381659906,-8.656209919207281,-9.442608025265768,-10.332806703076745,-6.760676644226763,-6.477930672237992,-9.724940983418332,-9.233811414787429,-8.10437134222062,-5.638086623858674,-9.86063648321571,-9.21644425778103,-8.882531953089797,-9.017497655225911,-5.807276531479331,-8.556466211392479,-10.2642394054454,-8.208023424361144,-8.389336397308623,-8.034820053989508,-6.0229815900763715,-7.545827961033543,-9.380993554816117,-7.242683890531637,-6.3317730879505,-5.847543558995613,-7.052953144540549,-9.225574194078341,-7.661999816571306,-9.601190135611688,-5.51283397236589,-7.98589301851477,-9.698425086780167,-5.899296582007065,-6.484923394574024,-7.554383523633743,7.0,0.0,354.6106082585093,0.8052048379255017
721,-8.599838904528067,-9.12862005061587,-9.84404946736583,-8.474386230572314,-8.979119476422637,-9.929688861249002,-9.472120694444481,-10.151757969360814,-7.910884812429473,-7.139216110067194,-5.852353490457955,-7.501931022217815,-10.022826303474183,-10.339929398419622,-9.7659722136666,-9.61730641593026,-9.93945861147869,-9.148618401792579,-6.478338458814364,-5.552616569310289,-9.984367731354714,-9.332908877663897,-8.286644243777076,-6.380689643351941,-9.842566087503727,-8.748386651345152,-8.8011829781089,-8.539652168089601,-6.742055177806962,-8.230948169487814,-9.736157981872816,-7.60156500571358,-9.06821859446464,-6.9670321460820865,-6.374663253974511,-6.803171451770414,-9.410368504293666,-7.492793186569589,-5.906649874329665,-5.804743996906628,-7.25587384677852,-9.734677586267011,-7.5811951692964605,-9.596957429883624,-5.274522141119315,-7.69745342108751,-10.414838474848704,-5.010383766325777,-5.9525316606616645,-6.561112983604997,7.0,0.0,348.27610693198955,0.8057583943305157
722,-9.234470648132573,-8.67907468627974,-9.793687174341725,-8.464054142364482,-8.09210569348716,-9.50870195946998,-10.271631975616934,-9.245118032416713,-7.987806655333475,-7.028290342921266,-5.8328522750211205,-8.630214837569557,-8.723954465391452,-9.70861959308678,-9.277339179511124,-9.859211226366023,-8.939086918164577,-10.025381487899315,-6.451348390304983,-6.610619057378734,-8.746513031073528,-8.789381460121943,-8.437000362396331,-6.94569749061867,-9.434793010701897,-8.781015138942918,-8.290439067163065,-9.610951198357599,-6.449330719854176,-7.516718972462488,-9.617934137683148,-7.7869313284513835,-9.122453614947196,-7.542013606144751,-5.572435227121188,-7.353380685617292,-8.912708158893919,-7.16562822305984,-6.073548631324649,-6.570705327188297,-7.233100805478422,-9.426316741809178,-6.987502294687629,-9.320122471732363,-6.7192742780574175,-7.478180376420045,-8.839221939544446,-6.100807010875677,-6.7298483345655296,-6.34742320854283,7.0,0.0,324.93158384552254,0.8041530009131361
723,-8.927541764661138,-8.230327676538513,-9.745531791926304,-8.46261619405876,-9.111694755530987,-10.07652594581254,-8.971068497575075,-10.763714159943337,-8.690497809275097,-6.555505565381872,-6.420746660934611,-8.496354018879552,-9.230520496004491,-10.371618233716486,-9.665112703456787,-8.912549824554134,-9.748381564994572,-9.840151004897535,-6.284585982732018,-6.116285674371171,-8.726992608078294,-9.134557640764475,-8.445099799224998,-6.1118272296883385,-9.311563602814088,-8.923688406273785,-7.612674740386175,-8.991815541746103,-6.999097489880163,-7.354613283732868,-9.023786842652072,-7.560619219450205,-9.205403059952983,-7.748534212960469,-5.2982254506490465,-7.3020594285110425,-8.835767483728505,-7.792038021613744,-5.229225769752923,-5.6683711556060965,-7.877312262834013,-9.82069250289129,-7.655863359134838,-9.534274494798918,-5.671685401824355,-7.5284728430290535,-9.614521659085455,-5.131586640886999,-6.801616345289635,-6.863359889231466,7.0,0.0,319.28425909141396,0.9024085253878661
724,-9.218493112894247,-7.540693916185228,-9.784986479662228,-8.803457251333796,-9.067047021865768,-10.073998826944397,-9.677969865791155,-9.663017709270544,-8.793067428041743,-7.8863736935720565,-6.0578299546700505,-8.167854490518758,-9.220582355138871,-9.834646725463566,-10.576334164621963,-8.961793580132262,-9.388475734220554,-9.022395125066154,-6.459606949325808,-5.543038775615768,-8.544383016733402,-8.430946608682017,-7.886224851491107,-6.35419815545369,-10.148185495005821,-9.102514005460545,-8.399879934465655,-9.556451594278728,-6.059881388856357,-9.207980648563014,-10.018157496988904,-8.081061447207817,-8.644731135203239,-7.266734831719981,-6.188607883176083,-6.922921907116396,-9.128726817048546,-8.035093223846438,-5.902801343435976,-6.632728929782245,-7.46982739083343,-9.291901447372533,-6.869100565617514,-9.450308454624379,-5.976274242541711,-8.292539080526824,-9.365536832739425,-5.554367461303566,-6.153401644833265,-7.454337134770009,7.0,0.0,346.1451587687642,0.8147300423777832
725,-9.067427375380339,-8.018486870982084,-9.137371290852794,-8.706172585793661,-7.986258272098218,-9.5483893434615,-9.33029075582795,-8.565179664002544,-8.537728789480381,-6.640092153213224,-6.431396450091395,-8.747551733764752,-9.78229833432895,-8.939287814835797,-10.007450541460392,-9.396874377474612,-9.776399748116429,-9.721940668968903,-6.2077029393709955,-5.9469229201873475,-8.653480617610715,-9.42920596791469,-7.6355248426665,-6.196087125761592,-9.636760441755515,-9.010302572956437,-8.845815501983092,-9.79950524755887,-6.224930046707453,-7.5941039384376765,-9.364615426922672,-8.471043579846523,-8.690852547002535,-8.13081753749003,-6.0012282141830475,-7.221365157786309,-8.302972012366304,-7.684087134200105,-6.323689360945046,-5.579161737536216,-7.857864909890925,-9.837723970235153,-6.954236268910842,-9.432704124732563,-5.204114658953455,-8.433040449448034,-10.002541900608266,-5.544820739583051,-6.768008860077851,-7.294716989363737,7.0,0.0,300.6390696822261,0.968480826470399
726,-8.820139813292732,-8.149880627077364,-10.185068748415143,-8.792642735702625,-8.452111119535008,-9.74107831528603,-9.584348228899971,-9.6437044860317,-8.607970810602177,-7.081283673039111,-5.7572465616911375,-7.940578250246773,-8.809042644529127,-9.20422254943647,-9.551630047281751,-10.463526074703243,-10.302423961126559,-9.574347614020262,-6.749818104704073,-5.29164571279214,-8.441953810428824,-9.239857372665517,-8.258906175792681,-5.819747729390842,-9.566190437907,-8.608846155840448,-9.034563087178336,-9.895581778624397,-6.561776648795714,-8.145442403453671,-9.0688764906504,-8.286438298206587,-8.678194817367592,-7.473548601659591,-5.9535315002316,-6.589913953100723,-8.882356448685535,-7.849928530804081,-6.104022275239173,-5.727936183042313,-7.805122001909164,-9.912592067422025,-6.871374279077737,-10.125763111893862,-5.4060219185852505,-8.000970418324718,-9.591822203242181,-5.731029682362388,-6.641264994390079,-6.572804721541883,7.0,0.0,300.4108296743987,0.9844605499573091
727,-8.475935654117967,-7.345915313565137,-10.015804649792631,-8.486492543109494,-7.659477245287856,-9.552106935947608,-8.997585205883759,-9.592668225258972,-8.481407464730502,-6.620130661283068,-6.4111179329977075,-8.193825925984148,-9.710290558033128,-9.145066883825207,-9.399964656096992,-8.547616596689572,-9.453153947955702,-9.322738876690044,-5.498638495946636,-6.402822880186851,-8.96122196180126,-9.20870400172262,-8.234152724093297,-6.434018865704693,-9.473464135017087,-9.252097684007236,-9.098082675456919,-9.863645947329685,-7.200384293796929,-9.046579075159494,-9.68389461802314,-8.049891349953018,-9.02877540036611,-6.6350235774507205,-6.1408054959905884,-7.054873624844545,-8.910109616424803,-7.636034517911683,-5.512496658143625,-5.878686955576597,-7.311343294955806,-10.185925582056866,-6.826167258005551,-9.181776789904413,-5.078218839502595,-7.296111360214927,-9.64024601748975,-5.782977297689184,-6.412893588754794,-6.917373286706367,7.0,0.0,291.5051324158871,0.957565912308838
728,-8.755816947057989,-8.140684020395392,-9.619224287971921,-8.679088119722133,-8.962030853927926,-10.552985901129363,-9.729811963041353,-10.830684721961147,-8.09739738272348,-6.992424650038465,-6.039362237419831,-7.322353883031699,-9.335229655428982,-10.184604874715257,-9.225361098109056,-8.9803359510591,-10.787301196269524,-9.799505866505143,-6.13676576687861,-6.0897114935303645,-9.113529498623347,-9.066730454358497,-8.440457101780904,-6.27818149672059,-8.640231797127191,-10.292950890389823,-8.03294888354486,-9.424783581852015,-6.483437744327488,-7.768904014709909,-9.858465883488813,-8.010395037497002,-8.685465234445669,-7.248512375735149,-5.981941487217344,-7.237123437898856,-8.795362837056025,-6.777187958414561,-6.043229602975253,-6.29922804032836,-6.717877000850913,-9.755047478862824,-6.635835149742697,-9.129640276475216,-6.142923272576877,-7.608211467950578,-9.435941971336227,-5.1499400677209906,-6.659675443331992,-6.639570099134325,7.0,0.0,311.20118017153135,0.9495149006852595
729,-9.005406906089235,-8.971427378134445,-9.693424572579625,-8.768614100298828,-8.261328300379612,-8.805275730997016,-9.217430341031942,-9.696950617994528,-8.808484255352456,-7.3482456222566785,-6.127469846393132,-8.860192973077135,-9.409029538949165,-8.974147237683576,-10.10949301589875,-8.893837436175819,-9.122237214021313,-9.004176014075961,-6.9261733576199385,-6.267601185359892,-9.073117951760274,-9.021157023110497,-9.016405989572974,-6.495873980507356,-9.428716011439768,-8.951930418330388,-9.559715320860207,-10.543472545259636,-6.479119917516949,-8.572694993956192,-9.237675556790334,-8.337067271057998,-9.304842409662607,-8.260544764896363,-5.79864326490731,-6.709024546392324,-9.320266145327972,-6.903281518633723,-6.035417057439366,-5.586674420612069,-7.383911490738564,-9.540484383244594,-7.556661512149654,-9.32725356913986,-6.055235289173543,-6.708837527207919,-9.440336706668603,-5.82753896360659,-7.02416320155517,-6.718461492018752,7.0,0.0,325.3284317788165,0.9387715353750024
730,-9.010126488811707,-8.026051811076574,-9.738275716299913,-8.861570107513607,-8.421902267282237,-9.154792176359694,-9.092018294004673,-9.758078639385175,-9.9731477538602,-7.257210636709082,-7.083513884167919,-8.60752010444639,-8.84275740684347,-10.431146838124354,-10.384363698755765,-9.125583064022912,-9.727144759521133,-9.898446556769589,-6.868139434266151,-5.602036009607059,-9.154806974013768,-8.949197835248876,-8.427387545289832,-6.172351407954546,-9.06164220658421,-9.069048070154295,-8.390546636855184,-10.040646433731359,-7.013625689624845,-7.4854153583184875,-10.587873483423575,-7.821726191749272,-9.381648844326264,-7.61477053407392,-6.3466653063842875,-7.317367257711628,-9.23537197427384,-7.942183319742341,-6.918035122411076,-5.639446599982652,-7.566287886728609,-9.561302085951734,-6.8331142219843795,-9.11299240927672,-6.151456035011646,-8.085906254293644,-9.429217406809569,-5.527208729326457,-7.324295058248014,-6.396506590185152,7.0,1.0,369.7283565976782,0.7867138537846925
731,-8.765000021844774,-8.279168581865557,-9.57855773880264,-8.34147773877653,-9.226119985889344,-9.421806068656595,-9.4438478641946,-10.041092592617753,-8.479309176871901,-6.601810946011651,-6.1752463328052585,-7.430432884156221,-8.652299377983718,-10.207827251463408,-10.231285039724936,-9.722078336436665,-10.066892257803334,-10.098550768434372,-6.714368583551818,-5.812957445779155,-8.928903301647683,-8.568384086575758,-7.814106309050448,-5.595302427919901,-9.762139328817552,-9.303205563445992,-8.60792569407065,-9.4223519895287,-5.465872852015304,-7.235096952515733,-9.956145337807703,-7.315083978505588,-9.23773017137239,-7.225609735748938,-5.897397843976495,-6.914621543316759,-8.661907468403435,-7.420226494403109,-6.6106464310248,-6.0533708764722665,-8.473281530675054,-10.265184609668054,-7.576467303946938,-8.99482913363576,-5.799284039876554,-7.618520190078017,-9.59774344369307,-6.303484771468448,-6.53481184403981,-6.991232780358909,7.0,1.0,372.92578145539227,0.4071479133964031
732,-8.60875889120488,-7.824775205269057,-9.210953408863457,-8.520195235504385,-9.453247304610445,-9.46361353626561,-10.002970015933343,-9.355292349073714,-7.730768445679082,-6.731869743714485,-6.235513136334413,-8.62717633361882,-8.774660389623739,-9.871361974912118,-9.554972907809384,-9.868386647232139,-10.016808520489827,-10.308177715700982,-7.0407558717718945,-5.654219404549707,-8.807366015482563,-9.808664923405507,-8.868781244371036,-6.289669912854306,-9.726264164391715,-8.378726656748334,-8.836535975004825,-9.142820736950693,-6.079424105981657,-7.918723132635122,-8.905550139130199,-7.599401648881389,-9.604546179149725,-6.551114876050662,-5.948875825922301,-6.952645900109521,-9.22409269881958,-7.090563824757573,-6.449851705309934,-5.837965529434289,-7.224770588344314,-9.648672169140761,-7.439636891947649,-8.83912188912439,-6.131419950768719,-7.0522954459212785,-9.522529186313886,-6.283707273481441,-7.228593484843675,-6.051790017442698,7.0,1.0,336.47853636457427,0.7267061016015811
733,-8.588090607705276,-8.668681900511205,-9.911510845054538,-8.39540575449353,-8.613608542567743,-9.730082424171501,-9.091165882047111,-9.047640658814938,-8.341906923619202,-6.727144442890205,-6.420280690288029,-8.020078650357732,-8.691132342823796,-9.729107563368625,-10.467757390510295,-8.549190087186409,-10.330439301769559,-9.402274600892966,-6.740653063673891,-6.247450855049594,-8.628262436950454,-9.39828548604351,-9.309544372019882,-6.5619599328163485,-9.573934975506697,-9.053024395652534,-7.771234206113023,-9.779875875826574,-6.947116485831569,-6.801848387193262,-9.277871947203256,-7.734841373139743,-9.584954116038123,-6.886255660375711,-5.866181693189943,-6.741775361276496,-9.259759039613183,-7.517710798555668,-5.502891667796391,-6.474411081363951,-6.668937587761939,-9.896011710982613,-7.67105717932907,-9.978159160994597,-6.294254500680689,-7.054959554757326,-9.76422164325943,-6.031867543116176,-5.98003363111104,-6.821915104523454,7.0,1.0,359.0187729829464,0.4787912170438904
734,-8.808811296779401,-8.206008892500982,-10.389450491493067,-7.956973234379783,-8.85718945821538,-9.742175989943474,-9.163856476464913,-10.016980095341676,-8.817045098178477,-7.222050267959555,-5.284197252345961,-7.715397659567857,-9.07401515958841,-9.983328717029497,-9.588772256480853,-9.513139242699603,-9.472012673763157,-10.044153290724443,-6.033071958116205,-7.015258858567246,-8.956023872955923,-9.673133831272347,-9.061480125185783,-5.979385472539412,-9.986587230145105,-9.04897002307212,-9.317701782412371,-10.344409175608625,-5.602927320236285,-8.199775504758986,-9.185760119195967,-8.202000177171008,-9.288636921518632,-7.132170960784903,-5.51712560271099,-6.876017785070575,-9.92590966923899,-6.713078694010703,-6.562324420604221,-5.631451562745252,-6.683456003492569,-9.77090584559497,-7.700850009117207,-9.755024794879821,-5.597908990412882,-8.351121875742685,-9.547020552367398,-5.669016963518443,-7.691621834689068,-6.991510672321376,7.0,1.0,397.0857635117276,0.43731760718749585
735,-8.960210001281704,-8.115370608877116,-9.055887892353933,-7.870537587035356,-8.944194739764281,-9.385324197043767,-8.840726610466064,-9.732922047197475,-8.75411931632528,-7.365603902656671,-6.402966482091519,-7.551476306224059,-8.75222695406206,-9.706737576453854,-10.212512129285344,-9.730594748053832,-9.795829700670447,-9.33165161588648,-6.035224652719231,-5.860692076725398,-8.666039663173903,-9.51244538045143,-9.32625356758729,-6.452060496630186,-10.24763269361678,-8.867331158377915,-8.663747191035764,-9.838091351664671,-6.599946960885124,-7.817745570648245,-10.463694561313334,-8.321684141457556,-9.542808506192815,-7.338837263507,-5.255391441320253,-6.832520621518374,-9.467978269816443,-7.336233789700967,-5.61954602274913,-5.580847361252353,-8.234058512079915,-10.359790199436988,-6.554355460066296,-9.36243308900041,-6.138360503497098,-6.883071876365037,-8.807792426720582,-5.4559824843812,-6.723954187016928,-7.438458786158312,7.0,1.0,360.42487792780213,0.6021725360493557
736,-9.275160683375008,-7.980646134760889,-9.613779009057549,-8.712639658635977,-8.427392069397518,-10.256196532487605,-9.734258644755581,-8.908832086019547,-8.286528413081495,-6.698961180593598,-6.3927424313589585,-7.94849627598496,-8.5640621912808,-8.914563824860222,-8.647308511653208,-8.88531790537364,-9.680227050621584,-8.97379579016412,-6.5368488976539645,-7.0488077135963625,-8.816397861923303,-8.56309745422909,-6.784529138532855,-6.431623807468643,-9.7141757066498,-9.23040264494507,-9.158530522396498,-10.011015838815261,-5.9827592607032045,-8.273176334974522,-8.97228037944565,-8.58521342566111,-8.74921988522869,-8.061507909868768,-7.046641200195257,-7.447789671463215,-9.34563185128877,-7.664158146732333,-5.791412859838885,-5.517433199630956,-7.288391950804492,-9.91456414193938,-7.622115098632422,-9.679294743889114,-5.731673262958266,-7.873014795572121,-9.743880245557094,-4.7025475410521365,-6.810651576979417,-7.142869939132999,7.0,1.0,400.4728146468016,0.08137480202140512
737,-9.63205120875234,-9.180835783429037,-10.310619529324565,-9.235335053452548,-9.520295075714706,-9.909568039188587,-9.575591378066315,-10.479716835936541,-8.139874637329207,-7.515331914180956,-6.635369929352684,-7.72961218516593,-9.148698778320535,-9.229096326160896,-9.84591498601139,-9.527894798974637,-9.872719783484532,-8.883077292100094,-6.115946334866485,-5.60902723216027,-8.87451831158791,-9.145281284510297,-7.837133874708881,-6.320587910703341,-9.915883588326599,-8.5733633674147,-8.996520794283935,-9.096762356596892,-6.683436108847505,-7.599454206220224,-10.2009255286228,-8.009897737959154,-9.82546036636668,-6.777350588951633,-6.064183839978275,-7.170316875484315,-9.300273788224814,-7.685114080402621,-5.576431604679835,-6.0996402780464125,-7.3983279210311546,-9.397781396393125,-7.743271380670971,-9.328927763319706,-5.853730312021604,-7.033179372363863,-9.165587284293684,-5.275458090647548,-6.098472250113248,-5.984631698285193,7.0,1.0,449.2917799095301,0.026081538945786242
738,-8.438737812306979,-8.393964249485261,-10.062555932210108,-8.892318225623365,-8.672888484946277,-8.63611918550785,-9.602045222182644,-9.936982073352894,-8.336401277503922,-7.068246355856265,-6.698615729613405,-7.834732279480237,-8.877506777872027,-9.272086068203524,-9.915091152909538,-8.929092464220728,-8.960761484235213,-9.778656563477949,-6.235990217471684,-5.930639731186733,-8.736103766998804,-9.292262681084154,-8.224473298111556,-7.171605093307599,-8.869653100183653,-9.35327655666969,-8.04922004702937,-9.69164467034855,-6.477420874226659,-8.025271892246497,-9.01198926608756,-7.716679093933768,-8.859117002839145,-6.826799286826189,-7.008218749214699,-6.492988563769192,-8.83041176905621,-6.877401411997042,-6.08639544656515,-6.144658964647889,-7.769194780983898,-10.099077539257786,-7.275945685685996,-9.508033796054637,-6.6312594659005235,-7.968924644680094,-9.402544318770696,-5.71888177465023,-7.291041768856694,-6.910180981952703,7.0,1.0,344.2158964679859,0.602102277736619
739,-8.89786941240792,-8.366541722122433,-9.90518095277782,-7.968986364943176,-7.929567807310174,-10.028350784023386,-9.884380067774245,-10.33401758253744,-7.882485199036504,-7.245748532037836,-5.647451865147685,-8.340553891917143,-8.168246085507773,-10.0402822895419,-9.725882691840154,-9.913587320833116,-10.031131450751777,-9.24794325247441,-6.248861778097677,-6.161974465843903,-8.473380567509302,-9.71599524737804,-7.547814097449976,-6.38641249065574,-10.264829918986322,-8.740872237545194,-8.99864788291613,-9.47191011021601,-6.479367473307267,-8.098729870473028,-9.75657230807377,-8.10323230376566,-8.887157983981266,-8.359606925292145,-6.1302487657980125,-7.351994926116117,-8.474557417745796,-7.657689878590492,-5.65792295938741,-5.481870739687843,-7.859005753805784,-9.09080810223521,-7.325370641311506,-9.180814844427925,-5.765030156137625,-7.929768918363107,-9.576662181614985,-5.183329961727924,-6.790528107810075,-6.504388016927475,7.0,1.0,382.6849270923973,0.2914256780104946
740,-8.505444720829372,-8.520783124142003,-9.784630527642186,-7.997180111273174,-7.493254722552111,-10.285868460551047,-10.313906265875643,-10.065780641834227,-8.599106248608555,-7.288614837984013,-5.77209556740152,-8.232301755504823,-9.055835292949451,-10.391834682382765,-9.673151820830448,-9.865483788769168,-8.311072666660461,-9.370897109878072,-6.552409813462566,-5.596178784323401,-8.155594676955461,-9.3062469198971,-8.663551209569643,-6.996260376843722,-9.64262473994699,-8.586147054476642,-8.929454294268051,-9.340025862100534,-6.594322064229675,-8.154530100035364,-10.224130950522827,-8.187792135521343,-9.113937052214922,-7.919228325926927,-5.8134310007904775,-6.5324060571864235,-8.850456880629222,-7.310194832188717,-6.104706453540869,-5.411264061802527,-7.996900773700136,-9.69605907626488,-6.39456801940119,-9.10892684166569,-5.923621556278523,-7.579106159539203,-10.42318289806177,-4.967757421845187,-7.139451491141614,-5.453646180910924,7.0,1.0,420.80639149855546,0.04724517554737498
741,-8.757467953899448,-8.356249911936239,-10.297504543312014,-8.888678491679713,-7.537704928344947,-8.89186089293703,-10.07630600486431,-9.947674657415266,-9.3872539668515,-7.162651596231994,-6.241030461243794,-7.8096133040963265,-8.502051195940366,-9.12997292277685,-9.73856913712973,-8.471169733212307,-9.19486858119134,-9.5129527006863,-6.847263731013527,-5.485949794451669,-9.100652821981367,-8.853152473682709,-7.526179479856728,-6.2574755085304385,-10.529855726594205,-8.972270096000107,-9.294319238801528,-10.264047141966127,-5.978132132000837,-7.70943100943382,-9.6950600178137,-7.595125279230985,-8.629615264247992,-7.555679279261205,-6.195380202047469,-6.020321149047183,-9.065522218065768,-7.026646622514021,-5.995149746968427,-5.769937335242577,-7.529104840927317,-9.657422618337383,-6.90413134595611,-8.239831907594741,-5.705498179824962,-8.187916244129164,-8.963898955171341,-5.046536854674287,-6.222335264948717,-7.327544233648558,7.0,1.0,358.43400245249086,0.2568024285321731
742,-8.075304732876337,-8.473593343724927,-10.017870952748524,-7.705251197880671,-8.818619637833695,-9.416263877546323,-8.876249653249987,-9.821993975126412,-7.963984363550839,-7.813682377054288,-5.934685322637974,-8.185407682552427,-9.747564924135736,-9.557841559212035,-9.555731213334049,-10.126422545464363,-10.460581329395023,-10.508335439390764,-5.65763351069467,-6.480744141526285,-8.966967504652978,-9.610093678469264,-8.819396603341506,-6.854174324751602,-9.576946985911365,-9.038639363916637,-8.343397855986641,-9.81406094804868,-6.446057765093275,-8.067056025543883,-10.26400041910417,-8.017697296021213,-8.758692290156048,-6.9382336399131646,-5.856272863002808,-6.490463375761696,-9.167502714338086,-7.847262741715858,-6.046621663635587,-5.465843348528573,-7.208962896911458,-10.158664579464212,-6.778610997728079,-8.214709487447074,-6.654519388050052,-8.092692210899097,-9.089120024339183,-5.540553656319594,-7.005279628187777,-6.899932191947983,7.0,1.0,368.0657279348212,0.5562217512463699
743,-8.508157327262552,-8.392962760334434,-10.734706050442032,-8.211484172039704,-8.950270525908588,-9.749285851813402,-9.129747269724838,-9.127992991525534,-8.215675379062285,-6.926856743941814,-6.140877729088299,-7.936041949794388,-8.632713541174091,-10.011036835806607,-9.274328595701093,-8.517237959767256,-9.110766696952977,-9.64186718736947,-6.158723544111202,-5.411057513567008,-8.871697003147979,-9.835099934319494,-8.524484236169108,-5.4987643902769445,-10.424142521010902,-9.273064283821828,-8.26855717895475,-10.192535403801326,-6.0297734986106,-8.21529683456277,-9.974656269590797,-7.443053463119374,-8.574294645018405,-7.7002915913108865,-6.614088501708163,-7.468873698120266,-9.208577953273645,-7.478596624231066,-6.717311094774538,-6.306706627075487,-9.04201195143426,-9.70659964889792,-6.869552002341182,-9.797629296606122,-4.635397505977847,-8.054914719127781,-9.18858119395024,-6.275372949196673,-5.863037793097956,-7.005506091347437,7.0,1.0,349.95791116564976,0.6858440930699792
744,-8.94719938386854,-8.338631383053944,-9.267818906313968,-8.697589560779337,-8.352910871215718,-9.391669255980279,-9.841800829730241,-10.151386221337338,-9.161398896859874,-7.124569501469586,-6.100920017699813,-7.9518896135004145,-8.444111466138693,-10.031504566700331,-8.936425092805809,-9.538956316096227,-9.70181621009982,-9.499180376197002,-6.028726755601308,-6.618917236530884,-8.822875834709567,-8.981082022115089,-9.140261319234321,-6.477070792792714,-9.17056135182439,-8.469463301009483,-8.426899342923774,-9.760776972416556,-5.952904264317873,-8.523220769086949,-9.428777800427095,-7.468025674719882,-8.28735102142985,-6.569953998900603,-5.941137971659253,-6.712726159865582,-8.598956409061058,-7.914312570302387,-5.98743274467702,-5.804076397069871,-7.10239607454483,-10.189131993135735,-6.990059069279248,-9.603830840069497,-6.244188987498852,-7.605459786595407,-9.38976730637656,-5.041774387561372,-7.669243757455849,-7.011452942251722,7.0,1.0,406.9558460389422,0.05661504070878971
745,-8.420527926168432,-7.925857779192935,-9.9812698094817,-9.25770918031436,-8.372357502506059,-9.858009794793544,-9.44136731598666,-10.209225414195206,-8.991128796446432,-7.2211030413811885,-5.586132163173016,-7.494206064265071,-9.429278409864002,-10.409499972357471,-10.43580840273978,-9.62279130650207,-9.04441769662249,-9.750668968231034,-6.403460100814092,-6.827658856137763,-8.810695563257848,-9.431070018273358,-7.9875437813237244,-6.072756659585598,-9.238518465873808,-9.76636897024736,-8.516114545198011,-10.183536900106052,-6.59351459823675,-7.613828220023969,-9.312240515708238,-8.60865179617829,-9.148661708276391,-8.499000945730279,-6.058519979616136,-8.229255287144392,-8.43450800043743,-7.732542500362722,-6.835745194922882,-6.618504576063323,-7.415233608517518,-9.21095239443193,-7.138513104300591,-9.672566126739751,-5.833569587034772,-9.016082127267373,-10.199229433368105,-5.616888127446512,-7.145319584317282,-6.5130574023098475,7.0,1.0,423.12122691494125,0.3471979262489586
746,-8.531219430781466,-8.399611373144351,-9.75913130895346,-8.228229248628454,-9.170271513976196,-9.829663108308164,-8.33366319974466,-9.730682679041099,-8.508114643565262,-6.980466674372869,-5.968850417715273,-8.055994637627581,-8.555244866398576,-9.872111462924966,-9.484946614338831,-9.14210285630422,-9.01231633425084,-10.148843442513332,-5.806552636747626,-5.9911404980070255,-7.923145780857229,-9.128073672338036,-7.484136925894489,-5.974216420784691,-10.109037659297112,-7.737186396520217,-8.942935134207938,-9.24147732114982,-6.150888366618655,-8.366296866102552,-10.959807450271587,-7.755196931751685,-9.174451413561725,-6.677937149366074,-5.835185909950423,-6.434968331218851,-9.168610909333372,-8.15705396901081,-6.061240457357289,-5.327926856603366,-7.437457896951322,-10.179791809726256,-6.991900074024891,-9.690176879947176,-5.762038585311879,-8.169884444075636,-9.172513411734641,-5.073430018091972,-6.299227872395685,-6.336729643290754,7.0,1.0,332.1262971376831,0.5551779565179349
747,-8.709267095016319,-8.28872435353835,-9.013738686787752,-8.479499463998962,-7.494196712357205,-9.233684841437828,-8.914388245503698,-9.221748571073919,-8.799956145330235,-6.314928719868266,-7.282642410390913,-8.524247447929634,-8.737401931692501,-9.237239970306803,-8.978067693280174,-8.239818620804108,-9.769464872103859,-9.68101104676726,-6.782370765212844,-6.208636172927848,-8.93367877228489,-8.878863610188631,-8.916550407401669,-6.152352295978586,-9.770682854036961,-9.382230753014527,-8.577645415898562,-9.608007245577319,-6.893835871874409,-8.083530771648073,-9.084091126471025,-8.167562042120574,-9.26124469812214,-7.700880213867579,-6.250932660394858,-7.134016451613924,-8.772051121792975,-7.388742061069819,-6.006063904516125,-5.276844583351043,-6.964592994149491,-10.426166715403458,-6.98580704124844,-9.438252935262781,-5.520100554492273,-7.789413961052197,-10.274034619214797,-5.555848996413911,-7.087816069401014,-6.477343524406733,7.0,1.0,332.8584682067648,0.6521006150325449
748,-8.80009232525456,-8.724470754484415,-10.336084181183331,-9.298388741637462,-8.615619993699447,-8.942031444122334,-9.426903151238406,-9.324558678571705,-8.644185590842177,-6.4303417981000175,-6.148813579687439,-8.035040609022559,-9.5939252600505,-9.537922639844055,-9.452884353194746,-8.970616841268507,-9.078515356833815,-9.182833416147762,-6.026943557031933,-6.142916276178548,-10.01328927692864,-8.963260601086152,-8.374097806724821,-6.067175348139268,-9.882812683063804,-9.131722315232453,-9.297557736709164,-10.415519311056828,-5.987154534637426,-7.787458154974833,-9.675155003277458,-7.6567860370315906,-9.69485248257632,-8.032068307265174,-5.856843210430559,-6.897471948014604,-9.545554891884642,-6.81908202215868,-6.909501546564197,-5.6890929233273555,-8.054779840975694,-9.536873725405673,-6.540027804013212,-9.022954101510777,-5.251807612526299,-7.9865481283325215,-9.286836518655234,-5.528568514046989,-6.637839394320715,-6.601597985734897,7.0,1.0,351.61049761690083,0.6809771174749898
749,-9.976497315929905,-8.304331219762737,-9.89699258483458,-8.538856868099801,-7.936603829739208,-9.512690913018444,-9.884746458324285,-9.575344523347784,-8.804986664367803,-7.219342528558864,-6.472685043133067,-8.650900046633458,-9.168143692809158,-9.807256800880168,-10.387183992089257,-8.852561105086982,-9.615601341541954,-9.157976274134588,-5.962600685432554,-5.865012642685348,-9.670652551742085,-9.474424439515634,-8.779281711804945,-6.700147329023488,-10.184552776571854,-8.484868144458042,-8.582222698900402,-9.730315997304306,-5.946052737341379,-7.445428249841635,-10.140477677742629,-7.244066485649135,-8.690826234179069,-7.644562147814203,-6.031557451540424,-6.999212894954708,-9.379678077039783,-7.195642441496659,-6.610462376584579,-5.510715466309016,-7.4347864877946614,-9.980336472385643,-7.161621699270744,-9.834366781329676,-5.544933908021564,-7.840762907251519,-10.309252914817387,-6.014913271977123,-5.933412678104322,-7.1715232850805135,7.0,1.0,427.3321111435268,0.1425864198483108
750,-8.880013506214876,-8.221680521729429,-10.092583342971638,-8.765303200414099,-8.432015451249121,-9.303132557393997,-9.264977474701054,-10.45125334797461,-8.756988526465596,-8.134960159705736,-6.31303581950279,-8.259115332153831,-9.623676811053373,-9.99165991936974,-10.145792241842077,-9.44713007279986,-9.22376980979888,-9.717954693928238,-5.84152248621467,-6.011733277587076,-8.444922583958864,-8.50974840102494,-8.19201108928568,-6.765292292839421,-10.064382047598697,-9.130430225260552,-7.864570136939281,-10.12945474688994,-7.035133353846604,-8.453474041403908,-10.474045704558506,-8.65122612622127,-9.07343015685268,-7.158727926660266,-5.598206236188499,-7.023069394847456,-9.023289390606605,-7.128803301121669,-6.599210936843746,-5.535240422698832,-7.337351301273589,-9.689196989534421,-6.539396245105248,-9.043971272360348,-5.199422388087915,-7.3529895318042815,-10.51798796039383,-6.301453783251027,-7.056686728689716,-6.632599431449056,7.0,1.0,381.0199478525908,0.5572221206888618
751,-9.128604784339744,-8.0931628206067,-9.832071440164942,-8.037667467100146,-8.463244519014399,-9.713112265150041,-9.066597364667954,-10.126769117761215,-9.042748838676257,-7.136203327962859,-6.215745111647136,-9.019682320469851,-8.32964957602936,-10.06722501102659,-9.939819574795068,-9.663493244251246,-9.109500537966232,-9.087450996223406,-6.171494623516611,-7.38993076434461,-8.880417659535008,-9.17578198159992,-7.786252389242991,-6.424510484969027,-9.449130481908112,-8.976698366729735,-8.49030852519668,-10.363444690957765,-6.1828637859876645,-8.677397545941336,-9.325885724054388,-8.444457715394314,-8.250781294624797,-6.8377571598950535,-5.751013499694237,-7.265705800719208,-9.056698572376634,-7.2540062951183,-6.4147746515660025,-5.7525469281931105,-7.767239497013697,-9.46876472207513,-6.760613852991561,-9.559397427051623,-6.249319761081005,-8.422259873404343,-9.641836955928104,-5.792857500655577,-5.961088468967607,-7.473920600769365,7.0,1.0,379.3245101443258,0.40020589020304204
752,-8.436989466027889,-8.31826784402899,-10.258314602396517,-8.756159356482327,-7.898335813306919,-9.311287437435428,-8.774770709050987,-9.529440584078301,-9.592924024800897,-7.623428354435181,-5.594222945116968,-7.8658271426319635,-9.283444111526785,-9.02479625318701,-9.00142001902328,-9.190633256126752,-9.90164315510011,-8.721792742855769,-6.2102782030917645,-6.625002565181292,-8.936539538558813,-8.698620039801545,-7.454816334759016,-6.234446595760897,-9.405086346971716,-8.23963212153611,-8.151947395869193,-9.175487435995779,-6.038274316914855,-7.328873461996561,-10.238038949755559,-7.889799662622087,-9.650645786135456,-7.157207272894692,-5.380753573878086,-7.506424918394468,-9.200749273574242,-7.330783235614601,-5.810818833626634,-6.115165048326842,-7.42101808447833,-10.055387145660754,-6.786731046727821,-10.04461396972642,-6.2416269530440305,-8.680646514171762,-9.865990012583492,-6.048533804569152,-6.8376333644276635,-6.792522555347237,7.0,1.0,340.3092071010659,0.5829290073227733
753,-8.828313049669218,-8.57267860229301,-9.768333811257717,-8.347961247541765,-8.820202649736176,-9.78810090586567,-9.360866153339574,-9.512113621924192,-8.52523070985072,-7.39894849330695,-6.080837627512394,-8.198488450460188,-8.965431386126818,-9.690855597507593,-9.547630040529489,-10.06297795108992,-9.131792801991876,-10.04362697397272,-6.346782665664094,-6.386089145778787,-9.226422894364031,-8.551327239734457,-8.352930982191156,-6.371480733600051,-10.257153738977289,-9.809874826921027,-8.64346573133254,-10.284311126124264,-5.904815181476069,-7.960307754076726,-9.733099242818133,-7.7575854222290275,-9.437190127143548,-7.096616959148122,-5.650394123810031,-7.173442838776617,-10.015167669463153,-7.616251623103768,-6.612816727733106,-6.36636577784568,-6.570431368742973,-9.563303567764944,-6.454370964266711,-9.351901222606042,-5.725827904097937,-7.474010155675957,-8.533905479617752,-5.334286225865327,-6.802947201347189,-7.768636741419355,7.0,1.0,369.46821138328113,0.5729668752081889
754,-9.209771129660238,-8.774941549350597,-9.134848076963266,-8.786005510318324,-8.476140716614044,-9.309765944992918,-9.403905480311783,-9.649787586818325,-9.237161061276922,-7.708586100415094,-7.081314523191265,-7.573483575505005,-9.460773532357564,-9.160841535422225,-9.984343280698345,-9.705022427099973,-9.23715225247761,-9.941148983130594,-5.225858886394483,-6.612458189313898,-9.186080040034039,-9.780374291562033,-7.911453834703047,-6.333371469446041,-9.501121254997164,-8.723281754006807,-9.200471838698915,-9.002307562949307,-6.867403866365045,-8.057280278220336,-9.70715600528606,-7.631273295526003,-9.712448262406907,-8.002809296094997,-6.485392162794611,-6.986974228019877,-8.973347312801788,-7.309712781000353,-5.834675392862035,-5.559824718092741,-7.243517723592486,-10.09483106530645,-6.841807591148037,-9.606392283902002,-5.89241801002993,-8.300250401312345,-9.529647409775244,-5.574765267766641,-6.792198214796331,-7.316344536356986,7.0,1.0,421.8345284387588,0.15004439331454755
755,-8.90044980190713,-8.870064386871876,-9.553974889018598,-8.796693847717856,-8.62792663272602,-9.920150407517063,-9.20665742780037,-9.772195830254448,-8.729434656723678,-7.533735098592971,-6.404167538345671,-7.522882918287888,-9.601973879906621,-10.332940341442663,-8.967264718239907,-9.15201256136139,-9.40369923818793,-9.197275933999693,-5.748800385370138,-5.976793059612316,-8.665400204846128,-9.29956709225876,-7.906951009628895,-6.344749273937605,-9.276089137476378,-8.799845317800838,-8.438993570271949,-8.960443048613433,-6.1254348260718,-8.439157072073382,-10.061987452912707,-7.941700447601485,-9.340703881500799,-7.505267637249256,-6.300737792195571,-7.824238073217997,-8.984908079457352,-7.815780366303591,-6.638783933343117,-5.743176703587364,-7.853005309728358,-10.948866518651698,-7.833701214178846,-9.223364273474246,-5.416476543123387,-7.179940754335651,-10.000109560967122,-5.917296394947657,-6.093496362662079,-6.900651192659424,7.0,1.0,376.7527987479805,0.48869085951628466
756,-8.814519272674872,-8.236205915669412,-9.297250124641021,-8.962871677245362,-8.342205554050002,-9.564752310440065,-9.627354382175982,-9.35846300865088,-8.432280937605999,-7.850100909270944,-6.25546453384915,-7.7833598814534986,-9.281985191756323,-10.666604811214393,-9.115773742622485,-10.151128862918476,-8.695420195542349,-9.840680957815392,-5.511485154420289,-6.161438356331558,-9.595083863714978,-9.368015796812205,-7.5564743858958785,-6.2593744545133685,-8.547548788032946,-8.547930110759156,-8.648144366650133,-8.84120641105795,-6.025742982811518,-7.724748226265354,-9.872905232086591,-8.501392877090206,-9.157372445294962,-7.7356724467593745,-5.804395532868783,-7.060484408607786,-9.260236380837734,-7.8521923978958466,-6.184549576724524,-6.550654217025081,-7.946041038838087,-9.76944027128861,-7.078550176201157,-9.216607138879098,-5.895411155216443,-7.478616537299076,-9.594771294703325,-4.865469723248417,-5.262435489567196,-6.749387781172104,7.0,1.0,341.2325368702864,0.6154117850313523
757,-8.436968497066731,-8.807094166560175,-10.24156122660412,-8.497381096958879,-8.775933768190132,-9.900921176171432,-9.305839685856656,-9.068084595648164,-8.741298318753591,-7.812109608266696,-5.684383577426594,-7.61358361195424,-9.309934831394957,-9.323406927973307,-9.850909546965742,-9.422200333507309,-9.194047737134802,-10.963436995618007,-6.289256083016721,-5.911532507992392,-8.35141923173996,-9.033061431888372,-7.845712433358478,-5.834878199125427,-9.980357604409027,-9.258793458602762,-8.291755866981443,-9.581635088337412,-7.049638293280118,-7.697106810743438,-9.887075266646137,-7.788419280572616,-9.36656782492824,-7.692212083928918,-6.062994846510698,-6.938289238088013,-9.532813920443626,-7.613951620793893,-5.0155689815772035,-5.375367750121966,-6.300548969706228,-10.102698022526269,-8.466979554581595,-9.018857620626301,-6.341854792447892,-7.834616668623994,-9.550018330964292,-6.202587715040484,-6.043363326277567,-6.648087946486111,7.0,1.0,401.3107802164015,0.17078029689408983
758,-8.968286642441157,-8.141552907824519,-9.983261018809324,-8.687570535768309,-9.395175381046576,-9.311535722230461,-9.346578875901365,-9.78740560213063,-9.332308214386206,-7.288776250235471,-5.5515090949398855,-8.018614010253984,-9.01336221339172,-9.755097994213731,-10.226305439336398,-9.145600573520303,-9.934055184604693,-9.896594935096012,-6.3407026890432325,-5.273912045104686,-9.165135507125331,-9.692823558485898,-8.307997397609723,-6.362086628884817,-9.271670826110041,-8.93801656660564,-8.314176589371506,-9.825094158978553,-6.72603078971183,-7.49785804514692,-10.143485828110622,-7.954939894558557,-8.463785157672772,-6.6806444629167085,-5.071618936284591,-7.666611620911027,-9.619632454689864,-7.382925725559266,-6.131277175520532,-6.479841436509438,-7.406808137051571,-9.328258473810624,-6.744717943022579,-9.519593738837042,-6.280059840924227,-7.4033438435944845,-9.001305652480685,-6.175796918046564,-6.648499793226732,-6.460073956030156,7.0,1.0,341.91326568907544,0.786659548729243
759,-8.331602804831972,-8.836098066694351,-9.254233226006589,-9.323084516505256,-9.373126450701418,-9.365545330643126,-9.531995241381034,-9.964171063276982,-8.239072478655391,-6.6523693791889595,-5.298796027799949,-8.209837068839253,-9.195026031179129,-9.14582241843901,-10.168621360971974,-8.619961138147772,-9.150189072509722,-9.103524461062092,-6.635623693736087,-5.319944551362915,-8.980528010649103,-8.865483491963367,-8.539732638232014,-7.0700092638998955,-9.404944076831269,-8.219628828521978,-8.314204458484904,-10.15799864831106,-6.927501321498398,-7.141010526387296,-10.190343715328066,-8.286017082062953,-8.918678286749042,-7.460478279056048,-6.352636850470102,-7.519955933045736,-9.850799274914996,-7.199761636959308,-6.958463757517144,-5.903780984982532,-7.568813762603861,-10.021883893336604,-7.295903728557291,-10.394167539926698,-6.390470624603771,-8.852915983178356,-9.530886508631326,-5.727514507879254,-7.130301156547651,-6.6418991241419185,7.0,1.0,374.83005258389943,0.5721433982870348
760,-8.967970377467953,-9.134486270529232,-9.632259490474539,-7.751803844304761,-8.680682089388037,-9.90937885666495,-9.823415158473564,-10.502766799174417,-8.89242745489517,-8.307701983613098,-6.534607761191903,-7.925967413286605,-9.207238041033825,-9.59874761987631,-9.959084281167781,-8.714212887004491,-10.088512966362586,-8.598220507453123,-6.316241394428736,-5.6277972472964075,-9.399486863321075,-9.32457612027003,-8.641713140862697,-5.945762598396824,-10.450123884172845,-9.268883121003089,-8.445668537354308,-9.42367692329962,-6.90472047033,-7.67205260881179,-10.376135052052106,-8.429010805230702,-7.983652659558284,-7.102481814719922,-5.840026283943974,-6.937411069864193,-8.81666337621399,-7.144347287847653,-5.717649633652493,-5.9519556959443225,-7.675360378727998,-8.838201610626536,-6.919638219024279,-9.882162217678555,-5.487916354551885,-8.456195597877292,-9.456382975579478,-6.058877429805672,-5.994004873822467,-6.698241446916515,7.0,1.0,379.9469493298816,0.4449969159331823
761,-9.128340591450144,-8.68329277095981,-9.499671817026773,-8.507252394298883,-8.408045080257482,-9.337600860055959,-8.659683684145534,-9.161482705461658,-8.65085549514812,-7.21985248502232,-5.671134997641818,-8.888181423875622,-8.986233541618999,-10.286891541452071,-8.949962169589583,-9.505457039585224,-9.520773143601852,-9.644518872724761,-6.844607788269828,-5.751353980167465,-8.181868588741459,-8.813744872073537,-8.675271023767268,-6.78544633552777,-10.328960319507734,-8.471674430885745,-7.879727969994432,-9.425579493223047,-6.305549231095207,-8.231335633316109,-9.690113193345123,-7.785761735267278,-9.16572477960123,-7.556740717696254,-6.309995907593944,-6.671426675935861,-9.337074326996277,-7.335939661500264,-7.410578542715399,-5.919833661282216,-8.008445548186812,-9.012711830768987,-7.574182523994845,-9.29213572841053,-6.301951884625897,-8.535971922918712,-9.96274997545754,-6.558463228449714,-7.158787674927867,-7.270081826453507,7.0,1.0,388.5850898780127,0.3445824398599273
762,-8.579462182663816,-9.197737688229166,-10.68576213480659,-8.742694069815238,-8.760814010991966,-9.479680398869672,-10.442923080252664,-9.914523978877229,-8.722636630436936,-7.163131248614214,-6.500519015157866,-8.755507443174906,-8.832471831123257,-10.451215283104766,-9.10277712759025,-9.396273461593621,-9.154496866627635,-10.211950464997042,-6.708292723571867,-6.252887987850999,-9.02418894871685,-8.79121248073772,-9.079133956703032,-6.1613333452732455,-8.90531038593384,-9.383803542582697,-8.835157391372489,-9.506970413744156,-5.773661920499158,-7.380490633472197,-9.62288613793736,-7.831140314201163,-9.071628022677535,-7.039867277147989,-5.72844535922597,-6.905986753518612,-9.344090893593918,-7.688317576148785,-6.7831865006791885,-5.746131563965569,-7.722271447781799,-9.266055399226316,-7.415871158449854,-9.500755263006589,-5.320521806417589,-6.783742667569802,-9.60617029847737,-5.5921504150882155,-6.569017052252488,-7.53960897566987,7.0,1.0,443.53677199612616,0.05584533910845355
763,-9.65290059200926,-8.409838269780213,-10.174914451905638,-8.995964113784114,-9.238767396247486,-10.39120200673794,-9.691810315811804,-10.000880494046257,-8.958543705791758,-7.00039223432323,-6.235427630804327,-7.40998470095928,-9.226543515810226,-9.576469913348696,-9.621546483687409,-8.923022995217151,-9.381484334582447,-9.794880562302591,-5.894626232604631,-6.998946337708069,-8.86120846956229,-9.023176793963852,-9.748430899755657,-6.004787660030939,-10.157156319947024,-9.60063384625622,-8.711566412312848,-9.843258954334244,-5.983169127770963,-8.229337717868379,-9.209258153586138,-7.973739429240167,-9.373629867594872,-7.841961997719378,-6.3059915725969535,-7.081838921107409,-8.930134172959205,-7.336845470367368,-5.979999127281653,-5.809795204943765,-7.865589578629955,-9.270043546978483,-6.340317255212556,-8.759264536984663,-5.6119522676944325,-7.565923585168018,-9.885211456755382,-5.974028718619328,-7.62478409826705,-7.543678312367169,7.0,1.0,393.5212678765115,0.5534269782898011
764,-8.87023299975091,-8.08176669674062,-9.891262094384743,-8.618527729257696,-8.401591468376319,-10.064597978911367,-9.765146708174614,-9.249431523375046,-9.391778145873275,-7.349706094812035,-5.973401487279861,-7.9542046315561725,-9.030430076674522,-9.411937333806447,-9.583174711697316,-8.76844356533975,-9.287858101246798,-9.442503869258717,-4.995215643819105,-6.937661410319704,-8.412480558237414,-8.84427347477364,-9.32483410289627,-6.276388986624468,-9.650725013989476,-8.346640935804041,-9.182621457585071,-9.947366387252014,-6.549660577328687,-8.277597950283416,-9.335296883279229,-7.522209386249158,-9.810552213194626,-8.371571600396562,-5.988672678366457,-7.230026879283818,-10.416091689066667,-6.867833717459908,-6.550479786192633,-6.633638873070444,-7.2637199354808075,-10.064965436421302,-7.935278142374803,-9.535534145023261,-5.538728944967184,-7.455271858725748,-8.442279722693423,-5.976509928526184,-6.366237983034856,-7.580603038455399,7.0,1.0,368.1303408776371,0.6040074821934285
765,-7.788403791684128,-7.377127051970775,-9.360628072373505,-8.853765530064425,-8.692067320352772,-9.028994870621936,-9.923969529023095,-9.63340440048012,-9.330156323006472,-6.851563962634417,-6.305775299462573,-7.902949371525683,-8.617542099023542,-9.62558865810885,-9.342810750690218,-8.925164148928367,-9.641172647153988,-9.382065443809944,-6.750346728807563,-5.631076811964707,-8.450924061647127,-9.04778358866707,-8.94279154097077,-6.657789245370539,-11.189158220675,-8.791919155674767,-8.416549256691907,-9.192777991947068,-6.066389127588455,-7.4737525395563855,-9.814095618840897,-8.007680788082308,-8.38450954205275,-8.318928128947148,-5.957926640626425,-7.054862274573552,-9.42509481731351,-7.473002849513717,-6.08560379103643,-6.616385252454963,-7.429655067071939,-9.852277485290106,-7.418350416299199,-9.549963727730294,-5.697439858335805,-8.410493705643738,-10.221233642985482,-5.695936359777148,-6.722942571102378,-7.518441819292987,7.0,1.0,355.74826016048524,0.6377289950004373
766,-9.17927925841705,-8.748384248658615,-9.421455729797723,-9.343974771715386,-9.584958936735932,-8.879656035995314,-9.579724829821943,-9.574161577423231,-8.97065448227421,-7.924967835499837,-5.993603258586361,-7.549588016203983,-8.359697605472508,-9.513516756668238,-9.020967247123597,-9.355425422662792,-9.65388493000703,-10.153680361228375,-6.901703286097843,-6.612401659682807,-8.815081932984361,-9.131730349675818,-9.002817548477708,-6.916688843891013,-9.240145608748106,-8.873337493013533,-8.588768547664634,-9.843089632446517,-6.690550000847676,-7.9348948449479675,-10.178705299760058,-8.324978274083248,-8.988041653012006,-6.59949077475249,-6.011529658191041,-6.9820276250281,-8.50710262316359,-7.036641881124989,-5.7829433679011935,-5.8839372839521165,-7.899927305195438,-9.050353847145718,-6.099704470932716,-9.16020177642375,-5.633536698699546,-7.575502998690203,-9.162476681898196,-5.635539021997323,-6.664054151375379,-7.298541147173586,7.0,1.0,352.60850349178884,0.6037736699841908
767,-7.8225104433607,-8.937698359326884,-9.90222932368157,-8.831355624269714,-7.958339674789442,-9.453090212195269,-10.39433053807597,-9.312555401394565,-9.235336381080657,-7.776488797504161,-6.346334879109266,-8.147145966021341,-9.486070975428879,-9.752183264728384,-9.441214096646823,-9.029005611947627,-9.579795622445031,-9.744256694007621,-6.031357753100423,-6.384307626784353,-9.407202189743947,-8.323615577287066,-8.1898827040099,-6.66733501584914,-9.987477705123894,-8.784368860158823,-8.594786992703039,-8.969942272136095,-6.685814134889868,-8.069807275846195,-10.460241694395306,-8.373535536862107,-8.792784933590683,-7.591542451066302,-5.335370436860701,-6.7668270961933885,-9.086116123867386,-6.845743488730538,-5.829385536351185,-7.179838700233901,-7.851589171084933,-11.039573012925409,-7.050832758234974,-9.646530341997213,-6.040345687703077,-7.7545180704502075,-9.854783529386744,-5.774857639899629,-6.903207957534062,-7.602971009336494,7.0,1.0,401.25686521861246,0.3915178017193068
768,-8.466207317326555,-7.587779101677745,-9.610283965667568,-8.385073748962489,-8.078731465403695,-9.839462981798658,-10.503041636124593,-8.759306622367687,-8.273207651490742,-6.893137522461221,-6.356610180790396,-7.986560648150567,-7.870767682369545,-9.708566846303118,-9.88019357440113,-9.036989697535068,-9.407647416054035,-10.394385371322626,-6.027124696605266,-6.221904027434215,-8.288032690360698,-9.179971777229438,-8.914432615048497,-6.493717852892901,-9.735864627689248,-9.135485826749349,-8.585437844765194,-9.893793165721574,-6.3514042202311085,-7.453598402823223,-10.101215426806894,-8.103204317235518,-9.111613172679801,-7.44719299712831,-6.553109942335972,-7.1572191257961935,-8.866960508972054,-8.20885947208152,-5.617335267964973,-5.800301866985478,-6.271595707458968,-8.728489081109807,-6.824080195779822,-8.927765390076406,-6.782577431738832,-7.805818693649689,-9.226013637013207,-5.121494279806192,-6.462278774806355,-6.533942132398588,7.0,1.0,329.14005775495326,0.6247300761026234
769,-8.725973092442866,-7.979078800382105,-9.491258578948957,-8.363361531222935,-8.941267535930942,-9.612273861971861,-10.597308018759803,-10.235561377447073,-7.651512487942505,-6.282816270756889,-5.698290658330023,-7.191655134559041,-8.740536710683605,-10.133046848172834,-8.946953917819682,-9.065719715268497,-9.742080661737509,-9.365167005091982,-7.086769548816645,-6.906843940810301,-8.93708877550245,-9.106901263850096,-8.755077679318807,-5.719824254660322,-9.38040598818651,-8.681235454454892,-8.833244482967539,-9.281406644088477,-6.222827530900185,-7.62611352673324,-9.497325970551726,-8.455332109424072,-8.368417834843454,-7.779490827136674,-7.092779013082119,-6.934726176300834,-9.438845289834767,-7.395793197519341,-5.321111870406081,-5.440653492227491,-7.753780580779335,-8.76642971866541,-5.90919718767488,-9.043406648931445,-5.378292479933085,-7.652908392198148,-8.721721867970738,-5.530118588904777,-6.378803421198852,-6.55308603229663,7.0,1.0,342.87099964346163,0.3325637883769448
770,-8.745891072809972,-8.972063205361398,-9.846308691222292,-8.360176245175406,-8.413240902746981,-9.456072702804423,-9.43785950630379,-10.420829657195831,-8.802303596055626,-6.825476023730718,-6.648845319498511,-7.6580819017138,-9.22342499928339,-9.758371617610266,-9.514955190632847,-9.073555725641063,-8.837266143795759,-9.563848404349118,-6.083610140880309,-5.552643846666043,-9.160375839359837,-9.663085492760272,-8.288489728550044,-6.330772151757839,-9.205497845043755,-9.105213791547374,-8.76432931993305,-9.240303543020758,-6.21026940841441,-7.817269377019118,-9.103820148669913,-7.8389585912693605,-8.972652870145263,-6.766677268904525,-5.41798074456863,-6.988202660870817,-8.498425012371644,-6.358397371564491,-5.659234427462418,-6.1720600033447734,-6.315026462122472,-9.799955831627964,-6.442719582855847,-9.352141926821156,-5.414752953576671,-7.708472765302052,-9.519457850723374,-5.69898580930083,-6.314644193664094,-6.836632166490213,7.0,1.0,331.27785942552214,0.484690518989885
771,-8.394944898598771,-8.248221890387986,-9.457939763902038,-7.8300093027548705,-8.34541658433845,-9.685226319473747,-10.682219600460382,-10.126507855928708,-8.162527996483767,-8.042026723802973,-6.515751951877849,-8.418927007394185,-8.480923385575675,-9.501048771556714,-9.446890122138187,-7.990923203254802,-9.22054603348488,-9.916830046381168,-6.417938406143667,-6.214058433951928,-8.558534182913396,-8.905128801496977,-8.018549077426878,-6.6316280892588715,-9.980971762548283,-8.399563654966062,-8.298275622722098,-10.336499009777999,-6.95393443910523,-7.614360257854813,-9.180744091057141,-8.024704071708324,-8.556704709604402,-7.515941960223381,-6.147934457659931,-7.145842703168117,-8.959055757074772,-6.916404414762767,-5.258899058880678,-6.626866710081221,-7.326169270868998,-9.72042936303792,-6.94800295524727,-10.140969328139704,-6.801028539531124,-7.1499969370137615,-9.549277265880315,-5.275400581209076,-5.929317650865708,-6.468607264180614,7.0,1.0,342.84041110308016,0.5295577893718739
772,-9.66959286539667,-8.935190275433307,-8.97521254189396,-7.828708131675523,-8.664123434856734,-10.36726866167529,-9.608847946278766,-9.300920635423829,-8.394376758954401,-7.536585915719614,-6.62263495743599,-8.878703114765953,-8.984305747319537,-9.660111095508812,-10.329310927093326,-8.387442924103302,-9.113090659761687,-10.191254311728434,-6.056106576647804,-5.693916183745191,-9.39164654887576,-9.481001951954488,-8.169150785484183,-6.779613425600709,-9.944864339589348,-9.08945482069829,-9.417170734416752,-9.79615866095442,-6.609246976075074,-8.021388154111959,-8.841199593740374,-8.034390475302894,-9.829689474000775,-8.218655872212693,-5.9431233925745595,-6.549841614505183,-8.450630976159184,-7.216816517254076,-5.755541707444431,-6.445402169691805,-6.9093905092791035,-9.984515199120562,-7.908792970221089,-9.09685380430107,-5.808779266328073,-8.00371177101276,-9.03303888827995,-5.993631139468567,-7.457261120445448,-6.41400868553996,7.0,1.0,375.7428893093811,0.5830949392830626
773,-8.584460871185238,-9.160848730127764,-9.696881513375235,-8.861384452911935,-8.58530336909284,-9.246929837601476,-9.450197569695868,-9.974524972123444,-8.57032767150542,-7.270277254624005,-5.595355404762589,-8.348376476246704,-9.494743168227949,-9.738440952143483,-10.044459908259777,-8.556729017264233,-9.845773399851884,-9.718218303864127,-6.95789950158874,-6.150113379874814,-9.133089646980409,-9.543030116466303,-8.437073285164534,-5.944219895930578,-9.619557129469046,-9.178817474592321,-8.22348902296677,-8.918642619629487,-6.327568598102476,-7.677351253806468,-8.937866509779727,-7.0655532796840905,-9.507367557456174,-7.3635773049322655,-6.819097086285138,-7.349589561285048,-9.399314552679826,-7.040630492400647,-5.737642431610947,-6.209112078211131,-6.652021053456289,-8.504937838335913,-7.6615983270781305,-9.417396656792349,-6.286636225329108,-7.649364725182531,-9.92877774914704,-5.71101178371566,-6.31996333088067,-7.353030076786748,7.0,1.0,404.15365714149743,0.11637017391399809
774,-8.349375560969106,-7.819720663705223,-9.928355359430673,-8.246584935963837,-8.605910883919352,-9.789244937602184,-9.699988206728184,-10.004084349392027,-9.070463422148544,-7.394130397318832,-6.649489873493172,-8.593572410822624,-8.665952500152855,-9.552431676319191,-10.652409048533618,-9.670544785582933,-9.284084098732787,-9.287812548386588,-5.9964373956497905,-6.399580273120471,-8.83770766327402,-8.997297528816949,-8.336550229966464,-5.726217667522954,-9.251949574748679,-8.956621190420911,-8.181321366699295,-9.20197504937174,-6.850519048199008,-7.751346337623469,-9.508659597205897,-8.447198528954871,-9.237478745348348,-7.051298091904429,-6.720831714058637,-7.394390412689415,-9.02187706769121,-7.208692270978674,-6.097600358481509,-6.470515935922816,-6.728203678149421,-9.388439414600377,-7.556403546547033,-9.542684149292253,-6.49888020465522,-8.582619047805554,-9.467605567103037,-4.711174356425586,-6.14753222032996,-6.146822406623004,7.0,1.0,347.96518586652945,0.6703704012898957
775,-9.29846154629715,-8.6117115855699,-10.016117852194064,-8.76622230135403,-8.628529030981463,-10.208133681702348,-9.566196398803582,-9.379808430048367,-8.50481508846247,-7.00261940970732,-5.939926313782863,-7.637391059766254,-8.384911127918668,-9.25629939280146,-9.485948258221006,-9.702936619416104,-10.026786647223705,-8.996666027342904,-7.124919106181584,-6.309522096129286,-8.814544680752014,-9.350244573827991,-8.878194629811254,-6.253125986707263,-9.600187911310059,-8.961401468733943,-8.633802342998411,-10.397463777806466,-5.749246661456205,-8.814981840898994,-10.089962810411103,-8.395362378128015,-10.013850370716183,-8.081790327701848,-6.189862506255224,-7.327287400402695,-9.538654569555623,-7.6693282779036185,-5.640351373262413,-5.65371585829153,-7.568542341780925,-9.343957874212085,-6.789348908523566,-9.308277428046708,-5.935731034154949,-7.323459407874202,-10.11311373648948,-4.7817929807363955,-6.74439653748309,-6.91164338485448,7.0,1.0,398.80237818770814,0.390645999660795
776,-9.401627455200114,-7.2101058457578535,-9.487033198401171,-8.957219079345483,-9.152215858363027,-9.669908818109446,-10.206817178518513,-10.007589850106013,-8.727207923608235,-6.876817519244474,-5.469038630134613,-8.390021583129988,-9.768656678158735,-8.586912345949138,-8.827714400829441,-8.9281416029755,-9.454296309390939,-9.48535717896728,-6.1878676221801525,-5.587233124093794,-9.615302979140651,-8.98432269140818,-8.746762771337837,-6.433218675725229,-9.843226240338382,-8.952100261963349,-9.042144672159393,-8.905628163352713,-6.441137042868916,-8.023122100973666,-9.221740107307921,-7.889255500915995,-9.418784505510056,-7.889049221288727,-5.900885279976822,-6.769436723664588,-9.233186548060758,-7.365052524845068,-6.40869430104333,-5.943627059248428,-7.609109103465428,-9.928284209886057,-7.1718810708251794,-9.386376052101216,-5.803974845372236,-8.009589996197345,-9.63792620551774,-5.724549436856646,-7.043461937568881,-6.23833669510114,7.0,1.0,340.3598871576274,0.7818981636522584
777,-8.630697847869172,-8.803240798889414,-9.860918859161199,-8.204666077456986,-9.17684805994081,-9.581126494607847,-9.328256466719806,-9.758484615963686,-9.153572300737544,-7.445314156281754,-5.742246208113511,-9.204658991626518,-8.48392030892105,-9.588043661300102,-9.830933327763395,-9.105325248932557,-9.640597714570141,-9.79275579534476,-5.677726492811695,-5.981118291846214,-8.942366296397458,-8.237143222429117,-8.220947372852738,-5.371569230479511,-8.891059228475505,-8.496810634535128,-8.605839802455332,-9.524825247951195,-6.634036386414823,-7.842487000445162,-9.979239050568687,-8.515065752032076,-8.717200147474218,-6.828760720609813,-5.690773285622257,-6.510018031526897,-9.070127061926495,-7.871726337959845,-6.048625109163519,-6.339759252807197,-7.445007548056326,-9.78180943448429,-7.44221563050153,-8.74748099916484,-6.0149735251368135,-8.301262177096197,-10.199501899630684,-5.584433807266231,-6.538572148550598,-6.975301725582481,7.0,1.0,372.60880973418585,0.3303150216059799
778,-8.573596647058427,-7.130570719661268,-9.470523438972283,-8.071937311183406,-8.38833830317947,-9.736036838165719,-9.232927904981105,-10.215952828834704,-8.195487193186079,-7.474954702304303,-5.886012373257813,-8.27385880781758,-9.753913390509668,-9.921175725085222,-9.606223512398525,-9.2351528167611,-10.103470315705938,-9.300352415341722,-6.375855472033183,-5.519837108254745,-9.117393449000817,-9.842317677697643,-8.16361067937406,-6.560979524728872,-9.31366800289693,-8.953439204207221,-9.02054278318856,-10.041421471009832,-6.699024585179788,-8.745645069333118,-10.148580152795727,-7.486429090683136,-9.799642560478988,-7.599065451905257,-6.028682518249208,-6.501871875600229,-7.986912214052959,-7.4851153689066425,-5.929006572425545,-5.562300120509673,-7.62392281059048,-9.440714618716216,-7.272409961261859,-10.01230217661637,-5.493866335551052,-7.530210112773797,-9.52126834850939,-5.9979973616693965,-6.92484570380351,-6.654611601051536,7.0,1.0,354.48926572829754,0.6517278994573291
779,-8.010254385307597,-8.376355432813751,-9.181786910286103,-8.779568885083473,-8.415090943799719,-10.11989332136586,-9.067530097644424,-9.734432684474909,-7.990310512839632,-7.880376863219104,-6.370871855179436,-7.53896410678323,-8.540149382536319,-9.118682893641296,-9.800126297256174,-8.578523677526379,-9.20851550159558,-9.858745353831509,-5.81127504328789,-5.186335550866856,-8.455282216306996,-9.179216363465363,-8.75308212733209,-6.644627469547776,-8.746771268809455,-8.811905831821582,-9.585247499619745,-9.678118799773653,-6.445732877059324,-7.627827182707256,-9.975837615357092,-7.372046240003018,-9.091495061140673,-7.401573084423039,-5.055970520931614,-6.892090868195427,-8.07920639114035,-7.295561446525453,-5.797528134327587,-5.657545308059684,-7.646986487390592,-9.949408720338567,-7.602375081003666,-8.501211281090825,-6.071703337860898,-7.404874811922091,-9.348910415359159,-4.915088140238929,-6.49878058617022,-6.514664347782897,7.0,1.0,364.41521618271156,0.08189033417132086
780,-9.081013233017552,-8.964021795407223,-9.6578401618311,-7.970716214839004,-7.578357556686071,-9.775599688216987,-8.658739743605109,-9.594552222986298,-8.927587263960131,-6.070279615695242,-6.23352227916003,-8.131990516953989,-8.86152610901326,-9.404672174468736,-10.23757378773636,-8.942768800567976,-10.069382009344663,-9.179307717822006,-5.655756128251177,-6.118560488059801,-8.809752656342903,-9.13449982542517,-8.507915062321128,-7.289298584326503,-9.426995498146319,-8.120300385776385,-8.535106966292144,-10.567708495258097,-6.106507972571819,-7.780562498679629,-9.932456913732075,-8.015134042027439,-8.571129861346645,-6.854403302824509,-5.910473581157721,-6.876541760499636,-9.349917742312282,-7.613366132355036,-7.0599805358185765,-5.959802556278054,-6.985310078976814,-9.672735155786393,-7.663470157568657,-10.096376536787986,-5.654563547988832,-6.959212216188833,-9.55933911668506,-5.3722312296107235,-6.571717247032864,-6.64488284548843,7.0,1.0,329.6159517982683,0.7363540343097629
781,-7.940281767903273,-7.288239065932226,-8.833483457325107,-8.239328057699549,-8.367346095544839,-9.240538405782567,-9.208722110073749,-8.838883711852693,-8.622064916191874,-6.317846691640115,-6.100045657034054,-8.789735043174968,-9.371711594086381,-9.999565086025434,-9.576136510384883,-9.873414497557697,-9.211259636249455,-9.963246860695872,-6.378604117390007,-6.384154300188724,-9.33933902331451,-9.578373613941533,-7.813202964216108,-5.138206393702605,-8.888809498772407,-9.727082538613963,-8.811595801782815,-8.545670160183295,-6.201625780062122,-8.153881101661609,-10.007617998065848,-7.945557354558325,-9.42760921547434,-7.817058795263415,-5.586900505160104,-6.680615817471928,-9.165296375284054,-7.4729748535978295,-6.184498814460441,-5.199111193107049,-7.858957113185516,-9.262745560704454,-7.539247413349347,-9.300499305174185,-6.631624423363541,-6.945005544582301,-8.763199453719526,-5.2816942675008445,-6.856785917687392,-6.4177988433109485,7.0,1.0,325.4302659655718,0.5669430303508255
782,-8.409286742945365,-8.033200240887227,-8.449981521206785,-8.339662777557367,-8.530674089472466,-8.92071840064235,-8.649779067273874,-9.906964399416585,-8.653427043562637,-7.635748096396894,-5.8469744270381225,-8.349761760776774,-8.627318746147392,-10.335708722611006,-8.94349097889578,-8.323333654906024,-9.799796039121249,-8.89646790654185,-6.369290279967665,-6.092295938923412,-9.094646760340149,-8.68013672205582,-8.568981473430089,-6.9829485231086075,-10.016582423946977,-9.004337516644325,-8.861985576349875,-9.593935588698749,-6.105049658238022,-8.381673325464586,-9.904161782489657,-8.074737317573247,-9.547920809260058,-7.40756792373566,-6.203017243644227,-7.406413996322723,-9.389531690933163,-7.438556700759209,-6.722754478091913,-4.988021785446863,-7.808567445420272,-9.945408571488784,-7.806643904540096,-9.88867515763015,-5.928632143900537,-7.637911391066415,-9.715171662522415,-4.680625873798882,-6.622156883808826,-6.8126976463595454,7.0,1.0,420.25903138784474,0.03464404114397484
783,-9.138354257164332,-7.699686235343341,-9.168330801983652,-8.409156674138849,-8.484798541533207,-10.250298104308634,-9.9263357885143,-9.697018597672129,-8.639127009907652,-7.9572210616625245,-6.095355997948989,-8.562900005243293,-8.369904397773606,-9.488492572680562,-9.66856197381769,-8.54003561639536,-10.552772805609509,-9.283005198986427,-5.923504151828116,-5.381933676001019,-9.164729092892642,-9.699432090768418,-7.999516792020044,-5.993281289010855,-9.60895214446521,-8.94772661834643,-8.52931025098516,-9.027255831992822,-6.808252762050957,-6.894223833955963,-10.1717753301898,-7.775402334974585,-9.380104944922055,-7.993032725516637,-6.159532610743383,-7.372532932293835,-8.892291534286606,-7.587383699618469,-6.1279965549536355,-5.589162984501075,-7.492212764473299,-9.383371239532392,-7.273462106253708,-9.228365403124982,-4.922869261918536,-8.17765862352679,-9.946854476107623,-6.316989233323459,-5.927862603009637,-7.193584027902728,7.0,1.0,372.86115248041915,0.3645574009688532
784,-9.11869889787831,-7.966022441402863,-9.971847693668419,-9.50380767082221,-9.30588955899599,-10.040524987717557,-9.86717387172908,-10.20638043351707,-8.863714481421372,-7.677927858386826,-6.833656278437692,-8.164674864469728,-8.594888083931082,-9.901550677482119,-8.235624868651648,-8.331846128645415,-9.39615013705167,-9.416021424453543,-5.8465022905868835,-5.530114335315915,-8.04170984014764,-9.009067413291719,-8.038482304741553,-6.585228210397914,-9.703044276287008,-8.524112679642913,-9.168328505987379,-9.208297959389922,-5.463667255887813,-7.056551418527358,-9.713378989606811,-7.9195283257417515,-8.496655538572144,-7.885458552877656,-5.2292344405882645,-7.1074056413579605,-9.522152138216272,-6.982072424048592,-7.157360665004732,-5.9768721139380805,-7.365078913053191,-9.25269459250959,-6.581737876825999,-8.426703539635456,-5.577239695247073,-7.740711907314762,-9.576278611556605,-6.253726192565457,-5.735877928948838,-6.922758140834962,7.0,1.0,337.9631520126679,0.5203629543959323
785,-9.368788949557652,-8.4808002945714,-9.352295253561865,-8.604429930646056,-8.483186871365483,-9.194848207623913,-9.63674343286252,-10.318347701906319,-8.853553131962713,-6.835902283363111,-6.865411208076195,-7.452807883187383,-9.104616103756829,-10.104188530624185,-8.958893044267835,-9.429851999430474,-9.4866938249144,-9.468081646639577,-6.149975973028409,-6.28103721350209,-8.936811166842402,-8.332776496378656,-8.088594036972461,-6.26557247862494,-9.166613679126154,-9.256532219892074,-8.900093072381038,-9.426088137649074,-6.21603641708468,-8.391347316227032,-10.01844604025267,-7.7323295847372835,-8.547670578567693,-7.506405658070733,-5.628288096587189,-7.291844719909045,-8.857096118342849,-7.6078660463174,-6.727065749577268,-5.861603985054637,-7.743561372034829,-10.158052228104868,-6.456385460175881,-9.385914479366475,-5.433230481423918,-8.192525182873554,-9.532547509926141,-5.138379071093921,-6.079814876494791,-6.870637899737596,7.0,1.0,337.1131854727894,0.7289874361328273
786,-10.013753025373742,-8.81061089180107,-9.141167101871293,-9.109152203173933,-8.521424342672534,-9.780678397970691,-9.153402860659448,-9.971878516345106,-7.860836468261489,-7.386412695137319,-6.2961918884015775,-8.13038344317602,-9.017594333434895,-9.56697667265317,-9.594546636114439,-8.483857776096317,-10.092426495565931,-8.873312460313915,-6.634566970088565,-6.310065493720914,-8.603648601155289,-9.92315981329189,-7.757125913885545,-6.753176223960156,-10.25618958331599,-9.027236407287596,-8.821918620809978,-9.901121727829889,-6.691496193415677,-7.3051870697077925,-9.635742801453226,-8.537567863373784,-8.779436751163058,-8.143265059304461,-5.814114683227987,-5.830651539763898,-9.4454692878376,-6.71224089396968,-5.875957160592721,-5.767720060104358,-7.285362855730565,-9.159966064903166,-6.977825814115348,-9.505687238225896,-6.76144111857858,-7.98307158290517,-9.230146692475627,-6.459235456659393,-5.138194611784355,-6.371565517287761,7.0,1.0,437.88166360301824,0.017351986971437496
787,-9.058187216775778,-7.907264211971811,-9.438769187536252,-8.71782129846953,-8.747204971199189,-10.89630533935376,-9.103101566314429,-9.51579866869678,-8.513083756486653,-7.5574318360589325,-6.204119174749867,-8.154402153029944,-9.632188444450474,-9.108454482746025,-10.045943125293388,-9.920133636344586,-9.836988068383619,-10.414154513293338,-6.725684947003904,-6.303995363720794,-8.968291108731322,-8.741025804159346,-9.068271872600672,-6.218941800713832,-9.884720982619534,-8.558871618493754,-8.546320624356358,-8.793306105110414,-6.18639514082986,-7.739360145303161,-10.319361677164359,-8.172004325656502,-9.196462759541241,-7.505936621289424,-5.442750250196664,-6.8306803043005475,-9.216300733955805,-8.099895278363137,-6.039985983349122,-5.935747979948152,-7.126041361800374,-9.708597633984551,-7.734400947742483,-10.041409382851427,-5.9380801114933535,-7.943103623645575,-9.127813072248122,-5.921838299689353,-6.537839760821868,-7.776720368760657,7.0,1.0,365.8603554493177,0.7833799684767372
788,-9.323480633626476,-7.993572044925308,-9.422888079140783,-7.242857133650779,-9.035301537409891,-8.972855876301892,-9.10792562096548,-10.215891643155377,-8.629020723337774,-7.1806484174403,-6.266988646687772,-7.857315004525256,-8.818976652334428,-8.967692006660632,-9.6512299395255,-8.947916825173163,-9.959395033966363,-10.146325045040554,-6.120054276659158,-5.726437144606647,-8.408010933717225,-8.816623426325686,-7.934809071615788,-6.85437224742403,-10.37034578715083,-8.470004066746155,-8.40123517389624,-9.110745185200223,-7.012450579255078,-9.111294884136143,-10.0100453113267,-7.971730726631482,-10.254019164212362,-7.918057638391144,-6.058108710678108,-7.033326677610646,-8.699709516318087,-7.027158987381464,-6.009145365761696,-5.7706016129625715,-7.348678839905401,-10.426399256251086,-8.572406191489554,-9.054644865227097,-6.372078178860886,-7.647253729472177,-10.288228402988945,-5.708707573324059,-6.512805837919862,-6.337962787260654,7.0,1.0,370.0971050672672,0.4965189157686026
789,-8.468439777981512,-8.247313069048175,-9.220319442911343,-8.99223001940669,-8.614369092356576,-9.596158452690998,-10.385894207622648,-9.685445201716245,-8.348953477768648,-7.348151335148166,-6.358966006435404,-8.06675938321426,-9.01018889169398,-9.735082959324032,-10.010942741063996,-9.421942268451176,-9.675766404425762,-9.056564116612828,-6.070818117923347,-6.720715405451344,-8.679308996601689,-8.684521581984727,-8.20845770350621,-6.365047743413529,-9.701246638166745,-9.188824276736076,-8.246546411993123,-9.618326247369199,-5.45998367804237,-8.15614752601595,-10.008086932446465,-6.737034657607657,-8.729905897621894,-7.09260063525053,-6.195518368467424,-7.411925131482864,-9.134349585380185,-7.435892168553234,-6.18933847310051,-5.166195150291766,-7.592951848993216,-9.612279502622112,-7.592131421913281,-9.265425754452314,-6.458252074463974,-7.829008534857243,-10.203695005014234,-6.4973047791097045,-6.8498115954805385,-6.771032082386489,7.0,1.0,371.4076297097712,0.4201505634349717
790,-8.909204431734997,-8.021054070924272,-9.322500065297271,-8.460024779862897,-8.584372704762872,-9.695495023743081,-8.733247562776741,-9.934168729784727,-8.626050828307,-7.441237863619023,-7.148620477033057,-8.170633202657092,-9.092627771305414,-8.68886466298976,-9.398643058129359,-9.735292983148732,-9.228399946150672,-9.717124534239007,-6.2687184971621654,-6.112906856531199,-8.798890981698985,-8.717148473036692,-8.68831833593882,-5.617547928405711,-9.966907643553455,-8.571501255983812,-9.003584891419933,-10.063205426667318,-6.239707756506272,-8.139039146393134,-10.309368951065775,-7.422756160403944,-7.920612965250048,-7.540015206893726,-6.17807223782607,-7.029788411939874,-8.695756199710715,-7.61780562679393,-5.755238081075209,-5.929903770213387,-7.393957500183134,-9.533292455522698,-7.461383944853405,-8.757812262656087,-6.4012777167644845,-7.327160136899644,-10.10144301971299,-5.4380978546440835,-6.779126063267025,-6.830605880936339,7.0,1.0,353.43430012841856,0.4626009988201838
791,-9.29425824782096,-8.302658445114037,-9.741293531470943,-8.110236555624738,-9.180952584453197,-10.336721244799131,-9.312111695271097,-9.663587712713829,-8.535477576398621,-7.330348781623728,-6.26830370059818,-8.418861640156095,-9.017357488853417,-9.43370203309709,-9.297863662259887,-9.663363478795794,-8.483890685299441,-10.393333571135486,-6.373497783587625,-5.519220291547703,-8.514368897678606,-9.263818707307943,-7.865797708008317,-6.301094566989005,-9.140774906286559,-8.207758784209027,-9.050314737061655,-9.455351093651293,-6.473933879996975,-8.896179404923485,-9.506530641510599,-7.562611653451637,-8.935339333727711,-6.572939260785914,-5.8922788504198955,-6.664531775385296,-8.991322508355719,-8.101289922830475,-6.914653433294299,-5.540421726729608,-6.990927109110139,-10.176152454737071,-7.607438152839387,-9.45323665665924,-6.031363002931195,-8.09244045697645,-9.807776452711467,-5.165074857963854,-7.512154950999656,-6.945999886726156,7.0,1.0,358.8993495430011,0.5864635764326446
792,-8.254072625085294,-8.705032575642024,-9.316250874210677,-8.924497808583991,-8.030590599113635,-10.350999373550273,-9.79204337309658,-10.17705959696095,-7.923734203878705,-7.173782835440615,-7.137482395474551,-8.252562132014715,-10.113088534003372,-10.285409958437258,-8.959719146415157,-9.148714324769529,-10.53624079953452,-9.41174343310766,-7.094610237217939,-5.395186718444772,-8.738045177951667,-9.325984511227515,-7.838249389229691,-6.403045640621529,-10.013595660925075,-9.119836113114445,-8.386987825196815,-10.08647834613465,-6.852110520291732,-8.508932210719168,-10.16901764719079,-7.622241185409773,-9.092336860663025,-7.24182037543375,-5.757394050327647,-7.411278244035506,-8.976109958508477,-6.790087040406814,-5.475239337941406,-5.797442021455314,-6.752392095636161,-9.67439698440809,-8.458693601933142,-9.846988878686556,-6.776040920296607,-7.500096457483777,-9.743380389861725,-4.947675753476527,-6.893091073085538,-6.877961478056442,7.0,1.0,400.4748045460401,0.3809755989888382
793,-9.369754428245868,-8.680677447878452,-9.91399194399853,-9.748729675379096,-8.183982904168035,-9.11130409715255,-10.053853478677903,-9.570492302726331,-9.165750186163748,-6.921232521818163,-6.029171635951621,-7.676945895106403,-8.476292714291919,-9.508386751864784,-8.870822444555495,-9.577681735962344,-9.663238966542012,-9.898771367506788,-5.780511797311596,-5.412538498272957,-9.35363484327349,-9.056044650638098,-8.316585289863948,-6.265060774952794,-9.939938346850425,-8.228207230484557,-8.031089926991546,-9.806159921026918,-6.123571726885668,-8.874227218675417,-9.623985255235715,-7.886853367118453,-7.81630719844852,-7.828443693077002,-6.65662184710832,-6.697211652341753,-8.981522142581733,-6.770541286855545,-5.891833801220627,-5.136309178274823,-7.4060748978581845,-9.574140344736051,-7.353049722529309,-9.1644353683355,-6.195919949018334,-6.963226411348527,-9.326585206876167,-6.149480756963625,-6.522240116496411,-7.285237438383333,7.0,1.0,354.18392195718263,0.44622006250674917
794,-9.628957705759106,-9.676806368350203,-9.700157161974676,-8.708514474580742,-7.877187714154965,-11.398878814351056,-8.690751991663905,-10.402624391449939,-8.837079493723854,-7.474784309014436,-6.026445950073372,-8.353830465944872,-9.678735029579007,-9.5543322682533,-9.756362106688718,-8.501895197992535,-8.93997248988174,-9.886488819144175,-6.599941074099977,-6.452240572010178,-8.748905516726163,-9.125639781186475,-8.64387679503342,-5.973162470168901,-10.550938999410587,-8.812818755772202,-9.239386451231395,-10.251077949740528,-5.857025781115357,-7.657906348773854,-10.05512263343958,-6.762621121892983,-9.458842232072875,-8.03591917846789,-5.372708913770418,-6.4863878331382985,-9.326541177842211,-7.811085468013077,-6.085610274967666,-6.836000985437915,-8.023874686491503,-10.346078712406523,-7.101398661288215,-9.767790673987603,-6.254272757521215,-7.607040366592838,-8.968068533447658,-5.735717823045347,-6.09817990242991,-6.627622981816018,7.0,1.0,382.7348663004763,0.6890378394753034
795,-8.247505693673588,-8.568495928253068,-10.12937285662556,-8.70673563936373,-9.096046917459917,-9.337650562948292,-9.687234429259254,-11.093233952583214,-8.594499080811584,-7.53140484407464,-6.074706703556002,-8.292306951021938,-8.807715766204353,-10.85811494483834,-9.127425332027416,-9.136162194654313,-9.872142728134456,-10.316377618351584,-6.130241393972029,-6.608308979898059,-8.194984490742755,-9.35863968288614,-7.259803852257048,-5.884085260231439,-9.940205218334835,-9.14991918121717,-8.186583705350623,-9.158668599770202,-7.147790486486775,-7.571060742804977,-9.756871342595119,-8.188847011843436,-9.319498598908126,-7.1339239390434015,-6.415701190110507,-7.04770454778329,-9.324852481040642,-7.676557541605986,-6.212024416070224,-5.6710820286850785,-7.54399438842055,-10.688465166782013,-7.344412351888801,-8.869664941976627,-5.696168356249961,-6.91351555441678,-9.673390981288678,-6.533164468311869,-6.985961814337959,-6.777811571450402,7.0,1.0,359.7748414515302,0.7833265703426939
796,-9.191000048151148,-9.31062308215861,-9.14074690251456,-8.338727903610112,-8.086616081581019,-10.199138697057924,-9.373910765136712,-9.149186723665629,-8.108280341766879,-6.949361326043298,-5.292987173055576,-7.558491161022594,-8.69460005793259,-9.689542246369959,-10.560660543906158,-9.170080484131924,-8.851442572082314,-9.47194921263934,-6.522225805539612,-5.660650038377283,-8.574325973104017,-8.68081494056018,-7.925935193240701,-6.408566931918271,-10.075833111568098,-9.665388322755334,-9.44514641510037,-9.3577755948409,-6.784615866236975,-7.989294142844194,-9.580488993940296,-8.151041526539936,-9.509403639218293,-7.880443935071687,-5.728366949471759,-6.737335335175264,-9.225855911276597,-7.652428523846835,-5.675901110178754,-5.56624226209015,-7.723974307373469,-10.188860387123142,-7.557891069216032,-8.681937148793404,-5.352925799784979,-7.682664240688662,-8.693646108504606,-5.628973893799374,-6.1793834014382085,-6.617486622404756,7.0,1.0,356.91765789049174,0.3975285323358933
797,-9.05753550451172,-8.362911091081758,-9.076378968936211,-7.897225633866889,-8.262159723088297,-9.723079719496083,-9.523336973229995,-10.122916090352264,-8.497212517360003,-6.946956439914795,-6.358970388897003,-8.136959564869315,-8.5405132874297,-9.074194042403555,-9.625396942121709,-9.154619706811538,-9.677794755756093,-9.9305941322639,-6.432905639329469,-6.18028258101725,-8.27614196474414,-9.157357222957335,-8.441814919250428,-5.7906033573466384,-10.06134162639935,-9.155044462533938,-8.404200375516377,-9.935125634347923,-6.71825066857567,-7.73977640502586,-9.279505890603907,-7.860539517863144,-8.80002588230152,-6.623186075777111,-6.116646446968106,-6.910434624756241,-8.656692411450148,-7.329292549117594,-5.852716651575209,-6.471606741189724,-7.9171522229576565,-9.365650207447661,-7.72494134520071,-9.567231412005818,-6.106119364654803,-8.289843209675084,-9.398220849917127,-5.723344983281151,-6.460634914610703,-6.406724161046571,7.0,1.0,348.9902584622996,0.4967036007433155
798,-9.323297584699962,-8.471558369402363,-9.548347029865024,-8.686418831573636,-9.05201008586024,-9.0833516769983,-10.27674950059033,-9.343242547250025,-8.290510946227469,-7.7531931281045345,-5.696720125952211,-7.931862110992641,-8.291887627833507,-9.397434264394569,-9.800747873252005,-9.970748723233482,-9.766046823589617,-9.619488750537586,-5.9605962303562805,-6.363343462270601,-9.115848207591988,-9.116753619504129,-7.854396269235199,-6.481244074225334,-9.334606515309183,-8.443471402516348,-9.652980157120973,-8.535115514370672,-5.870809197834527,-7.437440729138227,-9.935261866871867,-8.14980158529342,-9.557694533029052,-7.631331501688789,-5.795021170626485,-5.920739845738694,-9.364520616386834,-7.140351714337251,-5.971951998479641,-5.1006014494080345,-7.206127816950517,-10.172517474544525,-6.947604718396347,-9.307234438662569,-5.56514001857323,-7.192485440897539,-8.778891668963569,-5.005352118696561,-6.827546390398865,-6.103209215118963,7.0,1.0,341.59052680346775,0.4893850505668598
799,-1.575740376181069,0.981885939542452,0.28925414652599546,-0.16703526495647436,-0.46117638782345516,-0.90404277499219,0.6718496376322931,-0.4180999568708885,-0.8737084239834307,1.1196788214022408,0.39637665523992416,-1.5082145682906511,-0.44170386863368494,1.899953433007565,-0.1296043971063261,-1.4393143693995527,-1.8317256816393557,0.9119850777848182,0.4624220371235719,1.610928385072317,0.49053365667763416,-0.9595131931873686,0.2220707015383354,-0.38005406964374844,-1.4329765180689709,0.31098542348791636,0.10608497872271005,1.7542764967455473,1.8355151512067787,1.9377272148892186,-1.0761755184577066,-1.6116830065891405,-1.0170053355312763,0.7630306541796923,-1.2102723965680355,1.3181087897101826,-0.6154909266298136,0.05605944392025952,0.6446319064816857,1.734497963577272,-1.732397320718471,0.9875587469194338,-0.4388695285088229,0.14303371092367412,-1.7582832218950801,1.5654231997970984,1.11149494699651,0.680478783066155,0.9402107865961602,0.6547980734176502,7.0,1.0,0.9218059613471895,0.7276486584046165
800,-8.597820735356906,-7.208885221062746,-6.934569907710187,-6.87694203903465,-6.304038887106633,-6.139564694490488,-7.1780125893577225,-6.913814640563208,-9.002827035954336,-5.785153479894572,-7.183045743395701,-7.381177096612585,-7.395997125546808,-8.782135413304418,-6.686284269535768,-8.646478492158975,-8.494666794545909,-8.237757456840395,-5.757325232476115,-8.033927243308407,-8.968127845856584,-6.417770772001583,-9.479879506598943,-8.046450041994968,-6.679491586744575,-7.3190571806524805,-7.177656784568353,-8.646986816991184,-6.61797214642192,-8.191421309584497,-8.227724759313034,-7.277003849295836,-8.004645039713932,-7.752639668268467,-5.884072461393061,-8.876811332270016,-6.20830286515656,-6.309625482203786,-6.639593159226609,-6.480569010470129,-8.621071366425296,-6.709008950352443,-7.897078013985974,-8.302227280251445,-6.943808670842313,-7.138214843998631,-5.978522899489326,-5.487671848767429,-5.933665085906813,-8.139124972933883,8.0,0.0,30.403634201203133,0.9791037984317419
801,-9.100184209563267,-6.884739814310355,-8.175083075439362,-5.883611859602357,-7.039006495040177,-6.502414406366942,-7.1878568348401055,-7.5380059250595295,-8.510252522933888,-4.830968863917112,-6.3802843106321285,-7.067466463164676,-6.896914136402003,-7.076363347961232,-7.835136054654296,-8.662982196458954,-8.642119193788627,-9.024649884167202,-6.0157431713429155,-7.867689959046759,-9.008053561229683,-7.076475276798511,-8.775130610727969,-8.153630087891113,-7.380123036931844,-8.45017151039621,-7.333576114933961,-8.248329326192307,-6.854882681102446,-8.533256660217571,-7.755737229047899,-6.610745399186683,-6.863008824906888,-7.495051680344246,-6.316328586516413,-9.064120387017274,-5.758124631316293,-5.749046772142363,-5.801877569615345,-6.186508859251334,-8.280775566030812,-7.32228440455467,-8.808759771869378,-8.794946687618861,-7.9791725057383776,-6.162602680438516,-5.999526998886188,-6.649449431159968,-7.216608887070335,-8.234993149749542,8.0,0.0,33.17629909092123,0.9100361996690095
802,-8.86037466518269,-6.873423459394463,-7.286955304915942,-5.655780602372995,-6.959790301937466,-6.591839058808183,-7.647591155549362,-7.099036008699853,-8.710257174262372,-5.481894397572467,-7.3506868333691315,-7.208580251151426,-7.088388631222277,-7.703400509683,-6.28543032595627,-8.343957452483794,-8.603289182062495,-7.486267452455222,-5.788153719820158,-6.719850539500422,-7.7224588433072086,-6.878260206136033,-8.500945472434148,-7.698940475094703,-6.867991007437332,-9.535942094800479,-8.086900130626477,-8.37993568279467,-6.3062769242035195,-7.848319049729726,-7.605611893216352,-8.205742049978332,-7.691063366961931,-6.4037637583526825,-7.009579916625829,-8.02425236278462,-6.747986809706981,-6.054779037970669,-5.52561035221885,-7.765441566104844,-9.061758521712274,-7.472966917137115,-7.3222221892743455,-8.713403609239483,-7.165152453768299,-6.9808278528124195,-6.109521209339285,-5.720717327018711,-7.011189026146809,-8.55992292884522,8.0,0.0,33.30874887089048,0.8111387061241014
803,-8.836335251266776,-6.938227380050725,-8.353087546730213,-6.18344042200908,-7.036748579849549,-6.413169344567161,-6.672782223221761,-8.000240577696959,-9.126072998984807,-5.566719733914588,-7.004582905945489,-6.866543140864531,-7.955540073318568,-7.09894753004846,-6.287227030481052,-8.164255473090893,-8.264453712802906,-7.399237842285418,-5.497048598156013,-7.648300568915306,-7.742670002715143,-6.979185159989913,-8.629157117574492,-7.926831849726984,-7.078304924932522,-7.570855527904644,-7.417710003164373,-8.502030593166392,-7.286189164769843,-7.067973822762126,-7.439024804537322,-7.271524010764563,-7.3564890573362565,-7.810946376536549,-6.79092068005632,-8.689945845317196,-6.046467118454083,-6.685397201052073,-6.308730345837434,-6.806922244036943,-7.988274189509887,-6.92938104658656,-7.883990830277192,-8.447910893758845,-7.1965758838318035,-7.430985690884537,-7.009347964668807,-5.812827490535447,-6.577560287054871,-7.185222491434983,8.0,0.0,29.648658797127077,0.9727005800020885
804,-8.221573914064052,-7.023936027934123,-7.862559748678441,-5.297126886375659,-6.92719360398846,-6.811051161478483,-7.980810834195379,-7.494105705230757,-7.8623291416913395,-4.935658888278575,-5.891953141708315,-7.184884477216466,-7.006321924788643,-7.7339985608164605,-5.6403461734145335,-7.920480692294621,-8.494728806332384,-7.574594709549063,-6.197855498981579,-7.420934068977432,-8.1494552044089,-7.852932632972768,-8.123797355296174,-8.756848991451342,-7.084623466381997,-8.068621098244337,-7.262909589501124,-7.787041427240881,-7.277043255401057,-8.1026673230596,-7.9721400107785145,-6.614286516979906,-7.712487157554466,-7.861131351304758,-6.192593876222547,-8.139139514264075,-7.2299757568603376,-5.889086426550344,-6.372193012052303,-5.686600362412028,-9.11673290386668,-7.263140172249205,-7.579694780746194,-8.11031525490828,-7.4097002978543065,-6.833716740067802,-6.281686055267066,-6.508831755582222,-6.086659449608444,-7.322149000983198,8.0,0.0,30.247524128055467,0.9218708573089016
805,-8.312570095365317,-6.55962131852277,-7.578865519899651,-5.733373594804012,-7.229430821830441,-6.166415817343558,-7.185267949351041,-7.2785378562947685,-8.316511639595378,-5.963593392238458,-6.432579341556857,-6.506333269326314,-7.7293995639078465,-7.013459889197017,-6.188380266173029,-8.424530656776968,-9.195004401890628,-7.312010173600432,-6.407772268544203,-7.517470676282427,-7.861118968383626,-7.564739172018273,-8.086906037925981,-8.418701346055576,-6.8356239698296735,-8.526126840733777,-8.314731211209939,-8.519322050607299,-6.2931234281855915,-7.802862353629076,-8.659730289915524,-6.34259536298214,-8.507044296373756,-7.210595651072047,-6.216992072235865,-8.42474530631526,-6.4972995936025875,-6.421088052047609,-6.034360169532136,-6.735264702595871,-8.42839110531837,-7.407027906172509,-8.086841261377671,-8.264429974070326,-6.874341858767549,-7.621797317786991,-5.42377127629021,-7.229065541550192,-6.469703607423128,-8.139431530739133,8.0,0.0,29.84854859916515,0.9781721294466966
806,-8.604723265105534,-5.822416982057061,-7.891228563189772,-7.515356239403254,-6.983075447991023,-6.837988327558186,-6.769987974042251,-7.207250853275539,-8.175547228556207,-5.403575755005419,-6.695036088131256,-7.032963751767913,-7.508464688924089,-6.888132006885943,-7.90608699013457,-9.00245596257153,-9.30426626840732,-8.004949727697305,-5.960669934922511,-8.005536008335698,-8.294869104532706,-6.806270451341086,-7.817080612339099,-8.839637352151865,-6.996176692068399,-8.69802234907677,-7.270823282693448,-7.273528691702946,-6.753834050893691,-7.724409544379755,-8.695714406517757,-6.550122612853735,-7.990480544604495,-8.193659656893828,-6.0708331426873,-8.279772077963733,-6.747118258721555,-6.179065415616296,-5.8667692099895286,-6.582216656011638,-8.374558515788117,-7.436090655348477,-8.419680893065713,-8.496436657457837,-7.515659112216903,-7.016454698023546,-6.453799815128815,-5.662348086396594,-6.598631997536457,-8.047598928823541,8.0,0.0,33.90738737837866,0.8248611730337768
807,-9.287122786964776,-7.357759302350412,-7.471778994661322,-6.2649858969335925,-5.804327666543941,-4.766791185835687,-6.965053364444027,-6.940648028870439,-8.987382287918857,-4.777701469128715,-7.701321089360497,-6.444666682708105,-7.4021375825369375,-8.35354773133846,-6.445847936010916,-8.784878087614915,-7.97183155436035,-7.176251747594747,-5.941265292932784,-8.722892695408994,-8.600028958336129,-7.293807249794511,-7.80870408535865,-7.716319628248636,-6.229540047199258,-8.471346376899357,-7.609570880320231,-7.907001392381771,-6.671711708455447,-8.287451419741595,-8.607393968774328,-7.365463053511345,-8.077554667732906,-7.364934279158731,-6.673364736269104,-8.297411029848101,-5.5896445002012625,-6.745303599159717,-6.58561985127765,-6.89428156813617,-7.059227472983762,-7.5155522042407865,-7.649170655216138,-9.025072030854597,-7.4562450307130135,-6.65513000496144,-6.243664430604594,-5.831548333910891,-7.192744179651401,-8.690185483564031,8.0,0.0,31.703415518716355,0.9086645409649945
808,-8.466899227778933,-7.263360430909672,-7.8914205601033425,-5.758057373755398,-5.921971451510754,-7.032924512057407,-6.861237381625554,-7.469364669183698,-9.337301238204128,-6.641207125399134,-5.867684991769798,-6.867885878442696,-7.501634465020032,-7.042875241529289,-6.47315775880033,-9.705664712233839,-8.427469228932296,-7.431076247070359,-6.054493821406639,-7.271775074724426,-8.172141442591595,-7.916706058842919,-9.164651214953533,-7.653557767676986,-7.0707925796592805,-8.651000304990509,-7.85930789919657,-8.214508393536635,-6.050327314296894,-8.375342625957483,-8.021054190815574,-7.54206422539617,-7.025648626109964,-7.3143161685153375,-7.07498434962419,-8.664350924161646,-6.078192037526306,-7.0282647986654085,-6.769132022374106,-6.298650957649069,-8.557191470580026,-6.839086670690529,-7.173901763219574,-9.430284951117049,-7.755504718042321,-7.958650962904757,-6.663395801406235,-6.168764888609387,-6.8989599056964535,-7.867488401674533,8.0,0.0,31.901116014255976,0.9686886953909097
809,-8.038365898690929,-7.747169154319454,-6.896328003641333,-5.953562120695531,-7.292392527247418,-6.770169230685973,-7.519833424099122,-7.088534242671129,-8.141135788946658,-6.107815602394227,-7.631757445116724,-6.3635483873900185,-7.474882995915024,-6.593843255011546,-6.6723838160300115,-9.277545156598983,-7.874241685422666,-7.763303964710798,-7.191578792100462,-8.097711906590316,-8.666855861889777,-7.319361605461656,-8.54955022561618,-8.50676109532437,-6.591797261834778,-7.839743381977392,-8.115631409347204,-8.303971106262654,-7.663472262442784,-7.083218319741774,-7.844575549727963,-7.584542158994894,-7.683104450521181,-6.889257538628284,-6.685340294674756,-8.25613853356554,-5.513016118987532,-6.568926489175351,-6.074559649836039,-6.150662077123764,-8.294400148747625,-7.579620115141364,-8.15015009761238,-8.31633657600323,-7.32012103145652,-7.35853206936952,-5.7248506168175375,-7.8082030517479994,-6.2692860260358705,-7.670995859709948,8.0,0.0,29.75553505819949,0.9870392670100123
810,-9.34966305678829,-7.2012529419605675,-8.122489912339253,-6.457566502718932,-7.297627692607903,-7.043809488408788,-7.05068469309495,-7.430491273665406,-8.19269706513861,-5.087146461533725,-6.706769472627663,-6.491244897003059,-7.095455216323969,-7.203005887424333,-6.628244932961512,-8.301135072990535,-8.695078829603812,-7.138215132386428,-6.25178205675543,-7.7215177962459025,-7.946537611093189,-7.289436846496992,-8.391893387093262,-9.06322223150879,-7.636645432804295,-8.317210595006546,-8.08307878987661,-8.623010100213339,-8.53321838732916,-7.895208014661642,-8.227847690676787,-7.95424373365861,-7.85697486765158,-7.7251709586696,-6.703562380763639,-7.519914486533503,-6.203301959316162,-7.119917864796801,-6.673005904157766,-6.544103374273078,-7.619345397596486,-7.143502537271698,-6.781067677700393,-8.943275802749703,-7.731785564055141,-8.541251502840636,-5.679423841920403,-6.028961201934589,-6.332249078685716,-7.803251327039775,8.0,0.0,33.741316041289174,0.8994298762748351
811,-7.947964548360044,-7.349730091860593,-6.731597362056013,-5.728070195105055,-7.211516344838822,-6.638830539744506,-7.282461494001582,-7.608740104287433,-8.116091086219358,-5.592683841202976,-5.745086640030699,-7.005118285640696,-7.5472615470481585,-7.545876433881208,-6.831274019961901,-7.876836272901443,-8.853482785204308,-7.361384235606278,-7.155305691531727,-7.49596041158408,-8.354247643030954,-7.399008667554177,-8.738677993709109,-8.165216150054057,-6.535981564062494,-8.287367419752227,-7.41027351463822,-8.422489821423978,-7.165710307257729,-8.2118212209985,-8.89369957962614,-6.252530767918615,-7.3523661055913845,-7.529769056953518,-6.07559377622279,-9.002110738361731,-6.620120133725743,-6.76889544208595,-6.408889515455399,-7.0913437004277755,-8.30221613082471,-7.3781477561857916,-6.705163584059771,-8.568676159117192,-6.772162204917234,-7.920680236682802,-5.942822399385857,-6.4676292860386955,-5.880385451571867,-8.176790814984901,8.0,0.0,31.466062656632225,0.9232958067637029
812,-8.18651463509924,-6.752249130993738,-7.628363319363763,-5.903301728857102,-7.56327934880909,-7.824643312632828,-8.079358856446646,-6.877902196100126,-8.878297130240114,-5.910253354642231,-5.690763104425045,-6.947014917032408,-7.181684568366083,-7.887946407229477,-7.171693348487226,-8.340243601635844,-8.64691793050635,-7.124890296746247,-5.822311708951846,-7.976730451078515,-8.522153047783467,-6.515305251933539,-8.797532774990591,-8.114808301205683,-6.890667520978302,-7.929889355191483,-9.057206728990744,-8.264791784578728,-7.203567429810366,-7.77900026995399,-8.418351197860465,-7.201400928117609,-7.3069385797002,-7.737027251463444,-6.594662089844195,-9.399320830011192,-6.42724302766687,-6.223262579613531,-5.224597693312855,-7.28751103455746,-9.154314611384734,-7.613232725247136,-8.352727343078923,-8.256684733423466,-8.572240530094335,-7.244914355097641,-6.623285751349208,-6.174038876302613,-6.661292724252539,-7.201926153778795,8.0,0.0,32.73901899427226,0.9599169238409135
813,-8.61664858581148,-6.458525497868913,-7.88763713120258,-5.811477025858241,-7.237766013715369,-6.171799026698834,-7.348448378019421,-7.112620581178676,-8.782878168861618,-5.7158748535882,-6.364363628009898,-6.448594832477755,-7.676022859644716,-6.9416695205895165,-6.909193348464406,-8.188280347331755,-8.380986906450712,-8.278381929151708,-6.166003623457358,-7.707895750765396,-7.84320170797274,-7.015763677401075,-8.463863159340573,-7.8336331378119946,-6.594507433469092,-7.742242106331961,-7.366789617135657,-8.006068459613564,-6.220821662478708,-6.810914410561809,-7.546511907630584,-6.81411569434072,-7.064089347285114,-7.280262708740978,-6.470050617955459,-8.762545956994233,-6.638497121432561,-7.548904953510555,-5.865459047243289,-7.372643112635492,-7.970666004808519,-7.125977449219994,-7.763200711854639,-9.37737531852264,-7.462085285107859,-6.28043816355803,-6.180447659214585,-7.14723797871075,-4.977659185652086,-8.03871808193493,8.0,0.0,30.242111611590595,0.9164844669779617
814,-8.293002014276817,-6.433445696589355,-9.007536572799797,-6.314426858311113,-6.8696598478898,-7.130612958322388,-6.709026024441529,-5.835512251017152,-9.480354670100272,-6.380484093291734,-5.991050831594886,-6.081294036486438,-7.588782093242234,-7.719862326615156,-7.413240110372539,-8.368772268522713,-9.69044610344501,-7.6346579059260335,-6.502711221057824,-7.9079497902371925,-9.270911133732032,-7.459420124318987,-8.836050781706797,-8.774547170984565,-6.173557379270628,-8.267807049130916,-7.747812903544698,-7.393171775170792,-7.118772354911022,-8.005861416281668,-8.801618500257765,-7.505374579123731,-7.445459293143981,-7.261402789323331,-6.047326143835014,-8.340126589750538,-6.151590230881919,-6.2013023434283845,-5.159788423131644,-7.3622015334270365,-9.271858175912296,-7.130665681572551,-7.483973907041359,-8.998022577319903,-7.271606193363167,-7.1193170312799445,-6.487535273432993,-5.7468232719412855,-6.895871464251658,-8.20650034242437,8.0,0.0,33.39477882697869,0.9192565341836473
815,-8.704707835451025,-6.774141309738197,-7.562764367109249,-5.468212291601565,-6.454533028709363,-6.936599670053816,-6.95980094154804,-7.99734152720737,-8.658256386470438,-5.2906018378598105,-6.664818332866118,-7.44204910341266,-7.304705757416279,-7.133918054581322,-6.296277168164841,-8.126825321573143,-8.25406519312941,-7.469233956838543,-7.198240391161092,-6.749632975674071,-9.003867338387872,-7.923341829315793,-8.754140434746931,-7.15306004312815,-6.698364315953686,-7.652552302336093,-7.6485711336248166,-8.5885543686839,-6.570302740878217,-7.393722594431649,-7.973264918750783,-6.170010764373609,-7.487617274967944,-7.559542997058006,-6.1228365579875454,-8.850277515464352,-7.489406864825932,-6.255485933836902,-6.88713059811454,-6.452418229353853,-9.061705173587045,-6.919317413778805,-8.975858934829956,-8.0726879367002,-7.253381332561288,-7.025369570478137,-5.986612477192411,-6.253274397168543,-7.246884792325786,-8.247805797113099,8.0,0.0,30.263493009713713,0.9732067415955291
816,-8.352039835074438,-7.947138625607181,-7.724400325833013,-5.8997476172611165,-6.605545234318283,-5.875596095503712,-6.7192525999721395,-7.534620726778951,-8.575994479556705,-5.124404299560195,-6.238854160633754,-6.8456790864610655,-6.366567911448797,-7.276455213588297,-6.521283507737261,-8.818911829779472,-7.876060047856521,-8.617313330432907,-6.743886805530551,-7.416974193204963,-9.128155824042194,-7.772471428682231,-8.770016027288815,-7.901521896259902,-7.221145955808955,-7.685157353040444,-8.745020750797437,-7.978907334687297,-6.620612456779897,-8.538328548766643,-8.032392673894144,-7.29861949548373,-7.609972333904579,-7.277193530142346,-6.480417617109526,-8.181233249605432,-6.509416579098911,-6.380382194799376,-6.836134352398004,-7.428810162919045,-8.172893442767421,-7.107425980726792,-7.918817380552258,-8.407381359196556,-7.8474701996520135,-7.3475505102420975,-6.639775586073018,-6.555116309914339,-6.32161241406101,-7.691918536996551,8.0,0.0,31.090859690633753,0.970226738368655
817,-8.400502513848979,-6.300252540627473,-7.7289049225319015,-6.68965775589115,-7.035431400965511,-6.52583635533737,-7.489838118431506,-6.854460467855313,-7.96866321475201,-5.84798019587085,-6.834975624880933,-8.069986455030334,-7.1236226644762315,-7.151558911943375,-6.62913273248387,-8.868928748312753,-8.740630424534043,-7.615347731713182,-5.997377189843256,-7.089895902313858,-7.75937226677609,-6.826866866287348,-8.695813951548647,-8.769089126277258,-7.1915720802607455,-8.820485927748239,-7.4388748888164535,-8.141310071187952,-7.431243734559198,-7.438080287137438,-8.498895889461332,-7.869564734441164,-7.1751884189558695,-7.978325650926276,-6.6657190561628346,-8.334973923455934,-6.857350444428644,-6.273599650022868,-6.467243782577239,-5.776912387127713,-8.34779329601133,-7.581548918874726,-7.766257316159738,-9.218675554243454,-7.123520870880513,-7.113422381495662,-5.641346320744428,-6.280602526834404,-6.6499917309549845,-7.639308495657946,8.0,0.0,33.04085298215259,0.8738957857139594
818,-8.6563213738159,-6.946463592280324,-8.269004075842432,-6.577533969129355,-6.557079167256715,-7.23287970712185,-7.459046409737712,-6.915417648262356,-8.057926112701097,-5.122686418034096,-6.578902085291129,-7.159917208420085,-7.384177053075359,-7.395988231962396,-6.172008593345419,-9.029319036935435,-9.114497442607762,-7.461020115307083,-6.451493148043857,-7.472508194928199,-7.907709324070699,-7.213028530345024,-8.836921337002929,-8.156905676202534,-6.50203500494941,-7.437251533398541,-8.018071257998349,-8.048923243613723,-7.066737118153735,-7.903788382299339,-7.6137790813204544,-6.674655619812122,-8.06677373335946,-7.970837782379037,-6.507410756298469,-8.55514725134975,-6.471990083648393,-6.400311436107991,-6.305885115864998,-6.429243877706963,-6.465678949106412,-7.579757360962802,-7.6949196645456235,-8.408071381878257,-7.951071916911697,-7.5143499361451065,-5.510094526844046,-5.684357654389323,-6.340591991997783,-6.722150914178544,8.0,0.0,30.71959538766358,0.9240039898319664
819,-8.521516917404966,-6.204767390438932,-7.473286107977144,-5.526466455701265,-6.927446448341262,-6.558318987519865,-7.805300064109419,-6.69110173415894,-8.123899438927266,-5.442823783868189,-7.08344550597638,-6.2439468507305245,-7.773854124447015,-7.068606086060624,-7.316207341413014,-7.343994741435335,-8.648019250641534,-8.05184730570927,-6.169487648665179,-7.179445265978772,-8.559512532928098,-6.98489348221466,-8.81681100220085,-8.176529758730565,-7.446915864902868,-8.150864116263962,-7.977400008393357,-7.356843461577821,-6.528368110819882,-7.723832385706514,-8.518084988560636,-7.4207439716516035,-7.877442037776747,-7.532462609215707,-6.636144416978143,-8.83639036424067,-6.824583208224886,-6.478926093359601,-5.902342931530259,-6.906386597752359,-9.314627307194899,-6.345922684385096,-7.204181901027259,-8.276884247735744,-6.938958591834888,-6.351390535352814,-6.137589860343319,-6.646322543320455,-6.043137183034421,-8.46883760499728,8.0,0.0,30.79033125901231,0.9319463867687663
820,-8.366098473771476,-7.254049778410985,-7.611353541922709,-5.997333938273274,-7.0923469594279975,-6.412165485999681,-7.327657705409497,-7.6231502047987805,-8.4735083790949,-6.211369885216131,-6.2183360782375505,-7.219883256948336,-6.6955028422497005,-7.504962165444365,-7.002826161446776,-7.828633791327818,-8.223410545917595,-8.640312904510457,-6.7490470900301265,-8.115949077315705,-9.03950960716393,-7.4218429831731365,-8.407103476749317,-7.339012023858899,-7.060844669636613,-8.437708296269692,-8.25928301437359,-7.426962380501385,-6.268871532620581,-8.50366912100217,-8.764439465982285,-7.303710917962733,-7.015433272619705,-7.99889775758767,-6.730912591302812,-9.013323252662268,-6.627612238279122,-6.280971731753186,-6.5749366028611265,-6.716808335857747,-7.910392603040182,-6.572784785598281,-8.248530664595458,-9.045885562382539,-7.072485612151325,-7.385709194872126,-6.3744823737614364,-6.332752605724709,-6.303172770143713,-8.73569683919313,8.0,0.0,34.289119213506304,0.8563981809517583
821,-8.55271875033459,-7.665478983212663,-7.789125750108244,-6.054403599657077,-7.3893622303180155,-6.929600620559748,-7.228228413319143,-7.40162787524312,-7.834035637034322,-5.614065818018512,-6.010107424659707,-6.336232061290178,-8.380889369963517,-8.165115753360212,-6.940634174090657,-8.848030566638997,-8.750400174039097,-7.384291537450739,-6.4495822217906085,-7.134505261954115,-9.314673226194415,-7.526951715170636,-8.600433083824994,-8.126661470078842,-7.04167812061661,-7.94125823502456,-8.172999396596238,-6.920130704031174,-7.260354012210556,-8.158405098758138,-8.204324532542056,-6.660464627462688,-7.735496580473467,-6.866337651762168,-7.103927325344826,-8.225617071973835,-6.658769077238002,-6.546252700652531,-6.124025342074463,-6.671412544980343,-8.125622509933592,-7.1127704770108044,-8.162824393536312,-9.041396099997918,-6.819717744284169,-7.079772801916825,-7.134353521015575,-5.389918185946909,-5.738486062198073,-7.6821743375824045,8.0,0.0,34.024351380547245,0.806907557903612
822,-9.225847364523071,-7.1886641198530805,-7.735708471738071,-6.043444765203713,-6.448542038938603,-6.483076581001756,-8.076238186147423,-6.439991003981543,-7.915623572142501,-5.496411274782703,-5.989423262144559,-7.53295776669755,-7.003227743062717,-7.495510586789594,-6.422360576146013,-9.104609364430159,-7.689345761964879,-8.314239222970917,-6.4209549310891,-8.25668636269227,-8.001730047155712,-6.950453831113545,-8.759909830427839,-8.725942790417719,-6.609169458928795,-7.9758659722849234,-7.631273672276931,-8.056414917502783,-6.949872838354199,-7.400850635951092,-8.078929209655373,-6.857075303179961,-7.793021506614979,-7.4761975859624465,-6.253036008575994,-8.809202092460708,-6.130920569798302,-6.199241854255941,-6.3010482063386,-7.483837221133599,-8.10146805203628,-6.785704410757989,-7.533118007169253,-8.747768285730542,-8.3521087940282,-6.847198616693147,-5.4631598160206325,-6.546486691823916,-6.562954899068266,-7.455522104057375,8.0,0.0,29.230251349579316,0.9874623902260583
823,-8.900300122256072,-6.712696039415269,-7.684631975553208,-6.0419195907067555,-7.529979548630835,-7.085344867896558,-6.696782304116983,-8.050705433468105,-8.660940092190382,-4.994947291422886,-6.612979422495955,-7.39097692775122,-7.5405221561105655,-8.198726838849685,-6.8336565086658885,-8.100523319367033,-8.547732361092072,-8.11777262705139,-6.244076687226342,-7.732366631754968,-7.981025511948373,-7.316568458168156,-8.768500580485854,-7.841489816217268,-6.478464933990186,-8.12719382452047,-6.912396045011521,-7.399722385606223,-7.532988555088799,-7.228911588296646,-7.448740837645194,-6.617035062770917,-7.881002679203857,-7.695245768263679,-5.962192619959346,-8.754767679082438,-6.049312660060497,-6.86364977879469,-5.405508574946303,-6.526767303700419,-8.78475748705759,-7.204003073253141,-8.242021968596774,-8.97491080730331,-7.240972996608211,-6.90054183296589,-6.285489349729847,-5.518473247699223,-6.6390763696511925,-8.002755592424094,8.0,0.0,33.13884316023338,0.8169593336344454
824,-9.208900629252572,-5.9812289766937905,-7.7264799914247115,-6.403436125065712,-7.482623475771906,-7.082664453563766,-7.446564430760441,-6.883240547020061,-8.769731601650804,-6.406546108885376,-6.228048126487618,-7.042550561570471,-7.529981165912866,-7.629182546665273,-7.8001528201948025,-8.152754209617614,-8.165994580798744,-7.250411535075479,-6.4297144557187815,-7.124346477648813,-7.787338791423857,-6.570276260013399,-8.175724182418987,-8.09856300397398,-7.365836453877028,-8.316867015272527,-7.74735324138983,-7.998609358078557,-6.5367994440385155,-9.194704535848503,-8.503430186686911,-7.16904740546578,-7.286320299186671,-7.184220353793732,-6.906585803793207,-8.352631610511816,-6.360042956864236,-7.121448751346797,-6.119943358635662,-7.5496231861153,-8.352554512723772,-6.643135461470981,-7.407534008874717,-8.885851372708112,-7.564038248725699,-7.710956459681436,-6.021401061047097,-5.966900025307473,-5.951540854114932,-8.62958161919497,8.0,0.0,33.181360777902334,0.8922834113077133
825,-9.048671218151025,-6.488004934203813,-7.039580354014875,-6.300250155002369,-6.336273894785757,-6.525171408523693,-7.077795046262611,-5.718807457339681,-8.498904077412284,-5.084664916202357,-6.624275229692407,-7.657412339172055,-8.125770932892085,-6.679511010714231,-7.196760618729523,-8.614227082864852,-8.57745013201506,-7.992391631839177,-6.162529905248085,-7.55273030380925,-7.903054271511154,-7.62909020345794,-7.9098166679938755,-7.930860932060475,-6.823388269044055,-8.219062021432656,-8.220339337035606,-8.256406687718384,-6.711859981826888,-7.48292978725551,-7.810244142385122,-7.582685921261411,-7.33523944374844,-8.100718464927763,-6.707839651891008,-8.669178480033894,-5.484197723881955,-6.749150572006755,-6.5663625155869,-6.4321464270060416,-8.764130454344311,-7.222067672331744,-7.497834058554414,-8.86717916114099,-6.745039332155543,-7.859980665776707,-6.697046965757479,-5.956774197807458,-6.603430248613373,-8.460278888348835,8.0,0.0,32.38792293545564,0.8767432162758798
826,-8.78638315006817,-6.627369058114627,-8.15083131932624,-6.391965599058637,-6.830385455972181,-6.729548926479177,-7.347263689293129,-6.862755780341926,-8.573406991601491,-5.552619189408682,-5.909231293256443,-6.801487705522115,-7.0934773857633155,-6.960516731826222,-6.713289975073243,-9.74558205527661,-9.135383064146728,-7.835845556823842,-6.737529869634712,-6.857703868450048,-7.678696211869572,-7.428255689894684,-8.571012419871824,-7.531692723258362,-6.748537476639585,-7.7932531890923,-8.42053638317182,-8.358311237662358,-7.069139756661272,-8.067712538268198,-7.496565631436591,-7.386882451525734,-7.321813894059499,-7.40357948254431,-6.657249647077933,-7.999423336801506,-6.098727719634865,-6.925051936216932,-6.3333703867277364,-6.589945555932986,-8.70818815250421,-7.3014772811548,-7.409945646184015,-9.602279225517044,-6.959194320840197,-7.401701192344538,-6.261412940995811,-6.154278607042728,-6.468998078260943,-7.694575298350946,8.0,0.0,31.496043384136108,0.9417231748096279
827,-8.421299507470534,-5.7746350705797305,-7.97129963140513,-6.067244283192382,-5.989670274754691,-6.529114510808616,-6.724907520506708,-6.808623651223725,-8.43916629142821,-5.063492556742735,-6.6027666142683765,-7.070097428772559,-8.049395152516675,-6.89777267337723,-6.552424535206164,-7.713453179212042,-8.234596186089478,-7.56897419026587,-5.41045349088264,-8.036285233696738,-8.22946325850405,-7.3952125501188695,-8.544757419540213,-8.183225652220395,-6.650186380287863,-8.475524465455317,-8.487909080586766,-8.324438173355377,-7.7464854511081676,-9.023512315276793,-8.148890864063466,-7.13598652475711,-7.693660755445377,-6.514189386325251,-6.855883715589555,-8.492587542103998,-6.128164399296632,-6.698183075759806,-5.7059627240870086,-6.749840896225141,-8.184456744365843,-7.591391253740571,-7.361996359447936,-8.601030531077912,-6.6115066506704325,-6.654085262689243,-6.31277415213387,-6.209377373638799,-6.226773623930221,-8.060045451868234,8.0,0.0,31.594390018038215,0.8590059139507537
828,-8.718158447718256,-6.617614583691535,-7.55066263671187,-6.271522740566376,-7.371237009047294,-7.5907069659491055,-7.501551278535262,-8.121738441282107,-8.03186209188146,-5.4583699628086295,-6.20846015433662,-6.1457617419933035,-7.651582991132666,-8.000369217366321,-6.367229495397311,-8.17242136395008,-9.649673035665591,-8.0746619475821,-6.087289671686736,-7.704180456539451,-8.391009796673126,-7.244626862983449,-8.763576256217279,-8.017935161664003,-5.766410025649063,-9.579516006134652,-7.358164089888828,-7.858954341400131,-6.98604880079096,-7.668333266181542,-8.334051652480108,-7.094094359202844,-7.329525335886444,-7.164892520498609,-6.687382988754495,-8.685892660125024,-6.006457060580162,-5.78723873643108,-6.268890020521332,-7.195892075418418,-7.554990682915013,-7.134376010790616,-7.160118672802641,-8.5457314077881,-7.740796237549739,-6.98511741657264,-6.096076987445363,-5.5379399965577125,-6.488525308198215,-7.765390675217091,8.0,0.0,33.41778511168738,0.8007531658899258
829,-8.982888576538855,-7.498750976215985,-7.62936392332999,-6.366479382503612,-6.628029718234179,-5.73698039667519,-6.958088499317938,-6.91923183181623,-8.786083616354485,-5.835775096324463,-6.30191238600535,-7.776886415410619,-7.729859588264516,-6.716485012140101,-7.30499300719615,-8.08067583429528,-7.88360598622981,-7.231087249682944,-6.924582862486728,-7.892860967633216,-8.34814687843545,-7.196288939567349,-9.374462302479213,-8.24883290891245,-6.6027238278475195,-8.157149001879832,-8.97754444155939,-9.04550316949625,-6.981469053864378,-8.520882344303976,-7.675604077924848,-7.440582586567348,-7.986474036948542,-8.238314968233086,-6.492965864792198,-8.125759199142971,-6.563201093699682,-5.920981153673467,-6.260603564631201,-6.440114830727804,-8.261426939370535,-6.906797480934574,-8.136802520532594,-8.755331956731755,-7.647789086010132,-6.031187298090236,-6.100738308177928,-6.256642157865549,-6.875122956446853,-7.849067633545837,8.0,0.0,33.89991848858294,0.8627034031268921
830,-8.987894449960002,-6.496028764863938,-7.676935745132872,-6.465074117084005,-6.798344129552486,-6.10769856965344,-6.825068935974733,-6.9840678894849955,-10.021395802747396,-5.739217912915575,-7.31595021934063,-7.508886367164633,-7.129237291351163,-8.261866458626749,-7.596537392892508,-8.3264791917368,-8.525207327350559,-8.179604397114002,-6.863028591373244,-7.18692249398855,-8.43479117081137,-7.119964695008906,-8.749713898184373,-7.905685401533936,-6.213383262933551,-8.281371030581827,-7.737453784343034,-8.512175539667286,-7.548398037925645,-7.3676481391957855,-9.107705242724421,-6.8939808288625555,-8.067939563132693,-7.553367961637972,-7.074231017444298,-8.771004083831908,-6.4731572276463,-7.0229029164996986,-7.1967613930400685,-6.496088179564202,-8.45486631886992,-6.9288779890639915,-7.369364727455069,-8.528073678105574,-7.749846598819556,-7.491789250713602,-6.088944509679373,-5.938093839983311,-7.193460863123281,-7.507582892061655,8.0,1.0,37.32529985296539,0.680645995575212
831,-8.727898569399075,-6.7644996424493335,-7.50752924768429,-5.913432855917964,-7.651345833118677,-6.390909570524671,-7.198240548329602,-7.284249517736747,-8.436940721067662,-5.044061564395996,-6.352587002290273,-6.26039683389183,-6.927226045743931,-8.025000267477152,-7.4341729561090455,-8.959157969841021,-8.885563967240325,-8.391846964632236,-6.699929974439849,-7.410638460710891,-8.195184142873863,-6.716050718925158,-8.099230916805366,-7.293632531245018,-6.956372660932838,-8.52973255764013,-7.968019092510525,-7.856375248268787,-5.906758247314004,-7.102145375897386,-8.43765635927734,-6.356605611932601,-7.915290758755111,-7.140600602436623,-6.597710913591763,-8.343827745218258,-5.864906266340166,-6.469284100473739,-6.8707264508311265,-6.935121173769514,-9.416878353061364,-7.675458147581757,-8.157809735062536,-8.402742597866167,-7.376311789963528,-6.9960514675551595,-6.267693364909599,-6.7614589201901945,-6.356087461523923,-8.138385275093311,8.0,1.0,37.73933171454925,0.3456211978849284
832,-8.562179824935491,-6.282542685572877,-7.117625975943989,-6.102991386697389,-7.892250734009288,-6.435253086300528,-7.791279145838721,-6.5568485136126835,-7.6429933805364945,-5.182009751108962,-6.416509600474127,-7.529734946575207,-7.057009497369189,-7.668124949452315,-6.716835614094719,-9.114341367902165,-8.832442141818003,-8.614189918529718,-7.046115971630105,-7.242271342632472,-8.066274384052313,-8.03156720437222,-9.217882614874373,-8.030120467093868,-6.918321302870299,-7.549174601655373,-8.210496912356803,-7.559887581891569,-6.55752762574168,-7.827240437536,-7.323331875377003,-6.658170041033436,-8.304357888575808,-6.425190768684444,-6.652311558765281,-8.384158666025886,-6.461193749405434,-6.119624036658109,-6.700177889433108,-6.7066493013779205,-8.092632522499853,-7.021547956507682,-8.012679166766667,-8.237590125155377,-7.728595122264659,-6.395479433151888,-6.187916597757503,-6.74048171577792,-7.091954015836635,-7.141955752801292,8.0,1.0,33.15754510885831,0.7917944782079767
833,-8.540257799808407,-7.177640905914554,-7.860679346556053,-5.970632154332101,-7.00167934042808,-6.717886022720769,-6.824164816561399,-6.230534618974457,-8.291203623529722,-5.17699781272497,-6.6124851859899065,-6.885810613560369,-6.9684146249019285,-7.517241360868155,-7.684989760314221,-7.715122117912712,-9.165097820165604,-7.653334565161573,-6.72780887564127,-7.871488314824876,-7.876306351680068,-7.59629407984494,-9.68538250956061,-8.318927646440738,-6.756751799220435,-8.264375357232247,-7.080573755166676,-8.235586594924879,-7.4778543744053305,-6.642615878179092,-7.718238788285147,-6.801825562231113,-8.283577367550336,-6.780661250557074,-6.564601185736194,-8.160496684083947,-6.499023616558334,-6.572681819262028,-5.695775093375366,-7.3817017498161395,-7.503082596621258,-7.283891157445602,-8.25813744853398,-9.445721593600847,-7.901307243945979,-6.39830514728757,-6.4442701606592525,-6.473365344107715,-5.76765630689919,-7.958796759956316,8.0,1.0,40.29773748575117,0.10968541351121637
834,-8.77436744379713,-6.686902073760545,-8.367610894047928,-5.505604242234394,-7.26003591626119,-6.7307131862699,-6.901264834923363,-7.2586743522338635,-8.795163761376912,-5.7019247101578605,-5.4074867315460615,-6.562647621531134,-7.374523179103025,-7.78688361338016,-6.752685237062645,-8.737544594786351,-8.25459888544396,-8.334149726580035,-5.9773057786722985,-8.68587168372983,-8.223949852696428,-7.887814772908756,-9.422270642901122,-7.701014119328866,-7.194435610510541,-8.260075045714647,-8.720850320296266,-8.834364581647138,-6.0521264631204605,-8.125341494832025,-7.620539440967981,-7.297322299563371,-7.969285521109978,-7.041493815332373,-6.194371292847995,-8.302882276365514,-7.2055830578084805,-5.719240593035806,-6.819473218957689,-6.487608161994595,-7.51848170194408,-7.151196348772881,-8.289737516494872,-9.209051858507568,-7.162721295407218,-7.773092897318433,-6.213893614282944,-6.088504186021175,-7.583069744922578,-8.138680024029957,8.0,1.0,45.782465218101414,0.025216683870658854
835,-8.934950019721784,-6.590765656282229,-6.95315415856587,-5.4139253936741545,-7.352318953134599,-6.35221470231296,-6.558533855745832,-6.957385294093792,-8.72842089078712,-5.854186332995322,-6.594120694949964,-6.38878277073512,-7.033215245752728,-7.4935144067044215,-7.41426127769738,-8.968190988449834,-8.59805870882868,-7.57842757775299,-5.9795890560997345,-7.46126868257018,-7.916375150935595,-7.71737893305801,-9.703105287801439,-8.202361691577018,-7.47131613663875,-8.067417936286198,-8.027226731070552,-8.297333431527559,-7.109625486438915,-7.720137559293091,-8.975993605867538,-7.424266313682831,-8.238875197772044,-7.260696531478694,-5.916760292266649,-8.256746567400302,-6.719873461033586,-6.380196383876113,-5.819505721538404,-6.433934300946356,-9.163144025064554,-7.775802528677406,-7.073696411153904,-8.792645472310179,-7.735956690113787,-6.21599073279717,-5.429823783549916,-5.862546998784442,-6.556703211516871,-8.612740087228909,8.0,1.0,40.6387554676742,0.14677910002018404
836,-9.26900566429304,-6.447868772423163,-7.544887046243164,-6.307109521594212,-6.804166944007117,-7.275914303223116,-7.506267696726126,-6.083305894308787,-8.232465843029885,-5.147104948896134,-6.583276451543681,-6.809886040061738,-6.833636376138247,-6.653287259259654,-5.754112139749282,-8.071639507291156,-8.47544358216965,-7.198864156169901,-6.511641913901132,-8.72145561806803,-8.075854103849638,-6.710443398552205,-7.007199418263594,-8.180685309340324,-6.905499557205207,-8.452513401596871,-8.552023704305421,-8.480747547773642,-6.454999074343567,-8.203194832017216,-7.394109983532899,-7.703781329535186,-7.397147354737725,-8.027204503389001,-7.816667569215574,-8.909337943605603,-6.590105487741378,-6.72801268873579,-6.001798030489277,-6.366673425387732,-8.160113167735732,-7.30356898205114,-8.20622653281501,-9.128728009614871,-7.304599731703209,-7.265983759535574,-6.42269485027805,-5.063408562368117,-6.648659680047347,-8.29922076996684,8.0,1.0,37.67690824474938,0.2975121198333723
837,-9.647545230246353,-7.720862131347887,-8.283998032172718,-6.8615117088488775,-7.9633656344261885,-6.908259265976798,-7.337975646383653,-7.7494807830020465,-8.076916024048304,-6.01299687141892,-6.840621775244215,-6.577724402693756,-7.453737118976581,-6.986899356119564,-7.025426288738437,-8.753195225639734,-8.679612957274431,-7.102642658429705,-6.065207329352397,-7.19433780530279,-8.13750014997482,-7.327942599985705,-8.123655338552311,-8.062913956003513,-7.119443073633866,-7.75561800862542,-8.380186438255546,-7.511035292273607,-7.198179100458444,-7.488604603200815,-8.69728495851558,-7.093566893389603,-8.538672768337944,-6.665149978792717,-6.774614176761481,-8.615033600158398,-6.541995996780362,-6.750239812942324,-5.773775975462837,-6.984197285191297,-8.276717872801125,-6.755438106387201,-8.334732175734223,-8.757107707818147,-7.434060782329667,-6.375203775288725,-5.809322538645339,-5.671071964316458,-5.893279432875437,-7.070723598467248,8.0,1.0,37.51370694057116,0.4288617546426255
838,-8.381845238185452,-6.886258834986428,-8.020886854644976,-6.497687421320208,-7.064555214294394,-5.557562786078971,-7.366034185228315,-7.173823636489195,-8.28536400397533,-5.538791026325976,-6.907704076613102,-6.689221099986679,-7.166094565195552,-7.032496863299269,-7.098798693803695,-8.118069438397496,-7.712335110936615,-8.052547922251787,-6.192533094497544,-7.535459373766734,-7.990689355334114,-7.483839913324169,-8.53449083791569,-8.965553987092125,-6.009748064358882,-8.582840865913965,-7.375422264945367,-8.142003269366217,-6.979666946316237,-7.940252463208327,-7.436227618059695,-6.782561556048591,-7.513710850380538,-6.717598243174633,-7.775914405758333,-7.896618436703298,-6.043632066816178,-5.893531155322523,-6.314674311598414,-7.031946813055321,-8.670081580186045,-7.4992749937465595,-7.839058423814335,-8.947078343265579,-8.258754988246702,-7.367711516565813,-6.060653427538164,-6.141393805161985,-7.15819042348524,-8.05241686067272,8.0,1.0,36.03996515599565,0.49198005036593195
839,-8.86882784001806,-6.857172852403133,-7.8539654819264815,-5.518346091361376,-6.276144576665391,-7.034247392517755,-7.665495511052933,-7.594943387863564,-7.803913298214454,-5.727060515006014,-5.792776431560151,-7.225725938323953,-6.413809997395809,-7.84729199938464,-6.898112814983646,-9.16228392212834,-8.847633903490035,-7.489641450636936,-6.206185446202183,-7.780826913166849,-7.712029321433036,-7.9332761698781455,-7.816785373905581,-8.13273146628316,-7.489556548653344,-7.933287995592672,-8.382442556449561,-7.9089395730700724,-6.981731626431462,-8.018166415012677,-8.225977195277128,-7.192563149990927,-7.543452802255614,-8.343386256295355,-6.844686612330064,-8.807732272550147,-5.666191529426676,-6.721152054337346,-5.860210609745544,-6.328953740515556,-8.76534050204702,-6.429843759473849,-7.891481505738297,-8.600010233823578,-7.339980059752868,-7.3261805971642735,-6.245333309852524,-5.573355327270817,-6.627315517781385,-7.6220084246820194,8.0,1.0,37.41103557398753,0.3765594919490478
840,-8.452598599237716,-7.0207705643647715,-7.726102447293988,-5.548250075186868,-5.813364665236121,-7.307386135539923,-8.121076842115095,-7.310435148259601,-8.564004703754582,-5.772527098434451,-5.924981042203976,-7.11090720872133,-7.355240518630814,-8.220169620764839,-6.842183280280393,-9.111262421546177,-7.023236058084348,-7.620053710151695,-6.528146757535734,-7.180709968413032,-7.3749664841689935,-7.49867243846572,-9.00020329090755,-8.779572830006865,-6.829608296571193,-7.769177156340518,-8.309051672828028,-7.76905520380886,-7.103659382586102,-8.077351496085619,-8.721898025294287,-7.282252395666582,-7.7839883277243915,-7.876294215444486,-6.508650627274273,-7.938427002042349,-6.064893118300554,-6.352577898728202,-6.334096067402741,-6.254064049420914,-8.911600257535746,-7.071809361558065,-6.904216236889794,-8.523761492464878,-7.508191641469116,-6.954246575153326,-7.143204118374148,-5.34470612008778,-6.997404653483812,-6.5075284083964595,8.0,1.0,38.73968006477801,0.1962548741758675
841,-8.719909604918328,-6.8462567392431195,-8.270087488855754,-6.4938269004902995,-5.860511228147999,-5.82881782941207,-7.869063708455884,-7.185164834537561,-9.399961597974018,-5.638922904799812,-6.4223616072602745,-6.6625784032410476,-6.767863783168225,-6.881763110058841,-6.911568822223764,-7.632369035864218,-7.960643184608975,-7.770726417500636,-6.84088656437529,-7.063794469080564,-8.37735201861409,-7.01809320531148,-7.793838396692736,-7.995973144673365,-7.770658867276807,-8.178722487890944,-8.69604938757334,-8.74912777323931,-6.450091263219267,-7.6052526181891436,-8.160733558923312,-6.653634266065445,-7.270287496902676,-7.490692221157632,-6.9137689326906795,-7.395278935409529,-6.293004356049885,-6.051829605946779,-6.217893632189983,-6.634494505240669,-8.415427743123026,-7.030829209455722,-7.444689762366234,-7.6019471104002125,-7.276836863530688,-7.599987184055803,-5.595399760832451,-5.42826432684501,-6.024655999467994,-8.495097438911031,8.0,1.0,39.3694522262045,0.06896502736538404
842,-7.99636624572608,-6.970718243761344,-7.973491276653276,-5.23861270376048,-7.219126443949635,-6.385031189149614,-6.59621173240717,-7.05186034047166,-7.890356216048142,-6.329445324620739,-6.097433519922713,-7.0611685332481855,-8.08893058807005,-7.335586331479383,-6.717639918562771,-9.388029768046517,-9.303134285542603,-8.826489244121582,-5.5790931705374245,-8.118933212134323,-8.23555732697212,-7.820950593607612,-9.165502293036708,-8.628867813587322,-6.759946518693653,-8.24911772700019,-7.687444950327798,-8.271845339500281,-6.946401345595273,-7.9845712292092035,-8.764185982688542,-7.101839573983513,-7.407194357375145,-6.835792223262038,-6.55409128420777,-7.893940070357491,-6.401171006744274,-6.9222244399046895,-6.272487844164011,-6.311954125055382,-8.075865933789238,-7.562476594047759,-7.311555328252827,-7.575300759930862,-8.283425861269405,-7.498986844612432,-5.7282167615664665,-5.952248272540241,-6.855093902275177,-8.041546377305778,8.0,1.0,34.66267566868457,0.7634070105046744
843,-8.455475752843103,-6.885196595331677,-8.733809714510677,-5.775553857092609,-7.358763297510117,-6.738254333582189,-6.865086557843162,-6.315761137990189,-8.157314851795949,-5.388824696264912,-6.31613359316801,-6.796676232305043,-6.906452128708981,-7.816272511401985,-6.419167369804909,-7.681231768955582,-7.871439665625705,-7.907460879090913,-6.1105794114581595,-6.984359209572457,-8.13450770048028,-8.059605767589252,-8.852700491011637,-7.191238479655354,-7.658533080483426,-8.497762902816302,-7.608064424971033,-8.67327812075316,-6.504865203998523,-8.141804351167957,-8.457290167362203,-6.492337747465633,-7.211611119407658,-7.644076740897724,-7.357876149734428,-8.931700930941481,-6.444737876729561,-6.5311949724038705,-6.98386141140676,-7.203824314522296,-10.020108058840233,-7.082989327137682,-7.408012829827591,-9.25424075662718,-6.141823698986304,-7.458917763700857,-5.833711262811551,-6.7316418299503695,-5.643563481254709,-8.153524407578269,8.0,1.0,35.95307162050878,0.5677257342230632
844,-8.921150176021376,-6.827569467372318,-7.177940944238192,-6.291146482216284,-6.725167703549243,-6.358944653614514,-7.6203334091149255,-7.401233576920683,-9.160406120639356,-5.598530743627381,-6.273752040142769,-6.813485218013786,-6.706409419403907,-7.837981818367666,-6.060766582378994,-8.764927736290065,-8.498342343770416,-7.756118661442008,-5.97269699542643,-8.26548791081725,-8.082725031577901,-7.153782982127483,-9.505830717713664,-8.228889116601028,-6.328909462234111,-7.6454153463441274,-7.776011651806406,-8.215329148753202,-6.423333068749015,-8.46840700445549,-7.8782986164881255,-6.51882477771155,-6.907261446321096,-6.445172675962643,-6.64410432493343,-8.12968535312538,-5.798136584924359,-6.993341522611086,-6.209708515213954,-6.670704448422809,-7.962834749671821,-7.5947921662662825,-7.535829876146802,-9.04868645242638,-7.848204748134286,-6.9821988177537815,-6.047101359377368,-5.42321296765893,-7.559334209680291,-8.159831995479957,8.0,1.0,34.623334858692814,0.6355355777731686
845,-8.36253073722565,-6.3897569457949235,-7.934669901748548,-6.88524305408955,-6.745793970834194,-6.853573489620085,-7.1956095296412625,-7.462581305152915,-8.979807406685868,-5.700920024652536,-5.727737065930211,-6.328038506061029,-7.751336759167393,-8.23890649026395,-7.651102741457357,-8.853848171615086,-7.801065923537753,-8.022862594669489,-6.370161729731449,-8.48689183292708,-8.069805902767596,-7.631067327431571,-8.283189135939798,-7.8000492186205586,-6.400988866495428,-9.020991536260196,-7.8706386635759715,-8.663733766277968,-7.1028029355673405,-7.50385054715106,-7.754692160059467,-7.728641475634177,-7.820819387387545,-8.491235941958346,-6.768606745656838,-9.738207397774026,-5.623712707584705,-6.8005452490044505,-7.109479744414691,-7.5345359806563295,-8.294649062194468,-6.557276025073587,-7.693289158433947,-9.121591233393387,-7.412677104301928,-8.478389751927361,-6.905665598041478,-6.033213205798439,-7.003628706199537,-7.631203696470912,8.0,1.0,41.05582774775446,0.35382388192057335
846,-8.479936807523078,-6.8922485141367416,-7.699056441619354,-5.793314692903699,-7.592109583305636,-6.823507288263114,-6.0207118914268065,-6.955010085480374,-8.46749353231884,-5.4456866142850195,-6.1336710755362756,-6.923905270787649,-6.824284190814029,-7.668919901536769,-6.6425615136331375,-8.344001077455657,-7.7670172870102725,-8.445190400960092,-5.737045756358054,-7.599630127495157,-7.128417198103414,-7.309691171103155,-7.749245534185086,-7.695531512006765,-7.324313903729421,-6.868718399038146,-8.323350262834403,-7.664528691435424,-6.633326920705036,-8.3019640705597,-9.502200787892184,-6.82341589252513,-7.848173500625637,-6.559706102884675,-6.531725192960915,-7.835078686879749,-6.402346425038341,-7.250807656263236,-6.287993416424084,-6.165671595038722,-8.318221479782352,-7.5848854057267285,-7.537782556556563,-9.140270257915546,-7.336807019726942,-7.580861571913529,-5.816668806166635,-5.456788834175315,-6.106212925691292,-7.444179865300169,8.0,1.0,32.68207088895041,0.669902194322813
847,-8.668784873655413,-6.774635068873288,-6.908448174949661,-6.059827002701735,-5.814363796304607,-6.191376877347384,-6.636663818218431,-6.415203947099294,-8.777038189713359,-4.7397770131341765,-7.527157916170573,-7.420562376999008,-7.017490934979591,-6.995536995118275,-6.104935230151493,-7.386984125235886,-8.570094585232296,-7.9489792117238975,-6.772057180121836,-7.830319127418046,-8.200249294380255,-7.045363983774506,-9.268549463540221,-7.884473139990071,-6.965434437859661,-8.613551428782827,-7.93590200746298,-8.053292384041141,-7.421341749252995,-8.002045336242103,-7.512703189679663,-7.2607951413250005,-7.940231680736822,-7.64470106939982,-6.972691212704212,-8.576531186340349,-5.9817312526647735,-6.4358898160060605,-6.229469844409357,-6.111490662316009,-7.816672510747912,-7.846205455504547,-7.531319919365232,-8.873064563471146,-7.080192986397746,-7.177311684032735,-6.985008479311652,-5.968471430592109,-6.942637018190504,-7.593323408599272,8.0,1.0,41.964772626394506,0.030503980014062206
848,-8.76511957796185,-7.236813921353179,-8.31100737418755,-6.928390244590439,-7.00381280653096,-5.882031734850562,-7.180267966174726,-6.5242505333785985,-8.611818566631817,-4.862191068517104,-6.324550833827712,-6.901680167207966,-7.925971115569212,-7.314459127040872,-6.608554350220402,-8.162112691290043,-7.837231953674787,-7.420582040454158,-5.970805627725519,-7.760612650442582,-9.345349157690993,-7.1348805106375695,-8.693191594923906,-7.79412934386314,-7.084366081576914,-8.347847106132598,-8.699484333320363,-8.909788270126915,-6.4596609663496585,-7.688012903782163,-8.139621102786023,-6.719035376026309,-8.40014218788106,-7.995979089434343,-6.554696229008463,-8.32563785251912,-6.80215589432254,-5.831674101278473,-7.187710169016422,-6.548746057411232,-8.972990278974695,-6.902967799970908,-7.058499637023438,-8.432573631123786,-6.795625348484804,-7.386404043763956,-5.937926772391433,-5.939536109478573,-6.465364680702922,-7.7251151668960105,8.0,1.0,36.27639169719457,0.5364654855785169
849,-10.012885497454198,-6.79118865028379,-7.845280406177206,-6.1227850371317345,-6.283607405423617,-6.487307505157693,-7.665884126916676,-6.790249090578742,-8.782373860899888,-5.699052718819988,-6.668068395880535,-7.554897744096567,-7.474361565318327,-7.600131144551611,-7.59952876570408,-8.036895673872154,-8.406897666475855,-7.394217059936509,-5.902559706482116,-7.465851334803446,-8.981928029896546,-7.677051635313818,-9.12295402528861,-8.465497513839608,-7.404409780990022,-7.661754650242517,-7.940756949237996,-8.18302040565806,-6.416065926969174,-7.32523540584975,-8.633170330617295,-6.281280185760103,-7.335211534784582,-7.5849667397853375,-6.740008665996434,-8.433550422777653,-6.626216963394902,-6.231076740338976,-6.870531231616944,-6.359548193208511,-8.315388022487353,-7.3733310733606325,-7.717799524744579,-9.293206743484824,-7.106532735417994,-7.23177546612922,-7.022363122775289,-6.455382623968965,-5.718207318874546,-8.3296122328016,8.0,1.0,41.956393625535206,0.13605443946592805
850,-8.849888791488063,-6.70352434671006,-8.052735733301406,-6.362967642863128,-6.809070780996041,-6.265037303683171,-7.008519850283054,-7.719290694970893,-8.73146414770742,-6.670211872756863,-6.498734822920331,-7.1393473015358975,-7.957527400766635,-7.795720187885495,-7.343494150420675,-8.667531297301444,-7.9912975667084964,-7.988163866867835,-5.774136882900883,-7.621472068621959,-7.68184507171192,-6.6538581826164,-8.500059465926084,-8.534594182351206,-7.276949474954447,-8.346476637761047,-7.179571459590084,-8.606370980357543,-7.571210360753678,-8.394429428290117,-8.98697265124008,-7.773798371850973,-7.74102427713121,-7.0696617313196874,-6.280370291480267,-8.458854062051959,-6.248209678022304,-6.160183126227223,-6.858597277608663,-6.385560837665826,-8.212042400814513,-7.064531019467768,-7.057829767643628,-8.454865707167418,-6.740062427333262,-6.71441367393773,-7.243760072072868,-6.759304731878621,-6.909619366324266,-7.757997165632613,8.0,1.0,35.47294882616243,0.7375669012497577
851,-9.113559659246953,-6.56721073976048,-7.776421133719767,-5.591193400973215,-6.842194209376486,-6.699886450937937,-6.798105968697647,-7.375123195612909,-9.034558729544635,-5.6108702800341925,-6.395542444013571,-7.94605041401323,-6.5850042513782965,-7.875869070982808,-7.125027146008646,-8.897019095899898,-7.870096701217325,-7.319413706552415,-6.124125186734115,-9.083271251672722,-8.143757353381778,-7.360293474600188,-8.069687373437647,-8.173140491475957,-6.624376643601267,-8.183419378283718,-7.843267245968406,-8.854554794627274,-6.6672419745057026,-8.631936171078323,-7.769165089087867,-7.554487353704616,-6.8684733936061075,-6.729220822706195,-6.4424468698394675,-8.71620883398393,-6.283645466497526,-6.292980955347037,-6.662973055583539,-6.61604919311226,-8.668007688354333,-6.8307272927985805,-7.292466473625046,-9.001557700942078,-7.853646755323296,-7.848546138138321,-6.314461597171188,-6.219856911414354,-5.747561927965741,-8.650353021605891,8.0,1.0,40.64771534438163,0.17236264468927162
852,-8.379990836920744,-6.805970672572065,-8.228520279392283,-6.3532691317877275,-6.243018044540873,-6.273686860148757,-6.488577058021023,-6.741560610467801,-9.618107636968592,-6.127650460307755,-5.736318636096717,-6.722202182878659,-7.596656127241652,-6.770206405624453,-6.1297041119856335,-8.395475339667968,-8.710290825580662,-6.931574560722788,-6.165261384908534,-8.271942376548928,-8.203283595227774,-6.85418680744553,-7.718146350954648,-7.97154729409932,-6.577660783873735,-7.401642568043539,-7.484381072412299,-7.5945358485122085,-6.513881683401382,-7.201610384552232,-8.736649686149587,-6.966183648172164,-8.353253905640276,-7.068048834435476,-6.049726913320125,-8.97153001468806,-6.436434307974785,-6.374415198242573,-6.022381173980546,-7.00066379070378,-8.30078442546072,-7.452934333368803,-7.320167940819754,-9.51620756244594,-7.845487300229329,-8.122606556920303,-6.552211816748263,-6.491042583843355,-6.67727818735713,-7.927621253698023,8.0,1.0,36.62488223123532,0.35013284175251064
853,-8.79505217636725,-7.075814031135015,-7.708817169294191,-5.920309655438634,-7.22080548162605,-6.779423915480911,-7.110225152639527,-6.723182591813001,-8.485647862125369,-5.8895536122423735,-6.252451448716832,-7.0750427827842435,-7.259352695290753,-7.476669024187077,-6.709047327224268,-9.320736613678818,-7.893741217808126,-8.333591483363742,-6.3100462316292125,-8.018536428084962,-8.510751325192247,-6.697959200824442,-8.670740787177994,-8.116893946279497,-7.481414730246351,-9.067136465673117,-8.005714994537785,-8.770620974157422,-6.372326893881294,-7.871347589257651,-8.201080249850886,-6.825949269245123,-8.126849989706544,-7.003783101848846,-6.335723905329747,-8.618349184920987,-7.300255463658964,-6.677200147154541,-6.873028398110572,-7.267102399626448,-7.3986009734352205,-6.9310008811078045,-6.967646838663796,-8.781474741091166,-7.298399792370297,-6.842775429642363,-5.139322807187579,-5.733468624322035,-6.640487955665812,-8.962946693973997,8.0,1.0,39.51144731944343,0.26486189752323125
854,-9.199649569017327,-7.290346283305808,-7.036904081537372,-6.3849257584423835,-6.85587269253783,-6.272073073713323,-7.1558752525791585,-6.869207883067222,-9.240764030964355,-6.217973889787191,-7.313617444749326,-6.412125004751054,-7.784742381201642,-6.914504218049891,-7.172251667560291,-8.941067446114106,-8.005491790658953,-8.22489715999348,-5.121127023357021,-8.258637056686547,-8.467961266388508,-8.001560457941363,-8.202483560086392,-8.076472967615503,-6.679521185916866,-7.914630470301157,-8.596509188059413,-7.41085085461793,-7.393306373748947,-7.974202483373735,-8.173563291073592,-6.691975027238418,-8.41880533073877,-7.964945221620475,-7.221373068794946,-8.420569356204199,-6.195238105198805,-6.352066606231945,-6.047684876197242,-6.411636420641416,-8.11251686219256,-7.4947709279558765,-7.3785854378855396,-9.051403273881768,-7.4750952827449435,-7.719135550510457,-6.195466613876794,-5.98853516621453,-6.629086933744318,-8.483218366057871,8.0,1.0,39.58448272799843,0.32726238370212785
855,-8.871564756387553,-7.391239288491312,-7.48145519800951,-6.396262452224612,-7.016865968394917,-6.919483562585918,-6.946662099319168,-6.999041431577448,-8.702238855493759,-6.032516396158663,-6.5953946074828105,-6.358454902974975,-7.934507966088395,-8.157702738986453,-6.093476944789548,-8.354511906923884,-8.18214154513187,-7.43590064391992,-5.675790243491335,-7.584412371022824,-7.91569690295581,-7.491587411335377,-8.197707592869747,-8.088540951682003,-6.440838581491293,-7.995838393027009,-7.788839517063066,-7.366446831650964,-6.606329364016204,-8.379243989140635,-8.549918875266155,-7.021232743683919,-8.024510871828715,-7.437222600281535,-7.025517532355473,-9.308621770077071,-6.207500149945601,-6.888832338191878,-6.9005707788735275,-6.606110569072315,-8.758976070001102,-8.400612318607106,-8.430647498476706,-8.645140718544981,-6.97028312469871,-6.530867727901565,-6.694467079975877,-6.351844290410281,-5.888001707236724,-8.042308992723886,8.0,1.0,41.63702282010333,0.11478009646910624
856,-8.780421666490934,-6.718930853541613,-7.2091574653246555,-6.572520657437254,-6.713813000005296,-6.542526955890006,-7.392878603214453,-6.560211505944455,-8.38705974072939,-6.368073011257626,-6.437671253189355,-6.634732443470897,-7.595108709147301,-8.511607352811357,-6.250994552102029,-9.414234774961443,-7.430898174091362,-8.11833472700428,-5.424079429866102,-7.780258283159392,-8.901775332272539,-7.5641882260651405,-7.825970996936276,-7.997987281045821,-5.668104849302092,-7.72864196625223,-8.010677436677437,-7.239977279178916,-6.500590196418707,-7.621498980024867,-8.349366894444216,-7.614876212089291,-7.830058519209991,-7.681603805115434,-6.499067066316338,-8.498538676974135,-6.499529913383564,-6.927453129875372,-6.418782488154154,-7.462569807183506,-8.857655362420287,-7.149641872477342,-7.629688868815579,-8.637973695004552,-7.478269992632633,-6.847661235166024,-6.264540924851582,-5.236213632123168,-5.006528538820417,-7.881869916711743,8.0,1.0,33.057307978954086,0.7747889496088132
857,-8.379968595978799,-7.324449283798491,-8.210750640946427,-6.078793338588705,-7.1738512421209215,-6.899087882763665,-7.051860770186658,-6.252218688527844,-8.714822169300344,-6.327777151408321,-5.831948427850023,-6.454657516299677,-7.624753778727597,-7.086930855238575,-7.0307238206182445,-8.641089315740983,-7.959772548010963,-9.309197338926833,-6.249030076596543,-7.515193103131191,-7.582669790085427,-7.208915471826628,-8.132754274043215,-7.547741009886155,-7.187828094607189,-8.482626406888008,-7.6326703493984915,-8.025320487212857,-7.586595172304886,-7.592180831489155,-8.364396485734272,-6.858653514732468,-8.05194372650737,-7.635507129210068,-6.773353058745915,-8.36893112641997,-6.788642053365271,-6.674760626309455,-5.17889132929792,-6.215990261307549,-7.112347461712557,-7.503115096152033,-9.102340611792727,-8.428228657005164,-7.951794977588549,-7.22525639561075,-6.217073238644484,-6.654441430987231,-5.8348275922532835,-7.774425216652431,8.0,1.0,33.69831736995817,0.7925459777419055
858,-8.943516591321373,-6.618536177981371,-7.936781898176036,-6.280519701427021,-7.830656157586452,-6.273950205942109,-7.095071206497651,-7.015173830828369,-9.341682826725608,-5.772698301980811,-5.6910137564305145,-6.884257128136332,-7.3101910147710925,-7.544808375712958,-7.4288912923055435,-8.347710966798907,-8.744668974362725,-8.177640455751634,-6.303597442582112,-6.8388944734343875,-8.445746234515711,-7.9086988823573785,-8.62308152363717,-8.106929993558518,-6.436152254598498,-8.142391133519343,-7.656451116660165,-8.283547826900445,-7.243357581980907,-7.3808456015446335,-8.636360955903351,-7.035275297767678,-7.09439810757634,-6.562577642540353,-5.721840115507116,-9.141433670096117,-6.880727014812558,-6.429720660584309,-6.362278573942005,-7.387461511237578,-8.28571250018207,-6.681697911378211,-7.275606315026748,-8.959339514162929,-7.8862515336903325,-6.7678224869309815,-5.635075554826295,-6.626025499645542,-6.476671741237818,-7.575006265238407,8.0,1.0,39.49210563791892,0.2105244898650166
859,-8.268211402753378,-7.35521256549709,-7.163531154229623,-6.954584069403952,-7.807269735338996,-6.331236046478845,-7.291734960558107,-7.202661915212599,-8.182131223469522,-5.097686880814759,-5.422971071226865,-7.0870798103036465,-7.502874590951665,-6.8985740388504935,-7.367708087838572,-7.790186152982431,-7.913253409255692,-7.3364621905293115,-6.6164084060811135,-6.887719319429696,-8.249940415591391,-7.031172225279263,-8.868873863763048,-8.857795337220436,-6.57750988360213,-7.380425871839009,-7.656480676318767,-8.636646359742135,-7.457049350834219,-7.0023516509978485,-8.686061250608644,-7.38643568433847,-7.576885132003836,-7.389716311926419,-7.0805647964201475,-8.985881823012429,-7.125916454062341,-6.235445806905983,-7.239642436096494,-6.776457133765488,-8.45754541480966,-7.417398768003488,-7.860227124994592,-9.886965112260816,-8.003359854474223,-8.305325921509255,-6.196780876682338,-6.150550201471612,-6.987699258021536,-7.767860979281724,8.0,1.0,43.494576643232854,0.06146731308394751
860,-8.943181141660567,-7.6717010490336675,-7.564488556837482,-5.28798924171346,-7.072821580120376,-6.90805860760878,-7.600832459881531,-7.773928960969451,-8.875118824801207,-6.853432245376006,-6.733747356653892,-6.785990572682096,-7.515827383421923,-7.378973760810388,-7.145460452779215,-7.890155229115345,-8.908496191694782,-6.8005064122934,-6.277652321634343,-7.214246412781395,-8.694313384235123,-7.518113491281859,-8.9770405212015,-7.6653516758650575,-7.686090477597846,-8.49332810994274,-7.795919388795266,-7.857780552749848,-7.432886609320656,-7.565606837364526,-8.883122721733567,-7.538103431317009,-6.585140689649151,-7.010003720567094,-6.5368591848723945,-8.36799968836084,-6.029049694102452,-6.176670013858148,-5.923560314331385,-6.827554130969664,-8.570555166970445,-6.161914114691496,-7.461137285018484,-9.343901459212919,-7.046056487360379,-7.88454040948727,-6.1177579465173615,-6.502013655163549,-5.782475047593471,-7.827621037034302,8.0,1.0,39.74780629748091,0.2245836933620211
861,-9.113279440371283,-7.193138074274425,-7.423858092342488,-6.089263430521043,-6.783646363182424,-6.301596459505565,-6.3665088344151775,-6.351282343726534,-8.618893068478714,-5.699593609330117,-5.817896186939663,-7.806572650442393,-7.281416713108479,-8.108860610878175,-6.0751248205658674,-8.729396387911406,-8.306317173759137,-7.910273416135363,-6.838069511688521,-7.345298118292964,-7.402834175957258,-6.976295131819264,-9.012634031047629,-8.555970772731088,-7.557577110286695,-7.6477606037385115,-7.195648769402171,-7.859798532891652,-6.797369539788352,-8.158816066208814,-8.155486659232707,-6.855834762272396,-7.83891750755004,-7.491818046630484,-7.035337246624269,-8.085880635406065,-6.581028862555294,-6.37988441380823,-7.719182581829073,-6.793483568167037,-8.923845340025942,-6.3470101547651225,-8.15538635996607,-8.718083861751248,-7.909471552523558,-7.969155980109666,-6.654841255591658,-7.031904414172097,-7.017913773500106,-8.434149352224646,8.0,1.0,36.23080574369907,0.6582057544236939
862,-8.531105973021743,-7.738789308596596,-8.681896852545211,-6.338987038518349,-7.1578143178538465,-6.4522945675501155,-8.257919838614711,-7.150003230144789,-8.6950284597647,-5.639431652977932,-6.697590781429672,-7.66585064328166,-7.118327790840907,-8.283152258927025,-6.237209560169379,-8.613589715323297,-7.91782251490479,-8.512125506268177,-6.693485551749803,-7.877255265036003,-8.296249833662397,-6.952395921754407,-9.44099535887078,-7.893998981277707,-6.047568327187876,-8.615219624036374,-8.209034703604516,-7.94612664063289,-6.23321785356404,-7.256358662516369,-8.084181599095658,-6.9039660135995335,-7.739112825187428,-6.943590974390134,-6.418509742093644,-8.334669167587673,-6.588471055288052,-6.7536376332907455,-7.053732830749652,-6.6092446717886455,-8.620311869531426,-6.6157215876043844,-7.987471799792421,-8.93935829315253,-6.86850775718125,-6.110636197133664,-6.2766313941526795,-6.006974899559048,-6.392367563542547,-8.7200260646118,8.0,1.0,37.55107758092124,0.5205160723601572
863,-9.669659340673139,-6.90309577607931,-8.140061061446165,-6.607620486861059,-7.6647604375617115,-7.4191092327326915,-7.461244444856852,-7.241598146358277,-8.94524569883462,-5.466820862124778,-6.416418908163897,-6.238708260389577,-7.536303931614552,-7.355344684777949,-6.787447554521501,-8.111631794361548,-8.158579081657606,-8.069756071632089,-5.830461911669011,-8.668569642553173,-8.123382930645565,-7.198431230067626,-10.150891969460686,-7.727957207877212,-7.3753514506001725,-8.845202891177806,-8.07794667452468,-8.302814501862757,-6.455433804018063,-8.156696956866824,-7.645462870160749,-7.055215215452455,-8.059434153895275,-7.794340898495071,-7.031090007978497,-8.52118855787026,-6.1494036488702255,-6.380845169196812,-6.201823973310439,-6.676770160164709,-8.772323702815992,-6.6199516570842825,-6.846674612026291,-8.152888612316971,-7.17761644030102,-6.940264343556285,-6.572599237025477,-6.412018006581345,-7.512177619927825,-8.724342247972187,8.0,1.0,39.249374823079215,0.4670770036524672
864,-8.8395149978219,-6.555123325063059,-7.839202303192301,-6.207288746413315,-6.77680127409595,-7.072693348474178,-7.539029435378103,-6.444566152042381,-9.404760214472416,-5.837324161395907,-6.138498213762433,-6.81594066546248,-7.328294217572544,-7.180831530697291,-6.746748144250994,-7.947675549714158,-8.05927346492472,-7.696004147856968,-4.876492922067165,-8.603567160941916,-7.64743510713732,-7.008675604803354,-9.701599718138427,-8.016033917597532,-6.83819993462856,-7.515142555366919,-8.577575999760867,-8.413237109544875,-7.056288722217759,-8.207884663270292,-7.779147130847933,-6.576295282489861,-8.522860284033552,-8.356076710646896,-6.694522495114995,-8.678365623045352,-7.725499603162282,-5.88338308279123,-6.806910086988025,-7.550588326719669,-8.13394454372436,-7.4630936448922425,-8.538386100585896,-8.976246868126644,-7.099951378238848,-6.822900464380293,-5.042139016108763,-6.414649727107372,-6.17728788115282,-8.76350683428785,8.0,1.0,37.00227874628487,0.5871634433199528
865,-7.692061844157358,-5.807740118398602,-7.2763799302536425,-6.456796112626087,-7.084897441151185,-5.974270377740193,-7.707486475821808,-6.85183088983144,-9.339400401245127,-5.308964641909628,-6.491033878487261,-6.761576252553922,-6.890360384271432,-7.4074429810328635,-6.4918036640795265,-8.113902830824694,-8.43402013187895,-7.63189951713837,-6.738090560167127,-7.217724916405837,-7.688210600067685,-7.2245306771644895,-9.296382388779323,-8.420569981556008,-8.46995476390341,-7.987431428544817,-7.76503372756578,-7.612875252557672,-6.54370194332,-7.355277851844138,-8.286989879956733,-7.091215462952399,-7.0103136194948545,-8.300239877176274,-6.661911397444104,-8.492575503323618,-6.674388690935314,-6.5252618783512695,-6.313834634109331,-7.53228809851383,-8.309945328902115,-7.23750400610993,-7.990101449848794,-8.991551751799397,-7.268289722875742,-7.836066232620166,-6.929004586794125,-6.117056517481143,-6.555630230807169,-8.697574904893004,8.0,1.0,40.22854673412409,0.16389744089184646
866,-9.16730805562664,-7.262178012191843,-7.340897403826179,-6.976741531083651,-8.03195201636491,-5.815872623751721,-7.3423598340328216,-6.7889943869512,-8.958091117098885,-6.44748137809219,-6.159925427986641,-6.3867799367180575,-6.616874999449113,-7.288572778799173,-6.150437078300335,-8.570263827334053,-8.44750354399357,-8.450320727995274,-6.898628432222638,-8.258577097958323,-8.07445835043521,-7.313569663116389,-9.360049584212888,-8.69517447419646,-6.402714712135991,-8.07378861621258,-7.94769987031271,-8.302634908880236,-7.205724522369369,-7.8443931286957165,-8.673716846753036,-7.427760268959464,-7.650456091979537,-6.476501157711527,-6.718765983262107,-8.415322691425214,-5.700710932595724,-6.062431178662072,-5.992814777715758,-6.75540971042182,-8.808744361773467,-6.386935542321405,-6.591466214919615,-8.578146773573362,-7.200510186598673,-6.950424845948275,-5.806023246574203,-6.052995466816549,-6.493169629423687,-8.464335020228342,8.0,1.0,39.19743215899426,0.23200845103040324
867,-7.728237411183465,-7.462975949333593,-7.850834806502223,-6.433026818096298,-6.306661750568379,-6.424091415584386,-8.20637966448236,-6.511519135345973,-9.238828665353939,-6.289995576145993,-6.534053809202641,-7.020585854419734,-7.811574371515253,-7.541716838236337,-6.596176173905568,-8.22404333482857,-8.368919966307812,-8.016061350790187,-5.975487589685794,-8.016646841842297,-8.702496723684144,-6.456434509816725,-8.49780197243386,-8.430694800111612,-7.195380101854509,-7.979423130805887,-7.9540833952609935,-7.376522279704284,-7.200701377969034,-7.987489370827463,-8.97233128744913,-7.479263023639645,-7.443355066416952,-7.5287308591249955,-6.001590827415358,-8.18706806154428,-6.3148474917150486,-5.859952856992482,-6.042074136081753,-8.12992072922497,-8.757474028144301,-8.496821084405004,-7.600290107514275,-9.093976113475945,-7.631996278756734,-7.140299002712419,-6.540325546355752,-6.200765176012937,-6.7468305465457545,-8.78723165012496,8.0,1.0,36.18791904495826,0.7414244848069876
868,-8.410981048098222,-6.031170357626568,-7.541179992920769,-5.959673407570717,-6.434356527882174,-6.83390162376296,-8.321685196412986,-5.924710190346348,-8.218337041752799,-5.353060061017025,-6.544952412448838,-6.850259403581601,-6.098286503222428,-7.495454640376974,-7.061784222188268,-8.232511736419251,-8.18632922014555,-8.705626945350106,-5.970997755256487,-7.844391812257919,-7.515438210217572,-7.364737423952316,-9.266303205539112,-8.246545990226522,-6.9285041319206275,-8.351838912904604,-7.944167126403243,-8.356414127193602,-6.846006100442199,-7.333901161714668,-8.591526424795337,-7.192533465793058,-7.781523481257476,-7.375625142514801,-7.293198620475834,-8.601141338724265,-6.0823978595736525,-7.305755690049353,-5.817160861989276,-6.666700954695108,-7.081637889603792,-6.045546404287883,-7.35978269566908,-8.331610756102306,-8.419251927886135,-7.194711530527592,-5.8734143643008565,-5.507768682261591,-6.279154523851048,-7.653355297874411,8.0,1.0,36.20488297901294,0.3261610457808459
869,-8.686504259755608,-6.446206363271727,-7.414934505797647,-5.936644122973361,-7.349214184613896,-6.592931172900964,-8.42166979401191,-7.490514812459626,-7.558929742789043,-4.705716617343434,-5.846699114670009,-6.007134784986886,-7.020815870202787,-7.945683672077206,-6.071934087726847,-8.262984521963626,-8.541049243961067,-7.6139760162249654,-7.094920846228612,-8.570880298438253,-8.203866148978761,-7.287234440679343,-9.097281772034098,-7.425707873385851,-6.551483310285032,-7.870033634995717,-8.207005757847122,-7.706880133962594,-6.709629927049581,-7.516881082675685,-7.951004930387708,-7.566021390344218,-6.993245786562012,-7.7280802159735345,-7.865604109757699,-8.365151928692718,-6.688973269481762,-6.443368675603853,-5.502968502249259,-6.285236247743968,-8.653732351949225,-6.085788527435046,-6.389402727134051,-8.454266833584326,-6.929782809676033,-7.032525663923097,-5.3385321699211215,-5.9411802121435064,-6.190615540954333,-7.673660470028803,8.0,1.0,33.55993771112472,0.548796920962315
870,-8.70763046823329,-7.499425372831747,-7.791522018871928,-5.93326561692702,-6.789157365156673,-6.427254824586224,-7.191888935620456,-7.687021497883297,-8.779528037202997,-5.281294204150649,-6.854914584871087,-6.5018550799599595,-7.5329962453395,-7.548280577667067,-6.6743904153200155,-8.27129586607146,-7.581348521932095,-7.824709463290494,-6.0309096162843145,-7.134534193958954,-8.440697844485948,-7.877156900456437,-8.602390516021307,-8.073715974869824,-6.365965209133548,-8.319730570847153,-8.133910189184727,-7.663283711723424,-6.696310026696587,-7.719632479676621,-7.533628977754184,-6.912258548697711,-7.6341338229006155,-6.653829213318091,-6.089212290579634,-8.421872306002896,-5.6915069364425,-5.3430442406429135,-5.8616016316992665,-7.061010003466504,-7.127703161305711,-7.182008511948838,-6.955288682455078,-8.781730046465318,-6.968454981914012,-7.091460581444323,-6.184658954422477,-6.120290947136765,-6.122564403656056,-7.974406561430074,8.0,1.0,34.08184092197734,0.45686893794840666
871,-8.335395838808967,-6.731675719350718,-7.3795945657064825,-5.370938656707273,-6.717218811942631,-6.6703089390066745,-8.511732126844544,-7.374846085592762,-8.10094353986057,-6.571641078668149,-6.713747750707801,-7.308853180448752,-6.745454356197481,-7.2753484835690365,-6.602196508078266,-7.122990668902828,-7.987878235569508,-8.19910303236333,-6.385518291549396,-7.836070303727281,-7.802348369775214,-7.073222426099445,-8.316075218630651,-8.392821885220648,-7.18847950768467,-7.571275575764362,-7.639585594642338,-8.82597458379842,-7.485085905895758,-7.504414858488117,-7.615219139700603,-7.109271381887427,-7.192954175489845,-7.448544429520903,-6.863445121298372,-8.58907482034533,-6.180079621246386,-5.934900086935947,-5.43698185088982,-7.5434053631602,-8.200182066524732,-7.097657954113081,-7.491222631013252,-9.61840785345248,-8.438822283046635,-6.499107513477186,-6.216287220425212,-5.67101096634557,-5.713863886580196,-7.584057205327122,8.0,1.0,36.14632076200675,0.3771655372711542
872,-9.687364170231625,-7.460315724640194,-6.867585027488599,-5.369558556366737,-7.055258474760762,-7.393724086847275,-7.373249563736679,-6.499178602472833,-8.346856288089612,-6.035540144341922,-6.827114297743442,-7.79651938547395,-7.279371978475655,-7.444059555415766,-7.53814511064407,-7.543563344132084,-7.873904600417601,-8.490173920787115,-6.0017376811209076,-7.284376135273061,-8.685997474968747,-7.684028140787097,-8.475812452169047,-8.549784037485876,-7.150181802246519,-8.303015658119289,-8.826353076015991,-8.252857096595633,-7.119489642147842,-7.9361331368514,-7.255077814849707,-7.119545364387972,-8.543158414367598,-8.193885088123558,-6.646210181822513,-7.956920203263142,-5.640813705783342,-6.253535239169115,-5.963750927828635,-7.350933152578815,-7.758121433662613,-7.377763282377113,-8.51029433333972,-8.510956102579815,-7.386382998482683,-7.404608835957546,-5.6687337341602735,-6.4328095136466,-7.334492669494499,-7.5261466675271915,8.0,1.0,43.16141016510167,0.07857445375879922
873,-8.536407882847547,-7.6996626599599844,-7.633030562748095,-6.464877200642304,-6.971657170267932,-6.205425317253541,-7.204975428057329,-7.213643893948278,-8.533480413220792,-5.753077154117799,-5.7375197909389755,-7.234023041962709,-7.820772621019221,-7.527140914609384,-7.236014980076421,-7.723118360784094,-8.651032001381783,-7.988443467427717,-6.958233519798588,-7.76824633168538,-8.411756466989566,-7.749818944413385,-8.759987176703687,-7.663715392802204,-6.805141400879106,-8.397799065949233,-7.5602624268990235,-7.322110781464382,-6.820724605380764,-7.571226899074781,-7.357608562621434,-6.091938338056252,-8.201284394997,-7.286937308066656,-7.575320590268181,-8.805180997875231,-6.647044591020421,-6.066661739782873,-5.944765878848358,-7.100309663559054,-7.485139902438708,-5.808434504725732,-8.248104820680657,-8.85094313956601,-7.893226842702904,-7.028767037457582,-6.618808268197421,-6.133046419225418,-6.12820620064991,-8.522129257671937,8.0,1.0,40.59609874353182,0.11457884402214989
874,-8.287062257330794,-6.277181534649513,-7.878545652067792,-5.8127838393859825,-6.993514740483776,-6.780637344379084,-7.469918408041016,-7.24499634811968,-9.063954484411157,-5.884443249723965,-6.855598237621785,-7.494092604049716,-6.94170736864918,-7.32984828416095,-7.8808424196326685,-8.904498384940078,-8.055270530769914,-7.531929224887888,-5.938448957353593,-8.032845929528698,-8.098456561410885,-7.170982124251374,-8.65336637570947,-7.432489111770989,-6.415234708741842,-8.162124317011147,-7.51553687335881,-7.622630205065594,-7.375397319612486,-7.649710537386984,-7.963026056781609,-7.557394425486572,-7.915024081185261,-6.955715184333283,-7.471094423682412,-8.85269947662167,-6.246711683356253,-6.244918174719066,-6.326558915396397,-7.377570324183439,-7.565943778232363,-6.745529438374142,-8.136528906692204,-8.98383059288282,-8.118345578274171,-8.01863272760518,-6.129661302370556,-5.072558681844034,-5.945315389313008,-7.242752823033923,8.0,1.0,34.07555729003597,0.758668886502881
875,-9.293719961562656,-7.11721476188256,-7.971631832718035,-6.36394249662396,-7.0175049082320164,-7.224935951652996,-7.328010766064976,-6.582851744270628,-8.463993825636717,-5.469183138350251,-6.1029924304907475,-6.479909127985607,-6.643617978498031,-7.0157525654554815,-6.643623917405268,-8.938855112977834,-8.843025543433601,-7.223121705864597,-7.135384562296632,-7.937324808051049,-8.073888508390159,-7.545338997641968,-9.227867017892423,-7.991359780109236,-6.784597242619354,-8.167194567827803,-7.995465423407333,-8.89063748512801,-6.207321560713492,-8.777866353002318,-8.579591222756004,-7.502413884846154,-8.738490542712888,-8.048717256171946,-6.907916532523848,-8.781525984082695,-6.7948369972557074,-6.73349644095205,-5.841573128187761,-6.511223013533267,-8.45725752955298,-6.6983496401048646,-7.322944602561725,-8.735204719660176,-7.5210356823536895,-6.683092247617373,-6.814326108197258,-5.147461044036391,-6.5783855984738935,-8.05396797318573,8.0,1.0,42.01108418593604,0.1494931642577642
876,-9.403143932221496,-5.630587377125932,-7.410452812939998,-6.5665251719777675,-7.572958668521375,-6.654062275378378,-8.007491712323137,-7.2487144931091505,-8.699877048365025,-5.335750083601702,-5.603540619063393,-7.278194348183321,-8.111301771515224,-6.305760385353912,-5.945461481153036,-8.117060897745793,-8.23580784336561,-7.741456946693786,-6.141491374309138,-7.171221662897214,-8.923220942713169,-7.1572202309765744,-9.088462480306667,-8.182376922579321,-7.042378318435616,-8.157329148256744,-8.428577868400193,-7.308306866034236,-6.941182131515505,-7.937972265227595,-7.658701981339444,-6.9656064775235045,-8.10732787990305,-7.844284441134772,-6.601409898058941,-8.189835989466165,-6.470839233103721,-6.410763268444533,-6.65652386995368,-6.818720277741104,-8.500285077969815,-7.318121311676294,-7.72868123153986,-8.818040819665597,-7.381287140526363,-7.410843635291588,-6.3103136199691425,-6.147405268731431,-6.89559235710229,-7.33981838397145,8.0,1.0,37.098764814131016,0.43732734679777413
877,-8.58544960247971,-7.320362170182889,-7.807018442107741,-5.768322175721292,-7.5990850636781815,-6.559894400882161,-7.075637356827718,-6.984498492672497,-9.152104761851794,-5.938731824297915,-5.893321015654039,-8.142247801817518,-6.748633073427796,-7.367620498268224,-7.0095358405275725,-8.30499253410318,-8.433410323785806,-8.067502415945603,-5.600404996401237,-7.588999972587018,-8.20946380519783,-6.364716727058885,-8.530751029424989,-7.056327639615047,-6.032452692070058,-7.674421573819157,-7.96580667035151,-7.965064552150028,-7.145782782377121,-7.746379808471568,-8.462150940621441,-7.629378485973859,-7.363185294190722,-6.719678657868506,-6.378552474033828,-7.914680914900504,-6.2978885305302255,-6.948172002099188,-6.274612819041818,-7.238881918208666,-8.326229094020261,-7.1627613512372434,-8.0154143320442,-8.140390283068824,-7.605085036450775,-7.7202087007871585,-6.905954592154351,-5.998790200981025,-6.360075866752279,-8.12148783979751,8.0,1.0,34.481834537856905,0.6579579169995993
878,-8.524884633018951,-5.546227636617798,-7.392941568668109,-5.6275420596854335,-6.762744169621633,-6.724201632490724,-6.974526148158424,-7.469716805920078,-8.13590204709657,-5.970170370933839,-6.045808061072121,-7.154985118966043,-8.095664153504764,-7.720960410267916,-6.771195089162057,-8.442695464497959,-8.924360856418671,-7.545229762326615,-6.340882599426772,-7.099737393160092,-8.395108134944241,-8.06726134052058,-8.469936282270606,-8.31788776663026,-6.480696987343547,-8.158749310967135,-8.405665605133619,-8.51299759084021,-7.214713176442829,-8.7043236009626,-8.641764303198958,-6.538344548048471,-8.511288849910127,-7.5367102064871405,-6.736959338757917,-7.90604061175598,-5.148965683910227,-6.538109145251256,-6.147738201317267,-6.4142619813941835,-8.51599738711377,-6.800975665351472,-7.835308221739264,-9.481935730415318,-7.052367395229042,-6.902384485791776,-6.1865792773152,-6.437440591636159,-6.769780842220836,-7.781344597224426,8.0,1.0,37.19350000653065,0.44156308160274443
879,-7.927369932899483,-6.867581864470787,-7.0866902325527175,-6.378098686415105,-6.791119630017469,-7.131342915900584,-6.799095281416694,-6.9589875668879735,-7.918279314075094,-6.400185509773078,-6.560079202456184,-6.375511579126868,-6.808273012307588,-6.869788225816525,-6.9768600502577565,-7.7462350888816225,-7.9751179295492,-8.137494912385831,-5.742054624890264,-6.746005574012215,-7.692833121137865,-7.363936186659547,-9.09516516952107,-8.40660981015091,-5.879412199984905,-8.008630499900004,-9.004625406668396,-8.127656917158774,-6.946056749797374,-7.518698689315456,-8.458543173765612,-6.417023213997432,-7.760185001616497,-7.327237918068247,-5.705242464590745,-8.319930355473751,-5.246858441634015,-6.337056849376885,-6.0082842585789455,-6.51528475838218,-8.54046011051045,-7.340527238561617,-8.185289082325959,-7.879181801592271,-7.66525608935974,-6.76944632406033,-6.0037660823324615,-5.288841910811768,-6.31787054136252,-7.632908119532399,8.0,1.0,34.48823691499899,0.33633423194883216
880,-9.063081196246287,-7.4908961695683995,-7.591620956112775,-5.520180874249038,-5.903629851907597,-6.766164371822202,-6.36550763427942,-6.810621932576824,-8.912411433923795,-4.480287452276237,-6.414397977561556,-7.004511073208556,-7.149144506218658,-7.173125665546146,-7.440843180655124,-8.132575383656885,-8.88820474753784,-7.416842472662317,-5.5771019057524125,-7.734779436032717,-8.068805798957218,-7.316507135740436,-8.83512622823179,-9.090386785493603,-6.60089894792214,-7.275072148693845,-7.890783168196189,-9.071209276384865,-6.5862544043316635,-7.6806989557915575,-8.412530991328092,-7.099120832562161,-7.208254359414722,-6.746876723525224,-6.611579827236551,-8.30343803623411,-6.594651361650607,-6.674139622041323,-7.347317239608225,-6.835876983199171,-7.838646297499637,-7.047070608056773,-8.250090196730282,-9.571110055717224,-7.222812528177835,-6.296749758714053,-6.2269594248281965,-5.773715378512813,-6.395231552602138,-7.771025693677658,8.0,1.0,40.73094684840418,0.07074719984451212
881,-7.853152764503529,-5.7134601718577915,-6.717258632303602,-5.805086757639598,-6.7404785710658475,-6.198646180082578,-6.948852025573921,-6.009114439749252,-8.58835604805734,-4.7428719895749545,-6.272824640608829,-7.702154495377337,-7.690277930455886,-7.804104883308472,-6.739283004437927,-9.119674208492155,-7.978028523882567,-8.248335498607837,-6.343797978083103,-8.016484214429038,-8.630516965921574,-7.787306384516762,-8.098272774918199,-6.808808973072227,-6.030066493376712,-8.979321982935303,-8.184043863942925,-6.9265137485590405,-6.687142074363648,-8.076663129359028,-8.49225135994871,-7.025323611279299,-8.116687898289673,-7.767927063500263,-6.268378752865593,-8.095627191846217,-6.398830830784221,-6.525232184198314,-6.418728646642412,-6.029041951266787,-8.76528891087837,-6.6122109737092245,-8.118332079507669,-8.726954774518079,-8.259142084092117,-6.281681307967448,-5.382525793146445,-5.677686428728926,-6.6975925377876155,-7.530166736919641,8.0,1.0,36.997596915382616,0.1992736231010695
882,-8.350607661897266,-6.5036108196548605,-6.310493402862448,-5.911507798839472,-6.913714069161578,-5.859425838491933,-6.356003401782669,-7.14198508529548,-8.621620607461795,-6.140717519933147,-6.004402066328813,-7.235492358090336,-6.900730084489246,-8.16063905063202,-6.068261086332958,-7.475565195652621,-8.602265646051242,-7.1168455498437355,-6.333919161682792,-7.706921674833995,-8.370981628241996,-6.83458228847029,-8.899896938328597,-8.76545347693747,-7.226250317921003,-8.212735123779975,-8.237490290891172,-8.03836713803909,-6.584707628399869,-8.318273268588001,-8.382519472563978,-7.162339653041217,-8.244297614021537,-7.333596405363365,-6.921869238542586,-8.865452412903583,-6.636668299199708,-6.48872622029616,-6.989634991291231,-5.805147823877033,-8.711842597210559,-7.3362844399954605,-8.40194888778737,-9.350809475220768,-7.513506172196999,-7.016618942126531,-6.392244799664931,-5.040157123013581,-6.448730866409441,-7.949020169196812,8.0,1.0,34.75940128243447,0.6555251988999333
883,-9.123900536767842,-6.149865797243707,-7.072417874409152,-5.985217207125236,-6.865055702603832,-7.269658075377577,-7.709996273020226,-6.919303935152752,-8.606453131308841,-6.48169109049436,-6.267850505998074,-7.461559605079043,-6.627700937524515,-7.262030623512154,-6.837315012359397,-7.705412335350924,-9.400918112540895,-7.526830260847307,-5.861091570433237,-6.953468715016828,-8.445315167125854,-7.91570828934337,-8.295888431521677,-7.715752858414487,-6.793893115663215,-8.15269019866672,-7.884634823142925,-7.437312489947233,-7.3305671532862,-6.740594835410657,-8.666366504038217,-6.844846958978412,-8.066302010525412,-7.954575602591415,-6.875746820340195,-8.82951611771062,-6.109265469235146,-6.646581090471697,-6.358798950367976,-6.4427543513298025,-8.376297786973993,-6.740153826935924,-7.8364241900270555,-8.650445217579424,-6.446733541024202,-7.589107334425637,-6.637981532520651,-6.775782565021124,-5.712320575271227,-8.353011184072997,8.0,1.0,40.18979458412049,0.119179289044218
884,-9.103052880011136,-6.432358003313985,-7.924676238771504,-7.146269921306362,-7.735954242232773,-7.047160085499296,-7.64724558419999,-7.459563747458134,-8.844664117424179,-6.185455913531021,-7.050936208326313,-7.03917805885911,-6.866332172731961,-7.700144903906021,-5.317455696244303,-7.484594037511314,-8.174134514223903,-7.667915273400762,-5.779418763061745,-7.110638038580212,-7.254173373597293,-7.183465971940214,-8.337217598938363,-8.343607381737423,-6.893692892364454,-7.703379765673122,-8.56241603526402,-7.6293366638916265,-5.904418859346543,-6.912769239146757,-8.180163762692224,-6.997715657103451,-7.129262411427535,-7.840475962161081,-5.889016603377014,-8.548306159763058,-6.777333525596528,-6.004551528945489,-7.450604464158754,-6.85398198315906,-8.24145197428771,-6.601550312057106,-7.102739850017997,-7.800154407741293,-7.1407981972460846,-7.125655355349557,-6.244926472368513,-6.708681977343428,-5.508690077902807,-8.06575695217328,8.0,1.0,37.33936319091416,0.19123769745198135
885,-9.36831343718577,-6.978362369484174,-7.267541641221479,-6.1923357729161745,-6.863346268246879,-6.150184406654966,-7.402837195328486,-7.578322969581592,-8.833886378761843,-5.2923529224833645,-7.084617397451543,-6.284129104207796,-7.4069803818013265,-7.91507480402878,-6.084597443636246,-8.649205133033448,-8.270170597745965,-7.7231334776074965,-6.101301211210829,-7.907112027550559,-8.203571700529707,-6.466151131834071,-8.390369117454581,-8.004561278364696,-6.32472232303187,-8.480228001048696,-8.277909394177682,-7.860338031775937,-6.702426863103451,-8.328534085291892,-8.503736233034623,-6.799161408312686,-7.183372032512568,-7.438429653641531,-6.3122769226981985,-8.743933344501961,-6.0719350933143765,-6.66830589983984,-6.994207785245478,-6.7317216697768085,-8.642893244246823,-7.5618270973497665,-6.969783534240867,-8.817551247849478,-6.988053359774539,-7.604875701816149,-6.198542634601025,-5.525677707889299,-5.873490299768325,-8.010475088297742,8.0,1.0,36.63203686575411,0.43124177012153003
886,-10.052401144632679,-7.3281793341966015,-7.0436064195818,-6.727674585196694,-6.903903231131842,-6.771551156981984,-6.890177100987417,-7.210836903707818,-7.780951351711812,-5.876257390402376,-6.4808691360650705,-7.002806514059154,-7.31467985594308,-7.3452755824710865,-6.7588098915567265,-7.645826737609121,-8.912647116251867,-7.092285490269975,-6.615287581395609,-7.937901168233929,-7.850199436377407,-8.153007373947023,-8.03879408108168,-8.52174315065243,-7.480392088737016,-8.237023065063234,-8.19499286694553,-8.364187241138305,-7.206728111141082,-7.176487171638383,-8.097818150028912,-7.653245579254965,-7.42919718095032,-8.113921055553693,-6.509375782005885,-7.194103935045708,-6.695999080341319,-5.718351971900378,-6.091470803049846,-6.632142729811682,-8.156900327234283,-6.503196856037187,-7.522854549623233,-8.944589442835856,-8.39683348233879,-7.382716610493781,-5.8777981316176025,-6.926657468699647,-4.874751188049194,-7.481128889397936,8.0,1.0,36.62960119234443,0.4346187164443818
887,-9.038870549938238,-6.370035489592167,-7.35926109888523,-6.312605480590171,-7.143379751369481,-7.9548522202715475,-6.836824521486683,-6.727091174155831,-8.472764072483637,-6.0576505817899315,-6.383211275787013,-7.028282202978744,-7.96655535130773,-6.858939357759313,-7.2375881693100785,-9.16922733826326,-8.641713750197509,-8.726595286868703,-6.711932790442861,-7.931462823105276,-8.236961221101227,-6.899164912753731,-9.429474378880883,-7.9551019755212895,-7.0863901389115025,-7.740247187725539,-7.902677048684858,-7.189171332444297,-6.67098754193924,-7.6369972605815395,-8.82290546417261,-7.2655068945433126,-7.871520058633377,-7.4379321650084975,-6.115484318673965,-8.254794616223911,-6.452929122614519,-7.190181709622164,-6.265449642371492,-6.810363252137006,-7.98791436411407,-7.085108510342882,-8.32532366082053,-9.512808584780624,-7.523527255126966,-7.34032418795981,-5.769256936408246,-6.356661707873816,-6.359299052258114,-8.971520675538425,8.0,1.0,46.596551923461305,0.02061176624749077
888,-9.320256711027156,-6.461578770518567,-7.342416639726438,-4.748169736164433,-7.4489523047757,-5.9147259823811495,-6.841941204121541,-7.4696519087069335,-8.59573379565958,-5.658011416274105,-6.449894420692378,-6.713173697012186,-7.104013992188548,-6.709638205694428,-6.818931613889749,-8.13803568831895,-8.771545943339548,-8.442519237064005,-6.069564459599875,-7.318869823206818,-7.642694354425947,-6.9793482996668255,-8.22725552968222,-8.629077742283057,-7.601473027506209,-7.6459889150232785,-7.748790689877076,-7.525866321661983,-7.547151645158988,-9.092153796342835,-8.494825914448926,-7.053084664598472,-8.993228016478698,-7.875052513801681,-6.76817052907438,-8.46973355334956,-5.905001392974952,-6.052373050955095,-6.232738227623417,-6.635199078161267,-8.224057069885573,-7.846452102319938,-9.214162446605691,-8.466186762010972,-7.983851719813124,-7.026527988384812,-7.000063260447746,-6.130602435035645,-6.332746567292551,-7.445487811995113,8.0,1.0,38.134032047998524,0.379382426174103
889,-8.413348930200002,-6.7307117687523155,-7.1275601552261145,-6.603659881677259,-7.002486025297751,-6.5758382001248235,-8.197431584774549,-6.907028495010108,-8.298677622864327,-5.835675089743751,-6.547451142882156,-6.935323007690783,-7.306825198834055,-7.523579225368669,-7.200464655760972,-8.640815596414212,-8.47071235240934,-7.2866532235189165,-6.017341627017371,-8.373461174151297,-7.930449404408514,-6.839233134755713,-8.517503734590427,-8.110070729803201,-6.891786209207019,-8.408412882429996,-7.584718481104508,-8.064237338254314,-5.90051183503623,-8.079067035404028,-8.492748739969409,-5.743491719931791,-7.376661777324948,-6.9995231470537025,-6.913915480309404,-8.87129785446924,-6.36600680328875,-6.485900057108857,-6.423861879806943,-5.994129215640017,-8.48314772166583,-6.9829477045864845,-8.174424041115497,-8.689753656184493,-8.075252938726432,-7.219308071486344,-6.910402052030758,-6.9670360827893365,-6.690195151997647,-7.904827164955847,8.0,1.0,41.00851767700069,0.10336485656076402
890,-8.880850443564645,-6.490727860935486,-7.235939071718544,-6.039170980880619,-6.970670051679839,-6.681200544640944,-6.444535110560944,-7.170839635016907,-8.592583746286069,-5.934408263022037,-7.385006189312966,-7.045497830864442,-7.394264835044055,-6.4138971474595685,-6.55102276887879,-8.973174219292652,-7.996208567926752,-7.987283349549251,-6.227246677256107,-7.72878285424441,-8.057285253263585,-6.873839178623532,-9.026472795416774,-7.317227447611625,-7.173562256815685,-7.75364294119526,-8.387679044737284,-8.536102964989922,-6.727534110040616,-8.060920858534418,-8.812306577592338,-6.470809206880818,-6.5182769966552305,-7.474077963469569,-6.895411064386452,-8.465980655875395,-5.900808267503076,-6.678848416975495,-5.9634288834317,-6.804164531635814,-8.272082341473714,-6.89916928964164,-8.03574539963739,-8.151348242778152,-8.014822506701845,-6.687017463501209,-6.801947443736312,-5.843577484335254,-6.615221823257714,-7.968014720359308,8.0,1.0,40.52739761245261,0.08045579123485931
891,-9.28926169027886,-6.789414404837553,-7.680136621490576,-5.668164542873614,-7.603438569352563,-7.361323658415979,-7.058513240769584,-6.883845126970131,-8.496516305358272,-5.816792630264402,-6.451289245998891,-7.308783848022771,-7.314428644328604,-7.203916480385639,-6.444130077544009,-8.896881458849629,-7.206537247420617,-8.704511342782938,-6.338381893195104,-7.099083160245644,-7.755504010751376,-7.453670523212592,-8.154057924903558,-8.042238142710902,-6.297316165793244,-7.367835788599,-8.437243530842876,-7.891376083716037,-6.975968430417586,-8.86398937520864,-7.960767958268123,-6.619148358161136,-7.5945568409542625,-6.448339024346724,-6.592281401006681,-8.078567489003698,-6.214303679202812,-7.1916609534624625,-7.193174570080561,-6.3910564404891534,-7.844604057645743,-7.581025286838733,-8.190659280968967,-8.888957199981414,-7.622468702783545,-7.49871981925359,-6.490467012334487,-5.55399286577656,-7.392716369239777,-8.090408546362696,8.0,1.0,37.15005137173229,0.4238476332434584
892,-8.185978228985148,-7.216196619243123,-7.229310803627152,-6.531819023311029,-6.383295428373329,-7.376467900909859,-7.5675576566145395,-7.428464303919791,-7.8476644747761295,-5.650729366890951,-7.373192469813823,-7.132396583150636,-8.47662692290184,-8.107289154783178,-6.0854736572817325,-8.35101359873379,-9.383383272137532,-7.663377778364965,-7.1032371521352,-6.967525689291824,-7.992748532608873,-7.519607315476758,-8.124838520375576,-8.150373585983113,-7.223082377341126,-8.335239884952301,-7.733679094558138,-8.56078762374996,-7.3770853306757385,-8.453251699682633,-8.663441539514773,-6.682395027771003,-7.761077864842479,-7.157794582309377,-6.449214465770349,-8.870611726718204,-6.198168333468628,-5.800920278952785,-5.666445368441266,-6.663667630443821,-7.59159946927893,-7.048833243488131,-9.093552031833257,-9.306594499435594,-8.412318910536984,-6.870444130998946,-6.422164673250335,-5.323406294266253,-6.7360999701487065,-8.018242916135453,8.0,1.0,40.89535723116055,0.2213063299796356
893,-9.369337481977063,-7.190364105245693,-7.863310949388189,-7.4060489367323274,-6.545992537002031,-6.061572496091216,-7.845249208174118,-6.785102533420877,-9.165021359899868,-5.382859307861113,-6.197651389232807,-6.521863366432211,-6.740542787598195,-7.283131587023109,-5.9911844662166045,-8.806002246777505,-8.4574249979916,-8.179948910926315,-5.7094252751285435,-6.985930031065072,-8.645679972775001,-7.233292856573765,-8.632190358910764,-8.004018534659895,-7.144956997941868,-7.389524641138235,-7.35619236871166,-8.263465034822145,-6.6043532489134,-8.84070556557182,-8.085347389038137,-6.963058629877166,-6.407644024121895,-7.780002571170917,-7.402989575172929,-8.113229732910078,-6.203908821557473,-5.780188876633531,-6.108310523425527,-5.9624303554267195,-8.284934782573258,-6.942495018831518,-7.9208396047774805,-8.582637175897723,-7.797007701487893,-6.301007455641691,-5.98008662286787,-6.598112995710727,-6.3427531308281715,-8.450224306177564,8.0,1.0,35.697198297858456,0.47712252174443137
894,-9.644264074830147,-8.24691837714811,-7.636504912754268,-6.302734103165564,-6.220587098061545,-8.487911888594162,-6.399461750804522,-7.667711897589961,-8.816413446797577,-5.969989641557739,-6.194760362780967,-7.239807871612854,-8.015925460285924,-7.331864166328264,-6.9304411163726725,-7.66495831261603,-7.690285052614528,-8.166921301070133,-6.578561272608322,-8.08870061119503,-8.004267661399016,-7.307109639696245,-8.97933542300589,-7.694413628565573,-7.793021055043912,-8.009598801974292,-8.63778436767286,-8.735371867585462,-6.3216385802854465,-7.550602462762647,-8.542637634664551,-5.770630263535904,-8.149815515040277,-8.000063555145717,-6.041194262748416,-7.889617304618462,-6.56985677076416,-6.883852646564572,-6.31384151135695,-7.765225759585078,-8.94021041251061,-7.761259300488317,-7.653923346932928,-9.222592118034948,-7.858900201378393,-6.983875276005369,-5.599822266443258,-6.159251131144843,-5.892969351331409,-7.7527188437099825,8.0,1.0,38.6095833085399,0.5137884829653828
895,-8.179012946385942,-7.071377635369311,-8.09175690517327,-6.30084736349872,-7.5133825100143925,-6.301649177383885,-7.456390984239979,-8.400213953334367,-8.559118064367627,-6.030044788000961,-6.245948621860077,-7.174552329706195,-7.09207001877143,-8.71473452403851,-6.263352928921769,-8.33770005424958,-8.679000897647693,-8.622887228683684,-6.080369529198886,-8.254236155514793,-7.416745690827,-7.554243355457695,-7.511304377764901,-7.599932979771638,-7.145240057896366,-8.367147797133802,-7.521118426376692,-7.576696778792052,-7.690701294412024,-7.458488787417375,-8.226294369283911,-7.28337126096758,-8.002019273151332,-7.043353129553159,-7.1474546297363215,-8.484983587596705,-6.568065637324522,-6.7411642330324435,-6.447923955974187,-6.5296426188060455,-8.43122049312492,-8.124414976001308,-7.911678289750194,-8.269985924840308,-7.266941091254952,-6.248281129589142,-6.347929695130479,-7.005071026898474,-6.834604266518819,-7.912017898990957,8.0,1.0,35.36971861546158,0.7507209182663895
896,-9.1797398304794,-7.858522349913233,-7.043160730859906,-5.910516215277984,-6.44271942623123,-7.215395329694886,-7.124061052829081,-6.338240485562557,-8.043405213089903,-5.412694410182506,-5.416809850355853,-6.396223147830746,-6.972092692204907,-7.475276004943827,-7.783528434953965,-8.373675832993383,-7.596384894793737,-7.727235650825174,-6.49613178250717,-7.249092059812683,-7.819098092671508,-6.835301647825628,-8.217843360320545,-8.15622979975836,-7.289095162431294,-8.913885385344866,-8.856025766295534,-7.7878816383863025,-7.305496439311801,-7.90209229734703,-8.039212637060759,-7.243272488431351,-8.203443985828567,-7.835157156777592,-6.418426575990273,-8.155787325236707,-6.463063918632976,-6.7155715449111435,-5.879279318252174,-6.418443253960112,-8.622118024878443,-7.594504084586308,-8.13810666274183,-8.070870531474744,-6.902877382352658,-7.0640865072945,-5.308753330062925,-6.046032096814356,-5.979098668538674,-7.7419676109956095,8.0,1.0,32.97110181593975,0.7543750283074568
897,-9.038179304696289,-6.853321986659863,-6.974888227373583,-5.442232342010956,-6.628911575187197,-6.710458532776816,-7.2825514803737095,-7.37103644289946,-8.455930081265207,-5.410143643248337,-6.547455791184627,-7.0097815444240075,-6.808658991734312,-6.822600673220417,-6.791531582425858,-8.357277202264893,-8.472863743879799,-8.213702050060101,-6.401393439671319,-7.800245601751577,-7.502826191142526,-7.340751066933343,-8.76501643912775,-7.50078044859954,-7.273724621282865,-8.372583978895666,-7.751935761136853,-8.400253830466907,-7.235105517360159,-7.6374387706905225,-7.719971846973159,-6.93514857800584,-7.451035252320438,-6.501633819766677,-6.830259174503332,-8.33938684745863,-5.859374863136251,-6.372834086446588,-6.0668205207630805,-7.378727297885215,-8.827014146006036,-6.721357834000816,-8.315290237163605,-9.009866896769314,-7.701759798250942,-7.708097056840733,-6.056067696321254,-6.146127752795146,-6.277410946813546,-7.5184202625267,8.0,1.0,38.89037052215645,0.16452097297401266
898,-9.320062558321313,-6.968559827546806,-7.475485951952928,-6.279298134658061,-7.4666743966452405,-6.031924477328749,-8.081666141064792,-6.544067768740456,-8.236689957320614,-6.2652867874388605,-5.845033313528373,-6.792242843763571,-6.544951656918142,-7.165448702603554,-6.977519331160269,-9.222912745017489,-8.566469197308027,-7.883724962436643,-5.90043366081659,-7.99441098750792,-8.393469158926113,-7.297684441919785,-8.141964872895926,-8.233315550002237,-6.50290563351554,-7.617846774823515,-9.076466738808753,-6.915318856118349,-6.336258101430515,-7.316763360768378,-8.41550609340718,-7.241957332135822,-8.254664213553287,-7.570933520393198,-6.489124053650095,-7.289657013136288,-6.6101400485749995,-6.172432068172245,-6.1932887042929625,-5.924556589593004,-8.072858877390857,-7.577169808123291,-7.490800237046543,-8.73409846236083,-7.127964552106725,-6.5441733773052215,-5.3991699008627965,-5.38458131770817,-6.666579335751006,-7.19649404784138,8.0,1.0,33.515511943708766,0.6183677329334628
899,-1.5793114911292991,-1.4874237118639986,-1.650374766161915,-1.5380857493158326,0.990910479004226,-0.4678171195938172,0.32018069681024963,-1.8000133498689417,-0.27188606325727216,0.007742192481283272,1.2240272403173345,1.2561300152054007,-0.6742782544871915,1.8595914065343098,-1.7766717366868385,-1.5333169877234791,-0.3619876318695705,0.2695350320350758,-0.019659977450869004,1.1290856723763594,0.8747750296072359,-0.43869649958190005,0.9550616069997373,1.8600072543683144,0.7151628321744483,1.0234663999575164,0.32035110632040764,-1.3622703442558035,1.5286456471023406,1.9002659739003485,0.5355483863858446,1.057716121599864,-0.019564820704687236,-1.2098320856037543,1.680877003849429,-0.556726298786268,-1.3622127355035714,-1.9009354472561393,1.2428019364688483,-1.1320159790620736,-0.7442410674358233,-1.3471058605432131,-1.02062674465749,1.0596036323019167,-1.9453435332427795,-1.5756392225306883,-0.3005881076173855,0.2736289960402196,-1.3693006907468632,0.04063576767901411,8.0,1.0,1.0673449067028626,0.5009331085436314
