,x1,x2,x3,x4,x5,x6,x7,x8,x9,x10,x11,x12,x13,x14,x15,x16,x17,x18,x19,x20,x21,x22,x23,x24,x25,x26,x27,x28,x29,x30,x31,x32,x33,x34,x35,x36,x37,x38,x39,x40,x41,x42,x43,x44,x45,x46,x47,x48,x49,x50,Z,C,y,true_sf
0,7.671835859374644,-1.7363694568914867,7.133882884715074,0.45205899695754254,2.2948938348466092,3.6110219570358,6.827389418030793,5.129326211449276,6.344955283002519,-1.9590006130931041,5.926422336703675,9.026608165117873,5.153133825998318,-1.205625330806843,1.1174856188534477,8.131977387601145,3.730153869828043,-0.44163179887378806,5.181680120175191,4.728192342768208,1.1940764210613777,-1.6455300814487122,8.485865645780512,1.4256179181902748,4.60665979724066,-0.7922754583530439,-2.0847740349534676,8.74063330974255,6.428834625464405,3.775009603629205,0.8453887866986417,1.450790251068883,-1.5123816407966988,7.370480438049365,8.277179314161472,-2.5622077918111663,4.901578139425044,-2.8648039704936217,0.18001599217593522,3.2177428716873093,3.2482810338439596,0.9056752007024312,-2.3486358331999,0.29079806217201204,6.818854107040796,5.263615298793381,8.159074228888208,3.312454718095604,8.259584017195564,4.701667178192312,0.0,0.0,4830.402180701412,0.9465509222206818
1,7.279961719478282,-1.859398402905105,7.4241518584612685,0.6589073950310591,2.3586589286668698,3.877661467265538,7.442034228069874,5.362838533449476,6.311306182866766,-2.0131503631262997,5.734393199050554,8.534484531689387,5.757576494330198,-1.7039028931368898,1.0280678279352997,7.850682609881097,4.360269643309043,-0.8901443081150175,4.6484867008710715,5.004714021704378,1.8571876565144938,-1.009210642106004,8.346764629163275,1.0226577777856904,4.373139662882384,-0.5627704000566637,-2.548810856498766,8.516218497345644,6.2054333989626,3.367627500181364,1.4956011737304031,2.1130465637647076,-2.0865258193854115,7.4436215707220175,7.880447035128708,-3.2338755562748744,4.771951312767061,-2.6537900813591357,-0.11997726266852189,2.85331237628175,3.3774564256976256,1.0775569565625818,-2.0953172450743462,0.2144273972045159,7.256644428249224,5.590097289173722,8.11780728332652,3.2482007358362375,8.335172432922574,4.180004691625034,0.0,0.0,5239.49435262,0.8039428703782864
2,7.321352248328899,-2.4934880850119003,7.313580565794089,0.5900847644241102,2.0738544942073496,3.7033827605800824,6.665299646709521,5.342847685552244,6.547760830261174,-2.1358628370466244,5.885983146204912,8.543410842619247,6.125793306231297,-1.7158963946714298,0.9611799016378695,7.902763692605,3.931526708477665,-0.43990919074078183,4.831953750588572,4.572664035031458,1.5995538218859666,-1.5234422223168333,8.765919544299793,1.4488152028770822,4.68158282345673,-1.1751710097307706,-1.8182209732984984,8.38522049370572,6.985390069455733,3.7907959257552175,0.8561767337771975,1.2832887615650197,-1.7354325168483595,7.598525866345766,7.545587304698795,-2.6825294399438846,5.172850875074237,-2.75887692539044,0.39043518979674374,3.8468049907506883,2.974657142230953,0.6145640285418461,-2.0913131176543045,0.29326619899434586,7.16016748626402,5.791055257503518,7.932763376534712,3.110122927334853,8.19237966062941,5.071862274434583,0.0,0.0,5142.18982886374,0.9203931646359924
3,7.434870497520208,-1.823255283764792,7.968139507802699,0.5969448065953329,2.047112374088326,3.8354295516276817,6.546628880144376,5.255799496731972,6.615792886006494,-2.7687333727242467,6.153067726367347,8.66300506196678,5.564771324357015,-1.3112515816821424,0.3889465228699934,7.658242172351518,3.9621046434953033,-0.7090972927747904,4.832278065747194,4.891263472334816,1.271053690532452,-0.9655068401836658,8.726637800490995,0.9000516945064528,4.076510600054522,-1.350423545987914,-1.9550784023261565,8.511195084434782,6.797792949609805,3.5129993357192415,0.5123837381631955,1.4133670531037716,-1.3965719567511081,7.722697709442757,8.541772175396943,-2.5846759141949014,4.85666159676145,-2.8185196716326057,-0.299820333681425,3.654723324501372,3.1597287996710413,0.947126757749993,-2.3891265692635764,0.39653034980871477,6.938252728361869,5.687353264217271,8.530387333162569,2.9272233430230377,8.433370980059687,4.579108257372703,0.0,0.0,5344.183340879461,0.9422727376823363
4,7.325873430899288,-1.5956504613974372,7.284180821354927,0.5007824559154199,1.7891894832841169,3.2584878064880924,7.0355490828786165,5.106139490232769,6.106319376609853,-2.366595916904294,5.685523222867451,9.066774974842732,5.547907108060608,-1.610069440730523,0.8574893292939134,8.034022544546954,3.6115940743267343,-0.09243025498908575,4.898389406094603,5.384684484427883,1.6023273231947799,-0.8954940429971513,8.607638794644737,0.2945783343975019,4.325279323823522,-1.1841551420072365,-2.279360382230952,8.233094066713413,6.633053024083865,3.5870468533370836,0.6325199838234111,1.7800999040394518,-1.484926017766,7.579862480898253,7.927100136684014,-2.4888818678975198,4.7034857991445715,-3.0163947783431184,-0.39684269285605633,3.748196317431914,2.47522339829471,1.163003854297856,-2.4938006056923117,-0.03237754591676689,6.760548248273999,5.2506722644738835,8.467854920692606,2.7320527406567345,8.579702477661247,5.080161836710939,0.0,0.0,4939.830037442034,0.8947163323374923
5,7.249169246368028,-2.0266394589655694,7.304740423047205,0.6242319035290681,2.135390862782011,4.226520606332135,6.552649440308348,5.256168738009578,6.333213719603077,-2.1531104046516214,6.350566318294116,8.760036313531042,5.610776340035017,-1.810931415734494,0.8428831477614007,8.027766224781592,3.889544995305671,-0.3068535954097677,4.879676345778034,4.814062136591248,1.8206932198704722,-1.1410999572713767,8.361693348756008,0.40550361794090667,4.041087543580958,-1.214368008565459,-1.8206837984209385,8.05699453029074,6.858507225311184,3.6507185596225566,0.5559912705436636,1.7027167361389348,-1.294990049697256,7.58425497148741,8.568930061988139,-2.5293985943390007,5.043708509132333,-2.764155931666543,0.10022672313563269,2.737502192799362,2.8101431744827976,0.9018051656113057,-1.9319736155947427,0.48642408783620783,7.364397634882978,5.428055251486138,8.316826475838916,3.18046249487668,8.143753576418428,4.983683369015113,0.0,0.0,5211.489865911906,0.8427113626508611
6,7.50547626309172,-1.6889670610028409,7.510732105181851,0.2538336353000995,1.979448106557627,3.9197779025058725,7.215930476531962,5.167082246129301,6.483724652559287,-2.38739581070954,6.575041911893697,8.360761789539854,5.9564729275623,-1.6629795298582482,1.3279532062870898,8.238811167239955,4.076830077690179,-0.5286795484676983,4.481571680448322,5.024433763509952,2.082868040322176,-1.0348393234005082,8.154024586017435,1.0714378463205463,3.9348132397281925,-1.2145445583828693,-2.3706594528743103,8.111124026713568,6.8188285736378225,3.464382148085261,0.4851919364607941,1.4538474599803863,-1.3322733093199917,7.297371379574519,8.250133216444855,-2.327437055318267,4.807202449665545,-2.4285105477187723,0.35509151562927443,2.8564177332508067,3.391595934513295,1.1828478314146667,-2.1707449409129422,0.6237798715890287,7.165644492782357,5.158705205920837,8.686587229706685,3.2628248028653863,8.439475993113607,4.673283158107079,0.0,0.0,5389.685591215779,0.8376319443043286
7,6.81528675897515,-1.8721855899392208,7.512139127712192,0.09050956946598981,1.6271005193854238,3.9968468061924325,7.117271126925537,5.501367679652891,6.497933916486404,-1.9074137172668473,5.85609924150356,8.692246527649221,5.661130166857262,-1.6448199585785077,0.6872961975580992,7.9401822410817715,4.115210252079557,-0.5543355748793297,4.760581211310745,5.675269446133318,2.020292335641769,-1.5426030311192178,8.597753861944735,0.10880436242433045,4.460953237476557,-1.1373542242220678,-2.105862529407357,8.057136601807724,6.22315932628892,3.717080740249116,0.7452220779197571,1.851006798822535,-1.730714527087533,7.403087972714793,8.118696160165202,-2.6282971576397345,4.738011724832937,-2.6895190545284007,-0.07435492721292732,3.40482002178824,3.12296565623498,0.9735113056890874,-1.9586253999257974,0.5151412649762622,7.196690199857422,5.557187806008015,7.959464620495829,2.830405493830676,8.019506032458525,4.694775769535678,0.0,0.0,4681.920267017427,0.9445008353178022
8,7.42091915716031,-2.294994671504849,7.6355925123157,0.5801829054769292,1.6435618704049866,3.94444832947965,7.1542585246374495,5.133979149253691,6.086376600133237,-2.0751326368006446,5.7797825684400115,8.528697302901548,4.506693298957423,-1.0802141959869642,0.9167026081529703,7.951798691061408,4.325214314168095,-0.41273314125084837,4.612082147424377,5.013063704475058,1.9195544647492588,-0.9832466810478757,8.353770150804218,0.9665465976387382,4.508915910955511,-1.4159138126133568,-2.403764123420061,8.431629380168415,6.674294064191876,3.4652237335883322,0.7967473945237862,1.7641695010046226,-1.505364904455997,7.9001794358767325,8.048223029430561,-1.9302657799964407,4.938811538986374,-3.0260323527510686,-0.23979916993918787,3.401482767587718,2.572585650081462,1.2023120206051063,-2.05991416899197,0.42540613096356816,6.891390291769169,5.005705544163728,8.194294140203862,2.969626347262746,8.099550824683124,4.482612817985085,0.0,0.0,4771.217939809155,0.8321310589468818
9,6.8787471974043015,-1.915512776599906,7.635946939375206,0.6112976674293221,2.1317923276494994,4.24199090905894,6.567154327542806,5.418277522337419,6.057168137632065,-2.1055728905104516,5.683272601463963,8.60788123154836,5.87277691586074,-1.6899391978015048,0.6851525574675792,8.221391178623518,4.051360893423416,-0.9302662381993556,4.853114289355166,5.311942361649128,1.6537198267264681,-0.691868369439502,8.855107584390746,0.5374641263410384,4.53184305972063,-1.880700252275158,-2.0642361042350243,8.11829994052966,6.786519977043706,3.3455391680476336,1.2192685750630181,1.3775878330958011,-1.674331769796401,7.289861030794485,7.963107643410709,-3.01488719851091,4.972750517266956,-2.9617611369538723,0.464474806687058,3.3578895634825376,2.837255016642948,1.1457549463134706,-2.317564528451652,0.6032965303011152,6.92156818490253,5.465801508870751,8.273232247171922,3.379893423690534,7.899238043140405,4.553981830749672,0.0,0.0,5160.200226618337,0.816784564693062
10,7.7029167098607,-1.543861348100013,7.845963821519351,0.2891009101098083,2.4836045597821057,3.7239671197900144,6.708497873574715,5.40353529141392,6.311650291873746,-1.9198218901296813,5.708360118525205,8.487131177251795,5.228318013699697,-1.6045849925688438,1.0953434539314941,7.915662202234131,3.7179567226231893,-0.5236933596005519,4.688151337788939,5.060156986799882,1.8954979667265142,-1.0573713666877516,8.170176241030367,0.49797811294739425,4.140103415132405,-1.4920940328534524,-2.5719219940133917,8.201755615675728,6.094008858701089,3.2332526758983944,0.5645276713028388,1.3053537092663878,-1.8775285602548888,7.2449633230260515,7.824330887435015,-2.3833327734078367,4.3971034862016385,-2.461478428002451,-0.0312744401614182,3.583049281268539,2.984492706948377,1.062424120007003,-1.9149432573375391,0.613187041937443,6.952984849117904,5.5378210598716,8.604223748055043,3.5025154217073435,8.299630778691766,4.569578830034432,0.0,0.0,4403.811166825059,0.9302183654898815
11,7.288799763126131,-1.900407668712791,7.446477980114615,0.5175717061917573,2.1642445596751205,3.8044598110580585,6.707468648538525,5.087792618036862,6.353420711245371,-2.014419247122995,5.678959154042381,8.664642159724027,5.107324392531788,-2.0386356071690366,0.9889804214183229,7.663070208883211,4.533064307428994,-0.2718064347458222,5.113440867386748,5.251424873849657,1.6723261165996888,-0.9976659272838138,8.559152222050379,0.33937866253263793,4.508804524682082,-1.5338616373314355,-2.453552809327837,8.551028891467054,6.341769817006128,3.320574456279429,1.2654789990390105,1.0995141854075359,-1.773089914804594,7.832471484599151,8.67070472406619,-2.599899463035378,5.049747674429531,-3.0551488120308434,0.41631864631257254,3.2586720900146267,2.244779071549737,1.0385859432009648,-2.036259704099782,0.2057259781249709,7.125485376954078,5.704023968972727,7.867545505013625,3.366716092476393,7.8122128110794,5.173189048286465,0.0,0.0,4603.686916422395,0.981144735777038
12,7.45218495600992,-2.09090702628117,7.659613050118212,0.3421033043975126,2.302743905131037,3.8118408414161955,7.128470530740371,5.86661086180575,6.442653042891878,-1.6566912433478398,5.910363574373075,8.533061224280917,5.57115903461439,-1.2204540087738602,1.2959478075409967,8.048698694334059,4.013656072192485,0.047675519457866966,5.021342529653574,5.439009358570084,1.5767057632041177,-0.7315194683322519,7.987925708692163,0.8750225262674862,4.290765351615057,-1.2284085730850127,-2.232019374227601,8.605775619544103,6.6625219494051295,3.6543401097218142,1.518851394325622,1.9101767256004716,-1.4977717569841218,7.504614355088263,7.325828113651554,-2.80349562473767,4.647080830215469,-3.001427986219093,-0.21412539302049596,3.9546583664733674,3.2060878123838874,0.9392205301220516,-2.390824341202057,0.7068029434094032,6.984611060146948,5.8648348051850485,8.302506864091892,3.636194236885244,8.232877744874312,4.76606458982309,0.0,0.0,5635.09846773214,0.8007501706023038
13,7.3238548324047406,-1.7622627597779736,7.572229625505962,0.001995941797812373,1.5714202117608453,3.6117648176684405,6.514624931819121,5.1584311785804005,6.306009441137901,-1.766285303456743,5.737111417650357,8.84151979875979,5.529313615163315,-1.1838018297496218,0.791591688364545,7.4547018312349635,3.8790374584635687,-0.2703445064966604,4.563055883589762,4.9016197958104035,1.392859152016796,-1.4234890476985567,8.353025230765057,0.2328979485589765,4.238694752598183,-1.2699459213622883,-2.1706461462035582,8.373048764858417,6.315528787384894,3.9679513039691585,1.1512564515819803,1.3809906418611144,-1.5728051865623929,7.316181998150864,8.266598661212448,-2.6530152498717325,4.439354804749231,-2.5230653138724017,-0.0062494678405797255,3.370269120002834,2.906372652937782,0.8861312787299459,-2.0953184526667235,0.12639437591630232,7.572249073381706,5.303647154134089,8.893471260698892,3.0918320839643463,8.03597954019249,4.65915569431967,0.0,0.0,4576.311647522462,0.8973165300432976
14,7.549121693448654,-1.6543927858670218,7.6710451295501265,0.7829336202282828,2.4498432127630796,4.107498755548085,6.630524464573712,4.767811144151375,5.87420169996182,-2.329714106282357,5.710247516393662,8.307237470536723,5.4004434556898,-1.0714031563494866,1.0064254493510734,7.4574062378142845,4.300855479925611,-0.5456517602277449,4.608960994659298,4.961669034682258,1.382397227258071,-1.1369074636868086,8.626879048191748,0.44130209856982294,4.446803715468431,-1.0992560044527504,-2.2774544064291637,8.62839632000311,6.172644198320946,3.7249326919421937,0.881119479040809,1.5855520175304558,-1.438518413721003,7.569645131035762,7.33292537427893,-2.992875125149245,4.474106128143435,-2.8354789112081544,0.042483665692791606,3.734698412450563,3.2516035063433035,1.0575216098035214,-2.3575356604081925,0.7730844481637824,7.081700760214907,4.967630941918863,8.078012619009105,3.5739626856925195,8.510370182558441,4.474049940416138,0.0,0.0,4235.863612039394,0.9543979827139016
15,7.895978101902738,-1.6796651755495455,7.744017229702623,0.1168829686307516,2.7367499643575495,3.803528050567949,6.533724970426147,4.972771563798417,6.313441133872639,-2.1945086232729887,5.978658635937181,8.645484574539571,4.931646168648042,-1.7547073169877985,0.7239274602294643,7.770286514248983,3.899593065495178,-0.42652844191272704,4.668070741541049,4.985945630371423,1.5487083521791933,-0.9439857932361292,8.329074472636561,1.3116022621404568,4.024306439831478,-1.2869591912788767,-1.7380406037336342,8.006217150495297,6.232621847998642,3.2759297474821554,0.8850672122964851,1.5247546156654668,-1.4890506760505238,7.8306784911966645,7.565613370820176,-2.729776254173211,4.901323350526914,-3.4923365903430206,-0.3347149527855542,3.2974713644411136,2.8830101312222967,1.088926987578618,-1.7607332785733079,0.2765836547983279,7.684933748589452,5.1221800290132204,8.239481999401963,3.2850474044047417,7.656199015258241,4.876405768117299,0.0,0.0,4435.720422707841,0.9163799526975838
16,7.293514600745024,-1.8977121409916335,7.879546484895095,0.46766181586276256,2.43519000073676,3.432706318848076,6.677515550228191,5.4602435579469795,6.320465066348689,-2.261024676200519,5.467731324846429,8.460696005727437,5.052869522373528,-1.3594676916184596,0.2388475833543342,7.766365735346964,3.656816422896334,-0.8770634688969867,4.588715789637015,4.683410604551335,1.9028679646367257,-1.3701648462554687,8.249641212581865,0.9789421037414067,4.361004925909901,-1.2386730844964042,-2.12086063154379,8.012496875631589,6.594193740336155,4.209577470865339,0.8466448270656955,1.319708954955633,-1.9888412555258248,6.953098660805714,7.8003404354929025,-2.7744930225263023,5.087761914752834,-2.7904132254809437,0.008231972743914295,3.6090009997400108,3.403695146769006,0.9178258482060307,-1.7973814068604874,0.5622633754840244,6.744342557628361,5.029082802863007,8.378107719915072,3.1313104314634206,7.458248666856645,4.8183525811205,0.0,0.0,4003.16722350692,0.937133510312042
17,7.362648292753916,-1.8856430976421632,8.02047706510826,0.33950790955273,1.6720104952721035,4.001955819824644,6.7954594136339885,5.2713914007330995,6.530571678331889,-1.8654223490134783,5.642259552991483,8.660412271648196,5.38607992011839,-1.6341893344308496,1.0967708635773403,7.968895456663382,4.072333474827185,-0.7953499046867583,4.670675292528965,4.708929919946623,1.4594352052622774,-0.7448144026263187,8.115518708607178,0.8773177320691924,3.796126802466244,-1.3050161093007404,-1.8123390426309738,8.563634852246413,6.293087670219522,3.8271261646945707,0.8150494465845777,1.3301191155342231,-1.8993153064712052,6.928278289302913,8.034987551907596,-2.3945911896033367,5.2684428117024575,-2.868732158440319,-0.2772950622689083,3.2677089603734335,3.147833179316569,1.0522030844844643,-2.5119085805853008,0.5697976334273891,7.215955191479849,5.398359352723357,8.187335937176497,2.6689815242012083,8.125650998896596,4.713392439450437,0.0,0.0,4746.608481251126,0.8554564529524203
18,7.152921984016815,-1.9232899872731575,7.515203547039176,0.4751882710088808,2.0818234291103606,3.6832562428605433,6.43054191378278,4.740478519452162,6.442266580546066,-1.9192694808278994,5.918897587524004,8.805337977297828,5.394512826242573,-0.94946121972598,0.9064910657356058,8.023018688892122,3.911751377140356,-0.5842894794608975,4.454699982427696,5.236217302568168,1.6119988370978686,-0.9530072996754175,8.716245285496008,0.730998499722099,4.128870345636652,-1.1856992492822318,-1.9501829966735436,8.524545439127584,6.123895195424984,4.032454633184286,0.6688655813339046,1.2109281589626022,-1.373063657995266,7.4084681336974985,7.931046331271693,-2.556357889574574,5.282680378540024,-2.7242034194921665,-0.04710791106127546,3.331090408247091,2.8541983548790695,1.2558086192420788,-1.907747198367748,0.8868196375132651,6.8285836493028675,5.432195362609501,8.479679718953925,2.740646260285864,7.72861775788881,4.88630033212371,0.0,0.0,4173.502266620371,0.9743770832774593
19,7.354361260231145,-2.1272273493159273,7.8429650518762,0.1959777717113773,1.6996721859329678,3.843425195164248,6.788896483629921,5.37116384544591,6.408445339887925,-1.6679829090043525,5.5216953406510685,8.9287857386538,5.130236842909987,-1.2057509475492463,0.9946665182407415,8.00111939012455,3.93871666468188,-0.5178277797822226,4.661020832087637,4.6180313836152775,1.5258558284957304,-1.3227708579732693,8.486072294159442,0.8889845152772293,4.193339460759403,-1.1642577414876196,-1.983292466141989,8.247740146637792,5.8044416580432685,3.608061923876365,1.3422955528233032,1.4534035094808375,-1.3370277365052152,7.303465104942111,7.7095859322662585,-2.0090816221970247,4.764983726885683,-3.03938337294783,0.14783922071157807,3.5187865457172847,3.170887879816816,0.46004104567071946,-2.17603070015448,0.4521994855109515,7.004828465140354,5.03220132008045,8.161185165083422,3.63823253611162,7.983792299824507,4.929683261412674,0.0,0.0,4237.90596656582,0.9357693988455613
20,7.724278236114281,-1.9839408788411568,7.539754445928123,0.7938190041067006,2.4572600419847532,4.016175436124917,6.399969743506722,5.251439463619188,6.4145656983703505,-1.8358552605380192,6.3050006657775,8.40274149429719,5.958460844726113,-1.9874209480983263,0.7297836396016546,8.020552657951763,3.967127558208659,-0.3448403984005598,4.97725638324986,4.7325748013332705,1.7122827389232005,-1.0812221100900818,8.024333161995196,0.6772168769483413,4.280017973559835,-1.1696766195337573,-2.2288740799757445,8.663998464851975,6.478669103353548,3.537075942993102,0.46638127414833086,1.3409911596811601,-1.7232911307900203,7.094267799186858,7.764656343886056,-2.876620638229916,3.82831890698595,-2.5088929558663633,0.16360687011705283,3.539204025937581,3.083719265566094,0.9961527058897051,-2.7509741089583235,0.41273086889592714,6.63164309751358,5.044573966385631,7.853526599443799,3.2471339294741783,8.861626752352091,4.604239462608644,0.0,0.0,4585.917494211816,0.9030834299221397
21,7.682953524592084,-1.8115917910866877,8.035690601641036,0.7997866488187539,1.5846056199007261,4.139143554134574,6.9089880426906065,4.76551788203487,6.46199110078007,-2.3208223606096725,5.857967974109202,9.01366545861632,5.500819527989302,-1.850933012081354,0.9655962154490698,8.103978160603077,4.294481727418016,-0.42276288992725786,4.647609017421379,4.879931790283196,1.904053608002583,-0.6704215697306738,8.611725460541756,0.5514420941817019,4.64055635107023,-1.3032407036884297,-1.6819601024181994,8.315525676186754,6.822811121672714,3.5083622081017656,0.8807060739385378,2.025480347187991,-1.9183666690121361,7.577272709530974,7.734480659301449,-2.5346655924840875,4.821249223347152,-2.0983168096153975,-0.08090571478334077,3.078852385351765,2.9406777808246742,1.2138821721853579,-2.166614915838767,0.6392045490921651,7.447578342862194,5.606450995355253,7.937721006094968,3.0574507044266466,8.121516646706835,4.230440651750105,0.0,0.0,5363.465825467141,0.8270123090442901
22,7.49402636265606,-2.0187592351188,7.5297383304114325,0.5566387028180186,1.9460014136712422,4.255356234318304,6.968666969708933,4.718973170513564,6.35952932747658,-2.0629833552948087,6.034203471708195,8.895697100837026,5.829904908617593,-1.6386001272031345,0.9720114956072248,8.072417826908753,4.159450429172676,-0.667316044092663,4.959487082840232,5.018794974614417,1.0542149642871625,-1.8383244478077483,8.121552681997294,1.1782010548564301,4.545552578122124,-1.178317902899208,-2.2304902597420977,8.305057536496495,6.668841547013661,3.489070454992358,1.2963126821983693,2.0450805466119397,-1.232186926579338,7.337029714224437,7.860830816470877,-2.6357576431856615,4.870647288031735,-3.174609862219565,0.17937671452982018,3.172043554928243,3.107055959748785,1.0239244084837082,-2.1373909457054823,0.767955835186933,7.15770304508502,5.586201551773114,8.477036204755809,3.0255903227314036,8.494181867140243,5.086175254681928,0.0,0.0,5478.9050899251815,0.8709347444097792
23,7.003942698085032,-2.0151545217772355,7.487720462909436,0.5475459062620376,2.2506041467875404,4.4897878375918125,6.512888164017135,5.010776568339591,6.70049971874178,-1.5648740732125455,5.584942105700281,8.914655516607006,5.326969445753877,-1.3167784396538402,1.2408751565098843,8.505219441836376,3.6186549636283356,-0.7053482194446852,4.9204568517497345,4.733812662400461,1.6065584666819364,-0.8703603044550896,8.165317127595669,0.5692420588198459,4.2811314212228115,-1.7024774401046756,-1.4883385077251479,8.012620639122465,5.94551497783572,3.562482570079467,0.7852496889831994,1.8380475881339386,-1.2478044783734163,7.075159838138311,7.588786099061633,-2.913027791671256,5.426407145155535,-2.797971518495289,0.27050272651340457,3.4517135824777117,3.0689229771812703,0.5936860271946556,-2.0843356152678827,0.7306488773733399,7.0894896461079355,5.446314436299935,8.358139767056487,3.9290171359497803,7.87018204492057,4.965131610532189,0.0,0.0,4406.397962987923,0.9280853868626057
24,7.491233056829892,-1.734144389901424,8.08762893021688,0.2948102925590028,1.9405840637635654,3.8738774608080675,6.935697584612265,4.735067771720116,6.326481797139426,-2.050875172287629,6.224475516084512,9.139170370323354,5.44609810604272,-1.20773039316403,0.49255204055877444,7.879812794941012,3.662536315467012,-0.5406082521384363,5.005715139348119,4.873348179352994,1.7662146621904051,-0.5738477514673161,8.556824158190938,1.5434546552063781,4.2598735066507185,-1.8078197380513483,-1.96948011601673,8.270035681230224,6.095004433535969,3.3438756251529,0.40986829891713816,2.2036077672420205,-2.0065821068548106,8.060484083953481,7.798665289616521,-2.587862800723822,4.881628041413053,-2.4752258554540205,-0.678298277008677,3.477666387546321,2.466017007230887,1.125231467079099,-2.254706660704908,0.34698238922328317,7.409553676264762,4.79946999765495,8.23864368380528,3.361066896764369,8.155568569246277,5.316736272775163,0.0,0.0,5198.8280857107075,0.8839483031403693
25,7.439583095769813,-2.2553777832401276,7.45733747700827,0.4035448101756183,2.4061627475827305,4.058093250990909,6.846464969591955,5.232539729103751,6.443417845664821,-1.7905481612055862,5.899987520945756,9.245273597383907,5.734393314063648,-1.2322370833638008,1.2545026563075836,8.233321123488132,3.6464072991789562,-0.3326090387744635,4.510511182330309,5.567490786159589,1.832199915304302,-1.0558973518173356,8.877028408642024,0.4957178658321466,3.8855561840723922,-1.1527722897357324,-1.9683638840917235,8.51356907981433,6.426604216017166,3.6952682022333305,0.7686629080469036,1.2047615765398,-1.3421221706990005,7.541670307830219,7.511841726740471,-3.0422103495497055,4.457231605605796,-2.6607024874805623,-0.45022133227196387,3.5137686365112426,2.6605342826022254,0.9328845423571733,-1.9585319042645168,0.18258830715284652,6.8507340990616905,4.937936438811025,8.557191361989615,3.0807035900725968,8.105216456963415,4.230718839119454,0.0,0.0,5001.514234751875,0.8824626587333259
26,7.113452611779631,-1.927764672345949,7.783967436580739,0.47671804852825334,1.6044766512463382,3.8044183984781106,6.7460885488257105,5.211216580794901,6.488526448159043,-2.1763042522739706,5.780720324509383,8.861717348014137,5.654125088303397,-1.7703263114514773,0.8324607526857299,8.07429810246046,3.9522857913231153,-0.5636609358749539,4.997545198831261,5.0830492485285355,1.9332646390983463,-0.9650461839857671,8.099641954708483,0.9502929563886391,4.268870595862317,-1.7397426367952382,-2.0449667717012883,8.4053220986076,6.610845301111289,3.448883381910094,1.2069093475932173,1.3844096829074384,-1.664973137493933,7.820619330957229,8.04185751406824,-2.551456455954074,5.284990274754144,-2.834813586217385,-0.7159028367152902,3.491944830680777,2.941996855055687,0.907654715757368,-2.3371432356704838,0.1349243782845012,6.867939582610653,5.438137350740215,7.917548429184083,3.3646889078947777,7.939412027326481,4.788349745118656,0.0,0.0,4916.281390151222,0.9173757259091703
27,7.72191422809685,-2.0796992330214996,7.640493692844945,0.4153699468467803,2.401731829104599,3.3841504002066545,6.864841534912828,4.955362875264428,5.953333433310849,-2.177013294006678,5.646528567906207,8.725873002878368,5.510526411170335,-1.2696437977465147,0.7967690838413343,7.980302219962522,4.097181885661701,-0.2657343769289338,4.461870470494999,4.997588223467019,1.3336533443965686,-1.227680227107923,8.085431750023588,0.49222385578445693,4.360178032925638,-1.3204613108002514,-2.3233968397390456,8.704470350585106,6.774481219491294,3.584119822043785,0.7244463663112225,1.7764930264667385,-1.68500980326562,7.458446876252276,8.047138626867666,-2.6859169097037876,4.137810893135306,-2.73305992095261,0.1584510317998386,3.5244828483848667,2.8724835341927215,1.469022944247824,-2.437686252901813,0.8822927446146764,6.933895453191991,4.921086712714689,8.431151908724186,3.443741104686654,8.200883086202124,4.91837595162474,0.0,0.0,4774.211613888304,0.8974962660853343
28,7.605719397111516,-1.8242250082386475,7.926277257680814,0.5926648907056319,2.3421392450089322,3.694103298809262,6.611385649638213,4.8146778185692245,6.552956791048042,-2.071117948934168,5.710538519543868,8.602782507323308,5.374715098928925,-2.1885733600627097,0.7119175015585322,8.127795460859582,3.548579796830093,-0.13015806268018643,4.884700698046874,4.88599135501526,1.7302300152764147,-1.176630138007582,8.61092834648708,0.8292736658069341,4.610917879452463,-0.8199238160662257,-1.7809450469694554,8.274851430479176,6.654750035156713,3.6085383962924116,1.0971061245994467,0.8872958134493224,-2.0113467781548406,8.217005789825048,8.036987428242863,-2.1735009206325024,5.1059949245719825,-2.944244296148823,-0.34802890683464016,3.508365008852051,3.0782380483228717,0.6908823979702273,-2.5707574133745936,0.5963559174788396,7.32208970132661,4.878612918413285,8.24926628999173,3.859318563384675,7.911474825623228,4.768684867582094,0.0,0.0,5114.761060144508,0.9235754645669788
29,7.330042926827005,-1.5203699097569179,7.422374561600498,0.16135243853147913,2.6177570884525316,3.9768920725248242,6.410181501599667,4.9421140306723315,6.100659469492683,-1.6510339639377625,5.457946147421214,8.948765502583903,5.791586926614584,-1.3509685321949054,0.7975597677869055,7.956277501001111,4.542539089843748,-0.6491040818750615,4.836317068303378,5.492599647826008,1.6229627986645228,-0.8834361477637263,9.089799138072959,1.0373635034095174,4.31344641355178,-1.219756148640741,-2.342798263420254,8.525709242125604,6.488330789894481,3.117133022392625,1.0265533398875413,1.3219914798057804,-1.4287232221902595,8.14946853007137,7.651290437015941,-2.5401076587274547,4.910333740073141,-2.883871541325174,0.12653295475298337,3.6900776113634155,3.0040834674533237,0.8829936075948335,-2.3582767817742027,0.8450046300408607,7.030741314650687,5.556778916284776,8.169902244011015,3.0612868136911175,7.741327110559959,4.638882790327356,0.0,0.0,4961.932225085083,0.9141974011468634
30,7.598922867086198,-2.0191136584538425,7.785862509688882,1.0290077270803644,2.3930501453575723,3.774768688320473,7.4709588250880765,4.96449385068105,6.091600143376604,-2.1386941707396026,6.047726135942141,8.46841081711285,5.54234206462863,-0.8946255743253997,1.183930050277376,7.875145535443508,3.9661355941619227,-0.8580445108637273,5.049687148788249,5.558062089340737,2.1377822565294267,-1.3063859367665203,8.39333227307184,0.3466753061968738,4.493680268058644,-1.576474330399432,-2.019200899739944,8.380031709827191,6.633846902309555,3.4774552744692357,0.939438710736384,1.4813339317407426,-2.066692092666267,7.206814802392764,7.804999924426802,-2.198748090132633,5.4139408178440105,-2.620510852507466,0.06999265905700203,3.304446523568276,2.7825004164635048,1.157814407648619,-2.3159111431820683,0.32683548340503416,7.3592277630737515,5.39295882086583,8.26373728546427,3.285278609822381,7.746645228238434,4.744994170763979,0.0,0.0,4908.847857927751,0.9529924073982219
31,7.3766093967126976,-2.0714653102859963,7.55528552220344,0.3967862369451811,2.227163465167177,4.122712692432855,6.995732513209946,5.115588189174651,5.445173255558813,-1.9712440398149498,6.209073093928026,8.813156677443004,5.052728222947107,-1.432062664962573,1.4667933584185064,7.7137615008107705,3.866595717115244,-0.13363787306927732,4.691187735338324,4.983674495130471,2.0985650627810037,-0.9403293632802887,8.990311436228236,0.7132930618806373,4.833178371857562,-1.2983657014377683,-2.364941537684611,8.057679893274505,6.0554081025383475,3.263988309037391,0.5207400413599712,1.7494859435404253,-1.6934395897903118,8.101661051743049,7.570143537553974,-2.7299880311484346,5.080752480641313,-2.665779853208664,0.1297774937430497,3.2246352509252474,3.266463360844451,0.6864527573547355,-1.7056179145755135,0.14222759379552374,6.521896517614768,5.407085988076685,8.266279650108386,2.8556308076612806,7.990562065137589,4.3310239379302224,0.0,0.0,4503.493149808777,0.8991129589547905
32,7.66328207096501,-1.7712755173392567,7.652608182855502,0.8175168506136599,1.9234150745797214,3.537277346407366,6.321735750610447,4.967463284707973,6.302463178171088,-2.4996526670454444,6.144033433286997,8.3585549533682,5.0755519567434995,-1.521853116759392,1.0015057008932065,8.344137198289772,4.244955182274021,-0.10254989238830575,4.4979594824174445,5.332011704858683,1.8669554047637174,-1.0936691167260129,8.544469142685049,0.22211830482905381,4.364283572186073,-1.6556222408990182,-1.9652908246801057,8.522716174544104,6.526476567617153,3.781534687215131,1.125087823970238,2.171227231489663,-1.5956234211918652,7.234410202910497,7.816301535581859,-2.8632735596334045,4.547051655677601,-2.295852466946428,-0.21703807946118786,3.641209332637551,2.813834381915882,0.7744037461428793,-2.2780724085207713,0.34049491361785245,7.293138996277921,5.44402044475603,8.145222656651946,3.372828115999383,7.646654423810352,4.641878382314971,0.0,0.0,4359.758614633086,0.972643287353647
33,7.30196914592624,-2.140614885934427,7.427120130390954,0.47361983228595583,1.988830412515607,3.883336785954053,6.974068855492741,4.884502137393119,6.069769974978517,-1.9378486604199103,5.52831940081198,8.376052291079686,5.141226756551843,-2.190037240115762,1.243504446624771,7.8610959963846705,4.489845022805548,-0.08397824849718316,4.723009744007018,5.646232947587371,2.0664344443386593,-1.7028970787556403,8.508381715993842,0.5761561817929092,4.530975903991006,-1.2096043657792763,-2.203476962467701,8.457861072934366,6.675136565300838,3.5132106476813876,0.19981030781414677,1.484771693501073,-1.843027929234958,7.843112276588448,7.33186124975777,-3.1579721838770034,4.657070984897008,-2.7141684403236574,0.01930312170873652,3.2514885437335868,2.441861185128101,1.2225292249198854,-2.2606842768164364,0.3646648655790721,7.394105231270615,5.308519415174057,7.8140303572791465,3.5283528157984456,7.571576175740222,4.705101380741411,0.0,0.0,4619.381293710557,0.8606548569078236
34,7.498771583595694,-1.4790010861309764,7.623115589768255,0.2833396187363829,2.1397809418319165,3.6444895827586317,6.938257651012341,4.976718630359537,6.559256603940426,-2.101866296541245,5.777933729839229,8.922716158243325,5.710907635424787,-1.266790747404932,1.4709574745671414,7.721383716835182,4.103107105514494,-0.15593111900579432,4.789756389094038,4.917808532469794,1.7595416378588824,-1.1236485914241172,8.243342668889172,0.4994135691910889,4.170208615749875,-1.1615056902888077,-2.375807370196717,8.158972033680538,6.568386303431581,3.383127182237917,0.6391455069829437,1.146486555620055,-1.4493338997928278,8.136793294659146,7.393341004288432,-2.5261030462427714,4.241028332027103,-2.6149716352911545,-0.06226820044769345,3.4616263313994975,3.0729085574799178,1.4482503538573184,-1.8449726957611867,0.7840751782958166,7.090269599647709,5.2628514394640025,7.882101539225122,3.1289780986248603,8.130442382777913,5.015208377152086,0.0,0.0,4762.661828643024,0.8171872763614725
35,7.097744272966164,-1.7696473059500386,7.270022789453651,0.24071285565061679,2.304227459497378,3.6170148326803764,6.451269209606359,5.341597710853061,6.866320446671248,-2.3101831075382195,5.754951691703382,8.588821893784473,5.385868555393065,-1.9440694517590082,1.0663688612580078,7.683991833662347,4.352306938887536,-0.9617259850043308,4.570121098084069,4.771988855844811,1.8865734780582593,-0.47047559841093767,8.316070631878093,1.1710078010976859,3.9970342276046567,-1.3599842737018162,-2.0325556181124123,8.195620730006782,5.9196139409390796,3.5141597432180967,1.198379561593609,1.3105019175901338,-1.038234068999552,7.620296807096429,7.711285496530064,-2.626938953067598,4.8595339632103585,-3.1246383915104974,-0.22348152715050557,3.4286716066401297,3.3574775985343788,0.3581166074423585,-2.2798336458831643,0.22692026836096094,7.210871352336971,5.563999167817057,8.123347360121707,3.2911536606573812,8.100005996918059,4.58651541117605,0.0,0.0,4463.5616395070765,0.8571330107608787
36,6.74782870310489,-2.142104904394864,7.741752324659748,0.6057103444085354,2.0656646068834035,3.1661155413496265,7.0996345036985105,5.174336629259743,6.072801807074382,-2.113810360189221,5.636825939104838,8.820473493911805,4.976237248459281,-1.4167179137406207,1.1027993987600833,8.149577367141127,4.277932815963311,-0.9938510572017378,5.445320464065581,4.9018984309484575,1.467065916084944,-0.7894106556869858,8.406578529098512,0.6789756329568696,4.515173482312624,-0.7792640345927093,-2.188430474601572,7.833148776571388,6.774551602524176,3.084114140506874,0.6399836631274409,1.6891528180702235,-2.08056577105587,7.566225448329025,7.373855653495238,-2.3326628592371543,4.652134714421279,-2.800214471567915,-0.40248014462050086,3.4461090737323725,3.011763400464003,0.8972795894681899,-2.5562355520172058,0.5152886934017716,6.465955160847736,5.098776546892771,8.128427851688622,2.5208803487130833,8.29104581022579,4.684607061247832,0.0,0.0,4384.158186555057,0.8216570287540745
37,6.886625410082168,-1.6717881598089948,7.500755549322181,0.15249998997046793,1.9319706625455915,4.2732410764677775,6.986356242828393,5.625055688097503,5.830851937901664,-2.4411069773873364,5.902627630939397,8.943126403370526,5.461961105801662,-1.4832875840330708,1.311620989349719,7.972534693893611,3.6752750032576142,-0.4430054560422071,4.6875883073705635,4.870804875382975,2.1704992925399846,-1.2421120493697668,8.484430311070051,0.3418343132397223,4.460895689657662,-1.3919426142659335,-2.652012274187552,8.675072016555198,6.634191479379139,3.3259366906279504,0.8358376534793079,1.2848309597892222,-1.3317691155655496,7.104475230085696,8.173570772924881,-2.3951890280049914,4.760709657887913,-2.2137723626357406,-0.383456434360843,3.663305778066744,2.874958712785957,1.0696330818007918,-1.9929377119285483,0.3795129179211937,6.960287768632501,5.341948638730216,7.981485535325259,3.4517893470250365,8.301165672860577,5.116053969896887,0.0,0.0,4616.224828706197,0.9574494519984587
38,7.429092711871521,-1.8524411146434945,7.7042976602786615,0.06647346702357315,1.9340655302329415,3.57406755066747,6.088920441224551,4.979202014879041,6.472969990661016,-1.905244442402315,5.683839771079061,8.17924094765754,5.521100057852555,-1.6181222351607303,1.1560914109755356,7.410272292626755,4.347122093697575,-0.2857544107014116,4.637173247469757,4.899366931908916,2.1038291292701103,-1.077731442245533,8.455797571194822,0.38219314545954225,4.750125162395606,-0.7917806152038138,-2.1164976750877207,8.726372863876867,6.175556279487214,3.603770768453953,1.095779423661695,1.423709020146745,-1.5678077667974826,7.646008457054566,7.964352662250402,-2.469138941017545,4.787782970907906,-2.9683997431885945,-0.8330740534921919,3.4881019590311433,2.944922833920052,1.4174916443138799,-1.9703347774731612,0.7211970573467464,6.872269226612424,5.3668126918082635,8.191987659439514,3.549172827214102,8.331742153088506,5.124432708872758,0.0,0.0,4793.971712728083,0.8089103006839575
39,7.687264209192873,-1.8955828121208402,7.474140826400267,0.167188069179588,2.022592729751804,3.83142201154233,6.679343744145133,5.737713653346232,6.322025183082058,-1.9373813467775733,5.8582686966008115,8.724520484550027,5.675408141744153,-1.2094324373607337,1.2930300653239162,7.954636914337392,3.8505634715942687,-0.4766979080030894,5.025652456871528,4.7056366842529735,1.914656220380203,-1.335468250241844,8.383303360484687,0.679298118100251,4.221463199205458,-1.0910401808904897,-1.693701665888936,8.219783821406152,6.5428722798236585,3.8816679721892644,0.7099755818855655,1.7164512012866393,-1.1812767314257682,7.387824058515672,7.536586301834569,-3.143897601362357,4.746660834014539,-3.3823393900539287,-0.35025055389150184,3.223199244879535,3.211909397558106,1.0917485565353056,-2.540890715314185,0.055656784169559215,7.200713803841277,5.507817255763964,8.589709842651589,3.329793542094251,8.2731787470093,5.23793762641934,0.0,0.0,5112.6517414907385,0.9189945581791646
40,6.913632040764491,-1.7477270745817834,7.561574404449752,0.3182864907628618,1.9944324212311606,4.185699731559594,6.295678340459659,5.291566009998997,6.634715014789736,-1.3881126170021088,5.789757508995532,8.499917926307676,4.990651741013734,-1.444824821119631,0.7608137823166141,8.021469193653195,4.003342208100514,-0.3579739565812602,4.703505472516233,4.998299675807043,2.1193429863855067,-1.1195149648027165,8.767601749214442,0.5027711833991992,4.411122518169547,-1.1721178062478974,-2.239713970202635,8.007716560100604,6.234256822666203,3.6933488682620124,1.2000744885970105,1.6801625322521645,-1.1653132894918388,7.573811437437231,7.86626287336138,-2.6038808423146453,5.0199339291579035,-2.4245608310937596,-0.6979242542982033,3.532588838916697,3.095207894762726,1.2752193107499412,-1.97683792204779,0.25356893485599147,6.579786860467644,4.9384676378752985,7.627678233868992,3.824280197173631,8.10858871053571,4.665976059669706,0.0,0.0,4193.038889974624,0.9040413696246563
41,7.238251926235736,-1.9204305741977232,7.602717918511533,0.1727262771706879,2.2473224403550813,3.667299773792264,6.887436665643306,5.096313518079232,6.552493693352044,-1.8297469993207511,5.335411207969761,8.536929587699271,5.660054963917513,-1.4750504402873639,1.2038803090142716,7.890164448418566,4.288069588694101,-0.6807730512024659,5.056921596214641,5.026588623151772,1.5241632698594423,-0.9832304241614263,8.468320648414867,0.5462586037539108,3.679048329400513,-1.1039918651569047,-1.9215340308581057,8.380454017366654,6.149483351406479,3.4437331802076536,1.1239980835480303,1.337407907938464,-1.7961629141876194,7.313219937254665,8.215730328390073,-2.862873434259315,4.375283351553747,-2.7228893016602553,0.15932753043726988,3.0672282184835913,3.216246634719628,1.207525756857893,-2.250722074137459,0.39183781193524425,7.060395336718411,5.304763773396298,7.9775703094127355,3.612243351771796,7.585229643772659,4.542844814211973,0.0,0.0,4139.672340106831,0.9556645291773131
42,7.203562714714833,-1.5611760151400134,7.286344435466615,0.772881093111973,1.9813157733126263,3.578381880736696,6.307191572854936,5.3765912459023975,5.996677629228174,-1.9099789644268594,5.778759041984984,8.860930674769406,5.166027716277022,-1.2959885751443356,1.0972532609881696,8.094391410081144,3.7056166441082197,-0.13043831975622794,4.8626380026188825,5.09763916308188,1.9205769577588694,-1.8259647356270696,8.538801326233198,1.4146150621893694,3.8668526656613156,-1.1272330883950394,-1.6382595688697965,8.330485156393067,6.462280399793644,3.7028231057238368,0.8251047949886656,2.071697518377364,-1.3537619986935703,7.3803895077512855,8.124770196003173,-2.953877676531543,4.68385142404089,-3.0926290318577174,-0.03313634198909293,3.500283804925865,2.917287798747339,0.9749524470582299,-2.4130138238445773,0.3754555327251062,6.5381519976338405,5.116088885523506,8.198885548142943,2.822148499751663,7.98365844507253,4.737351199503419,0.0,0.0,4443.530479422188,0.8378000325389744
43,7.031014477485118,-1.4171931260027995,7.330741319275502,0.3140518627502058,1.5687986278278436,4.286509935632425,7.051919883860106,4.466160014985801,6.463558819736808,-1.9465606382064813,6.045810116517422,8.107987823696167,5.059641159871569,-1.7657715756823638,1.228812496363422,8.118707006972826,3.730170941570316,-0.7125141809792626,4.640731878661844,5.096913253030534,2.269551642956748,-1.1163573268116525,8.449691645734925,0.8298258038962703,4.250681954005155,-0.7835441533083753,-1.920150832495621,8.239591845666103,6.50989720014548,3.5762969338837918,1.37224617799625,0.9802645570962095,-1.3078132992839895,7.634483351264395,7.7676071367508195,-2.9111486368481323,4.7115465238479,-3.003428293902772,-0.0003111974752693647,3.1964832665447007,4.0995635549312714,0.9437023513170745,-2.3187977598322265,0.24270801263019076,6.892814245104466,5.468240523584973,8.464943676163442,3.3121716796197576,7.898607199979606,4.701075724677722,0.0,0.0,4225.833591817301,0.9628015574669694
44,7.460718942322067,-1.4579462375645784,7.337764216939454,0.6891910353134583,2.1306598880457095,3.5901590016350715,6.557960126450473,5.6578269503256085,6.492870569635424,-2.121111870397812,5.721718098525506,8.710339382961102,5.396740681129884,-1.7991139948036996,0.7461366571060297,8.179311797759404,3.9292708146602204,-0.7853973660302132,5.010945379193804,4.6482969051457195,1.7796279747691441,-1.2460543895447243,8.5162604403049,0.8307823601268368,3.7877022387644805,-1.022829940973469,-2.140424037983106,8.310461391322399,7.1903787324384725,3.44975221147839,0.8957503635186792,1.7052382378027302,-1.509342989292015,7.283877593545982,8.056153175602292,-2.6041588105833346,4.2760020173375155,-2.5051066576885948,-0.35647010600732665,3.703388203292926,3.1173683999492385,1.3308800371969982,-2.665227744290601,0.28898112700727274,6.763776794055771,5.186214397267206,8.653860029837352,3.097074263080611,8.769718029075943,4.444990547061639,0.0,0.0,5066.842400991727,0.8668140014920968
45,7.342018744495198,-1.724548910718491,7.335950460282461,0.5020595910370099,2.4310663418610314,4.223259047524598,7.179499855340578,5.438544034570705,5.9368560877488195,-1.609717715283721,5.686732838114435,8.475528482283563,5.207711230958296,-1.6547662837938542,0.9050705641489039,7.3775910640790405,4.245631087797149,-0.11663668339144034,5.08336191417836,5.235462951904509,1.9229642048686768,-1.1380400959035324,8.837047898772779,0.8593743451576361,4.4794748072626165,-1.4793548656290576,-2.2378178147813905,8.009250135427774,6.496652356907364,3.7640649228911642,0.7444049030109632,2.1054274084128544,-1.438952460067974,7.177173822916205,8.199233675087731,-2.831893833585715,4.8704823549499485,-2.7749136904332317,-0.5195677175377251,3.3894676627428106,3.0754618634683784,0.910726914720435,-1.6721989148086087,0.46448395465960945,7.627648776328927,5.096752500338845,8.115892291014653,3.198761936978796,8.215559154948648,4.855764676224567,0.0,0.0,4693.496704951535,0.9433830613906729
46,7.732985676495949,-1.6153904747651442,7.179716798972319,0.28948446095524405,2.3859704425386483,3.686463216436831,6.748940533245494,5.0539981624761445,6.267408206885937,-1.9961220085777605,5.889982711849333,8.729809526576267,5.087652876141099,-0.9764625893000302,1.281148915395107,8.581912887999374,3.8088978397759723,-0.04410696240406331,4.421544633845048,4.956414460594471,1.727162659632097,-1.4767360125908668,8.87728546124257,1.1274421179099392,4.125619058500672,-1.3670116461496542,-2.0914961704219897,8.650782892122292,6.253382537655929,3.6856493103669434,0.7591252804294268,1.691731767300978,-1.871547208892265,7.41928004701236,7.917147605673665,-2.750749889814418,4.579626082031527,-2.7358419617599785,-0.46297477134458326,3.8307216490818883,2.8956297297711706,0.65940364262191,-1.989116315183418,0.6127614249998723,6.686894104757563,5.598822561983343,8.04927568643262,2.5500323976359986,8.018044641978955,5.103641242118048,0.0,0.0,4863.383369371612,0.856232724307139
47,7.15109818896939,-1.7525922540205907,7.4229946207396456,0.28923470904154636,2.4656267758889516,3.40379297536472,6.661892761204054,4.8401922698657955,6.643565307203484,-2.5977695786894923,6.362286160526457,8.789513782938949,5.352780461902818,-1.623061818741203,1.1650653515350817,7.948359061381142,3.8413477883560034,-0.8729911458462004,4.326738485286446,5.299339642651573,1.538615471086379,-1.2602602515616859,8.21686365721905,1.0437786449050817,4.502366514111997,-1.408285937677491,-2.2490865021072404,8.382196057010102,6.125460300993525,3.6337678737697425,0.7780219354770552,1.6473324222480046,-1.5614614077997404,7.2433156462174075,8.355506875939472,-2.838103224395063,5.00598199880826,-2.752774008232219,-0.540715624205957,3.67890687138832,3.1799227834448964,0.8967643898186248,-1.9437958876240407,0.7960968328208331,7.032963198587627,5.791470473142453,8.542010391409983,3.2584580271795844,7.595231492594551,4.118916092007145,0.0,0.0,4451.767748751452,0.9679479311166255
48,7.293415294948214,-2.0171086698212344,7.721219092569396,0.13781599632016944,2.929455481468337,3.491070795521079,6.813103358002083,5.128893801423968,6.234415917655596,-1.7205732563584901,5.556747826568203,8.421658214426477,5.522714682060741,-0.990354968233591,1.4686307699397612,8.384764244277706,4.693516238672009,-0.43726545086024166,4.246226571254559,5.387294733853565,2.1189784353902836,-0.9291968527794838,8.599597839267378,0.8231550574518992,4.505864738635906,-1.4555128886933923,-2.0953856683086847,8.313673438541953,6.837660493419943,3.917076343720827,1.2952334464573814,1.577844956686337,-1.7252650334023605,7.663250000612644,7.597901771448838,-2.75889190497614,4.770714181212524,-2.726473770877599,-0.19979508362658477,3.2430039046919057,3.5321723513176333,0.9899141025216206,-1.61124665120829,0.020276449291291743,7.544566433273049,4.956453353511982,8.238811367499174,3.4597251139705936,8.104638760752222,4.806576645408332,0.0,0.0,5239.793527650275,0.8618472111881273
49,7.629386410017309,-1.9220482196698119,8.154625455973843,0.7586060670628534,2.084583629730031,3.4832560362654448,6.865368373203984,4.978419157312351,6.039922440443054,-1.8655594129322381,5.089403449455928,8.656069518560544,5.407621454797365,-1.8445750315978038,0.5418692806843886,8.189376816804744,3.7443132055829618,-0.29953916669535496,5.060553038188138,4.696119606917748,1.3209640834346712,-1.303253634368252,8.177150427208037,0.5689453979138129,4.55328025011161,-0.6905611258169152,-1.7828287002994891,8.322677886985362,6.359868160549971,3.612346749062989,0.5340191578566618,1.573233228829879,-2.332201191309118,7.293079540205473,7.872921948845864,-2.817645535199049,5.143442288068599,-2.160350219303125,-0.06384662647260952,3.7262810824458534,3.4098044939652863,0.9753261681974467,-2.6189547798066966,0.835372042609567,6.853243188715499,5.404742068458214,8.058090939992995,3.4491866590603153,8.660426733271503,5.001803936381079,0.0,1.0,6285.628378991723,0.1320127181753188
50,7.428077164626226,-1.5973650491285798,7.261082803211806,0.5844056808938742,1.688598444338175,3.711856485897251,7.402250608013685,4.565910439879712,6.220111343400421,-1.3805316712841322,5.829538957127817,8.774008787852603,5.1293279924340185,-1.258119791606497,0.866628523986366,7.910140794623926,3.509606879159425,-0.9448538483921749,4.41428256194464,4.327023554936264,2.035818881305784,-0.9124838861037752,8.520700092406743,0.6568945106160535,4.754786704626087,-1.5331046612407533,-1.9065485738317585,8.400492517156568,6.548076028215781,2.7881101792968033,0.6629676362083814,1.3920173784006524,-1.1798044801923002,7.899549335541236,7.908112398068185,-2.900220115228345,5.081043786338266,-2.584812363457109,-0.03342242491789049,3.3622920775001255,3.565529147940172,0.798210305277615,-2.2111651183358596,0.29214054555768365,6.846605645156907,5.321246957971482,8.50380954354764,2.834440282994308,8.170508542823656,5.1590916914061635,0.0,1.0,5569.771527175578,0.31402339515726985
51,6.90984245422775,-2.2664446279652597,7.137790131380938,0.23455246701868238,2.2459294583136,3.9638163371729065,6.73355194624909,5.178418487122316,6.300176867254081,-1.530047269553364,5.750835554384122,8.943724357177821,5.298287594400631,-1.461602082445301,1.1631541067303197,7.206169228044659,4.372631556039555,-0.5893184901990375,4.798331311055098,4.552625362383438,1.8243806873729882,-1.013017133371682,8.263477823018134,0.8575045191299795,3.759902642569161,-1.3482846269127076,-2.1919764129358046,8.407766787706178,7.125402956305944,3.5246732123819386,1.3580539132363183,1.266150339144886,-1.3095988680172743,7.4844341005798665,7.848212967888984,-2.3889457077425424,4.847056560552088,-3.0176136484092173,-0.8301581339091447,3.5126236084261473,3.305488841623728,0.8420715712594089,-2.2994599548993366,0.8472188902163899,6.785434485720185,5.430092760205625,7.861181891852929,3.2111921292281704,7.721434377996639,4.747816006691945,0.0,1.0,5677.573720013454,0.07476829964692025
52,6.744800750109225,-2.7691511197802043,7.716351213877763,0.743641079281298,2.2035755107957353,3.6231439220604558,6.914094096539481,5.045713334001277,7.032520288601976,-1.9161390439768744,5.017624689737578,8.561894712937315,5.473158701671039,-1.0049117071917348,1.1527940207237157,8.355350908667202,3.400426304514843,-0.2970826474404339,4.653731494748383,5.262159399931866,1.432237766444517,-1.059810925965057,8.498230614199235,1.1732674461098278,4.291074640513833,-1.1593693803515908,-2.6427559038019166,8.311514860235665,6.607189152467133,3.3246574872292562,0.9039502605318742,1.1754266688234072,-1.2694640001585842,7.299860376267037,8.133686707491261,-2.436008357013388,4.74369780480672,-2.5989963788001393,0.030544263502984337,3.5457993393126555,3.3187734419285784,0.5810314418855598,-2.8319135490737257,-0.11042404397717076,6.985059415003225,5.12682707535764,8.096088808868966,3.0269445987359864,8.540750821157703,4.585232588925107,0.0,1.0,5176.4618169626965,0.6568845262695429
53,7.331804094275538,-1.9041762936603868,7.769745890432537,0.08666465442524246,1.865604562829272,3.779133004317326,6.6285750704226905,4.65319405730679,6.456064755700585,-2.240251096908276,5.418769428942231,8.96417276855976,5.441940226726175,-1.7396388613375493,0.836511918349651,8.400093108225404,3.6688545217430817,-0.936586783624761,4.490663025190971,4.841841358379179,1.8170422918021838,-1.1552367615191321,8.44860467738771,0.5683283301912936,4.289634222091118,-1.4019509228561249,-2.0921785532326305,8.410155010683077,6.562657113120723,2.78119578261306,1.2549159141084434,2.3006955647390077,-1.3913576069324027,7.331319758796175,7.764928872696486,-2.357850793880811,4.969062432815153,-2.9111142243572212,-0.018380245971926668,3.4389062861419673,2.967113591167812,0.93649491856265,-2.497876888259053,0.12128924005268948,7.004264655005585,5.2537628928387194,8.247121695075116,3.3809397780977535,8.381348684423678,4.898032146417975,0.0,1.0,6240.772447586292,0.12092161571405109
54,7.302506878020833,-2.412323241796306,7.705743425421941,0.5682763668639301,2.183102756118807,3.7922718805970677,7.178099489332521,5.4192619371278274,5.997873810792946,-1.5824134829575778,5.217049091897288,8.94962825069877,5.957148825247248,-1.9645334254936155,0.8000760440696317,7.988542021507564,3.966188384741242,-0.32689582944271633,5.2163701739562525,5.685972472704699,1.8352039681584316,-1.1886132788439325,8.602361009982529,0.2628509014688569,4.398732519186901,-1.282305082863293,-1.9644040315063223,8.163031942605878,6.6050315556615935,3.8470280443837908,1.255409218262063,2.039999417734334,-1.4620232986467745,7.784220347029753,7.293445938006038,-2.2115691473161943,4.90518316554071,-3.104198108370949,0.000912766530346637,3.415871740369545,3.142324913899921,0.9663555550313413,-2.058288682905857,0.5330213227697018,6.695666171979185,5.262975843550146,8.745785752775085,2.872850371648172,7.919622072711002,4.60438641268022,0.0,1.0,6199.072291538686,0.3072915589537597
55,7.396594851067528,-2.0038176744523692,7.621415222754548,0.4342966751094608,2.1728729332389483,4.106822999324452,6.594344964453402,5.184530513118877,6.425164168398,-2.108913297993887,5.959849502487601,8.379013059096707,5.385508547381101,-1.4379341555899379,1.3235278097898597,7.507368009071081,4.223056622933048,-0.6737490627171777,5.104425302004263,4.890414342590111,1.6798900322478283,-1.1982877241138192,8.288756148066168,0.9527948921239434,4.564444905735764,-1.2890715012799137,-2.4212380231132236,8.208713067507917,6.542068679399911,3.7807935523795004,1.2963008795001594,1.3973001447245732,-2.2076341477470214,7.583993215314363,8.090115734743831,-2.6213596689569867,4.548235884802153,-2.61875216732696,-0.49589953044074864,3.4091581718182864,3.1922622267372516,1.2277599153754526,-2.131384642050589,0.2561280497291542,7.2114457677186525,4.836050852325918,8.614776759287665,3.515430787380639,8.18632618440612,4.533308794518315,0.0,1.0,5212.937421133841,0.755408569791041
56,7.556466934172191,-1.7383518982683848,7.846632158073929,1.0167826315654582,1.8071172702481153,3.9098286011864434,6.874798990436775,4.809649170992153,6.568791840958246,-1.6111548434643623,6.058267826012402,8.63204338897882,5.798951884846446,-1.4996241200832345,1.3180579540548987,8.151200745835968,3.9559649082892614,-0.5537602321022994,4.723648456378353,5.020943566372279,2.432042450808543,-1.1438903341097946,8.284522218754008,0.8893003117308019,4.520548331096975,-1.5428044672589418,-2.488748482881034,7.915349357753339,6.275628862399397,3.242986370760705,1.0885157920147013,1.284991779574173,-1.2596895406610769,7.028798029091627,7.839629014329881,-2.0970417109577424,4.980205978160733,-3.1678852296202855,-0.1392026163845079,3.3117830089184683,2.725661022367685,1.1874237961335379,-2.2133387465615555,0.46254827676699156,7.358590457920838,5.458605682141718,8.169113284449537,2.738216280741423,7.5776555516951145,4.5051678938998645,0.0,1.0,4786.371210195684,0.7901003799214978
57,7.393196686556757,-1.989027675555049,6.858702630408761,0.45477378975577937,2.055304892828474,3.6822103814974905,6.5869116691211715,5.186512276617301,6.27065257991352,-1.7417879679150767,5.652273503933139,8.424475744277778,5.491709815174914,-1.2890428981687105,1.1073909871948684,8.366301507627657,4.266692531817723,-0.9564858787072479,5.081455922580168,5.106006910809794,1.3477717966307448,-1.1364204384863308,8.734785512500382,0.4315064549135459,4.560987738713842,-1.0316363107952697,-2.276821280855705,8.29897605694357,6.5688358006989285,3.919616404650759,1.0608979224783233,1.300673576424002,-1.7796748181184197,8.258008994450206,8.22207606431141,-2.3860760117847573,5.161527188515559,-2.69939893995231,0.015011065463205742,3.0998773200949565,3.175450875093508,1.43808420180569,-2.6540078515954386,0.6927815549941245,6.809494713174685,5.06286215650256,8.281286630885587,3.2420898958691597,8.123200687883624,5.028373151059735,0.0,1.0,6086.439549928763,0.36504363767582726
58,7.111315861093729,-1.9637707593358793,7.450166815784939,0.870170299928728,2.3099797285075723,3.3376441745620666,7.154142329155185,4.999888598212015,6.573839841709942,-1.492991917973909,5.695836645717965,8.655242344384519,5.658845922320535,-1.3697955493788727,0.9125623484199771,8.2476385863524,4.338985601679001,-0.8942914650398512,4.780510883283164,5.2244745615211565,1.5537704212338959,-1.0333825160418288,8.58470752003587,1.158930266478373,3.881542757226503,-1.3938540029366326,-2.234576847098887,8.85841659914016,6.616243465108519,3.5203694713470948,0.27310832151221665,1.6625276970225127,-1.5138449127469313,7.659258735602456,8.109791610828339,-2.594655314823797,4.537832595497868,-2.9652648658496434,-0.7898129861894303,3.074217506267434,3.331964943414438,1.2806255533877742,-2.1969574877074614,0.2788522439214972,7.011261624066559,5.546187839091629,7.762983725639111,3.1671487048426266,7.718678403257907,4.582782085938089,0.0,1.0,5349.454258816707,0.6608982750741919
59,7.479715152181483,-1.611748404347193,7.133451902282192,0.825176593762319,2.441769340460047,3.656921045846174,6.4130827864686495,5.557780490751477,5.992156788288143,-2.007284665932468,5.341966621891348,8.830690136248581,5.685354469576867,-1.5742899757317617,0.9577708310936941,8.308053147259189,3.6502422942669903,-0.4218643053365038,4.4078298443767014,4.965146200184412,1.9042317792142938,-1.4402628229180103,8.902769576778441,0.8095470731807903,3.7911425944756223,-1.3649781307828057,-2.4371524199507735,8.346380691905331,7.193690627931155,3.2107150342886572,0.34486108199592147,1.7423159079299388,-1.8360910036309084,7.644962045955737,8.521709105151333,-2.804365355746651,4.64509404813029,-2.212603544548534,-0.0715332517313393,2.8187148951903223,3.6713259745978335,0.761107457465913,-2.426761264109497,0.2703973433155088,6.7700120726434525,5.511841648119209,8.676621503456628,3.2753166342026563,8.34065984371022,5.137921165343622,0.0,1.0,6562.446089973301,0.2010993073656475
60,7.35718166930923,-2.445972533306837,7.6825348839002805,0.6675999315382887,1.9687201805473686,3.036487821678062,6.86070791547593,5.230580279002989,6.498004785301136,-1.8469616348689886,5.960009271710426,8.730596283222802,5.514178531530945,-1.1668531376431992,0.9254788047457416,7.754979623133075,4.556194161290646,-0.13946811440179907,5.118361499580343,4.77702564683642,1.802103354118219,-1.4328618738831844,8.299198021963905,0.9398802942357676,3.6935771583001307,-0.7400398801648432,-2.130513247662325,7.769216371922228,6.377724892854726,3.8271028097101647,0.7268741607867862,1.9798544525949204,-1.830532368136169,7.300185605299619,7.826728818607484,-2.7955806736499147,4.599521342305581,-3.042795149781397,-0.175463001957078,3.491940846600807,3.205006729857583,1.4390782414631968,-2.4861144129156294,0.1559363662634004,6.928594809627565,5.118972832751577,8.287286179743527,3.346727222201929,7.935916259466535,4.539300118170654,0.0,1.0,5188.279871303016,0.47789731858470746
61,7.430344187018913,-1.6452814151732027,7.6102719375594905,0.3015847468654676,2.7524896925654665,3.6763718017088234,6.593012182742649,4.5581165255653096,5.99964951699675,-1.4106909745870688,5.555349835035236,8.354639615380048,5.832642475924096,-1.972233555272534,0.9603648614649966,7.887986434847527,3.9594825351495304,-0.09516600549585408,5.2608037266606384,5.598344308125993,1.8447217889614973,-0.9900646089486979,8.687096114343513,0.47128259309340226,4.626192650186683,-1.726277553705273,-1.7027946337361533,8.520707961813779,6.142750942075451,3.7492366014522793,1.2333317003503923,1.2744098220474143,-1.2824340564100618,6.718366470445312,7.540246341114558,-2.590272570434602,4.306402899546194,-2.9576872643559047,-0.6548305846849186,3.1944434612269954,3.2948879516808676,1.0822278171570552,-2.195507443577201,0.4793881943498887,6.709664224041471,5.671616274899616,8.164755117931927,3.3259097438514362,8.18421588466525,5.264347028977346,0.0,1.0,4801.059755010577,0.722265408265302
62,7.351521683658005,-1.1850498923531605,7.152197291843178,0.23453202951807534,1.9283559026579544,3.4124496589646274,6.644064440541791,5.673693384615376,6.156782321473946,-2.0773070930594395,5.818221245755603,8.259304535933802,5.227912003948569,-0.9812417061628904,1.3032118427367196,7.80522242857048,4.285854501944348,-0.7818665384720066,5.131490424985366,4.532827019445193,2.06387418755535,-1.4264168080275954,8.50611081006,0.9712558437019112,4.134906759700166,-1.4717332207195954,-2.064195598095854,8.556665322612327,6.358159391103709,3.4109750669573935,0.648084881336235,1.713453773109851,-1.1600930773962903,7.120842610152463,8.12867186855161,-2.7800668650617566,4.741293236906206,-2.8448366146435804,-0.013266269507839823,3.838454453110102,3.391861619432421,0.908394917420914,-1.7143623583533127,0.643006476298575,6.950428392019759,4.997478694161433,7.802221794703642,3.326177886068392,8.523924364298406,4.339945431408902,0.0,1.0,5046.99516508794,0.4276463590414521
63,7.706646147629265,-1.6895183536798866,8.106119951481288,0.17512437119455976,1.9547124385678671,4.030414611344898,7.051102622469679,5.494122067598641,5.922539079382068,-2.339999380770208,5.963640962065503,8.584022145801516,5.157742235461106,-1.1346980571657364,1.162615777184498,8.059368948854132,4.586620617226392,-0.30275742542981543,5.114750461319241,5.083627311533442,1.6544552118742735,-1.36811055038826,8.714189610142636,1.08453283554478,3.993115594107148,-1.4276454674788766,-2.249806822827431,8.61613998174717,6.315467890504668,3.6420335911300383,0.7087838433508659,1.6042377459251327,-1.4535610742657141,7.974749006329192,7.930320860467554,-2.4440582210991275,4.765488770826444,-2.8494637121563544,-0.5231281728318542,3.444875784446965,3.0516529358032067,0.9802143706348158,-2.089624134084584,0.21195396167072728,6.570452068195843,5.400033362581315,8.590090678495523,3.543358466612665,7.976073111334054,4.802476646723857,0.0,1.0,6305.082406413186,0.47216109038833837
64,7.5696988142350605,-1.6111889068779426,7.405841566327617,0.18519288365090847,2.234095893423623,4.416810366771104,6.743010527736953,5.02733187007032,6.379030859904283,-2.1203759328997287,6.069780414893894,8.398538872381732,5.300011983979972,-1.7472350899418774,0.8887253268801644,7.790801520367704,3.7493137195656163,-0.7474915854541408,5.223327432130216,4.9397017528276965,1.6125867481226437,-0.8490905638297089,8.757135331407692,1.3778001908676538,4.314294334473907,-1.535320668284254,-1.908961343583043,8.24465246561494,6.666604300780118,3.8296708120519494,0.8788310719603717,1.725694854985583,-1.730128199885259,7.30513301703213,8.054961696204396,-3.1143239148935957,4.386131499891206,-2.9321622596620283,-0.04572445441931458,3.1102816579409582,2.5266288240262447,1.6074460719130252,-2.3339183970557653,0.11150439312550259,7.089461123010125,5.495993894827231,8.950564233200259,3.0933532714920333,8.252999755431304,4.884112548880168,0.0,1.0,7285.36898293378,0.03142541378030988
65,7.308538656419517,-1.9982165673409178,7.055409337577775,0.35139584686662395,1.7788017905790263,3.678007288749742,5.997646360930442,5.203103691419019,6.714011652177694,-1.635018721150032,6.025552813443939,8.251372667979423,5.724399208529842,-1.333187998830345,0.6993140225628663,8.09730328346368,4.441837306875289,-0.3748215654432805,4.84502049328961,4.8962252808106985,1.7814333730408694,-1.4090335031047205,8.749305722641845,0.6662724689013317,4.249141386828408,-1.7049891428055322,-2.7031142693056545,8.16393529204786,6.510882910336207,3.4937419197551796,0.5352962488696011,2.1583399154921334,-1.3711371022852332,7.584809679896096,8.283905858933807,-2.4832488856383477,5.19009768890549,-2.397251926874302,-0.36925670951069356,3.3110218134888143,2.858651493282578,0.9311703260745218,-1.9462772201391243,0.08601297148032472,7.085774761118844,5.771095266932265,8.038348892352788,3.6195494223439684,7.745521982625596,5.027771857819697,0.0,1.0,5801.6540199671435,0.285745406907629
66,7.15575428037242,-1.6212081583351137,7.611644789862106,0.40269746323059974,2.233490416858156,3.5275412979305107,6.653712781113656,5.135272417048213,5.7132193232802395,-1.8263176844372346,5.7850019692766725,8.422901550571405,5.524810290788393,-0.9981994964893521,0.8299894568593478,7.664062840576125,3.4981226511296475,-0.5585377096486217,5.603885317102047,5.133588321144955,1.5806269049481572,-1.136545611705183,8.089595652866164,0.852657755134804,4.3885755793162184,-1.24409534475477,-2.6878751027778005,8.015722772161281,6.361591450540844,3.839783923795257,1.298092007625257,1.7819390045841674,-2.238967753440717,7.321150959005388,7.839070588830542,-2.6328957492088723,4.770125869295925,-2.927967308369025,-0.21938145450926902,3.1931645923436554,3.004740701434235,1.6521086430437393,-2.54007178272642,-0.003754926142532311,7.495779815516388,5.4117780460586875,7.754338892806306,3.244152604127514,8.305647206541519,4.954883942238743,0.0,1.0,5972.969161849074,0.06369047212477134
67,7.368410370631268,-1.5501201125079809,7.688289030160414,0.6127380244061754,2.7870844925004383,3.8704893479444893,6.422485309085659,5.682223624268335,6.060512481495853,-1.5956993052587087,6.120018894070746,8.49364565303544,5.330298443156938,-1.406379559276652,1.0682494321725131,8.49047667385215,4.197848932547422,-0.45544576134263937,5.261920577064247,4.594964250921591,2.3301700823079554,-1.3206535721110082,8.013760832120752,0.7176211039793396,4.154501947119556,-0.9039036892660453,-2.0790565755377597,8.13602788460316,6.4028246102607556,3.6232523232414615,1.3289997407149694,1.6566830215192179,-1.4688835767003035,7.452749903446542,7.888998362100839,-3.1287014560114357,4.790415785996794,-3.149546787439383,-0.48140884241930426,3.329908696215766,3.081957053363308,0.8859941321369266,-1.7349107440854452,0.688169483944916,7.098564938519999,5.300932658085613,8.191934488641685,2.7760669529379998,8.124252724532111,5.067713760716495,0.0,1.0,5943.029078073405,0.24436793467425463
68,7.7326747763952834,-1.7254195778589088,7.422586763966939,0.7339415547574961,1.8152663261916149,3.2758598961237757,6.072771114041631,5.266730771504386,5.996656225652052,-1.746631639600388,6.395420191752748,8.655715875928575,5.399469928978563,-0.7555634404062828,1.4091951677190246,7.9074350588928715,3.668601865519198,-0.7181423492751264,4.2588830670520315,5.121369243543788,1.3611158283506668,-1.4659574812787675,8.311260461197678,0.7850423750487859,4.664706476674301,-1.491812827231123,-1.7688771614734202,8.25343772376022,5.815719608726971,3.2587759423671216,1.3970464466521872,1.819558161768914,-2.054790631514473,7.03259873912512,7.5003434063745855,-2.6903132460440786,5.159406876740949,-2.874908868184299,-0.3959134864337379,3.058016695453216,3.4482730331932876,0.6656712804763281,-2.448165878852059,0.2975081789410448,6.723263907686817,4.895630761648979,8.679178864698304,3.617200013913471,8.311371212434917,4.974704735438142,0.0,1.0,5263.326824939214,0.2645754495857056
69,7.431992600719417,-1.7908638024765662,7.481765866475751,0.4515161747629399,2.300798075107053,4.103284681368126,6.510715115143441,4.8685373249900445,6.814137683123734,-1.450558798925107,6.043901572722417,8.980401992781927,5.268495313028994,-1.8049154628487711,1.1244059603727272,7.362173525420797,3.9052584464684927,-0.2234391087042641,4.84902026158905,4.9591872232236724,1.6103543273792953,-0.8281039280473275,8.52338982355165,0.05456328803364474,4.554222848583899,-1.0945561303179148,-2.1748285355796932,7.9503137285396095,5.72153949795732,3.528528806998789,0.986858490882938,1.775358904778684,-1.2271268137863574,7.376690947838587,7.989028755177939,-2.945353144798286,4.896838185803067,-2.685190256404843,0.15098571080113515,3.6260251082144657,3.0121808975189275,0.4921915830339745,-2.0707380337566654,0.5179630967515251,6.892420571898458,5.237459923781624,8.297433307760919,3.546609313742235,8.235736659951202,4.6112265561266526,0.0,1.0,4990.4628635249965,0.6190642369684767
70,7.006169376448485,-2.3743605266689123,7.494977626572132,0.1687279725224447,2.0489950856473054,3.8190001646527225,6.782213499622347,4.725137913540586,6.263691563534277,-2.0861851607432413,5.461389391358906,8.340447227029387,5.406147964269534,-1.6849612713275053,1.1250115560959364,7.356304559204741,3.975755610265294,-0.6043781452489759,5.138464188666551,5.166899824134499,2.132608779587037,-1.0790637899751996,8.669443396401649,0.4300029791862201,4.532876802158459,-1.2164208744798901,-2.5665600825526607,8.448807205645478,6.693601294783063,4.2049069241479655,1.2353028801702104,1.668411011489149,-1.784511803542448,7.517647645731977,8.180253603452696,-2.341805223257777,5.052292891294137,-2.8102839567006503,-0.263040795498824,3.518531328876358,3.405020318196745,0.6610893578241124,-1.9165027560915004,0.0734447256927861,7.101879878078797,5.537964334753145,8.494806257696288,3.0965583700630104,8.730855325899599,4.9235645175099,0.0,1.0,7259.976628402532,0.03196736695198182
71,6.7517786225038545,-1.6646670696722803,7.3695731268965385,0.7674689349217354,2.3287521230843056,3.9957327065614994,6.72695309207369,4.471565027621394,6.269437696808035,-1.7305702119040696,5.65168838704879,8.184857944511888,5.3786254910099105,-1.8303657316436674,0.9305753375835032,7.760621055507915,3.7956706586254345,-0.06791133058141774,4.818065258197242,4.9816673453495675,1.5308328835766574,-1.3299659283933472,8.169298500656321,0.9923092616520632,4.373302341093066,-1.2167091134764723,-2.205178310957078,8.2476995149057,6.331677763403149,4.085944832600168,1.229213608618143,1.6794570217963356,-1.0980500816228322,7.225188166199401,7.719328965858486,-2.505862519631877,4.925354973162808,-2.7417508941191233,-0.3254358454876014,3.421727373098144,3.7318518026875784,0.6483320209058048,-1.9586126401495627,0.5231732493736707,7.233350920850803,5.401281835370602,7.998774422107336,3.3613904878132677,8.342536968579944,4.4701474886274735,0.0,1.0,4939.131837644003,0.3435937427453107
72,7.061474472973584,-1.999366281809834,7.711953925355033,0.19344055226736973,2.137362115731476,3.6965487187559494,6.210361041324993,4.833022019501248,6.669703022690435,-1.4951605242965902,5.986447238458038,8.442642641817386,5.584561164033611,-1.5954757072946917,0.6571014367393611,8.332283635801312,3.7464188976236263,-0.4675649223936143,4.764709299677838,4.8524943038532,2.196512176517429,-1.2007266803182133,8.070925817835175,0.9917014411149876,4.245401534377368,-1.2782940521642998,-2.362964836106538,7.542452633551167,6.440555382937943,3.450457489223183,1.232590746160254,1.4526753888810342,-1.32645774449661,7.932073067776677,7.389471440659056,-2.508314418496051,4.41656646884667,-3.2094562186998816,-0.4109732304619973,3.236065579090474,3.288955672831647,1.146982764089719,-2.2553071711883343,0.058647952580071994,6.7101919091167765,5.287959844411885,8.627055844424854,3.4383565647674628,7.927286485987452,4.527685702159624,0.0,1.0,5223.587769976347,0.2519414974741507
73,7.000245321132896,-2.016784012716374,7.6337652643764935,0.4697844092041511,2.1311245254883096,3.890069279681489,6.928000176462264,4.943013037222087,6.492607941770882,-1.3977751019800726,6.057566721107902,8.39094126361794,5.703185405933729,-1.3496287353137735,1.0310367368761812,7.790234051675576,3.8164256608847755,-0.7315527029279578,4.821662939542303,4.708892680142354,1.8316313673255817,-1.662636037389995,8.413581146654915,0.43072082845425075,4.620468668373164,-1.1636505006148226,-2.4440751450452005,7.868217086243363,6.547514730980367,3.8599577502653464,0.7737042661401121,1.5976154762454369,-1.6367030543815189,7.655338760189019,7.707640851797795,-2.6460175710802303,4.805327024419646,-2.428243812305592,-0.08725278322732395,3.8575451265229166,3.269373375114201,0.7443177116845674,-2.2059711419801418,0.12206187454224815,7.371368361231371,5.359933747070653,8.560685013602273,3.2278792098152036,8.782230030199134,5.208682902407915,0.0,1.0,5821.845978645734,0.5091929144540357
74,7.157434000520975,-2.0144119695759866,7.368579400900089,0.2107324320061471,2.114508832419654,3.871247837176141,6.97719416555235,5.037085157252847,6.417983048318046,-1.8936908797455003,5.759767645925522,8.331346049894515,4.74084747134055,-1.7803776862246763,1.2874251323652486,8.34979666647151,3.7685358293337794,-0.7731905499038274,4.249963493931119,4.953199709740574,2.263648935382935,-1.3005727941878034,8.489950795569227,0.7667885180015892,4.515357418562605,-1.4232733658797925,-1.969259500560165,8.330958360173357,5.910679328321736,4.0206586290398025,0.9786238450775374,1.3538730469507838,-1.9846770840159424,7.260377202411113,8.111405655151543,-2.8675481427129252,4.626554275401712,-2.9264702514774377,-0.06129104501074188,3.667456071837463,2.8654472529414994,0.46091222537985976,-2.1787610756509737,-0.12962679953017942,7.42943166790679,5.410828303343986,8.376371041338802,3.118951690453577,8.114835096931543,4.365865400993006,0.0,1.0,5610.250739759391,0.2770777200640264
75,6.985904561033969,-1.974507675388798,7.869829098990817,0.5520451170729018,1.980996849949317,3.9045869481568256,7.000723195612725,5.459807155751035,6.110514473197542,-1.6137783104588916,5.918590299781645,8.682458117807965,5.745415323702967,-1.4594242943531612,1.0073841294099695,7.970893357523484,4.580918022012507,-0.39763471682501006,5.0672626901605025,5.14373766547655,1.6815562692389658,-1.0953885791862126,8.972203135473007,0.6972575592309634,4.45571924655542,-1.179126413304741,-1.9212357461121727,8.215996547165222,5.930430283094266,3.393758759235046,0.49876666599669356,1.9695833847102306,-1.9598054930268196,7.780345062475651,7.764469088189564,-3.013183724459062,4.648974737112121,-2.6727737504579796,-0.027080716249461234,3.3630183566681993,3.094772265035412,0.9600745864503881,-2.2136297901344757,0.41666893312365094,7.419028353278102,5.32345119441249,8.690283024620046,3.2615526657563665,8.484651887112742,4.3808856826095175,0.0,1.0,7571.539501478671,0.03447788496399556
76,7.036167823058404,-1.5473828320533973,7.399630736208426,0.7835919890251698,1.7212036844716945,3.9512184333065,6.506995461102408,4.939737894682806,6.56703180977996,-2.2597529314098215,5.028673361485204,8.58347338503083,5.72326987980892,-1.5003858027279036,0.9582240169755578,7.982730081976559,3.762674091846945,-0.8412878260153084,3.946106682189657,5.349643187274822,1.345708637328098,-0.9754236384241869,8.832380655555223,1.0957126859379902,3.6752381792737374,-0.9669336441233426,-2.124875714934247,7.934815093777722,6.668173350668071,3.6961247701088618,1.038917683862942,1.0265075051566637,-1.6214330518015982,8.001547614436415,7.655995095915396,-2.694527074938985,4.464038265597062,-2.9101089451402316,-0.0911733228815516,3.399149067105223,3.5263408091340662,0.9219998733421202,-2.0413345909334533,0.5551251319215148,7.4030290353959725,5.310763626187007,8.189111725467207,2.9732512897717753,8.794611540316604,4.327535119046862,0.0,1.0,4872.827426855798,0.7039321396143329
77,7.42063324334523,-1.953783194479341,7.383649010634714,0.4078604582827757,1.8730119451201201,4.207923163569158,7.095257094532338,4.635758581599948,6.096902379404026,-1.8800114482449992,6.00177949152788,8.853472208320543,5.694613913166481,-1.2550973116300108,0.625671549091956,7.686139451976115,4.196791738567706,-0.631555920403302,4.617395723536631,5.215040948092486,1.5861170612162807,-1.4753314439060854,8.206439039615606,0.05354806948546742,4.325397804361886,-0.6831891350928743,-2.240623807360417,7.949435026408781,6.133084743636116,3.241093222697545,0.6522768263254486,1.3955705782046444,-1.7132208017281274,7.297850507083432,7.910994004387788,-2.8891884465417563,4.770057306925248,-3.2672858470277046,-0.42005239787604914,3.689054919180347,2.891030666945621,1.2846457704566512,-2.2014949604873775,0.25825558143995675,7.033894722336367,5.072757559810287,7.860509289862453,3.445050556781617,8.07231975838322,4.970081740049534,0.0,1.0,4895.3268976835425,0.6105924697149449
78,7.389878230339003,-1.9319630150367328,7.124368027696544,0.6206830340272651,2.580848540542119,3.7412682857578967,7.072135682014984,5.19980768161653,6.075941426646574,-1.8820271716139327,6.154874682222684,8.371126163254145,5.352967291492766,-1.3287014688554084,1.1197291806213416,8.01799127426875,4.099207203765756,-0.7905775492162737,5.058934645601451,5.185047661387735,1.59606591086166,-1.772178133409754,7.990109615593127,0.6521676780454908,4.407453685883796,-1.315518764868878,-1.4630028801361572,8.713099860996822,6.3842914349745365,3.149951049622596,1.1516423594312375,1.4964918604656405,-1.175278764379958,7.660026696769702,7.76552661965993,-3.1823561381479033,4.781715558984066,-2.8934011373517357,-0.26437450936824625,2.8926124860287947,3.120413095393825,1.1080624296356456,-2.229060381827902,0.6845178083462453,6.657040331326656,4.9870980605238815,8.16869190716177,3.0321843993311983,9.0937663348432,4.738327060332552,0.0,1.0,5141.356573653711,0.7024773141798867
79,7.5715038987049805,-2.371957316911559,6.775365875848655,0.4089373259521982,1.8845575454057684,3.5880438684819724,6.384279852827833,5.4532060322501215,6.456797163619782,-2.13417558961493,5.639266292859605,9.173081208779703,5.920234723064573,-2.11147979501415,1.0972778274061668,7.788005533978763,4.045722013549039,-0.28713905089035036,4.428706175401913,5.112213039653457,1.4619324604939117,-0.8611348944260379,8.687561644247767,0.35325874818986186,4.393905158428887,-1.1261574650182389,-2.128938701460387,8.450166657210193,6.71308889355099,3.447312554103274,0.6579436752601501,1.421883292049166,-1.8001916250451766,7.2053934049709545,7.705560361960536,-2.550945115557617,4.292734741357236,-2.7659730665451376,-0.21460189689825598,2.9449283751547104,3.37833503911324,1.3390172606121937,-1.8828070053382868,0.5731478197627828,7.179225720401549,4.89256203507698,8.516562416599873,3.594018629768673,7.885606522940096,4.728376030166022,0.0,1.0,5578.901460682759,0.33400731507141357
80,6.684343745647285,-1.918136807889031,7.7640191203549,1.0257057836882009,2.356060949923945,3.74720193639876,6.354613028742402,5.226772943931555,6.640581035454421,-2.6054961983075557,5.877860998801589,8.534156535573564,5.239949376850611,-1.744206912561077,0.5305612740856924,8.64648391650525,3.6840047244901,0.1472202035243081,5.037247625159445,5.041388457991869,1.584056447256191,-1.148569342831596,8.759635284680257,1.0052687917639136,4.3023533913074905,-1.5416728856615234,-2.3637071768731723,8.186279603491595,6.34158158165271,4.154976016744627,1.2726794410326705,1.9216876146191884,-1.3636339705715388,7.565034587322264,7.470947738227977,-2.4253922782633794,5.203970890073632,-2.9502527015369795,-0.3892489722063376,3.6253828090283746,3.2883605987520323,0.7071090449179942,-1.8779326734282893,0.5947143257719174,7.355840800821889,5.1485833448433045,8.118573924992567,2.9889658772254233,8.059612955626719,4.751770004082599,0.0,1.0,5667.786076366008,0.48446205151500543
81,7.378116699256738,-1.969348883076695,7.452879362891669,0.4300139668999003,1.8417011672120935,3.9128077814731483,6.370283659335955,5.069575179363264,6.673125486046183,-2.0108475665580072,5.784830622629345,8.602630047427095,4.968955873185748,-1.2883478851600816,0.7994481921090819,8.127280034720524,4.8304909254867825,-0.4312255060932768,5.316440253327485,5.56185435696166,1.237609606791163,-1.646833714613941,8.011307997599156,0.6847294765810154,3.9615395943283658,-1.8016881991487308,-2.176473758605819,8.213938597020089,6.820756075991471,3.471204578544045,1.5040847624194775,1.402975278913188,-1.508118496859738,7.802641102236126,8.193578045672453,-2.724720509426305,4.820815815682842,-2.585159968661261,-0.22145130109622907,3.3092637531007862,3.347899408375879,1.3534231805218315,-2.404795996043156,0.60533143353301,7.251082634228761,5.402364551687501,8.542488568576497,3.0353956914792026,8.35684046558951,4.530279556862368,0.0,1.0,6117.705772766863,0.41077330192663075
82,7.254399056231505,-2.0307836117461533,7.738650635027591,-0.07538257259072922,1.834305719772085,3.9152870880665365,6.745995265773725,4.793170473600241,6.042556965850264,-1.8510569995211397,5.728132278145408,9.086797370223136,5.21554910678649,-1.426990661788997,1.0578661640920517,8.630265660100838,4.220648595060405,-0.6628574647770864,4.7114175842416675,5.23239194262962,1.9598618526450235,-1.1473743231742515,8.505637240740127,0.637066008527369,4.249896457087893,-1.022591233867289,-1.4595249571824005,8.248961220315246,6.323298611157009,3.4782924546303615,0.7475476485767293,1.5135597359945423,-1.8712696518030176,7.4814394476008275,7.79378553965815,-2.996827590239509,4.489515423156094,-2.492162853641575,0.09168207771855624,3.4466102334626734,2.984074098360848,0.9929259115112502,-1.9213484493452375,0.2655343432331283,7.129140022422536,5.396924036293384,8.071654831888395,3.01433486048142,8.386541563982533,4.30663609136643,0.0,1.0,5454.023515066498,0.47826931837037895
83,7.779875810399296,-2.6225280399625928,6.818528366180423,0.4263036789188645,2.7785847127571155,4.003176472316845,6.707724780857483,5.157682378837594,6.802816024366517,-1.6983187430295124,5.734239133395124,8.608043209152854,5.482463621478499,-1.8010352329737187,1.1019047774501274,7.8055822824773005,4.161903590496708,-0.3865431398688987,4.12765574592404,5.374277239268432,1.995694189303251,-0.5169571563022111,8.661866839268844,0.8674012229590558,4.239283158774712,-1.5967019470255162,-2.2784838872159003,8.531662205339456,6.08252112112319,3.567067131996794,0.919703556364274,1.235012824529733,-1.544378236904176,7.7487788025451945,7.820136563103514,-2.8814242621722697,5.205001758801046,-3.485342931546791,-0.4472595214269184,3.4075786292531562,3.0433136273149195,1.3270616066118819,-2.0725072243812734,0.3063837379513685,6.965899955141472,5.036504498110617,8.09516235590298,3.2660994882729275,8.584987864038183,5.07628418792218,0.0,1.0,6438.0886763927465,0.20977252890556022
84,7.247164905654925,-2.054653013850896,7.498563612205995,0.9730749376030782,2.5175189259853195,3.9746292647360972,6.983520444159523,4.97367323340939,6.384879191994141,-1.7406185560377423,6.3281050027396395,8.503219625981313,5.139527313052651,-1.7668788678040541,0.9000077801518346,8.338198906522695,4.193150054980887,-0.6256302293429871,4.370387723099123,5.163599544279233,1.6536367287422906,-0.8812434464417465,8.455989049409649,0.9592748756978936,4.437881432832329,-1.499224641969259,-1.8448861678115105,8.55769293980086,6.6471526292288905,3.926016078901975,0.9308497836458898,1.3463105163939018,-2.0432008017810497,7.628364184526828,7.735446691767347,-3.132455789328416,5.0864710720360335,-2.8713401125663998,0.3240775322443139,3.3037563321317434,3.1567676953248567,1.1205276823403312,-1.9416337913957953,0.23342898524005645,6.95399966137407,5.565630241411495,8.267535931493178,3.389709278760674,7.580170966796242,4.4258792430630844,0.0,1.0,6213.5302268169335,0.2406970471525658
85,7.309557122783872,-1.6554571801312146,8.129699339614698,0.10592407083049127,1.8578110913624417,3.753012906858241,6.84608202069561,5.138158331131337,6.455665103246916,-1.5282121530502208,5.723833603331368,8.737636430689703,5.307081218923007,-1.93070644785524,0.9144958484748951,8.121662519029229,4.166255829470353,-0.21410278451770381,4.781010282979571,5.250059636877766,1.5549540309493692,-1.4556742586356728,8.51253579171075,0.5800846810853059,4.690931879038432,-1.2223127214805276,-1.7118284372084382,8.399169391095239,6.564025206264065,3.79209190154751,0.40865711659074566,1.3541821238532163,-2.1885531182452658,7.677060160627199,7.69146049929067,-2.4296634929600356,4.958150807584474,-2.65507638062813,-0.22748687187708766,3.052918827512475,3.3659388725217485,0.9772513201496335,-1.804848374492399,0.3574648131696829,6.6748166281559,5.704197443066998,7.9182014794705795,3.533309843108289,7.536674318475294,4.935579290083034,0.0,1.0,6967.625728038416,0.020319825640084856
86,6.692684367905182,-2.0149206704532068,7.216440004193237,0.399269511099543,2.042750267483529,3.663155797204135,6.8953309614062315,4.733680527238344,5.660336765338243,-1.7940005904370806,5.787539829776122,8.414870902550946,5.569499715238982,-1.3594784025145046,1.4117552078349416,8.073373266812453,3.985734782661387,-0.30455540848840723,4.540964615523191,4.695340469928913,1.6819047436396726,-1.0985757152477702,7.901563048572015,0.9244283999275097,4.1379294835589375,-1.3603450342643524,-1.818600133299471,8.384762173637059,6.655032337122098,3.6942447507679264,1.0764038595322818,1.959762608591379,-1.8996324885198805,7.795427997878243,7.694663664417702,-2.6505772522268245,4.616546426532956,-2.530537736147436,-0.9198648944563843,3.5093347088817266,2.9611729219168437,1.0597325884536373,-2.0665114877104425,-0.19571804507375212,7.324679301988226,4.834752520634219,7.78110273213391,3.4803203572730466,8.71573714423501,4.233062282024907,0.0,1.0,5043.609744488139,0.24245004852082783
87,7.253159731072819,-2.3638411508660955,7.77697149721873,0.5657874678321755,2.3003334693109188,3.867964088477381,6.766936178652292,5.092213647946705,6.292816799123383,-2.1052231992648465,5.809765911311551,8.563776844816298,5.763683734721419,-1.5035778207809938,0.8432065602664207,7.987047133774628,3.659037548611319,-0.7032711206274977,5.115873148736438,4.926270595317794,1.9847726385849986,-0.7551129450441878,8.104666288479937,0.9938622937068613,4.103109868451547,-1.3921314653468675,-2.498524814820997,8.463443588575254,6.386128822582856,3.5251704629114538,0.7837673338145086,1.9169886713906155,-0.8830251464961669,7.484955973365188,7.793488357233447,-2.6864807074438324,4.660233037903748,-2.9995412542170183,0.47448160568537967,3.90348285762972,2.967711635206009,0.6830564214164616,-2.3449962936481326,0.29037141810206846,6.6940350834254785,5.190398446161377,7.874395429634987,2.928161230031809,7.685299294461922,4.691692407270353,0.0,1.0,5592.31941479183,0.1936607003228219
88,7.071634928780519,-2.363592379050364,7.34765968633879,0.6843287569299779,2.177241275493549,3.838311953370303,6.531234437576615,5.601766982754408,6.1591185716604,-1.862846390099878,5.161026176846382,9.148331671167,5.525470684155717,-1.4734510830693723,0.48541252382737965,7.8245134713775855,4.180703101045124,0.12612821554983644,4.568520323073395,5.39327565625439,1.6841755149031727,-1.2962464814661374,8.67205801555012,0.12226703526863347,4.5521941747777515,-1.522276045453672,-2.063279365554387,8.474300936921138,6.188876586522977,3.5176463370048676,1.223972125756016,1.86226445091939,-1.794608856847022,7.176086816167876,7.9037707299406215,-2.4654600684731722,5.204319876060142,-2.9865758017432777,-0.27612501552006175,3.8093804483410185,3.2152027816108895,1.3092524071041831,-2.4482697931048785,1.138740001956833,7.322132313458471,5.030018499895657,8.814827710951477,3.159298065339318,8.043951862797105,5.064945582635824,0.0,1.0,5949.0061291971,0.4460625509301154
89,7.852009499307365,-1.5658462340511123,7.735216242796205,0.6257563449707484,1.9814199645376618,3.810533950429807,6.2200000803158435,5.656071045926018,5.707827792524529,-1.7526128023018808,6.277114475663235,9.545112718259663,5.6291681517576535,-2.0444910270973926,1.0153728667276598,8.072607348730164,3.9688180733943983,-0.6758397681047507,4.287552351839043,4.539700634090856,1.5490578348434063,-1.1248689002968648,8.529790510177621,0.3965735387921604,3.6945997435462763,-1.6779718000140547,-2.7238992497728196,8.216224157564797,6.518968215546333,3.6583087251081365,1.0712630042901192,1.2829616258688934,-1.7345148195769893,7.267833907647642,7.438850559102522,-2.515767209717758,4.944841769078544,-2.6054006381204866,-0.07682371633239325,3.118769482206983,3.2038490198430174,0.8078137706942459,-1.8697349036420736,0.4211824598330848,6.883454148243595,4.807103966715216,8.35180662283311,2.7262866069280944,8.298681712282292,4.803653859373526,0.0,1.0,5398.286819088941,0.4524056159105341
90,7.188392229999342,-1.8393021355057078,7.049973670766464,-0.2612178503906023,2.722402310792376,3.2854168006555873,6.8719465583749395,4.817506398792211,6.5271075291721665,-1.9424901536781658,6.031836180049176,9.304473338747947,5.2219979135519425,-1.6493128320579158,1.1004742856386864,8.462958672818568,4.289734812563032,-0.02016816984482872,4.475831450119402,4.921562132719354,1.896875860176242,-1.1580667455476537,8.180538618068585,0.6768105851517511,4.271610504068104,-0.8863914003840352,-1.9053714639273094,8.705125603901179,6.649103556509019,3.838577177172144,1.177076611156556,1.229744851622909,-1.0440079270215037,7.431817470924118,7.744566047055623,-2.6281399718486997,5.259308325697893,-2.9055949742046265,0.11991707332193507,3.5512096217431726,2.941470383280387,0.3811167098598258,-2.428291123132993,0.7339942164983266,7.087709068400501,5.39807743292203,8.44112489114751,3.1847638574365216,8.000797847886831,4.453736776529169,0.0,1.0,5873.884253367618,0.38010579793204047
91,7.010473523540319,-2.040014634816042,7.877874229748327,0.6833856853447007,1.9949835924702952,3.2933408794862005,6.803179884154622,4.835628726166594,6.180145621995878,-1.9110272286292243,5.636914214409931,8.865460730251808,5.507141043424245,-1.376573398052411,0.7274398604010515,7.83556662236429,4.467202266819967,-0.792168513240125,5.156754732330235,4.488357645116335,1.4928253826590894,-1.0401055995955857,8.675276105575811,0.2197763250688548,3.7822316484608773,-1.1298558777174468,-2.1096051205905337,8.40234276014159,6.373712276123939,3.6606204814002723,0.8774219159572544,1.14599949004725,-1.428013036135809,7.618126060711045,8.21981653028877,-2.351922662338908,4.117576885376826,-2.7716228589855936,-0.3216347948909598,3.8053137674310404,2.7833756407271633,0.9208937128955953,-1.9780902550664046,0.4706274427292323,7.121231906309777,4.669602669918738,8.290103883512728,2.820959418802176,7.94362480071739,4.650998363016836,0.0,1.0,5445.036719568304,0.2342383810316073
92,7.208103700858222,-2.120967714391046,7.806460654236788,0.47745477313287465,2.203613927150504,3.656544018127676,6.5774895787613294,5.225226991582552,6.036604876450607,-2.0517563707238384,5.641722184320736,8.35615050870734,5.33731753648757,-1.200111021509725,0.9866500376524509,7.66757017268738,4.219279454718436,0.17994912574347177,4.919996518166584,4.761099645628077,1.481411005696068,-0.8830417519410243,8.726134275786682,0.6568068839614246,4.426650099721478,-1.1429251408678125,-1.7202156429724857,8.624444155056764,6.231413544654737,3.8375154017677837,0.5198997743844578,1.8388550184275947,-1.8603312316878158,7.364982414646362,8.185657580758162,-2.9470955824928002,4.634776439371069,-2.6969255338723515,0.10482481907240132,3.3348382759321775,2.8631730459653832,1.1486990539763793,-1.9167517228716886,0.025955097343719147,7.4647575808067455,5.175283362956667,8.152528257660098,3.044946250514225,8.074372489594309,5.008116564361653,0.0,1.0,6376.620747289513,0.05140084855585956
93,7.039940797837493,-1.9181848486702062,7.722413770171181,0.6622808676303282,2.306235382917921,3.54005818470607,6.645400520101079,4.975388560565248,5.73491325483971,-2.4865644772593427,5.485146973605995,8.94947582265636,5.451229324529578,-1.5956857829314732,1.0261389463528252,7.741197434999325,3.671424618153483,-0.4173354424563936,4.649100502059672,5.528717728619237,1.8475443866990857,-1.0757369141515076,8.819112557455082,1.1429084482817802,4.349307018162887,-1.2016028641799132,-1.946604597127486,8.018457000190187,6.343703111739464,3.3960743391777415,0.6862968251572741,1.6815503433920487,-1.828294171334907,7.227001075571601,7.8169689861707035,-2.6482887560160586,4.836026484872852,-2.9794353514018916,-0.5272621550062583,3.5061633468051947,3.2492922712259946,1.1460992213391843,-1.6975238635757874,0.5827009640765244,7.050630164390104,5.229634216343073,8.057516191598028,3.1136534139596774,8.023305395564494,5.14445525983742,0.0,1.0,4678.1892059063575,0.7830553166061142
94,7.240538713251253,-2.213329913749832,7.583459044474096,0.09083793681495222,2.601367208064933,3.7834999667795595,7.068789880251692,5.137641774242948,6.20725617218442,-1.7227502631218732,5.676391572755701,8.893205995422255,5.048354329232691,-1.2896938816751835,0.9905896195248332,8.351511040468946,4.064717211176449,-0.7475351372684529,4.853650308233833,5.50678184353873,2.1161790296549454,-1.1430448423003585,8.348115718653835,0.8451046724498471,4.331864728982114,-1.1046536192574186,-2.0395121034915897,8.47402922052512,7.2019687516140936,4.09255837200708,0.47574326118837773,1.422157599579875,-1.5345804168783928,7.357277613227226,7.709274240355944,-2.774548177482028,4.9831071652250545,-2.7256266017997617,0.15688024462232963,4.12838142680709,2.5674372558029446,0.7848381009756855,-2.345576895523178,0.7045506157757921,7.895587934609183,5.299012756042009,8.757668509820835,3.2242206634271704,8.449798808221978,5.246225486899999,0.0,1.0,7204.165906373157,0.27176627491029093
95,7.558455965558392,-1.844268782298727,7.818582132215567,0.8304604965165584,1.805434846896384,4.099578561980425,6.2687389370509194,5.047815021860235,6.151853576606567,-1.471939698541498,5.713651940243331,8.806260349267674,5.423680929906364,-1.113367853750811,0.8085388926318274,7.693252669398344,4.050939842434071,-0.16176514584379986,4.640695030133276,5.268402249706652,2.169534864174224,-1.2814406635908193,8.691490617764165,0.7292919195967577,4.327589158411494,-1.336119530969883,-1.8155908504571279,8.152589844895562,6.190847864366775,3.806972958043971,0.8478195097961339,1.8784773832349262,-1.2676707923175967,7.617392858765405,8.087326814508488,-2.960975320438546,5.050599268902749,-2.8013782093509074,0.0926269407944833,3.66374201069429,3.0947722428001483,0.6422387702105192,-1.7651351143453438,0.7711914343839064,7.000500979514818,5.124458858988628,8.246858785697569,3.262190075729419,7.953364738848197,4.682460177392194,0.0,1.0,5554.894748204021,0.3960389047059635
96,7.0914023823816565,-1.8199177479694246,8.022490674148829,0.06711988714074574,1.9782310832336252,3.2106762918394667,6.451789908331788,5.04737403422148,6.088235157796674,-1.8359890517677968,5.565582884331119,8.314615900134928,5.240205417959689,-1.1722559824624716,0.7629680454928907,8.775237985311191,4.26207403430641,-0.7051043929286067,4.6984705906141535,4.893653771489594,1.5506753706502174,-1.3835913182108244,8.235838466105752,0.8348539428630479,4.385513109747849,-1.9798691089726443,-1.9735740155147687,8.5882490693842,6.336440039951081,3.6845489002524148,0.10509272797244384,1.7665745528046832,-1.707960410634136,7.346664546527338,7.916904845979695,-2.5322174906878,5.020073688665658,-2.6776359547170845,0.4324901583875771,3.57209120523298,3.2199488250529718,0.7425259943325402,-2.1670292453789264,0.42808410374611244,7.2850081417222095,5.064406535058534,7.696306007165696,3.1067717562552644,8.074732625356745,4.687002349720405,0.0,1.0,4680.6821656237225,0.7816645807381455
97,7.430462323421925,-1.4069605537377965,7.330568147944938,-0.03934884008757927,1.6377234011474548,3.61858886900011,7.0887174050444886,4.984422603352804,6.053342406777966,-1.7644952898576973,5.315659785643171,8.826475551951038,5.127060683716661,-1.5656268228387253,1.301377537555634,8.129521299366964,4.294833126804233,-0.4634738666223505,4.624979923765721,5.1409239626306915,1.7066607149689101,-1.2275385403675974,7.594688373836212,0.7437357396032461,4.09269441326157,-0.8104099223568704,-1.980187258694268,8.530317144772333,6.168298219519746,3.3286261479218107,0.5317159127764968,1.2535358874507718,-1.2126456349366654,7.7405260527126005,7.956890410949995,-2.8542080596520183,5.149525296816066,-2.734791430784875,0.23451329284005829,3.534501860881742,3.2059626953578646,0.7093887552481475,-1.6743925395038466,0.7261816974826016,6.619983892583502,4.6756956907131695,8.78875758224903,3.628205018424378,8.560062491407374,5.262629559088743,0.0,1.0,5416.284255288375,0.3526190599205332
98,6.79653130597048,-2.354023121020621,7.1224693651673,0.46058402769121065,2.028940212824232,3.0626573005346973,6.985907854467031,5.040066865794654,6.260662419367821,-1.8677361714513612,5.977445650125945,8.467113092552836,4.458211560885163,-1.3811204835735091,1.343322058573339,8.136189639015136,3.914814059444815,-0.48003829839835,4.562130851379171,4.556282894223733,1.9964875015912904,-1.3571183145796535,8.403220054132596,0.9588922489414783,4.558295556289056,-1.5609393569087116,-1.9981539430726254,8.554839770099061,6.729901087667919,3.396964800098939,1.2978589617345337,1.3615773376406948,-1.5227928549767742,7.563612538558126,7.96805608977765,-2.8959631258327128,4.935226405169094,-2.8087811134489753,-0.232249808447428,3.2678914905753293,3.221024836480832,0.5994568282381492,-2.275094335456776,0.6500223008402372,7.323766552328074,4.761629979079149,7.795040463119429,2.849326659643609,7.743281751734954,4.850588908768429,0.0,1.0,5133.731883535892,0.254618244383161
99,7.295014888919936,-2.305244933453862,7.486502817467082,0.2778973999020201,2.188847296015541,3.682865580230616,6.987485562348885,5.2547200259669795,6.647659663918442,-2.090429144103991,5.7810664418158515,8.520721396237244,5.87207983731428,-1.4894633417044878,0.9460948761206257,8.37131703378894,4.038101622420762,-0.41385736325091826,5.26765070245084,4.61899275502844,2.0639439507242088,-1.3592066296420557,8.075764885375884,0.8205489103817646,4.271871065248601,-1.3283111182811589,-1.9935838641112245,8.203989830378879,6.464960100460444,3.108774437059251,0.9816905168169447,1.8905855540900274,-1.630692995716218,7.5897798295784105,7.801660923100088,-2.9916158301241067,4.754961194094806,-2.8053998664153657,0.16869608679524078,3.207945888962618,2.8836923853113157,0.4648125401434273,-2.300416917543812,0.4938377618669568,7.043509690418298,5.658008731517225,8.049404784746173,2.805909493676329,8.208557026448712,4.946645167650382,0.0,1.0,5746.360546825815,0.41583758870030413
100,7.467356721615746,-1.928227412893613,7.695389868915847,-0.1847780081118623,2.559247866477719,3.816055067863169,6.55321619742565,5.237873421051358,6.198828086806995,-1.342480173183937,5.818991725941369,8.526954020588056,5.435974231064035,-1.5042085222926003,1.03777927965128,8.344534502820078,3.0787565804360493,-0.5089956557135186,4.622718982566519,4.928733448133401,1.249776887961933,-1.1886524823846625,8.416503897016298,0.8744730646290548,4.738727383419348,-1.6127049071284125,-2.3326991787116556,8.144165044076674,6.547758865014481,3.2488210695995723,1.337902171574663,1.7502078094742857,-1.6898965957002101,7.721436077063108,8.031270800543938,-2.0549914240405354,4.182888959410635,-2.448377233967554,0.12420700367135651,3.267962835830505,2.6401987015505055,0.7958271398005374,-1.9537344118800726,0.4166264106398924,7.103697765168071,5.556740500172428,8.073372053595314,2.987743846684597,8.36555581915241,4.856190546475802,0.0,1.0,5295.833287766629,0.46250914390597403
101,7.165538213438616,-1.7684924087662899,7.360293803825717,0.7050040568432584,1.9094247335321386,3.2201602694943956,6.8670390053347665,5.221563154694285,6.8612951761534084,-1.7112426844433781,5.829330452108138,8.657068023112904,5.303154491848452,-1.074187463008026,0.9839690216726338,7.4364419706778015,4.047016758109621,-0.6001873600372583,5.046035709130338,5.066060307680908,2.010723728580217,-1.1490747766997207,8.403605289230532,0.8405160407609632,3.9394112727049864,-1.190290429990354,-1.9569561028460378,8.369589504070383,6.943155892842084,3.574489294980262,1.1816924520821135,1.4729386066884578,-2.0519189841953605,7.349297716800635,8.082409879361034,-2.7846877494422237,4.872620315202808,-2.923170696215461,0.2216346814670323,3.2827026699439226,3.0617233375535093,0.7331826150349299,-2.2866599011376096,-0.32395880330853655,6.882991271884191,5.038568212404124,8.422514994053358,2.9047461281334868,8.217775740136867,4.720809050197742,0.0,1.0,5045.558323020767,0.6831470004003891
102,7.4759767857181165,-2.1570824062431053,7.209066679745381,0.6693342216039024,1.9751763974737255,4.137505101453143,6.834580855733767,5.367795633751702,6.327028136316179,-1.907434771240838,5.559063328545631,8.153460698415614,5.166905431372949,-1.1173597964396378,1.4480999471232043,8.420146143564827,4.021458461317049,-0.5106625021402308,4.888157526515674,4.822956320101743,1.4646845907155976,-1.2768497108156573,8.606049196877342,1.0531080395725365,4.217634892652976,-1.067318265930437,-2.424214842163619,8.400191300891391,6.516707771950747,3.4451447126885637,1.1635298938534628,1.4778624608958677,-1.6693187786311268,7.6189793433950666,7.912835472453129,-2.3101234033666156,5.155506413741048,-2.922662334482586,-0.6474705053252341,3.3394744836346466,2.610606707417277,1.1092075488515871,-2.092828967583111,0.386364195635007,7.047629843953599,4.840164087438581,7.853739040290541,3.2928497268670585,7.953760021420059,4.718675623133181,0.0,1.0,6204.267707469169,0.05447781883036003
103,7.097415862364837,-2.12917473309034,7.8220783948434365,0.07192047877659108,2.252958468850874,3.840709916737334,7.070585096524364,4.989545618811577,7.26556328659419,-1.3294277918218715,5.829029019441261,8.890891425252565,5.6315156068273655,-1.7637431252419171,0.9527633200870131,8.175948997583426,4.0637423715164465,-0.7764187518677024,4.897222595204099,5.208576275354079,1.7970389601347012,-1.3678611702059023,8.08771349378346,1.1333044465814384,4.568515285442389,-1.3278628390622558,-1.8935925412466637,8.702333307190576,6.563449682920892,3.7827463359697493,0.8126206779343038,1.3525127946513167,-1.783566053348927,7.6785740512277965,7.843660783702751,-2.4474863972978262,5.017179490240999,-3.3130413015482176,-0.24627230402392028,3.265950285229946,3.1762743912862805,1.3309577089958853,-2.007808596395218,0.5753959148069706,7.240719254181449,5.299583004413844,8.859956478426229,3.445704346718418,8.305386617858858,4.880468515825209,0.0,1.0,7006.533839800647,0.371624646223466
104,7.288652811147382,-2.0536215646031075,7.314649361776756,0.6654129255221961,2.2888898216484908,4.111475983031651,7.427726025657352,4.833821395634292,6.536570155118349,-1.6132376860202666,5.786241212281416,8.540902430290819,5.991937909534511,-1.803298257131258,0.8691671222404347,8.0681547690095,3.9443424966859486,-0.6522632962497878,4.256684212299673,5.0754981890124915,2.1777175187635343,-1.507508864114597,8.50712747869124,0.8562516549347385,4.212970179551355,-0.723615283494872,-2.3248763404073194,8.7244864394762,6.803237980786281,4.092964382376382,0.43863825441027704,1.5339716042106848,-1.4854189467936108,7.599263781077768,7.903507131740551,-2.309525158383158,4.715416185344077,-2.556606389143125,-0.32578064392592565,3.373245959801479,3.292681391896475,1.1895917417714577,-2.3658366708384513,0.5749689120202692,6.986111642169897,5.373530160705618,8.131704783381378,2.912109189567595,8.144516028616316,4.793101516771676,0.0,1.0,5692.291405896384,0.6255592948953188
105,7.285478092607743,-1.938125630748658,7.5719167510654515,0.7918867949454114,2.4953917155257868,4.032825255148726,6.527352891017665,5.315283296399837,5.9649370727912645,-1.6874036551153053,5.456084733967916,8.865805479982864,5.252693837336927,-1.8260111117188722,0.881429901134307,8.105549041652631,3.9495650958537305,-0.16882137656508017,4.2061096224428365,5.075704300947046,1.9640810197902872,-1.6163298941014754,7.993348528799752,0.6597569528326489,4.253464214407065,-1.4188022464711945,-1.9294418904549526,8.453500789717761,6.129331035300551,3.763208936347324,1.237285571881728,1.6174450560669633,-1.5035765477323373,7.025706095254645,8.142107857902921,-2.3262239418822945,4.711530571922907,-2.7902946603139553,-0.23934705162893935,3.2992453404732904,3.2776425017402904,0.6591173754639046,-2.507605265045794,0.7629794943513284,6.796071724144446,5.190165184166088,8.454171979241817,3.074194243298332,7.9017937990347855,5.112479942469071,0.0,1.0,4930.48736321078,0.5748822483058003
106,7.328104754427913,-1.6352109307126719,7.18205157398486,0.7804785149672868,2.142526982917093,3.724446943088683,6.407286981655273,5.043902532399402,6.586212919909242,-1.8690242726045048,6.146964206590029,8.710994030629426,5.451339146425267,-1.3171799204577963,0.5771412826252675,7.974560172265714,4.030351579612009,-0.430293327634748,4.939139196916655,5.467583276098967,2.0833703602980567,-1.2308945218684262,8.20103182430104,0.3553463305054445,4.07428862785045,-1.1465385583078782,-2.289373220184961,8.300536160313365,6.386161174416952,3.6380460152552683,0.8506190844774568,1.293492557866895,-1.4522645540269927,7.4254719522779675,8.126631994886445,-3.013816855523387,4.971384419290978,-3.0224686352639947,-0.1193044577413603,3.1927541640312143,3.2648616786874127,0.8380719658116464,-2.4633697952938864,0.7441383493678928,6.970597760469362,5.116361237019304,8.582894584773573,3.2105225539274618,8.054078642861185,4.5619913661253975,0.0,1.0,5526.764066732215,0.4688175840425407
107,7.112318147882821,-2.077869798666027,7.250276485560862,0.4433543771963226,2.1695701164378063,3.7046901268986074,6.415295977186321,5.200838906775056,6.247394845308137,-2.340257504675904,5.811279466552292,8.617599786572672,5.524605423786634,-1.3293476380582425,0.9973832473562726,7.800868455362959,3.7412758310932728,-0.7888118537410624,4.3390025432006025,5.629444332308042,2.107878173543239,-1.2094402463831346,8.57231530444706,0.5507792706635536,4.325345880122447,-1.847060468734674,-2.1032003190539905,8.59440084726868,6.306794987688814,3.409062681868409,0.8211397471652535,1.9304213882298524,-1.5488171953844845,7.146444915271306,7.853888227679097,-2.5777321102054835,5.149861084055711,-3.3094360457916183,-0.39888813473969487,3.6330367360122513,2.5004811944730614,0.9044395028590403,-2.350968386415417,0.8682270474297487,7.8766938736286765,4.959766969725679,8.214931581885265,3.16759186480928,7.6937156185637114,5.013789934723508,0.0,1.0,6609.347848391823,0.0296755305875263
108,7.097267406603796,-2.280348440210171,7.0797630790275425,0.16281999641961753,2.26528947689424,3.510260682598352,7.17661082858349,5.457110940038093,6.901363492521974,-1.8100194764120503,5.996994031362089,8.556860464800693,4.932533402522031,-1.3954994559115412,1.3514738831317379,7.416744335669757,4.008264786586157,-0.18110257845385308,4.736547380066071,4.650453738019586,1.3557325796196649,-1.2687580683652968,8.537703470382906,1.2097999325369058,4.501048306404847,-0.9936423894050264,-2.276200822071465,7.9767152320997825,6.513017438569895,3.5126631980538625,1.0392547066480158,1.8586523584665797,-1.4153990938708627,7.340700845409457,7.752752658085494,-2.619498252080592,4.609411915655431,-2.2767816268190546,0.3847780885865638,3.397938357772406,3.1553589840027607,0.553204222540059,-2.1401920546331374,0.4976356167586492,6.789179901680904,5.567245697159125,8.463485169069076,3.7136789233136316,8.228740376438415,4.544736529119777,0.0,1.0,5420.837097563905,0.2805251130265064
109,6.92028658805205,-1.674602405748122,7.258477288973145,0.4714381672127977,1.9024591944383011,3.6667495293232824,7.029774542261257,5.305077811514137,6.648365610224685,-1.7085936976923468,5.5969027290024025,8.761474191900456,5.39802661128706,-1.7678563367644218,1.0080322258009944,7.744657290825432,3.8228729221702036,-0.6835462254497376,4.872994946266099,4.846524880199396,2.344069129444166,-0.9526867843862454,8.517073551177527,1.0353350414997828,4.34483048774334,-1.698101438061808,-2.389208954928742,8.426643034961648,6.154497968613949,3.4476731221240082,0.9775546596749242,1.7652424115188672,-1.164661855546566,7.679039566327543,8.371204519896992,-2.1598467358312754,4.779470754758329,-1.9496531645216417,-1.0030126150365097,3.2736067762097085,3.0398698267953574,1.4879187989665912,-1.761308624489513,0.2826925003887367,7.527757514222723,4.979039250050977,7.887420196218933,3.1737234908552,8.336577861042755,4.992189106779984,0.0,1.0,5446.8536989465965,0.45055254759419605
110,7.202027912651344,-1.9718021263114593,8.217822089367905,0.6014342366231156,2.439778596077335,3.37495822497258,6.763231537037252,4.9169954151234325,6.48491271337995,-2.1854207828902554,5.654291947068776,8.525371868853632,4.95193023042493,-1.80297560342426,0.9955759374474282,7.810640162666789,3.992875641141235,-0.38581089865936335,4.927819737104082,4.974554791987955,1.616039766098727,-1.3146171253376997,8.371118232289499,0.45094416564477446,4.219777779059111,-1.367706043502333,-2.18666608384654,8.120530726343318,6.7092071839473535,3.7233791851120923,0.9325155955300481,1.4080225361097662,-1.698026902050908,7.449436573617516,7.950514714879582,-2.9005681792614935,4.683173367688162,-2.9358789342791023,-0.2844816314044848,3.2615758876418046,3.391250053223462,0.9182577167718495,-1.6193460399088888,0.35553556839476214,6.862143472648477,5.179590740008734,8.04948868669308,3.747528052020556,7.838211432926097,4.927543474882355,0.0,1.0,5674.8776320804245,0.23978389793965027
111,6.833352690610294,-2.2026937864346023,7.9382308555996195,0.20433136133204916,1.9304157416945422,3.792583357516727,7.446689418359865,5.361398159513881,6.915756845704677,-1.9480633053594512,5.888234926992599,8.455569478362094,5.378148053674456,-1.4718436753080912,0.9710584521997269,7.853519773766215,4.085182500841387,-0.5494308730535867,4.9853834352467175,4.424029991440805,1.797666775534822,-1.4104635884819579,8.67498627930323,1.0660223657408194,3.984045996792801,-1.4587484140553515,-2.0555929530848567,8.538076876936028,6.706694656733193,3.438382165710735,1.2008305118115454,1.3678440694056822,-1.7122833658271859,7.8069367094348205,7.891450070889119,-2.9114439886861856,4.531691624668458,-2.4582071681136126,-0.3304681287298482,3.090500320993745,3.433002945558225,0.9688407443775692,-2.0055516768848416,0.6080301591317516,6.420123024916336,5.284532100091552,7.900787395886492,2.4275465862710632,7.886983172277615,5.088995130976749,0.0,1.0,5569.617687023577,0.4098673226188394
112,6.990040714696511,-1.4076768562235336,7.176762783185661,0.42739215992023744,2.499677188645803,4.123705756021896,7.082396164799617,4.928992877843791,5.840934677813293,-1.8948490543619838,5.716947018724751,8.182046715342162,5.701951330512251,-1.9547428868975094,0.9547038867983968,7.692414393013096,4.697559515376141,-0.5613719904644667,5.670267520236189,5.010438605447394,1.9072589197871035,-1.1513894491113186,8.320590361729023,0.20928519811251445,4.373800530727878,-1.490825889799422,-1.9738823669771743,8.324593783543904,6.787110687296988,3.652392248602578,1.1027757311336377,2.0257530128734396,-1.618223026377168,7.690456973966922,7.939407814867245,-2.4957645347582766,4.856073733573531,-2.866365686329256,0.1311241159364167,2.8250125640865957,3.2969947369534762,1.6693933445125366,-2.0284270609149715,0.7400696299981977,6.931809419853217,5.170416599207936,8.08802226781346,3.1752349906257122,7.8197169320056235,5.213912521708924,0.0,1.0,5254.828841016005,0.5387735402277765
113,7.132898622822416,-2.163753253215196,7.738116572557126,0.21846508576717355,2.237665376379851,3.615289480203211,7.393891921438101,5.588426497473611,6.638565468163669,-2.268851891414312,5.89966598018741,8.214147758766773,5.130452216236228,-1.4568126633847651,0.9835906768450884,7.455488749926506,4.462921872312905,-0.8380774501578173,5.202040753498827,5.29570307848004,1.6685408393681842,-1.3630408480227671,7.956604580907717,0.9571529172943156,4.403201407785072,-1.2390032246506386,-2.074490929328881,8.156866692402875,6.457736252229797,3.9815759582842647,0.884712005995837,1.698451830782205,-1.8663089360119534,7.628533581054032,7.718413513374972,-2.717844998816671,4.714526135504394,-2.828404064452828,0.126416625232332,3.6817014080972577,2.9934322095507935,1.302526083887217,-2.1759272988224483,0.495054778855837,6.961605726358268,5.308534366933365,8.165454576124844,3.129202631809272,8.430637158926636,4.808954287264029,0.0,1.0,6389.005713525584,0.1273549867024748
114,7.54879136977266,-1.946021721069438,7.7434500878687595,0.23110097597610438,2.2695803483517865,4.156148540201118,7.148580435194774,5.715345440857979,6.3784740914788065,-1.6009862065996046,5.684176858121649,8.428796995414526,5.2946138133428855,-1.258144448430897,1.084488303112757,8.04970633127424,3.7349379585553475,-0.3470942839241202,4.540863645531537,5.19315462594285,1.5771117948571292,-0.8151865380216531,8.343055621401373,0.4775442155795708,4.094006980308875,-1.2654547258506827,-2.186171110013041,8.188551510500826,6.712355624978457,3.6446957554185095,0.8401721064666835,1.4066469702771611,-1.3000771897906587,7.182753326078819,7.803260874734957,-2.511479033229354,4.713043566364113,-2.763146375122546,-0.02091256600583405,3.0845356294781805,3.44744871223032,0.6717562374145446,-2.2164750212354343,0.6570875388997113,6.845361323336892,5.699801621184425,8.309563332525299,3.5150541324669273,7.759107071472442,4.895194535990248,0.0,1.0,6570.397169807547,0.040382136123198104
115,8.199328040699804,-1.9280289181799857,7.487545095109755,-0.06572622052197186,2.4725981773839507,3.9287576842749945,6.916991057261868,4.949697029895979,6.729513452447586,-1.9947598665038297,5.407163663975376,8.023642586147227,5.577641916049326,-1.430449438887205,1.2226189844337019,8.448174903960417,3.9050172809814643,-0.803588886295037,4.722449079349091,4.758461610414833,1.5133859256886544,-1.0615407965654622,8.206136323059281,0.7583995465012929,4.583919009569338,-0.8225364229889103,-2.1401271253858227,8.685507717785583,6.055091870825437,3.951299507844865,0.612599377046551,1.725143813736544,-1.3980754609452894,7.708414947453511,8.500065070327004,-2.5068415572815748,4.5095774716587735,-3.180057897318114,-0.4398972062938689,3.1795113183752295,2.9247477601447276,0.8259998378163251,-1.602433996203448,-0.004064831047564332,7.696763122922343,5.644002791384849,8.44698458718787,3.4581393311096082,8.182001295211299,4.6383987249031815,0.0,1.0,6570.958762447134,0.2702527096517436
116,7.235570408563492,-1.5966463392564019,7.7666761902332775,0.5652854150061569,2.171152150665764,4.2581211780001125,6.876279958673103,5.1262082576767165,6.433636397897974,-2.1668125489989896,5.711193280567322,8.652097192997632,5.533228975819363,-1.8664302673430704,1.3796391306283733,7.781203546220433,3.5031427536851267,-0.8330075154677541,4.967646460902418,4.776791581546938,2.009844416349249,-1.1462232258804546,8.22345916031883,0.18794965067971403,3.858395078335232,-1.421098862277202,-1.9499071380850503,8.197628341146483,6.717122955047997,3.3693730164773643,0.9704929625817619,1.4731220413620623,-1.870432603263126,7.156567983345709,8.096870127947954,-2.6563859834240517,4.793011971601012,-2.7819310691076313,-0.2263156053815666,3.1159016153521586,3.8824246655923775,0.7193675620976696,-1.6418702545362496,0.5217112224153863,7.43318352510626,5.371240291795635,7.717983809729169,3.205918778191814,8.048392853200617,4.893209194783243,0.0,1.0,6147.337508030552,0.08645101822356205
117,7.046388561160942,-2.3439846929455443,7.4509454115576945,0.6671229434989807,2.0152934201865245,4.038486670323921,7.168170064581297,4.710661741095548,5.9172904776563655,-1.9620199831206446,5.829654989705598,8.615780983636839,5.497259822080209,-1.5208459892881685,0.8369092579741059,8.203228690989038,3.9872386509189535,-0.31988507106126407,4.485848184804786,5.434178194251117,1.7965519033070843,-1.1293397796119606,8.248997523694557,0.22597152074473015,4.459918765820861,-1.6693870794059482,-2.567472744091697,8.613306608642223,6.376069974395049,3.2532893923531114,0.750900688185095,1.3914788459960667,-1.6179456816781734,7.583970190435939,8.267383190955382,-2.3492232153967807,4.760540378551692,-3.129000750960846,-0.04049987589669002,3.605758349812414,2.9166872224674663,1.299083905752295,-2.487085382650624,0.16663374648316065,6.969036582798837,5.231718075921931,8.034717442889226,3.2905324811798535,7.930797939164337,4.968850476118608,0.0,1.0,6206.130230200023,0.14312224685687233
118,7.639662698734411,-1.826680747058829,7.821290495253259,0.40716995039324083,2.3484668601183847,3.860871494786279,7.197039771365383,5.235365995302606,6.29271728607304,-1.8691476420540896,6.2036783517587955,8.539426703639668,5.272348155643325,-1.8652614154402927,0.9633311617558326,7.490104796542544,4.265325966093384,-0.4637766525124986,4.543617195029806,5.063485737696578,2.097883824876832,-1.1368293179983289,9.088800417229326,1.1791115066405369,4.348333970227941,-1.4071624609265423,-2.0257189148905796,8.911284857801302,6.2651472296691,4.037325526321035,0.8058523344506165,1.6600536620718016,-1.1506983776396151,7.7413237421087455,7.8848636357208495,-2.230200961822588,4.4953257685763255,-2.3606738270738905,0.2416919348477078,3.5084106797968126,2.8325664611152073,0.8215532622840618,-2.3318291774316537,0.06202152749248574,7.22415644519851,5.7125944778505495,8.094440840058846,3.2928362159132862,8.207052832433373,4.721310235187037,0.0,1.0,5808.753391185705,0.7086616769341646
119,7.6530162547545295,-1.5442076522488806,7.527708942110932,0.3211498451693872,2.5000669533128197,3.8279504260679853,6.75452181519462,4.872597592721356,6.282382322572602,-2.231089651043493,5.911300866208043,8.806222037155754,5.6427103989835885,-2.0239097552848717,0.5680491183193832,7.842397516386248,3.8569749805048987,-0.46485798829779146,4.831444024697632,5.394288346836525,2.244447493889856,-1.1345049407016403,8.339677978209577,0.9061369147535594,3.7187074883156295,-1.4283174702175983,-2.300009270635789,7.945071172363429,6.751563229263222,3.5854956746989917,0.8164783805492211,1.665839041175261,-1.364090678016687,7.228815613451558,7.653326475549319,-2.409669920004112,4.628116611541638,-2.5946519134680344,-0.6039703674909087,3.3943438265437265,3.0174445875915357,0.9740307956002142,-1.7446104471390622,0.3822052404707263,7.123954243515269,4.965712582199005,8.219633601474529,2.9372874335771275,8.281236599423542,4.964412365948174,0.0,1.0,5580.808446592733,0.29229197697129267
120,7.46867611051795,-1.4331289159395229,7.700195295453937,0.35634465050077513,2.2789592012731936,3.772163591072975,6.504548141309567,5.463469487683839,6.375194057222162,-2.029742891384442,5.531136365196702,9.2567218506496,5.72761199761933,-1.4877186377586928,0.9540202074245062,8.074709562918454,3.5709132174898155,-0.5164030582451433,4.984443678644299,4.744933956902279,1.2186474027429852,-1.4548759363141972,8.278471962886071,0.99312678848707,4.232058368598284,-0.9299909027208758,-1.764793124771029,8.283675719279465,7.020910367798646,4.018004787484692,0.6068409258998378,1.6217835848913982,-1.1746507646873565,7.391282534516736,8.336268267991857,-2.972283329284305,4.8370841239050995,-2.7982036088487043,-0.2309977664770917,3.45991015252261,3.0390986774192084,1.0192058053225626,-1.8798107535268749,0.2372970598171689,6.965788646324463,5.047747035927922,8.38093050029403,3.4278551187646835,8.005265739147895,4.539989740836459,0.0,1.0,6397.429862523148,0.17501547934362938
121,7.25561185292157,-1.5169921708905525,7.7356690138838315,0.06464976217591928,2.3527814920943104,4.379610528790117,7.001154794502579,5.239168302313529,6.634881405503129,-1.808515450364114,5.577435145398845,8.579097068345206,5.393224257246172,-1.8089247852909602,0.9426116318565724,8.119493706735465,4.288396250958522,-0.34919674367636133,4.528572238036112,4.6759229752642435,1.6110810398492545,-1.1219691618702248,8.763049589699998,0.21577439060836745,4.252824513452458,-1.5298552388511888,-2.076395055231182,8.424953290938912,6.938859960658754,3.203282351233267,0.9463131104524121,1.2307500927348185,-1.1156890291704773,7.777302215943823,7.832711122518586,-2.6422542326681486,4.8905332194952065,-2.7321488899193707,0.03989636008317765,3.463790083670864,3.1911210410250486,0.4898855715939684,-2.2519922234557073,0.0005335547166748222,6.921840185225793,5.59516178272924,8.252925661955818,3.1684299197569703,7.786750568822046,5.072391500714831,0.0,1.0,5651.2797410411495,0.6019969361748823
122,7.38889672489062,-2.337067121680785,7.425358718160587,0.30276815189886785,2.277074068064438,3.8666452277951437,6.786519948517535,4.83522392468555,6.2967035941293155,-1.930030864305767,5.749078302288407,8.28399337978688,5.087198920087238,-1.8240643900206162,0.9697230824388541,8.13227793447512,3.9959750042834656,-0.5780783656521503,4.482448984113428,5.052339282317967,1.8663862965875708,-1.2116511191775352,8.535348573333332,1.1098255687307215,4.406428123378563,-1.3800048697410328,-2.563179235851508,8.002128351925649,6.365047020666951,3.8089856395388626,0.825209124680703,2.2836705974019873,-1.5808568741971527,7.524714263184933,8.232361647187219,-1.7302302827417062,4.952981875406898,-2.787667491064728,-0.18338227121293768,4.21091739547402,3.151767218354641,0.8348103154482862,-1.706611778840828,0.15426139848058978,7.347501506140136,4.994144065076984,7.825874961048284,3.52647457861229,8.256348877035734,4.450275739751455,0.0,1.0,6188.9694549897295,0.08550366751485533
123,7.500954647841734,-1.253063374539538,7.2940638303739345,0.6851799577959649,1.7738898122624982,3.4232469567372332,6.644148951148756,4.792011996594846,6.6344357532243174,-1.8630291884348809,6.26910989930812,9.026145470421627,5.115225997296501,-1.931353257467454,0.8949127576366829,8.280234640106842,4.061721778778085,-0.19268548263337104,4.878906269126131,5.342839161308404,2.1575950977683425,-1.3669837826860072,8.603538911190997,0.7141194998495883,4.283903272132534,-1.1690053560448481,-2.191279942686119,8.179754187813653,6.419536078004321,3.5666082540675226,0.8243218757550729,1.89041235799415,-1.459079260627297,8.149722222340294,7.980239842051237,-2.966860248364387,5.088570897763364,-2.488723131194195,-0.45495179085063325,3.6814595079211734,3.1785361701487624,1.2111638340566317,-2.358884863215294,0.059704559337279806,6.941232630962099,5.6696083402289075,8.303376042718096,3.5415901737347317,8.353870543011324,4.16218895084185,0.0,1.0,5976.730355872899,0.5956825926204485
124,7.287320783962396,-1.6763183009763547,7.185241839983726,0.26589469038327074,2.320945962926383,4.15873280286167,6.634086751833077,5.346841568501177,6.575402652701343,-2.2353505618067517,5.194889753773801,8.460142466053576,5.512590983198398,-1.4853471669168126,1.15123763420888,7.7598823723846975,4.262793804818185,-0.45202440033284236,4.552261965896531,4.681829638633935,2.1709546260582626,-0.5728893243126435,8.358685377826882,0.2791380883109654,4.7811751150911865,-1.1580464763112346,-1.699861470392467,8.337647772943559,6.308079789293023,3.1714372221342546,1.0894824391747364,1.7615879597185893,-1.700875149598161,7.502970579683721,7.759976688798576,-2.6929126443026665,5.029454094967514,-3.3719965927778004,-0.3950336058510068,3.5676908861308236,3.675279604129299,1.1391335390522155,-1.8187006288194651,0.9655510019002133,6.729518426089806,5.009364860346675,8.080050752040837,3.2336099869822066,8.378057008547822,4.511800997724643,0.0,1.0,5273.877617611762,0.3758282347523956
125,7.37124080069155,-1.5482662842157042,7.2925192735631885,0.29312216560678767,2.1342560381553666,4.051831612275425,6.768389229189839,4.69847466092774,6.417328525076488,-1.5364307579863214,5.5356609616214385,8.521463919779732,5.4526376227633495,-1.4379663841036143,0.34696786557395587,7.853386780861186,4.092396689700303,-0.866256382197075,4.304468618928207,5.360250383434437,1.789090463354653,-1.0113810905503373,8.417060725902191,0.7298316998253624,4.528174639312128,-1.130593844482982,-2.302048578137462,8.493113687477175,6.477322655314411,3.4795165617836754,0.6382629906147155,1.2354817919039187,-1.0251106582860086,7.850594983834705,7.876954331483222,-2.5773973339425424,5.222755148005981,-2.8081393267250245,-0.3929418076625281,3.4038879487347757,2.88063335208774,1.0521210916806505,-1.956142237484916,0.6589718156455602,6.940431442756702,5.008602241752481,8.098438152524286,3.506475221220268,7.93729330942772,4.705968261322777,0.0,1.0,5157.771933830398,0.47860453702328737
126,7.387123836111419,-1.7440438090282964,8.203057403455906,1.3615787126294823,1.8912186158412219,3.7806687824427367,6.569523301491362,5.839912821416596,6.130006341837781,-1.7172728491112543,5.820768315703427,8.703698190111853,5.579417902988127,-1.8762530687219576,1.0951900406337312,8.061856590609416,3.804017743024022,-0.23280410760895504,5.106019600965649,5.19502468203052,1.9406018297128464,-1.7602175902259012,8.444676009415213,0.9592232204585601,4.515553992418702,-1.1113207291417286,-2.1002845052692343,8.705880711713606,6.31053823801326,3.45229007121994,0.9699271875172701,1.7337841057814443,-1.5787779314067378,7.432421995149497,7.7302350046693,-2.475688884773184,4.387595016890009,-2.370534148969684,-0.016472384284063196,4.1972359858397486,2.664084012144156,1.2472516475758548,-2.3597827678988654,0.8017166018723498,7.473686682168651,5.050818023559039,7.914578325147997,3.3995890737107524,7.847332973056535,5.122636772484867,0.0,1.0,6677.020125781516,0.11809615382823813
127,6.88165979488977,-1.7713195454054655,7.23017843403281,0.5096669880344721,2.543166309279325,4.218636583966801,6.4429253484817535,5.250389680059026,6.530799882267784,-2.201069518833263,5.727908470369458,8.48957445199671,4.650300809398173,-1.0416089552725676,0.6495176163910688,8.040472014248788,4.172312536823345,-0.6186779554419088,5.267458575327665,5.208460274762646,2.3662475607269293,-1.4249064371011841,8.306166764913467,0.7511451235822014,4.3120158384187155,-1.8190142066463213,-2.0991754556104505,8.684001448384596,6.657351619092354,3.730373784354826,0.7867099140738613,1.4669677180810405,-2.1751542617814636,7.641661513002873,8.371084605598353,-2.9715934065526444,4.979674702578625,-2.9669833340470393,-0.5199141389402244,3.5246790978873923,2.951482992622091,0.9888396442116473,-2.2843007996496616,0.6487049794727273,7.097648640095008,5.2448133762055065,7.977481993605301,3.2022157330896457,8.082999561682152,5.55209091835043,0.0,1.0,6563.838226898385,0.147227857674521
128,7.604299950945583,-2.219981378038267,7.417104553890701,0.2528689691852726,2.5412348873995665,3.918179964210468,6.789497081619512,5.414413944934297,6.156052529846504,-1.4810223857055036,6.496825248895452,8.816196488817113,5.676217098499587,-1.3146323770944657,1.327792369707111,8.064952092646372,3.8074660261095525,-0.2527665891603104,5.511192559129752,4.727630764912732,1.4930250989035225,-1.1161739379498972,8.100878978463035,0.42523671422306375,4.154799080658769,-1.3722783241181091,-1.9465936673064719,8.57316623876045,5.993506333482886,3.562185446042495,1.3968680478451607,1.4287768776775651,-1.4590815397550472,7.939164876245578,7.78245014313385,-2.568387691566915,4.871373680116953,-2.7416061373535303,-0.052879552846047256,3.8093115998641705,3.4821040907733756,1.4127556026447239,-2.5784965945902405,0.3554068427545105,7.054354610226276,4.843703766886316,8.407230243497763,3.163599766978583,8.072806097089332,4.964332660199672,0.0,1.0,5902.300410018331,0.5160577011745935
129,7.0797480230894205,-1.688395212883635,8.065602943017632,1.102668362302186,2.0006949416871196,3.3448315036813874,7.281373623363861,5.3613171853687,5.977283724541348,-1.911783214082481,5.857165804822286,8.929203489379642,5.8651389524249975,-1.0559316514879553,0.9548593352164887,7.746713542888638,4.069752320184584,-0.42019049561683774,5.011074511923931,5.137666274870785,2.3513494491460882,-0.9053949116290464,8.628425376894961,0.664097028257567,4.237012282200256,-1.565773107327693,-2.2049567260168264,8.305511275750714,6.713126858918292,3.665310228555182,0.918418248521308,1.5763333916912148,-1.4372935029368987,7.372124959559891,7.98572927966106,-3.0304413154971943,5.197483014679344,-2.6187872974025685,-0.3276594062272359,3.7067592074857565,2.8182058604569,0.92103782277079,-1.7065477811328837,0.8835380200786989,6.674795408595139,5.002864036761279,8.417891461603217,3.3118990156582457,7.687462535996011,4.421054645205876,0.0,1.0,6886.580734040297,0.038902405010724464
130,7.326267297309532,-2.193750664857159,7.630906706906242,0.3875016701374163,1.8894333183059708,4.218576639428179,7.121192849373354,5.267355728618943,6.058525110486804,-2.22816379774368,5.56015314985494,8.306844993088463,5.15258199064895,-1.4737750794070321,1.5579164511321646,7.80563033469266,4.0545206454324205,-0.5844667687811493,4.667810946565655,4.737194270722561,1.9422906314848167,-0.9784942429033151,7.957535787808142,0.7003989771080741,4.434912611860722,-1.5695280187476581,-1.8199209206957896,8.34025590207428,5.983620558890147,3.7689394242002088,0.6186780621721065,1.5232329657253518,-1.4456865926032976,7.2339764374360325,7.549350903501023,-2.991564783853712,4.229733250128342,-2.6086136329276757,-0.5548241267986381,3.3753524428900055,2.832642102953877,1.404566697763956,-2.137974537651808,0.05235082300310112,7.283550026535115,5.186290392937005,8.0507181321009,3.472627385935091,8.117034768886622,5.229828863726789,0.0,1.0,5336.951403679797,0.19889000624221556
131,7.186058254655208,-1.6483178175286808,7.605235097375337,0.4489714647295092,2.1161535064794035,4.41437566507852,6.945619090751532,5.659718075676833,6.7953369597455975,-1.7063707731566797,5.486066578372996,8.672689619031486,5.657598693472834,-1.4282099548294944,0.6812940504831437,8.006176089666587,4.2230485804274736,-0.24899754290792775,4.7016446485594034,4.8834127779145104,2.098343407349756,-1.1827322159643925,8.26340574621609,1.0703511419348284,4.054575151823528,-1.218288386261541,-2.13577291657241,7.867115486975775,6.110272283842131,4.002830121585716,1.161494690465429,1.5476570371354867,-1.6578115017063881,7.784956439787828,7.817751641384596,-2.4742322832700605,4.7539375573425975,-2.7672526963105613,0.43734890837512663,3.3210627299972266,3.414097086043992,1.049822836855769,-2.274414054074197,0.45409708117527514,7.135860945081034,5.108062104595117,8.610681097456606,3.4013461135492835,7.716595992343376,4.9846468799161805,0.0,1.0,5703.701697862318,0.43392681298240343
132,7.046985850860157,-1.9857899971564172,7.882484508630879,0.9513836634803645,2.338641642383355,3.8553863154507475,6.942459389418434,4.651726294815045,6.183970304027803,-2.038788876817892,5.732557557855194,9.249059674867114,5.656762046590847,-1.8461735598671032,0.8948246252596967,8.384648474971161,4.102715079079079,-0.023623421047296256,5.037291054287522,5.528357156953308,1.3589591649378523,-1.2458858085240614,8.563017897396135,0.8026452917873219,4.02093329374938,-1.152314554469847,-2.3595073978846806,8.266818977412196,6.698108294954325,3.787373686635567,1.051490193339254,1.0349460270816166,-1.3619138473473122,7.697258219997163,7.638701273720809,-2.6092373652165515,4.734666960469403,-2.729962743871751,0.0166798513195186,3.7613414737178386,3.010131174736539,1.5378218870639604,-1.7735112165554454,1.0317916640871867,6.840561735542321,4.954441513271509,7.896234463881219,3.2939221890388968,8.201881987588738,4.159800658542413,0.0,1.0,6277.0222797370425,0.18141867461600736
133,7.504096153183301,-1.7054269077776685,6.927198678174258,0.3189664695130084,2.5978361576257196,3.8503992626642316,6.718042147024623,5.357597870597196,6.037047822935695,-1.7318843531560955,6.210654076640218,9.028683032931928,5.219712049027814,-1.6856242690228809,1.1521562189370838,7.964851435552381,3.627634528485768,-0.6819591332224223,5.128207312510383,4.864253717057387,1.9539822372833517,-1.276456794219747,8.262702498973159,0.8484892656646488,4.18454412649684,-1.5920253165578593,-2.3136188930291848,7.63642894571774,6.6147100153996305,3.363090263493846,0.8657197108802344,1.5725806947958816,-1.3688917012244353,7.585042142479399,8.186627546972673,-2.7504360791920353,5.250763212195785,-2.5783882415339487,-0.2691553803315213,2.3835671992324503,3.1660219934339198,0.7720673449343649,-2.017921848962455,0.10545915230547998,6.94234043835961,5.625591625579705,8.193773887184516,3.447412219345901,8.164539294601711,4.834239672738362,0.0,1.0,5634.476817887138,0.30512922792370567
134,6.884367608948486,-1.9183602655647953,7.627476719385594,0.7833232082572491,2.1850773617605608,3.7838167558509386,6.527872626389655,4.938054470066461,6.297351934693003,-2.1421032955321566,5.709902490047642,9.057022375054421,5.374064278195604,-1.3891738479724405,1.0781651725857073,7.934797423264784,3.6125410750716274,-0.4735260810956598,5.021805094635749,4.934173600549904,1.7344119123622657,-0.9355912465039826,8.259343460056852,1.1271856991193527,4.4344850271218395,-0.803389993887769,-2.004519855416073,8.145076736396977,6.942819605723771,3.457271991457069,0.8362011766152775,1.5220490539372822,-1.6118682035198877,7.329690593302687,7.744325849928252,-2.5211686457839506,4.7280325495157705,-3.072341664759355,-0.2976354542498128,3.3236269547877595,3.0051151741472815,0.9228115522216576,-2.3790374214137615,0.45814556691971575,7.395664430940677,5.423565696008548,8.261837535947636,2.948087834529744,7.774762266428682,4.529316144059866,0.0,1.0,4793.623536019334,0.737786229522837
135,7.246107977917347,-2.337576899962203,7.711922901625732,0.45640907113807055,2.505758590809257,3.966020539276844,6.525165211377782,5.1345391309459,6.532595374057751,-1.8248566315003738,6.675307394845523,8.616958397958912,5.275828164696676,-1.6249917714578532,0.6673399967085611,8.248601751876926,3.694271789917911,-0.5619676651947705,4.937183875188835,5.273994191969888,2.0623182181658977,-1.1226745221791998,8.377989524012277,0.33401188183576974,4.015064710592697,-0.886991283048463,-2.127272721982957,7.827021165361949,6.573638164585417,3.7416769385298654,1.0885382581908962,1.2202179569531801,-1.9764578287659842,7.634081154877933,7.860333194092185,-2.6196025465397867,5.169865430678229,-2.9631375973758023,0.008401350036907118,2.609046488122539,3.7297883293564915,0.9670077882837096,-1.8338141709086184,-0.06293964303218369,7.066212663127377,5.918277661849078,8.563378987562954,3.219068735903427,7.613196819690556,4.29508198174285,0.0,1.0,5287.400533148944,0.7402854982942215
136,7.523176476325371,-2.1733898409059167,7.6289698710032425,0.70628240024403,2.010971920179509,3.9757851611630834,6.605970865374756,4.998459755742594,6.480816008402429,-1.6227737062642675,6.013962175712812,8.069501720239414,5.369321089283787,-1.3204994217289852,1.1662068429781303,8.110942501595291,3.8246838621231762,-1.135150170289378,5.250180300147702,5.085299461633021,1.771341498133681,-1.0715326256644384,8.05978858877306,0.5577584161494092,4.477223770501141,-1.0141392414841186,-1.8852084147836903,8.236176912833084,6.199658949196902,3.575959997970326,1.482082209757239,1.7609279876654478,-1.7438902765568038,6.901614009480143,7.303356932078476,-2.639980685624943,4.621153341300638,-2.7435322558543525,-0.6737368118202046,3.923139227385022,3.4912573744483537,1.2542636905845659,-2.2054376582952155,0.3454854706615675,6.374397670860491,5.567044955181347,8.302004673720338,2.6960956258881,7.731693177640498,5.052938854576965,0.0,1.0,4876.811867041891,0.45339993966
137,7.05515208166446,-1.5938077036736442,7.57268177706586,0.564906520974548,2.529335532349468,3.9336869666723446,6.438727713029407,5.259181441790402,6.033340760554709,-2.2579269911336253,6.104893917123877,8.678703443386036,4.899874046272312,-1.583700711604535,1.404026035980238,7.427561761885745,3.7067202788502156,-0.17365473723315678,5.042825165263858,5.261637556075188,1.6744776393988974,-1.5651547288436007,8.094601314410696,0.9165486760150388,3.8809207671339827,-1.0521679019442245,-1.983049216813055,8.84428626224231,6.594111370844052,3.4195750180749362,1.0313509806378378,1.5831422993627742,-2.1709323451860967,7.834909402852491,8.25245336340163,-2.350046652566566,5.353639762872156,-2.801179112372194,-0.054711742991173706,3.4057735533457874,3.3494648066291086,0.4405934460759605,-1.6618364832024715,0.25554860113283384,6.599102597739322,5.3387851772330635,8.104052847893556,3.477044214231796,7.937399487709931,4.616086920749972,0.0,1.0,5344.985561037088,0.42677670799120215
138,7.442614130092175,-1.4273357563619649,8.173300661190112,-0.0280164515114108,1.7962374227646278,4.096058783502482,6.771873150487941,5.5696452446285685,6.625997797294135,-2.043263652074097,5.722396878869336,8.002009548096604,5.655980792660501,-0.9571054767286062,1.1251276716913545,8.122355229369363,4.411422691555641,-0.6055775541021835,5.445602811824363,4.841185418630443,1.9502164279492507,-1.1786649318333544,7.86598396993908,0.7670587197292262,4.120189972249388,-1.8772674973431793,-2.6566741410743178,8.228838803994027,6.66797452535309,2.968653470608957,1.292066390112785,1.7080184717008635,-1.4306102600201498,8.116150981738137,8.072257041316528,-2.289388906942065,4.977592309155785,-2.8236223717128937,0.05017765124232265,4.015921415357016,3.124342928214862,0.8190037696241698,-2.0046206004665614,0.0012278424577230607,7.570846629292997,4.669875100901617,8.125771919196437,2.428376703380943,7.360547742610074,5.05949729709767,0.0,1.0,7213.324667628539,0.011888019706582487
139,7.439226899782773,-1.7661098881240997,7.1662615145153685,0.2476723762137716,1.7292878932530686,3.4914965136822906,7.004742545593653,4.939755290439581,6.711558220380697,-1.9043351928190948,6.384155709029789,8.473952247380339,5.4176118125513515,-1.6322048049716313,1.3990841926761275,8.299927302765015,4.188565409035328,-0.5149999678877185,4.773899120412429,4.812558678457353,1.6369037350830529,-1.2954049326086943,8.232379942292821,0.6680663355355835,4.624004270978232,-1.0113775529983573,-2.024447099525315,7.831977934801762,6.646044123807249,3.3111374616783698,0.8359594271051696,1.377734132256402,-1.2382368051387447,7.484834231338608,7.540490169540399,-2.7979862879964847,3.8323942861451834,-2.924623416704788,-0.40466925383682084,2.7456748601462593,3.044032666824155,0.8792596966876631,-1.961604004768055,0.5310724888900586,6.967723450900655,4.72231990428172,7.950481315234785,3.1610636838594792,8.166587663270198,4.421937959119779,0.0,1.0,4334.659490676675,0.782319410721604
140,7.269614305990736,-1.4874709338517031,7.634117021759257,-0.1857342176449317,2.0344720752504006,4.048409860522136,6.597268064063655,5.202626091493086,6.509240209997001,-1.5988639461781102,5.328926385195268,8.64029062030888,5.191526438751706,-1.6128136766016736,1.2597173331230958,7.8508401053123835,4.169317383225581,-0.7084372172618376,4.989411365811445,5.334734127258875,1.1909543314223656,-1.2553775572057404,8.329436943960141,0.32469350074193065,3.937223693998162,-1.8609947357494203,-2.5872542156080147,8.013599814733862,6.702494258047523,3.547318300698798,1.0182060804008286,1.7519460812088314,-1.4498774988267857,7.962382794070474,7.855466822611949,-2.969923887507453,4.511221955104053,-2.35768382833824,0.05596901405851193,3.038199744826149,3.0158687447276797,0.8950547070659931,-2.276182893054214,1.032350244764781,7.205331280352569,5.3032310154862845,7.462299574307054,3.261218059000483,8.321484285266399,4.857220126047934,0.0,1.0,5230.3630960980345,0.4584231232265487
141,7.667485898450879,-2.1624208659900144,7.844073835590731,0.3229803941923717,2.271428167810856,3.7018579190128924,6.872120624219183,5.185566259748722,6.0112662584519585,-1.825972235541157,6.024713136193386,8.604492737343044,5.2174274237211,-1.836157749314327,1.3082489784910298,7.83317307339662,4.0808500971227994,-0.817776620849988,4.996211107933454,5.094028311234805,1.5948643745578712,-0.9588918868550973,8.674133498756209,0.8256329506693485,4.9608420121230274,-1.3097910933011196,-2.3669465213326433,9.024438905316861,6.5191853836632605,3.495394020637548,1.1033275937245546,1.8326376404502,-1.5504986751922256,7.338089252169017,8.135056221707192,-2.1820265901055538,4.738887980825017,-2.7870226146472845,-0.009982527694342436,3.535994352292338,2.655627648595792,1.330401012972486,-2.355604050549278,0.6133750546538729,7.108719919034007,5.460414593681483,8.494969169188865,3.2874430401837484,7.932202888986437,4.942182414944032,0.0,1.0,6016.939643517352,0.6334055970212993
142,7.2577260682590365,-1.9728241770142916,7.50639281886437,0.6151989667669114,2.431314924506777,4.445564249580606,6.857340766927015,4.902000613175067,6.636436635976757,-2.0873374618810088,5.512839345786127,8.374083321466697,5.999400834258103,-1.269762935625357,1.006287813716712,7.783270220269341,4.193886910463737,-0.8383304136347115,4.5430890634652,5.245216461731435,1.859566408119514,-1.1105630486000542,8.229780622061755,1.3880851491343504,4.5754382877037605,-1.437143149605491,-1.8975874088106206,8.617045287225613,6.2451754322491295,3.8756201576569405,0.8985325355188921,1.7701136414759333,-1.9850323860966301,7.50070266241213,7.645358504087531,-2.8833271961248914,4.835642260994809,-2.947717969372244,-0.8925140003271165,3.365890402348806,3.5601550574079317,0.6995152646192229,-2.0671408713095705,0.2338715068724671,7.128692761672755,4.960808217832805,8.258469303502483,3.0300276935074417,8.00245623805084,4.5083709516203205,0.0,1.0,5588.364896339995,0.4492458882210952
143,7.073634082046227,-2.0928153787792745,7.642405455537389,0.3273939779921554,2.110619434976386,3.8563850168506617,6.966556785943158,5.182967007510343,6.311442598800083,-1.5852183745540724,6.083504622765467,8.802546809066785,5.497773462536874,-1.7204243025558676,1.1188272936260668,8.085457180510362,4.352488769361979,-0.8147128324852264,4.698489827977525,5.073318505429443,1.476461108649735,-1.230442428777109,8.473131397423664,1.2825356753710238,4.039226857094834,-0.7970459193933777,-2.2686881654191504,8.339525916230743,6.771562361474494,3.9709495726802766,1.3501500789796548,1.4345838478084443,-1.3949270850154774,7.840955086553956,8.126118396181377,-2.4179027383375686,4.988437312138434,-3.013523288063616,-0.10667558130561626,3.66182164717987,2.9779863601868994,0.8069419311228567,-2.328242312245169,0.23481802843853894,7.534227299411733,5.158372108117684,8.618234276287797,3.044026229254077,8.386964655302075,4.758884808127159,0.0,1.0,6037.417266068061,0.7018681932519478
144,7.315833091772672,-1.8466202794667534,7.72080873379301,0.4312677447125959,2.3215327414916733,3.9363780074673214,7.143761128273331,5.091958534567184,6.957883132999678,-2.035286815336632,5.640218783403264,9.092015194112822,5.867595316455936,-1.4698364953041103,1.1359626523349668,8.032337044547187,3.6800337761897772,-1.0352018769010525,4.642261775765033,5.4719623262862545,1.8881234304704948,-1.566184424882569,8.61716250752756,0.7628857414611756,4.476896047671029,-1.543664471563102,-2.3700706876065554,8.60323398595264,6.6259310039342365,3.4398395788903446,0.6246567425288955,1.7668726498321907,-1.0757599462850398,7.7713906663148435,7.46351888589889,-2.851955524592763,5.493553545188001,-3.0702315480733517,-0.06702351586631668,3.7322423525092336,2.653982215134247,1.3408022848077321,-2.081349292837589,0.5454207496387145,6.950393631954001,5.044330372965792,8.249279257055534,2.8589572603267346,7.879390036127149,4.546311499778769,0.0,1.0,6285.880062256503,0.46735666282454047
145,6.763387149844384,-2.237299511174421,7.234161264810016,0.04625416317132214,2.339281014539569,3.1614943930666324,6.997138302630866,4.772917516352379,6.302984533136209,-1.9416681076022138,5.819348437147155,8.428981597219561,5.436352774599781,-1.027209917229132,0.9215916222893255,8.494899629026023,3.984974197708167,-0.5799991824409781,4.645577869990658,4.804209188689667,1.439199594081095,-1.2345528855665466,8.539421824254324,0.8785762409026026,4.682610310327771,-1.2324104805128517,-2.3633633191586245,8.279229328734798,6.893184022270068,3.4131928424598477,1.043103333753009,1.8723623925574735,-1.5902643325962502,7.430478670096094,7.864964586946138,-3.0308257508862484,4.860789643418112,-2.845235803233878,-0.7919395317341517,3.425338633081523,2.537884455879449,1.0602561021556973,-2.021145892193247,0.4650719608844164,6.965696034583801,4.962351603873915,8.017261448091782,3.0916314699128113,7.875154416019088,4.709726162239221,0.0,1.0,4924.2126293169895,0.5670798610951642
146,7.188103080636554,-1.9262030226673432,7.570015708972525,0.6599420076670164,1.93234949994936,3.739648826416271,6.812968581713927,4.498759934639608,6.231621748920409,-1.2038499202841904,5.860188621433062,8.549076562776154,5.336769461197916,-1.9597565437390458,0.6659936355184044,7.857928300935708,3.825041344868166,-0.8502510474555516,5.149143211430069,4.864940883733846,2.02144643199766,-0.9045908597216228,7.745692992499376,0.9408516962953241,4.0759857538298165,-1.074067105413787,-1.9921047858670016,8.777588638458802,6.7045036418585,3.409966480588997,1.0741355737455807,1.6231600624719897,-1.804439087983042,7.753116532796867,8.213984880211195,-2.4207066433181232,5.299533369695758,-2.9174469188621908,0.0586934417837609,3.594740376653819,2.3697711089663493,0.6824127266232728,-2.297640712719848,0.5850754713119786,6.59933264387817,5.156321751246698,8.168170193605976,3.0913947873429892,7.809881455357906,4.480483287676227,0.0,1.0,5660.469359013879,0.11882676108516686
147,8.118768856390217,-1.5785760356559588,7.596818282533269,-0.47333125334738924,2.4081162868267754,3.835163548603638,6.79851718040452,4.842948826725608,6.237878997175138,-2.164259742974795,5.674317859126922,8.38155128091605,5.122283565945499,-1.4225087365910458,0.9391083621045827,8.354610151536011,4.037356962564671,-1.2525561616410645,5.069943854731809,5.277439919717153,1.870665998854444,-1.0722704857016654,7.926431165842351,0.5451032496569064,3.788655804517203,-1.7953782288181896,-2.039816423133701,8.82212221115854,6.470768048263452,3.4874081159910713,1.1395583711976873,1.8331374383255492,-1.4029787438841201,8.22509346385919,7.987609811669196,-2.8614948642357287,4.531146648165309,-2.7116694813338187,0.03172340601324994,3.5908018391222356,3.091220910941092,1.3687074987257914,-1.4905120680820614,0.6641942678358899,7.1465134821594365,5.281191989448924,8.223796757157867,3.6169830096897897,7.97184233525838,5.127716345333656,0.0,1.0,6189.571318573581,0.3427605911743172
148,7.169654356245864,-1.3270537887023561,7.440051543557336,0.39192222066486193,2.009338219404885,3.939334826564738,6.739150075193592,4.607883466725591,6.910360793846966,-1.9792952165361595,5.50064204636486,8.916719824304435,5.646656050790024,-1.3047630170261124,1.1458448028684938,8.006664962171953,4.5229085453362785,-0.6225456680344856,4.892638125356511,4.872935239463252,2.4685627256963256,-1.6042934554216823,8.73890021031503,0.5530183033363019,4.500721121375119,-1.2518525898217856,-1.768555380327621,8.308325186142637,6.684302431844607,3.2018297372430684,1.0515368396122688,2.070771242619826,-1.5861397240082225,7.559912376302302,7.769216714380181,-2.4346499456898565,4.552866590037615,-3.131078789339329,-0.01746742993686501,3.56429516098893,2.9323866616317638,0.9198259506645865,-1.902420443115562,0.08021864794575917,7.0289863984013685,5.664232055343059,7.916846728447165,2.9001633803051297,7.979705670334594,5.196860053528386,0.0,1.0,5532.733369073281,0.5551120530739294
149,6.822373415400497,-1.7337062087132298,7.31508967276906,0.45264568157438634,2.1603850567644,3.9969177958046016,6.803258569482033,5.342704545929695,6.543625480140645,-2.063415185412153,5.599224831765048,8.554790528655454,5.3263917871762425,-0.8665413935416393,1.4068455226966612,7.7403041493542,4.297060403667112,-0.3480648649096905,4.679922339011092,5.187570295967051,1.3170019415160792,-0.9495365572888187,8.538212389038343,0.6075398455625588,4.707338617755611,-0.7939574146852006,-1.954502206824079,8.154532218861737,6.043257804998635,3.257283549515626,0.7386077348781287,1.782504358468808,-1.4819478737112357,7.206935894881596,8.102290597320989,-2.6161316629866116,4.60793089049422,-3.1435970338349164,0.20829123900480612,3.2227190831619965,3.0182510159276825,1.0137511901733771,-2.342860697430644,0.6393400543378255,7.80095815606094,5.322747855756079,8.044722561556119,3.0802598763564264,8.15177625515513,4.88625313392517,0.0,1.0,6041.011310690535,0.08369579561828254
150,6.574082807699154,-2.2257264518027946,7.46306325445771,1.0256966204413738,2.267678357183171,3.443294012964106,6.87640036788537,5.5509283302023675,6.725150026958262,-1.2663340727344086,6.21926154494846,8.679192679721684,5.342318047127955,-1.6174444465090587,1.0592310758777175,7.838426646939175,3.7991528683725173,-0.6137530806629903,4.565501786454236,4.699036453336058,1.68698152965045,-1.1644294961041386,8.58573771815777,0.36529864977394544,4.142443577181213,-1.0089198674022632,-2.530114253606655,8.159580318191185,6.300087876583894,3.931456519912326,1.2298435298289392,1.7092199689206422,-1.4028880093922156,6.825124947151572,8.080066596700098,-2.851563014832308,4.670239846423355,-2.6457280284879943,-0.39566621248677214,3.403328505911827,3.1116771570805395,0.6631169551493188,-1.973076848323083,0.6198472114437792,7.088410988052196,5.045129898070121,8.49942938775386,3.0958986384050884,8.150561091776938,4.792782410656799,0.0,1.0,5366.908906236313,0.3516841902196724
151,6.886143469054369,-1.673328884117408,7.813131941952787,0.40840613094256517,2.8075689649022744,4.222279812956785,6.820026092902407,5.18099014330858,6.831619054105828,-1.9474124770181829,5.559355730408028,8.921580906143557,5.305458557928039,-2.0277219934587047,0.7604686282015916,8.069417261273816,3.651233091795219,-0.2543191911013609,4.906615135397383,4.7375797182110775,1.6834718599359295,-1.4516531603614575,8.554158770927796,0.9449305682592335,4.237794736049234,-0.8205664981783491,-1.5751864794065464,8.250722411670948,5.6505914823366306,3.67125810718159,0.5208666050720054,2.070034617938846,-1.0160239076864745,7.678067367365315,8.008681530714844,-2.4239035512961356,4.842719626027343,-2.3799859066690856,0.18273066456093867,3.493883959624985,2.79032047205018,0.9592705441045439,-1.9868109772051707,0.46788603337904977,7.4774676211731945,5.409971035359486,8.149304571876664,3.281343249427264,8.096039647684965,4.949140277647552,0.0,1.0,6226.887359349124,0.13296171816362695
152,7.506043582561715,-1.625080677071651,7.538949700771969,0.7379216491252573,2.0553341644118257,4.060543318660782,6.787057423439955,5.0967472840183525,6.384994452843399,-2.0586715916288423,5.614596379991236,8.576354259765868,5.506651977432803,-1.5979720912791888,0.6070078177063467,8.358789364854676,4.369608932626895,-0.5066640823987406,4.7518341632239744,4.812492229997814,1.8945511486291788,-0.9343631202769187,8.561225589050315,0.7232411010411121,5.02885245568192,-1.479116810190771,-2.105792064087443,8.674544396069399,6.495873183844157,3.6199057996665167,0.8207948378263905,2.139876505715913,-2.0349863796115275,7.251900258692124,7.856347982118975,-2.0648816887272514,5.082109750240768,-2.789762729575221,0.01917451215170765,3.333884307595511,2.9224629306848176,0.5004225566622319,-1.936361961444177,0.7281459430777016,6.716636889622815,5.638437908501807,8.265983825993834,3.004287643929212,8.311074435379073,5.103678888889196,0.0,1.0,6089.36045996433,0.4055829034112379
153,7.7498671471085805,-1.9186112952941112,7.558504019269978,0.6008132975832509,2.042159808156801,3.645251921913472,6.809222691350134,5.149277517213517,6.519301844127528,-1.5137744782011278,5.83770426166829,8.551752142408576,4.889336758680695,-1.6211775301202285,0.9407970834422383,7.608088893542115,4.269027819948153,-0.3914807468295879,4.666578762789591,4.930887368039579,1.175896816572496,-1.6635962996549516,8.227460606611366,0.20533573058420684,3.8965626468171064,-1.2463692096067052,-1.8580187736321152,8.490790537699207,6.736359286967009,3.8855869141838997,0.8072652337687533,2.123358638264456,-1.015946908722141,7.1790387182209425,8.25665759412888,-2.208381586420229,4.923968309904136,-2.4121867984297394,-0.6000924153095422,3.392575224021565,3.1050865078658396,0.5894417795249385,-1.9111959877989986,1.2322889564373534,7.27113369089981,5.955071105916879,7.916755130506424,3.88640112659107,8.740944283886261,4.912040423923727,0.0,1.0,5405.363293878274,0.6552286913089701
154,6.842361754357418,-1.7468021013687813,7.797787664147867,0.6560986461257279,2.1703114657150793,3.7026943443052454,6.637399568368762,5.4382888236622255,6.486362468004867,-2.0372734365403318,5.307145874232906,9.171171081287682,5.051711763045193,-1.2219388979744104,1.0468391081088586,7.632910511849366,4.617119127202787,-0.09071160946262052,4.358269566581572,5.128211234552641,1.8344494020443372,-1.240153229578413,8.719056324914948,0.7565307780606927,4.4071277114432705,-0.8576035278067251,-2.002925151707361,8.286985233579225,6.195438939245078,3.853768843224956,0.9449427538930678,1.501709622920073,-1.0905395760488854,7.476641290220215,7.500631729810476,-2.0435545696496864,4.543194250117729,-2.8367039117637813,0.33497589396416527,3.4178634273587987,2.7700743147815468,0.3323391340834355,-2.0837049946614243,-0.06913477517189803,7.36823278553803,5.396925908923379,8.578091313039657,3.20523400346077,7.8103797008605085,5.120212354844968,0.0,1.0,6148.189529082308,0.07208538777955083
155,7.518922607437166,-1.9048508559332178,7.431162024645693,0.6016856520284273,2.528382236292276,3.7415964782702704,7.275776133669436,5.241981972907164,5.795397200274965,-2.45915856869508,6.25746521146906,8.653834202427296,5.423463222727669,-1.3324296390626047,1.098954492554859,7.809575736151653,4.344634084175257,-0.6589004471315475,4.982969892024014,5.555997429066847,1.2030542487753122,-1.5886802067119632,8.379492824615202,0.5251470043095183,4.056759096631263,-1.6519074988499036,-1.8414192014649549,7.89273033183432,6.827470866525484,3.343069790062012,0.8622865725631517,1.8598924506074797,-1.2413659333139588,7.511264309672793,7.5467791389073255,-2.5111432135005765,4.796573169264892,-2.6863029221225765,-0.7086685345638798,3.1581610245184075,2.6527970163851284,1.3783839235991913,-2.432615771377244,0.43609999249428943,7.1961296103994075,5.858339361218952,8.1688750101844,3.3158381937605688,7.9194918947868915,4.683866223203503,0.0,1.0,5318.051389021217,0.6400550005553162
156,7.532690475267587,-2.015965311345595,7.748460175679349,0.42877735660584176,1.944216020366064,3.812260341522964,7.120065291659339,5.3122353912049975,6.499668785359282,-2.268654686129998,5.423106944400054,8.530281164236907,5.6580413717649245,-1.5810990208640756,0.870767464528243,8.177621847069293,3.675593797259298,-0.5672081585038878,4.909691907780379,4.8888602349030315,1.6267282230916622,-1.284600618305743,8.531042707739264,0.5839436862435018,4.129574066996976,-1.2670631245330999,-2.82960098236269,7.8247241542618164,6.697022030212915,3.4257280757664446,1.142564312662101,1.7774241249054783,-1.696966706953527,7.455922278616887,7.7810248270772995,-2.5019739414221203,5.217408069624953,-2.7108433015393807,-0.20242702122961775,3.4622818223576877,3.3420565662563693,1.1021119987680776,-2.1105213786297026,0.2983307553540375,7.547811368664843,5.600151965935128,8.333436617322377,3.0364767583143926,8.485314685503287,4.513565761761249,0.0,1.0,6090.693807689374,0.45210108316624364
157,7.938899664691123,-1.7327649215960852,7.661308495445988,0.7287422582420222,1.8828139590330975,3.2757875646931507,6.2596796608710905,5.21719547850754,5.861130093825152,-1.8152638995405757,5.756945081947881,8.951542129567713,5.549912713496922,-1.5677224582620026,1.017268194429792,8.093714955904593,3.3946102424916473,-0.4257930732547041,4.695289062955231,5.106517922551368,2.0747102561865223,-1.1048293625574088,7.959371979739425,0.7098124354414399,4.7037625607497064,-1.1736812313739495,-2.075567886539656,8.119945323778264,6.814447486901205,4.140453113426332,1.1898695872860081,1.433745370035698,-1.8082283556936682,7.359571961201918,7.62347371018636,-2.30384547536314,4.654212450022524,-3.01499303180022,-0.4450114688205424,3.501802094161026,2.9639118753815357,1.0051589686759632,-1.0494093071244939,0.19822600277452768,7.025704671877903,4.87847193895785,8.23646859121557,3.259729632241663,7.961934975136301,4.578969573364,0.0,1.0,5035.8832026093105,0.47147816934448594
158,6.897408999341111,-1.8453863654357645,7.208888223877994,0.2703312230584126,2.3150258573721785,3.8798976922354926,6.817910196958114,5.15099681702442,6.062700297260783,-1.9769048715070812,6.287292594035822,8.776363586743233,5.472122317435948,-1.3100111585861454,0.9613933671308666,7.984717496258248,4.430703646514505,-0.6164766425927876,4.242426132747938,5.212896100538173,1.8497912049761247,-1.1715440245117443,9.008053555742686,1.29492204011372,4.291693627279988,-1.4667828604578765,-1.6390109630457472,8.51170444825849,6.545378978060142,3.455854966740692,0.65650300929692,1.7481389515034693,-1.135166091463009,7.1873252800184,7.836640286814413,-2.2044404870423224,4.799465150360039,-2.542215403095334,0.00851013458988098,3.655833108763501,3.2362429231870813,0.9969526480948655,-1.7273956658224288,0.344988290485125,6.845818688810221,5.178473059052512,8.123305996812347,2.8504935383268353,8.157364428391265,4.971424227495903,0.0,1.0,5925.9294872375,0.15848052577301514
159,7.334573254883821,-1.5921917330111421,7.525710312108115,0.6785558493820046,1.959872033609788,4.3338938066475645,6.70322666420021,4.713575845042454,6.070337664382218,-1.9017893199228304,6.10521723878359,8.83030724342229,5.8181996037848505,-1.2684884284678806,0.6871057260764615,8.325627879730568,4.454642770489042,0.04051415591355423,4.5557201732516175,5.032652087547416,1.881234732869778,-1.2094871995247198,8.509952208173866,0.6156550059188131,4.1317769377529014,-1.0407534550518835,-2.052968688046365,8.200730848238399,6.63465746757884,3.4029378010715354,0.7889641508615381,1.5530879757460883,-1.4068867247561112,7.068013340554347,8.124424720893412,-2.197400017156547,4.797964403868356,-2.897992377076772,-0.20299782601013738,3.8104224411490533,2.6754198609586357,0.996792032172521,-2.754324924341474,0.811378524421805,7.574956820405418,5.43498121636213,8.331494892404319,3.0638497762406147,8.96169121143772,5.05766078736124,0.0,1.0,6390.491275448308,0.34889460427106744
160,7.021519470356662,-2.113133189427548,7.524167421204936,0.49821104167575414,2.2371019900989193,3.8159187257482627,6.936481706382684,5.307854826862876,6.39829481462705,-2.237265208945612,5.730823543720519,8.624698112711965,5.701466260645649,-1.246372005747893,1.215008317398803,8.252786653703813,3.933612823771611,-0.7527856061857947,4.947768421339586,5.106134452782729,1.9410904183173148,-1.274570345662196,8.177113439905398,0.18060387680663603,4.300761176705017,-1.7070427941857371,-1.9625617565241398,8.118067170512633,6.065253673763338,3.6814487259061806,1.0449322534761962,1.9757339120289004,-1.4208591849926755,7.740934800049779,8.076851240322167,-2.4609275740653103,4.708959886336217,-2.7461618736591706,0.016366412939209013,3.6443563525825255,3.326975186734025,1.0891790067480769,-2.3773659514187377,-0.14163834165049516,7.1938636906561495,5.3805034483294,8.55199674908559,2.790917386192421,8.308041064980003,4.190496120310794,0.0,1.0,6150.531524185007,0.2367230097766699
161,7.232856903556095,-1.962618258034408,7.1614464534787095,0.42878624337170734,1.8901438850196948,3.9096855276318996,6.717796391985759,5.289296091211378,6.475289736000452,-1.8305688654833665,5.628211145545167,8.670163803438436,5.195816757779069,-0.767019931339912,1.0554645147853068,7.632418657844538,4.779733667140643,-0.8169544712516082,4.94520059369161,4.568961732314178,1.6504151921423797,-0.5669848407627013,8.550822809745277,0.6862120571190734,4.12119587303391,-1.2829015342648853,-2.423653122117869,8.023321367166297,6.529097996469363,3.9588879737942597,1.1998788445347943,1.6146159422894772,-1.81534293243403,7.776874874495043,7.566997089074682,-2.5274084924835627,5.255926308386196,-2.951838391219543,-0.11599653853481166,3.5169509648324127,2.377095734860136,1.233381797303713,-2.231518898825858,0.35368780777214026,6.7419930577776945,5.073382340533644,8.015473050514094,2.979736122698373,8.36846700331007,4.506686352648212,0.0,1.0,6187.089930111307,0.030046140753342155
162,7.1151539113336195,-2.1932417597611784,7.49043790791184,0.37290089834619455,1.4164127640383002,3.4640231430850283,6.524012597582311,5.116511225432877,6.0680289104940766,-2.0249842758744494,6.12952894370161,8.657038008910948,5.295440328577693,-1.48776653540069,0.8503428159799031,8.095138146962771,4.209433187384097,-0.2635886702145631,5.381140357364792,4.755292993231744,2.028795161875956,-0.7883438916102755,8.483679207521869,0.7830657681236058,4.215990180191939,-1.0793713400870264,-2.6811772593360383,8.634132803329987,6.722395654851945,3.7579086981321432,0.9377614418791221,1.2670150780830154,-1.5414313364684809,7.381161098342577,7.920291164627656,-2.255595476132677,4.90671524531261,-2.982889243393106,0.3807754236504265,3.0235753123003155,2.912096558266151,1.109016100255011,-1.9773741061907781,0.30836860405128336,6.766360722423803,5.5382741983299875,8.583600574424388,3.342425595968523,7.620596816916085,4.811342837319184,0.0,1.0,6692.351763951222,0.02454787229835702
163,7.589351909427837,-1.2532475894766146,7.525932594071404,0.7110991776226667,2.198550185780206,3.989482520424066,6.781252783235585,5.074168747844179,6.348271714377113,-1.9109478642670428,5.76158292189114,8.284908155490672,5.637834674290569,-1.5554876780765596,1.1358255153220682,8.031552265466617,4.361798588730335,-0.24602467128848549,4.881554122532304,4.863465111608233,1.459419159492588,-0.6100798188917483,8.357614942140833,0.5714511612151421,4.492208166398186,-1.34158237518345,-2.125797461367858,8.434029570403485,6.448650988561253,3.9419754037322643,0.7942181668807138,1.6466844214285257,-1.4343353039068873,7.285837161438806,7.766050853418933,-2.8708736730387514,4.483251611825108,-2.506219442904053,-0.07950446212944622,3.189893296607342,3.1651188271101103,0.939148500659192,-1.9215062430217535,0.28812856987125124,6.985395743640667,5.2329829171867805,8.595407194242995,3.0081391656990015,8.802977499765657,4.407720893671828,0.0,1.0,5735.9822860997565,0.3624840001609868
164,7.303524907426937,-2.099339278290104,7.823139955804819,-0.11024530564705293,2.241244703212874,3.8307335737508095,6.841282558205432,5.053599657382279,6.0496608239758585,-1.7301111477904607,5.918256987911384,8.862992371331352,5.335275914422677,-1.0716349812385155,1.5542487235118951,7.7669441231032055,4.60184260138507,-0.24732006000381127,5.0109311741629945,5.2697694165617595,1.384884609157131,-1.1122309190752664,8.666642873736027,0.6391747409397364,4.551699008981712,-1.1105624599776907,-1.9860664367677947,8.644365833275637,6.846803021411299,3.7651467537389878,1.0665498923488133,1.3697939225553757,-1.3918089380064722,7.503520568402732,7.801258197354918,-2.7102295417955973,4.858503236854205,-2.6626442588908734,0.03832807588216003,3.541251119759903,3.303283375162148,1.3639569136749263,-2.410060186227869,0.4744625406659488,7.054829618844588,5.429643315562187,8.170984808889836,3.6579057256769185,8.743370282794169,4.812493255730761,0.0,1.0,6174.346771001278,0.5958912615600542
165,1.085282573066984,-1.916992202562394,0.5345929397051017,0.9952155301544474,-0.005971950789638303,-1.1008134178766094,-1.207748540961504,1.042122848795835,-1.3235566537498582,-1.646640743303959,0.741439273471189,1.8135733847797462,-1.9842069346883422,0.048769053543106455,1.250483846608454,0.4501042673175526,0.8870212697271982,-0.8324957273174673,1.6710964900517737,0.8583031335907623,0.17017747204504508,-1.4313198095938922,-0.5066369597941232,0.6965344602653811,-0.2326673023080157,-0.26394402666682515,0.47106791387726865,0.052552970217563555,0.6015887277258689,0.40415581361817754,1.2208927873309858,0.08658860957453651,1.634595523234673,-0.7230556440458189,-1.6381626029163705,-0.7971997734551866,-1.544062552545801,1.3147253052307066,-1.812414722443001,0.5051485932455702,0.19034462367697413,1.2771479826802747,-1.2042098412847508,1.4274012098309328,-0.5933894422716484,1.018590766119429,-0.8161531724812852,1.535745918244745,-0.6979534486710048,-1.339936409123406,0.0,1.0,1.0336384428576968,0.44583632498911757
166,0.7667576386281572,-5.003349555028627,-3.4298742833416656,-2.6520216901062645,0.22830361755818074,-6.604680124313127,-1.8447623919270475,0.2644697684366741,-0.014058240004684912,-5.229659903974068,-4.476707994080876,-6.166654363333706,-8.178455728470094,0.48866939721729225,-7.846702537842606,1.283252970478442,-9.659500272265513,-3.9181966901874437,-6.764694542568989,-0.406590188718349,-4.799484194394227,-4.004465832195909,-6.200887556642838,0.4801223331758334,-3.392454617792841,-7.728947492096795,-6.497743171909307,-8.470858735106972,-4.151944106827677,-4.187129006661315,0.12487535079016326,0.43147639826967177,-1.8860686333894536,-0.5895248585859888,1.022351809676699,-0.6067616139789315,-0.24378288784743202,-1.125978371481203,-7.183557333931235,-6.708938976574065,-5.983735392927984,-8.092107309936473,-3.724730255720365,-0.4083055700585073,-6.378311589096513,-6.651867882725054,-2.307969635681782,-7.348434338193103,-3.0325743375467473,-0.2795170423792461,1.0,0.0,313.0774877215873,0.8342512408865862
167,0.21256391524343116,-5.177338759045552,-3.019371963933679,-2.359493880195549,0.3184810780447861,-6.227594912681711,-0.9755233655275456,0.59470606119059,-0.06164525377831686,-5.306239214870126,-4.74827820492073,-6.862622280092596,-7.323644709238168,-0.21600148925606527,-7.973158390476492,0.885442080802024,-8.76838199954347,-4.552489163650379,-7.518743907516959,-0.015529480076639839,-3.861703291854451,-3.1045742510758076,-6.39760610088282,-0.08974936248009668,-3.7227019588895027,-7.404378326020827,-7.153990338379172,-8.78822920639609,-4.467881151197313,-4.763254302425332,1.0444145269534642,1.3680482574513042,-2.6980311175071714,-0.4860876767929949,0.46128764003737766,-1.5566432758923252,-0.4271029041545381,-0.8275596676181208,-7.6078118635527145,-7.224321525718953,-5.80105380184367,-7.849029799674547,-3.3664836727920022,-0.5163100002229921,-5.759182579367879,-6.190152624058614,-2.366329909772833,-7.43930319134078,-2.925676174867315,-1.0172592058639633,1.0,0.0,313.81463581706737,0.8037002958826487
168,0.27109896249776705,-6.074076987241828,-3.1757433856327286,-2.4568237777980895,-0.08429321579186688,-6.474062223309126,-2.0739919448515454,0.5664347329709876,0.27275211545300215,-5.479780859760604,-4.533897645735617,-6.849998570113629,-6.80290749995385,-0.23296286178655434,-8.06775220300533,0.9590958543332426,-9.374716072753648,-3.915760554403092,-7.259282317557892,-0.6265404308525978,-4.226052554912301,-3.8318075260105107,-5.804831535161413,0.512928247790146,-3.2864974579840407,-8.270443573827501,-6.120780217024778,-8.97348835978747,-3.3648558497225602,-4.164803775810718,0.1401318118588201,0.19459352009561365,-2.2015102074009123,-0.26701992105203765,-0.012275532229203412,-0.7769221206153054,0.13985469400970751,-0.9761749076741773,-6.8859796508722235,-5.819310796219475,-6.370698011436404,-8.503800677764302,-3.3608209814891095,-0.4048150974905704,-5.895621579179638,-5.905955139779673,-2.6280215123923116,-7.634574700786193,-3.127615650053161,0.244017883450586,1.0,0.0,290.37316862473097,0.8880115200346855
169,0.43163801008096525,-5.126224669770855,-2.2500572524715676,-2.447122213121095,-0.12211228475080042,-6.287319860541765,-2.241817752385184,0.44333000376134424,0.3689639713641563,-6.374794954542224,-4.156183010169177,-6.680866803130925,-7.596312395509892,0.3392913206868206,-8.877012408101441,0.6132902040986816,-9.331472342342341,-4.296450019129059,-7.258823666662085,-0.175972785653752,-4.690621895913784,-3.04276774166997,-5.860384310009482,-0.2631405482830397,-4.142198802534685,-8.518288087442635,-6.314325849267205,-8.795333385064033,-3.630158240870802,-4.557667481020594,-0.34606490518737554,0.37855200416003815,-1.7222890075580362,-0.0914144164794089,1.3965426225430053,-0.6385363373750682,-0.30730447165719565,-1.0605224883070248,-7.86214837367799,-6.09095529371248,-6.108967163473763,-8.03348595577833,-3.781992803812085,-0.25877753490194916,-6.209456439495602,-6.052611905130208,-1.7828536077301276,-7.893233773472364,-2.7868024577006767,-0.452841530392147,1.0,0.0,313.29893421677747,0.9377374465465081
170,0.2774928802067771,-4.804342843117423,-3.2173209029488943,-2.5831163136423054,-0.4868703349725879,-7.103238701217373,-1.5503801707602178,0.23167879282532639,-0.35154037529439025,-5.806086710583435,-4.817390788031724,-6.109849916263551,-7.620161998915065,-0.08330094825869083,-8.21439281670438,1.1447239029310754,-9.827169143015643,-3.4243511308240744,-7.165328112516115,0.521829901608122,-4.222130231746118,-2.943754694349124,-6.028674317986173,-1.119409185804727,-3.7903866994863207,-8.283149055539033,-6.772929823281767,-9.188627616035351,-3.8631356778139208,-4.452948477345381,-0.1761665972421128,0.8971905757210278,-1.8472405189360364,-0.2934139338717081,0.52726508898366,-0.5030630979067152,-0.5239277620743024,-1.3403601478730554,-7.999358709876187,-5.958764519394504,-7.07700398561781,-7.728189638034616,-3.930024245757938,-0.8653448980458306,-6.4607685253303275,-6.670172097397948,-1.871287793533057,-8.169246686315317,-2.579858469190183,0.25575523698356956,1.0,0.0,347.61337644025554,0.8798386848716683
171,0.16901678215189997,-5.413853328711861,-3.1882452353986857,-2.4085324305596174,0.002732351225608918,-5.734233586855929,-2.2333033945482117,0.44385218978392293,-0.03066331820763874,-5.504172603785538,-3.8768778229167493,-6.543643891194709,-7.5312514784008755,-0.3673626774743524,-8.235049076722145,1.1358761306683594,-9.434087180893139,-3.7275915269363455,-7.191792376209313,-0.28515196169562484,-3.913314219107592,-3.2910939093147773,-6.376493703165913,-0.9625371454075629,-4.192294569420309,-8.325876501183838,-6.1242631777146865,-9.43766996877191,-3.5442952887442534,-4.362903086777028,-0.2843945414732938,0.7877542501767222,-1.5786304969107554,-0.2872020141079259,1.4349496740856638,-0.5603624019432184,-0.042780191382281285,-0.9836405499456952,-7.296396400339867,-7.388101857860662,-6.603355895825655,-8.097580366049202,-3.1354808966547014,-0.13164859141105442,-5.606796533157235,-6.419314671430968,-2.084874268549261,-7.535099530397083,-3.196383317829427,0.11931407949115752,1.0,0.0,312.85551092977795,0.8922311486518787
172,0.5314896413339327,-4.936312443873925,-2.8969290047878222,-2.9323546849685322,-0.21780400958075619,-6.168033278766022,-1.2952823574558974,0.3178648647425939,0.18219128446445998,-5.835502202498734,-3.559421394026472,-7.10830333813311,-7.042362675853694,-0.1581271138894892,-7.5490564212540034,1.434338750563225,-9.169226077354807,-4.0413007982372084,-7.754797393162593,0.01235844623129951,-3.5425430323120612,-3.140818679748233,-6.670181683912041,-0.020763927984614516,-4.342589131260649,-8.326126180330055,-6.902046207217664,-9.361119300806322,-3.600409376077399,-4.6264225671370065,-0.38451991994027146,0.4357999445753278,-1.6313569883187053,-0.6929166806134435,0.9841028514765919,-0.2747456543823538,-0.3772502682636307,-0.5089662958188326,-6.935963154223954,-7.219929887777303,-5.7810575167112574,-7.7001260164646,-3.473154543225498,0.06260182084257082,-5.8878759222802,-6.800233158895228,-1.561953595596162,-7.418621637411104,-2.778168665441356,-0.3196581085384535,1.0,0.0,313.3650021055335,0.8024283547722156
173,-0.4445857159952816,-5.195422572373801,-2.894939174442849,-3.1633297939330465,-0.7160987460291226,-6.059041389935264,-1.4348077477242116,0.7906158585354259,0.20228621822152726,-5.156705016255848,-4.576159869060933,-6.63951312577915,-7.46004041359147,-0.13244560189879936,-8.455082251827921,1.012013673073408,-9.114948314207103,-4.07758389874514,-7.3602183305856,0.932779095473615,-3.6310384425461466,-3.8589050016848807,-6.042653723873662,-1.3821332565051054,-3.5985148107379623,-8.21696256287574,-6.5275668067760275,-9.437469049305767,-4.442812904366791,-4.269052790906295,-0.016781767263211622,0.9974680679890259,-2.1948379622940144,-0.5434108408265903,0.7982227838875107,-0.7002260914623302,-0.47510072971233014,-0.8780880660437594,-7.543292138004278,-6.4443719336912215,-6.160958099516509,-7.996172570245779,-3.173172211517122,-0.0910363700265189,-5.84397066228118,-6.236693661482247,-2.590260251050269,-8.030154888879995,-3.3720958795890708,-0.28926296596531376,1.0,0.0,319.8301307984326,0.8926006053907757
174,0.41190783533071473,-5.793364909818425,-2.7203497236157066,-2.4708271210138983,-0.6928188801622726,-6.1331440263501715,-1.3824996682431374,0.2710500161845567,-0.379743720258996,-5.393895386927106,-4.684087943142597,-6.870806657532913,-9.09266068907894,0.6660275249521653,-8.130652594669323,1.0284418141812388,-8.81795772144805,-3.8773278166427056,-7.570227720733412,-0.0037212454608314058,-3.773503305806924,-3.0678556652144757,-6.3876987971667,-0.1691025544446766,-3.530685347416353,-8.610905310707766,-6.9488632812813576,-8.907856283137294,-3.804812039566799,-4.625232385504667,0.056086034283773956,0.8746615836951027,-1.8761454696928368,0.15958264811691025,0.6985587266196894,0.2869393497627921,-0.1911269092145427,-1.3539897363091584,-7.777265629884302,-6.449091523842686,-6.939312968677801,-7.672599496130885,-3.31641616244658,-0.2179410135686381,-6.2757299328908465,-7.016607355590628,-2.2581611594336084,-7.8332668697912045,-3.2588954488277055,-0.5893066894812686,1.0,0.0,326.18640875556076,0.9789432639452396
175,-0.35483910329463275,-5.256696467368813,-2.7198484880612823,-2.426824202670814,-0.0023567459634652073,-5.712355274925664,-2.212790386300549,0.6731086311601719,-0.42105072406421906,-5.436944406565592,-4.820573647344305,-6.758823671718611,-7.160726710718578,-0.19625384193191792,-8.45811381671678,1.4097031664054758,-9.205244943167441,-4.609230141324235,-7.229356796647052,0.41895700501859706,-4.149450256247297,-2.65578450515654,-5.678700599263311,-0.775916804730448,-3.498261462686176,-9.26821259728459,-6.468698151744206,-9.350971026165185,-3.6461006315620406,-4.794491921299055,0.6536212181922467,0.3279525459736355,-2.115100702248905,-0.7035379177163207,0.5781873933437923,-1.2469469703407152,-0.14312994583705707,-1.2630965112585553,-6.781271820513033,-6.510741624315531,-6.565013960941851,-7.752583277642259,-3.6807887951447653,0.033634001790486784,-6.233051947137802,-6.365933402308823,-2.1465258179713183,-7.253061606111868,-3.5421805012020977,-0.4883756636964107,1.0,0.0,296.2575639340752,0.961651066981588
176,0.8107125989156281,-4.7311019767089295,-2.42283976500572,-2.882479226624703,0.4951808841272185,-6.444951543341681,-2.012900426548317,0.6522599682485228,-0.06115861015371131,-5.174252822602737,-4.785094540470029,-6.9295900361621,-8.0721292305468,-0.07554476728631213,-7.878016287775534,0.9773371015851601,-9.676749643264879,-4.034249262316736,-7.462649640041105,0.06287871309960066,-3.807524331573891,-3.1726838009530303,-6.647339794337983,-0.831758460395785,-4.05226498098206,-8.71864041135588,-7.186674422494225,-9.232946878516612,-4.6254592472163285,-4.953289001367808,-0.27232224774581626,0.22579806838794153,-2.402464359145982,-0.767032864961903,0.38192742290082504,-0.35379413698320583,-0.9572177843094354,-0.5555899192387035,-7.482367128942395,-6.192317697722469,-6.356788422419424,-7.8704308623686225,-3.1113963330352914,0.04762129748539057,-6.188622074519899,-6.264082376527401,-1.678433148392183,-7.0796479134712085,-2.975939664309698,-0.4663181757755788,1.0,0.0,328.1598941530137,0.9386932493419555
177,0.22506279643506344,-5.235334618933746,-2.987798059896325,-2.559372728199433,0.043537640696447,-6.331117687678502,-2.0143559705532312,0.20573239733874904,-0.0020863165723471397,-5.308033687827331,-4.826673783188488,-6.678551597279696,-8.24324005056309,-0.6893850332102822,-8.028436330890791,0.6201180788414343,-8.524013442039331,-3.6780273570027253,-6.861199419348611,0.33337235301183704,-4.123136988763143,-3.0882475588005365,-6.097244686542102,-1.0560519541572528,-3.5308428713948974,-8.777708724076478,-7.019275116144868,-8.738999874918042,-4.275072339754788,-4.829797355262384,0.7189726265021064,-0.0653029779256672,-2.2547658103143,0.0638291451396571,1.5788807815023844,-0.6600656866127199,-0.034239521913571214,-1.3951666279108996,-6.849374915626444,-6.651056320918244,-7.402901477872488,-7.904143135309969,-3.282963697385369,-0.5286156650971767,-5.944669488537463,-6.029035968370724,-2.7202535108065384,-7.271697166630788,-3.6652527646514366,0.3873155812634297,1.0,0.0,325.40891436479166,0.8206598536551053
178,0.4561243521022617,-5.504741394030309,-2.686379553279898,-2.8075225217847852,0.239405293420001,-6.320679334441738,-1.418969398958781,1.3071477203003046,0.12410725704431591,-4.802129893247852,-4.499418513563737,-6.86463514073308,-7.587278809031402,0.4676984797242733,-7.5943188902298875,1.1654791130034186,-9.258567612719077,-3.2262116444344078,-6.991446137642884,0.598656875394234,-4.258364589374068,-2.7118596269736637,-6.905080968920387,-0.2985371374615042,-3.8391968270749,-8.345732857950766,-6.705979527707015,-8.661576309575926,-3.8214603239560283,-4.357781441509845,1.077295304247389,1.0811469809230068,-1.8654071375570123,-0.3998308539353526,-0.32306196066435167,-0.9479941397392068,-0.6036964341190728,-1.3191939074660397,-7.740957426368547,-5.666783089524742,-6.0434056189570295,-8.044667050116972,-3.7843938159133015,0.18001417500082012,-6.143895857956151,-5.8016151028227005,-2.1051252576898203,-6.890597520044656,-3.070342710063891,-0.18844534946927738,1.0,0.0,261.68675147774644,0.9698417923541655
179,0.2746381508388016,-5.039968215145331,-2.80995837749315,-3.288506966636225,-0.7948425922289074,-6.603629560731494,-2.2870781701562484,0.3056304076859343,-0.06913597776766575,-4.9571192994093956,-4.744434063311394,-6.428408841274787,-7.646457168742304,0.5195324883908781,-8.307586154235086,0.3254406932016036,-9.448947082002375,-3.675959878245544,-7.639561327960806,-0.16132673253825391,-4.518362960311512,-3.6904523908630975,-6.388752273188965,-1.206638423989975,-3.9128357744054543,-8.404475539229505,-6.619184676268796,-8.990701783800855,-4.312182759735771,-3.914268237293227,0.5574375507595697,0.3327648442797036,-1.9715204312979695,-0.6663144487061506,1.0073885067774264,-0.7351827527328104,-0.8974653965912847,-0.6426869285003116,-7.446976473688254,-6.493234287588364,-6.467266862294527,-8.119746589451923,-3.3664853805855204,-0.6408074928654632,-5.312850209873575,-6.5952542899752675,-1.2693753931285685,-7.660441859548006,-3.3487988215318385,-0.33963735942854134,1.0,0.0,307.70603598040077,0.9628593069438377
180,0.5932136008803193,-4.887417035067631,-2.670212151501158,-2.184094310431695,0.4474351292889268,-5.902555902453479,-2.1231714790620004,-0.24678974273823895,-0.6798043416765703,-5.753927953797016,-4.782425356806863,-7.183998155984122,-7.8287070960549325,0.6784882167060932,-8.003765335792318,0.32926530166425083,-8.85240631519737,-4.065303130291735,-7.574641697304024,-0.0764042845154956,-4.533158356193828,-3.285164828027319,-6.0014644904764936,-0.911910448589799,-3.61852525666295,-8.163083543775699,-6.770234366453323,-8.629585808196417,-4.514252083444113,-4.257948454330847,0.17540618049343676,0.6220583160889839,-1.7816102558983609,-0.30786344861875337,-0.31302491842942015,-1.2158171976566972,-0.848319603736787,-1.0845064749223006,-7.3780574153084215,-5.977853439682754,-5.9790367072588,-7.877364058788059,-3.7373165120611094,0.27375037795895985,-6.0065902873533075,-7.070452974467277,-2.422608063760607,-6.978606223748922,-2.6779091412350247,-0.6014164270722132,1.0,0.0,308.17900200960236,0.8313664573430932
181,1.0837426379121076,-4.9231575913102334,-2.567014017790651,-3.126032175148361,0.853182548530235,-6.332435396000498,-2.260066636516342,0.043068062476288055,-0.058625977110809815,-5.562718526017962,-4.402834711256672,-6.705644514069871,-8.4916865773931,-0.2878497944945715,-8.403277823351225,0.7717448319972449,-9.419877063755461,-3.8968373179357494,-7.491047891595411,-0.042071993643630665,-4.2979589077568505,-3.0123323852002954,-6.422623760163402,0.31887984606731457,-4.216026633934414,-8.428535936285858,-6.00738805095006,-9.509480027940397,-4.429430877830653,-4.892934507931686,0.18098911840424514,0.5360778058144688,-1.8530736666221646,0.06129346955261544,0.016045602080634158,-0.8437392060773409,-0.2441432137627097,-2.013443513303743,-7.911496817268893,-6.59618586081407,-6.500306457355801,-7.8329501476070655,-2.893310489613649,-0.4284077777474675,-5.153490013923174,-6.851887559446055,-2.1942558761010478,-7.387194132922935,-3.885889590619026,-0.0323993586373795,1.0,0.0,344.2820785528911,0.9201434626264643
182,0.23173058374008812,-5.231522567072732,-2.3753467069991325,-2.629955971999251,0.42671235810897723,-6.85685651822142,-2.0567160484188003,0.7324575678782429,-0.0486926365419869,-5.656786430183602,-5.125395043988031,-6.966975014255506,-8.320250866478167,0.27110344409000886,-9.089284364062305,0.7662000132989428,-9.763215084346152,-4.533990063421018,-7.60327274081956,-0.46992113025129356,-3.7971015805746084,-3.6150405819795677,-6.5349593538362605,-0.15157266160180421,-3.7398630684918177,-8.36024906919989,-6.548777326227228,-9.500599155484677,-3.9180910039140366,-3.572557235044424,0.12665166011213885,0.24609945153287,-2.559884282462443,-1.1797918286513476,0.34799980039682965,-0.9069782663477789,0.019520732314953326,-1.0207739709692354,-7.426496624010962,-6.155616425493225,-5.763946646645199,-8.074923699445268,-2.945138769672967,-0.024395642258797923,-6.483686832829011,-6.9835469192870026,-1.9982095020576667,-7.604611045094737,-4.165833658005043,-0.11449896302723385,1.0,0.0,396.73881981768005,0.8038918864303343
183,0.329500388595989,-5.214454362283043,-2.1760407691085657,-2.81119296437399,-0.6525864490443315,-6.051816153566241,-1.889918237191641,0.4653802858629591,0.24844298366891482,-5.09732025376933,-4.87857485672835,-6.684533562363856,-7.84902020286365,-0.11741162905269009,-7.875997625695316,1.052620291968263,-9.175585234108258,-4.418429632685068,-7.487364500264408,-0.4338313683168001,-4.424210202882478,-2.730661503363192,-6.724637217976703,-0.29529122628829385,-4.538721371753701,-8.454072274647038,-6.112461910901827,-8.721172354217128,-4.343919291985843,-4.11342505917843,0.08196904452740372,0.2608216418095939,-2.4332754711250777,-1.2148931346537477,0.679840934802229,-0.36971594185772283,0.2750421072428473,-1.1315336681509731,-7.830292829350274,-6.638276256295411,-6.1257901111118995,-7.884885589426093,-3.955632789438715,-0.013740592492874376,-5.81672584984974,-6.4613110142081505,-2.268001544524653,-8.258442856022091,-3.2219842284747116,-0.2629350188856393,1.0,0.0,341.7547681613849,0.8221800810682032
184,0.032902598393532684,-5.2676951041803575,-2.8906054310698295,-2.619311957055018,-0.07302343997436048,-6.502525417631441,-2.405989514628502,-0.2854439112831203,0.1235607167535234,-5.173471597876176,-4.487349596424222,-6.479577663897657,-7.83709427265261,0.8509401573010967,-8.145093896448708,1.1291621010256188,-9.402682614531292,-4.119945116850423,-7.792799712947357,0.31186559945479997,-4.20845264561569,-3.025090721959773,-5.875081545662555,-0.5022178691095734,-4.0681509402100335,-8.28533275298909,-6.307402700199963,-8.77645313239498,-4.583193584491747,-3.823046754298978,-0.12476616031021914,0.09226017451378499,-1.6890432526292058,-0.5358021441970983,0.5328458508893197,-0.5984886028973868,0.2951770673597274,-0.927139165377815,-7.504759038228413,-6.548641353109642,-6.541052462216454,-7.596943880797649,-3.1012195688445767,0.43459622525607045,-6.3645519384738085,-6.413459670130576,-1.8545650034595744,-8.157093614307282,-3.783474022620868,-0.018406332025743904,1.0,0.0,329.7282580587239,0.8601097892063827
185,0.3177807548104589,-5.556106087455834,-2.4270806657054966,-3.014175231918511,-0.613466910953568,-6.276012313012452,-1.8991996218122988,0.6064798303269341,0.07573025951849595,-4.818098719961075,-5.0490784009569945,-6.304996165543442,-8.21083695249104,0.48849174831652437,-8.02039497564756,1.0981918157020567,-9.364547939176779,-4.025954079786473,-7.501017969157929,-0.562381311196452,-4.330277256684456,-3.5480153609759295,-6.200595311702713,-0.27879190324622133,-3.976977843249246,-8.25500988186822,-6.354226560965216,-9.167914931170696,-5.03496910960503,-4.4232286795745015,0.8276076386786152,0.43517210375784354,-1.638080763725364,-0.6842988515532185,0.2196535510872773,0.17547691679286803,-0.4369565586049817,-1.3728709301429354,-7.229062160529509,-6.283198929894248,-6.093185840988,-8.722329175838995,-3.4806297356323195,-0.18004948818625763,-6.115304129618487,-6.9791366699436015,-2.304984321085207,-6.88771492963454,-3.422602724643064,0.042946394950181876,1.0,0.0,345.39596550942485,0.830003338268238
186,0.8409223590564308,-5.353468417605842,-2.855885216892631,-2.1687000529191995,0.45792410976402315,-6.031706579342653,-2.449225092464083,0.43716398580084986,0.08438575349092693,-5.05550607624745,-3.941317386684127,-7.048935070320867,-7.0395513364397555,-0.616956567760169,-8.394995935059384,1.1256746066245293,-9.324368868232071,-3.7813129789171187,-7.053793363799781,-0.4003924563791005,-4.066629791566614,-3.2064138457452867,-6.853593054687772,-0.5782765694426553,-3.8543959148805444,-8.262673332693915,-6.701531409918386,-8.57923677210158,-4.081467512323068,-4.523618016477969,-0.4111222136997774,0.2761970340929112,-2.1843396945712015,-0.9801485185642087,0.297534874085464,-1.0514085255686565,-1.761600650304937,-0.6226441875973656,-7.206763336893542,-6.254324252457221,-6.21646087747464,-7.964152795010949,-4.293722501959734,-0.23586654109132926,-6.64306793779546,-6.961639105736369,-2.740079237193015,-7.44081188336643,-2.1811573363601946,-0.4173006391086994,1.0,0.0,298.86493235389617,0.944206121750496
187,0.7824803915605834,-5.109730000240841,-2.154525579412254,-2.1602605288319894,-0.7761956092120633,-5.857803399113902,-1.7293645102621478,-0.25003290512547666,0.15145540077975383,-5.741353126473532,-4.573517082065585,-6.184958114402017,-7.686753893271234,-0.42393347754465605,-8.061506592117835,1.2436560839218096,-8.86142016243682,-3.8915120232480778,-7.519985139354985,-0.19199820409565285,-3.7954248276464755,-2.6254541501388156,-6.022894899649723,-0.7561489730357667,-3.344517651649354,-8.451561471951393,-5.92807824540509,-9.072051715949913,-3.5947772026336526,-4.564225369787683,0.17482153739105055,1.2442109263628125,-2.4602181664121487,-0.29707642366275905,0.254860011692019,-0.5678110621529937,-0.35738513041551623,-0.042001833182370274,-7.5525563506305815,-6.905359786034387,-6.41875208517794,-7.656236830847381,-3.4673138057526587,0.08441560896273748,-5.489161247805231,-6.167024990981629,-2.6210103654309767,-7.709064472783317,-3.227831085413098,-0.9459319870237793,1.0,0.0,268.3668107141453,0.9554723179941873
188,0.5152970368500006,-5.402709009273224,-2.87005014329863,-2.5041236517293903,-0.2651047762772095,-5.693453850678344,-1.644965762284956,-0.3158570674156509,0.006552571349160936,-5.376713708248464,-4.324282451189519,-6.351790565904376,-7.221356884807994,-0.12364943201207285,-8.05243401591175,1.1990230319782764,-9.052383255760226,-4.237362410589912,-7.07892294943296,0.004383994499875012,-4.99727816341758,-4.277118239849986,-6.716103890973403,0.1302220494892995,-3.478873275829179,-8.274893952825643,-6.703817033263195,-9.08685590107269,-3.812523063309304,-4.5915080286769605,0.7625780394039862,1.2719297942133778,-1.4898134684380084,-0.6368313258904,0.4335461175689961,-0.7107768113032681,-0.28752571738359556,-1.5641100652631226,-7.1844614090484935,-6.773567570125921,-6.183457808060526,-7.924877676552318,-3.425984870843781,0.2664974239309368,-5.89910682531865,-6.195662028725998,-1.8583034970908752,-7.754121856679114,-2.7008028764514136,0.26425949423435896,1.0,0.0,306.71885309328763,0.8654786532822514
189,-0.17778592828385414,-5.397611174777116,-2.92947238138195,-2.516982807938758,0.16566854003177173,-5.361917497880079,-2.289534330736508,0.09681525533646772,0.48875752304406705,-4.672280805983801,-4.9596339680481725,-6.324979317201364,-7.932615037388251,0.3314751631859358,-7.672203380233928,1.8110969456258976,-9.817183537602904,-4.291148028779293,-7.134120031583698,-0.39864185646954586,-4.216146491242235,-2.908210220429801,-6.654211618458442,-0.7309760216347418,-3.852821262094572,-9.016167479188821,-5.65425596022187,-9.500424127477352,-4.835461307465548,-4.487687619878276,0.039825823172103814,0.9791409764755628,-1.5119000219962584,-1.0071712562283603,0.04881678863688821,-1.102896015732798,0.4984374099834159,-1.0314630114585124,-7.055589767016335,-6.378054424176205,-6.237385989181241,-8.533326630424742,-3.3509533029827407,0.21373741822007264,-5.9955751392876095,-6.39349228462942,-2.0264484518031045,-6.47648340481418,-3.5832718879528764,0.09307793103873607,1.0,0.0,317.12747425376193,0.8605717714038624
190,0.5113467058667783,-5.0002028351140915,-2.081073690733305,-2.874404940532277,-0.27276606598876674,-6.232946305933974,-1.6915915138317668,-0.29309586410835864,-0.040183694256578896,-5.3595901516240145,-4.055197145492075,-6.007467366121491,-7.7641416703404325,0.48569238948211746,-8.73049207984928,0.9266383835881938,-9.755125934697382,-4.058170532749896,-7.013546604957355,-0.2013088359625325,-3.990358534237268,-2.4888781465806207,-6.1005370660261935,0.6467686448097982,-3.882884493190194,-9.165143985636552,-6.334692948089828,-9.13638428376972,-4.624051291782483,-4.796844526222376,-0.49104362972178506,1.4961211396337495,-2.5849736350199395,0.38628765553849387,0.3456307863794973,-0.643043275526012,-0.2719965870266626,-0.5750317175884533,-8.397397014190465,-6.341351615266552,-7.090023788720779,-7.781607860322589,-3.5918943460754655,-0.3288489327497941,-5.542936247012035,-7.308268462506769,-2.195441433387425,-7.279686335823232,-3.1796743947329427,0.5903220129763611,1.0,0.0,355.2120652056129,0.8212156340789856
191,0.4383026304395724,-5.737338169135436,-2.972440412108769,-2.7206311110207633,0.38566162302011153,-5.972425837054123,-1.8177854881995053,0.41043572492386704,0.1251888514983525,-4.991432161899739,-4.5140924690445585,-5.857414743400905,-7.356430677190064,0.45103469583272543,-7.652931185198784,1.4265746562313744,-9.777935808279688,-3.764015224247631,-7.713870757112766,0.780357052804369,-3.897041294366973,-3.1705992291321485,-5.647699872308756,-0.8349549325204829,-4.412249127411648,-8.23876700023072,-6.333114357762731,-8.791976048601265,-4.155098382117606,-4.299900377997998,0.016368572615882926,0.08353931001796677,-1.645285381654832,-0.347425823001022,-0.0599989862479845,-1.2855877411065482,-0.8721837823680881,-0.8373352861036728,-8.074847505679188,-6.290295325148191,-6.81493481977477,-8.053627489945093,-3.173039988684916,-0.5613372731876813,-6.333226472012218,-7.11244734349031,-1.7449469866366794,-7.676179926538504,-3.2508830348174973,-0.9455385706731649,1.0,0.0,328.6422093805126,0.8159510972311909
192,-0.022915523122644443,-5.2740232644976475,-2.5105158934040075,-2.617148524939708,-0.7480937271847578,-6.3311762539107175,-1.9597391837895972,0.38028023939299993,0.1889820489253779,-5.536973657656679,-4.682761755791094,-6.399845193192591,-7.469947090687835,-0.3099383882957363,-8.249788569190569,1.2016821431644988,-9.345358296251186,-4.090771950739177,-7.025100645640077,0.09525326010965623,-3.7541141912999447,-3.0421162754273103,-6.747090338666697,-0.1920886743385135,-3.87016068760527,-9.068868425753116,-6.4414472003371195,-8.945060397509767,-3.8945421408311627,-4.648341132461977,0.6361426310840004,0.33760009849772504,-2.1018655975214915,0.04706766871592194,0.6895565284628014,-0.5915569289962039,0.29844375391340994,-1.0835655632969687,-8.450577892534627,-6.321158847336231,-6.416886632510664,-8.08930785289886,-3.708477268427369,-0.6287442478292817,-6.308894243830088,-6.405056429928661,-2.6495386972863644,-7.274564038559542,-3.4853659079115853,-0.1569293806106976,1.0,0.0,330.6132969422045,0.9354179277808802
193,0.8375791468566213,-5.488891180798209,-2.7134184076396086,-2.7039078423634906,0.3793953580145688,-6.925524956897603,-1.7917971002928919,0.01844845904839218,-0.5678951711602818,-5.537976394091363,-4.872537557937974,-6.591958108455287,-7.673026287428247,0.3981336130288748,-8.300264211334042,1.068751891328688,-9.140444274502666,-3.669440170486568,-7.782659111473744,-0.025606880586646986,-4.60209261641929,-3.4135369011515433,-6.767186602856175,-0.8398962089169937,-3.7410324717647954,-8.47591508808123,-6.835206778728579,-8.522000882402974,-3.663126005766783,-4.457087924697854,-0.046163060387953314,0.8920896805398772,-2.130201722000548,-0.46512152864577766,0.6970251498081699,-0.7817127262918888,-1.3239128860467315,-0.9396641498583518,-7.21405479336715,-6.275143141406372,-6.515193313640664,-7.295413290682299,-3.850666566997827,0.42819423192347594,-6.215618557135834,-7.136276454658022,-1.923193690838738,-7.162767349721084,-3.1155899902815984,0.02695544409413181,1.0,0.0,326.8364642534566,0.9139132452889546
194,0.673254840999512,-5.127596067273547,-2.3092594143453926,-2.453174928218126,0.2951187173696176,-6.487185363996942,-2.1502378507115316,-0.18051025615319255,0.2801003136673505,-5.388217760897639,-4.782013816205148,-6.766034356668478,-7.865092487123737,-0.9014290368642605,-8.420262469787197,1.2773388329636717,-9.916284788874535,-3.4777063081394326,-7.18468686908858,-0.18342868546949098,-4.04124850994024,-3.3413411727854863,-6.024022189156601,-0.3632357963879312,-3.386432780179211,-7.76804817455212,-6.068064096460225,-9.129573785868864,-3.83245147049174,-4.422554845821632,0.4808574239339328,-0.3654250777337107,-2.5917118977926923,0.6076427747878377,0.6826691870386321,-0.05704708497045374,0.045306102084076205,-1.238323957422124,-7.930325591653922,-6.2979372086698335,-6.224212489238318,-8.395870204660485,-4.0388576068991595,0.023818493006044078,-5.66662898658863,-7.196343470604511,-2.1804187996507984,-6.575052071413798,-3.5248750774550794,-0.18473971712530945,1.0,0.0,330.7401376037198,0.8105779991211649
195,0.2833894378960139,-4.697880066004473,-3.0218854412585427,-3.06314284770321,0.6849012095995802,-6.087261644921538,-2.434783485673367,-0.000288236659523905,-0.35954469270126393,-4.794129291979987,-5.139233374612998,-6.27674051242048,-7.275546694639417,0.2831230706155702,-8.299146015374664,1.034775807941258,-8.510614076247851,-4.211606806624354,-7.25311165446867,0.6744449892714596,-4.19294726247079,-2.92670225537634,-5.346796621071512,-0.06895232585834299,-3.8071209616749617,-8.333496481954269,-6.862644535227891,-8.77480726641125,-4.067803824181483,-5.117506990213732,0.3810807189311668,0.24932742913240202,-1.7677577631895416,0.5121306660786703,0.13721127107902154,-0.5755073060416962,-0.2314005986641697,-1.1529439887526942,-7.259193770811682,-6.04095678174415,-6.3290829032161255,-8.124183926525467,-3.7383646159482855,0.3754608745778637,-6.078657826401241,-6.237271918874366,-2.292656509841529,-7.703639395034758,-3.7655002837043474,-0.3683075752031604,1.0,0.0,289.67732426097905,0.8911614835152918
196,0.6636430960606317,-5.403210239560462,-2.5078358553127833,-1.836092971172635,0.3671176031152892,-6.373107276136079,-0.9346178081382268,0.0313616083202749,-0.37235651456058383,-5.483784970268817,-4.3051585160304535,-6.956064623363104,-7.628032158811763,0.9284894707280792,-7.752735921778717,0.9200378819077095,-9.32577171724035,-4.507093195028178,-6.951360792842326,0.7670228618876441,-3.464882602984679,-3.5248435831869305,-6.331749507299566,-1.0457329417274865,-3.552231800232575,-8.83797217254248,-6.405008754763017,-8.98082640832071,-3.862012964460277,-4.607934374502172,0.25788202890449774,0.47467168572060864,-2.6699819921885557,-0.8209830202259687,0.35458931284087747,-0.09275197448907091,0.48080736082647524,-0.7804957308307712,-7.339153823805524,-6.586321496176726,-6.642448659117937,-7.735528623867178,-3.6784505552726916,-0.35734096019781525,-5.614107835985573,-6.468948519605093,-2.1599537215924927,-7.386867159085615,-3.757979329557152,-0.21824342186755666,1.0,0.0,311.18037132885576,0.876318531319824
197,0.3492443711601976,-5.477246655594128,-2.8339209581858262,-2.7301891769455393,0.13251841017298369,-5.881040146573949,-1.6066893035928247,0.24504127101571632,-1.2865421863951354,-5.246974724094024,-4.076979459799173,-6.46852035211222,-8.320450694043366,0.1684386482266503,-7.35270679510781,0.691806391379602,-9.466542361356714,-3.4826275031861718,-7.458355525446009,-0.04528386390336861,-3.5203440902619123,-3.0071614123668784,-5.487493478309652,-0.5272571394327222,-3.0721089774401964,-8.444667177651908,-6.893959854007892,-9.436700719145122,-4.680048960099535,-4.909822252134515,-0.33424730787519374,0.8538958975853503,-2.1421232404316775,0.44452068184390037,0.02245222531538099,-0.8440387039479001,0.009607895529880006,-0.8445157655774825,-7.254605299768281,-6.699191680378754,-5.958021699488387,-8.402134662495353,-2.815365594352838,-0.61841594140466,-6.798273039512423,-6.4489696881375895,-2.156358275032287,-7.994480907945636,-3.4130288307232197,-0.8036857395598038,1.0,0.0,301.5259834246506,0.9611160095339252
198,0.7546607550495816,-5.052714179122878,-2.6962859315654466,-2.1351862369900214,-0.29704668334479595,-6.708970752815781,-2.5598646662565954,0.03556102219372176,-0.07415115095107375,-5.994257371198338,-4.168959429969861,-7.111424275776998,-8.288173060164516,0.04145577352398106,-8.010722910784898,1.583292252144806,-8.931461274276941,-3.438662459280349,-7.731621541360377,0.44733934237347056,-3.847889609806553,-3.224016571340768,-6.118009696517952,-1.2218831423503818,-3.735226362461831,-8.949904221004488,-6.328768395464842,-8.779040103178108,-4.013857547978811,-4.17790114495848,0.5204295226823525,1.4503281468158589,-2.003790288180381,-0.7819572305546733,0.3705722046130269,-1.0325329059994104,-0.7451590493835103,-0.3213594388321981,-7.745076587035913,-6.110066964288096,-6.598135740212255,-8.277753181327036,-3.6249385035316486,-0.3380236087365589,-5.707571466308748,-6.396736478582778,-2.3275587169984955,-7.263053460071032,-3.8993876812919415,-0.36407116838693854,1.0,0.0,322.57131765421843,0.936391344074577
199,0.2436871161990597,-5.575038923308483,-3.015174193513905,-2.62153006436873,-0.20453542524864712,-6.219568800021625,-1.6373263421471058,-0.08176375748897874,-0.4032290347780469,-5.199746525632963,-5.039710565239458,-7.086679303479992,-8.195294867569418,-0.9034992758889748,-7.668485002494041,0.900168833225611,-8.58513474050987,-3.41239818861396,-7.413352409204788,0.891715285426109,-3.5657836466305106,-4.085595017819989,-6.169045024775802,-0.7211979751543204,-3.4994878060796992,-8.319139692949319,-6.665614461893326,-8.870759067463684,-3.80362056307219,-4.557368640777835,-0.7881104896244824,0.47953341502627567,-2.353673098847166,0.07887749748531209,-0.31452981775929945,-1.4492996972174006,-0.5895682218782338,-0.9129475617395784,-7.410839654993858,-6.661215389494824,-7.124185279948811,-7.644008051595657,-3.6003479718510487,-0.30384213487109585,-5.564783647440332,-6.588363872333123,-2.7959353585250386,-7.043108320331194,-4.005564357951931,-0.27466034655837424,1.0,0.0,309.08705615648785,0.9143921697372768
200,0.5220077926592884,-4.639375714573246,-2.737994756698982,-2.8906269230217845,0.008940860557875206,-6.557349754115472,-1.6879710332082034,0.048650057538613456,0.28900959450017233,-5.43170249110413,-4.686702595766462,-6.313579848477851,-7.389644442442676,0.40216843551607434,-7.346817845575114,0.7025858326566625,-9.132064748226805,-3.514154913938913,-7.318958398479822,-0.13843240159685705,-3.999795615748953,-3.2664139510516486,-6.543866839749669,-0.8297284187077589,-4.0096897979708706,-8.251117893738515,-6.909326461712986,-9.293452000421112,-3.954588231194574,-4.741334441848482,-0.16679669253208473,0.0011259850856872866,-1.796905662984793,0.49420517625243077,-0.227584315090668,-0.5557017931300776,-1.1779413840925361,-0.7726620947185326,-7.526198925088186,-6.364035680210615,-6.231749527468967,-7.324790169738173,-3.0124430158871522,0.2892936175720653,-5.994472118413642,-6.652948142948407,-2.6996681698102734,-7.607909461826997,-3.215208188407218,0.1638971735523861,1.0,0.0,292.98275163381663,0.9049529260860445
201,-0.045130468915002,-5.050411540493835,-3.23734338368019,-2.9509102694977396,0.24150335612539758,-6.596204918298952,-2.3766766917634783,0.5646670017987794,0.7232634454045002,-5.726306950486364,-4.719204105789153,-6.785777645674148,-7.849319117724811,-0.555648293687938,-7.918992549698615,0.6497057243509694,-8.779642964129533,-4.653720941924655,-7.629569605801881,-0.34465256594076665,-3.8201454644857824,-2.3426878457565827,-6.441013968126967,0.1200492524660921,-4.254595366341501,-8.531808998241791,-6.423895178607035,-9.241622917033244,-4.872090905124303,-4.556026416997834,0.6240796920392141,0.23307873442130528,-1.215522706787658,-0.23623116137682948,0.22205709791927558,-0.6983053001359374,-0.30324233206904394,-1.4934397336546295,-7.754188998146588,-6.410640698909586,-5.829308130178242,-8.866472098718802,-3.6274292692961034,-0.4986424124005679,-5.82391548411452,-6.227060941233669,-2.3584950580324917,-7.378558582515127,-3.2582517380798457,-0.44236623302487055,1.0,0.0,310.7058105904556,0.9803294555718611
202,-0.5399858134983246,-5.57714612762342,-2.570217077219771,-2.43472587066417,-0.09587546551969892,-7.233872811363316,-1.459749699486337,0.32812411175231726,-0.39894137670923696,-5.4485939479049454,-4.886259147179542,-6.458172811028646,-8.428625267563184,0.1901394035159764,-7.867471989478638,1.3081431002413721,-8.884823857458576,-4.699152654718442,-6.391850792650493,-0.16093268294706434,-4.413418748146516,-2.79373012927261,-6.31301647237598,-0.5757893128424895,-3.521835805135605,-7.7105465601491465,-6.644335514686965,-9.754235669561448,-3.66302646912712,-5.164202740790956,-0.1656113607451506,0.7685719732850331,-2.689602336327135,-0.31269961028163434,-0.25514076244999995,-0.2821360571587465,-0.5965491625325521,-1.0346350261135864,-8.007331270618689,-6.385980396454302,-6.318221837794305,-8.10398049720835,-4.0183205936166395,-0.09082787474768422,-6.877386064949911,-6.884985081267551,-2.3513101579550404,-8.467889547000794,-2.9880806431468274,-0.3036436911378002,1.0,0.0,326.3623496919905,0.9874679327681091
203,-0.34369762807833426,-4.912017808818921,-2.9110379853903394,-3.0756621005184024,-0.2849472548093862,-5.668160864349656,-1.6199493523308948,0.9655371175807141,-0.7411101631076904,-5.911461262865355,-4.510358789685396,-6.284715403007604,-7.741708000941414,0.095995672945688,-7.572153663950453,1.0577669506159473,-9.737110709657076,-3.920139334785073,-7.463445885294802,-0.20490561093017065,-3.418613726937899,-3.4339465799240005,-6.202917426456916,-1.0525791396228428,-3.598596195643928,-8.577004916898504,-7.299939182930784,-8.563576405099244,-3.8615256588951903,-4.8222140107220826,0.11136800865534911,0.1967745177401486,-1.6306439506731094,-0.965713031350086,0.8758272054822211,-0.3705614130334506,-0.4430010049481462,-0.20528064211502528,-7.980427681562825,-6.078817871481895,-6.511692882504814,-7.860235850829216,-3.2216971485077894,-0.2828438178740419,-6.178294186697436,-6.541087811000401,-2.559117974642625,-7.151385416252878,-2.9737689961593587,0.30651437851763874,1.0,0.0,314.0712507009804,0.8642302694334103
204,0.42346698725610665,-5.167499667628644,-2.623185971561636,-3.197321975993701,-0.2819846645145589,-6.656941546988666,-2.8891152343182176,0.052162093606682974,0.16698189574918848,-5.153637198321911,-4.819771548382466,-7.36501257457646,-7.658072892886509,-0.0946893193568927,-7.792105703037392,0.26260783713189584,-8.786975442515981,-3.6977527737667737,-7.534743546754374,-0.1645127632219183,-3.512899576039784,-3.201477295937786,-6.243410235516366,-0.9955031317360332,-3.1895639526599084,-7.728247678203907,-6.542607174035012,-8.49102605105571,-4.510133778764046,-4.429297289771128,0.47898118547455093,0.3931777542138268,-1.964453012489562,-0.19986939729504255,0.579948115872297,-0.4751423829521143,-0.4047135584969005,-1.2724849182309539,-8.61628301642028,-6.326593488541603,-6.412748673517463,-7.368289553935599,-3.189731772051551,0.20037052614935447,-6.302771202562535,-6.505924729921862,-2.261423015811902,-7.01366437781841,-2.93052732313139,0.318363704812899,1.0,0.0,306.8744158183218,0.84557618901997
205,0.7885766201861322,-5.228511241304903,-2.948676887505314,-3.0548900196956543,-0.15678829831607455,-6.2929873780822225,-2.0541305917868122,1.1248595399448225,-0.04648629829877078,-5.199085644342088,-4.57309179623944,-6.593870858218587,-7.439848307863206,0.4832853354953805,-7.598445200844791,1.032455668031179,-9.489215380407773,-3.9677876572977566,-6.985350980118413,-0.43848870689885017,-3.7804304694254602,-3.5659721853289192,-6.345932531496172,-0.5753332499790555,-3.9372048709142016,-8.151464614667885,-5.94468332370887,-9.207451145467395,-3.990670509411604,-4.036291295303091,-0.06662783998089489,0.8071777170605465,-1.417815579988769,-0.5649972753018879,-0.02500487255475181,-1.4293952317404486,-0.4628690422052629,-1.8578839808318395,-7.9334674750525425,-6.70122249960425,-6.0351726542491395,-7.8289598465213475,-3.9966197174388274,-0.7408455544833183,-5.838280426957595,-6.306514163219205,-1.6989589102567484,-7.323913538138617,-3.013348486267365,0.47888389860331515,1.0,0.0,284.2414353402082,0.9513227932577099
206,-0.3055044846933912,-5.019411652002493,-2.8250271356209247,-2.841204582639421,-0.19661298854657908,-5.79196302158719,-2.5967154090921585,0.49391149190236827,0.395723902518387,-4.422302357306184,-4.669981246925114,-6.911506842228611,-8.408240096697952,0.1503902339042154,-8.351112686389515,1.1269707838438923,-9.273153619198416,-3.7998866350184812,-7.440935614471263,-0.02460073503840326,-3.490959668902472,-3.260568120221877,-5.802452538156423,-0.8249800351574328,-3.668986089804742,-8.266125692053336,-6.7168613296918895,-9.50735954254102,-4.427118674481651,-4.302614726130959,0.626476680794657,0.7558577891515236,-1.395239863903651,-0.30197140160079305,0.4412282060951289,-0.665696207186411,-0.07640252482184307,-0.5033805530002091,-8.42515233744814,-6.2636795396597895,-6.200213502251688,-7.5694930176121895,-3.1989286073070637,-0.4609555068241383,-6.716403731519456,-7.1116961145692965,-3.0594770588287035,-6.624603804112851,-3.2461139480797985,-0.3299919062501808,1.0,0.0,340.2268291620511,0.8121004218471846
207,0.15357735995604405,-5.2636512834286515,-2.7668414200310667,-3.047057810843398,0.16102750628726112,-6.525091272595388,-1.7598427599702573,0.2177827697422947,0.2794453946249657,-5.046867690391473,-5.312523947849808,-6.859164448722656,-7.461560980171168,0.10764475334608353,-7.724521995300147,0.9412778323291366,-8.870488295984,-4.2563934925535465,-6.941129739175647,0.01540587796177207,-4.332670896063006,-3.067832674505177,-6.225699929869134,-0.7634795354991798,-4.704295336225192,-8.169781062213024,-6.266886944195807,-8.98022917527091,-4.547006467266598,-4.655624617558525,0.5188883969978002,0.2711295508809934,-2.2873959589664006,-0.6705034353981294,0.9354498206047148,-1.031967043268724,-0.9880761146612913,-0.9252807221173702,-7.2128152371066925,-6.921798840470646,-6.029038874632087,-7.665226159611557,-3.586259289711329,-0.2654137856045605,-6.036720706214154,-6.593675151870645,-2.564654940227871,-6.924469186602934,-3.9862554382870306,-0.5041257835283981,1.0,0.0,314.8326056300297,0.8692769721692478
208,0.10451940655515414,-4.755588613664872,-3.214261090528403,-2.198310730615704,-0.2151627299258431,-6.650840162892212,-2.5804332396920033,0.6141553336609291,-0.5065972214438457,-5.160332823580376,-4.685535428136744,-6.400957717164444,-8.1602210139662,0.36087647153517644,-7.875315412734468,1.230098371314606,-9.694201149661497,-3.4781026514973217,-7.2158882321853515,0.11588651514486108,-3.772057282325301,-4.259638967257042,-6.126025199413201,0.46456194499451453,-4.438699896812687,-8.202649115322535,-5.866276358177998,-9.05089581615609,-4.104644639167197,-4.289216131019304,0.09618945461485168,1.3095718766733424,-1.661746584268443,-0.5755113178230331,0.8068127677479096,-1.1606664769235953,-0.5516949616346496,-1.44817166311079,-7.4850002557589,-6.309365756862548,-6.451830515055371,-7.994134488576241,-3.8157744832083957,-0.28858182704612056,-6.775284319206565,-6.86050173717957,-2.2516679280557703,-8.041832041890968,-3.4227920238486975,-0.22905221548106855,1.0,0.0,352.9186528324814,0.8133043324986555
209,-0.13950065069867912,-4.551966059097363,-3.151474415318774,-2.8471932510065243,-0.7985500717818577,-5.649395863761792,-1.527228361985285,-0.6733888607093526,0.15367249019036242,-5.212067122773825,-4.307868176686663,-7.465779708844086,-8.31067432488896,-0.30349701919803,-7.689262557811352,1.264485818216019,-9.659476129176056,-4.301282228768937,-7.529710882259041,0.1148599233051855,-3.2785325495935798,-3.2561025457498496,-6.252045318112593,-0.3624549552136892,-3.895883311600816,-7.716599562085408,-6.264930806312129,-9.179438368915157,-4.037304314312818,-4.468151159230644,0.8699642189997495,-0.23394741959149545,-1.5967653103900092,-0.21616835821128766,0.30170792537456576,-1.1002384894961375,-0.5125281758762983,-1.3220227697212175,-7.438578491200594,-6.739004598497439,-4.779840106195147,-8.03832879779884,-3.682532847688717,-0.476315170335745,-6.273716158771884,-6.362484114621141,-1.875404915029586,-7.348834615044319,-3.543072648155829,-0.28035348396109333,1.0,0.0,303.290607068519,0.8606798643396729
210,0.46819323128600576,-4.609599662176934,-3.1415425381952544,-2.3166663453901517,-0.003958257409713218,-6.634184798792022,-2.2257929501805123,1.0118826810797856,0.1951255644338727,-5.458919842667741,-4.766203503987695,-6.613925964415034,-7.833943610055976,-0.3506503205217512,-8.371869275918971,1.3501939352911805,-9.377906388385552,-4.4043546175369395,-7.006149928833125,-0.5195794001758067,-3.971389245672065,-3.439521890866914,-6.157902826000906,-0.36110218041924946,-4.550635503997811,-8.055000768284511,-6.576444160939926,-9.079213696288804,-3.0749581023996426,-4.647112421903102,0.19609737575155464,0.791320192027208,-1.8817713312202042,-0.7119997758227626,0.7097736468873518,-0.6660893136819006,-1.1284811240003823,-0.6172895533631767,-7.942263250006628,-6.022132762114223,-6.168873815267882,-7.490776863379223,-4.1724588301224514,-0.4108751044104343,-6.456202672099002,-6.761329287403275,-1.608236845509869,-7.6530282987453955,-2.311135899317718,-0.6425126152684797,1.0,0.0,333.1318921750208,0.8133726930703219
211,0.30032580166287964,-4.986632778316118,-3.144107577458418,-2.58131017183237,0.4208806238003217,-5.738846127556025,-1.3468030360304288,0.7017698076224839,-0.5911976567260131,-4.7356992927870625,-4.815680133744186,-6.945998724746251,-8.101271622176565,-0.14651182991411588,-8.147102789057994,0.21638960048470368,-8.930505399519252,-3.458584190167297,-6.903737482917901,0.31079878651546805,-3.7686812050858753,-3.2867666118693903,-5.704240851596436,-0.3206670074135247,-3.5723213555500766,-8.700624508293801,-6.714179760978798,-9.505190739514415,-4.056035351251667,-4.202607122596896,-0.01793742710205881,1.3572731446188857,-1.782224090128946,-0.8629016954037405,0.9121200297707779,-0.9881552718392157,-0.2877589679847428,-0.998854318294284,-8.172918104223577,-6.466083448067689,-6.228138607511197,-8.084963107458982,-2.768103991641538,-0.16267662530967175,-5.234503198614175,-6.887847515354987,-2.369038117872118,-7.509220211192409,-3.094834894817942,-0.06159027073427062,1.0,0.0,311.4329475841523,0.8551500967557093
212,0.8532365393377412,-4.832259437743461,-3.3650553401824252,-2.8819368038172284,0.357105391371196,-6.497990072105682,-1.9557058687434623,0.15793981995176776,-0.12372636677113327,-5.282157484922684,-4.528241405757674,-6.586391023253116,-8.271059775835248,0.8127544542468267,-7.6152476842107015,1.9195578573347434,-9.548139482010052,-3.3560116750718123,-7.839688456578145,-0.0838353744549379,-4.045586405893055,-3.765754970769007,-5.647336345034821,0.0584380724479312,-4.072748954572905,-8.541747203665372,-6.507249707057,-8.597926414290429,-4.4000708289530985,-4.313503545330443,0.0028803302863830427,0.7722191582638378,-2.394005450927641,-0.5205117897520181,0.5131900846488856,-0.8734004060534076,-0.6990918538472657,-0.9435985496992078,-8.092883592182584,-5.842056076135773,-6.48245964993628,-8.4403878874007,-3.2162928774036175,0.04701938423990243,-6.564931214016244,-6.177813224915843,-2.4632482235512727,-8.426662324043043,-3.3741625978251997,0.28896013054675806,1.0,0.0,331.8965448734803,0.95011921345242
213,0.03032336270247568,-5.026292054748232,-3.0210085452144875,-2.882290006360808,0.4697564583241073,-6.897746160709135,-2.078810008538828,-0.1444273730930739,0.4082401060808773,-6.1330156383435135,-3.8603034630829,-6.50195645417361,-7.896112748291786,-0.1016749454488724,-7.779414634590152,1.0235774432378657,-9.502248324629862,-4.528230928932231,-7.973764597666079,0.4011340688894774,-4.312232397081727,-3.4596120135965016,-6.5813138171717895,-0.059879945750773655,-3.5399475932578137,-8.60011786652138,-6.730116091425156,-8.977765559180954,-4.5809801909701715,-4.386874976601604,0.029604236138225076,0.7094290023294401,-1.9554779055232665,-0.7693630318510949,1.1331237098507634,-0.9969366765358703,-0.09613353394359347,-0.9675440794589812,-8.20282576064959,-6.056754593718673,-6.080408557742435,-8.104709099540095,-3.1522001140965985,0.30629480444350743,-6.0755156080036015,-5.905367936191783,-1.7664161211203817,-7.424797190809807,-3.972110688034306,-1.103651531949963,1.0,0.0,323.7714668324671,0.9720260609520137
214,0.231590144135418,-5.4003747574438234,-2.5992554525213007,-3.0964284034884546,1.1257093043724316,-6.774316683749651,-1.8649659317725265,0.2638582483143772,-0.1703845096544173,-4.892472702439209,-4.999506699978091,-7.022182788158414,-7.655789469433157,0.7931076635453587,-7.3501083028147915,1.6407475715800972,-8.297100144766503,-3.912021741608646,-8.08762563842259,0.5255213517470989,-3.4914752218640928,-2.9914176650333792,-6.04004594613527,-0.3718888153064709,-3.5350003566918757,-8.666906861157598,-6.512750287719186,-9.074671175547927,-3.573777019716003,-3.986216296061609,0.7610517695820833,0.6111588861171965,-2.1871312144163766,-0.17548617255896182,0.06170829615702328,-0.8849149543201623,-0.42885247237740304,-0.9303499270984464,-7.720691308470674,-6.67321448109941,-5.582252441516748,-7.97297551250436,-2.6819044738006275,-0.7908809039094661,-5.351999374957532,-7.086260471586911,-2.195204292833331,-7.140162547010639,-3.251700020634301,-0.13115265102101586,1.0,0.0,279.1696320514337,0.950598063165186
215,0.706725051631744,-5.265938979594391,-1.9863262953759295,-2.2184986660575983,-0.06911992682315149,-6.78536842227565,-1.7910520384363606,0.05105496581846511,-0.4454398229214967,-5.097514091422152,-5.660431456389076,-6.69067514267845,-7.818555872366313,-0.4149419353155157,-8.660746970004826,1.3644280217306444,-9.639475947606712,-3.717247362647412,-6.935994104685759,-0.45194788674047903,-4.620037941368096,-3.520413838653846,-6.6374768056590066,-0.7313955635114795,-3.467944697296079,-7.585101703536475,-6.070727984546368,-9.061936962437569,-4.249477416858597,-4.41716902168318,-0.3154678012292417,0.6046369180366196,-3.0454685604227314,-0.6989862580566761,0.45064556095815106,-0.9680051350200537,0.09826467141610518,-0.12973032248300165,-7.528431156579825,-5.989757341934384,-5.755306724982974,-7.993605967072615,-4.107018976178105,0.3618383387917835,-6.329678083394591,-6.452284491051143,-2.4507815724104334,-7.155066172871211,-2.4656971320936862,0.14494043161800152,1.0,1.0,366.68400524646455,0.44945496811590274
216,0.4220307865685795,-4.806767636340684,-3.249986433470836,-2.4648552147483986,-0.6291275465031391,-6.462078566041762,-1.0317859005713048,-0.5323204569719043,-0.1906142325700592,-4.411581281056207,-4.613721783445595,-6.52388382850925,-8.212122261160324,0.4144310188049588,-8.201468043621146,0.9695286520594173,-9.971400817609645,-4.629860137501532,-7.849958577150631,-0.9739285292710598,-3.609080591091291,-2.9677819608931024,-6.151624209786261,-0.607016735529291,-3.1829715364159874,-8.776638198222644,-6.245694307630788,-8.951890457098402,-3.9833112978602885,-5.582815557250398,-0.13310711429686622,0.34835900464263314,-1.415733502327178,0.15869155167679472,0.5004123715143592,-1.0847832260047472,0.010019863997308143,-0.730010443459529,-7.485404838116769,-6.50451552928332,-5.535078807335833,-8.244085622525255,-3.5303173063305144,-0.4064070118472299,-6.339064987515995,-6.570364408693321,-1.8204402782614586,-8.02444883532347,-3.1585460814783177,0.36737890796969297,1.0,1.0,385.9352842226973,0.4928147080581211
217,-0.3108637693694376,-5.752989051038395,-3.4243486021152654,-2.95962237465051,0.15905753219205598,-6.105753527194222,-1.9774686171795346,0.33389673050124596,-0.0773844828577067,-4.623028267914882,-4.72502520301064,-6.283869768623653,-7.973177300565981,0.12666360339797533,-7.782117542914062,-0.026037484922016407,-8.750899614903107,-4.1270572120416205,-7.306831627546199,-0.6548793934833832,-3.9080993525547236,-3.109957442648784,-6.515391431700018,-0.3233113407411148,-4.589950069965728,-8.51526319907766,-6.649350228770575,-8.941603085030772,-3.1668477262319827,-4.541158126318736,0.8498933256954644,0.17035613067138183,-1.59929048590917,-0.42837004355326824,0.41570178497651433,-0.3617320248440565,-0.3208880441315617,-1.3420838904513028,-8.612159283399144,-6.29191463939543,-5.902831335292202,-8.182056425310948,-3.6551850616860992,0.3785923113487196,-6.425574070817492,-6.416433198966416,-2.7292530188440924,-7.491641264730439,-3.793632855888055,-0.214252743227435,1.0,1.0,398.3089969266456,0.28918683376256143
218,-0.5442679856910226,-6.463923389656089,-2.606139672586996,-2.2396623547390213,0.09916000519225372,-6.587537076972646,-1.7221434596588632,0.14622330316067575,0.9583055159271996,-5.169044491625304,-5.761941951873086,-6.823858430024672,-7.725872208996969,0.7725213258868268,-7.796768917051953,1.599150833445091,-10.1258054670197,-3.7137733198008718,-7.511326648883814,0.3485532653829457,-4.462673189720368,-3.1761338587692087,-6.183400850606766,0.12324487308841181,-3.8387594265195593,-8.24809669525187,-7.28684869839307,-9.077723866264124,-3.899712715829779,-4.824023077517549,0.2076937813176778,0.04205348567448064,-1.5425312114593583,-0.6893967077341835,0.8194226192234193,-0.4282886617240948,-0.46705939829666787,-0.7500696703265506,-7.394942279811874,-6.24499707083409,-5.884044073370378,-8.551222916595073,-4.40818815590182,-0.9757193140985793,-6.1432617884376475,-6.845315643480801,-2.39704447090476,-7.752206621186236,-2.6349444300943925,-0.4441804176502684,1.0,1.0,480.15667202962305,0.13505383886836225
219,0.2858801047873378,-5.240664259446133,-2.5306281968447104,-3.168767324929844,-0.37880309311001065,-6.366935201262848,-2.125928338708785,-0.4088827814335475,0.14307428319304377,-5.627408152609479,-5.194637621215248,-6.254951347918333,-7.7700217996606,-0.2665397801499717,-8.24405935576523,1.6624258588707033,-9.746190641691895,-4.618168742386438,-7.74194029012733,-0.245866209490963,-3.918477411097014,-3.3110863696105666,-6.253582523491095,-0.732268229053569,-3.8407964857884536,-8.591158802643168,-6.508214742082539,-8.938225627706872,-3.962690529833605,-5.592593990816175,0.7040341685327993,1.6334240195949215,-1.7149148033254653,-0.6449064222975942,0.2979202880253111,-0.31775717593997255,-0.14834568488797467,-1.191470960572047,-7.464131984643744,-6.3961666763515455,-6.381366203658352,-8.04852164695004,-3.9357889798478887,-0.6480272452415418,-6.11610147755768,-6.665801288848143,-2.1834517148676715,-7.251581837518129,-2.8603730937349026,-0.0018150411395511934,1.0,1.0,424.94577580344,0.3489927469321288
220,0.2444475842201579,-5.959292565178448,-2.621141350888004,-2.4876655094013205,0.07020715786900437,-6.3483540242336955,-1.3487834526313094,0.6745008039077671,-0.5049055652518837,-4.697085277121245,-5.4799132576706775,-6.2755204023355216,-7.041406812180862,-0.5845887228834665,-8.295587463328955,1.0804047304249493,-9.325697060087112,-3.7559355261259975,-6.71563539803236,0.9479154608093008,-3.8927929220785775,-3.35828789307608,-6.036138232634753,-1.1642785517516994,-3.6865081944037885,-8.421954033043784,-6.327514280531458,-9.287710422156897,-3.9027640184943073,-4.0852795510052164,0.7047318059572234,1.2647439928425022,-1.8148511829424059,-0.004408268010915484,-0.3688572726413887,-0.11088368744202415,-0.23868461102194713,-1.4645328080199342,-7.436847544703995,-6.428742443386009,-6.133579974769273,-8.006292329874924,-3.3141173779781496,-0.06575014979902186,-6.552525637581379,-6.652772209002568,-1.4782342414003766,-7.970128767017223,-3.5133531301275447,-0.4170928203244846,1.0,1.0,345.1687506157719,0.5862602690785409
221,0.37750807175898776,-5.381578451535737,-2.7403994387907784,-2.6771414065630577,0.055740003611633476,-5.903511566069799,-2.1743370188120217,0.3425404405591596,0.09937425354443341,-5.44166845613252,-4.429434842877554,-7.082492145195282,-7.849828245937894,0.1601351065500843,-7.555314876999265,0.39992191617579476,-8.962430513893377,-4.246460072775699,-6.873949354184982,-0.1771736364549288,-4.112439996668899,-3.37196962478519,-6.479642481583013,-0.18855040288946007,-3.452155489893175,-8.431523193737261,-6.973575107214975,-9.223107555775973,-3.991806972029597,-4.178949267894576,0.7625613478681051,0.35582996442476983,-2.8693041579924943,-0.2875721932378837,0.757803958638214,-0.6904150008783779,-0.7434842964946118,-0.778008574396555,-8.139446233034247,-6.43823686308312,-6.062957949686253,-7.636610738212818,-3.4174906747552996,-0.4573363718628408,-5.823103138091311,-7.256535321707887,-1.6635089367831326,-7.061382828173026,-3.136176558227639,-0.5176117519102267,1.0,1.0,432.4871709921402,0.05031009908856037
222,0.6036013399304401,-5.006153150510445,-2.421894594386006,-1.853381867051122,-0.46151661550476547,-6.182103715628096,-1.7777151316441993,-0.18762183775708174,0.30249445601121533,-4.737731698950994,-4.290250314962757,-6.724653220984259,-7.2651310708216075,0.0728923221013495,-7.563050421163871,1.3104389044084859,-9.340155239140104,-4.076770241186851,-7.412449133506792,0.0074225621038454676,-3.0487358453686104,-3.2950400980837995,-6.485630161838397,-0.27834529961862964,-3.514234621089072,-8.790355795445954,-7.0690493150206555,-9.637986492818982,-4.368609774787929,-4.939523478081528,0.4687088590872902,0.19700195126112396,-1.5287080382731169,-1.0727367553583327,0.4035622414344487,0.05108256631991992,-0.13258633192733638,-1.5545999986392458,-7.635000619519282,-6.575946139094333,-6.7228317011253145,-7.693654625098232,-3.53339128084685,-0.1654140872377977,-5.615009121576193,-6.376109838061508,-2.293772267153534,-8.16053012433532,-3.9969668220257573,-0.5574089952222322,1.0,1.0,469.11654026262914,0.016586383104937052
223,0.37270234142068037,-5.3606622345076635,-3.8190379310789324,-2.6481823933119655,-0.11052631363848774,-6.504004488955432,-2.184849285883986,0.34534307737604697,-0.11913813043412924,-4.922474835244366,-4.864412991493722,-7.018198199230313,-7.699636972682666,0.37069914211396787,-7.86097850284133,1.6146373190110748,-8.900720019742193,-4.6463103125310425,-6.906432962085832,0.1277202974681932,-4.582126109790001,-3.284476070383586,-5.848861705183495,-0.9257635807006799,-3.4570446623829647,-8.067454855921776,-6.769338991680653,-9.095456411935734,-3.953952546062841,-3.9826241074452455,0.4296512934250938,0.21917936104853197,-2.264078269887628,0.6656300628694936,0.9444240464079099,-0.3576736619006695,0.12384058290236433,-0.8920603340049447,-7.416909539146756,-6.875626038172555,-6.0867327911826585,-7.339167279846732,-4.156591505704582,0.16018493734063205,-6.391547770837558,-6.93577569924175,-2.135135199286898,-7.447945224099714,-3.2254494915412892,0.1825149753581587,1.0,1.0,351.44547604572006,0.6164384531320153
224,-0.025937344922057626,-5.324943561046792,-2.9825812584619875,-2.060723014862928,0.24963829297403262,-6.991294691938962,-1.3826639934700424,0.0814173403153372,0.3096334071371333,-4.570624087152713,-4.802805405562038,-6.6918449436166325,-7.463270823195087,0.2564976475749725,-8.13650780613547,1.4468226063927951,-8.798482179878789,-4.558354129218769,-7.332033518188558,0.2952588558066816,-4.290800061046021,-3.138758443023824,-6.061104037540534,0.10296903920742917,-4.417924970088697,-8.579708028679574,-6.709596340526989,-8.304288009819958,-3.886907984094366,-4.547244535259154,-0.684451444557663,0.7309183659995351,-1.8881380124269125,-0.18113067366739533,0.7856298494484972,-0.6526493410888075,-0.7581967693220228,-1.2680515321818335,-8.555102628317979,-6.911914494895407,-5.86538847306101,-7.561847435952286,-3.5102246824066463,-0.42519950824202946,-6.1062062690161465,-6.252249963881055,-2.8681261973038414,-7.553928072829829,-3.7975303927411277,-0.44764595220914555,1.0,1.0,398.85135894076086,0.23996160754444348
225,0.49505792890287786,-4.827108772363276,-3.430483784543393,-2.1243537243448936,0.43601694957711024,-6.539769010416929,-2.4306804492633445,0.870395621082637,-0.5129906560145683,-5.297943866345836,-5.303253192574931,-6.443724296874064,-7.425782076146373,-0.032701143602989244,-8.07257335680399,1.5322616977919927,-9.772512306214555,-3.890241232732894,-7.859084097849373,-0.0714868299037338,-3.7951728555024498,-3.714174091270647,-5.61129636321891,-0.3911334112192329,-4.5457701062917275,-8.53887137865428,-6.9960814630596255,-9.028416134253463,-3.0702743748767287,-4.985162039796203,-0.5829777175438994,0.8437559359823021,-2.3438628045767462,-0.20134924606282428,1.3681691564988188,-0.949224125127724,-0.6065061682894114,-0.20362768372415063,-7.5393016862696,-7.273249752702396,-5.3854595002205325,-8.296556973103229,-3.835216299678959,-0.43715654334753473,-6.447384656555129,-6.3008228129701065,-1.5760472608178908,-7.40095552011506,-2.9179158041091133,0.33743926288947323,1.0,1.0,383.45223003569754,0.5609314200348136
226,0.3217694155801272,-6.006879849596887,-2.6539631850708347,-2.347200777175601,-0.23297558804059879,-7.41719409058234,-1.7976429209622415,0.40766464401657726,0.20238644186047178,-5.0712128614551,-4.429208895075784,-6.585278381333299,-7.667861409282852,0.5435015586322667,-8.118241178421773,0.750097618983359,-8.491302889012475,-3.4908727095505325,-6.85424059456498,-0.3375294678095955,-3.9396042593771234,-3.703707568771164,-6.464875441900242,-0.20681440237551335,-4.683748469349954,-7.655075228984641,-6.562428186854442,-9.844649743291413,-4.224224183853547,-4.113458088114125,-0.04272964051395667,1.1796861674338863,-2.336001706871797,-0.6889367644254281,0.3853186096865679,-0.9368007085653833,-0.6709557069407542,-1.3776959112127558,-7.6862805485728884,-6.321164481676159,-6.0449345005277735,-7.3377614954815495,-3.9191543276901397,-0.5990288094571019,-6.223114799153951,-6.856423219896463,-2.1266505559238795,-7.299965698069452,-3.490309670230029,-0.5091387407445227,1.0,1.0,356.4013880926736,0.5877341767236014
227,0.42523684038252213,-4.874531611060623,-2.7561584238430203,-2.864824415374398,0.8754418856299377,-6.512261487677562,-2.1762218567830502,-0.543342716299306,-0.5023943374556743,-4.454232976818943,-5.001483758564095,-7.116961399861118,-7.217485379995228,-0.5954783508488461,-8.068904843871685,0.9381976559979405,-9.335180563526944,-3.428220066294015,-6.652796865173397,0.8239905220162345,-3.8793326908146453,-3.0774976713191005,-5.916304698838349,-0.8695116266279008,-3.364830992244737,-9.049825922628806,-5.957542722160627,-8.781880144857462,-4.556527531849985,-4.223577535882995,0.6735094807030033,0.18203680341032585,-1.5608736409149397,-1.5117532757845709,-0.019828795366173102,-0.6464512045331927,-1.085487784072761,-1.2573351853791297,-8.364208685428608,-6.741889318842338,-5.91782325762262,-7.842424205273889,-3.508174010331592,-0.14159884740281942,-6.53272940250809,-6.0748673688541555,-2.2999356453498185,-7.329406058287127,-3.1391609727418515,0.5162324338750172,1.0,1.0,320.4568523560836,0.7463237017498767
228,0.3137649871093265,-4.223665949656897,-3.403973800394279,-2.9596512776410497,-0.29005929726720475,-6.885503761356972,-2.104023061413737,1.0343212076388757,-0.2801749942703033,-5.396970532459081,-4.629727444363205,-7.2517855621839145,-8.072703415043302,0.8059957623632037,-7.584045993138541,0.82115167584461,-8.873620901707332,-4.399361273317723,-6.835673490197811,-0.6828784785791614,-3.5694043964966244,-3.6945928692278023,-6.172256570746315,-0.16244267479358504,-4.059614161573313,-8.689845874695248,-6.468640867412832,-8.731028757549012,-4.25189398178447,-4.701951585594797,-0.15415450808253017,0.8029387134806931,-1.387857369159662,-0.9425660604791493,0.8123305659818487,-0.9148608700559503,-0.4704599708332212,-1.097740266033345,-7.4568997297705755,-5.8311202398039,-5.780681781495311,-8.088261049667382,-2.8277321053388107,0.08979234598119773,-6.19223745081972,-7.028241878439481,-2.8126351878714484,-7.329026847927263,-2.6587406335914987,-0.7910688424856316,1.0,1.0,371.27977549993795,0.3202627463374468
229,0.8159868203879588,-4.93709208945464,-2.0549234376790504,-3.0436663937509922,-0.2527855267262327,-6.0115693446295495,-1.5283841441276305,0.7803690157006109,-0.6114449641308823,-5.768473528470464,-4.424072909321296,-6.7925655143676185,-8.17193845330685,0.588975709542693,-7.782878855858789,1.1805691316596796,-8.448273382373197,-3.7217986677969117,-6.859347373848078,0.0960707646511015,-4.148410264597703,-3.6121353689030338,-5.8779887096271315,-0.0022448166245735424,-4.260137150979647,-8.627496376127665,-6.731134778756909,-8.646918887983002,-4.312268880929692,-4.375185487007931,-0.06831321277946972,0.648483926607556,-1.802883790454866,0.2650399459911148,0.5318198802390012,-0.43967288868940724,-0.4362423186143634,-1.1042839700903326,-8.177953348388757,-6.387724530888055,-6.261809515920843,-7.986693004890062,-3.3584323980181856,-0.5198079663005315,-6.729605121352173,-6.458943606763481,-1.6984203270412177,-7.02188712543749,-3.4335193056967763,-0.13695092476631232,1.0,1.0,371.70942956770955,0.286750342678525
230,0.6223140441710447,-4.826317523454149,-3.045266627400101,-3.0294273668823015,0.14232234423342882,-5.465123226862411,-1.9640921629585884,0.1202279875732438,0.03413190299547673,-5.457879069876892,-4.273969055628525,-7.054878475231236,-7.970738645436062,-0.27728246966509895,-8.170218445283652,0.8007574318825055,-9.632404152913606,-4.350747748553919,-6.7057963491658095,-0.10747071244268924,-4.2076212138709845,-2.8781302647692297,-5.817254288168193,0.412497854674324,-3.8059218204070704,-8.779772105437877,-6.249106479335937,-9.172281571549496,-3.815687007275148,-4.109826384374167,0.1721698841640516,0.820250217487473,-2.19400877041257,-0.6819400676546675,0.7080886405635591,-1.3875717232469564,-0.972734516155821,-1.2212373775614127,-7.502802535082397,-6.860912082483229,-7.004305735368711,-7.099653426192069,-3.7039166579219693,-0.6618651084717142,-5.995615477039375,-6.3232349206087655,-1.1886337371009401,-7.658290575515438,-3.04188588983198,-0.02150032476029426,1.0,1.0,340.6785467895355,0.645253432742177
231,0.2529778070368061,-5.3736572898944175,-3.54085263799076,-2.79438088219604,-0.5015607508778908,-6.50994855972321,-3.018196276563278,0.368806881207595,0.5078662825630189,-4.771480318424881,-4.3365163294302835,-7.263002917419953,-7.370564476779759,0.3082685420459589,-8.438086480715953,1.2342163821440992,-8.653027903476998,-3.823712751964708,-7.240803152814044,-0.16895572881326132,-3.9688360269507066,-3.6700091636470056,-5.828327027072931,-0.5937542997348815,-3.898062002595918,-9.019719563213021,-7.372208317491128,-9.286432893124484,-4.035910309592523,-4.584901579853231,-0.31366172179835805,1.4321027297495652,-1.6863186914154098,-0.2864175379532003,1.0318645805216442,-0.495096857999187,0.16424537203759038,-0.4647599302795046,-7.960346238097777,-6.577022631994566,-6.534754773491088,-8.05605175786086,-3.1557092481921876,-0.6979154226864958,-6.0008287800218385,-5.934182829150379,-2.47870104393223,-6.914136842512113,-3.759567838736703,0.18166461830313402,1.0,1.0,374.17597111115646,0.6115928772355772
232,0.0369080703122906,-4.840486884749707,-2.754216917497526,-2.721829440562444,0.14146607106284656,-6.722739604615672,-2.0903782473226107,0.272878973039351,-0.907467802082716,-5.042017906773555,-4.676706595691929,-7.020424445319668,-7.652825831149084,0.7820138252956425,-8.253283509264874,0.6215218720439944,-9.987641968642741,-4.083526614726792,-6.167606226970626,0.16672630203355565,-4.25281925753966,-3.2846530920473325,-6.761297954983799,-0.33016570011671353,-3.7008722765211166,-8.367917303195988,-7.350656881508175,-9.496037048861574,-4.247040316781602,-4.095524284588988,0.7650943855545659,0.8997914566539325,-2.9136165681225696,-0.659287276874781,0.40277250851970947,-0.7067294820272192,-0.42968447106876395,-1.215304820549353,-7.748390619810636,-6.743697912561655,-6.328153434006668,-7.03649101236856,-3.9954615718665405,-0.8248664009704597,-5.420994071451314,-6.442334116104002,-2.8803518371404415,-7.445028114105529,-2.9674311504475397,0.07858553955544378,1.0,1.0,382.1084882083934,0.5220917919324671
233,0.33764919727758913,-4.739953206218376,-2.6458255933898758,-2.424787230299489,0.9243663208855587,-6.237737821096497,-2.41738327425785,1.046384788246384,-0.41632110761480984,-4.715874267206783,-4.202921117023622,-6.920377176157119,-7.927907124111737,0.20476004461154154,-7.9163330208063165,1.7902475231956863,-8.998079571512832,-3.937732583261006,-6.651217400185473,-0.5950031630969235,-3.1928051305332117,-3.5450210665940993,-6.868544586982093,-0.5211363635982158,-4.031902381767567,-7.886813650197677,-6.489657463261295,-9.325899927223448,-4.188727823086208,-4.401746210774518,0.808804520872245,0.7226527466351058,-1.8245530812073572,-0.473178264852117,0.4733810426176517,-1.4079046368893828,-0.40099019569097455,-1.5286655249942185,-8.118953305506205,-6.550312546291161,-6.2189530218716,-8.119940544023805,-2.8567919111260665,0.15366248391221293,-5.982740737675968,-6.59909316710203,-2.2614982106753128,-8.107001190369981,-3.2239616870448855,0.23815099908677478,1.0,1.0,345.7386968865197,0.6487732591640539
234,0.852796860198836,-4.98786408759441,-3.0215853417939544,-2.2533795538691526,-0.4499921100689315,-7.078670856447829,-2.9119538318435048,0.45878916079851884,-0.506627490671479,-4.929324821433417,-3.8134448667465866,-6.691175268884815,-7.830083870733297,1.125153026529038,-7.434162937563169,0.9657021638923629,-9.746547951550328,-4.309241660704266,-8.069726650413687,0.14944591677029645,-4.563254799154951,-3.7505118256049728,-6.447816576740538,-0.42578828765937216,-3.3103642164870637,-8.718242726550965,-6.050997529122567,-9.159857340331492,-5.019019678792364,-4.9171936517716714,0.9050370952834722,0.9529929789496463,-2.6531507844156317,-1.0673617396823194,-0.0762600668539305,-0.7879300847690823,0.12084200923425159,-1.1402688548417517,-7.9980446135515,-6.934825901270314,-5.7009039950820535,-8.43152410894294,-3.865486996145261,-0.398816031918634,-6.513496545452858,-7.172276605898254,-1.5724306058660247,-6.917459407778075,-2.9593361836819905,0.1066163741150275,1.0,1.0,417.47601523945934,0.5137718869928442
235,0.4275680493941759,-5.0804161976276925,-2.937893452416925,-2.6527893566158287,0.2366534742100096,-5.908515503311624,-2.292607485925387,-0.10434141171014838,0.6494658734734967,-4.5106145947001055,-4.310567265205941,-6.231999758916549,-8.015309948935784,-0.35885483531276574,-7.836915697009787,0.19458590821580435,-9.41186500514699,-3.6096256285390322,-7.235146626238626,-0.07991409593947943,-4.210778333563151,-2.8484506798172013,-6.147820355521994,-1.458841719546101,-3.466611661752694,-8.156436918032767,-6.625099468047652,-9.588539405453197,-5.152210468748604,-4.535705492120575,0.3249437251125048,0.8904857902672489,-1.4826573882990377,-0.5807418714128211,0.6148453811567993,-1.1486109685335437,-0.2504861945446515,-0.8719662210286493,-7.224612351570984,-6.131540700401341,-6.317631407796981,-8.676861449862297,-3.331723418794104,-0.0870456972592068,-6.274272896758963,-6.688857168795636,-2.1123003498625463,-7.01728973333765,-3.0662995935884796,-0.40741939669396215,1.0,1.0,324.8281391893733,0.7659552422607642
236,-0.17463692954321608,-5.905605178580781,-2.9192092021058027,-3.0527122675034426,-0.11944972853005488,-6.310554522423228,-1.9086507884329336,-0.30713880421829165,-0.12898249420555644,-5.409526016185179,-5.134363892337755,-7.137032467949089,-7.820639702654799,-0.18921399079989165,-7.8360592553247095,0.18628593659594794,-9.312166959996716,-4.148354780457904,-6.825811099019095,0.21383588134440168,-3.4721990042412307,-3.2033615201668773,-5.9412694119644796,-0.9278898164649629,-3.496799530110598,-8.328779692001762,-7.179091534586216,-8.883563169375554,-3.777507492212878,-3.579162385555831,0.6762971499380663,0.7392386291099581,-2.27091880027529,-0.3813989975446615,0.8852781550496971,-0.29506531234886313,-0.030640041704464605,-1.0488754285544153,-7.810134251962337,-6.283559861012034,-5.762072571239622,-8.438003926099446,-3.1136017973236476,-0.7156896063344714,-5.97805270519347,-6.263879755246773,-1.8331728472183606,-7.6537578816476195,-2.3660960612201842,0.034293184338190064,1.0,1.0,380.47197641642487,0.2670995371608739
237,-0.5343997839140293,-4.901947066568698,-3.09655794632964,-2.2059646781300466,0.27618646798266794,-6.060616964743164,-1.9868008062505083,-0.6657450185352985,-0.12085623459860287,-4.906610532554208,-4.865240471727141,-7.357068941445235,-7.85956235760861,-0.39484695060854874,-8.111033592561531,0.7580758091590678,-9.566845540985108,-3.3896761353919493,-7.278923611858626,-0.048122402345235404,-4.323238637888331,-3.558190727146233,-6.6485811066792015,-0.13266864559417085,-3.722471897157654,-8.329187323499932,-6.668020532001327,-9.167972393117285,-4.289344658832317,-3.7474001888309956,0.6676856195241601,0.7548600466964944,-1.300115323086581,-0.794999159944207,0.2334322813320613,-0.5270773658873775,-0.21015736710519675,-0.9519550419806554,-7.898374177881413,-6.420461328164948,-5.299863053262153,-8.456045524989081,-3.173154166468518,-0.07967742875893477,-5.792124573445964,-6.457177999612617,-2.5346677964770787,-7.279228708973217,-2.9152611486600817,-0.6069353273182494,1.0,1.0,353.4858539973157,0.5906020982789384
238,-0.09642371196906763,-5.375283231689215,-2.612358377653508,-3.0177634020669433,0.00552012388161021,-6.483727017942639,-2.7173722906334454,-0.15456763840422788,0.44520441781197234,-4.573690959625697,-4.391819963939743,-6.992506326343557,-7.568325335842062,-0.06266229250808056,-8.497784092090392,1.5665287833111894,-9.636498049364624,-3.954871665183879,-7.354380332030184,-0.23080066952238215,-3.3818259536205595,-3.3754188297274776,-6.787701088891893,-0.1335282336411922,-3.903350952653453,-8.416281579030175,-6.891164375827417,-10.165342097550193,-4.135368452647312,-4.646115008551176,0.6724616132382126,0.43414238573055847,-1.623132537672619,0.20468705490314643,-0.23305670445579696,-0.5305448745146598,-0.9296929702885999,-1.6133902551968746,-8.019342307802132,-6.683026755265115,-5.926212766826967,-7.750846881090966,-3.5927435961454743,-0.7366154035498294,-6.531983143117929,-6.617439496141556,-1.6461436880485874,-7.170382239101944,-3.502514012924357,-0.5255640053863634,1.0,1.0,383.5976037331576,0.759866644589745
239,-0.18301480891476984,-5.39991562296301,-2.7229338424331506,-2.626954171708457,-0.0033011608368018926,-6.210047616083693,-1.7024772928326186,0.0009831505958021458,0.19475415254598114,-4.435967174608247,-4.291241827027347,-7.065623116586595,-7.400565324120688,0.2850178295356924,-7.968959719186847,0.799954909961877,-9.537493535302863,-4.328206764716319,-7.273835722107344,-0.4338840333530581,-3.8978453426293393,-4.028657307085429,-6.303113275655604,-0.9268746242943743,-3.3729259249561925,-8.254151113590284,-7.005871674776745,-9.704641590413841,-3.9841050920231322,-4.066994185590025,0.02349812960407771,0.6391186230128381,-2.0618856625745012,-0.18667435606124685,0.2169027919088679,-0.7252865404807376,-0.3799025200815985,-0.5085890749799478,-7.561532460905373,-5.804121950548661,-5.9539063178414064,-8.320301259296004,-3.522971914525613,-0.6469345750676507,-5.596938437415745,-6.515653026864605,-1.7400062171438506,-7.468042169047845,-2.293441257636874,0.4375114711428759,1.0,1.0,375.7943006669126,0.267491323328992
240,0.03928355332736708,-5.396561047383339,-3.097963287111103,-2.99330899122144,-0.026799299322723076,-6.236665155338181,-1.6329064862741838,0.13402121858449229,0.08921861613433274,-5.137297993318916,-4.712393318012434,-7.149903476086784,-8.761516682808473,-0.3241531788204891,-7.606371773051131,1.5912959488032385,-9.605219984582046,-4.38709157261761,-8.082340831691859,-0.08838171871216914,-3.2868802386991884,-3.516622558112101,-6.195110282407311,-0.45160313986113737,-3.5215756799962716,-8.621313290750168,-6.334380950719086,-9.05022660495224,-4.8847263554623,-3.8397288233419147,0.31329817733316856,0.29441477377857445,-2.55399525463712,-0.7452343476867669,0.7879124528206455,-1.0385780793639592,-0.6327253663254823,-1.2131876623896256,-7.5248170186167025,-6.072948469743511,-6.525144118014813,-8.721097141679063,-3.484491069689832,-1.0028761114365794,-5.514824521639139,-6.443677255131897,-2.000665536453712,-7.622088944244714,-3.237280223722988,-0.754412469963493,1.0,1.0,408.87079840765966,0.4893055973878515
241,-0.20329570634141136,-5.340127853346892,-2.3890891659357756,-2.510619962990058,-0.2156137556715927,-6.189516532431836,-1.5996314128533184,0.7318404019740885,-0.34560761280461544,-4.741441841555096,-4.4877841669170175,-6.6533560277307195,-7.34084320167353,0.12974346085385408,-8.00240955745105,1.0554457504608967,-8.456338069865396,-3.8559754200492202,-6.926505223867635,0.1810796424364924,-4.1100835817179036,-3.226448258471974,-5.513102482829225,-0.5499347647593608,-3.6059167916839714,-8.276037359206468,-6.26646510586266,-9.212807160063342,-4.856794287353171,-4.726299121469729,-0.3653223533250558,1.1651606839313033,-2.5188215133425063,-0.009888747985380919,0.29727005453985256,-1.2445378942334413,-0.601018045299956,-0.8544066299213087,-7.476436307709258,-6.503488415433761,-6.200829575720228,-8.015174960826947,-3.5338028786149156,-0.23029727725098592,-5.5295370302806655,-6.56724714762377,-1.5567269523059382,-7.420420710963879,-2.71428030345545,-0.7331705839907602,1.0,1.0,337.23056356931534,0.29253613406172246
242,-0.1322127194973423,-4.736082107075484,-3.0540500675882574,-2.1831632363500946,-0.5830167737018842,-6.123569653699566,-2.297867871117552,-0.0036486004019540275,0.3000053960486836,-5.65498791145272,-5.746316770441386,-6.79334157929202,-7.372161588773264,0.07181514017503436,-8.071932455183582,1.0721854067165093,-9.613509733234999,-4.483395664055132,-8.512059255876084,0.47227402393111734,-4.585043857657141,-3.056792212237032,-5.710841330253595,0.013565879426806537,-4.709683702209156,-7.9759514671926315,-6.554455511612072,-9.610457784931725,-3.8134680356435644,-4.298689008091328,0.39856654187102464,-0.1685500152802868,-2.040290617828505,0.30293890102907095,0.14386466350097105,-0.7938893387417788,-0.8625577114939769,-1.1900492810694083,-7.567076941256204,-6.452391874715547,-5.5904994875623,-8.069020736488124,-3.2901406711730554,-0.03449064311642139,-5.55216348261829,-6.585190078681783,-2.2654902006400284,-7.828140426932112,-2.275931158106088,-0.8086196745413142,1.0,1.0,398.69515101137245,0.3692322331098404
243,0.41150349213575843,-5.310819011371595,-3.0766516406447257,-2.714527862937192,-0.3683274726126107,-5.760534342636788,-1.465940290897195,-0.43354026764458875,-0.3648580204597003,-5.117952355765354,-4.370136883706636,-6.411505581570932,-7.412687245441913,0.41870545097970663,-8.542232665465214,0.6527429152971012,-8.999574669577004,-4.186789958676278,-7.56271318933076,0.2819177117536713,-4.245055004085732,-3.763768610685704,-6.596056452769133,-1.460277455385706,-3.7902191427020884,-7.574676134272847,-6.7181480337399755,-9.5897820779239,-4.5701976007794824,-4.942200793748028,-0.1482262026260623,0.35338398799526016,-2.1700980986343126,-0.6922390919922345,0.5044875782529632,-1.0691820905325664,-0.42978143290324244,-1.695173699885077,-8.03218218949414,-6.042403086899578,-6.488963706958378,-7.556161990449796,-3.516641637950902,-0.45432758766304504,-6.07419823448446,-6.92178148567881,-2.7302042217011024,-7.160915504809109,-3.297405992106911,0.10007847133766856,1.0,1.0,445.5989502312443,0.06000159448697256
244,0.3680093356313915,-5.279960617670444,-3.443330323181313,-2.4135512899401594,0.6327046405771777,-6.420483999785033,-1.4986389060604588,0.36414561944320034,-0.39450128412954916,-5.120803019091692,-4.153627588691949,-7.0936459002608565,-7.89584853135183,0.31461345358450776,-7.843529662362428,1.1220522630815724,-9.137580042171791,-4.411680502854243,-6.938282857431094,0.2395007989156666,-4.230985205987226,-4.183573224927348,-6.901992458162083,-0.6137014862576476,-3.674174602181323,-8.46892527259243,-5.618425972074285,-8.509796911742086,-4.214937690929816,-5.071095291014777,0.5579833068738151,0.49610823410084404,-1.4093331736459174,-0.1800446125693004,0.29876562988788125,-1.4837838160515924,-0.4132941747280986,-1.1664208726973941,-7.812020408204798,-7.16874277751193,-6.164567965676852,-7.805888545928013,-3.5556250306632005,0.14849823475518592,-6.607150825290247,-7.042922311315734,-2.294368184628769,-7.7447964241203575,-1.8528623904376378,-0.2276721398615191,1.0,1.0,483.61252331794805,0.015474689838594104
245,0.6248668191096354,-5.902206526748705,-3.9368938996219915,-2.713004942074213,-0.35199952810290835,-6.63717604878336,-2.471413948654319,0.7225050035921978,0.1441100644055598,-5.477394731559623,-4.882807965802562,-5.959510198465081,-7.093611236130429,-0.7924022716008953,-7.875280670572957,0.796803310011055,-9.213219523562378,-3.6997109507009776,-7.829560507380929,0.13649708904873648,-4.420678550665194,-2.8951635204482633,-5.915646340134064,-1.0364225487739063,-3.6933351134582404,-8.201127954155059,-6.560201442261078,-8.881640614535344,-3.7499478657371914,-4.650562618450535,-0.14021206800668778,0.3905957847770247,-2.293093416500038,-0.8229931797374139,0.21396053496463813,-0.5908337844725448,-1.1048174787562473,-0.9862103667356642,-7.741631304614998,-7.094756937582454,-5.799811254835225,-7.479269091665393,-3.0659488096141096,-0.009002713540883417,-5.868669165987463,-7.176616440635589,-1.8024049922317669,-6.95024283563023,-3.561458381945137,-0.24174502168261147,1.0,1.0,345.783927134932,0.6077195740417389
246,-0.6297671013415485,-5.260407408005984,-2.5387270727570974,-1.840762624300021,0.31480698127178497,-6.41209255057434,-2.5133691736284733,0.4022802591220554,0.4040197084995451,-6.1439427285986765,-4.545384096748989,-6.863086136648,-8.055679999029891,-0.2729999801438996,-8.676738906300107,2.0108750815841323,-9.724765019494358,-3.085434202165502,-6.968952935867642,0.036336005113517526,-4.247969152294907,-3.301657215676633,-5.813718820344834,-0.11434110234800948,-3.822808864180542,-8.788755497403953,-6.892214204207494,-9.254833264838863,-4.27533854474451,-3.6497753519872282,0.7291555892246211,1.0974258362882479,-1.6757076607856316,-0.3143837420682951,-0.11783181942188259,-0.4132752591766118,0.18386504128310655,-1.2468211258102908,-7.988619567144482,-6.132449048621412,-5.927054328660974,-8.372922260475113,-3.059055463319483,0.021496931750235454,-5.618897723937401,-6.814547632107531,-2.3652457147312296,-7.805916644228065,-3.315376124899554,-0.2086609464919855,1.0,1.0,413.4643488038115,0.3622073315935981
247,0.35137601886057923,-5.33283221929365,-2.9787451375550726,-2.683198070596705,-0.4126075993785941,-6.177890518461883,-2.491207555312131,0.1799690484948463,0.4500445119063964,-5.302982568731861,-4.676948916444447,-6.7662499675214205,-8.438922687227743,0.37168203893679674,-8.296475380086727,1.2766099103274156,-8.103388684971243,-3.9034799698032194,-6.5741149345978105,0.7723859381893013,-4.737918972721857,-4.006309447898536,-6.872013418828791,-0.5676521491534485,-4.304792358112291,-9.156472680162253,-6.627426164764328,-9.21571754106928,-3.597683476107363,-4.616774193453847,1.0564121331351486,0.363855816162596,-1.8800396374154553,0.021642613831092117,0.9041217619479347,-0.83658930328837,-0.3579980614124206,-0.7305020314535918,-7.7513178249259465,-6.579508904838786,-5.842853736603381,-7.458896044350722,-3.804152719678379,0.036511789539149214,-5.767048143902744,-6.455646807513056,-1.7657398764862813,-7.7402549712119075,-2.8950329491997913,-0.5218957408869181,1.0,1.0,377.62177696586076,0.49826720612239167
248,0.17641285018946123,-5.419714045778709,-2.5746035287638387,-3.3979367111207828,-0.4230663414480714,-6.174384249452232,-1.959871105946854,-0.21092623509896563,-0.44171404136020487,-5.077004581689035,-4.757132484177733,-6.081533973165386,-8.090187191880137,0.17561154390312111,-7.931017179347461,1.9879390034189677,-8.965835979569441,-4.231057027252907,-7.4297461987621425,0.306455723548748,-3.7165000511809003,-3.2999672026699143,-6.172926298901205,-0.6350584721046519,-3.89699417199441,-8.054663185457517,-5.613507446264194,-9.166188072215384,-4.301194569579996,-4.606750422964159,-0.013492913699864634,0.5202458551547127,-2.393612925927694,-0.43260512241082527,0.33872977780737956,-1.221406827392155,-0.8265275697432775,-0.598984250131182,-7.308480353774366,-6.385271649566795,-6.357380424361234,-7.9687161713839485,-3.1204546424421826,-0.44403386401785866,-5.939501039350304,-6.463340858169716,-2.4315993325333967,-7.770039484043819,-2.853029253034999,-0.8381753629273925,1.0,1.0,338.0912344270991,0.5919612142383158
249,0.9195492026453443,-6.25656704162111,-3.8758529204090086,-2.6884452101797955,0.9123458170953674,-6.050089890256826,-2.0139937447539986,0.3045714449341547,0.6334546301104804,-4.861000067865356,-4.7484960866601345,-6.758594600793534,-7.712713065208465,-0.35336736159834103,-7.8687371750683655,0.8216605861201081,-9.048913961745091,-3.8402895614897825,-8.255310107706782,0.507111834356685,-3.665825474707317,-2.408422695326652,-5.951984281817787,-0.3093152879632454,-3.9120036424104225,-8.866578342309573,-6.771690272144129,-8.766388505097911,-4.641705361499976,-4.481204070237253,0.22997230593593312,0.1263210352040417,-1.931318653554422,-0.05453018089242745,0.3759957525462249,-1.058201875696473,0.1853229098184418,-2.003552986183505,-8.07065887261294,-6.440470673601073,-6.273603079085792,-7.496176939699674,-3.3342254321698483,-0.3862640959925916,-6.170357356421882,-6.973051057212032,-2.3983546732541594,-7.413990532895254,-2.5723838040935396,0.2502714134763875,1.0,1.0,402.8202572926533,0.3349307441454727
250,0.16618221633181324,-5.453470477960972,-2.9141378525879196,-1.9151938806327724,0.5431430407710913,-6.090461738385399,-1.6239597772685697,0.04434321586890691,0.042402693554216754,-4.92082103710744,-3.9086429200026322,-6.90683753377127,-8.197698243614463,-0.30506296673403344,-8.154262646850015,1.5748942393904781,-9.004724787895356,-4.178409766012348,-7.9120352535641425,0.2091685808134575,-4.149567774543527,-2.923601307428563,-6.243139444428061,-0.17938632223522488,-3.631143269774252,-8.728724615475434,-6.158490496748397,-8.72957548738406,-3.843195824993721,-3.9735736013244063,0.24573545172688704,0.2837197404991709,-2.63676029002103,-0.224822166801977,0.2562261879069849,-1.4132140659839258,0.0176952050379649,-1.1352218722461236,-6.979823550150179,-6.587297574266905,-6.113154797399739,-7.788260016494639,-3.149142448287458,-0.4894376967165044,-6.187186913263966,-6.224754254835186,-2.154581624859757,-7.239179890745387,-3.993409487874744,-0.6695400805778711,1.0,1.0,365.49616158824904,0.29409410005411996
251,0.25441813598209706,-4.888922315871764,-2.0215771471883226,-3.14153039704615,-0.3898247261563697,-6.4038745973399935,-1.8183270597224124,0.27696027187554717,0.14250908927282824,-4.620433021267602,-4.7632117283999795,-6.5753221093045005,-7.96074123750402,-0.5367501523331846,-8.133773424134954,1.2686655434499425,-9.042758966361873,-3.596422072251687,-7.331327260364856,0.33144161637033576,-4.289126184133842,-3.735969152678206,-6.163170274557826,-0.7156422381752398,-3.2732758967850164,-8.33711202193749,-5.9703184495509465,-8.953761639919064,-3.9607557539557012,-4.162970989268751,-0.49275650019427586,0.29485187452581085,-2.842319507287071,-0.15595565696783573,0.19402031794931623,-0.41931566892843,-0.1637770532767337,-0.8293787694896032,-7.7598534109809,-6.942035375251297,-5.817342081750349,-7.990883391072203,-2.9556986565678174,-0.314024546638251,-6.5820113452255615,-6.028790638953885,-2.648615144714289,-7.03609802508056,-4.054923037848002,0.05128463865994487,1.0,1.0,388.1475929370612,0.1352230484726019
252,-0.6179716802258004,-5.397280459063095,-3.3131208853051923,-2.7266772969573503,-0.12828123507182182,-6.530951740488477,-1.7486785398369427,-0.29505772406880815,-0.9822550327372696,-4.996314634142052,-4.673117518954197,-7.031781496664845,-7.5896254409964135,0.271088296595557,-7.4305424941110205,1.2003742280481218,-9.2980542790529,-3.724341399823289,-7.670803098870569,-0.45304975283703636,-4.109590764494285,-3.230955549515357,-7.027216214144918,-0.22866668087060732,-4.055339384496929,-8.5323191907221,-6.121316430240463,-8.974136522244478,-3.832052235223608,-4.301347756940803,0.45157999990410524,1.1512720091509934,-2.4337240342800555,0.01144174382136226,0.19855027751448517,-0.7317349033983481,-0.6468786019258568,-0.6532545294254442,-8.739023800801606,-6.296565845736432,-6.389767578682644,-7.8742372627949475,-3.325746180053541,-1.0963432472384302,-5.662966738211842,-7.258371439994745,-2.84250205258217,-7.111036474611936,-2.3874763987686647,-0.9422244419336269,1.0,1.0,369.4662738805501,0.6350979253078457
253,0.17466017974185852,-5.890728534652738,-2.5204096457313003,-2.4911853441674054,0.235996422391959,-6.241309077283392,-1.9302561829455112,0.2119846777969065,-0.0877931910281306,-5.436449868463415,-4.641685093008383,-6.8211966935952395,-7.31500776704823,0.06730094495301443,-8.234591702371304,1.0782906399188061,-9.760073938236285,-4.288210567461638,-6.857759654076372,-0.12646523755156192,-3.6812708798552145,-2.745225841723217,-6.7399848577052195,-0.13047232659947533,-4.104581756418412,-8.57727199265843,-7.082875136240412,-8.86286419813218,-4.212339232454794,-4.540454907875999,0.0377294563882874,1.0907805270455788,-0.9960241435820558,-0.42763200398243306,0.33830949839186686,-0.7825100567022958,-0.5850964036311596,-1.3165256654801423,-6.767120069653664,-5.739156188192772,-6.380520441668637,-8.406937806841634,-3.719583169525462,-0.4089089358885275,-6.554832345135462,-6.755412148711507,-2.7105662545057756,-7.891907400944586,-3.8447355811003363,-0.2936234986986454,1.0,1.0,373.6519038703963,0.666429926867542
254,-0.08205465756700747,-5.890376718176995,-3.1275482311646643,-2.3235426454241033,0.06191777247317731,-6.283243528905142,-2.263588781849685,0.932601914634398,-0.27687103757152404,-5.0936772977376,-5.559141623939345,-5.994511330219428,-7.651891893892513,0.10990658601484654,-8.74058888123961,0.8484333302147377,-9.022327438961545,-3.11526277761641,-7.631833443532283,0.5339796533218459,-4.106379408976395,-3.5105042279860537,-5.937571782104273,-1.3630941619829,-3.469480639762979,-8.761324222914824,-6.467345118926401,-8.84750958885002,-4.491296019899094,-4.5510956287780955,0.6602730433735939,1.013388792264876,-2.2851981899986225,-0.8644389550896182,0.4942723255650369,-0.4699396715056205,0.18435858199830646,-1.2981897467494747,-7.828638133369444,-5.872237091660837,-6.0305151058555895,-7.52136295117847,-3.8656339530909225,0.7908654212901369,-5.666568723933831,-6.982223643853156,-1.3805941677745253,-7.56503055368871,-3.337524254780777,0.2342362041020265,1.0,1.0,357.9341738714876,0.5873703898442825
255,1.0215616438031372,-4.7621933005882,-2.5794604928359743,-2.4063765447977494,-0.21501538128231748,-6.322527557399231,-2.703740630964341,1.0093994572636542,-0.9150925779993943,-4.937783462844627,-3.9807544149466363,-5.4333781921283855,-7.50524152882611,-0.6976658474863526,-7.991111776790137,1.199291056308482,-9.321978118729,-4.249416776689731,-8.029182159044359,-0.6731577195247396,-4.297464664633306,-3.268139728409772,-6.138768417687048,-0.975166184452785,-4.682302315426172,-8.98151127061803,-7.401602718761453,-9.212485270349326,-4.024475961308437,-4.352168971806665,0.4443097326984423,0.19413088035741555,-2.200212387473588,-0.7346889740106488,-0.16322408545502065,-0.541084712937933,-0.18259887603396455,-0.7591266607143397,-7.546783533059666,-6.848908486291176,-6.046571749731668,-8.230504271487275,-3.0474620661066045,-0.22391418656437134,-6.286953334697653,-7.2974723999270035,-2.0354048702562704,-8.177401230836816,-2.977281846897568,-0.13528609467135363,1.0,1.0,376.5718575689886,0.7002356640189463
256,0.08306510132273234,-5.1489183451362495,-3.548539831715857,-3.660747481352735,0.8328919022701362,-7.065155352444636,-1.7817490797517948,-0.1765100396395855,0.24354393694515292,-5.206310588348452,-4.3276303071597955,-5.773693666274902,-8.08106720189131,-0.13879948450740454,-7.870760195988969,1.7513311929245976,-8.868133313804169,-3.3221571099677067,-7.762915304744899,-0.13312400921620224,-3.805575695969781,-3.315088571405001,-6.632685180192111,-0.5788511528116741,-3.8662858722609905,-7.862047533752543,-6.244029622839512,-8.521074214276595,-3.8404367971749593,-4.097230882029741,0.593952770612572,0.11887099647299715,-1.2236881751095185,-0.5027811948187896,0.26912290383576476,-0.7000037971848363,0.26212399324988545,-1.1836655621521175,-7.268550040058522,-6.2373457760445845,-6.417631176035501,-8.833945041944048,-3.837379847058506,0.21846844218136618,-5.998093256430323,-6.4617097090146896,-1.909089763838364,-7.529016485128271,-3.3985532479377376,-0.630143578935872,1.0,1.0,347.68344819790894,0.5184451535806508
257,-0.16854994635149562,-5.432768683798724,-2.377711632907439,-2.3248763500502907,-0.19583351470500474,-7.05394901269307,-1.878999843073461,-0.1508811984849664,-0.24713429781038876,-5.16181529303231,-4.886134307045858,-6.3945512512629294,-7.677813920408386,0.2469123220571419,-8.398310539392085,0.8640648462470926,-8.617156433114184,-4.413930465754022,-6.799944364106735,-0.7457676708652784,-4.376989361157864,-3.148266318966514,-5.933020715545001,-1.2251952018900585,-4.558372086999354,-8.20635829955353,-6.532859629985694,-8.9492738183753,-4.22989888085483,-4.348899654705425,0.17017703663294367,0.00043717034686163725,-1.7667534084395293,-0.2393010603555117,0.9412285827484452,-0.3093735319138814,-1.3525280942399363,-0.99420037982955,-7.892998680576376,-5.877988246957573,-6.641210905094153,-8.07058508359376,-3.200699673646596,-0.15398842116133377,-5.95068480440979,-7.491928598700472,-2.1226657210387234,-8.043513656296494,-3.4794081466469575,-0.3511735679897805,1.0,1.0,373.6386953702265,0.5568529398165258
258,0.11094133074568188,-5.547253626849563,-2.4787056799334133,-2.6161066390121186,0.09921433412218472,-6.540302208129819,-2.19817413385678,0.4000939523433136,-0.45013156691365636,-5.360836354403644,-4.879334810790515,-7.114824674026363,-7.917980627127995,0.4964678082123965,-8.031731991218022,0.6264819886834782,-8.967772236409846,-3.0391485164813066,-7.134771041580205,-0.3600522347128044,-4.393131727865007,-2.926144495454932,-5.861096401475309,-0.6071406583326926,-3.6470267733831476,-8.224841028751001,-5.982179749692876,-8.635175013464277,-4.431139676807064,-4.098732459206783,-0.3354356248279792,0.980282855347522,-2.378143663849841,-0.5973002378487607,0.892920533045845,-1.1510751475527157,-0.6210974705279624,-0.8885624095814106,-7.289893710704996,-6.543341067799412,-6.52836033236408,-7.748419680656287,-3.11395388952077,-0.7828500828177798,-5.4648661365128115,-6.776788104376006,-2.317227036971482,-7.726748441096334,-3.2945029917882827,0.15386783572234491,1.0,1.0,384.08056610960466,0.1544144642132781
259,-0.12687692739426393,-5.26047534793027,-2.5975659232541948,-2.3547230694933683,0.2443429886589364,-6.7050380535789875,-2.102133559580582,0.04676905479662777,-0.8767879498501193,-5.97574787569592,-5.100765597314727,-6.275735968140385,-7.756885031564817,-0.0629593843227414,-7.975886240970639,0.7306066616054318,-9.742555976491698,-3.883836453425714,-7.517875861551439,0.7255236689761304,-3.875340934813024,-3.198656607256681,-5.729605254533713,0.08031076661993164,-3.7564064082790356,-8.30782386086815,-6.302342079030338,-9.492170266500475,-4.272338248122839,-4.72302439691001,-0.10011465888617782,0.7578204504875602,-2.332836418600192,-0.7924353189226886,0.3715161222879836,-0.7284984810196435,-0.33648692675113867,-1.2880916250352346,-8.183799682046407,-6.301050828996259,-5.982305287307531,-7.752096399231709,-2.803918877654486,0.004507472710917171,-6.050530745359756,-6.699924390390399,-2.4515943893855487,-7.62958183871959,-3.366722768756228,0.3466798679404306,1.0,1.0,374.2164427277321,0.6141057879514465
260,0.15681136516764616,-5.677873501833367,-2.794077580890844,-3.1628654123747033,0.6617224184697655,-6.3607593837223835,-1.5033705842911194,0.27622975011825124,-0.20879419005035652,-4.895551454929363,-4.830304891466607,-6.355313520967247,-8.326636313854673,0.3697785124102326,-8.026160581104019,1.5937204397613929,-9.186356257457739,-4.350809340120385,-7.228598751479153,0.6945016427926199,-3.495434179421593,-3.2938443921000196,-6.39569537180129,-0.34084737208750504,-3.7810735301973173,-8.170716923836927,-6.433733134576718,-8.84789385386239,-3.058567340093315,-3.7380472317064513,-0.397882364656982,0.3909837142072144,-1.9174624435922687,-0.6081964725110947,0.2192127521604279,-0.9070562672341982,-0.12848343383399125,-0.9291518490989458,-7.216276221897185,-5.421101581503831,-6.946593897690924,-8.262996775207867,-3.720404264571491,0.17682890271445956,-4.855580007083406,-6.601808318610523,-1.4614294852278904,-7.4732161349683714,-2.763570000313228,0.49060470329811934,1.0,1.0,352.7336066150415,0.26726631544187124
261,0.6064142550927912,-5.155942244390453,-2.4615633213798174,-2.1168811574075876,-0.4638959214264373,-5.913756747613483,-2.6348134787550377,0.14919553863468799,-0.28714529210722795,-4.540851752913343,-4.777610774426595,-6.478273232948347,-7.795844344862573,0.6191411725002574,-8.283619188115988,0.6628025238477256,-9.205840399187025,-3.522405473816469,-7.529762993947895,0.35738198820230466,-3.419977634612695,-3.4895656395447525,-5.910089932500968,-0.5046313378681075,-3.7871201000851715,-8.498059155407747,-6.117060661631805,-9.30247777835845,-4.48850821203719,-4.1419259973490155,0.12831291236101017,1.0363173410313447,-1.5399952326104802,-0.24033796449099368,0.7538598298170175,-1.1707040611977733,-0.03303518545990425,-1.0362807998693402,-7.307144115597803,-6.078200945383669,-6.200829607165639,-8.464662682761293,-2.8995356254618008,0.27107325219770007,-6.1214241184810945,-6.848664807188491,-2.183823524875074,-7.419519277135196,-3.465633794045695,-0.30667984340328375,1.0,1.0,361.2079294244147,0.35036736485022263
262,-0.0540992565906977,-5.121504681384142,-2.1731930958940753,-3.196407799897005,-0.21952514047128407,-7.1708543936710605,-2.3759403125640652,0.14857188793512185,-0.3771153228049113,-5.055695285619128,-4.987012041465426,-7.173563480777324,-8.055317902220908,0.5358607822134542,-8.348066098188704,2.192960831900211,-8.907251561560479,-4.290803206013389,-7.448056012742131,-0.1725923921709376,-4.295177123557689,-3.6340284807136536,-6.554479385100777,-0.35534409289337565,-3.7052032625190594,-9.408458539391209,-6.340482596282948,-8.686362594513673,-4.28260978275046,-4.315059760238581,-0.922061375631775,0.8780628405689583,-2.162658782205803,-0.6232056153764473,0.5128467705972759,-0.5643489233906139,-0.07620487503050649,-0.8612828251275632,-6.826504943925892,-6.207814757469472,-6.023803186852185,-8.32283513027518,-3.4678997562076437,-0.21415378813989794,-5.7190702310951185,-6.933591618142452,-2.962422731077038,-7.63931397237678,-3.2939936829087477,-0.30025624169409176,1.0,1.0,435.9914490479442,0.2550961918068601
263,0.42540391048587123,-4.537495016622232,-3.151719316563072,-3.346977317911904,-0.7010757225697725,-6.5939788947879165,-1.4751888084646203,0.05954512062984671,-0.42646112452407503,-4.954587837900793,-5.340456677180231,-6.449684619147412,-8.215328719898496,-0.020449595288745556,-7.586640092403163,1.2797795371872756,-8.860923208659022,-3.949086038627733,-7.551987510507026,0.17710046571139118,-4.0745805340907575,-3.4133365258417663,-7.461202541105123,-0.48420469172245567,-4.119311434406367,-7.754593497037373,-6.349835134478667,-8.76829070799415,-4.520398225606555,-4.818410543741682,-0.3187250816590801,0.1525166020036649,-1.462177908770653,-0.06620133163255315,0.5693948988774254,-1.019712352976041,0.10686734488680683,-0.942112874546523,-7.106486512219308,-6.260974118051705,-6.043582561152115,-8.369698263207928,-2.7712062454363,0.20741987183303018,-6.659556543534063,-7.483311766057165,-1.4174628973583392,-6.901895981144774,-2.6076336041152315,0.5138035646655879,1.0,1.0,364.5925010343562,0.45463173514181304
264,-0.4711099320029376,-5.876843743689484,-3.4460154374805394,-2.6399654760230638,-0.14781160166811305,-7.38018485866305,-1.6205834692327425,0.13823799124335956,-0.13326635096814055,-5.100592492841907,-4.404550132241888,-6.9578998830361005,-9.161224220588151,0.2404817720439347,-7.527321581912681,1.289209993556232,-9.398351327679086,-3.972511682698355,-7.640869521058654,-0.6497068623500265,-3.664703561710374,-3.5965899999416995,-6.31776607322167,-0.17992743818347434,-3.4608519832804805,-8.816002402340798,-6.375243863197417,-8.733610478672098,-3.72617183280378,-4.7217650949984895,0.76476480889525,0.30531028616071126,-1.9007923136836873,-0.3163948227168957,0.5851855533085966,-1.0787629338665654,-0.19619705408186253,-1.0467500872457753,-7.766589220475398,-6.638018119608347,-6.0222814768976365,-8.525165485323278,-3.6207268722148083,0.0997142201992463,-5.664257561160281,-7.361782329977115,-2.8227911243937407,-8.003396319571435,-3.7627360036450965,-0.06890991126643081,1.0,1.0,437.148293690235,0.5269538811464708
265,0.23385231162451775,-5.8078609692845955,-2.9311943920806884,-2.8983233827067427,0.07833116410055864,-6.5030778980209965,-1.6183522533487622,0.44180340156530745,0.4140304008763641,-5.4155279150124365,-4.6822722720021135,-6.882086292909795,-7.1617125286530205,0.08726183268884055,-8.08908565068056,1.6217303441308009,-9.223996384046574,-3.878917706642323,-6.643113779149653,-0.5610217267054803,-3.56930573647707,-3.599543323425457,-6.780857613946582,-0.37557446383859416,-3.8659173831057023,-8.487016392282747,-6.368780795549087,-9.229787221782164,-4.100854970141108,-5.129327814954442,0.31763510609838475,1.0534408804701594,-2.0533861560993745,-0.27938868486544594,0.34986725187985657,-1.2140362855531175,-0.45113056040716926,-1.0419682818331106,-7.199566097645394,-6.722794002413659,-6.499341604370127,-8.715581263642903,-3.6565384112366006,-0.12116407304975602,-6.060600616221209,-6.094111341256113,-2.4630656509653672,-8.064797464522165,-3.1047373999080325,0.06693415279524895,1.0,1.0,398.0407887071239,0.46044683284418764
266,0.47758046878716776,-5.274677678456014,-2.635783490917718,-3.5526452196964806,0.602156674358902,-6.314719518245516,-2.232501878946352,0.417978704413694,-0.22071330269594866,-4.357768336374297,-4.628637820834954,-6.873272031023702,-7.778458991639058,0.06640899832149144,-7.959424323749421,1.583854125599956,-10.580715153416742,-4.0134635701439505,-7.555184964214668,-0.1229822376976025,-4.720711838672948,-3.358343335255073,-6.298979882455104,-0.2993141935625775,-3.2056828462690636,-8.889209945525204,-6.848362272665436,-9.314392245936814,-3.983759834361052,-4.931271967851239,0.8213944593321126,0.8549167701792306,-2.1371126901380477,-0.09319863410143903,0.6745846546157731,0.11055065237991424,-1.260162873354608,-0.537062032951271,-7.262483162376735,-6.637917222180867,-6.8436936742968495,-8.247455927464317,-3.1662553098894533,-0.230357413124223,-5.975481824616955,-6.2373262474614615,-2.429170814305871,-7.807644856392535,-2.8827075779902605,-0.06098799924916207,1.0,1.0,454.4782884209516,0.2545497551896381
267,0.05074464114785468,-5.0487782692334315,-3.1096808908660387,-2.2943033558806105,-0.3168320133965125,-7.157442023846216,-1.7886894078192725,0.3949125045256033,0.7161566396835773,-4.879277281092159,-4.614016654072247,-6.6892630439984115,-7.966294468188593,0.674550612467781,-8.035523520377618,0.29961735075462326,-9.211388478244995,-4.1424281151745,-6.956524708328731,0.07122726955258753,-3.644570496425612,-3.302372007107818,-6.317221268521466,-0.34733667725465966,-4.336086530664628,-8.291825663013821,-6.316981318808497,-8.99559391732308,-3.4245839950852437,-4.47070754668389,0.6004805554512522,0.46279890317113703,-2.6490896618305904,-0.6194817502639128,0.7469062334461787,-0.9213957874169647,-0.2847354355993331,-1.2085213865883389,-7.124699619087574,-6.617071948870542,-6.2475678171870195,-8.336048663996257,-3.63708305205716,-1.2777030667830716,-6.287607940722824,-6.9701325244692915,-1.9354081327032828,-7.925021355613541,-3.091700169982608,-0.25244634737995747,1.0,1.0,417.90333785284264,0.17440270021641596
268,0.4897710803492641,-5.5983275138676705,-3.323548340739128,-2.3447481206437213,-0.22384511850172228,-5.860120521117288,-1.8345921631945403,0.601716459668042,-0.03941105398315857,-5.156734791071407,-4.99623208567791,-7.401471352695752,-8.158979737373642,0.6134957130095022,-7.379143270888645,1.6907851334144621,-9.247533368200205,-4.015820846966999,-7.179798175385205,-0.27257368674884763,-4.416786450780269,-3.483073051865904,-6.030922348707541,-0.04668618928332774,-3.942618913961644,-8.117916760805919,-6.977784965088775,-8.952316441225824,-4.027672711298294,-4.653628409180292,0.5747948192769035,0.4697622845704037,-2.1080112621549176,-0.23809433641123073,0.5070918073656453,-0.2502604529781207,0.1153259215602559,-1.2078024545311157,-8.353799961378,-6.536784479988602,-6.885543073737726,-7.804269102802294,-3.36296471701695,-0.2731546480115825,-6.054773839212527,-7.250718328826328,-2.7397788004663512,-7.376159982678718,-3.4650747800715993,-0.25546346886899374,1.0,1.0,384.3713078454341,0.6759508246977406
269,-0.04559491164142504,-5.558860104000755,-2.456618859353866,-3.1896187380981775,0.16899805422393246,-6.279852296589413,-1.5008317650909135,0.06679015857189191,1.2878780843038755,-4.339309481630798,-4.6144429442378865,-6.358586817492285,-7.501921726029463,-0.30062835707454877,-8.07965504678337,1.3454382176747626,-9.187734888926052,-4.391656939617001,-7.166978232302192,0.27277528389071204,-3.946766394033815,-3.6117826920669565,-6.763959729885104,0.06672865716225418,-3.4463991037080564,-8.486382429731645,-6.227371710634399,-8.525023118154898,-3.961569666873079,-4.176187614856866,0.07853424696231984,0.29249108652841865,-2.2695813075249953,-0.15381469234852194,0.4092640243619236,-0.4445210619638121,-0.08029788969485702,-1.7598816842205318,-7.78642002389799,-6.64076339853514,-6.085568163414005,-7.490667018867822,-3.2427277550050366,-0.005823427039889362,-5.781704176517679,-6.601001865629153,-1.316772452758551,-7.159990906213542,-2.9677996784967595,-0.02665376572835315,1.0,1.0,354.13522349465507,0.2417317502300886
270,0.22485497495369924,-5.4520117884458505,-3.1742318798586306,-2.350293670744551,0.21981266066473468,-5.896931253405576,-0.9957582194325135,-0.15343714983544,0.25692611089390754,-4.740677283141842,-4.6749540414275454,-6.8535460008485165,-6.992207617359276,-0.3565677610539112,-8.197877923540826,1.1929941576799696,-9.356591811256992,-4.216074610439535,-8.072836300626161,0.08457444933178133,-3.408405613516278,-3.80927435474676,-6.170818784179574,-0.3250831582778362,-3.949215814494535,-7.63184734161746,-6.8372991086391925,-8.493693858027525,-3.622457803933486,-3.7374730463357198,-0.45035676847451767,0.5491125960193539,-1.8479376258521707,-0.2659763520301651,0.4938995414154798,-0.24941440680889332,-0.5070556481066126,-0.690121172044746,-7.898861796509176,-6.489024400372108,-5.920943804395895,-7.690588686974599,-3.7490559135929815,-0.006427300172013484,-6.141773714507843,-6.496424794302403,-2.3466758767121734,-7.9146084142728395,-3.1953050475905123,-0.15020936069369623,1.0,1.0,353.50989461761213,0.350576536701875
271,0.22036524493822443,-5.288675872389942,-2.8104008487702394,-2.171432609320436,0.5118504396417362,-6.008160179468125,-2.2690781176363353,0.5274527999931237,-0.5514851468341916,-4.845563802502589,-5.141865810763835,-6.394063701517646,-8.037656610165016,-0.3886885880519233,-8.18053573531673,1.245877645206966,-9.349205940683076,-3.5323844910017375,-8.144359571513155,0.08486593562499511,-3.7105332477821498,-3.9631705312256122,-6.897411943177925,-0.6029686309250725,-3.8919486012063813,-8.614990173043537,-6.27807034648701,-8.876925439124394,-4.575506146016831,-4.203817670376404,0.6791010994464991,0.6671618837326005,-1.8736163513598763,-1.0771094101245542,0.8313319243463722,-0.2730300529085039,-0.5125507353049704,-1.0206062945020555,-7.776626238038151,-6.593677079850041,-5.942212006817811,-8.440792730298014,-3.9495469822395735,0.25945981523023376,-6.410530743971707,-6.755742030988831,-1.8906383949059185,-7.685385533028859,-3.5385661165541493,0.30145994045692726,1.0,1.0,479.3196794030733,0.07313166954052015
272,0.2806484482029993,-4.860289795356873,-3.3617534696946,-2.187566353588849,0.012824349103365669,-6.4442729707251605,-2.4388769550352896,0.14366244297653671,0.3271315821348859,-5.102414142962391,-4.164814690616472,-6.613000152803914,-7.7567297199504885,0.3309073835879486,-8.610864826487985,1.0606314096000693,-9.234956599695685,-3.9021616703846163,-7.107699205671702,0.6390664970937114,-3.54183264458952,-3.4180826003953118,-6.603703410001664,-1.0334702615506393,-4.145341145760901,-8.229951172701258,-6.78709011451417,-9.093250092591465,-4.212293480052248,-4.380824770891023,0.13227210884421334,0.2090238672134182,-1.801050233949375,-0.5117551133484672,0.8094457489790438,-1.2454332767713696,-0.14506190012221587,-1.3489498787064722,-7.606860373699892,-6.744278345847491,-5.960286820117481,-8.187712721579315,-3.886988580978481,0.23281441246402124,-6.163713656413792,-6.86011657400048,-1.7085971403789086,-7.492588187201731,-3.323202825070987,-0.4770484701397529,1.0,1.0,412.5944803751312,0.2407833358727471
273,-0.024519897351536812,-5.486303969921228,-3.2652688744521123,-2.664331881427883,0.05106911529742457,-6.4722133281304774,-2.4275505249342957,0.36560399204824734,-0.1520295341431355,-5.768838570798672,-4.639544602659526,-6.745079559396558,-7.653115556841454,0.313699632334272,-8.016552940487083,0.8149942278843246,-9.643771443804036,-4.409183432366179,-7.95642060063415,0.8679725980046189,-3.5071733627140764,-3.387741673033124,-6.078629276894083,-0.7570863470445918,-3.790292574665719,-9.220638759166343,-6.523801872788407,-8.677662666796733,-4.324534217717016,-4.704656106524119,0.0905820302075242,1.109777257379145,-1.9375962888400853,-0.9063589333520672,0.4237278143416824,-0.6287163155987736,0.10734221975518676,-1.7547830826337256,-8.002251401529074,-6.1216247612754,-7.04128406770673,-8.093854850585592,-3.728028984112706,0.40830233220031775,-4.8823002443703425,-7.081574310597002,-2.2289754095150833,-7.553301349994687,-3.832833101410258,0.16189119303244676,1.0,1.0,496.2210731741813,0.06855584481070941
274,-0.04580485979210147,-5.772652010883838,-3.50641124653797,-3.061067407434237,0.18643673303659247,-6.747178085184563,-1.3508887368523612,0.7280273771457637,0.7728217961134594,-5.018968759941962,-4.376904546375294,-6.830977932015836,-8.490431839215507,0.22014683435050217,-7.515793161064107,0.2717606881795719,-9.266192041942173,-3.5497527332750822,-7.394207300687605,-0.516529177873813,-4.570867862519961,-3.47162974137073,-6.127577802046214,0.17490961086079682,-3.54181182047529,-8.013723337003956,-6.768461530453087,-9.551202041051358,-4.032891630815174,-4.558142851465798,0.3990431640645047,1.0082805221295665,-1.7489146002134512,-0.6316395623792939,0.28070052018408076,-0.6877825598865506,-0.6569683239697515,-0.2943891980782174,-6.893980000127377,-6.454104076274109,-6.115147016056916,-8.590576547596612,-3.4299462370789544,-0.1157930951539996,-6.420277252769116,-6.222469655407474,-1.8774675555432563,-6.781017625621403,-3.0761938326184715,-0.5014504946496389,1.0,1.0,393.59500542103643,0.27497064556824347
275,-0.29609353366787305,-4.915997753593888,-3.2536711870441066,-2.6246154047037455,-0.32668277325225725,-6.525869435786042,-1.5585466044177623,0.513020064857172,0.41502875971696135,-4.875531048102305,-4.942719092359877,-6.541610424103642,-7.832125030187433,-0.306445316594584,-8.001493010745138,0.7354996366385687,-9.528375730952849,-4.260315353184862,-7.201241302014725,-0.23924270941314174,-3.17314890956912,-3.024637444890878,-6.156752913577125,-0.07182100420184695,-3.7627371783107337,-9.009978877750825,-6.928279164598308,-8.91490804015538,-4.539914727601684,-4.650052698265455,0.31178612083610163,0.87617890829556,-1.3943185971832557,-0.1531563545809707,1.155323530832792,-0.037737151641410116,-0.41646880730900904,0.1682403099410399,-8.85661243492643,-6.629935485151372,-6.278473348486664,-7.268690516666386,-2.8941241516114022,-0.4197685654630683,-5.375770776247334,-7.05431919038311,-2.692146452956016,-7.544629921281147,-2.923688599358813,0.13134300919622593,1.0,1.0,371.2393408491889,0.5674408142171486
276,0.10234886866140899,-5.336301629148053,-1.896952759333727,-2.4407732002884797,0.4332016118718609,-6.938524655781341,-1.9354953373612318,-0.03581132343681254,0.18387145618996648,-5.549866378896018,-4.861558481836425,-6.875509531464254,-8.463000582128211,-0.3561114598055249,-8.019108862671581,0.8288135088809401,-9.287955580143713,-3.839254016040329,-7.123707339257381,-0.05818107177233103,-4.202737909018089,-3.536484241698743,-6.363164905049062,-0.8982745065630915,-3.939588414943462,-8.542729229819205,-6.641840289351873,-9.34781621861276,-3.7554374321038466,-4.260145444759215,0.24809126548582622,0.3709937157427821,-2.148610679645453,-0.4778640208329419,0.5603783030250786,-1.0852754628809995,-0.5526538781247304,-1.2264935492118068,-7.840456172888738,-6.646949730931501,-5.78154666672231,-8.074312945062324,-2.693358739147946,-0.31675291076408146,-6.317091181147602,-6.770696553330717,-2.462946995694142,-6.733147728729558,-3.6284851610328275,0.039920279818420445,1.0,1.0,358.69657961436286,0.7791746046122073
277,-0.4190366304599563,-5.662831746333041,-2.2923544740494632,-3.0023614721824576,-0.28714624496535673,-6.347913529349547,-0.9689399322840125,0.5926690648359831,0.7931770713924629,-5.214192215041288,-4.530713146806177,-6.974225018783452,-7.860237555963591,0.11217980387111418,-8.053781822824163,0.8894544364470334,-9.157413967255689,-4.070647602903779,-7.042299976643715,-0.8367407111288528,-3.945878528980298,-3.6720316097828456,-5.93343059179042,-0.02842257406723231,-4.27296349850686,-8.671482585005881,-6.456474890165998,-8.757316789527872,-3.758990682165944,-4.663192094832522,0.6275458590781213,0.3141727832145108,-2.168772364069346,0.02771751979011411,0.476848282437027,-1.100656180071184,-0.7668814135551119,-0.5509636591378609,-7.905490901092301,-6.88888711747585,-5.722499160114184,-8.002777741396423,-3.239535988824278,0.040328363882013246,-6.942202493176623,-6.622287058647718,-2.673242377895205,-8.599883419673608,-3.5595115057813853,0.26824740153470983,1.0,1.0,398.6101113755557,0.5001798720570563
278,-0.1974463017357853,-4.538508021312324,-3.369232949371381,-2.6869058655852687,0.5179110138492482,-5.879635742578028,-1.4841283921499353,-0.018844348943617223,-0.7268510155787828,-5.138935899569144,-4.772950829749088,-7.361044619864,-7.4023105703187335,-0.5707428104179161,-8.076910671021441,0.6616170220146914,-8.291382088015093,-4.087534893096135,-6.073727614998116,-0.007433696108325061,-3.7908918322491725,-3.3056454482247504,-6.434622104873519,-1.240031895916293,-3.7217673506194697,-8.71684698624984,-6.34091867110306,-9.059227475540375,-3.645265241110416,-4.360536133122288,0.48887545838790475,1.244596533873167,-2.035750956337713,-0.13700970185021782,0.5446707743917085,-0.5127966587264932,-0.3081358357503716,-1.1281869711965304,-7.252700888399029,-7.264343503937951,-5.914843813317089,-7.012046753129817,-3.2718866671641806,0.2270603743499084,-6.21856865377509,-6.783670747674327,-2.4084522826668966,-7.542492337806165,-3.6546403350638834,0.44490726968441074,1.0,1.0,351.79471441343935,0.21544283214283555
279,0.004585289428119005,-5.607761516128117,-2.5753588071527265,-2.982373367399461,0.14737035544078605,-6.598644935172032,-1.0436068684901225,0.9137356194216564,0.4011692659010901,-5.66785578409456,-4.514547196345867,-7.315646888886588,-8.210532368612096,0.13343686478927358,-8.036058580763987,0.32655356428766713,-8.623209825078378,-4.478855506977153,-6.735900258784198,0.3959911905176557,-4.128490179161279,-3.6049657270605593,-6.949375732621971,-0.18238722458835638,-3.6801882315395216,-8.360715957883492,-6.483200664471702,-9.296429402609407,-4.111071034281414,-3.895000066378159,0.18048678083642822,0.7817227631789972,-2.386597414376893,-0.22458260393578647,0.23213763601416754,-0.8268658629359855,-0.5083143686610806,-1.0745011306892063,-7.259358285597491,-6.052802522004344,-6.344146056598217,-7.530875408696808,-3.480483504066193,-0.1194429511184432,-6.176430313007022,-6.588342727352328,-2.2989464620870823,-7.6075919239524,-2.790668664624139,-0.12779015766222207,1.0,1.0,365.30324301335577,0.5253670449509298
280,0.5927464526577564,-5.299842630411312,-2.5678160774638883,-2.9645035200933334,0.19250494164625392,-5.83375471719063,-1.3905296993413363,1.0932261104778918,0.03334451353706728,-4.723351074786007,-4.819294835315137,-7.012087027266302,-7.978372811563033,0.4143961487894871,-7.893367789284998,1.166904126830171,-9.652734549103762,-3.784500454392574,-7.670945892002158,0.25096577813918863,-4.257790373903626,-2.8301827316524295,-6.4028514299626496,-0.8606563551855009,-4.117455184286543,-8.398124029625723,-6.641140290643519,-9.251620303133958,-3.7509848640973287,-4.371420618165909,0.11749785085556423,0.36904837188637507,-1.5858247994245376,-0.8550110863598682,0.3521299251810299,-0.535020315590182,-0.5104110380464218,-0.9822128213891911,-7.467713225979965,-6.897322465112532,-5.70206976096763,-8.422918680314456,-3.5378266430259773,0.1097059756843492,-6.340824724309816,-6.0350072698779975,-2.0951459043288403,-7.061915498660332,-3.74035562184345,-0.005828028291175208,1.0,1.0,373.3087153750619,0.5015982553530486
281,1.5127442355039649,-5.274396964539943,-2.9297203889026626,-3.3842805670620963,0.47961550886708304,-6.15533394960098,-1.7180465385156016,0.01043574368602232,0.5297891387458988,-5.280231125127853,-5.211050651433089,-7.5850618877073765,-7.57811063018286,0.17072009442160957,-7.698021506381082,1.7304237865024132,-9.41220606464952,-4.430081312215638,-7.414145308767972,-0.36378297988939134,-4.3479123623556974,-3.1785802652334523,-6.596484558628642,-0.4634669371312178,-3.4246149481366723,-7.77174295869533,-6.576024263118009,-8.548818094886359,-4.680496179276786,-3.937817433210075,-0.20433858951664985,0.8194709274796551,-1.7244152835805322,-0.11161329219274807,1.3375598689057764,-0.5284619342096538,-0.7981555486618016,-1.5718147503877757,-8.060246986701317,-6.763006557778598,-6.441280536472404,-8.204785288717003,-2.6694414975722647,-0.8253046726902019,-5.136760752307211,-6.113918731745106,-1.9008029022267043,-7.142405182639623,-3.142292875182718,-0.3689921470911034,1.0,1.0,345.70209530724463,0.6605217832578002
282,0.14978512129621335,-4.805751227092038,-2.534969408498922,-2.4918953540829882,0.053306449558741115,-5.689543629824333,-1.7756207262789396,0.26006031592466883,0.1113557954068343,-5.52355036215518,-4.781087844285667,-6.696292859363684,-7.6409200126009384,-0.44584990611533293,-7.475961486066771,0.7871838466721294,-9.980542471524279,-4.47168553657812,-7.067383846316886,-0.33786048611646113,-3.6458140317082077,-3.2983393052654155,-6.5719863672374075,-1.270204916456414,-4.45066073151419,-8.618238078263955,-6.307012577242818,-9.238783726131507,-3.7442428412566757,-4.760785769606184,0.30179937303358084,0.4630583189743579,-2.392429160530215,-0.8920427531884205,0.7673561131130846,-0.7399496898376462,-0.3973186347990519,-1.0087783903879273,-7.7581969900177805,-6.85296426249235,-5.086920868416842,-8.355586099225032,-2.7252127889557616,-0.08174504711189567,-5.509518594303562,-6.499663157970957,-2.931765688689328,-7.499098909285209,-3.3312437459217605,-0.008635724752059731,1.0,1.0,369.3414984603486,0.4269551855170828
283,-0.11775841305527035,-5.862647262560804,-2.9814801577605494,-2.3478753401298804,-0.1671110808992522,-6.00015372934514,-1.362825779781054,-0.3276112036213168,-0.6188676078748652,-5.233929938016838,-4.61355768860042,-6.747651735175698,-7.691788077645934,0.042880066852824035,-8.243497432679458,1.38401753006636,-9.29592748816703,-3.7460208165404265,-7.748749502702134,0.5918245772922972,-3.9474551964050772,-3.274462506572914,-6.535869667390641,-1.2164338721436803,-3.5999777745833375,-8.969370642304863,-7.180382232912578,-8.650925882655281,-4.226564591983844,-4.924952805212124,-0.008750999610539545,0.34759740481229073,-2.035358731702943,-0.28760475533322305,1.0084979993799683,-0.30555593743741877,-0.44324040208126025,-1.4996090415532588,-7.495413865278018,-6.16020222499886,-6.452679858175607,-7.5357433836993195,-3.920527486258023,-0.5839004292684553,-6.165921495048723,-6.696977367911896,-2.4838366890146717,-7.379437062956915,-3.497548068217968,0.0983372011876929,1.0,1.0,365.42527877579727,0.7288973318405816
284,0.721257918506331,-5.131069006418694,-2.4577331176400836,-2.7155043885594976,0.3040673164748822,-6.251339519473751,-1.3219978489052635,0.41443266891316594,-0.08793392373355872,-5.102588613711177,-4.084608777340406,-6.855632993492929,-8.00986120665691,-0.4441968999020194,-8.064709861770314,0.3755080468878075,-8.902652635523427,-3.9495142425400753,-7.667051784957042,0.06758627776346907,-3.521307506145194,-3.28505431333483,-5.348209025633603,0.13150962275027,-3.757782505865475,-8.598529030463176,-6.4142266201888,-8.229521001402322,-4.383433041950929,-3.8161582711641167,0.06896236381288981,0.7274195522184546,-1.3745712573493487,-0.0650732284699645,0.4675336564943684,-0.1372330522085865,-0.8183105004479134,-0.41303068545592614,-7.096334379332669,-6.297872620200344,-6.571644579757122,-8.211073696140845,-3.7009620551947746,-0.7318444481550122,-5.805127525612347,-6.016915438479269,-2.3993750507464,-7.3761790900527835,-3.1068646514849654,-0.25173756477083964,1.0,1.0,331.78891249632863,0.33240293537987226
285,0.7401426985358917,-4.731591724732963,-2.8729201317565196,-2.837155188003832,0.5184622243274772,-6.297896941342978,-1.9478127441155806,-0.09859932601766164,-0.10254976928250882,-5.614451911616556,-4.498092982738824,-6.4783274144566265,-7.486089899134184,-0.6685595337581989,-8.623723088560691,0.8737251892160784,-9.480148137551083,-3.951043482273116,-7.260003178825952,0.5354118140775886,-3.314035177675814,-3.281767147437781,-6.407628138773343,-0.25453474727955416,-4.648208815815124,-8.628446731514718,-6.8021317613118155,-9.595953499499053,-3.695536938369657,-4.455142175213034,0.08398986231993805,0.7356013138100368,-1.6763535426485972,-0.7898691748434138,0.14009066438643836,-0.39104048689386683,-0.6305158893674128,-0.7439256685326279,-8.292281476487597,-6.459187511088081,-6.31018742590817,-7.995437900567947,-2.870509362735483,-0.27903629881020997,-5.94683483821243,-7.073165944800609,-2.222325749641403,-7.879001000117819,-3.0019529620995433,0.09206076559335968,1.0,1.0,436.86130051008985,0.22883573559615178
286,0.4794463664667073,-4.574502669353006,-2.6289875915345644,-2.7873822169791023,0.20576864264721073,-6.376791439994792,-2.30132890396005,0.7370197214633726,0.02870584460627197,-5.329704593366849,-5.035726776001861,-5.841224468367082,-7.3660209068763605,0.08972921667130955,-8.077877539664312,1.2022640361245736,-9.884700562483372,-4.023939219266131,-7.043628993176186,-0.3829139709539292,-4.764735578859276,-3.73484015442403,-6.494186515742662,-0.13151248805650034,-3.9222210386632264,-7.92370654127002,-6.045221829028815,-9.117094356969197,-3.314622562066474,-3.843481922061542,-0.2124822692265944,0.6732974900368629,-1.4084450479634743,-0.5601062516360398,1.1059162095700668,-1.186696000670881,-0.3349911992876381,-1.0317912367840083,-7.764818565740288,-6.366462723653768,-6.27956391839303,-7.931550789138266,-3.061711469666126,-0.4839674131892814,-6.170514770860508,-6.9571517077553064,-1.9942174877621432,-7.185233526463602,-3.3922346955211338,-0.5081634670176198,1.0,1.0,355.7839990006947,0.4152061932701272
287,0.17812800371695206,-4.693103221889504,-2.578820177823203,-3.199901084123019,0.3101691275318849,-5.517731742253206,-1.5990210398497813,0.41980994305631963,0.3959592145219212,-5.016841745906808,-4.970250413118659,-6.79953062570207,-7.838916584403374,-0.3645248734864362,-8.094011701959843,1.2655983796898593,-8.870026325779339,-3.7874737814885373,-7.688328567182843,-0.4805102371391199,-4.209750606932189,-3.2640388789994836,-5.808890263879838,-1.2308547918798078,-3.89285327497225,-8.772042821009443,-6.485893505147202,-8.91729769906927,-3.4306593606419438,-4.995673440977956,0.26760389821607833,0.12029262208691471,-1.3250605619344482,-0.014191982818911375,0.39377886501188664,-0.719964376258572,-0.2594027634075324,-0.9383757574154017,-7.381716417991542,-6.360975672402834,-6.064571829997637,-8.680122642515741,-3.5880555521034347,-0.8188015731773916,-6.232667280591674,-6.182990348585849,-2.1752436661894183,-7.55211616132165,-3.7012618129802153,0.24476632243367785,1.0,1.0,331.91036803415665,0.7379601906166959
288,0.3666212773147449,-5.852864339459499,-3.0176652065790206,-2.8631508279263826,0.20310266169650862,-6.243174227947093,-1.9025605499996916,-0.151453674229528,-0.08229643281657606,-5.188690492340474,-4.72751033275691,-7.216870264367582,-8.271701766643337,-0.38593550782408353,-8.055670320850773,1.2836780079437455,-9.283572418753252,-4.11116127546465,-7.7535566984210815,0.051822809394651816,-3.8486944503077165,-3.390868319323647,-6.130908129391716,0.03352450967646903,-3.6756249665852847,-8.560122396687245,-7.174310295329142,-9.515262462331405,-4.242153402643531,-4.139079635882202,0.09633699908028898,1.6093470798879488,-1.9829072371510388,-0.3714052913025895,0.9589700572077896,0.5698322629364836,-0.17108702726524694,-1.0168909161191486,-7.69748008655861,-5.304378095231459,-6.1202265397493525,-8.1923253917589,-2.8167711306760035,-0.6013975716120907,-5.630691267576963,-7.032957756116193,-2.7791845592337885,-7.045764548833208,-3.0371495166369566,-0.6350382240867871,1.0,1.0,383.7825037132154,0.5791290100956913
289,0.5250951117235703,-4.319851538589093,-3.203344217557159,-2.3223388656151207,-0.5085073372312076,-6.870234076409972,-2.1039035453672037,-0.2125645689916929,0.39532896702512316,-5.09393581362214,-3.9920745953890906,-6.167308712448376,-8.23206549394032,-0.5376648792590507,-8.16146809679154,1.4929203876921695,-9.190592438580676,-3.5661334334574244,-7.192881429054501,0.4626516781306702,-3.436863014195459,-3.610541878736864,-6.0344724287706,-0.5260883796485717,-3.848901272945166,-8.261724022763973,-6.648365271097681,-9.264061596190732,-4.165094238756097,-4.481853021628303,0.09508223961646192,1.0531959442024197,-1.810687684447119,0.5124894411260514,0.602415981014498,-1.1790266060840857,0.02066480706017454,-0.5941197479952971,-8.081537384357386,-6.053144620514104,-6.082369525071595,-7.660081141496141,-3.739224572969304,-0.735121135943691,-6.205242220823806,-6.077707017297831,-2.103896053488517,-7.024387869207711,-2.89923305398906,-1.0424544681032657,1.0,1.0,348.98525375088565,0.39513040090680474
290,0.2229712040432421,-4.918424395897266,-3.357241752251426,-2.9152977772933824,0.2651468904172781,-5.830100017887342,-2.118133644106738,0.5720829364038995,0.31184355563659877,-5.620477749406017,-5.511251294178125,-6.967757837569591,-7.670106541665665,0.09308298289866895,-7.798969979969528,0.7570311534679178,-8.90623365234093,-3.9328940481191768,-7.65482623275371,-0.47215695369332966,-3.417969788100947,-2.487522725899936,-6.380747616449105,-1.141244991226685,-3.1456526884467757,-8.246225826416282,-5.953394602779331,-9.04076634668831,-4.3227172338633855,-5.040709254445302,0.4700759046110414,0.8710107329965684,-2.1526387099557738,-0.40215550340595163,0.29091684239352156,-0.7916061890403864,-0.06293897721785163,-1.8432570566510635,-7.996800274498133,-6.214037748422511,-5.379868223716535,-7.761947361593122,-2.975288702506596,0.5459391885562305,-6.504651320701239,-7.011432301015692,-2.419725708385213,-7.45993762625533,-2.865028226401473,-0.5480283698326007,1.0,1.0,363.2973589995079,0.39799708219860996
291,0.3416520298561888,-4.737331497105127,-3.2055285507467706,-2.8767923125631074,0.001127466847693652,-5.981281131448241,-1.9282012591684996,-0.3448463376803591,0.08829298048923395,-4.632055883832022,-5.029328030373735,-6.881036206045627,-7.754893397102752,0.16008952854894792,-8.93637919457971,0.8892663560770411,-9.147211563529888,-4.518706534840261,-8.005258944702137,0.4872748645987967,-3.9580072659806382,-3.1076437287022154,-6.2981924074927536,-0.5038679733481137,-3.503449392580366,-8.207401942161932,-6.805015777638531,-8.820904341868133,-4.083371677401047,-4.6050192740261435,-0.16804475914904948,0.12698425522492574,-1.1969634013719719,0.08945964355623692,0.4563482111725806,-0.6282428704673615,0.2104299936101489,-1.0458424637566128,-7.993842025130239,-6.4456900840445535,-6.503667730642658,-7.885001544761264,-3.169660489515652,0.11237074541359288,-6.206375272049891,-7.012510806574519,-2.393721997244733,-7.074047911295753,-3.4883622274988566,-0.2734343922832491,1.0,1.0,383.23010682155393,0.5189777586277604
292,0.3641140339586202,-5.01420272790293,-1.9178331783946545,-1.365766572957286,-0.3425793519531676,-6.364763283009096,-2.2094401512135926,1.2693909894931787,-0.3180419478175939,-4.887805221748813,-4.626125343498678,-6.6233180294127765,-7.57559900536741,-0.45974144504585246,-7.878233246941879,1.184087188368327,-9.555040981022353,-3.6228697370016554,-6.871694674971314,0.25361043682077067,-3.743737836823202,-4.166658462543394,-6.25913849901986,-0.17945937377525795,-3.5212976825829707,-8.18014564105715,-6.51967828938865,-8.520006330567206,-4.319240462340828,-4.643523346237202,0.3009992462641241,0.8316901456724174,-1.9799671680614364,-0.5019262684604758,0.2488557493300823,-0.48440540224412,-0.9706647905673517,-0.426975286410321,-7.4614338607696356,-5.323726530288628,-6.809914744113816,-7.609045266180865,-3.740494401950529,0.31424235805356704,-5.452238480267001,-6.9528086753975025,-2.653739058695856,-7.225207750733521,-3.6155853552706323,0.315823867215985,1.0,1.0,335.0992353517347,0.35821692829256907
293,-0.35072006842894987,-5.0527764442112355,-3.2936918115003575,-2.5705516878242025,0.5794139180648548,-5.745383278211037,-2.388476693328453,0.4356793676525127,0.2487657127700456,-5.571997033500615,-4.757448996169845,-6.926134723881238,-8.889569000154996,0.7206235799491433,-8.508509233681547,1.1538448304535247,-9.034193488679946,-4.168577765972111,-6.643385487932949,0.2726112342810637,-3.1417838712568757,-3.692456882179457,-6.455020151108281,-0.47372624041058714,-3.809144100430135,-9.180975354947124,-6.518109856319852,-8.550948281501826,-3.8287722752063056,-4.250253587646776,0.04189089329943535,0.4543547915231083,-2.823370662755671,-0.2060169045278238,1.1551539464053362,-1.1857203025867769,-0.13333766906091116,-1.2704818132130977,-8.173408018069287,-6.274865602698291,-6.403471208109719,-7.974495026018529,-3.633746778737889,0.09785124645530996,-5.984036579335772,-6.678457816647516,-2.564779837640516,-7.504335805890775,-3.282302469438083,0.9231637447164176,1.0,1.0,402.88202769836573,0.4405115767618951
294,0.6712474409805905,-5.687280092839711,-3.0293383576355497,-2.9337189288712824,0.5766824750478359,-6.170293104775219,-1.8983502479898857,0.6676447075973976,-0.28120707548753837,-4.553696612283472,-3.670036459642155,-6.464221409639898,-7.438704270248298,0.3345101539631045,-7.549283878526736,1.1884648893313436,-9.550164372315894,-3.651100949150205,-6.298693582428813,-0.4073843797378931,-4.37670691973636,-3.255843194734367,-6.745340922896034,-0.9346303330177222,-4.031482171486577,-8.549195411077012,-6.302326621929225,-8.707692938140756,-4.767591281432655,-4.48810781672107,0.9047848012710643,0.40034478706608717,-1.8106909076204936,0.21471638662161874,0.32269910630783816,-0.6155013120276174,-0.2864984438450806,-0.9517503249995084,-7.512921372317597,-5.8723344581105446,-5.653059654622868,-7.374987328296083,-4.0498024619359905,-0.31693495631035046,-6.045263583545918,-7.245712466144889,-1.9570240342364955,-7.558947028889179,-3.2967182053128203,0.09194804464282741,1.0,1.0,302.5318693803543,0.7769401629047958
295,-0.0705810095625477,-4.9355037285081265,-2.1122231405551393,-1.731921101828918,-0.1877564471831227,-6.981130273621179,-1.2027317716418513,0.5925545501016669,-0.5340243444793262,-5.162884417913263,-4.57465152075046,-6.304405376801268,-7.171528422198315,0.7003682287115922,-8.076690833760328,0.7384076161940114,-9.179235538010406,-3.88787410832651,-7.005967307574833,0.17249339949935427,-3.1628529827082494,-2.9577566370476243,-5.999277651452522,-0.5968308373974311,-3.915215146860493,-8.822838357740448,-6.667707163573605,-9.086214216865594,-3.7498941745998513,-4.3422673506748515,0.2281546061525861,0.6090212104006861,-1.7798779704547838,-0.5871991539621884,0.6101792181321097,-1.2689438135334568,0.1746897999095175,-0.7780582558259279,-7.901518767636164,-6.017365442265905,-6.591953535971925,-8.070381281453788,-2.8166806242494684,0.4299553173735866,-6.582041354216177,-7.020625853896754,-1.9419467950003437,-7.34922022011666,-3.841676295584139,-0.6763630923005319,1.0,1.0,322.7679489144632,0.74593097515091
296,0.2780498914259066,-5.65018426250827,-2.7269764531764022,-2.7433195372458394,-0.34510414394039096,-5.745468052590546,-1.4292615946506464,0.459672983625828,-0.41913167464927475,-5.610314130198446,-4.994690845601722,-7.184553202914378,-8.179236141505369,0.10944838599996884,-7.223839281546774,0.8217285422147722,-9.200776379022571,-4.120195841811587,-7.491415297173049,-0.39385954011779817,-3.741349510453122,-3.061134702736099,-6.9480588071940135,-0.5454921289924697,-3.6353418166565565,-8.828148604396072,-6.123184305689348,-9.037077895099223,-4.781571877936271,-4.195713536735839,-0.19574203057069356,0.5339258678319743,-1.7917475916912182,-0.7825706675715494,-0.00695299975976188,-1.2139640952252169,-1.1939150421018796,-0.7636705215465012,-8.222778196360936,-6.486045383419404,-6.571537606042993,-7.3865681886394485,-3.4268101944891654,-0.7455208896016022,-5.721132317368209,-6.761221813296364,-2.4612082973242044,-7.12191597901302,-3.234169417811344,0.4674163764294452,1.0,1.0,360.0187682059468,0.6725483443109159
297,0.0797643617368134,-4.878825732452562,-2.763281591542956,-2.6563881200574135,-0.024473378961741978,-5.468566415016396,-1.677560385290446,1.0145571361996346,0.6228776354897114,-4.872387358075833,-5.099465079781211,-6.667170771184442,-7.4650346711468885,0.17388720314874231,-8.46357056962468,1.1053430687752515,-8.962441887713837,-3.645770712822874,-7.4435672169482014,-0.1870753441769951,-3.5206575583789563,-3.3499708141906654,-6.515493363691,-0.022300760065186997,-4.17322021091969,-8.331420752491264,-6.569866481960676,-9.706199487038363,-4.602459290811227,-3.8649421403803537,0.5719166070433583,0.5684667208685561,-2.0917375150619693,-0.0033672756492812983,0.3726229639061342,-0.48234545664343015,-0.4525782013850862,-0.988020036504743,-6.81963363379732,-6.562822631689714,-5.749236083047533,-7.888251767904401,-3.619764809057335,-0.17736588266187087,-5.929996219374996,-6.871853319630696,-1.66930107729151,-7.22272292116424,-3.8004753664988904,0.12067668967494077,1.0,1.0,396.7984467686535,0.10163860888911946
298,-0.11691371786197463,-5.356083465805716,-2.3711917139854126,-1.945869974682267,0.29017236030073407,-6.2590967344821085,-1.6820288777687624,-0.41095851105571446,-0.2417253806090761,-5.342497548651864,-4.750874193594858,-5.85206042127596,-7.466217868514311,-0.41720259567379586,-8.161592734794358,1.6405838490566766,-9.132619157328577,-3.327043573079642,-6.968891517805713,0.7250137436359663,-4.566304781802827,-3.4392834813011337,-6.091777796040404,-0.4008940040704102,-4.2207969828715814,-8.238119664809728,-6.886274819802998,-9.140933389935311,-3.7711336314450614,-4.169643552787411,0.41634675528548926,-0.1566161431276355,-1.6732750391929776,-0.12739128747321515,0.11940750560811586,-0.6732714745214484,-0.47983094083818156,-0.9352840800255293,-7.414549519556062,-5.9401744610954355,-6.32053015355494,-7.198116892674788,-2.91138122280715,0.6396176314016232,-6.347612366462698,-7.089105643340317,-2.6796811960856233,-7.374643292130173,-3.114177330393174,-1.0458320234640408,1.0,1.0,333.9504212504472,0.4452168846973953
299,0.5295378711838812,-4.959590182417469,-3.7221698913600116,-2.8402429474688384,0.6567287590492062,-6.2661494921690695,-1.9994027855924599,0.5872946447090721,-0.44950514598703933,-4.908469008935697,-4.074743612605715,-6.163720057130938,-8.08429990250308,-0.19015161113251405,-7.797670904988713,1.0469011824665633,-9.804484515197315,-4.258070865832256,-6.84031651238673,-0.2141703478834703,-3.724815082966914,-3.482517383887086,-6.5164879054796545,-0.33606083446001667,-3.9894163242489675,-8.859964588076005,-6.821378673879333,-10.032439522342417,-3.8890766094698934,-4.769670924084516,0.15362761950335074,0.6037140955558304,-1.6831432147822627,-0.2860887862151484,0.894292272421448,-0.8729566108152169,0.25003937784318553,-0.7209253631094574,-7.8187815807610175,-7.8886415259614235,-6.100067243503658,-8.28105735160326,-3.257030053945328,-0.6704143700272016,-6.203675544577749,-6.139956052125839,-2.2588969083094317,-7.157575609580951,-3.1669878732709633,-0.09203122259458973,1.0,1.0,433.08164115103284,0.2931417688331874
300,-0.3468906410627286,-5.260723424881666,-2.731827188046873,-2.183543349757393,0.07299967194791084,-6.360311376321228,-2.2683431008244215,-0.0060293223256225326,-0.08137954079837348,-5.48860620078627,-4.782913297744781,-6.123642175152577,-7.866012886631472,0.22909259488823322,-7.902310046233007,1.0043983906857161,-9.825829881718638,-3.96330201666777,-6.990791971971613,-0.11528870036880581,-4.035334414364981,-3.000460703361719,-6.521238303871635,0.05807544151663657,-3.635946512793347,-7.744665818989481,-6.384246622770398,-9.31310291829273,-3.4250595768888132,-4.636477847071193,0.11188210800447373,0.5322515637246327,-2.026763879666469,-0.6472104102338337,0.26878321380059267,-0.5487234970790336,-0.489213414787166,-1.4194809934154438,-7.8590584875536535,-6.559196270213969,-6.327623849617139,-8.06787284920839,-3.76772459409009,-0.17164045921500876,-5.562578606120483,-6.425663861676402,-2.1626403731240296,-7.8637269266115615,-3.7182158328147406,-0.5232582123383802,1.0,1.0,342.4236286388298,0.7294363874207792
301,0.16468749479088296,-5.853585274818884,-2.6124022518322416,-2.645869756202833,0.5265114152670499,-6.102636314684622,-2.2721719638531854,0.27184194988835864,0.2513049216105462,-5.039951665894902,-3.4176245881981115,-6.745986619872889,-8.00493973065648,-0.10440431075549811,-8.483304581722779,1.44818472814039,-9.710245196320576,-4.088377304378493,-7.1104644481779875,0.3652901887909808,-3.5716048695098253,-3.2650364091147956,-6.353447431103688,-1.0636417282050457,-4.229096412763677,-7.862895895952409,-6.557845391489461,-9.762901420438785,-3.9471609779231174,-4.2342685137148415,0.46874063105835984,0.10539793282376675,-2.542371472390023,-0.21673714979575898,0.4328423732521104,-0.6879300545252243,0.13563263805516235,-1.2650431202553185,-7.426257088346054,-7.569765657578818,-5.3027812452325715,-8.005369932763594,-2.996662478704573,-0.9085662302810167,-6.028493764309843,-5.726035490116469,-1.736196362631975,-7.480502060744812,-3.9467038788026665,-0.8545153414582052,1.0,1.0,397.60230230134823,0.25094332248268353
302,0.5565215229458573,-5.6213897091353315,-2.7297155527785164,-2.292495505305869,-0.17322260481896906,-6.088827053981657,-2.1578955120542362,0.07939665191658765,0.1780778404497148,-4.754163252301972,-4.352907966506198,-7.520207278315521,-7.872720768719462,0.3262128998699187,-7.77780032191006,1.25350514940599,-9.525814675110711,-4.898979776798273,-6.667820659026866,0.0984355420002496,-3.983108093314225,-3.1927108454581385,-6.803451509278791,-0.7472163448447198,-3.5755048022675564,-8.042710263200163,-6.21551476528181,-9.184267813242204,-4.476047456371205,-4.468627658569118,1.0252958247533823,0.8700773915682285,-2.213471285887887,-1.2526021208100184,-0.354841010407548,-0.7167490951953777,-0.6403634405807042,-0.9544742679061086,-8.390946128256635,-5.711357883497803,-5.640114956709465,-7.599128739858002,-3.5222174546630853,-0.3309658952815404,-7.006867909026711,-6.222753547434986,-2.105835462124166,-8.220097725684925,-3.7791247222980417,0.21725612644146275,1.0,1.0,355.60169460792815,0.7446127379674156
303,-0.10536492350506116,-4.801736790152267,-2.8093189386248945,-2.492431191161192,0.5598542457524942,-6.14836289158188,-2.394413046315059,0.44811279633017803,-0.45474772388279294,-5.65240564195004,-4.224311064552466,-6.658665939220508,-8.536619143762234,-0.046009933906176234,-7.441473193773855,0.2870588390441917,-9.69264037444146,-3.539219895210372,-6.9610651030073,0.3478152667233897,-4.1200942760407475,-3.8907979184612413,-6.754218880538874,-0.23981029329537923,-4.4188045969132,-8.096490910581727,-6.353882554465199,-8.324271323901797,-3.918207491966894,-4.689789418088623,0.38786560754763,0.6186504599747518,-2.817399971047295,0.06727688219748756,0.9873840347695622,-0.3067204534506915,0.39552879105987304,-1.0359992342218165,-7.515512480469681,-6.443023436430387,-5.840639929163149,-8.749832234941504,-2.7534493003249754,-0.45815583592645515,-6.689087153902614,-6.545561621153719,-2.385781618904918,-7.115669640533147,-3.4882120687321234,-0.40054580312558374,1.0,1.0,402.36265513578047,0.1906768809919772
304,0.442589160286275,-4.566309904509431,-1.9599155668789823,-3.3309509002934043,-0.4769030433724646,-5.91873446607354,-1.9232742504184837,0.8871749169298385,0.3833958953099524,-5.348825836507761,-4.765243563619578,-7.615655623513902,-7.467322728418264,0.8401295453737171,-7.835895043074866,1.2696451838077556,-8.696040664956405,-4.1500510007249405,-6.391451492620717,-0.24679384837972607,-3.730140741600511,-3.3442188058105264,-7.077532629684353,-0.4512210169133364,-4.080426841980763,-9.263357948703483,-7.306532058308026,-9.19464546628457,-3.813749217100553,-5.327488786081274,0.7565728755467552,0.7952520365125174,-1.7704264376812835,0.4650125373607914,0.7325479521870596,-0.22093744692554507,-0.1362826180816878,-1.0677387959652902,-7.367176476595572,-5.58014405492116,-6.159010342803483,-8.214679223237635,-3.2382192479259406,-0.8178197020378117,-5.314833565324299,-7.491543323109672,-2.3550662137062357,-8.598709456798458,-4.3040036301309295,0.2265311648022887,1.0,1.0,413.1309253163878,0.3363126198765213
305,0.43779889324383814,-5.0454088762286124,-3.3840839859470324,-2.9410680211297118,-0.571583976002209,-6.773714627352317,-1.5939471935983653,-0.0036239990867951433,0.5043966060413482,-5.152351325229739,-3.8293752509865118,-6.948227857523876,-7.804427372937665,-0.1146050805765349,-7.44846201559765,1.5207700183025967,-9.011208456370245,-4.021954949853426,-7.341383962911548,-0.2872781725790398,-4.173231801115524,-3.5093140981784576,-6.559370476382815,-0.591217389211634,-3.3679258278009425,-8.03880464588855,-6.412428001650408,-9.755891489871445,-3.8447634883949706,-4.843143281015244,0.111540222568582,0.32815944423072096,-1.4983692887474316,-0.4278041732075327,-0.019483969899456666,-0.9402027610001423,-1.755837193826136,-1.2105758436066822,-8.010427138561925,-7.376543960857917,-6.272586203659949,-8.12946447397108,-3.1773845948819925,-0.06850621710242541,-6.167778543988316,-7.417375170893541,-2.602964563185374,-7.562533592031521,-3.164091042519249,-0.6751138977836569,1.0,1.0,369.1164087437345,0.7679701178723854
306,0.19793046275386017,-4.6513538880911325,-2.7224363823717805,-3.5539975041866176,-0.13998836679984322,-5.986120219184817,-2.1702031316990342,0.36813145291495214,0.21827573184438523,-4.720349745315041,-5.3216948721670825,-6.71298987458526,-8.124160374819315,-0.08718188384602288,-7.645556518522895,0.8856648129769618,-9.038429275519295,-4.295516531386451,-7.03660362261078,0.45118942905433007,-4.803899495904662,-3.452706841017401,-6.4221111483016236,-1.0768199091273143,-4.339180234140578,-9.240344788560325,-7.2083574582146515,-9.499039364047773,-3.764930942954594,-4.509133135299898,0.36927591135641047,0.857375057641315,-1.797674428111109,0.2475514808996515,0.42596028470521485,-1.1833592461104272,-0.7958298978703897,-0.4088021886924904,-7.358986252756294,-6.962851301611991,-6.312416004258404,-8.107126956076222,-3.62226632513253,0.6404075837715565,-5.831750329051386,-6.59584279889482,-3.2933578021082797,-7.4208939163761105,-2.945034138926442,-0.059531953854711966,1.0,1.0,407.1073688934074,0.47638935237044344
307,0.760605864893975,-5.605877236043932,-2.4255126087386683,-2.8345664007489386,0.19511815298608742,-6.476218674933916,-1.7815029134741205,0.3440052074902681,-0.4859657841391366,-5.041529368259615,-4.3377038123860325,-6.763615726179792,-8.087530850596776,-0.40303810055190026,-7.57692240743928,0.8606798568348105,-9.16354091135219,-4.450145798842599,-7.026987335081195,0.11077999949100736,-4.232684434923728,-3.033412784958243,-5.934636605605742,-0.36838454511224183,-2.8915653259548555,-8.460825121780488,-6.896795329075275,-8.069497012768409,-4.024168839212163,-4.582565156378976,0.4896559099485457,0.9714901550894908,-1.9399742603890493,-0.6353329129593253,0.8213594048014508,-0.0691042023675531,-0.47386151660422016,-1.0159789231435454,-7.452255817562596,-6.258863416457115,-6.8218738481322685,-7.491454305934233,-3.7345848032014186,0.04788718761886429,-5.968379426507424,-6.37355165082884,-1.8329424555760925,-7.383806192313758,-3.495561169125101,0.06062286739241174,1.0,1.0,311.24770194576774,0.7457188973353774
308,0.18111795572097553,-5.337747027113432,-2.9030656823490233,-2.421306932236718,0.42123217274930597,-5.4244590958223275,-1.8024047881066418,-0.0570171757172897,0.39815864255034233,-5.411155616082148,-5.0616026690033005,-7.089463847010582,-6.981653448000202,0.39796512662482364,-8.003959981973098,0.7901065651411003,-9.003682716878,-4.479213251356962,-7.667798675778424,0.3245923323934466,-3.8583392290731147,-3.2479081989188443,-6.563046470306539,0.427042982143528,-3.4366085000176856,-8.640928127002232,-6.233021306523231,-8.645638592697297,-4.41167742872722,-4.0448441966374205,0.20003196112711052,0.8830678677662811,-2.554497727658368,-0.40536282276977503,0.1288222510805762,-1.0608930307005713,-0.3370303013704535,-1.2432364732059387,-8.700343795380965,-6.499426729480492,-5.542678919051948,-8.383661487563318,-3.326636262875363,-0.4888118766223057,-5.940133561568562,-7.080101763402109,-2.1674037731291884,-7.7478464667463625,-3.396207930076091,-0.5528791875529,1.0,1.0,383.00303644478055,0.4310802335080606
309,-0.07922742790538045,-5.507440212014917,-2.7107147669119156,-2.828324650680614,-0.03229973793645224,-6.257684357417589,-1.6479500127856148,0.3403293097227246,-0.06145233251529728,-4.701051992857994,-4.254560094723718,-6.483524971864863,-7.691061680345934,-0.23936629052590236,-7.844805123182874,1.2174634626862515,-8.779385817006524,-4.445812947784912,-7.448028807001947,0.08149191124695188,-4.400131939400282,-3.4174432442141156,-6.21889650337572,0.277773484846088,-4.194925977484308,-7.735693942798807,-6.7578370295259305,-9.038110250979491,-3.667253894360783,-3.910028045018325,0.8387156160949417,0.40855708298147186,-1.719962807641143,0.07582677008191824,0.8087194107247205,-0.40268345023759555,-0.12094546777964826,-1.3362992473755604,-7.589000445366928,-6.080916749510449,-6.365989786251008,-8.231737238833347,-3.6958894618016447,-0.4874732929864883,-5.366621118287395,-6.800704230326043,-1.658619269349411,-7.728049547640106,-2.8524309115527813,-0.19859909411854126,1.0,1.0,372.01689602767635,0.18242949295540578
310,0.26329369644309075,-5.1592677635773585,-2.5998357874683053,-2.6814249610097884,0.2659767206224208,-6.144557185192724,-1.3973452285508792,0.21162389299564438,0.8527526382174793,-5.337544885808803,-4.881460940757688,-6.074154855854519,-7.168054598871636,0.11501838505486797,-7.8205720665006195,1.142340245972027,-9.730380788436158,-4.757631544752457,-7.527547281026676,0.6452594092588851,-3.8179535007633656,-3.892254128564672,-6.015205754063137,-0.45712249937550176,-3.5759682723385993,-8.791572025196595,-6.9012135673909505,-8.665170722271556,-3.87320773530102,-4.661131001347938,-0.187286899725029,0.8784844134281624,-1.2685923113847428,-0.022552176478856545,-0.12833780313854526,-1.016526787345521,0.5933967595738574,-1.4164968377799088,-7.532923956646565,-5.981326832961783,-6.824200842449569,-7.476744686238899,-3.346730005300201,-0.04821471215521089,-6.1922866089761435,-6.96198359885441,-2.1804004614533037,-7.989776593471559,-3.57024982190632,-0.4992231497833531,1.0,1.0,361.26605203730975,0.5703703361864279
311,-0.5179828471098731,-5.711771631595843,-3.288059238198595,-3.225916389723297,0.29107656907545587,-7.240408101938863,-1.60470121712792,-0.2395682419170539,-0.07341384368858878,-5.205148039638945,-4.628133355009881,-7.011825960889983,-7.777923650236857,0.740986894835296,-8.123738484571057,1.7965025263883465,-9.299129908609082,-4.113877720618244,-7.52285761559869,-0.2990861342473969,-4.452827678657815,-3.4232563079532867,-6.125147682696299,-0.29351142602771885,-3.2850443721158538,-8.351392409710579,-6.891727915964053,-9.123382502781073,-3.4952548921853412,-4.6988151774009275,0.40448594471290267,1.0276694382815061,-1.9962113924065032,-0.5046745451070975,0.43939215183884855,-1.2694874872745128,-0.3014665320892361,-1.0983048039516885,-8.558110017868326,-6.415354235319199,-6.9883878681488305,-7.873496902617406,-3.261589539607991,-0.16184505893178996,-6.170645743640187,-7.077919085930794,-2.5085231936019325,-7.660725570660489,-3.5762398933081996,-0.2681199178411599,1.0,1.0,450.2747589505927,0.4172587931166425
312,0.08265618237232664,-5.271814758342488,-2.813089328280698,-2.358030716973975,-0.28441149781504266,-6.422774261149672,-1.8651565342271212,-0.627285612202665,-0.17433606097527843,-4.161715552568263,-4.570376612502935,-6.84198603182712,-7.918755722635826,-0.5778331919203017,-8.485208623977751,0.8956890353602196,-9.525309118164431,-4.496071573378477,-6.810708680194037,-0.21319854745001154,-3.62940630382736,-2.956619535935294,-7.247649761410699,-0.2054406324083714,-4.142941047183825,-8.12746106113355,-6.366689063036296,-8.418596008034493,-3.7620892451170973,-4.703377942115808,0.4483721593812145,0.6752441232996379,-2.2991002361924444,-0.048395703940595,0.9329813841177252,-0.4066487706887012,0.3190107960187195,-1.2004267430273405,-7.355133330117542,-6.175783992069608,-7.226136043369269,-8.40784812874819,-3.6526122647226247,0.007865533047249545,-6.688761819533084,-6.803603872820697,-2.2951059990150484,-7.661060290360709,-3.66854979953149,-0.5923183001255389,1.0,1.0,399.2223313965345,0.40437853489565684
313,1.3988163444796327,-4.780195958664092,-2.7751847652445916,-3.9607211325753324,0.3884243447136678,-6.287696045625999,-1.8855939019541825,-0.14052901299647425,-0.16548697563030473,-5.519940149253656,-4.833237565404905,-7.078902557474055,-8.222084584639529,0.18194994330360512,-8.098966073555758,1.5981032446637367,-9.225049492114413,-5.0650169220716865,-6.92271348456794,0.37016318370340845,-3.842642037318986,-3.193754337129918,-6.992047385430523,-0.7651134529325068,-4.549286958377697,-9.14754903454263,-6.434163507541888,-8.355616025541597,-4.092641291588538,-4.5938589310378415,0.5408939668263717,0.9721969760232547,-1.7313495728127792,0.6190804730949742,0.6128386920024922,-1.0300174508446867,-0.7676521267170406,-0.9094135000443339,-7.393274720481886,-6.181353925262689,-6.205851948845204,-7.437280754255056,-2.511159988896053,0.11975640813000216,-5.914931256965038,-6.627010688418349,-2.2164381584117554,-6.917766298094298,-3.4395025266023596,0.3230074680298045,1.0,1.0,426.8944959000977,0.10918761060443503
314,0.056565746130529226,-4.424489785783752,-2.996886413633359,-2.7370679347367703,-0.17553300661130206,-6.140375611523675,-1.9695516673023064,-0.47296163315261264,0.7855459016720199,-5.258360807406221,-5.078852255269181,-6.322059945258747,-7.48050990483712,0.348467536823713,-7.806596595190693,1.1060344389026107,-8.538375858527084,-4.174047537575894,-7.1734616517369405,-0.20189282115505022,-2.997088377320715,-3.9461484364019768,-5.843042643728952,-0.7539198766721946,-3.5422745299817366,-8.378887704376412,-6.050542461862062,-9.082234746626034,-3.790658070295091,-4.997727747383788,0.4164127230774213,1.308261924934535,-1.9903783150018335,-0.3216276423620636,0.3039842118877014,-0.42636757800707537,-0.7369354903472696,-1.5025478316112417,-7.462841067827008,-6.218840028972268,-6.4304774983878055,-8.072095127422243,-3.093686399323493,-0.7061098336138559,-6.0811396527618555,-6.085310232298579,-2.65053105198524,-7.93150233974534,-3.428382091492093,0.42079143791155915,1.0,1.0,373.5946327882491,0.11593556952360835
315,-0.434563670366678,-4.99958315333497,-3.1736091860816527,-2.6511919927642884,0.03807947933608734,-6.0589409954629465,-1.8788885652162763,0.5662323029754657,0.2669038472273897,-5.377324408257054,-4.939435143139719,-6.833905263785679,-7.933431969983162,0.968206500080611,-7.437485837420558,0.7293433649310227,-8.85777336351238,-3.785873063185749,-7.47428720171749,0.24306834295064675,-4.625641256205416,-3.020182351005142,-6.126858082381552,-0.6768147722143247,-3.250073264376871,-7.731326137553051,-6.313510985773589,-9.299730846752285,-4.697232075667064,-4.919304213982645,-0.0261358608988706,0.9005909877851314,-1.843028787223088,-0.8208117695859607,0.7750218144148605,-0.6830214839309061,-0.6590628098389517,-1.5202513027540037,-7.143570096386399,-6.701901550817325,-6.309046964018109,-7.93926477985977,-3.7165629803909366,0.08460724231892319,-4.989406723310694,-6.568241818690607,-2.4696873145028,-7.676807432493723,-3.185037536753419,-0.018473080358240024,1.0,1.0,320.02751638007766,0.7436840914801957
316,-0.7856996151877733,-5.69540485407434,-2.9643429399846415,-1.8407755830879595,0.18981511994008426,-6.841883257608273,-1.7754504419379182,0.860705202702528,0.5236183232404926,-4.2500814883967495,-4.062570814186502,-6.657974054559429,-7.91090883716157,-0.09373078145327604,-7.92908690258873,0.868109531789616,-9.561920952733756,-4.161612941266775,-7.636102298957619,-0.44782284297634706,-4.1024111048645775,-3.324086859535979,-6.059647117384613,-1.019395556664058,-4.048955492074485,-8.035328953586506,-7.127549348998845,-9.292591756216373,-4.334019505205939,-3.965879655862277,0.6685764626436945,0.7969512101758821,-1.7312212548637527,-1.3607739901282856,0.7435923313266075,-1.0159716947189217,-0.5709446393066613,-0.8161582031071832,-7.9976949153820796,-6.44648125567214,-6.176922448119556,-8.435136470463108,-3.193609645836498,0.05704019952895495,-5.997100592139199,-6.960852899608409,-1.8266347539903274,-7.65469088310578,-3.1867560372833603,-0.15066064488919195,1.0,1.0,360.343926477084,0.7648466112386297
317,-0.34437919561611174,-4.914196722031757,-2.4692710543669545,-2.7137561652611013,0.9533357395742926,-5.740230974362571,-1.8551757061877747,0.3375336015576206,0.6741882654052507,-5.21327180477429,-4.9958185669984445,-6.315185337394056,-7.963036026690237,-0.67395085268663,-8.35160080802009,1.194779591362558,-9.771111106912569,-3.6532966598722054,-7.153695174575715,-0.3933144350519559,-4.1073745273743025,-3.730282460963176,-6.104306492842706,-0.19967223635782733,-3.914108590015338,-7.768957064311379,-5.777077539638299,-9.163697371514216,-5.252546114662841,-4.333855780054036,-0.3340683197571307,1.3072201803203143,-1.1841127954362092,-0.15453125153867944,0.6426386028593627,-0.4111698813088645,-0.3270213957555802,-0.4403420903370793,-7.179718207426964,-6.318416504884142,-6.631389430448749,-8.016312048417163,-3.2130326371689266,-0.15786535944437835,-5.44689142504827,-6.4448896151421655,-2.321786017127242,-7.392432599129216,-3.263861002958393,0.07046277119285976,1.0,1.0,314.1278252495959,0.7727447173594534
318,0.5322919522225991,-4.845963453267462,-2.857023298406718,-2.24775085043474,-0.11048491736831928,-5.9689609181266565,-1.9018004456749695,0.21839620741629326,0.04256569701044676,-5.3706159535943065,-4.917696491163572,-6.803409542793965,-7.67850556416638,-0.06619271259584758,-8.568627167515231,1.6040135448190438,-8.755174249927236,-4.010166227540524,-7.3725885246206415,-0.28737214489171786,-3.808863334568243,-2.998723870595099,-6.094312502811017,-0.5131884875329602,-2.795384034290859,-8.700287847064379,-6.5274671537649285,-8.564322573146049,-4.057137268365091,-4.406478909801007,0.09009425474271512,1.4059915252363815,-2.6251433427818336,-0.7572225564616344,0.4272064324306649,0.0965637059245007,0.011527364605226686,-1.0198540308370947,-7.411021536373659,-6.544690182759201,-6.4445117732823185,-8.66522109532568,-3.1416869548713553,0.2101977345934522,-6.5228685642770605,-6.121788664591322,-2.156776633507164,-7.784248393956052,-2.9597558898193683,0.2890133711210964,1.0,1.0,381.9505700172347,0.28623139303665396
319,0.8771105440309266,-5.261078434529424,-2.8293693159838718,-2.441651340700063,-0.1291162706597101,-6.556271643743569,-1.8704540231827615,0.2926851756355169,0.23250503129141292,-4.600015065686882,-4.6021742990235515,-6.838202190823741,-8.551521118784924,-0.09901015892566503,-8.096577860936977,0.5423627570089442,-8.89741742359609,-3.847272392219257,-7.493157868180496,-0.1199361349540195,-4.825194037620982,-4.030015323003965,-6.566327467621394,-1.2456172864589776,-4.396683638524319,-8.371133033708597,-6.177062806009196,-8.824189771791557,-3.717038559766499,-4.030749074384124,0.07096050519086647,1.3826317330650504,-1.1840039024565603,-0.8602643351713752,0.9933297148833846,-0.10637579559205956,-0.21211840509205537,-0.48588102818550394,-8.286797223918475,-6.461688692761369,-6.186243033623828,-8.539328903041326,-3.10609689363202,0.923163621462312,-5.738691667618634,-5.6740017025093685,-2.6506605910353223,-6.536751543223488,-2.3518281200052344,0.017995654894568947,1.0,1.0,434.23082910777566,0.036696164152650645
320,-0.4062958903244902,-5.0181035423398335,-2.4909711401434933,-2.363466050990769,0.05211754149979948,-6.475035790941559,-2.113448614032318,0.7014088848944464,0.18592171884263645,-5.340354392458372,-5.35249716616547,-5.962211526670158,-8.321888185422262,0.465598529278234,-7.94661179147194,0.5774658262591074,-8.405141975932407,-3.421920599011635,-7.9291729148622245,0.15912195324865025,-3.893860039710837,-3.4311763904088237,-5.871106135591926,-0.4661097748048494,-3.674635599656101,-7.8213353339218425,-6.3819913711575715,-9.11241399696161,-4.482015451678423,-4.075746621862812,0.2656659213845668,0.5034872645291437,-1.2894938642436267,-0.4393907416528888,-0.07585231594054331,0.12672480697033928,-0.7506142446418544,-1.0862388873219824,-6.964410939198317,-6.425925772633804,-6.660021820643989,-8.902926951146702,-3.350061470768376,-0.9173274701736942,-5.601372811087116,-6.46333820987098,-1.7153899924087765,-7.500067326997022,-3.667845173984317,0.31239522290878274,1.0,1.0,347.52724645386917,0.4431418182572688
321,0.5505056438716021,-5.241618234561036,-3.0094580918411755,-2.440417645212498,0.5585060815394568,-6.420019865482965,-1.2106478174829505,0.42378907416988754,-0.7912507339097473,-5.936990068115183,-4.008542670860691,-6.693836357070283,-7.7961522293073084,0.3093410247146554,-7.872909507980118,0.8273081824670865,-8.790494019325756,-4.225460959232037,-7.045713242202636,0.7641029913266155,-4.786787628680531,-3.9240679683239876,-6.351321443002707,-0.7933358457568279,-4.170131646553116,-8.944650782417911,-6.153587465920807,-9.669974626041325,-3.5881873282656676,-4.797984149136946,0.14877242873382956,1.0100342772538193,-1.5027945442512232,-0.3904263979727452,-0.010590024127400344,-0.5345453947752327,-0.3922823407645,-0.8735397679770553,-8.440347044317797,-6.793200432911567,-6.82587696659468,-7.42359622296381,-3.843495823258019,-0.2028176095577521,-5.844763455495628,-5.8108010477731895,-2.2941092378508556,-7.343649381019752,-3.5135372295133434,-0.30469139434761316,1.0,1.0,376.658793198241,0.589047577425657
322,0.5699763492823424,-5.398757804380921,-2.560730743333474,-2.6849469016459326,-0.2676297037035626,-6.320086071701328,-1.4308562020621638,0.5231424111297538,0.2047396933104913,-5.667576893706912,-5.188503448027792,-6.868566739351531,-7.464408629502445,-0.04233058757591826,-8.195614697772967,1.347803984105485,-9.736659866856293,-4.095788481089772,-7.149343961343346,-0.17937147662338523,-4.187622148177839,-3.4940344903590823,-6.136997542912603,-0.7101847807432514,-4.067155727918132,-8.4003986488561,-7.551087542556382,-9.766149884689513,-3.7726698417746904,-4.681087680451227,0.5451450100130453,0.8934064525798474,-2.1471113373599753,-0.46869184886128074,0.3206834050099962,-0.5215780858447913,0.20286808284462743,-0.9082451053740814,-7.724413430324204,-6.36310867600753,-5.851116763171596,-7.814303725962891,-3.387985564670119,-0.3976527331992915,-5.347410343317432,-6.175933163817358,-2.0613839811904158,-7.73872611183175,-2.713342964982423,-0.5455326165976461,1.0,1.0,389.42124908056127,0.5184371785380776
323,1.1444428941256888,-4.998251972327817,-2.683981831503095,-2.260732469516135,-0.35446533159830834,-7.078773148538005,-2.647625229993835,0.3887356776262543,-0.6982903843570455,-5.026385494257146,-4.716385026270279,-6.272813768882324,-7.61732564450626,-0.023413271326133717,-7.98843137864864,1.2291417206438024,-10.134030620812506,-3.8957973496062293,-7.452555372306444,0.12844297720365988,-3.554079881275615,-3.239799542354946,-6.945462039661675,-0.5321794885485898,-3.255130572694441,-8.268336709070354,-6.484723711965275,-9.348644102859707,-3.6066051683582563,-3.6703138388249923,0.6120447709579586,0.40737129634350555,-2.3044590699802745,-0.6049517744884818,0.09787247873580063,-0.24138212205200343,-0.5936108006662463,-1.3383777789010787,-8.067479646128074,-6.3072185716345786,-6.3858941135461675,-7.951416016032327,-1.8873464819496437,-0.5392222319552373,-6.08578071491934,-7.196542845662403,-2.1985174788272106,-7.422998869685032,-3.4535136496543175,-0.4530376591981402,1.0,1.0,461.20851864807787,0.04234627929178983
324,-0.32844732989727665,-5.157522745619931,-3.3238007154470712,-2.9090235726142857,0.256774596851841,-6.2244324130006845,-1.8581680349287628,0.2951166327458805,-0.4132270688880739,-5.254980349047347,-3.966360381904685,-6.5205536399814585,-7.727337877638063,0.34104554385226055,-8.067450317210035,1.0749960349477277,-8.668773276958074,-4.165464639485857,-8.09300027010162,0.2788844392531383,-3.8721634539334477,-3.3341483220999035,-5.46240233226707,0.2952904498537089,-3.837884047039933,-8.682845008074493,-5.867338990012316,-8.794613035836361,-3.9871255027687935,-4.638481822643311,-0.14224947735073706,0.8519909631782787,-1.352605287583732,-0.8485453670919683,0.3993355424478376,-0.10080223940116428,-0.3881924618776184,-0.6697692444000378,-7.426103243755862,-6.089385821757669,-6.00075985228429,-7.963021505895296,-2.846163985524213,-0.3316690142300084,-6.340177911854473,-6.7722771928974135,-2.358553554585575,-8.001746103911971,-3.177134666373989,0.10197703529163932,1.0,1.0,377.199775108463,0.18630626610343093
325,0.2897962892759623,-4.79945146252496,-2.87574662141267,-2.331706769572773,-0.24548875744159554,-5.582384950734445,-2.02035504233585,-0.3234900382974367,-0.4024262007241172,-5.148750917251763,-4.22385381867629,-6.44426578910194,-7.237910685654169,0.3997675519322685,-8.455351619180497,1.557116122808096,-8.634918243161954,-3.236339341883859,-7.649935589010649,0.0239809115450571,-3.8276955903373864,-3.3878080748027495,-6.166824013435212,-0.6653382023776774,-4.064040398218947,-8.080348444979592,-6.452763618957301,-9.23439611852476,-3.8608666520632653,-4.713317996014976,0.04507886553736831,0.5761472279080845,-1.7368762923634438,-1.0172779300350692,0.8063241921622226,-0.09084551140322117,-0.3903148379198394,-1.1729138661846468,-7.725220670186282,-5.87076349129982,-6.793883432979367,-7.963248651111009,-4.298461270519594,0.3279063799616049,-5.309020877309167,-6.409519877970821,-2.0641299949039307,-7.7000148186374044,-2.0396448212097678,0.22393394782559822,1.0,1.0,317.4737259952781,0.5647074069002488
326,-0.1529286185545718,-5.536173935391433,-2.8779285986532073,-2.58675284253452,0.14657360692143714,-6.314912335113538,-1.6904825981894873,0.516947357626278,0.06137524902935597,-5.623185469356953,-4.753326459901461,-6.735041010300223,-7.40299656270278,0.4310448968940511,-7.708784614920541,1.4541030730611748,-9.371765860212276,-4.358234624472108,-7.095495639460032,0.12790066905608982,-3.743046868192342,-3.4798495427522784,-6.6375291136040335,-1.2805934094938467,-3.825060595665568,-9.022623864847294,-6.324908910266035,-9.351300212680176,-4.666125219743843,-4.3194440688447475,0.4070724277899259,1.1738588430811123,-1.7566363351297116,-0.0656232756047323,0.7390451307290751,-0.4635297564426417,-0.5161862337262647,-0.9581931090695404,-7.414992788364464,-6.105616406000855,-5.872445054631392,-7.832593738679639,-3.7653607785540277,-1.0198629972081454,-5.847967949927792,-6.486563076370522,-1.752293278656829,-8.085999506254463,-2.9640457233774335,-1.0024220851278924,1.0,1.0,456.4616219146017,0.044067865684628775
327,0.14594764571318436,-5.323313678075599,-3.39089351056873,-2.68493433386112,-0.34409925085687165,-6.1823060521893485,-1.9997503357014423,0.49070134196743226,0.1702625110694697,-5.0480299846650984,-4.898442305068673,-6.670742813852186,-8.11809294746391,1.1089511016734952,-7.934413624369124,0.5767702396547718,-8.175170288113229,-4.448983103730271,-7.0991270961456365,-0.6317762775673854,-4.154123715294802,-2.479172525184799,-6.109024254390573,-0.5655554636492164,-4.07900428344889,-8.422797542705213,-6.976990572981818,-9.4852910127505,-4.010150287743219,-3.9270857217468347,0.6261999983084732,0.663160912658983,-2.314520600897038,-0.014796334891540586,0.018002475202658796,-0.5575479729087536,0.2573410984995028,-1.2490636296650868,-7.602182269494756,-6.2857948332764675,-7.215777458090967,-7.628660196543812,-3.559101898745035,-0.3193660388966123,-6.487009527382616,-6.920897912306331,-2.5110523697112117,-7.8189694882575935,-2.8785905418719313,-0.5552615702664155,1.0,1.0,359.1401379586262,0.677197581717887
328,-0.02050952221973526,-5.649464562019572,-2.9256293338045474,-2.7639681467340997,-1.0140562270669693,-6.812567840655068,-2.2738020059149187,0.24634664141066123,-0.40569127178490816,-5.322974894774499,-4.189471875856814,-6.689305490489881,-7.977203942508461,0.08966147917639161,-8.224499512756735,1.2311544167401265,-8.981696961212819,-3.66640568295023,-6.482615169981301,-0.3682640812836844,-3.6190136303672578,-2.792221497047474,-6.203979647281503,-0.4285836319804423,-3.944944888630245,-8.134962381746455,-7.341184700474184,-8.621473195675224,-3.7367861176836112,-4.21131333914412,0.25551001253881195,0.1715790562055961,-1.9271511069912988,-0.5744201239442286,0.5176357483557399,-0.17314631875579112,-0.23651792302988878,-1.2929761659321817,-6.8996406231656975,-6.983533372432035,-6.459172037749408,-7.80453985200407,-3.199686886194007,-0.3834570714345974,-6.452548445556731,-6.263441541973917,-1.7075987202398304,-7.306049116228994,-3.9362387023647996,-0.12441223777981462,1.0,1.0,316.7973632420061,0.7912649292634848
329,0.650107717935279,-4.320112057851499,-2.8754322672455155,-2.285683553410069,0.09205312239995875,-6.069456062746079,-1.9100094465766853,0.18646533534024498,-0.009368097776054832,-5.161703054874944,-4.709826130122408,-7.215576576160748,-7.4929852151214495,-0.00611067925522682,-7.820766007524164,1.1412304007528173,-8.76621974419255,-3.6415664374594643,-7.189136798856317,-0.2152856044050265,-4.424232895027592,-2.540118027725069,-6.382261441113966,-0.7278518790666431,-3.554313666365988,-8.505784783783705,-6.555759057919553,-8.904461901554585,-4.123919537379204,-3.9510037077030935,0.05250916624861196,0.7085125907821043,-1.7756944452663426,-0.7092285283323394,0.29950700837971655,-1.043281089452826,-0.8353859366797043,-0.6188632693068862,-7.550574680123133,-6.748324223358483,-6.101344513567868,-8.04476891516024,-3.120677796399568,-0.41208080227489385,-6.142786147917163,-6.695188612240898,-1.6909016383665731,-7.77880151963344,-2.2640999047909753,-0.6952198645572947,1.0,1.0,366.7865224775606,0.19823971398656176
330,0.24588729521316396,-5.516666399182691,-2.455117585444994,-3.4472400610304286,0.15243228799221298,-6.2939609761438415,-1.8251145246681237,0.15737624864334726,-0.4316676688538146,-4.905961317858743,-4.48825554108444,-6.398042037925045,-7.920867916741407,0.6781603668039329,-7.22902623169045,0.76701797710813,-8.426746245929765,-3.6433983937492234,-7.006170017780349,0.3593154541108255,-4.529640666977375,-3.2502669239651714,-5.945229949099935,-0.6320762741276662,-3.4701809099473615,-8.179073286521438,-6.358149547845855,-8.607001505941913,-3.560847532636251,-4.201077182739711,0.4376443858700647,0.31693029198344314,-1.715553081851535,-0.4013777019003735,0.3492977116691211,-0.8160959803331136,-0.30469999926101116,-0.840081365567163,-7.383934306778276,-6.251429224610243,-5.905950335873528,-7.443999096063197,-3.8115974088325117,-0.14856477364620027,-6.044591819915658,-6.417068809676702,-2.2911255319077513,-6.859892838136158,-2.348397239447369,-0.12278530045976029,1.0,1.0,346.91383773496733,0.04329224358017108
331,-1.3833486304813105,0.960198786061619,-0.9467399392594613,0.13495757352119098,-1.9417001500583213,1.6749880323995399,1.602859416468049,-1.8663142894946216,1.8277973451004672,-1.4511627145756942,-0.8646865881682166,0.42433273743531563,1.7769005442121686,1.4109421644371398,-1.9909630659259459,0.0849041088811715,0.20815053305826625,-0.0584903453491612,1.0725366162576893,-1.3571329874977196,1.058241801355515,-1.9167608081917353,-1.4591592865235326,-1.5349079303932407,-0.760409662039883,0.6858105808480106,-0.11508088699994357,1.2646731921841075,-0.8416528658777858,0.9325039104506825,0.8104894210209852,-0.6897220949463079,-0.6614098835757769,1.9122323160660755,0.49832844694140954,1.8012540987981014,1.069902602481955,1.300037012859094,-0.37343879277335335,-0.19476635431474287,-0.3974734905533057,1.980552641354234,-1.2897432962484427,1.8503876121114011,-0.32299891896357513,-0.3037902137960051,-0.1474045210906163,-0.5051074047043387,-0.13796759930995606,-1.859326954116781,1.0,1.0,0.8397293529730347,0.7837546466552044
332,5.976867313141214,4.943226544242947,1.4758091262388238,0.7153218685953219,1.4484563907040524,0.006759674606583166,0.8820990572423756,1.2331739502827548,4.5155406169856445,-0.1077410476176866,0.09444907749559311,4.439595543891768,3.2221537453436557,1.772391461180557,1.2789307300877202,3.4804532104866905,-0.20055793824121926,2.648223387074674,0.5128227381477579,0.4874593574717323,4.109721374695406,-1.0164396386885024,2.765015079655576,6.435360875213164,2.7693618747674615,4.099729973583809,-0.7582001587032671,2.6028636065286124,-0.16151682545301674,2.3385507890826864,-0.07053352470494681,4.457889957901568,1.438559769160802,1.1746180504096606,5.142937495944756,3.2220866729886515,2.9223723453091957,3.0990103213107445,0.7433550698539593,4.0644344372731425,2.1456335494664485,4.140713011302202,3.412322194260197,4.638472418655584,-0.9762514593561211,-0.1302232951264396,2.8960966996711317,2.699906108609613,0.48854492070150224,1.6343736366351516,2.0,0.0,1980.039915099407,0.8292909400521378
333,5.298121392668362,4.730134158945711,1.9785697366281074,1.0735938035228847,1.55890077295014,0.46859285362977093,1.9466950968385834,1.6376291561804845,4.457258665921548,-0.201531165892336,-0.23815514545325134,3.5872124071882285,4.269079157156976,0.9093494069533476,1.1240545731169171,2.9932363635717723,0.890834596078435,1.8713769332386585,-0.4106953543483536,0.966408954783426,5.258263725569971,0.08569796009681041,2.5240850514900397,5.737413438607335,2.364893137468617,4.497244395147197,-1.5619355102024968,2.2141657494861313,-0.5484591002273451,1.6329442878167448,1.055667365344703,5.604951539123958,0.4441128809752525,1.3013022083218293,4.4557770316574175,2.058723979131303,2.697852095513645,3.46449709839438,0.22375151053540132,3.433222303403218,2.369371891244617,4.438420945346132,3.8510828593952704,4.5061945467240605,-0.21797637996122404,0.435260099968524,2.8246202532851097,2.58861494674776,0.619467897204321,0.730827705497909,2.0,0.0,1551.016622603525,0.940609442337927
334,5.369811891589774,3.631858612981544,1.787054639869985,0.9543895106011044,1.0656050222453304,0.16673327897316734,0.6013513379267097,1.603003991936098,4.866810128894445,-0.4140754054448093,0.024406344934777557,3.6026732312429033,4.906849383570712,0.888576052934869,1.0082012863568455,3.0834434449627697,0.14823004956429567,2.651207031882572,-0.09292110272287774,0.21807642645647285,4.812028834244564,-0.8049772636847766,3.250082660748708,6.475539750888354,2.899132362830509,3.4365354246054873,-0.29651671300382076,1.987270551491691,0.8024654807690196,2.365893501069588,-0.05184825225552392,4.167768867737411,1.0522243191665777,1.5696043186528321,3.8757829651439906,3.013683465172358,3.3922305061617983,3.282481345325095,1.107811811021076,5.154001988607858,1.6717030670280015,3.6364936704691377,3.8580182115267623,4.642747357031898,-0.38507934523847287,0.7833295113015487,2.5041148050906576,2.349457167025596,0.37214356063894694,2.2755703520396144,2.0,0.0,1660.7760829331307,0.8500298528851756
335,5.566431266775386,4.792735877640749,2.9207839839774286,0.9662714521837273,1.0192863114970716,0.39544503004404064,0.3958075408627339,1.4522321061925372,4.984645105988697,-1.510239327851783,0.4870104076943178,3.809816495444367,3.93513080680147,1.5894414280515214,0.017064000544078528,2.6599197483397576,0.2011925866053853,2.1849595623666342,-0.09235937239047978,0.7699068391287445,4.243049916447227,0.16139516551022642,3.1820446846619648,5.525053473050675,1.85111652964922,3.132989127652808,-0.5335607334729765,2.205464943097121,0.4775377378422849,1.8847356929578953,-0.6473151879452796,4.3930710776442865,1.6391480259362639,1.7846762597662913,5.601225774924615,3.1831707434693466,2.844574611315517,3.1791770785307265,-0.08774582584816451,4.821306783461554,1.9922565807552168,4.212509214161418,3.3421901821620486,4.82160611284284,-0.7694469808743456,0.603712390083602,3.539229861790443,2.0326657943143047,0.7895527700752473,1.4220953588547784,2.0,0.0,1688.8198831105456,0.9014104847422566
336,5.3776428095119835,5.186958994028696,1.736132788771816,0.7997133750308624,0.5725507601891417,-0.6038473855451824,1.2426421728453145,1.1930133710748299,4.102211102603295,-0.8137168227451402,-0.32280042716706625,4.509166499113174,3.905921127346261,1.0718737139707712,0.8286039467912173,3.310790445469394,-0.40590952778446177,3.2530582031644713,0.02214882804771129,1.6245371015959935,4.8168326794262875,0.28266088741728507,2.9759323604860626,4.476342850712524,2.281996598551194,3.420974451040729,-1.0952335986471118,1.7237798507670987,0.19219981679624318,2.0129897556463496,-0.4392331066312102,5.028271008269468,1.4861143032034303,1.5372783868164968,4.536582573881877,3.3490908987190164,2.5792663473531947,2.836447340155005,-0.25579348140882235,4.983206756352779,0.8066584475160836,4.586419313572769,3.1608894328341632,4.078715845678851,-1.0772401691191482,-0.1526412881719168,3.4309205462726142,1.6946203948720453,1.0430063586687943,2.289945615582846,2.0,0.0,1554.9036341140306,0.8027692428722297
337,5.244787264750702,4.440464152737512,1.7717430634862212,1.0135340904640135,1.1721891391299288,1.0728346071778536,0.4062354569567586,1.4528716508456028,4.49520363261752,-0.4439490688436428,0.8290880033347958,3.9778795530756677,4.014813831358771,0.7239705679552634,0.803305298272331,3.299954181767392,0.07551558936161884,2.8816660832272127,-0.010263143185687384,0.6361902032087012,5.1950535071089226,-0.14274103474507963,2.5499423523166005,4.6684710776536855,1.7897619960776243,3.368644231119589,-0.3007824512460442,1.4187665064937036,0.5826979481018172,2.123272385937392,-0.571784726269604,4.89423942981514,1.8150930500832752,1.5448864036886851,5.648264614326758,3.2789138699660016,3.1685493669407694,3.2733378382414093,0.605156001977373,3.2326331815778473,1.386756516333448,4.134009913897298,4.134002324746649,4.977306634388745,-0.031342351393095824,0.15459505773163776,3.1693316063979102,2.4712888717904633,0.28792071221240456,2.1228400076972824,2.0,0.0,1423.3348940224328,0.9745619315389782
338,5.688724040052542,5.025329902322575,2.1285311228800055,0.37198547085591493,0.9020883622769682,0.5415406592997147,1.5550719113929903,1.29856932064089,4.7558962155922675,-0.8497432956078633,1.217891136508452,3.286315791355049,4.6135778849592075,0.9802307513685533,1.6434712848692334,3.665494744785726,0.39990286755130894,2.4974522620934883,-0.6998006502669518,1.0005645495028213,5.6491536165965215,0.04130778196373894,2.1902495041084276,5.821902995706397,1.605689502265622,3.3683384378657673,-1.253368227685229,1.5125215444861588,0.5139725074277273,1.8005282538547325,-0.6944127700431768,4.463185199065643,1.7505165501449158,1.0479894466377035,5.096092280553104,3.628721516724717,2.7589088556463865,3.854692696564912,1.0465947716368593,3.438600939449262,2.393862238907424,4.620790090163319,3.72043825790497,5.215213830562074,-0.3755928916753276,-0.31193290620845626,3.809776018741857,2.613944573855539,0.8001269628655105,1.5852110717244718,2.0,0.0,2047.6485484139423,0.9711358222822324
339,4.493280752071874,4.707986101316737,2.130968157389951,0.08909989073251268,0.2918044393704079,0.6750279161684682,1.3841889052329623,1.8775686757339378,4.780507382652189,-0.018389923041847046,-0.027354096336509343,3.8604641996941367,4.102029217770425,1.0116840514687324,0.533820795525524,3.1482542720700173,0.466379279597066,2.4530147208282136,-0.21654196701727935,2.127845019185264,5.540769316770631,-0.8381647580446194,2.9588111548202596,4.154572892531115,2.516990710259963,3.502036018485495,-0.794726502552538,1.4190125815794248,-0.5177568934868848,2.2382150544836557,-0.24402735353693056,5.151085352640709,1.0603961171419185,1.2310959571597446,4.8684366210794545,3.107616533533564,2.6390670048237914,3.402612701562948,0.3027717135044421,4.388461566183143,1.9285809484780163,4.2582085917266665,4.087840080172894,5.027046244245274,-0.32182014966441375,0.37825920307468586,2.550362716256602,1.8649723604335935,0.07271765335820299,1.622437366706141,2.0,0.0,1576.3608344958902,0.8063500712490055
340,5.5422668364383565,3.9756592901435353,2.344795691889568,0.9372389878152065,0.3203163356975165,0.5842710922627148,1.4482529573097516,1.24123307496446,4.067669200501807,-0.30888761306494034,-0.15953845154719945,3.5771886328926668,2.102485908437222,1.989609918523457,0.931164354257848,3.1683745536383303,0.8301169849302639,2.698277330348143,-0.47374989054488575,0.980871029569326,5.366286206138489,0.13066885981522847,2.5362189709056753,5.640226023720164,2.6000644975923484,3.0195566584563087,-1.3107071990382981,2.067653100767775,0.26363139362030374,1.8019859227049648,-0.1547828873026799,5.000678740828095,1.4507131130062128,2.0920836273649766,4.746373578078613,4.316642344889048,2.986862485087932,2.81975457161871,0.016213879282801172,4.382681272350067,0.975294814350052,4.654503054769294,3.912402785914172,4.8716204329112855,-0.850615102019376,-0.5769360939126219,2.9570993755079122,2.106109952051038,0.21135930037250378,1.2549603551367394,2.0,0.0,1394.1833657495888,0.9818203738922723
341,4.603197455701761,4.63294121267141,2.345409577564208,0.9911313363821621,1.1659562934475969,1.0996299575091502,0.431358658604897,1.7336523016546503,4.017078659438806,-0.36161167908561276,-0.32669861778650994,3.7143392204518513,4.468612140301226,0.9335352367356469,0.5301079019756016,3.6353224394347867,0.35578894637394265,1.8018837118348587,-0.05626997446360568,1.4985440490927755,4.9058471066713345,0.635350899744568,3.4045608776137306,4.897033382795334,2.6397754841262246,2.2145229302930227,-0.7226274192165938,1.524950591806365,0.4580123766054698,1.5946861743066676,0.5770452646652522,4.331099650735297,1.1580539174409838,1.0349811409681207,4.59894940498639,2.43802294104456,3.0456465198268776,2.931075582843677,1.236052189248035,4.307175627975174,1.4337156044416177,4.556543328568734,3.4661392727416183,5.179735642742634,-0.798345457847011,0.2199734933173587,3.0938241874299006,2.8167133730967104,-0.13559261466493078,1.3785751113310363,2.0,0.0,1269.489366831237,0.8260697710576546
342,6.030700925325514,5.276660369538776,2.709169487885073,0.4330701826708245,1.7753129542254875,0.20238643496601855,0.6761728616541146,1.7081180086782362,4.457854680204979,-0.039881508869373014,-0.2832457636006871,3.5051939913935,3.35237657836824,1.0813730568382771,1.2405793754533274,3.1057843189823418,-0.22168401690742245,2.50608859454752,-0.3419941879428336,1.0624389872511075,5.324619129310915,0.002281138191892379,2.21822499121715,4.828641601409196,1.9612625163604438,2.887608646468676,-1.601965174598539,1.669500061339317,-0.7414520651702861,1.4002002649005014,-0.556999246440943,4.205986478222531,0.8061067524319563,0.957216029969814,4.358581012726901,3.531907293068036,2.048596614795568,3.797590652895732,0.37738930589246905,4.6971636989983985,1.6887387648397119,4.412210103569234,4.163499770519226,5.196866511409605,-0.7439301992216533,0.3447150147891276,3.6671182838329446,3.0291009037874352,0.5579079462915173,1.405589906537857,2.0,0.0,1743.4289190026439,0.8539273870620098
343,5.313429333305946,4.659104026985703,2.017239713667667,0.8287932095304685,1.222165208134987,0.3418038658802265,0.6743901915990107,1.1612356562715465,4.530203168810092,-0.20372893744352383,-0.33416972787646504,3.812652031936876,3.142809479113679,0.32957533929424554,1.0563531990934143,2.668282152913448,1.1901237336109887,2.942369546158196,0.3946288852476385,1.3937246854776624,4.938074146072107,0.10569399272773744,2.8919511532677573,4.5539392952383375,2.599871570907505,2.815265033402368,-1.3969437326726541,2.2744591207359095,-0.31231749725400465,1.5514460251278246,0.6570840668309703,3.849461964693213,0.9869997926255392,1.9748100156758066,5.824543499969099,3.1568027834061345,3.179009508070823,2.76932338480963,1.152643272781991,4.135325922930135,0.4075171652777869,4.370921170181366,3.953373520933296,4.491123246780339,-0.44515052067694943,0.6325868977180319,2.3911541380546364,2.7938895659256553,-0.28632473813506315,2.4510734725181162,2.0,0.0,1247.598207812715,0.9151558050281775
344,5.596420788585109,4.329149460868039,2.386400483788648,0.5248730224999267,1.4620531112796686,0.3545881854727278,1.4035868416547346,2.5101884243408223,4.6847581008996775,0.4158741403852366,0.06663448523232043,3.58474716644197,3.9461946455112726,1.746707437532606,1.5880363081244988,3.3362102825601516,0.2904822803116689,3.4957285229403787,0.23510988500114294,1.7186305437250702,4.772454835753287,0.5666731818863873,1.9025578095009053,5.481701681989596,2.222216645115112,3.344325260004773,-1.0132365675037835,2.3692832353135183,0.2432414926971263,2.129545094711462,1.0959379287028064,5.253570672100225,1.4638648302168633,1.4069448097392594,3.4951488808199334,2.804163887111756,2.4815700753686443,2.862370584540139,0.060682165328164686,5.340809515127353,2.0725527461625974,4.198815226213619,3.3392495549049346,5.359014009155403,-0.6891519948684538,0.9111194364454102,3.144529311307404,3.2606394035711683,0.442288300160324,1.7459132254555856,2.0,0.0,1720.1971179971083,0.9794027758500781
345,5.374146494359345,4.898378028067782,2.2350479526208646,-0.06421020955100498,0.1953633175835734,0.008046346965258855,0.34037507632058245,1.2835852321064856,4.4480844401325825,0.2260516600688591,-0.2334470527323141,4.119013089469647,3.873716252957979,1.810190873810697,0.7144658846026207,2.3073775361359843,0.057316001688695994,2.944901680162764,-0.5586658704117158,0.7878445175680795,4.454023164377485,-0.6318532868681173,2.5349287315502727,4.369509288609747,2.1320277220373405,3.272380462376848,-0.9069350183416307,1.9661884987122114,-0.3577682938009023,2.6727356169702152,0.45924481126544664,4.33699348840526,1.3339031179211567,1.08057039373373,5.124611267459794,3.0648035419215707,2.1217780452067747,3.690919037489032,0.4207338294101661,4.3286176488434975,1.5534308622033355,4.1068619454666955,3.8510807677839183,4.353716881109082,0.3286669005129812,-0.060886087755086395,4.168109671695012,2.317776496994594,0.10125060573231019,1.5607415866625909,2.0,0.0,1229.623454063802,0.9620197528107641
346,5.764320142948961,5.0852143034926796,2.406201426200887,1.2884135270354558,1.7168365858565695,0.8666827144089975,0.541118955625028,0.6070114860211091,3.700171493314059,-0.7498356528728124,-0.27997669459842267,3.1936089514011012,3.650506589170347,2.004871086843072,1.0865688738123962,2.312061705735692,0.7879262464091312,2.4680555290082697,-0.4791558857121859,0.8918528502499715,4.43590257915041,-0.13547942284620104,3.0092574571799924,4.730475864936738,2.492483019239076,3.5680240708038777,-1.0919323517204178,2.4084634378113168,-0.60525166167826,2.2518150337546423,-0.00864615017870081,4.691304184330743,1.5664946312669044,1.519581417735956,3.5074416968211066,2.4761489704868973,2.181969102955794,3.149802813928143,0.5051420927020038,4.959827699129342,2.1513882406420626,4.403718706812179,3.3969072413568506,5.473816942992105,-0.5209877014591247,-0.6428832394787042,2.755693872817197,3.1528511950715457,0.9229193009453759,1.240129016128332,2.0,0.0,1399.6016433790132,0.8004292543685176
347,6.365093065322299,5.041441240533869,2.5325928112000136,0.13477995805417464,2.2137736566527346,0.3401900093708715,0.37345731361447904,0.9620133463904232,4.460956509535389,-0.5156528868386955,0.1849250017673968,3.7794701210470705,2.8385258695635716,0.8213535635943097,0.5972680036177295,2.8539862412067856,0.09291935744786356,2.6743831686960804,-0.3767748008904569,0.9339011474184123,4.723961897377729,0.1986707122554351,2.4934448015919237,6.237879966076581,1.7606962717764403,3.242912614478434,-0.15764023914782688,1.3308175048127726,-0.5013673251179231,1.4741191212018294,-0.0018084756051405804,4.585999995332399,1.4789701854907753,1.9717044600050644,3.910469129141956,2.9318495824313966,2.92193103799243,2.0120919403247792,-0.1481850790472798,4.202528237533619,1.5129657875991847,4.458114416749541,4.430599288772992,4.613852342884881,0.5238424832071934,-0.375196368367889,3.035367043524292,2.652435248798061,-0.5565485591789866,1.9370297524281714,2.0,0.0,1427.6159203332945,0.8990329451718557
348,5.321595671611305,4.6637728179519575,2.767336367105344,0.7423467436804592,1.691456478132905,-0.3020920705186245,0.6225099034814068,1.8063396075226517,4.473122317452841,-0.6308620700281182,-0.7000270600163351,3.4594069312065145,3.048490877280007,1.5059286758984938,-0.24291498885925122,2.8471952529432443,-0.32758212242432516,1.8940336113699274,-0.5142216094204283,0.40989511162885783,5.337384340143078,-0.5394930606956514,2.355862359366361,5.661695670075516,2.3438751564957925,3.326546604725372,-0.8207039774699475,1.3416943078063996,0.12489356299947366,3.0912444144725164,-0.06835799897285214,4.230850493111438,0.6133075086952632,0.4516916060702597,4.3170283310666235,2.854397867693554,3.2448521037219162,3.2278588712856036,0.44581642026929974,4.742113393934711,2.4148186892658763,4.161758550123296,4.367122868577295,5.108664133804593,-1.105309248689137,-0.5364454941037884,3.27547383468884,2.3861550006618506,-0.8994086199865119,1.836478683008419,2.0,0.0,1517.4898960449834,0.9048871503202677
349,5.441338738685526,4.684677014231991,3.0114352923747063,0.520377666763061,0.36959079937283024,0.6838769873560213,0.8267946673412123,1.4792380761092279,4.837037644413902,0.05434126025232297,-0.3977353015141296,3.8053256508792077,3.6256282157843414,1.030096832608645,1.243051721483147,3.1979870203060434,0.392114522931144,2.035565656249585,-0.37226358624848344,0.45409586246787215,4.569336271166069,0.5436456802057736,2.123555368043844,5.485677095051978,1.3654775466072135,3.2116371150364595,-0.2863289102410709,2.2962932852839817,-0.3966374489099311,2.428819320763665,-0.12308280325061838,4.248881420148506,0.768371001053687,0.4087014615646736,4.723449058546403,3.512407144204674,3.557800597195782,3.092206500205385,-0.04873091130740684,4.150978241533002,1.9716527619137203,4.3945067507382305,3.1295255002973246,5.12171385135983,-0.28845220536698146,0.10316025229808018,2.9450474143351375,1.5853778434759,0.25656612819663827,1.6546823848662413,2.0,0.0,1343.8498834437578,0.8922217085959149
350,5.078082116268989,4.619470688644172,2.1362758873599836,0.7553829463944242,1.0794076223795543,0.13187312770349063,0.19473901702791085,0.5596699913378596,4.6840887284815205,-0.038924707892113095,0.08141582960219093,4.05634433638714,3.640234437646886,2.2160807166483294,0.9134774439673279,3.291731208396074,0.11397817095156842,2.401133036207868,-0.7463437965243245,1.3673843993583983,4.833584232892546,0.18304500474177787,3.1640443206722297,5.232244750502336,1.9418062692688474,3.4182999787881,-0.5250816421589911,2.228588435724121,-0.6896874115123883,2.7844586604281565,-0.37628068511158663,4.042436627563723,1.6798655937808906,1.2404146693346894,4.543417583404291,3.232219000881739,3.5824607863346047,3.342537619217444,0.349964929833753,4.260758129507455,1.4630623271164036,4.7471618816406504,4.175963710269166,5.670812069553876,-0.959399397823824,0.16176594054628296,3.4514016976504704,1.7095048074855377,-0.4311156175225862,1.9541676400060182,2.0,0.0,1734.499984440601,0.9459454892722403
351,5.42698517731211,4.266240816024526,2.70397546650294,0.27177617560447376,0.41750225302070076,0.4092938908885836,0.8154273391276489,1.6520490195471704,4.625508621286606,0.39631640176607624,-0.6065586428622509,4.270162131136323,3.182495007294622,1.772173886600433,1.0662018076865993,3.2538005102805077,0.16068341901419145,2.5162480768087168,-0.388985602252528,0.29665497920833683,4.684380165276799,-0.45740426501755793,2.7653730051471848,5.505884556329189,2.0534700521804603,3.4554377596792527,-0.5824289254899889,1.7491476053278354,-1.242997168915124,2.049388925545029,0.7901342408477123,4.4624162542443795,1.7422816406992216,1.0585440885817434,4.159836920462403,4.180129301756304,2.6857838827609997,2.796629926305041,0.6876232668541603,4.585857375990264,2.011584674533432,3.368852013199251,3.7112830543420503,4.91802788429256,-0.6541344222226771,-0.5310440638388998,2.8997529484127775,3.2641698413922797,0.01085965390815502,2.0293090777156717,2.0,0.0,1530.761637464079,0.8305361830938583
352,6.0677001741239325,4.5144202629240455,2.178799291607125,1.3072675649727663,1.7296829108995704,0.7085060852522291,0.14178646481213153,1.4446803073185133,4.636109393138701,0.10555295972370227,0.7501659780959886,3.359026772881497,4.61702105848817,0.41828173089703446,0.6074112038285999,3.287459917514333,0.20989253009100234,2.8158710104300515,0.15875043951999085,0.49504999836848473,5.00728104603527,-0.03902956117923216,1.9656173683959506,5.139092247344684,2.203601640275319,3.4460519875833224,-1.0077887580548137,2.4701281615479767,-0.07520097778035295,1.9264376000301044,-0.7269937928923842,4.267712352993133,1.0732538166939294,0.6962037262071238,4.255221671381624,2.6775076484390263,1.0634328250323093,3.7154662816185455,0.7149336367403758,4.621221489094349,1.8606042058258083,4.297424647228636,2.71545185881695,4.849666235010881,-1.3005104395935203,-0.5096140118142469,2.366872681341186,2.5867671839268365,1.5313135263203395,1.4656238831788668,2.0,0.0,1235.0216798094193,0.945266485564387
353,5.99612367415936,4.812937639552933,3.037785910612281,1.3176038288155625,0.21820111440037926,0.9214931133560794,1.023432020980915,0.6030394395202496,4.718252599681735,-0.734434697599741,-0.024117356517777064,4.417178118643625,3.824363046257292,0.6546857706986401,1.0158505662600126,3.4319571267533804,0.7768865832311077,2.680905296053455,-0.41221554667618276,0.7502797900801221,5.3394379346924,0.672497846500012,2.983010673453256,4.921243933281926,2.8280724282017697,3.214712207761025,-0.06050596155556032,1.8665555865245993,0.5208704829677432,1.876703952323247,-0.009362188819942788,5.453282402986505,0.7353730731793804,1.532792771228383,4.20295585252791,3.2697911615753408,2.7832385813453513,4.426605027301049,0.29142541660289534,3.823869058252029,1.6128490866635814,4.674543145157563,3.727591671169975,5.241930155687871,0.11273086103645746,0.4635855499669882,2.512701671374125,2.25822620080099,0.24940522014758898,0.8181853509630499,2.0,0.0,2041.4095455378106,0.8039538616108927
354,5.668892230756374,4.454113100815132,2.1614508706377387,0.8964592325862752,0.8441569908525968,1.1227793799180525,1.1267989547178516,0.5224216343417111,4.540783602486487,-0.28784444022137545,0.28113147942086114,4.212850929284425,4.394355645533634,1.0224571154253899,1.0269621574387255,3.377293025290984,0.5430055140581924,2.2573268078877486,0.12797310839555975,0.9907978806425994,3.8674742255418666,-1.350369276635401,2.134006516527043,6.006822297269619,2.663521066544914,3.4310848457517626,-1.010588063524302,1.8484242367203445,0.25418735683849186,1.8432896557706777,0.7104895726474603,5.487230944227266,1.9238712501975126,1.1166796971949289,4.421800744289672,3.094694593518886,2.868798539174623,2.5624107763572286,0.742247808490745,3.9852808987752555,1.901024545830926,4.345526647134142,3.7782090722397,5.464933924743845,-0.38934788257276554,0.428512484857725,3.4468229967488044,2.2030424009562912,0.8948803161521066,2.3003611610357453,2.0,0.0,1827.0059814901567,0.8256899338901322
355,4.820042423759809,4.460356647469443,2.088673789298582,0.8807100469684286,1.3717444007343684,1.5288268276875996,0.3373669062465947,1.027839945197623,5.131361644034452,0.5749061440667622,-0.4970120323826422,4.245687868629044,3.5232458709255083,1.579868629238324,1.4926476784311018,4.126927411943486,-0.39367970876746883,2.191453147855678,0.060370765115663694,0.4971940366295703,4.824161234920156,0.32619379955628813,2.209808759868512,4.952074376408121,2.205530188199161,2.523213896040103,0.2748564778953134,1.3419086724607192,-0.9986510114421848,1.9704431689926445,-0.17469749746944244,5.128639341302071,1.8968208570003302,0.6631077668419936,3.9506054718061456,2.6144486089196692,3.8314028485202645,3.2147675237662647,0.9000826911374435,4.469683595845123,1.8349762825798532,3.600331911375312,3.8701036001699785,5.400316378334873,-0.5074969553580427,0.18622089353392385,3.2408883258146304,3.7678235423705586,-0.1859190798463154,2.0907074194351107,2.0,0.0,1580.5348461821363,0.8220918733063212
356,5.664054083144373,4.94708047331998,3.127745734565849,0.4429591231526715,0.834773865570122,0.46203876218926276,1.0696943046361167,0.5502983013590186,4.483543600877861,-0.2668724520655984,0.6106923275406426,4.634559002319655,3.7295827631833967,1.7687453862248086,0.1965140211255233,3.043691324129429,-0.3176749778780755,2.4767911412673365,0.20804245100238616,0.7388766414517463,5.100693877283975,0.8397686064130706,2.8879188283799415,6.639460090723187,2.1687104000973383,2.3407556838104076,-0.5585052333011098,1.7877646040238373,-0.739727678973536,1.5918048334924182,-0.8248771372796916,5.761808144741247,0.582579452823934,2.3697394225233532,4.31412689329864,3.1776508940832993,2.8878177619364482,3.773779410076247,-0.7432888532351389,4.514635172822885,0.7907125104391943,4.520995619786717,3.575012293334424,4.735786527697452,0.04687020654883778,-0.9341465387925599,3.033915038318061,2.7841048719305297,0.30838488008130016,2.699704558618036,2.0,0.0,2152.2659515298587,0.8588805410531056
357,5.574593726379362,4.044277753455812,2.036048914032114,0.6312928322011425,1.6411798008659617,0.7811098703423923,0.9151388817287074,1.411945006888212,4.686082778160185,0.18402715771104597,0.04866263351415531,4.81833518243555,4.228924711054282,1.7262985536734547,1.5162512004608515,3.6559857100717914,-0.3456112535650938,2.837056346748097,-0.6496759626616163,1.941166904139075,5.214983688227536,0.004834206838565003,3.442528858960732,4.824726738567927,1.5203737792385277,3.4753311456614027,-0.5565718628939685,2.2095768237114317,-0.1653800079373146,2.2004346303982874,-0.20342664478512146,4.031755793498369,1.7334578218397696,1.4711276026111983,3.817333909589396,2.390697855222488,2.1527415725671353,3.4525244597895193,-0.34824799691607294,4.577166102297631,1.1276263143322187,4.187840973488715,4.08800201940852,4.451047625087808,-0.9210336934310408,-0.6943156275669902,3.585655801566428,2.2985013801623646,0.22117246333897256,0.8186671856207864,2.0,0.0,1500.0849400679879,0.9275760025902806
358,5.009719158211339,4.611720306750226,2.6017885992857996,0.758032598782254,0.2526187502897732,0.3417321371876843,0.7412818210796596,1.3750122306399593,4.764213169538605,-0.4841219913485628,-0.15791421038994183,4.153996270966549,4.089896065804119,0.7943006716200811,0.7852531804647135,3.38054975807877,0.1841858357711473,2.4368627217848715,0.19389169893237312,1.102089547665299,5.390032924691736,0.16219304544980845,2.0960560236320362,5.612073891266995,2.1842938157320573,2.458668682018001,-0.6892519562402233,2.0220875524954236,0.1537349122873261,1.7736836033847134,0.5556384547452562,4.342915441210656,1.1742635440782139,1.9542814833888857,4.735348182054714,3.2407085329423717,3.5864616439376715,3.1509551906157007,-0.8084218612432507,4.539366161784747,1.615133790250651,4.144141631951699,3.4322279570920866,4.368491278599485,-0.891232921755448,0.17205776588665042,2.4777617432448817,2.790378379233977,-0.06600923291217675,1.7845122466820682,2.0,0.0,1483.9167532292079,0.8895336578675027
359,6.063605592128242,4.348561928234517,2.3532847855832877,0.6517745697220411,1.6335052249376427,-0.3861933886137474,0.9469680265330673,0.931860613356413,3.8372316759655707,-0.4853500876542986,-0.390341150783558,3.9187069632704747,3.841175861109977,1.661508223818377,0.7234333966192971,3.2177441138900678,0.43515323298387143,2.9528866588035423,-0.73392414687669,0.9540667101918359,4.351475697476102,-0.29270246103500086,2.071443227131843,4.8186749356431715,2.3424429358346246,3.184885241306168,-1.171506980436478,2.540227523915881,0.43716063686468853,2.0079199887310124,-0.28001194160631093,5.022023713056848,1.1395590209473758,1.3269803907379698,4.744495337743819,3.007816195439103,1.5994886695783976,3.3271977087106475,0.7060034628193503,4.595723661625805,1.4947331867131564,5.116459925452104,3.258082342901151,5.662971261053098,-0.7769940028511322,-0.7235002092594648,3.367349064752503,2.9273008005274406,0.38687192576926854,2.0097242426660493,2.0,0.0,1583.8554758950527,0.9550719766287452
360,5.862350241284765,4.791056265582688,2.8482764398471665,0.9588584204106437,1.5302878415296268,0.15066077971921385,0.5079695557600857,0.6881869472946123,4.875809796971437,-0.30193396970367214,-0.27947266235710255,3.7055079710402805,3.6059437680652526,0.06987553330969631,0.5764661450028726,3.4732099008967707,-0.5150534580108881,3.1877117233852967,-0.0015607097809330062,0.7607752640678086,5.038366640536517,-0.20428111298229235,2.981630031411134,5.40246233128354,2.776737089501108,4.051841613278739,-0.23195291470272428,1.7961057263995346,0.22978014234680016,2.0502141999780266,0.3654536936852305,3.4818889621620372,0.5743268000509165,2.6408429695802607,4.726912945967939,3.8953467231212273,3.2764326031035855,2.9614156411061185,-0.17124552390993414,4.5678067446467265,1.8511104590732252,3.7686809638699055,3.0275963319401438,5.1677141486987885,-0.10462184187597251,-0.7970669789797246,3.0523139319417885,3.647102073472769,-0.11439788568351161,1.7504516796641232,2.0,0.0,1875.6731929357882,0.8550214888708052
361,5.384864588300741,5.317348734291889,1.9754913681651218,0.21180333930788964,2.0076719498465057,0.6404653036046655,0.15947374866371444,0.908912941381318,4.092407855910237,0.425672835756104,-0.7169754844778852,4.304768097386492,4.327986953860913,1.5206496518417172,0.7248029013857556,3.17613208001134,1.2065345381440027,2.2888708517541594,-0.08536361475126805,1.811451647508644,4.852574371378223,0.30354577459391985,3.8110585726986015,5.762884502549971,2.2615013967591335,3.3593116987509024,-1.2051112319915012,2.230604201646693,-0.05846644580465192,1.1990751252712157,0.24325268594874133,4.234803942121432,1.5834604006680202,2.523865004282912,4.0588661608364625,3.2603652263436738,2.937537490482484,3.0659843198535772,0.6507197316942991,4.882542204571978,1.722670957393193,4.101427339643238,3.395623581496346,5.598386352092799,-0.609252050301895,0.377550985299344,2.9148513720089557,2.264870536950439,-0.4091023729648464,1.525627886930936,2.0,0.0,1806.7535994269863,0.9392939357464074
362,5.8505783059657475,4.453499221591452,2.6050709621931603,1.714626382530394,1.6184681075925471,0.290377332764965,1.996793968462566,0.9476759267006654,4.076716642794851,-0.4189794192542287,0.3045534209277511,3.4727693764968617,3.896282189375748,2.3110588405479646,1.3940158611939901,3.035607393547644,0.20817439796277343,1.926975412990553,0.28420420546358893,1.9248359221996598,5.7442678291253015,-0.42902474900945586,2.6047425767284493,4.56657745278952,2.5736755900089996,2.7414576839612605,-0.6446241569018603,1.9782833141845848,0.19357485421816115,1.8231715729655453,0.09236572217641625,4.510793164675388,0.4784659033562473,0.8911408539993698,4.3250988026374415,3.851617342799698,3.80981053623292,3.5221384136021845,0.5527890668738914,4.214609567532742,1.3388778549827012,4.577430928313122,3.469003020033024,4.700891063204939,-0.04029683203529344,0.09380625673294811,3.077378431336327,2.6528357083283973,-0.399891122945097,1.7094181891084377,2.0,0.0,1533.7061392468715,0.9334982474984969
363,5.465520080071886,4.3628235007580045,2.205699904812202,0.6195866399793506,1.3311439492038526,0.8930340260765646,1.1736778511960715,1.209378997707592,2.9570724297158106,-0.1289472847586699,0.5840145498059854,4.069886722287732,3.048246139494366,1.380190493692381,1.8839494824914396,2.756082046033286,0.03576627353876699,3.1816845149906854,-0.3367349931153224,0.9299674257902232,5.6763416570227605,0.20500383471326766,3.6387408183752754,5.201578032590672,3.161703554862018,3.223155959346183,-1.2434645080632993,1.4199535900032099,-0.8083105360547322,1.4534359431000414,-0.6328416462450139,4.975246073264247,1.1249582023896498,2.4410600228365116,3.9183156080916506,2.9314827739504365,3.232711407708456,3.4437302043798383,0.6563394380722322,4.076372388298283,2.177126263631131,3.761008601264603,4.526061899494825,4.3811408189232015,-1.4905970919351792,0.11827522810917027,3.0817819360713012,1.9086638856250704,0.022585231385731624,0.9924007130192527,2.0,0.0,1426.5567216287973,0.8622382004900504
364,5.962051717018532,4.882767474055339,2.374267697789357,1.3483134391527885,0.8050363039891035,-0.12096973778624864,0.006281214236800725,0.9528191373050201,4.441942132497063,-1.0441778742796102,0.47136255306868424,3.2824934389817644,3.087778006048144,1.224668869145726,1.0780476195229125,3.8479247819235862,0.6911040907183549,3.235530477034848,-0.671416144632055,1.5333051712062629,5.275181961813169,-0.060588409074811306,2.866519313795441,4.350838397982029,2.349553938426169,2.6043694816630625,-0.5512491678583686,2.2254200565250457,0.0076039793052449164,2.349852565377144,0.4139194186775591,5.705723411641863,1.2943807762038828,0.9389374897512957,4.344673767365388,2.7006254667007994,2.308314462829883,4.084463232497188,0.05563724442636939,4.797899862940343,1.3931498751488265,3.9133441824215884,3.5345416309605078,4.724549890335982,-0.15476593393524146,0.18224758362774862,2.872105072793214,2.8044759012045306,-0.5730802765042186,1.530816404452232,2.0,0.0,1597.225065855211,0.8635830305301506
365,5.3362393734200575,4.243052922413095,1.9837109344210053,0.7526663308377597,0.9183389928883455,0.47842279394742365,1.1361552953520895,0.8091262151014846,4.03890568199158,-0.07110479090842281,-0.5950854341111598,3.312799716895249,3.201530096093111,0.06734001868162265,1.4972017424979245,3.011272878074814,1.1152657367764014,3.2676975078343484,-0.2816176573022468,2.0775523284297828,5.62068979340201,-1.1158021927017692,2.8040140572518513,4.964049988687246,2.6382735263444426,3.376895102454366,-0.9637996601650844,2.113087725406937,0.2650906483464591,1.8851016960125802,-1.1887082504059239,4.516747542708598,0.8658635982516633,1.993240408034041,3.505598579084876,2.1901924765902367,2.498873530852544,3.3599187129901966,0.4649922127745354,4.122883655792852,0.7488733992585741,4.689520279829492,3.564658758521115,4.766413475149314,0.020112714921042274,-0.052447084086123266,2.298463183203964,3.0738525830884034,-0.7031196167049434,1.6403218499336734,2.0,0.0,1018.7567779936355,0.9858310350131386
366,5.67711119451696,5.389001638661375,2.323185028115291,0.42309133329484344,1.1797929790936088,0.06472730276722627,1.0741284697117988,0.9688498662151395,4.886721392979223,-0.3551916700079186,-0.1627407339387489,4.259649309484755,4.188246322401541,1.66644985196655,1.8911619432294935,2.769284111453833,0.44541601481492393,3.1430714803630098,-0.16600907677676158,0.815884231972497,5.089135860101634,-0.11251438243615389,2.3449529616769214,4.831127884555317,2.0134062534019566,3.460204452180626,-1.2622846820408005,1.595396723593859,0.08019377106762227,1.659790524639859,-0.42775736389217545,3.930820496453231,1.5477616598819501,2.5019108525510427,3.6120846375688465,3.2846219267074583,1.778266517966126,3.5317326192549965,0.32370653835902985,4.4868529806203306,1.841879510154756,5.080480743490931,4.284692338203595,5.492853445993067,-0.5061460361996118,-0.13154633829475898,2.4163659288656585,2.3821152816853033,0.26486504851764464,2.177442923499541,2.0,0.0,1799.1223931543793,0.918670601229717
367,4.982511517283907,4.885587618906927,1.7116103581836253,0.349259613868095,1.464622702817961,0.01713963970643123,0.2306397464978589,1.6008389722489371,5.418571569756346,-0.7160069707254012,-0.2025467916515219,3.681327479086184,3.625262121341152,0.4933687251408694,1.190393908814236,2.7045194700078037,0.8770427874547312,1.7473938319753892,-0.5464285599412022,0.5633171433147631,5.309161461505925,1.0188144275945046,2.4709214887047235,5.994363216287739,1.713459414564785,3.1164294614949974,-0.6677552076437487,1.6588741276620764,-1.043512923315882,1.8867455777033966,0.5408644320162448,4.214903436607208,2.259807453798872,1.6073126941615514,4.162780652118042,3.1099690128595774,2.8495496959429825,2.6489639025542733,0.0444768656525588,4.429773722987656,2.3347675475222363,3.1923137076548143,3.531491078364654,4.527832834299435,-0.2972576730599531,0.3900568277966821,2.834215947772206,2.6630115948716675,0.21214768180960494,1.4349249255816519,2.0,0.0,1115.3237897850743,0.9805595696929099
368,4.376439971924764,4.240472134735402,2.5286698805914365,0.9814538090318603,1.0514197212919913,-0.7638408419752287,1.3536413777298029,1.311134280800388,4.044156969221636,-0.3758793950950495,-0.40714659683451015,4.082559820161352,2.9157598853609965,1.4067683824383068,1.253493450714874,3.5109372692621106,0.7482230277816003,1.691751574732662,0.9694612086908446,0.7883271277839629,4.582553050008793,0.4664027040774993,2.627685765176711,5.142138502109572,2.610902929114857,4.122266420615517,-0.937738378705481,1.0310542879932343,0.43728254385363097,1.1418847442359794,-0.4263056348652304,4.87074603457043,0.4544359874975843,1.5136583535421217,3.5783350199917323,3.619670158826812,2.4903236595886784,3.2108826150854837,-0.2655578342900591,4.459976301946732,1.7359729915664153,4.126171386083899,3.052748933631611,5.027301597768736,-1.5874903641000158,-0.4157323884745374,2.843015617293526,1.3288590828697924,0.5430383447270688,1.6048246473042462,2.0,0.0,944.6699807442417,0.945820373617893
369,4.616842920332659,5.055084632008523,2.111251221246509,0.19647044862882834,0.8198550170346157,1.15375683520629,1.1574376745097177,2.0918025906470143,3.6250875029298464,-0.9427737652276068,0.053235438160709886,4.295000891040002,3.7570582847263383,1.2914663312486747,1.6151830553334703,3.204290364089598,-0.29561092340299455,2.6458441430667907,-0.3429693852336686,0.7344715097565817,5.800935397768649,-0.3176991104383179,2.762529007011191,4.5581926070286505,2.5168910345137734,3.061075991912357,-1.7406856090526104,2.489308115718198,0.19417167920980177,1.5607336874615547,-0.08707657271069197,4.170440033417073,1.7513898393444685,0.7138835151386594,4.963482238424887,3.511371657718292,2.6783809781018073,4.2266301434538525,-0.23260780157186228,4.8361720290903785,1.4990203217944469,4.424696391665899,4.028409412458974,4.7921310561993105,-0.7312811715787848,0.005454029570721771,2.5885040595703233,2.9412407651691455,0.5605664609761382,2.352112613852937,2.0,0.0,1635.320130751546,0.956751758110807
370,5.556423848476617,4.7421845356977235,2.4637964989029544,0.04746814008631661,0.82348343430424,-0.05724723478691118,-0.39696673039943886,0.97315121437765,4.737268594766237,-0.014632628760894738,-0.32571625119665004,2.9719124705822058,3.8594899543848644,1.0579258648747443,1.345797923509619,2.2304233179097235,0.868062372156339,2.918210943140366,-0.4302908304484931,0.7839424428281653,5.685459287636314,-0.032983547120126494,2.7129356467873915,4.628096154967526,3.0178511763422495,4.1005870670600535,-0.8131471152168247,2.5781637897506613,-0.6002077891425199,2.0419564263302368,0.3631557802545949,4.410983890012919,1.34255890286073,1.6518465782354708,4.60110584087312,3.3832866511652506,2.7252733317816507,2.919577179553695,-1.0113683618855112,4.532710112840615,1.6202017343056037,5.027205095786442,4.067558843335854,5.3839453458248165,-0.8837337583656932,0.04851983278398979,2.953104433637381,3.109913900674485,0.6135264782475349,2.3666250154625024,2.0,0.0,1933.6438561285981,0.8772616573432658
371,6.0035899989033314,4.667460923742195,2.0651531689163845,0.22191094808462036,0.976817041722697,0.388503767002843,0.6256764282316392,2.2869319103351406,4.475824518900775,-0.07029537993682498,-0.023596489883330393,3.9163643328076185,4.126759395703713,1.7657973591993898,1.5829826303611267,3.17329050055556,0.007997609737019018,2.587487104438969,0.24257489791956321,0.4483918109251721,5.357802198023396,-0.4793967935503615,2.587371990582834,5.142697062762595,2.1021817960678058,3.5822542946397347,-0.08084294604717068,1.7007258296337158,0.03600218587319015,2.523288502481116,-0.3050760754569254,4.918028221265748,2.012050294826742,1.2046580822444932,3.860192770864077,2.214570368600924,2.6540477013665367,2.2026126799158168,-0.17509352948890444,4.073885152867135,2.082636027464934,4.463001517539583,3.0793269704350905,4.231195778198658,-0.3148510631348415,0.2927469016543589,3.641979462257913,2.729937832718764,0.5120916834540632,2.5632212995620987,2.0,0.0,1492.0530658088555,0.8857485981700498
372,4.6636197768156915,4.92355457335041,2.2165925683856322,0.48362109121031244,0.9280419566081278,1.0021307780624056,-0.03885154405802582,1.5141815243806107,5.0174191944286335,0.8810659670431,-0.14226134770255788,3.5273412904219215,2.940726518830632,1.3580857908142283,0.6611569875770231,3.2890474039161623,0.2726181436820134,2.7931230203769166,-0.31540004648890324,0.9552989817919209,5.712330076381544,-0.10535473110836865,3.252996325129626,4.83694344295598,2.4306813726425194,3.44182372816367,-1.0265639986762571,1.3334145584305221,-0.4985354659246196,2.1971102464432715,0.5438001317012569,4.855174402758986,2.0396997873199836,1.5267976721032008,4.43120934281363,3.1499068322102413,3.1273705864964483,3.8615338064349336,-0.7772820430487916,4.609763649072608,1.8805030953036945,4.780782185542313,4.056295066523631,4.5739896786227865,-1.390328076846416,-0.6933955637987371,1.9756918373592312,3.5864138429810373,0.2270133778621906,1.5725548059750356,2.0,0.0,1777.27339606012,0.876120009198718
373,5.225877911599078,4.62442333737065,2.2878552251425606,0.23150340570808936,1.3660603184578237,0.1042357125678296,0.9861039409619154,1.1759942880711478,4.8750076882331,0.11613277849791329,-0.929212225310177,3.5914473684246997,4.100166911650331,1.3057334827254874,1.4285707229504383,3.0616209138948984,0.7657804331761069,2.2340185878557546,0.2967346359707862,1.0042968758856337,4.681448567723959,0.1306970175685317,2.7346262527996164,4.912265864500445,1.1626916827847826,3.559821319446714,-0.4754601777823488,1.9790147722993532,-0.6453674252804414,1.7647631923668587,0.4120319328992337,4.261505978918474,0.9470361854111335,1.0754399537664014,5.036504730515116,2.7013185041781194,2.010803032957425,3.3448137380694463,0.7075216029921462,3.803735410640693,2.0901483425931655,4.663533510856384,3.5819137997164026,4.813478398829548,-0.5578897774318268,-0.05895204646023041,2.581722689366721,3.219155253668431,-0.6794711163732444,1.3592852328430067,2.0,0.0,1135.3703674493565,0.9890762504643261
374,5.16579443477037,5.246670486509357,1.7398802783412335,1.271002039325543,0.9053232559882339,-0.04977459590639011,-0.018910040590056743,1.66144955289083,3.912306025507595,-0.022833061456959913,-0.16131125137019686,4.152633712937721,3.2444866184135894,1.615877730851259,1.2438872583081428,3.415352387769907,-0.2430576598647386,3.1872263038904123,-0.039774419214130746,1.127360020949781,5.368057215981519,-1.3289616271715379,2.85670236773286,6.4163033695912315,1.4879783350702434,3.5195663399682138,0.015185582868141534,1.8924661662967563,-0.10358704501629154,2.213520107090124,-0.10566642892693129,5.533332891668607,1.7132970483618122,1.1917810625891274,4.878957159757815,2.5436945328583134,2.5452586120987526,2.7044057397906336,0.3741643973282311,4.553809688860247,1.5723364493175116,4.260704721798911,3.3008162435744217,4.7851034588938095,-1.4624417746407252,-0.3857465383682671,2.965051927336678,1.8506708271709473,0.01062781067689697,1.696180174564359,2.0,0.0,1793.7179490303229,0.833737193428199
375,4.866932121132056,5.496056165915569,1.8167779367959556,0.4762865003412379,0.19082260101530835,1.1767391734379373,1.2709972319058522,0.08453640414581232,4.720967968566795,-0.08619437906917513,0.30123477793584813,2.848498439683104,3.0602196974770544,0.8021897053872371,1.4717545381829926,3.457468237002663,-0.2005283691162283,2.1790413383927056,-0.4241271004183984,1.1261027078591257,5.972499101299599,-0.09988554167593597,2.7023598736636196,5.403418662507065,2.152790163914778,4.114853037537558,-0.4730644079415788,1.735034334049508,-0.021112327513047972,1.9943703489759752,0.8420102453657076,3.642915549674292,1.792882530280916,1.6318845094442875,4.260332594546005,2.6177034005486077,2.5932279320851865,2.8589059500012364,0.4310192153919643,4.0276117210172915,3.6200981275849964,4.206577968233838,3.4640032533329754,4.555178009510645,-0.8481487424950354,0.2241979907228012,3.4258781228348445,2.69941587158895,-0.13668526707104084,1.6333492090975656,2.0,0.0,1217.2440772391408,0.9828934115752916
376,5.611202086468844,5.425469706124045,1.8289419523662778,1.1260466071301398,1.1639948505173299,-0.029376024143522472,0.4154338351779702,2.1485640818542553,4.771737408649948,-0.3885259817483123,-0.26010906355367736,3.891801944348306,3.6440931955036,0.7444389414218273,0.635735461003241,3.5624388138270966,0.1443227268560016,2.052803958867014,0.21710149215088226,0.3490764002166311,5.123926416168153,-0.32452744392206434,2.817660408057432,5.405075466498702,1.350885774244159,3.7003978957724777,-0.8545887913919626,1.8577839878355336,1.1575162600307374,1.77518846034012,0.016695285096641026,4.898606798808203,1.4438228679534102,1.0246175236498125,4.7601089941594985,3.1494253770459797,1.8388427178516853,3.7220243424350463,-0.18586610975383544,4.905596826072705,1.9188862162081282,4.877189391734809,2.863968918985774,4.635325394636197,-1.0716481637905557,-0.26428558912141037,3.753090845778709,2.3268562175663416,1.3721229479472643,1.189796670401211,2.0,0.0,1802.8200696971319,0.8796575513492302
377,5.405607312964232,4.963700330787789,1.8258004336838003,0.8019254379495869,1.6843140914470607,1.067185421611326,1.4919722245382183,1.7687549305349162,3.8086920762782643,0.4972346776030532,-0.32070531210167985,3.4850975342037995,3.3166845836795993,0.9944565108471488,0.9110170630469279,2.173817769611312,0.6922747934255286,3.2111314393018144,0.34253061005222196,1.3660778256822175,5.372192049265927,-0.137441199391856,3.3732805845546894,5.454598237261296,2.5490710101653518,2.909673531347444,-1.0232797611476143,1.336070788814415,-0.044053068939749675,2.3195940459717788,-0.24544274199763194,5.591754774943787,1.5657428409411107,0.8398011715598638,5.007931688840613,2.7549767465429897,2.868512866697119,3.2547048534819356,-0.46835945951761726,4.36187050030042,1.8463019658540392,4.149462836646692,4.583945305029236,4.939305209002049,0.42462200074179035,-0.4192381399428207,2.8213033893048487,2.5029844352614936,0.41229162249362467,1.9012783325462612,2.0,0.0,1764.6146542634817,0.8805699648446899
378,6.0827819032688595,5.152768287933739,1.5551957944421266,0.43373451222240517,1.6062057026076824,0.13742776887615152,0.7462216029971198,1.1027019422262554,4.381225141173314,-0.17203719064496947,0.03133379583912277,3.9255252223204353,3.108737413263082,2.16931297267213,1.562403875032086,4.25976435730535,-0.06416938150172874,3.3367566011107463,-0.8037705448121268,0.8827516609577899,5.033053824715675,-0.724079735410435,3.4429740871250956,5.918905239540113,1.9361748747593357,3.1042576953716328,-0.769843238870108,2.447238118129042,-0.46540875583133257,2.183774220973194,-0.21994630040226337,4.875212905668238,0.816466756889942,1.2591414525230609,4.519344284508048,2.8955221798813886,2.364735024302292,3.3223790726835554,-0.37033760136108385,5.126144823682006,1.5348235734569564,3.714158160247589,4.035028265777418,5.196129321249171,-1.2048128878775843,0.4503727157846869,2.705920045541045,1.379351912749016,0.07018645079789265,2.330613138679465,2.0,0.0,2042.4636325192034,0.8879982852481958
379,5.074923210584257,4.915127835374457,1.976565342097822,0.4333019292185933,1.744174519115051,-0.35217145044848797,0.5954504391356723,0.7323792732675152,5.032748350551087,-1.2141213503288473,0.8493873655379012,4.028936027768719,3.567951862290456,1.049370255145133,1.3613412445028557,3.162416940272888,-0.00796442185811691,1.9010870817987233,-0.9679796109855496,1.4767154994754963,4.706480514530223,-0.34913271870075446,2.2990899681300623,5.773995853558032,2.5887206095004514,3.0327685253990095,-1.0427977001305937,1.9820320734706054,-0.6869765691484676,2.093912936817179,-0.18721633376666819,4.798310984213706,1.3535511190878915,0.9543621700227899,5.2786048125772425,2.744221766177148,3.103205134267204,3.2930519079175182,-0.5049887083407194,4.863193915376972,2.0272335866587556,4.125279034114811,4.113525548931005,5.513675562421436,-0.605403634434593,0.7840486858842807,3.559361589214297,2.6063810965024734,-0.6621474060441054,0.6250191471964912,2.0,0.0,1906.7141450033942,0.8710073982765439
380,5.321423668925745,4.456971963771727,2.493105279367344,0.17103702556849254,2.5475494031874524,-0.20100183156381446,0.8573548754326694,1.2324249941492187,4.324080819968356,0.3052272481610143,-0.5458459563221814,3.391791493257982,3.8622865655485734,2.145250666521203,1.887131972600665,3.9182928897361244,1.4680346306964391,2.6557861236776636,-1.1074303367033957,1.6290581862217033,5.711698655535868,0.22428590851645563,2.962005017231084,5.3918645907410045,2.5947797121121448,2.9509690467529017,-0.7765800468257954,1.8633474168161126,0.5465903492944201,2.584617600987058,0.708620281510725,4.6779551633717045,1.069834917080163,1.6817098076789743,3.966394279525937,2.88141979594529,2.6957093208055416,3.3386052552668404,0.08550298928660043,4.108187829888778,2.6373477351585177,4.286619069226844,4.68951772242132,4.169915240600697,0.2807191613571427,-0.6622433905055138,3.0342054749954865,2.9549859167158767,0.22017186414984263,1.8160821640482787,2.0,0.0,1838.8580918469333,0.8884465390327771
381,5.903342710100987,4.6216214932243584,3.2437871211075064,1.2462769689290987,1.0841884300919071,-0.21453739164349228,0.9478805372207235,0.971795265297055,3.9872082356954937,0.05410385858114619,-1.35531016211227,3.7978037818866683,3.6629392483213334,0.6656981159296806,0.2819339867121614,3.579871938192775,-0.17603324931227327,2.8943350453889165,0.30302447797361953,0.4319077494410001,4.329497252779595,-0.4235994421109854,2.2303046360183187,4.951560544646252,2.6769057870549284,4.27590436539434,-0.23521549797418873,1.8789435790142315,-0.2809702467032324,2.0568104604698125,-0.6098415417931199,4.669967416413638,0.018590654635012527,1.0405557627925903,4.44274319988419,2.7796555232700975,3.3412933392892237,4.319160009955168,0.3209726242878862,4.945248455897111,2.4254003890109117,4.261352025799897,2.944116044488727,5.581702221253449,-0.9166878226698983,0.11421544024112124,2.7211885125892157,2.936732777378001,1.1828248707889353,2.1542257510371092,2.0,1.0,2474.4971551615577,0.028134609176643812
382,5.554664869050279,5.183989240964324,1.6961258477937826,0.9445530493863082,0.3983219699486308,0.18141020175188602,1.8777878455922496,0.2573092081386501,4.299304570577751,0.8941965501960573,-0.07335785833877392,4.0020805885080595,3.18092083209376,1.6814683879596235,0.8444334963388092,3.096220960472168,-0.5825565315356844,1.7766172298198863,-0.816348822311853,-0.20738536546401498,5.567662082726743,0.25323361594398863,2.825350111065754,5.1038928763271345,3.025925204327071,2.8165761544515444,-0.4495046048380751,2.013722472042942,0.045015342478150006,0.629190844178489,-0.38649622572924586,4.3560923563334155,2.014600308764615,2.0909922615700296,4.503694845878424,2.6366321552456937,3.2332159639761135,3.5839700103908436,0.3736688871603756,4.314801005934671,2.6951234016864962,3.954578352396344,3.650428456957529,4.640797668087885,-0.9281843853508325,-0.03040233330547635,3.49319577982451,1.8719608202628315,0.33426167338105695,2.4266561341490025,2.0,1.0,1941.7756342188363,0.06741813578547654
383,4.657056020394377,4.025109416112407,1.4825766759818024,0.3385895077632149,1.363647602787947,0.6178174656288193,0.7195677884626549,1.3182042660076374,4.437982125826908,0.6352279374696903,-0.20967615061940967,4.296036577414818,3.4735674471265474,1.3290267217863074,1.358030871395306,1.8769064400730209,0.9122460570064144,2.3924225340975998,-0.15115687626926616,0.1833684273138606,5.2014403881745395,0.07910492382608916,2.3798280716465143,5.451359603580079,1.3027354612039668,3.1366938441643435,-0.9438801240608778,2.0263218782228702,1.0449749145079763,1.9049554404589801,0.8174285217270365,4.138084249344162,1.7897898345144603,1.3719915836210452,4.399945989463625,3.5221854056207778,2.827938200592361,2.834336195272697,-1.0063178410168885,4.575182855478152,2.2447203791306416,4.030548293561103,3.4974973139835965,5.602221563217992,-1.0341359414531297,0.15812412635465323,2.3801320367405943,2.524514159785259,-0.4435575964658961,1.7143057523062988,2.0,1.0,1299.44015895229,0.58601655851356
384,4.371195403493342,3.154396230994216,2.4846738661483525,1.2203568497567974,1.2902884137858999,0.027755533916859587,1.032275965673347,1.088352198375792,5.706438140190283,-0.03350263221625187,-1.4796346208487314,3.6346882337543103,3.776453089694722,2.1200376550531805,1.3400866760610843,3.867347498038657,-0.771662834019667,2.898589861548211,-0.4016111048776233,1.4123174300472228,4.522228925297962,-0.0019443024244766016,2.786431833190788,5.998277036255838,2.22275234920201,3.4639046495326,-1.7246531052510146,1.8596086495175068,0.14740227707562503,1.5585180421818017,0.03089792334032722,3.980946242898232,1.8593054648007747,1.0523005153690146,4.894401010681455,3.4406705059448788,2.6489155842342837,3.5594025751613785,0.4844624414972586,4.632644906951817,2.267729981816887,3.578413526671244,2.5752606362008947,3.9435353456854063,-0.6883754214775601,-0.36714744799422794,2.787002752061739,2.2053880758037008,0.9755401105656861,1.4327030122659385,2.0,1.0,1429.4511901110952,0.5089599950662941
385,5.387915019802235,4.652576577101795,2.5771561587949274,0.08244030253115253,0.7049055604257677,0.29793654981179973,0.5377425059114819,0.4084888681907516,4.707987868900882,-0.5948811752388924,-0.7848315513573055,4.331454264862402,3.7223811049554016,0.8474528943721394,0.7922700052245033,3.9448432609158477,-0.30673152359522204,1.7909362060265097,-0.68405397926356,0.6843052267401216,5.188729914199867,-0.1672266979588476,2.7004771892600243,4.950491751999138,2.2202574713097105,3.0437410929363176,-0.7710251605683497,2.030458401758661,0.07027052236298645,0.6172147578185601,0.6387882670465627,5.929969142800987,1.6481795447506993,1.1067897642842253,4.255693705127814,3.5760433762862744,3.0392585701737493,3.0187986087075767,0.3997227053513278,4.447500707884023,1.6586372533171505,4.194094328511039,3.1538291043225595,4.344874526413762,-0.6551109700219195,-0.1472881628167086,3.048599384584558,2.8185257120927383,0.6994475109073119,1.9744877384286488,2.0,1.0,2194.617517420347,0.022326231089226045
386,5.337170752728754,3.7724402452193155,2.4663006375869263,0.9166162579952115,1.2548285625145665,0.320693751082674,1.4895467194630712,1.7353573580873587,3.9143778727528584,0.5445269952535975,-1.1342214240390645,4.306262420955577,4.614748574090257,0.4579240829077744,0.7291612197533179,3.2320158688103655,0.20826583392831552,2.8469519155849596,0.5729076738138531,2.1463832050016545,5.220186860399511,-0.22503652174510447,2.9667909692997108,4.421389324886378,2.4092212648988505,3.250973766718159,-0.5497131970255704,1.6024286921266493,0.14366520978618105,2.4632903875515177,0.6396426949042169,5.478430170851447,1.5257829763494082,1.891236593882614,3.4390613073422793,3.829410620351024,2.928616433704143,2.6843675114730643,0.4331391832363267,4.407603704276917,1.9621121663505119,4.245814468021156,3.9152182104023168,5.058015412785779,-1.1896192217623263,-0.13133086409688866,3.912310868429361,1.938489045334549,-0.10028643978566948,1.4658784081690126,2.0,1.0,2014.7724104092579,0.2401360478591893
387,5.500135902426801,4.479992643033763,2.3202399060560364,0.6845566246940535,1.2371099895342206,0.8655122702961335,0.47845422322420655,1.3287906055708631,4.654466481709086,-0.3673974345649067,0.15234662698637974,3.3179279175301537,3.6246385691732983,1.3700207736096204,1.6358062732923937,2.3985980319885982,0.6531746733272281,2.2461844927840526,0.3790134679462155,0.7684361032686966,4.95117523227885,-0.24179315248759287,2.42361141495995,5.616407371077814,2.6962435378449725,3.239253986235302,-1.3409728811132173,1.681550721403882,0.03461030911027542,2.348568882186572,0.7104691297744943,4.36524237601096,0.23434710303320938,1.544433028697773,4.8189338721477055,3.1196326164090182,2.3103656078414097,3.5251845456893394,-0.4273649569426078,4.3959754624460405,2.0486061293782294,4.6985801014572,3.788612295335662,4.578422195605509,-0.29626275643423244,-0.8707866399181504,3.6853966354606915,3.0514709733319143,0.3616586322578005,1.342768362231613,2.0,1.0,1979.4504152325383,0.17668201666310843
388,5.777042473075951,4.939792855055133,2.710327080754157,1.693451895971194,0.6036025980780584,0.524307963914651,0.9642148454146509,0.6794770741977663,4.903236907956299,0.4947454985771934,0.32281216372708815,3.7561893047418873,4.34074343571412,1.2631706207901106,1.626332205249369,3.5137490436415026,0.19055825328350143,2.4540112437497976,-0.2805113750236726,0.9945193507319389,6.253941436261821,-0.14757410920148262,2.416278034275635,5.506431531831627,2.6202124402923523,2.7997755976044796,-1.4579044274733999,1.173429871012064,-0.42687699109396815,1.4170595189473953,0.35057480119453677,4.1707185814554695,1.8762353252669817,0.5828067580423305,4.3850781457694445,4.0277779589844735,3.058559756888741,2.574058181681414,0.19045222110583043,4.2273167329082595,1.240429136537311,4.628715893550047,3.646663622433858,4.935952516544947,-0.04140067694006466,0.20750995582021153,2.91348485396336,1.7052959594532133,-0.6925898286727573,1.2940268925897112,2.0,1.0,2497.630495790359,0.04401599467216011
389,5.494250108841668,4.50560967256781,0.9991829445405636,0.7200240276538902,1.0334761701969677,0.13006164268500991,0.4655793780411198,1.3322231206387192,4.386844560095792,0.26848228987708767,-0.3803906296986802,3.396671598112277,3.808584560820411,1.627907996266003,1.2614463151713675,3.886314491811475,0.7287542845499313,1.7564699623189983,0.3392293357653545,1.1418533851594463,4.3759295740699296,-0.1346358704544072,3.1961569358276636,4.713509312431227,2.690255548912754,3.6851448158108773,-1.0908357460596163,1.8378908051494838,0.08097232317253243,2.589017115572021,0.30273924796072144,4.197880250353347,0.9755944055230643,2.7118626032641755,5.047495867542289,3.5271558648219368,3.3726173057131845,3.3855002380357777,0.45755815328833277,3.8602853134530566,2.0194880141873592,5.0628724516200405,2.8834023431892657,5.334728252027483,-0.9924624050602733,-0.4779379373532466,3.107774789245622,2.578030661447859,0.2523220650278244,2.2002449807777458,2.0,1.0,1884.2841142696138,0.4185968566226335
390,5.006018197460248,4.549355934701922,2.0236289644694403,1.4395118885602392,1.4745859250024211,-0.46674453429843565,1.4480517008308595,1.00898142774537,4.911980301734882,0.699409689097634,-0.3049370547900342,3.79637107418708,4.098072790175901,1.4880403015241137,0.9239932140437721,3.680784283188184,0.8539695545847907,1.8641938467378854,-0.18202276258286687,1.3470453752448506,4.732729658171896,0.043831046325812056,2.936214227781192,5.973444312696917,1.513422320028987,3.057765369621695,-1.0176662404558299,2.80687024804786,0.1630848065981177,1.8975011423240113,-1.0617523665869872,4.824629972158124,1.4360253077977088,1.6747967338948562,4.853013489209503,3.165885914551014,2.29234658220055,2.9250069463802544,-0.9364379953274713,3.815841212191029,2.290578332618516,4.790146072469085,3.6750367950610863,4.617781654507708,-0.6429918641093256,0.3592067014939288,2.2100478236481678,2.448228711010179,-0.4483310847377562,1.4284586165883233,2.0,1.0,1867.7445478223444,0.33309572583568814
391,5.644104487096595,5.159076538942374,1.4750626427679014,1.361580503459194,1.7028522288138945,0.08625922844726669,0.164498921464023,1.9752785307544736,3.904475699306525,-0.1913714803308056,-0.9178579153333439,4.100255563771406,4.14398694085871,1.133845565216258,1.0022966029677474,3.7854253721957085,-0.33896884722584153,2.6824616902195393,-0.8275252569864149,0.8978754775660277,5.3397465362835295,-0.6609063177829511,3.4871138700191775,5.368294870594846,1.3568446451319658,3.107779847304986,-1.3685374250076676,1.9199980414175135,1.163252631293422,1.361163924549658,-0.9374729398458901,4.962827207294807,0.8778787058462024,1.650034141046695,5.5664755179033945,2.802657468815283,2.4781288678535485,4.2286545957657,0.307658998801024,3.3732977083389613,2.8783688807371237,3.8903143348809803,3.277004978561563,4.603137337085192,-1.0608483444773462,0.2997173536832359,3.7925148745424346,2.6355810604112717,0.628972371490526,2.3899877073857194,2.0,1.0,2652.042200844607,0.038574999860456316
392,5.431870269133483,3.71415796268438,2.4261022645018393,1.0886497184000539,0.8835070493673608,-0.9883626385156739,0.9398083876492064,1.4085511397587978,4.780630131039979,0.08631615509458455,0.15262335539779986,3.9268879248054263,3.8475015191299105,1.8395468696608626,0.9463651726537408,2.8274739280881076,1.2301858156710133,3.1715862407823696,0.40315167021230325,0.572041121219334,5.1628549151201355,-0.6480874980304048,2.441697271077059,5.594038631376172,1.1878563526133963,4.19020464896851,-0.8374227990132085,0.920320114890837,-0.25004147909424035,2.4287788687440646,-0.27580687822429956,5.374256035410524,0.8875065449438471,1.0528638285775438,4.362734351350671,2.817872984535171,2.3991946259267625,2.790720555485217,0.1276473909921015,4.539359261155816,2.070680256299864,5.06459417881158,3.1742023092401457,4.404885109346965,-0.7861749868175304,-0.38075139524289975,3.118166312690066,2.75926782702438,-0.07206408045706952,1.3531456392020527,2.0,1.0,1773.1276208781067,0.4579236124236875
393,5.558591467016311,5.100995660460969,2.300939169934966,0.4546928222050222,2.241035665606172,0.11994892584699404,0.47614577758578536,0.2438097525562668,3.9174534861171617,0.841959104554491,-0.5482673486858312,3.275711874657479,4.399097251197637,0.4445870669058133,1.00678959536722,3.057848483730284,0.1966509617275564,3.2483197442899163,0.6498688446586391,1.99460677177733,5.236672209607757,0.11885986228866308,3.1135564752375857,4.782403604687619,2.803193768486744,2.4819908900579573,-0.09659242835014137,2.2219417300437176,-0.6570283002991324,2.2939106398486673,0.6014033121761909,4.152390093375588,1.836840668396189,0.04512352619411453,3.8665321448547156,3.173477050509688,1.8914985904320343,2.9381317371669193,-0.7026416177939955,4.024078674569477,2.226359099144161,4.446511113210831,3.677548345167915,4.965120109393797,-1.165373884383453,0.5764551250272554,2.905936288127014,2.723210896835862,0.3580034858874126,2.608963726590104,2.0,1.0,1487.8877548978235,0.6428133205419011
394,5.422066886415449,5.898140041230077,1.507530609895201,0.3385541089737838,0.8135940692520665,-0.3371776346283998,0.5645708819350029,2.176045552179085,4.189615487007452,-0.3126538817840093,-0.0929607094608498,3.1105866733129677,3.3516733488509174,2.161035299450347,1.6006179861514598,2.914497019820491,0.7619437903823634,2.0589195315905924,0.4258916360625862,0.1490766914391496,5.616255298572896,-0.6369243165103972,2.800080732795228,5.648382677166923,1.952261645122377,2.922874607567881,-0.722557260525532,2.2842217058528886,-0.2839299222025795,1.708024475857313,-0.41227391332439695,4.912836523371512,2.048741459895759,0.7422326490010898,4.885715054846205,2.8447436892287588,2.644750750460345,3.1335947961358235,0.40858037241583767,5.139538433143845,2.3943224186861554,4.145423698840808,4.510916078587747,5.248515286776051,-0.7483581128030092,-0.5911854161028436,2.2780101528588332,2.7236753327792833,0.9463958323740149,1.0078531930037207,2.0,1.0,2438.6888430222457,0.09088137563185361
395,6.037160501024335,5.024375035396091,3.15977312287964,0.23565702639876274,0.8592449285595488,0.733169060191111,1.2695816936545687,1.8650189075240426,3.783894290374662,-0.7676502708555615,0.1589136276101497,3.6730140717161768,3.2301357446752865,1.8952411027692944,1.3570984572707274,3.3546917055186105,1.282885983245981,2.8887608577489283,0.3968971684760001,1.1030907821597735,4.907120831110465,-0.535934915879867,3.1604837865163202,5.8445841823673375,1.7066721422508588,2.999236836172366,-1.044045332215709,2.387234837237275,-0.3578737702914751,2.108229579246215,-0.3071402271483628,4.723668815286756,1.540439978922453,2.2212419120872235,4.542161031112115,3.4267277323543546,2.686658644526452,3.125580428152124,-0.47452634898512636,4.4578401822439755,1.8050636934642301,4.269818640779102,3.860943616882667,4.501910430710292,-1.4064964113392762,0.10605972242443329,3.6426390892889517,3.099843132699269,-0.0025103727505092766,1.8089807580158024,2.0,1.0,2500.3800625531176,0.221693771540157
396,5.799960761624499,5.160045616985823,1.946855380351196,0.2530962015297988,1.3431512671638441,1.402426140418258,0.7359505321671633,1.056514568929879,4.574561247476719,-0.38725130061043644,0.3427525525964842,3.3517476181989188,3.4765541774900086,0.8342958404835352,0.8827062816357027,2.889519274121995,-0.1673721050303567,2.118458696725329,0.5849579984525318,0.8538044019736847,4.834602524657786,0.3630340709832591,3.2348679577150907,6.3525381419879094,2.2629700388770577,2.812737917662271,-0.45368364463426525,1.7437995849186905,0.25031233269295416,2.4332267792739914,-0.012609787510418718,4.93403869911989,1.061411665646117,1.0614329970642147,4.758045291306171,2.265793496131932,2.029592577045949,2.982342342160148,0.35236114702769783,3.878306155221443,0.8956952566678101,5.356215815510826,3.437813541418989,4.32792667439159,-0.5075463588126405,0.27226823979571185,4.2669976008225134,2.320411271080389,0.47714064479546947,1.9503782882722547,2.0,1.0,1764.869755310174,0.5133424733483384
397,5.347618099375272,4.489694045129433,1.3398889555468685,0.5409681781879192,0.5545587486505127,0.12278167249698518,-0.5550580748829577,1.360960294044746,5.154764999253944,0.45341204996000406,0.2661480997882556,3.096848275017053,4.211614412493526,1.5514464390148095,0.5546362790302523,3.4203959004136637,1.0321139336298581,2.7639421058418496,-0.07028884047525011,0.7785009435063986,5.1270534577026785,-0.6068155491805158,3.221306677529254,5.120135976548498,2.1501218232921797,2.5188634993487113,-1.8291968609653009,1.6039933392571517,-0.019405027381169764,1.8513808700856522,-0.6076295552728194,5.683401925560947,1.6832024861542796,1.5458471868359143,5.154588213249827,3.358847510190037,3.422102863986211,3.9088342160420657,-0.2080131566779052,4.225998303749609,1.4707753890844169,4.184871863792001,4.109227754944407,4.283774236944981,-0.5139313249034233,0.7487577935135413,2.6869942830309324,3.231809739103118,-0.4018366414159109,2.1992035103357526,2.0,1.0,2148.2955395475865,0.3941898443492063
398,5.0829877974589905,5.142691764408193,2.3033170198743846,0.6298251842407322,1.3421025509896631,-0.13783306841311527,0.5812822980142012,1.2434730804923657,3.42134183777837,0.12207252611131572,-0.15049818411303414,3.393945014631885,3.865916266337651,2.1316635450208152,0.7809727705328866,2.670001441438778,-0.6024477979689652,2.445736409907548,1.2441035904446949,1.189625789204351,4.779246452477643,-0.13485267682920624,2.0786553184129675,5.44296476208814,2.391628928993405,3.3171549744660216,-1.802801850274055,1.3472817244957862,-0.27798542088286454,2.450743202636021,0.7135714546900287,5.031456423853143,0.18007570598739897,1.0891768863945877,4.384110924432349,3.09965153929256,2.694690334675293,2.9896082109349056,0.051578399781903636,4.021863608687314,1.7238093200405924,5.433573657905882,3.0807454032850736,4.128291677373552,0.1962182606731635,0.12640211092605733,2.1950745339588114,2.5816033769525206,0.5683287050073595,2.0729579372917493,2.0,1.0,1371.7668794081014,0.40524486053447584
399,5.451318950326267,5.265819871591572,2.4360687381785726,0.9936261078471083,2.3009556167712235,0.4561703785677679,0.18078456835599876,2.1908203606587495,4.02287123292887,0.521515276007707,0.4297681510257837,3.5164773944354497,3.529011863565875,1.4246749376365575,1.1936511531853955,4.101392188750608,0.6095136728378578,2.6242969022247737,0.6518032863021425,0.25670153339793833,6.077493318131423,-0.45373701832997443,1.9473055558990355,5.209074421402921,1.9862015053165962,3.90638420608346,-0.7482972285050477,1.5556562916554082,-0.20656749329137636,2.0756994690326387,0.7671052187481886,4.814506697232663,1.5139006262066461,1.3171129443891008,4.470588364445281,2.240890864427922,2.7298335012825383,2.605821295270401,-0.4022663490528364,4.258711344229285,1.8575519647568655,4.106624400599501,4.4753252304861695,5.326739910642136,-0.49177808780680454,-0.06558773282799099,2.953012339114064,1.7708552467983192,0.25414424595442836,2.2683849155039892,2.0,1.0,2112.09874472165,0.36915220805276416
400,6.082243408498427,4.962192291064105,1.9758589134452837,1.2035567804723122,0.6177171770059205,-0.573758043662538,-0.42493818558831076,1.471165629489854,3.91226895342629,0.2600928044229459,0.9067771910814099,3.797191254880375,3.648820391443959,2.5519215219048226,1.784186489775896,3.0915344887141276,-0.3071691370118368,2.169293064950721,-1.0855086429363918,1.1684617259775034,4.399042114986646,-0.7054107715469068,2.4625900286931675,5.325851488406076,2.86990167275719,2.8880957088939248,-0.21105072388366752,1.7590160983839227,-1.2234631853256952,1.4444078591994565,0.8849655707191486,5.096614715435044,0.4990798387554619,0.5893897809251769,3.7974182345139784,3.000201517530557,3.368944817991674,3.081508125105206,-0.2541840486746475,3.7877805847369923,2.492029853446766,3.7250140274548835,3.2399310983110077,4.650094681824268,-1.1418185413428503,-0.7675912098602614,3.7969443541463255,3.2277404443337656,0.5782429740375514,2.107288558159426,2.0,1.0,1434.1429004367421,0.7157944591423127
401,5.561446603297475,4.848839568964372,2.0783601257368725,0.714381672974794,1.4586828348152348,0.8593837238224431,0.3336030751900252,0.7814743488860545,5.328188372012698,0.7729060072137778,0.2979290831144298,4.359564105782626,3.421965702117486,0.7343905040092759,1.290917113204841,2.1471138093275774,0.10273208513787813,3.0261442122884237,-0.0633610385621162,0.8875542267088957,4.830735858506436,0.3993839904382869,2.830008862067435,4.060624595829324,2.6785384155000718,3.576164491594592,-0.9141791292381334,1.2339899376685604,-1.3865879222411952,1.9116335262287532,0.17449919067399366,5.0200593566711715,1.9326356226469843,1.1853749689054958,4.643846087555906,2.558459454931047,2.9141625048104114,3.4101103998486586,0.6930731475547851,4.771600014766031,1.7366961176775546,3.4245383774030502,3.893655302207465,5.0319338002504415,-0.8488306044894189,-0.17552573353782064,3.135741653967096,3.1054737650953235,0.447240086328023,1.4777258841492933,2.0,1.0,1773.681216599559,0.48462215450846796
402,4.823899143817425,3.8381935966132255,2.1012435654812163,0.22457813891319334,1.0225472635732216,0.36698849706620107,0.8038520712803592,0.5330992824801188,4.374787726054624,-0.32803114608538897,-0.7110116110349488,3.251129936953387,3.66038708786266,0.9421572583049563,1.2919660357662854,2.1369484616534624,0.22483675462344302,2.3663384464066453,0.4379705490783764,1.247323004858725,5.735307104209297,-0.03529124108125781,3.082981070870595,4.710905216083552,2.6415659785504846,3.365088563054668,-1.5926780715228666,2.0974059672575986,0.29707249795768703,3.0831547902589014,0.6048174957749703,4.834820171731242,0.9672165010131768,1.4295191313239848,4.975057240437434,3.6038351198418033,3.1834179529966016,3.1934417552295264,-0.02404179703697998,4.585415327454831,2.4171139535074584,3.7170779046248947,4.1607986394430245,4.262005396678951,-0.48603644406694724,0.3449631741634124,3.4776016312949043,2.3259626646485874,1.304810771526367,2.0187111023975635,2.0,1.0,1645.1682080642845,0.48268448253404295
403,4.383281433009572,5.06741872193059,1.8840366005453326,1.2616279063614515,1.5071006661890536,0.6730982390029989,0.7081382377591232,0.0938981606462117,4.3847403208318365,0.2879120132350631,-0.38140408187073815,2.9816413945198907,3.612716765827035,0.6903093453902308,0.955192626471187,2.8372451755887935,-0.08707953129537749,3.2955262259854927,-0.1169766771851945,0.9264909403912989,4.693000677549034,-0.4698664925491687,2.2167047002934464,5.68484826672957,2.3651749043948023,3.364589318467865,-0.9667464821900666,1.749077229103451,-0.3297974468470731,2.8771064035234564,0.5942705680657059,4.853952422804219,2.1562030808291697,0.922964453618413,4.17671234966399,3.319679547169477,2.96355502938612,3.312144501619029,-0.13211319375834238,4.417745957673314,2.983202690158741,3.694981548913112,4.087862180753626,5.040958049307186,-0.25832191826177053,0.10822214072734565,2.6184492898831864,2.7846653480680965,0.6322236471370387,1.2333697713562772,2.0,1.0,1654.2112349549234,0.35509748495301513
404,4.919690380916397,4.487702681255073,2.4770575390114447,0.26738158261750095,1.1756034493929721,0.15489637131271894,-0.1866254409238195,0.7199600353331292,5.078020201768266,0.695653552765135,0.19841525705348012,3.4281375876667766,3.9694078145949754,1.0971508017537477,0.4815219356650793,3.8273938094428814,-0.17238608371274844,2.603305899539375,-0.20939190822734072,0.702756669551386,5.845991034468977,-0.24601754855103847,2.046318215570363,5.68379549067747,2.143644208834168,3.2579210756795334,-1.240040760498676,0.5275537987179024,-0.1412158780056546,1.7764100372275484,0.6001199418727904,4.4611551123714825,1.7605894038937233,2.1473250182535795,3.605382356759647,3.315432733761707,2.0823074896035934,2.5020551164746623,-0.28026829048057483,4.096170297427642,2.216084090772645,4.558669971339632,3.5739721786666516,4.236376633859661,-1.1644599070226267,-0.08805730522801332,3.7066646347887655,2.917974503812018,-0.0870112865806531,1.3330288805707087,2.0,1.0,1597.9964489945748,0.3840374266615122
405,4.813638379023977,4.457534286372383,2.341630805620836,0.7460231831915515,1.164799626175012,0.490083815144982,1.0563620026337215,0.9104700664018313,4.77128252384508,0.8643300521338955,0.32159781441105745,3.3385881738040006,4.174871028575321,1.5229702481116605,1.1291968742455694,2.888536389515526,-0.05113081287099153,2.14606565107655,-0.11074531030610638,0.45403136123481347,5.213998934241852,-1.0460680234908395,2.639814654570374,4.712148567487958,2.7932795411641287,3.4564895317233697,-1.3805279365980476,1.0917943820806544,0.04404314714826661,2.485685295065294,-0.19469475642853584,4.7121987077401,1.22322876436311,1.6680071373143626,4.156467942266213,3.0769238771234995,2.7556605238346914,3.8551546958527183,0.28043197157879934,5.172604449445545,2.1821665561970884,3.8612336421415243,3.6594246878989436,4.3462127686053575,-0.019268699192018568,0.03660515099599026,3.5917069836634976,2.5534170311919966,1.393794369596989,2.512550631212905,2.0,1.0,1609.0129348941234,0.7107580217837544
406,5.085897158098784,4.461642785609279,1.8823154166306788,0.29733199688343426,1.1360204015771307,0.457484120453983,1.1415684911647406,1.073407757870825,4.642028416875353,0.0053787287691387,-0.1942053142518484,3.2353662357471045,2.508052831809041,0.7768911798269842,1.5732746017036972,3.8577272683581754,-0.1340784342832323,2.073946784596566,-1.100957796763637,0.8771835491451654,5.962275311879534,-0.4189560907114763,2.7720907666461603,5.294234880566232,2.611221516045176,3.0068095382778326,-0.5581231161214046,1.8932857792865514,-1.0589881263150678,2.76402738192362,0.1602363657567059,4.290024436241496,0.6205200653218101,0.9839136522064781,4.855809095982963,2.693221671625895,2.4460170395268706,2.992201189532957,0.32539902122272213,4.843360548767601,1.4825459900896958,3.370360940718005,3.706553905258382,3.9102751974222696,0.08129989802526105,0.12475710829007569,3.272465819158323,2.364749033315217,0.23783243646348134,1.0527478972540294,2.0,1.0,1469.2954687664817,0.1668003907681441
407,4.788799453913478,4.530759050581665,2.7505053610023804,0.8885029086868087,0.9047708645192615,0.5152291545517054,1.182321966682124,1.8055837367467409,4.109477223035832,0.49020152045068843,0.0808835916198816,3.8435101765237745,4.248015391751098,1.332798761410012,1.0882293563826075,3.2014474861042266,1.2730087986005332,2.7244285685679337,0.31464593609086144,1.2072049692501854,4.95406123940495,-0.06356660541758484,3.607376321428484,5.173803727276531,2.5079251720582008,3.429684464650931,-0.4749435334472702,1.69416607822623,-1.024778469151052,1.6782049561634662,-0.670900648787993,5.356466023986252,0.6635989245800432,1.8845244041411229,4.254897335001292,2.440973444651736,2.4848504183384503,3.431616419001107,0.384653048780895,4.316058958354253,1.8797485624827002,4.234935511318201,3.646159520178344,4.8564871623367685,0.06328082852124717,-0.026584483797755305,3.8161773233061522,2.611741167748523,0.8783739065493584,1.078763788157819,2.0,1.0,1685.2458697908742,0.7556651697250599
408,4.875857977493948,5.270560980413476,1.9360979070275766,1.289553855241782,0.4547959024528705,0.5959972560633355,0.3271604454043765,0.9047973531217665,4.900188444532602,-0.6286593434363689,-1.4604977600256923,3.6720635901801484,4.209658357770442,1.2618513477503004,1.0030815439404082,3.221949294252146,-0.14423126143106113,1.9559988425144343,-1.627253232925741,1.563843794563773,4.372356077333637,0.14421876710923437,3.3651966821706027,5.863948251269396,1.1560923091807425,3.797213121871849,-0.8276583058988448,1.2071455148130186,0.2530300068184994,2.201918249478839,0.26466835791639354,3.7230106852067673,1.2496771846632404,2.267658462901061,4.0670148690826,2.9929029517901773,2.164531053501855,3.020539803387196,0.2736413977045885,4.378639184544738,2.627247207810098,4.168988173731073,3.9445835590947156,5.096300333277525,0.035569197062954694,-0.04855999658878908,2.948123169878132,2.112388536651193,1.415239774194876,0.9863579014548682,2.0,1.0,1851.4898954617654,0.058776035153812425
409,5.541771619184052,4.566654904477336,1.9084167463412847,0.6387677539903277,0.717735522904603,1.0406228914215234,1.3460594826484735,0.37828973841237,4.085900384988069,0.029072199146664514,0.22497149836494917,4.139715270101743,4.160024767605739,1.686703476843757,0.4270837733835925,2.7082392540425153,0.6076825591515342,2.3192651590026694,-0.46454650674857806,1.3307058774874299,4.788755682075525,-0.721646951085673,2.281034000791421,4.058866185723095,2.282201812863349,4.288673027881305,-1.0281398828601498,1.2324679809332475,-0.6737706471121033,1.4137804903157525,-0.40501325162054513,4.362246678923374,1.090696138278065,1.0488193198264426,4.508685934431389,2.6557395659031324,2.694571581165795,2.4018912620280486,-0.2959938697321363,4.8807708497504,1.5268577629759035,4.797109292689836,3.6671776616683114,4.582107188623333,-0.6037901879733182,-0.4607985960628771,2.3789670559198184,2.9295688380859937,0.16419370999679261,2.0992812952631983,2.0,1.0,1358.9115046595668,0.4761219653088724
410,5.488502374069825,4.604448563902204,1.4593289104559752,1.0073872681774592,1.943744469632081,0.23235293345257194,1.306012021425659,1.3552514376045899,4.049594949837113,0.025580863857667793,0.4901401470427963,3.3042674132168335,3.568275460632602,1.5592173368810807,1.2828166930596314,3.283023470837678,0.4386611868415842,2.0438316183962435,0.3002213397868859,1.2787559810288194,4.805987595138185,-1.2358004993646503,1.9063404472123757,5.095705762156049,2.4243267687191503,3.1934459819780496,0.3187390721210889,2.5551742743934156,-0.23866789451268647,1.2559176158377041,0.45991322326739936,4.5370474673644186,2.022439078492209,1.6761268816547659,4.256729033238569,2.1479582289036023,2.7147642660591114,3.0494785753599665,-0.02635185722157868,3.5012920902281324,1.9241597834117252,4.491257974617603,3.61943295137448,5.320415022972478,-1.2565211402575653,-0.6091652009778428,2.912755007091793,2.2144636766561367,1.93339107764277,1.6978704151015347,2.0,1.0,1647.6871797912474,0.024920856681413108
411,5.803087259638354,3.8423560780142063,0.854839451504563,0.6406329435067959,0.7377330892032272,-0.033039542229462926,0.1146107769910939,1.7941502554561228,4.709256436628795,-0.4111530071681746,-0.402919780142812,4.693294297453311,4.550811473594074,0.20340550491041753,1.243929808592274,2.8846764836390784,0.3460221199337436,2.915812675982922,-0.7913663909751222,1.1526027156349896,4.573661644106727,0.34217267844726107,3.114362796684195,4.577980308810058,2.400860030799505,3.521429374306641,-0.8346956049925871,2.0997606064381156,0.3308260091412524,1.7709628498133587,-0.3951979813468245,4.407821636187106,0.94005825351684,0.8886789214470482,4.152864428163451,3.241594200488998,1.8678246460028696,3.2701904683074785,0.05985683640188072,3.591905868237358,2.3708936943206727,4.891283476122466,4.219161391746767,5.127516544307555,-0.3520695154097291,-0.7729064001974989,3.5152844038934554,3.187589109205203,-0.15920310023626683,1.6806347252654519,2.0,1.0,1690.7440395307449,0.5322059460246313
412,4.266480800091844,4.628396257157995,2.5672371020571942,1.7089072488114505,1.5544009417704105,0.24263031783691097,0.06322633037591863,1.4019566419736338,5.027579440258117,-1.2275042480780913,0.01033837296565962,3.586644301250937,3.372522690306907,0.8395407975614123,0.2623479447508956,4.371604659374506,-0.2804906026924162,3.6681449733668465,0.2626583185165464,1.0299309417723077,4.785186594001864,-0.15567839003670048,3.2391980037997197,5.7072948313255125,2.2422877186225327,2.8017355544241185,-1.2413265324230163,1.6426948219378454,-0.3126435304499049,2.996671921768301,0.6695555982009419,5.2735081167209295,1.6961982914982796,1.5115957217736615,3.7465034437616187,3.459058093717046,3.4461319532730568,2.9510087777013605,-0.2426407714250246,4.770487519942061,2.2150533922324853,3.79678634081992,4.227603982267838,5.164870828457116,-0.04616322273883555,-0.3294644838618966,2.8259481156019017,2.1396070005408956,0.14218488202077795,1.7211542766799046,2.0,1.0,2051.6783862814345,0.5099083961127756
413,5.468130804660541,4.5396943409719235,2.028327233876222,0.6771387564811024,0.6635036647433953,0.5294680555361314,0.09036865875059663,1.129682126905104,5.083948082187464,-0.19754260523655798,-0.15079496521191255,3.705243902753923,2.9031481734382614,1.6291117941088697,0.728073748258014,3.4723171566363753,1.7052817476104623,2.6662476148889565,0.7462341356022784,1.9314043223949962,4.185123064194726,-1.0186975975651107,1.9430571218850714,5.152104451605399,1.6519809063342243,2.351375820718326,-0.9170287391091658,1.6906016040154135,0.5173110394359552,1.8123450500404514,1.0703613719846967,4.375071996765413,1.445943751059597,1.9231422778138407,4.9981358513445695,2.940606389203137,2.782487897250376,3.5833679405162777,0.04799332032941579,4.2229532538347705,2.318177635523158,4.916235261335728,3.315049938854336,5.183260198528762,-0.22760968978589846,0.1100974603983988,3.5601898163617176,2.220025797814427,0.6569980306835159,1.3375215687033122,2.0,1.0,1488.3486048289178,0.6899721298380921
414,5.253845561148168,4.433286269567213,2.5232975965592317,-0.19823372788615845,0.6506943740325954,0.5337623405234205,0.7411202500941362,0.6509351330724222,3.991771367554611,0.07922277544153739,-0.2489993785631345,4.543846305201268,3.3302601828374474,1.3889754608851654,1.175666805321428,4.3435138152718835,0.6490038467057687,2.265049293791903,-0.30169586698528966,1.3607586815875963,5.436100649894341,-0.15360855527413642,2.7992604866723005,5.0695489032715475,2.1514296433448914,3.700811348608509,0.3247630113818055,1.751262566976972,-0.34431056426174145,1.8246216115397038,-0.2399993470024634,4.566609894957738,0.8169474998705194,1.3668046925103132,4.30567491844251,2.4693031001354173,2.208658784826536,3.7444436686877,0.5903562419823359,4.46084433606232,1.6880137134976263,4.291835675419575,4.152405652529658,4.594714373865298,-0.4388204890419285,0.10067421131642706,2.74468186250042,2.183547368476647,0.7084418421408358,0.9501597236835709,2.0,1.0,1479.1186754516625,0.7533101698717255
415,6.163997997563163,3.408354854800545,0.9295990777403851,0.6707123491872363,2.286233566402644,0.6859912194908986,0.6748338257889065,1.2822882729072487,5.308578683819241,0.3437731959445226,-0.23842199499615668,3.714619773892524,3.792569683561596,0.7411112592979137,1.2519439211524968,2.9151203050704058,0.547254514110579,2.743639743391979,-1.3128010304712294,1.6065112242129995,5.498164077540303,0.9383060077118649,3.069858088970129,5.468501197439501,2.1330468714305764,2.7064224242488573,-1.093715464748462,2.240915036388673,-0.7613494103192247,1.9783838631639008,0.05818343210870669,4.084152492009299,1.3831400390333908,1.829850038136646,4.351316229881319,2.669187527710416,3.447917470284872,2.0242053126906505,-0.3431179900500456,4.3932396144705175,1.7906195874625261,4.870575675956212,3.89059097415737,4.665467600975725,-0.721560579403694,-0.5235907408566357,2.7853980884538263,2.619616495360205,1.0521609164112784,2.283229330866808,2.0,1.0,1858.9487496567435,0.3565016427285006
416,5.241315644799928,4.3919432523755075,2.107454674794278,1.6177479493466802,1.8340543595959506,0.6365460055468279,1.1525259271351995,0.9635750839682709,4.58469085579589,0.2705077706636056,0.7901838635896049,3.533060002007994,3.1985865736079164,0.8002718191736486,0.9022480639362573,3.837639358872842,0.6013749781540738,2.3295287569890917,-0.8923769133823363,1.2416067524702077,4.905703176740732,0.30734364468941233,2.713267296784012,5.6276310318601075,2.4770291723938573,2.8752580691911853,-0.3427021846940648,2.2860015910341596,0.21662104927408565,2.600101676527017,0.07748926407317541,4.276925749083184,0.5191540127048229,1.6212858017548364,4.204629069840607,2.234388168374363,3.242616298551839,3.087689391155204,0.9928769766690108,4.213414120897718,1.9871277975811124,4.5128484256313035,4.117270409449179,4.53910626262611,-0.7421724928338294,0.3928819301331327,3.0839578792583646,2.8337149327979256,-0.6882330019154781,1.15669492087682,2.0,1.0,1577.922058427994,0.535966105948604
417,5.349382134864134,5.083370718547813,3.2006138211380937,0.11579859026916894,0.6914068718778794,0.25269521391401367,0.9144755947835352,1.2484716303106136,4.707295650545757,0.6384064524909423,-0.25644490174626833,3.939081817910876,3.488798451581986,0.516514126843937,0.9273421343753272,3.4625873340467366,0.5547928131396141,3.04231520013548,-0.181157776935408,1.391360025677976,4.734779730335427,-0.687599707463524,2.8112091274520243,4.9708543490591754,2.9153254021008044,3.354883584699141,-0.11223943494973121,2.011430750479901,0.07264012919674116,2.368138196987218,-0.8269749666062328,4.290559773139956,0.26739641559097027,1.7056297064848394,4.1284427496394995,3.451660132852403,3.0203590808810628,3.4622691627067432,0.037539405084290586,3.7789508184533527,2.349422903965121,4.264686486793375,4.354189701260352,4.753942618559093,-1.2257316909788907,0.6328873636631064,2.4788928595209914,3.0824384062435586,-0.7635714067663159,2.0395212989356173,2.0,1.0,1759.8624338634397,0.7394645597055933
418,4.280927181609261,4.460761689844079,1.6188022517015352,0.623887796983828,1.0117309212295311,0.09705813457181389,0.9997772623132795,0.5478955234340696,3.329746560588626,0.17804737487256186,-0.146102480785466,3.3800355242427473,3.943320620047082,1.5059101240823494,1.7886206093260784,3.378947895747771,0.24212118823096593,2.885646659740299,-0.5969290691066396,0.43055824459028125,4.954664814772112,-0.06908688700683766,1.7529732942960068,5.567275165361085,1.9574971564230201,3.115804605871318,-0.2971734373897036,1.9864767178466423,0.23026910369392306,2.1986619604611266,0.3295963187571423,5.339455940778642,0.7678216256301328,1.910648814585692,4.133990794384552,3.0690262777112842,2.4286829368117147,3.677976422453063,-1.1616945080671226,4.569486314366226,1.6483477123435113,4.40754823416863,3.900975894700053,3.7958018022052915,-0.10013652195873868,-0.8730354163732481,2.241430863479831,2.990657924509968,1.2786253127652447,0.8227261477976672,2.0,1.0,1208.7401410254834,0.49553877341419733
419,5.251698987006227,3.8564136899676145,2.589671276864129,0.9123053584173033,1.4578781139708388,0.4517965008684421,0.7773909751566878,1.1688931046971767,4.425234113877369,-0.3610059960812629,-0.10760577831293457,3.637948181795254,4.279657207808607,1.256322610303671,0.8038654651628289,3.229426647305309,-0.32373501983597297,2.1950507885393873,0.39884172012360364,0.8305409547620741,5.47924739679885,0.5258080814941211,2.1047584249983773,5.687538197154263,1.8971878139570273,3.0607488922451154,-1.474837531105074,2.122756926131004,-0.2354854458218797,1.9058167036401905,-0.17726501193647726,5.265369308307159,2.528637193362756,1.3728954938003095,4.305160183383809,3.0068396691081527,2.5043503673164436,2.8656385002279987,1.2533844735342574,5.2521709337069655,1.6596730959764718,3.7551259748599404,3.4186260616800146,4.637733449449694,-1.1924443500089894,-0.2570386038553535,2.403018555526851,2.0342902622652552,-0.5061453970837707,1.6170968266044579,2.0,1.0,1759.24051815739,0.2580685861670511
420,4.9372888066020675,3.8568445753919525,1.8460814081306722,1.1176248939294076,1.244676180264039,0.40043749631008657,0.36914358418117116,2.0514653697502725,4.1936619910295825,0.058802951968888725,-1.2312559592953494,4.650426840844272,3.867060101202838,1.3085036506865009,0.18414801540525938,2.947910086093383,0.5798162215378624,3.63161257856243,-0.5492011835911764,1.6394174476960581,4.958597905972862,-0.41146269726811924,3.0875097240781875,4.177890925903125,2.67502464939584,2.835331867170412,-0.7209702992121634,2.1415624051015496,-0.5771363405841595,1.8927845352874384,0.5851920534415005,5.170584178046395,0.9497278916829237,0.837918420643588,4.496174856091882,3.389658645326674,3.446736414732821,2.8880953226556367,-0.04670433089117379,5.089180779704293,2.0883403359731925,4.839729237566748,3.239751113545494,6.107150940231404,-0.10454803549857083,-0.5348248193027465,4.03189504784492,2.4346310045185415,0.11505907353783525,2.263590290423869,2.0,1.0,2303.766245080791,0.255581048746865
421,6.288937211689307,5.238581430072865,2.5173490547213504,1.0161745004941674,0.9055037204836984,0.3523245838843491,-0.1699301356555285,2.145522766220931,3.412003432578908,0.24973312673562453,0.701865679988555,5.337671773889144,4.046669383705619,0.3194334544786821,1.1020662553051688,3.377621286714811,0.21282058828366973,2.242563284829118,-1.0358519850686263,0.16098214123708598,4.72456721910851,-0.11462801940467993,2.8410951765069417,4.653003726852446,1.1896275222147903,2.565658909749055,-1.865197503168758,1.6945603110026244,-0.005400867962531034,2.1364189381962717,0.32069209628336015,4.1672022520907515,1.053813817466558,0.9968290445332114,3.6909094987366906,3.302524120707507,2.9973071499889024,3.5483100726336914,0.29849564531635386,3.8930074980959146,2.0686750437342045,3.971212042426679,4.241802936046317,4.864304819918827,-0.8643609058218299,-0.9209241165167694,3.2299189982480785,1.6846331582908043,0.5562641150505521,1.8110197501363414,2.0,1.0,1692.5226074095149,0.23316534800532232
422,5.139518384467692,4.764941915123957,1.330474104456663,-0.5201098708742153,2.1889227917084577,-0.5572049994503551,0.9592742881584134,0.6930861919541085,4.8310375620642665,-0.0791440930547096,0.2770312099911064,4.9208721422730015,3.3414298438034047,1.0039021663304188,1.2494662366552698,4.053729612837711,0.768664685523073,3.3782198060951925,-0.7097430208437909,0.8223856583160383,5.3270057107732605,-0.1721283740808552,2.2361731547345274,5.1383885293102916,2.189039475952553,3.9367163801839253,-0.4474657906774768,2.5413624559511456,0.22000015444514098,2.4486530561729274,0.5039666395081477,4.075028095281783,2.249806838349163,1.2808569077342542,4.220424256532174,3.1078887873098644,3.54197920333485,3.0283582303915533,0.6392606889188719,4.642015791004769,1.6142219143870793,3.2321510536211555,3.2743551850044508,5.4061106756678985,-0.5105810064141441,0.10267195287852046,3.384622777012692,2.4787390502858835,0.040314127162655394,1.2049455842136285,2.0,1.0,1809.8508915666544,0.7659339389912457
423,4.831354145263731,4.417297668604325,2.7644399362279244,1.115991446028533,0.9289966131979799,-0.5434800923125521,0.8401669145412856,0.724474983717938,4.230081910543939,-0.024648708315211407,-0.406993699521037,4.160479999194347,3.835312232171445,1.4763007232555319,0.6033516591714321,2.9670547051860847,1.0760473329859899,2.041075987873919,0.46965070000193454,0.07205347572076826,4.627169754891086,0.0321863240271745,3.093083619506018,4.346781970047067,1.3414104338909247,3.5150235356042554,-0.8012088606337593,2.016927186899348,-0.25699153514326356,2.1404230175489682,-0.015050517303608554,3.929976874134516,1.5846904789971554,1.60355285113172,5.043582239813642,3.5863112013108025,1.5644423400999674,3.2604047407483905,-0.12552958100281922,5.08213708175004,1.3403937878753749,4.167072247636368,4.054125962107395,4.949946042474329,-0.45251774794138167,-1.1590833486748784,3.1230467187790025,1.8486112785521231,-0.05871249535834833,1.5466126743919095,2.0,1.0,1442.7185598599592,0.3247666743677142
424,5.173659653487185,4.277082821751252,2.6407479950917816,0.7593086432286443,1.290354952864201,0.08560619728296687,0.44925983882436776,1.3992789739590812,3.9814620463032138,-0.2683987325286634,-0.3986660513542594,3.2783288186651665,3.541169289837597,1.7819425250518146,1.0523168560097902,2.6760763188544896,0.6466324260707852,3.724833129527408,0.05957344396121661,0.5444564779650807,4.6073994740543895,0.3042288881971326,3.1811725542912317,5.10374110250922,2.4575759328091324,3.4923869078103342,-0.12676650146659607,2.40161808732435,-0.5034601679005216,2.4468140072263482,-0.6342970313385256,5.130037851594253,0.8358933992645824,1.165095194534456,4.984417203693452,2.5554414643151255,2.4602582452699586,3.3897843030340162,0.6131201377579322,4.267249626758071,1.4786069480601345,4.561642672623844,4.160367416330342,4.179750947545804,0.14248617399173613,-0.2832186959265435,2.8847587449191585,2.2365678513037714,0.16774914474868152,2.1651595434287443,2.0,1.0,1472.082476441072,0.7572446578902425
425,4.882392961507005,4.628313048084164,2.495174521672298,1.0794368294627605,1.4681005282000492,-0.11615318456525975,0.5668850396146443,0.966546117753819,3.458916829455295,-1.0215084645909782,-0.6698622715179933,4.305998407841623,3.7384702943073727,1.0967869400774095,1.1207136522142873,2.803602478000979,-0.30227998603205597,2.6903059108284033,-0.40963221950395107,1.8740099985143932,5.241561092298589,-0.029528923124150855,3.3422156621413492,5.9456937095507865,2.323613785935709,3.390754109761307,-0.5188836723354379,1.3520175463613304,-0.30896893254986074,1.6822156582732026,-0.34608888517038955,4.857578162164575,0.8913832155209709,0.9261045047605809,4.345829825696808,3.0729900694212597,2.8088335491045946,2.90046294543584,-0.4816866161487783,4.563993354120475,2.147385063990646,4.557139630405046,4.540081207065404,5.144063075630993,-0.5748035520491204,-0.18908025642656112,2.7201930191675636,2.3555721492352344,0.07929834329414606,2.4013050910304345,2.0,1.0,1834.2056398029126,0.6857524470655549
426,5.229838742896041,4.117106799763029,2.2544978768131516,0.08966863966446226,1.979283844285208,0.3055003506711341,1.3002169227795823,1.2475769275349253,4.27703876089164,0.30145656183841363,-0.3386169091175594,4.208536208139031,3.0406703333540905,1.6267804597579023,1.0591404119733336,3.8606966512249103,0.3789227673242284,2.1183832627701786,-0.055341562531938254,1.8360159310459632,5.706849942571263,-0.14610967443015607,2.5264252071332614,5.429882439124026,2.2934028548743024,3.558675127722507,-0.6798041937625945,2.141091778498395,1.1775907621036108,2.888561389794087,-0.7107783556792217,4.408296750767192,1.4001103611214634,1.1517500870142834,4.159297054237429,2.854302336507948,3.0635847602864077,3.340072595152256,0.703282779620027,5.641706682071715,0.9663775338822629,3.9314170151362107,3.4176204297334656,5.355112863258697,0.8887062362204324,-0.06891310071306916,3.9328924073666,2.547080242966076,0.8180066031103483,2.5775762950006427,2.0,1.0,2115.680283933335,0.5511421328259661
427,5.7804875764947,4.756339430535199,2.661743010813854,1.3707324914917893,0.6006885553530191,0.8529645367440302,-0.08551195948755674,1.0919924285291567,4.181078650479607,0.7358732027666586,-0.2740800595202971,4.057941931502393,3.690755075153008,1.9321860988197241,0.7438193034398021,2.7205597080231,0.355059664667819,3.1329666494668635,-0.42419092394206304,1.4231303630411705,5.799264958838891,-0.38581826846045664,3.1211679784361905,5.229288867018058,2.285997349414642,3.157764408416266,-0.29196120661241975,1.5843424483547845,-0.5737219872028669,2.3939129429093917,-0.06632338880095925,5.19866580055658,1.8624113918898957,1.6022829081096637,4.814103320601838,2.531401052997353,3.1804845129658816,3.208866962118653,0.5919927928360373,4.836927606165208,1.879748523970093,3.684427729125623,4.422975085569252,5.470538146945932,-0.6616298471951294,-0.37124931906867126,3.0481440121848595,2.612845194207101,-0.04184242765321239,1.6011061353883314,2.0,1.0,3370.388826287644,0.0026303750018716876
428,4.9715270405754985,4.798516659210405,3.014922965539552,0.048587772572294186,0.8999804160458005,-0.6866593581034259,0.23154162314573967,1.0912286155333233,4.070888316803676,0.10532122651612047,-0.5305431873890054,3.206388766345265,3.3729661665166564,1.8301888679284724,0.6648882808512088,4.594613248227613,0.7207548122057071,2.191875467769758,-0.3241207177534146,0.7740469587101069,4.7273688733089685,-0.5627483922887262,2.331955301185741,5.41212765466504,2.386324576104356,2.0427574319644592,-0.5655960752327941,2.3389263599551615,-0.3215489419063604,2.181868254745668,-1.352763911061715,5.004844412740635,1.0998074029205411,1.133367716265959,4.518923812384062,3.274031398268612,3.127612657064719,3.4231948341875595,1.1806531533311126,4.678183754551608,2.096560724349808,3.8581302966550104,3.7268740313553423,4.876258817831939,-0.16884898713468716,-0.47526299522817816,2.0945586275194414,2.3436527684508937,0.16837291818684585,1.6089734086375265,2.0,1.0,1423.54878907587,0.720082799725586
429,5.5587960852685505,5.513779500970674,1.8164779952530044,-0.1358214724043567,0.3102038103050425,0.01986595058516849,1.3347324081897947,0.9821935388596152,4.010452299223424,0.22915205456864526,-0.9634226923015808,4.092955689635281,3.1769937381988544,1.1488505861807343,1.5974408763812324,3.4761991408772137,0.7774952248217842,2.610391815991802,-0.45141028661701665,1.202331492963757,4.99754341490507,-0.29245705240199804,1.2214507660974232,5.254306297124676,1.87914771638403,4.068320160561153,-0.5770505484224949,2.2385853231471584,-0.6127791177705548,1.5653919641393075,-0.6138308792942486,4.116235378100333,1.9577177601681426,1.815555856124439,4.588180842481969,2.716327373264575,3.351829419502722,3.32419864570736,0.8377471634795776,4.6130771003120605,2.072336037116634,3.800734914938285,4.5801458356043465,5.392578995797565,-1.3207047749082725,-1.1485299270873484,3.9867402603724202,3.246801671284181,1.008988904617132,2.6059889814825743,2.0,1.0,2040.713437111946,0.7358918967698588
430,4.460795354548814,3.873419016490204,1.4560403304888974,0.7300876549621212,0.987811204904326,-0.9430357715283821,1.156661043086317,1.078572228558597,4.369541094454872,0.050333602230217045,0.18282404871347602,3.470521651624687,2.018513074856821,1.4684249401066292,1.670090917883038,3.487749043949975,0.11928289231033326,2.5817013785572627,-0.560268073199096,0.18970345829155255,5.499538134729456,-0.5168958049705827,2.621868715899795,5.626968302877661,2.6855925521697794,2.7683650473414234,-0.608169758609364,2.2810597561480255,0.3599455835384853,1.6837579818308712,0.7131678073668012,4.303368659152702,1.4205270172324298,1.509132661063333,4.607520365512462,2.644005477166211,2.9806528511644697,3.19604475609724,0.029289756951233203,4.1512943931166015,2.0984244308123867,3.6103272319830144,3.5396998048159998,5.260667051339198,-0.10171745074471444,-0.9996873735251954,2.2655717216889775,1.897744780960028,-0.40571683513918877,1.8923136403440681,2.0,1.0,1528.61064537647,0.004727484694787432
431,5.324194246956249,3.9579053156569555,2.086564765526821,0.4136651337678188,1.2647783974818159,0.13119648017983798,1.1593937132971894,1.4503624079822859,5.039839984405705,-0.3353819408926843,-0.1573147176297587,3.563373957313664,4.467404764841891,1.2807696051865474,0.9820732557275064,3.8950016379495116,0.33282321532602194,2.6963301207250354,0.6617281546054633,0.29832012334087776,5.616376131925857,-0.5205128727608748,2.0546997264121303,5.387350611603535,2.189490781155656,3.1712889759196017,-0.6002541496536158,1.6733698347201902,-0.09894566731231727,1.1845976307944117,0.1655479970194951,5.21963776766434,1.2336384913278808,1.5544557386069062,4.319315482693033,2.4783301334521557,2.6684243467466753,3.201901247752393,0.7237484185977242,4.047465565433102,1.514147486345037,3.377116484054015,3.49583980606242,4.990147494480755,-0.5871365747422609,0.5528861685227563,2.706143650379289,1.822544043584049,0.40016358017060727,2.058687961112601,2.0,1.0,1544.5535554822532,0.5143409187486765
432,5.622699057454927,4.61091881661095,2.4483677516793367,-0.38771218032488597,1.9063310046748043,0.361887439793486,0.40721710907947645,1.4211832323333897,4.2624408888074115,0.9601036782097057,-0.09162619863287776,3.5741691793537593,3.71204769735084,1.2552302032411582,1.1408753009042467,3.8486129335561525,-1.3288111393807995,2.531545764434464,-0.45532635164696184,0.8348067409702685,4.206197413372476,-0.22510442426948538,2.644877006694131,5.480749986515022,2.99810964406193,2.678704484279143,-1.1876191041662663,1.5697502652928224,0.04446599969920775,1.4271655137831767,0.7825246813080472,4.976496381737947,1.1310948481646221,1.7824910483842635,4.717011456345444,4.100611192397925,1.6775661706742244,3.820282586603992,0.6466910662450015,4.151417966723445,1.0924040547492053,3.9504505887072012,4.096311519967301,4.856413511234434,-0.48288777126590154,0.3774844466409284,2.7476561777446635,2.1374903815557844,0.6720934658603862,1.9020159614588334,2.0,1.0,1772.1639633827485,0.30817358419445934
433,5.099934066627495,4.887587959506698,1.8679643415268223,1.1534355638409342,0.7808043224794738,-0.6702326269472407,0.9507741569519947,1.3929330223179572,5.4098675458976695,0.3213882727816636,-0.073718999626491,3.7995332425029447,3.4819971607814004,2.000048526246629,1.0476732001168432,2.275750529911856,0.3482646832954942,2.3735970993169486,0.2778797264553162,1.0726638389504264,5.524196003182361,-0.1565538271761589,2.6225359626622793,5.421934695901658,1.6136535289963063,3.4103478205349025,-0.5368130061748095,1.9601968832707037,0.7293137410583417,1.991239426553323,0.511961510510869,4.496252035138775,0.5040536778135837,1.1379285009642897,4.805586939108926,2.8367400827058886,2.872215922479636,2.9979161868890816,0.8154407542505622,4.176948108303021,1.8225061409483843,3.841947088997162,3.519667657438521,3.5736822933414882,-0.8651626311939393,-0.5200162828479756,3.352389489721991,1.9937341161129594,0.4161308606589238,1.6675283315005363,2.0,1.0,1442.7426993279826,0.4765935154295251
434,5.637629446444732,4.214530340563791,1.6060312791371585,1.0916535969087588,0.894689545108497,0.9186552300660427,0.8945549927233929,1.6462151057621552,4.484489888090164,-0.018426389594500044,-0.5418353892522494,2.9272597690634,3.246006865554304,1.925271851261773,1.8515715443611942,3.9795761369697025,0.30399641469583666,2.528658701734984,0.004426692760079481,0.6515953809407199,4.578428473479733,-0.37786650499872687,2.9731790963893356,5.790154839125925,2.095550974611957,3.623341856603374,-1.3461288829534412,2.0132007501675897,-0.009316071117729155,1.7672080383403286,0.4805030368634179,4.50478040079507,1.1667366728371327,1.6050307800936636,4.511875450681075,3.6587096415695415,3.3621890179028013,2.9987966952390446,-0.689893586395283,4.275279774053189,1.0411492174131731,4.493241379280337,3.8553926824334197,4.803997817296399,-0.5800002594841347,-0.8636623077195394,2.367240639681345,2.6659492677198293,-0.041157778155402835,1.6638331274304738,2.0,1.0,1743.0474623073003,0.4886456444035274
435,4.981942693436665,4.262867848385407,2.6677987153219282,0.05690264119196853,1.3758222061654428,0.4045908906964724,1.3033263285744252,0.9910668619221725,6.11008045306097,0.982711065888568,-0.07424109632058237,4.204527255007447,4.050735295154845,0.805703084610726,0.9936233394847155,3.556614273066602,0.3772342955038729,2.0683553747780405,0.020127852302532556,1.319508735850203,5.154083127431136,-0.5355029767336228,2.0753953232537943,5.929059090649817,2.7032936423029463,3.172065418302719,-0.4270640981361731,2.5365260561785736,0.07164329352542327,2.35195120258107,-0.12728955395272318,4.287668410147706,0.9688545883996236,1.7082518419221748,4.392061375167658,3.4207899570009093,3.1225997583460257,2.322640490075113,0.005002082163838781,4.147932126830473,2.0209143860740966,4.877323923236797,4.002652285009216,5.131410359144333,-0.24555959056598897,-0.06792540156011734,4.1100603659941495,2.9307012354740105,0.5678773521691136,1.9440666378766054,2.0,1.0,2477.593603844665,0.47969535071787023
436,5.31317480501248,4.393729774878105,1.7889058488148906,1.0848617128637226,1.4380571347955973,0.8735714744837936,1.921912563295116,0.721344595409919,4.847427310976074,0.49113790944620017,-0.14835175226589511,3.5983285336437327,4.675005035624591,0.7371915864782996,0.8488304774948616,3.3699091924138678,0.17042764588008547,2.2833989319451318,-1.08931717108594,1.0890107289325355,5.813437732328363,-0.7773798777433091,2.8018416545189986,5.449189579138938,2.0874714545172184,4.218652884894726,-1.1740695507637606,2.5748964068440685,0.486968808488737,2.889264620382119,-0.7750461126340796,4.601964287785497,1.4852605250830833,1.5708824244603135,4.495718290616576,3.6597458322762635,2.599930382404657,3.632824190979646,-0.13271040217189042,4.333773686620745,2.2225372254876548,4.632470885542971,3.382529469537483,5.130670768622792,-0.6865529105637808,0.06015483021247291,2.848691429478313,2.006487312616085,0.28924131815748955,1.7927425566110649,2.0,1.0,2630.409949530642,0.24982719747460128
437,5.307676031202094,4.593774600381627,2.2345060381935116,1.3039208805345632,1.7957289068502702,0.7373444177382923,0.36242054832912485,1.5552610694445288,3.8573297690983606,0.36267868278101,-0.7201995471528877,4.161077123244432,3.39459674338426,0.6978517683476279,0.8700702335810317,3.4346779725438576,0.1794734529862507,3.120744899347678,-1.176914930289938,1.08936772527523,5.4434084617555625,-0.9658634306125587,1.911950409447556,5.108850771680008,2.157609180290773,3.014553744260232,-0.4891569923832086,2.105535493340389,-0.6802722606660975,2.3181114337872515,0.6082516185550644,4.746544547483726,1.4538106377136486,0.5774513715430346,4.90898687105263,3.6308226908311667,2.5932003025406187,3.228064232178835,0.016996971167183808,4.205600854152758,2.1964891036476963,3.713662330985385,3.1369790614527506,5.456314649580798,-1.0157117040500867,-0.2574426254826697,3.407220996482859,2.2872268608252533,-0.13116591560411933,2.3459222167603144,2.0,1.0,2158.3618882120445,0.05589893981047043
438,5.3815075752316845,5.1184382512034405,1.5592397433880896,1.284161159985481,1.1845492617728062,0.20321751329796783,0.15446029305650133,1.085215797998917,4.933411101822092,0.0481025455876843,0.47643880133500205,3.8929358273709007,3.7386605114104894,1.5791732440876083,0.3430268861584318,3.207798595539713,0.3193997474204263,2.6678621953408497,0.09272953614931001,1.7681220206563795,5.650023660316403,-0.29826978287069483,2.271668429139128,4.581596107445629,1.84726796089876,3.4861282852151847,-1.112576342711409,1.8405929834510297,-0.23542941080150698,2.1013228952320775,-0.06147438321332456,4.185442361362343,1.5426856178489599,1.2698661470387456,4.882181890017117,2.4398768294804745,3.0432803687243664,2.8259271113701434,0.22491684285282787,4.0211527259973,2.1743520687575644,4.023620773715349,3.213597142559731,5.423680829196716,-0.713423741891721,-0.3852748117400273,3.6301750893465052,2.5233544213449384,0.13259917112589598,1.3924480335468128,2.0,1.0,1667.3288040582086,0.640587387372422
439,5.00775420910271,4.351730601487307,1.67740875657962,0.7002450249083209,1.2313893430265503,0.16899770386095736,0.16833228023386893,1.357037571973199,4.346560982090317,-0.7680973545748753,-0.10498422373590843,3.7311722515301153,3.8655614262818108,1.5580981389914856,1.0709073205451007,2.906955717010271,-0.18129413625002821,2.046889892670004,-0.9467376395712628,2.048473593777259,5.692472438039468,-0.2611098876905905,2.914750280763023,4.920095889272042,2.2821118774424964,2.27278874454076,-0.7901154189600714,2.349581551807961,-0.37289567861764056,1.7047121277195543,-0.11253409321152164,5.2886354563564035,1.375451537412808,0.7865771422578067,4.409775827766253,3.1951977647768173,3.352411020062323,2.328884976219823,-0.25933629067521363,4.783744510355558,0.8504062337842075,4.138572719854645,3.4082820935795635,5.638608758884924,0.8559807626408907,-0.6565040388666069,2.9928444730383434,2.448996286588303,-0.491567896126505,2.1749861091456335,2.0,1.0,1509.915623502987,0.7291472401066553
440,4.981685560515865,4.001027306885323,1.3820708730922633,0.2143452241331939,1.3971801386050933,-0.16776397215446814,1.4869682834105162,1.8009137541437612,5.47926790562177,0.15030185048326178,0.2166828382202028,3.6259686602037706,2.840062603711517,1.4435198294565301,1.6842102921925726,2.241633225288976,0.2811442997233927,3.099473233698312,-0.25816978383359096,0.3528121443376022,4.389718054674769,-0.3638513691580214,2.8548008256207678,6.061553158874358,2.5864374067767386,3.7509522180375567,-1.0897610799213102,1.2797186832309906,-0.015707916030232874,1.8841534854431217,0.26525209850344966,5.164327850396493,1.6065384678837829,1.1230382829286343,4.234603882777714,3.1228566850129997,2.4163256014846883,4.117494896540822,1.098013424301485,4.376542174467101,1.9846878379980442,3.5302153689314726,3.7733574092594666,4.996725572112941,-1.0276486907136864,0.39567998156540646,3.423351914444202,3.3948468172736783,0.43512216781971746,1.3625617791767581,2.0,1.0,1972.412058689348,0.15573970323402966
441,4.675145790819112,5.05021021505696,1.6916129647525777,0.7488875760859512,0.7687396548668404,0.10328266119096963,1.2326403751056776,1.5375846511066187,5.041062719275534,0.3259764524230266,-0.4762956251331763,3.9803700314665953,3.6463204918708136,0.7985787932714704,1.089351892260065,2.8095951240786605,-0.03996382875495891,2.2292153091612383,-0.021835666606024845,0.6924173244910949,6.101567173948134,0.18360015350722658,2.819068757401007,5.759371103461093,2.315860207807427,2.530793353912375,-1.2854969076986078,2.0590164975255747,-0.6366818534965938,1.7715873719448547,0.15838448231666885,5.002537076350741,2.0408281040109713,1.7090581377266265,5.305793929470794,3.9189964649328872,2.7108761510870885,4.684098013841822,-1.3057105846454404,4.161193558215114,1.7846547499915124,5.149188505877449,4.429602760414197,4.624433173823062,0.25160525954166546,-0.6231234701654812,2.4255781130069702,2.4596165744328493,0.6219021701148622,2.1375723776618947,2.0,1.0,2871.0247768876175,0.16848611108230716
442,5.163136079616844,4.535445199045987,3.3532469010133257,0.9740473730888723,1.6994041583981552,-0.4021147031512402,0.7709743476556052,0.8654062230348354,4.757953997296139,-0.499912285564725,-0.3768945836355674,3.571428812164456,2.8736588951450064,0.7377504390920704,1.0677769679579598,2.9238808105371947,0.2544895179277215,2.7449080223702897,0.07312365663969861,0.9141716365974402,4.840583327231811,-0.4432815858214188,2.566266729452028,4.747176415000542,2.099262562742233,3.103054963876152,-0.9346823642733608,1.5288144261764247,0.3241026908875277,2.2491242809950016,0.08037453489238994,4.383814102668754,1.1170127444841136,1.311374088782993,4.577137812954396,2.636029290655994,2.5440841840454334,2.9759048728881736,-0.061178414182331664,4.140355447955305,2.3932631549400463,4.162506568421486,4.675489169681632,4.7506010685886935,-0.9012720786961914,-0.2757581000250055,2.7062889728141863,3.4534752279860097,-0.24129380416981283,2.0256028587278063,2.0,1.0,1614.2617998389928,0.3019526258885158
443,4.524571863550009,4.135529112668778,2.868980678775787,0.28624501725305745,0.8171618151188502,0.3212332449329091,1.9547581229397495,1.6351343553421365,5.504197924625493,-0.08879707492498357,0.02830654366655999,3.4505275253433476,3.6118898201045995,1.3112877625975203,1.0253114378351205,2.9981504755701964,0.4143696888155157,2.4615099135863763,0.17282690649430082,-0.03936528877694512,5.155170535601919,-0.6092925297130518,3.0925816256765364,5.812523108194908,1.690963138898219,2.945364952436811,-0.7076570422870057,2.252025573507803,0.3197508660972019,1.7554949633861583,0.5451096023205331,4.314222956967066,1.092319824887335,1.9305824877313391,4.4748348486319465,2.617191836158991,2.2817101087162137,3.8032566412279625,-0.1408293640119913,3.8440438745872307,2.4655812858268087,4.250118942235251,4.006561384269781,5.1879345283814695,-1.6668739521526028,-0.09399433254618515,2.4487307819861,1.16720026425865,-0.1568186736394771,2.305245330049435,2.0,1.0,1651.5060488186382,0.3222777681381388
444,4.795963482204914,5.51253882867179,1.5500792890132746,0.6725976535846877,1.8031515640286089,0.8947540626679309,1.323783698918829,0.8861864380284082,3.642551320736292,0.003372711489352708,-0.26837281617555087,2.976772202766206,4.172733547244949,0.47488179318969426,0.9969844996243089,2.719107770733066,1.4750377913770558,2.440827291531587,1.3590809389913878,0.9763242246785138,5.344989697557288,-0.1605629573959243,2.4787498904430194,4.32861080513003,2.3660377941541,2.8898051346695226,-0.5661301556322685,1.8822620091956717,0.4590355167767066,2.126171300286857,0.37527374026137367,5.453754673807182,1.2552371117919412,1.728833667848757,4.55790009781844,3.3371697700246155,2.8435564024061404,3.0963053501364404,0.6586718561297437,3.384205590836553,2.2300081582769575,5.463511639043499,3.9669400568869464,5.416633600526665,-0.78060711858017,-0.2916481780077788,2.7730310931122615,2.4622345688310054,-0.27332721942470295,2.5216085975464955,2.0,1.0,1592.9568308500538,0.7081421555462359
445,5.043400637341987,4.202976094678613,2.5223725732259688,0.3107253460748706,1.349333793000782,0.014151241555016347,1.8633101757587933,2.0283589714463073,5.024088375304463,-0.6444192044601834,0.04810570858399585,3.032372840953605,3.182868044838266,1.3373222389378947,1.0470178876527534,2.3087405192911605,1.0686334722233202,1.9615593766110013,0.5480883895385747,1.4704167855654169,4.931517853586407,-0.5271539338035814,1.848308024827888,5.623955692093563,2.4169616070042466,3.3259747852046195,-0.7403892973018855,1.5917501655336745,-0.11145773947396542,2.6963342104795416,-0.002423710965031689,4.886852397047811,0.8255397116625517,1.6215792051465792,4.175126739450628,2.952515122907002,2.598388770861057,3.1620568079641327,0.6505182430541108,4.868034194940468,1.7042224375414912,4.828078904006833,3.7114621507026997,4.992255429739171,-0.7289984018355279,-0.052421186879338263,2.9071477852549164,2.3825041845686887,0.7848176529739981,1.8202003605445496,2.0,1.0,1802.3577454745225,0.16172347469605805
446,5.763748005559197,4.580098170764883,2.531610492728666,0.33261134991560093,1.4046121459783105,0.9509466132053336,1.4384182179051175,2.2481890298309892,4.5735968962757445,0.5123580942706717,-0.32513239931231397,3.4041562246333914,3.4672042716786486,1.6814256810870092,1.221777702711452,3.3379555609361287,-0.1922716534976101,2.8119671661888006,-0.5971039542622232,1.2927976555334393,4.773158103205784,0.42175756626393834,2.517660861600757,4.793249052971478,1.8814211491983044,3.2801594411896744,-0.9338250444453239,1.6466298803079047,0.3295559507180327,2.112840583051943,-0.07956907991353876,4.381431552757526,1.8062818649762808,0.8494651545185025,4.32208668021428,3.309951460257246,2.5958208857843568,3.275086441468727,0.39533659839157564,3.833712725830798,2.4906020876571624,3.735553482033743,3.6412314353522084,5.272904402625777,-0.9303396139640644,0.6252735768214663,3.1567514731560684,3.0508185878844447,-0.37830657730783634,1.9695728529957368,2.0,1.0,1766.4152427330482,0.3352118619870004
447,6.890510571791724,4.611262619539986,2.0883700433595234,-0.1815084354872979,1.756249340704351,0.5570940975647142,1.037293648832052,0.92204708131043,5.18161490493018,-0.16967789136579428,-0.8049333259406016,2.7024082028718737,3.957423325536025,1.3829846832190131,1.4610270608434335,4.028123374048041,0.10231437426131301,2.021295321501421,-0.2825887569757844,0.5398872669435869,4.6627816600494985,-0.004940526194898098,2.280509680335574,5.279704755704471,2.7299736751165953,4.047316445348444,-0.8540745236880607,2.507383280461836,-0.8088582654484586,2.64389386004566,-0.4737366096863329,4.933084267679488,1.636543880282549,1.759937790328503,5.528986949906866,3.317983804217678,2.243407272137088,2.5529745027651227,-0.33036608617827073,3.998215444484342,1.585257481480291,4.002711234671978,4.704781688639281,4.127754906332521,0.5443315605735125,0.5286271686057119,3.3947720682715046,2.9522392602308782,0.3541677044352621,1.524789461022079,2.0,1.0,2306.0973173354337,0.518367338671409
448,5.221233386749357,5.185234082978837,2.571839282085806,0.9114357774145557,1.2341295066886864,1.1275684028550113,0.9667799576443674,1.2277734959330315,4.669140813656425,-0.4676818790259274,-0.27833858299766523,3.7909235121874976,3.880497856544211,0.6278437372074834,1.7329939318644976,2.8728950952491896,-0.5937527252836694,1.9703407610852468,0.1421055657574295,0.5716357082456636,5.522672989722607,-0.1516147962768251,2.3105137146003583,4.2916565529691235,1.4733293641120153,3.010575888998761,-0.5246038410680164,1.6623514121578804,0.33781320861492703,1.635967610726857,0.14615326416365032,4.496569753313327,0.8183973104700131,0.8041108104911511,4.830632824351544,3.0589652601501767,2.7343302266549228,3.242550397081925,0.0395680981637362,3.8880402069940154,3.2440025389509564,3.818018715400574,4.636476085546458,5.038425744333402,0.08779830531748534,0.05618866091770905,2.1321056829558236,2.5153804478641435,0.12275109455264471,1.966134141154844,2.0,1.0,1567.0068999026946,0.4093143622346649
449,4.8935608151783985,3.8908060839443626,2.0249775319064125,1.0878235508813696,0.9641742666954598,0.7471502764644713,1.4723484513040188,0.5080258163061836,3.774803445517052,-0.11297074991223745,-0.0731568840187247,3.728021992436295,3.818197454762739,1.2264132650955837,0.7929582176419195,3.6038640880600252,0.2447259644609605,2.859094905301224,-0.6923935274427669,1.7102627216649047,5.153239520259531,-0.1223718095329343,2.3547474575092755,4.357512363720514,2.515198952793309,2.580528082011079,-1.5942588476785924,2.3823272910627074,-0.2529078819487842,1.4349048758169225,-0.234191712040983,4.355159590847151,1.2557174869018097,1.5443931484385043,5.125970112834604,3.590986780566903,2.6780877776908,2.6414080743453914,0.36141038247701673,4.736496959508955,1.5712962206869512,4.822116876588445,3.1725205403265235,4.423413515395472,-0.7161277809367131,-0.18547090576013903,2.6807044280549244,2.6619356804559704,-0.08092927126988886,2.0971486835773083,2.0,1.0,1457.1956976787017,0.2670659884116825
450,5.921141764272255,4.786802801176014,2.6664340332004777,0.6375717592426261,1.5412475923899391,0.43951176823801086,1.522352250253673,1.4168402435403453,4.425061752218159,0.047888863432901385,0.5746705822751428,3.5957725001058565,3.4286390212790727,0.6298682480896177,1.0119273781814542,2.368697270787311,0.726387323283494,2.6098673754462505,-0.5923346666300676,1.0682045529299247,5.675161718360694,-0.13534407054336164,3.8093287374548517,6.008399246017534,2.321928417474183,3.034714444212775,-0.6559136903072649,2.898440758156652,-0.44503171152912047,2.7928952948192456,-0.13901266874954718,4.82034481792379,2.0650135571961754,1.8169374946872199,4.463426808279744,3.7971393709887504,2.2187225983039025,3.9721893433407036,0.8501809361661747,4.567885849043484,1.4255947880534618,3.9950095399304053,3.44143217595612,4.242219837011101,-0.2742472172404975,0.6474314545411406,2.7841483863533214,2.6659258660614373,0.39755823971159865,1.6683964093659849,2.0,1.0,2188.1643555243973,0.6227787470874757
451,5.944270801760817,5.276060553158066,2.1579358669929856,0.4885805665224907,1.803826656234877,0.3824908045784595,0.7558886669043725,0.7885069388890186,4.407161070341031,-0.5790130855302971,0.06825792231200334,4.057875572978002,4.0701252439495965,0.355081262942353,0.32727879562987583,2.978886160693234,0.019102668923410893,2.607994446926081,-0.0938039738639189,1.6411714792366623,5.9290174396349595,-0.13131813096953746,2.5118106119827286,5.53559338369391,1.231383361011213,2.9980728932860745,-1.1309985224841093,1.2249095640098822,0.39746551338230046,2.010303035433559,-0.12060781702319509,4.83036538847203,1.6954072509990876,0.9292473765609247,4.06239268302244,3.4862900170368976,2.448723085099724,3.566927409848306,-0.6145491375299822,4.3703162637496344,1.7458130963186076,4.2591083746467575,4.458524851978974,4.796794295645465,-0.44780252158613454,-0.6462059359806901,3.000988609865132,2.0500973104859623,0.5260482932354219,2.0894616512725293,2.0,1.0,2398.2010202436354,0.10834810765408864
452,5.624984306068485,5.468454568086419,2.4566909945953475,0.5495397575189506,1.4208567957549039,0.2858651719736406,0.3229215631808093,1.81192708172854,4.567915710292669,-0.23027026786146032,-0.590206308673707,4.838164138749644,4.217179126430522,1.28379152106483,0.9958003322126435,3.38126242849732,-0.47637083872144026,2.518715766897576,0.17119920031216312,0.5164566837526559,4.1522795633597935,-0.6862169726419118,2.405798683713575,5.686264264744352,2.1205331677709793,3.8611998269517995,-0.2039769648151496,1.8113898429422968,0.8639884421989489,2.75943079351493,-0.4837105396453433,4.754059099837749,2.0235268058669327,1.2106483383950954,5.245282566145074,2.51181500714406,2.810665433644517,3.2143655314822026,0.03145835725706435,4.483880471610684,1.7833190800917973,4.337353786718283,4.224351052116404,4.545805964321134,-0.721753371930083,-0.5041180941510482,3.2803630337238046,2.899785465782264,0.04805274182950989,1.35434010069728,2.0,1.0,2719.6135514869047,0.15336861780444463
453,5.2559461866346115,5.323199149623133,2.518133277249317,0.04430939063217043,1.5487207541882035,1.3379941310018573,1.1830695178878419,1.4234260324692394,5.017707391598139,0.15290690001419427,-0.5100144690351311,3.6644835873306363,3.6380025706760617,0.7274461538354784,0.9760400996869929,3.4588308409618564,0.766346228815,2.8083255990770506,-0.6183932965408323,0.3969261572753753,4.8319945614268995,-0.10960552512107956,3.245111753566448,4.339850416232942,2.156501185735743,2.822204319125522,-0.7436873401086793,2.056089775026413,0.7218729682509442,1.3482901398611662,0.10427253175611384,4.076769223961468,2.1256515274846057,1.8792540393483628,4.373096005671019,3.0834421704593007,2.9032419828251883,3.3287756607474903,0.5006607479314445,4.490600709489329,2.046629537743822,3.4205442484261246,3.5797138365639976,4.1357195441089845,-0.7978743394674447,0.44403206012128627,3.058652150107381,2.450447840337237,-0.3304266353994264,2.276486998845706,2.0,1.0,1587.8001504738252,0.3220713183167718
454,5.48680235676532,3.9027876688399044,1.9806600789449351,0.45674253984880425,1.4175916492583036,0.4495121671587022,0.8113110595670241,0.7237738469857901,4.4319662403062505,-0.05756397083551191,-0.2127198005308959,3.153349005246631,3.1079511383133918,0.7012235892372042,1.022998509562398,3.48097377294247,0.25985777236117114,2.4118910008962104,-0.6982811157453231,1.0488983258898723,5.27419623753708,-0.264939231699564,2.8507220242843094,5.888392481307672,2.422550442353749,3.0817527719572624,-1.5868222732638695,1.3237354979482272,-0.2720001978553307,2.397399009517998,-0.10548572459958472,5.900481034376067,1.3199571858510784,1.4417588717901564,5.065311019668648,4.663113989451553,3.011406227728625,3.2326146227985797,0.11393081428213436,5.784663173254749,1.9784667174066208,4.017971429569484,4.5243404760914725,4.401983980046096,-0.060607304826920894,-0.5969611631015065,2.318978638727632,3.0705993808533174,0.4829414935750704,1.1989508926677637,2.0,1.0,2259.131315737301,0.6294755721981797
455,5.680892372707289,5.780337234483589,1.7532506625243978,1.119099217076744,0.5460509526406091,-0.31847616630179554,0.5647172586000435,0.6489285920396775,5.016935499208729,0.058486335965124786,0.6880013470484316,4.438794133169475,3.1564954600274913,0.5153938197327587,0.8934232260743071,3.7372423044171237,0.37373452621962466,3.079411055160185,-0.011596955072506215,1.552058875893919,5.7785846767934,-0.5339832969712375,2.9688311540390746,5.203009465142199,2.2103311748058063,3.447214650051379,-0.9426738022024628,1.631392470443142,-0.17762238209047204,1.97758906327593,-0.10702248481773696,5.219337783226608,1.5308821997785578,2.5243044121821754,4.628623243477149,2.521208058830916,3.2462533033986145,3.750401442730498,-0.3564413915174284,4.86761521154513,2.0248319019794008,4.6698348454064575,3.394570353545236,4.238206730446765,-0.7642856381691403,0.5729772801593087,3.146034772848843,3.0967803595920262,0.6518539738835514,0.6999699372869572,2.0,1.0,2863.6068972601624,0.20304655514215153
456,5.3108676662510215,5.047238197341196,1.5647654461877847,0.39287583105285434,1.493580000183513,0.9554226874335142,0.5472890181494026,1.6099216001231333,4.914687169774616,-0.5863931994587777,-1.1726025235310429,3.458448172367383,3.8447518047584666,1.2878990290516348,1.3373909355411737,2.835965738888688,0.7220014913018906,2.630222873324777,-0.5773614842691068,0.40715679833488705,5.801724058556696,0.8414286509403173,2.544732393839667,4.449599560009277,3.071631271983605,3.466195986544035,-0.09151204041197847,1.9048721820773389,-0.3706703369615055,1.2931327582880867,0.35224908318870984,4.9962073801588485,1.112079435019738,1.4040977072223602,4.24711627100821,2.995699227677577,3.1438599973751735,2.220526930290456,-0.25266005080076387,4.670562178297157,2.8852167679599265,4.545074714774634,4.330196892966507,5.807178792821289,-1.130985397691999,-0.5705979723627975,2.759224022780739,2.5633430284121017,0.6937461610482825,1.3055157654261078,2.0,1.0,2413.9778704636133,0.08758833706521507
457,5.456221398997946,5.269030796382304,1.7505754116530103,0.4400352015018084,1.1702235652189006,0.7702643939485343,0.7799077325136834,0.4869171742596251,4.640894749366241,0.62417141117428,-0.5823694777823201,3.56466004581507,3.740909538400474,1.3699649521864803,-0.055645166726180584,2.997920125101639,0.4268650304545567,1.9127520346159765,-1.0065521509957873,1.5822159972380758,5.140315927164295,0.08193863311601637,2.6458414626156186,5.230223793798922,2.633421593595177,3.5137453396720506,-1.1345307066892638,2.1741470448947235,-0.07753309419388976,1.8267418273231524,-0.42928592708045804,4.084964767328481,2.2825378679233235,2.006200837162723,4.4497274914876535,3.1957776142733993,3.478667242394364,3.197156363310746,-0.24903695005913834,4.386847168298178,1.5088490853797625,4.39436473503617,4.092141043683948,5.276168065685108,-0.7656733368473125,-0.5719188665147389,2.7910719346371904,3.0359594777316063,-0.06967895995973739,1.6418233311446935,2.0,1.0,1847.021971813382,0.7445408115055091
458,5.4837316233235756,4.929934176426817,3.3276737148559477,2.290656226624721,0.7492704016302276,0.300596595554164,0.4354618418456029,2.463946061924282,4.143238129855185,0.31094372119889513,-0.08854905490078566,3.880299060910545,3.960499425147608,0.610830146146593,1.2403136558270451,3.3590004274297915,-0.07262195702195862,3.0099235583726722,0.38177487474978933,1.296036687690288,5.4027413116208685,-1.2150842308840955,2.693672536725592,5.627541562361105,2.611561991951376,3.547127354663237,-0.7850650813394635,2.5426703410474625,-0.36641217887025246,1.7795841623549677,0.14517331300629507,4.948049692493489,1.3235580203901058,1.2819039744070164,4.195602162993638,3.371941815793765,2.0321274628456143,3.955110764838206,0.40302721872852143,5.760966276649029,1.1337746262519706,4.732340771955823,3.3930151370129367,5.523409287945466,0.15795183121648926,-0.4987989875445397,2.4726173721506157,2.850827239619824,-0.22549483322061664,2.3635143623915145,2.0,1.0,3178.170655603324,0.10110982701967793
459,4.608242222528589,4.882691215207706,1.6425979101998955,0.8151018360625383,1.878476930542361,1.0591790798730853,0.21618775509874333,1.4428620288553624,4.837432905225361,-0.5270166912922435,-0.24938702500220825,3.5094258673885435,2.35122141286908,2.056476156879219,0.46838637350636236,3.3219612546748483,0.5652833380015724,2.341570448613894,0.6613953806666103,1.3193078169321324,6.139981343762056,-0.6343082773275777,2.453767487930587,5.267139726629013,2.259023567944621,2.32136629544018,-0.7831441509823331,2.504774345329436,0.23428621790348408,2.2612392822619993,-0.17216831342192918,4.485910152704394,0.29060391574959876,1.6443174502802793,5.305586231812999,2.5130099883685926,3.057639560587709,2.922030472151173,-0.4689594789875752,4.5960635757351405,1.6315642624832505,4.2847580528433555,3.5237537410758586,5.258385383800776,-0.4933651632337853,-0.16278918032861522,2.5815697219011335,2.508966585604469,0.18269167192538666,3.107350762551765,2.0,1.0,1722.0593495039977,0.4840043122908509
460,5.859891688406759,4.10558612567073,1.966363447055472,0.3703146201326945,1.8751316097157686,0.538772948984714,0.8164676053605436,1.7269603892934668,4.188351450829784,0.7201415271293473,1.082415902197,4.075151830033115,4.128160549905251,1.583585718627382,1.6431927077409945,3.364361994232732,-0.06664935551893925,2.975347526080568,1.0835550241429948,0.4864866760936404,4.627515673573541,-0.09956790284983336,2.0981986116250884,4.7026498030050305,1.9867161557031452,3.095135541543165,-0.5188647413301235,2.3128021309928717,-0.9155275451371857,1.9699285350644586,0.8846565749213692,4.41976167674182,1.5308782522134974,2.159608390839263,4.2860414357384835,3.2113827726260125,2.8700566871724353,3.3123952276917756,0.3399681530194407,5.0890615306443685,2.5506269640492665,5.0190020309887,3.0141916768656607,4.750378109239541,-0.5683526226308324,-0.8575314030735571,3.325915525178683,2.4420817703167503,0.16503607334546644,2.0893235968664667,2.0,1.0,2002.7791891909467,0.23209754927026172
461,4.951341098151682,5.026320372319253,3.0895956056498886,1.8422103452523864,0.9388889602212885,-0.45429571509305267,1.6684227667130302,1.6349941040085838,3.878714797232864,-0.02595811353003527,-0.025506754478986163,4.270885696618378,4.455382799564166,2.031668519332793,0.9972537441824002,2.8131566571253006,0.3876438319479673,2.685360813696204,0.2173251566003821,1.1966890122484033,6.114177057567208,0.26551207990777775,3.0119357770591604,5.116368002824647,2.1291135978259015,2.7599927460246403,-0.9663626858153586,1.8492101361620399,0.3308917670863484,2.1485458978959233,0.055957213621322825,4.675337056001211,1.5686162389797118,1.1774664452200319,4.63813122832234,2.4110824201574452,3.4348946234569735,3.5251236986135113,-0.1359645139331047,4.911435576607216,1.4007214980860665,4.167321853262078,4.5244513233732,5.665128141426203,-1.2257684443362427,-0.581857729103746,3.3443812966079043,2.698943603754218,-0.5023985528376856,1.1483384722620462,2.0,1.0,2542.0417572261717,0.5012235135380563
462,5.3783250061459205,4.151019053619176,2.3366796388460065,0.6035052985420343,0.7461781755925452,1.0590752528865564,1.3909815277657642,1.4722480869648196,4.019429005367707,-0.5739453589595274,-0.5399477633733547,3.1929291605198897,3.2211979384811373,1.3079424725682078,2.041779308814305,2.9152035339488256,0.3612617973928559,2.4008259620975525,-0.37722477898738993,0.5030511540547454,5.405666402093833,0.13890032414143577,1.8499209224917839,5.179244822647492,2.4718870236324575,2.75348904866734,-0.2994611082661237,1.9093895942444494,-0.9326502090039842,2.328036929900605,-0.4632080182056575,4.583364420324786,1.554078981245028,0.9381861859109549,3.882301709488754,2.4784185481860157,1.758702862241819,3.5427450023831843,-0.5294253516499604,4.337422222355357,1.4257258035612157,5.004818431676862,3.7771982613377766,4.225469685490503,-0.17137451672202164,-0.2641539607601638,2.7084184347256635,2.9773333072914574,0.24164238004966204,2.549176510592082,2.0,1.0,1269.802497565835,0.5275807630726531
463,5.135475820588039,5.095736457309059,2.292215106826408,0.7099741059063618,1.1388690606105074,1.3982091133854282,1.0868788573569357,2.1518396070460573,5.2956245639027175,0.3298266706601932,-0.6682694693386654,3.8265906403292376,4.095912526443017,1.3868635833897085,0.5234247718372002,3.262558970805926,0.6531607432989526,2.981875705685772,-0.3186230881260748,0.7563090375180774,5.675957738554066,-0.21485022203523413,2.3797032309633277,5.8200207684975265,1.813123218826341,3.361853937765115,-0.8465328127964659,1.089886356179611,-0.7132829865209078,2.7331475011900213,0.4769779611916069,4.62566815293483,1.1866678611275452,1.892511543938683,4.34718542429208,3.374464723603556,2.666651355883355,3.2679740845388867,1.189068755170823,4.243389681296737,2.432835376587397,4.390384040910735,3.5408780867340703,4.921314616395391,-0.4271795095236692,-0.39964933075746234,3.678302741078677,2.853870521891082,-0.4519379262439589,2.124508857531577,2.0,1.0,2974.985035583601,0.054180929300555826
464,4.894595351284276,4.511217496052809,2.772425173489565,1.580177560485236,1.5242298160774401,0.430011158940243,1.0814060941112658,0.40594662898160705,4.236706454146028,-0.24593837423672418,-0.24133456926808022,4.8248928609978545,4.094463411535423,0.6629293837499187,0.8932705763195752,3.918092371415234,0.4447370051108759,3.372235135459605,0.2627335399729046,1.8733854700692345,4.395306664380826,-0.32423545302908424,2.898646699372171,5.356340634558625,1.7548538113808956,3.476123966398332,-1.2340523018343876,1.7821931095781147,0.3048788512440348,2.3599660090387045,0.286444583108007,3.7376266339215696,1.699177632317919,1.7406137715279102,4.037061090384512,3.140629062392234,2.633273703006805,3.3325621767747338,0.460448575178419,5.005974834913434,1.7331458936770259,5.235623189916678,4.408467250971966,5.921910985256134,-0.9386527438796477,-0.6657280000187261,2.440844872429562,2.667806826690649,0.3886020737226372,0.6958332936810065,2.0,1.0,2353.165189510816,0.28435433984081815
465,5.686333619571132,4.996820611423775,1.1178215793880686,0.4847988489536335,1.9731678855204018,0.4213733301339696,0.6927040281906851,1.6285520618549985,3.9822292521204203,0.2856358538182324,0.586752892189388,4.4431893203647,3.337470610308395,0.9410089126112646,1.3389819709614799,3.19098257027491,-0.3781266462045353,2.2319642335352463,0.4202051184489505,0.7231245706882359,5.4259168573589625,-0.37718595349147316,2.3784851710082893,5.435744726535015,2.03823608636815,2.714522585827064,-1.1545710799412978,0.6903255460983608,0.16042879379147074,1.6250855633479986,-0.03531933105759762,4.668837194313087,1.6870916348749505,1.5462498238410545,4.986097234458608,2.8960657158233105,3.5271786325927543,3.595096915955774,-0.03463256863440181,2.6195997901433925,2.0031567120943983,3.9092974168215764,3.985135617732985,4.317456010147322,-0.7623668594716513,0.49673809400462865,2.9561982708456154,2.9336593576376666,0.323922632177659,1.8639959328750573,2.0,1.0,1622.123963504864,0.26777926198141805
466,4.612932294055735,4.62800921711023,2.3307387261909165,1.2890883132956459,1.258248679810996,0.3060490454380455,0.36332075639990313,0.9018815761555439,4.433089199103164,-0.42488419660427523,-0.2805742977596788,4.492274500773935,3.604816513488522,1.4544761037958136,1.210825719375712,3.138927494021493,-0.40426927437950155,2.592980869795451,0.23591107105207149,0.844229361356572,5.045609898761235,0.21321049370202427,2.3726671449406442,5.918461109166802,2.471146425140173,4.080479033335136,-0.6191958422247448,1.5713293627124574,0.7287312746834923,1.7882131013249307,-0.08644693216946583,4.58131382495617,1.266243987853851,1.1039679668755678,4.220008222903735,3.293168559007027,2.6217825661568215,2.7395444903567987,-0.08396150366419997,4.247831048915967,1.7244579258056363,4.170394042789861,3.3596650988430015,4.928326799398481,0.022813327968734143,0.14681891954105236,3.074087968651861,2.06880415367801,-0.35119098424123285,1.3358528887807166,2.0,1.0,1778.4873620860565,0.14200509377338832
467,5.239484992258515,3.9019047069558934,2.477003804336055,0.72285641809269,1.8136848615569705,0.6216352556629896,0.35863137604216355,1.2422029917066735,4.840542788230156,0.12460314403050646,1.391556047226445,3.730061333863686,3.4346665737702757,1.046027478983689,0.4992556417280747,3.6824525348127617,-0.26270752372681405,2.4397955526339157,0.08934281957158258,1.4328158911540876,5.613560280535342,-0.11082724501386661,2.578168155829505,4.544643758398282,1.744689127185078,3.9356773529305564,-0.8318100438933113,1.0204409540494574,0.08929026142036507,2.2808169195789514,0.35061371375315836,4.058527029675456,0.6347562330151152,1.6311878848683157,4.420938837046796,3.122676041710726,3.387059564784741,2.928691483458287,0.4461097903464118,3.010141374555527,2.9796286495092352,4.246944169152644,4.3040194701857635,4.025780740689095,-0.5478138725272858,1.0036851794891295,3.5963730834376655,2.5381568427380397,-0.6310305467392305,0.9301474187793094,2.0,1.0,1835.1023577385427,0.006402671825824946
468,5.719381708678028,4.1862850351866925,2.3333249406560865,1.155649719560591,0.9566892091183995,0.6385480768866557,0.49859087430375454,1.0065065999923208,4.750858296131452,0.4746210378815854,0.24607252634581694,2.7818385531106546,3.596601069303358,1.5734236992301198,1.3633183656786207,3.44401971919313,-0.03682718874695351,1.4470143318004487,0.6314685301877586,1.1059870310901256,5.109573817619799,-0.02224688185487017,2.027027968979249,4.932184123846959,2.5451721001247702,3.7154506288413454,-0.4125423651252203,1.7291194968782855,-0.5584607406072881,1.9937867588549583,1.0322518328774895,4.995064275031232,1.0375750496333431,0.3625175741644042,3.4562276526292557,3.0873800694515303,2.436662347255479,3.3090590925869536,-0.7353881637717482,5.286216764815508,2.56648091643042,4.744485986711768,3.660348708746245,4.733193788693768,-1.7460725885714026,0.39533228626068234,3.1436594920687995,1.6323408451991852,-0.4257888342580629,2.2427940273932627,2.0,1.0,2035.201205392651,0.008350721675776907
469,4.908739677943662,5.190150744032346,2.235831102095329,0.9107795137011243,1.8545213221916974,0.5656318651217793,0.20891723722362743,1.4580898068621462,3.975808431729725,-0.6254967221064106,0.4035709224904972,3.8370068896591136,2.783494939344511,1.1175456925480036,1.7752332909733002,2.2603695571021936,-0.2411461084186033,3.112373273099264,0.2723189013586437,1.4114135699738377,4.941800692873979,-0.8772254443001862,2.0873253785335883,5.55362708319507,1.512345001586937,3.6495830567806564,-0.5820076052933679,2.782395786612719,0.124750894854158,1.7229200281355055,0.2515624434847178,4.687130430032397,0.29791648979809215,1.9790326139552912,5.100110892963265,3.589560545551994,3.7053660452716644,3.209211808201418,0.3367947065989547,4.390113131287436,2.3208889848318313,3.3351677826158723,4.601893563061023,4.577418561196308,-1.356872238506218,-2.5246470133521992e-05,2.8007968722857877,2.984983478309659,-0.06949505378028631,1.486144282620195,2.0,1.0,1780.7887281417018,0.4779670437112986
470,5.579843631825178,5.478488614811104,3.2761335253838584,-0.11619319961931973,0.5847581494580573,0.8468681015888441,0.785942061211567,1.9958288872888956,5.002320530825625,-0.25368891233292323,-0.25893338151098344,2.6649386818461225,4.09311024003445,2.2028404751336663,1.292167153877101,3.4637871435507765,0.9794342746035652,2.3642610093338416,0.9699502493544586,0.6831691057686056,5.419394284260682,-0.20780547927145757,1.691348522417276,5.294702883686792,1.9267714215334397,2.2204686362451427,-1.7487601993586122,1.716409519537567,0.2526856312711219,0.941900997696848,0.7031347790114506,4.9034223051766945,1.5801919552708457,2.466157317786121,4.788001707774821,3.694622842846218,3.0540327493780035,3.170338942735882,0.5184684665864925,5.446920228420408,1.9309664535230129,3.9905936891099487,4.008174055931971,4.136922085751553,0.3262377960965611,-1.158611484370975,2.8384154072755883,1.1686380692691936,-1.068631584728011,2.2541535830576445,2.0,1.0,2332.6023469001334,0.0677108162816971
471,5.573976776832358,4.891714606309053,1.5318905581323965,0.36131385707979957,0.46879816280120523,-0.20026446607889103,1.189283685062493,0.9048274834563368,5.150515530728639,-0.01305776228599671,0.8872665346842644,3.4823674152667525,3.6802430555370282,1.033534138461128,1.766673767287537,3.771350996677395,0.5934341384416506,2.5211459906842455,-0.1934746718025796,0.6335861373337417,4.876720781560205,-0.410005091889976,2.3259649622225567,5.123243044701025,2.799403384511481,3.720234013613362,-0.6537108414767795,1.0290263305606193,0.21470106156333704,1.5351006710080368,-0.0868656546036777,4.331353048314562,1.9133925531529985,1.3726846304248574,3.8669544680766017,2.8137063382634944,1.0704915887962096,2.995400001192371,-0.2693494826760426,3.2467886566560327,1.791865000425171,4.0949600162410835,4.082680985250433,5.0546399334907255,-0.7184021921014031,-1.0677744203236763,2.5348031751245736,2.437689145502245,0.3274705107841106,1.1498684168399596,2.0,1.0,1401.335451575081,0.25253458954293245
472,5.2801991467810065,5.374331432076705,2.3422400672797212,-0.389368383818844,0.9973926716869312,0.7643377460609486,0.48351718026475,1.3601330667073388,4.800090457457831,0.5160339571475923,-0.9404442678336791,3.7704739284273256,3.2886517012678405,1.0671205580139853,1.52528328565037,2.993509153660721,0.5600955797937728,2.1861028466919006,0.17980348688176934,1.5380205451230586,4.104313756814852,-0.3406756439984273,2.4940726203406514,4.528503848899463,1.6098645315305307,2.2486538861049885,-1.6285213613933311,1.3436046543691882,0.3124755621615744,1.9441778839656647,0.22879480841379393,4.979507156699541,1.5468201187361896,2.199823004157943,4.412510034394522,2.515901680179068,2.246255601016517,3.9773681730654173,0.5284994012291975,3.7534566193998287,1.7430836564136645,4.122317776722428,3.5378143677502716,5.922878475369854,-0.3068533592145272,-0.06160686103607611,1.6892475965103169,2.611161611846777,0.5957593300023225,1.9037992455881996,2.0,1.0,1235.3798427952158,0.7748946631759734
473,5.969332959810313,4.205283857047984,2.705895936231113,0.49175117043604527,1.4078126631646337,0.16409217590530129,0.9595757790445048,1.3305845713575222,3.937574272535975,0.12267086115074083,0.2646937361283362,3.7084701763270913,3.3335135232009083,0.6802772765063115,1.609342561202547,2.9629089567636777,0.4068657454560232,1.996721444407945,0.1915809857154555,1.1211058420920428,4.803906473212885,0.17285260076500403,3.0911045664413925,5.396156427689356,3.3828234660809997,3.2033666001424743,-1.2469372416100362,3.094429317535663,-0.005024721750228139,1.8542423927531437,0.3762295943076382,5.1192690370475455,1.372539128953899,1.1185148707474897,4.8967730788851345,3.8805798304253636,2.64058472472251,3.233731581518195,0.4142679800757535,4.615662171265074,1.1191277749389312,4.876359697439898,3.4002528877728913,5.1971921589869305,-0.47418914560667086,0.21064308251348207,3.4778838022771836,2.65658461168373,-0.07849582679592759,2.0509582466835874,2.0,1.0,2095.6576745057528,0.6988660409896104
474,5.2596081150172465,4.53367495530077,2.1210152585095403,0.9978885850504016,1.6847446492193723,1.4522293263591963,0.933976315285854,0.8394344642108333,5.0204011297959426,-0.33002699020162146,-0.6218976759198973,3.309389361486993,4.687931200418915,1.661301870959116,1.0863304819007504,2.8764746797045837,0.6026512492882068,1.9611212310165613,-0.5932494173330444,1.382971400254576,5.262383844208452,-0.08984955742025824,2.321462807517209,6.370352212259554,2.715284633960555,2.982786368174931,-0.4339834117264555,2.388802872322309,-0.47962387937898304,2.512813380436377,0.021514148356405437,5.0109742941317315,0.6199046640660241,1.4001695592806025,4.048591751617365,2.6658915494210267,2.8081680538263445,2.9553990625942617,-1.1143213698027934,4.321033487394724,2.685815203840182,3.7836335275209323,3.899885770328913,4.539872732576893,-0.43959516738478077,-0.6547005442417797,3.068254018925156,2.2107281525924107,0.043186543185490395,1.299574751301116,2.0,1.0,1753.794143275446,0.7302271953366595
475,4.9407514416303915,4.325844097382571,2.3565960556986156,0.4993957218207338,1.1292837675945615,0.43174096050648453,1.123144009222222,1.3260825344189635,4.457494945249013,0.5396687804987458,0.3665235779236858,4.051509891198501,3.8190871061305067,0.8807334864270309,1.2812545789611298,3.399877848226828,0.87735772707483,2.0020280815193505,-0.32408739766265116,1.0852354062222713,4.598826000877905,-0.29748673466678255,2.7429587145053156,6.187535160989314,1.786539192546702,4.091467292686423,-1.0767487768996808,1.9081252216746392,0.4321050264795112,2.677928770712615,0.8037386792198918,4.429819644046538,1.6419970273543103,1.9895040452927206,4.881292310965239,3.472030357393866,3.0728168455521883,2.8414209072125436,0.2467906984820459,4.833601438989231,1.6774694416771714,3.969701971992984,3.4476448086990112,4.541512156019789,0.2628112562030881,-0.3125098485274063,3.6913852305729526,2.2349743277371523,0.7091746578025229,1.73347747877098,2.0,1.0,2183.369470505493,0.13591860874550843
476,5.360252432019462,4.752266517966323,2.4923945171173107,0.6793103633540938,1.4945963304713872,0.5702928845039202,1.4300709334599104,1.1684512353621548,5.577162794554679,-0.2398726258199523,-0.4012700181274662,4.55288384128315,4.459637346867636,1.3147643003443514,1.3109338908508628,3.3078710738336428,-0.28736848690280525,1.620129854078829,-0.42147724090532385,1.7757067580696546,5.311846057833231,-0.8790089301560312,2.99242791507581,5.287475073307648,2.544604467532217,2.7982860264549463,-1.2523484563277454,2.3648809967988793,0.17986411604455724,1.758019277060862,-0.452852640065485,5.005360731937863,2.194810727741813,1.8690149350395044,3.733636294085713,2.7202288784330353,3.947703824921839,2.7431993196668545,0.3154700904479587,4.955573678524525,1.1162778005830605,4.894375228721879,3.875276062347029,5.079491850107644,-0.7484183190029764,-0.5100359279937973,3.0523363915551207,1.914425470650609,-0.16997037124087272,1.365289708378562,2.0,1.0,2680.1223918672376,0.25344632055123606
477,4.403387992164422,4.075590239186669,1.6494963754639662,0.012447278520544725,1.5253372411369481,-0.771844905590684,1.1761127498978465,0.6158559821156057,4.442845145785431,-0.07772026748499801,-0.09100835670082663,3.404475964338881,3.7127033539876284,2.0814160223505667,0.9396323751409374,4.109052971831357,0.24080381644851587,2.4085640486259297,-0.415733597223856,0.6191243968388329,4.5342871644780525,-0.30460625466840496,2.8577771018314455,5.487856896293218,2.9009120222952625,3.3373937530125684,-1.2407309533908448,1.80368846860864,0.6427599222783541,1.7118657757073446,0.27191811618868456,5.188074326015422,1.3036629899337508,1.2785380366789012,4.428960644779654,2.4104165585313764,2.851724597860869,3.1329033812156264,-0.9401212802555381,4.424000843443867,0.9151905829088505,4.408454986499056,3.9795514110514545,4.940323665658581,-0.7219137801702882,-0.6520273212028842,2.6504697581690913,2.3174290232646237,-0.17730668046959425,1.648332206461784,2.0,1.0,1601.3800223435237,0.19342418857125018
478,5.139017563080368,4.614425163337195,2.231213336701236,1.0753858051745158,0.8205111826657502,0.229547947592084,0.8571214360539299,0.14100112130886977,4.31924117775409,1.2002183196981897,-0.0202710825271597,3.612486546416134,3.5402199955895424,0.4661978848084377,0.4969236757413845,3.005786268614305,-0.036208010469801655,1.9404740875804425,0.4564671590799736,0.7243147782851306,5.542768270295864,0.2669047386633582,1.4829984377995866,5.5957211490979,1.8502074693218686,3.6116525237260855,-0.597692310986252,2.666872113475568,0.3159559170140929,1.7062775530234284,0.32566753252848973,4.756443228942813,0.9327014319051912,1.8373632073220727,5.0334815255873195,3.4671738515079498,3.611651023275844,3.007830060076157,0.533218248470878,4.717413270201838,0.6240097246249097,3.7540110627735697,3.500648333869744,5.14817584280574,-1.356473786905648,-0.3160611708016029,2.9118513727061583,2.3170190770284256,-0.29036276469520733,1.251271900445541,2.0,1.0,1638.8502923035344,0.39276397585998635
479,6.7509779715512135,5.216532766922999,2.2776367558820465,-0.8875010617617007,1.6445634300912273,0.3949842992914304,0.8320908747454676,0.7371537698026631,4.330079049646853,-0.46326028929015445,-0.3422086864829531,3.3223242466821366,3.1687195275054605,1.3967383830437397,0.9699722584839277,3.866064469051366,0.33153342662091345,1.2436611896663352,0.31928984935181715,1.4387840666814007,5.281608899304572,-0.023524892928221935,1.7960461368968108,4.910264732503701,1.352537398576232,2.3623050099250755,-0.6803312908444724,2.7440065240340767,-0.08888600662979827,1.840410400161046,0.43898314168882613,5.120134712361165,1.6280511451086084,2.6548512319224504,4.641388405305691,2.703706257500763,2.2807661817238274,3.364247036926629,0.4865047762344029,4.710591523089618,1.8735974367556703,4.942708477024036,4.898636154626595,5.285213618218858,-0.4087287740743656,-0.09977957388211778,3.0081994070284925,3.227364581992892,-0.009838291869025462,2.3723124406463647,2.0,1.0,2339.024746980592,0.4351547276548109
480,5.107063435100857,5.652182077880525,2.006108799038842,0.6111619166529955,0.9538595563723857,0.5754142454094353,0.7292640322218544,0.3300086231831645,5.494851688647662,-0.14289233190052064,-0.6430240182326621,4.249263354443448,4.076959313347319,1.6006799517039612,1.3280502776629752,3.263405722823643,1.1725334376768237,2.3348713738944773,0.01218731760074318,0.7381614085822414,6.317196407873841,-0.9450157072769697,3.2032838015004272,4.923974007621049,2.585870705681774,3.3037190318831873,-0.21049338259022576,1.854083971928797,0.2809663948956618,1.3457741386263564,0.28652537682285284,5.531728534994732,1.3108070215695502,1.5027237920399965,4.263120464778786,3.443023343374812,2.318386224584105,2.6378088062937803,0.40130374910201816,4.664680609822859,1.598488446969851,4.165222829201858,4.185189921005437,4.2737381741876215,-0.6122916544087421,0.5636652815810549,2.4765463619168324,1.9857965640359683,0.0037814039999164717,2.492072856263353,2.0,1.0,2402.574155015611,0.3243635096680082
481,4.505555201056358,4.947839425400853,1.7896684898246917,0.7163380361597144,1.2154803530016587,0.6751508737835552,0.8403032015261718,1.602756066837267,4.8596474923786035,-0.28859239192485486,-0.4722736251678768,3.622383425631794,3.522245336919618,2.3597020685543875,1.7801167852174111,2.8020552618779506,0.7813529815108147,2.8102860706089325,-0.3562472319214893,1.283125312289125,4.3226346216697955,0.18905650689534992,2.8556822985889023,5.0184080888639375,2.9437427071454647,4.096816739760402,-0.5325627335882855,1.5877067387514998,-0.8293554687205926,1.4418229589558136,-0.25548373174372063,5.032435645505597,1.4912726000185412,0.891350592342442,4.840021352706514,3.128687788371981,2.413760390658183,2.6161265708058536,0.7923292339581145,4.073053488376508,1.747209871169477,4.327906116144159,3.4223250228331574,5.242164857658047,0.7248026518658849,-0.02780270208558581,2.6980338019217376,2.2977328454619426,0.3018163993971774,1.9540858903281195,2.0,1.0,1533.8183954763858,0.5939282505414349
482,4.075503253475482,4.095635366017337,2.045966251487376,1.7088913776023835,1.4013178006387212,-0.28375364637466227,0.9669885125177118,1.9634102405417964,5.174057230287631,1.0919925929865324,0.6016614646238027,3.8378542718493636,3.5498304283305333,1.0590998292562332,1.178030901882051,2.9720084130606823,-0.08104816709081847,2.350100581951896,-0.5544294423800675,0.43695987563538663,4.963458066081933,-0.18314898132057442,2.9379985832701827,4.598834030071819,1.9653157959269252,3.724490849934827,-1.529552044064421,1.5964503032717574,-0.38451273582337314,2.609524796772526,0.5953616236075703,4.905503359406504,1.6282083018585862,0.23003463198801533,4.801528254483687,2.7209087252806103,2.521682668094015,3.478460983580504,-0.25375575763511476,4.3858781849049,1.909028694401327,3.720589806209443,4.062809437305836,5.2084022633816005,-0.5093652459145761,-0.5086511098911721,3.485609127444618,2.3248199758977046,0.299711674686648,1.7921898486070915,2.0,1.0,1545.877463684628,0.5149864126121622
483,4.616008173986259,5.052416019225895,2.652303004367802,0.6397128867613844,2.3364357637374464,1.0654893375873453,0.869345404007361,1.322658505181845,5.358466994739646,-0.0876698071709011,-0.5413289343703493,4.257682995168556,3.4859879202952415,0.34847827273472054,0.6605591631133625,3.3720958931598277,-0.337252735566936,2.9726583406347387,0.03639620912943409,0.5037187686885053,4.957379139818598,-0.6806349609503556,2.8833022422183308,5.60278596257696,2.1304688476469082,4.050728455207426,0.12443137840882779,1.7543130398868994,-1.5094734899924194,2.158847925874115,-0.6326224314653762,5.5304526636211655,2.2982765816374235,1.7073742397289808,4.67788569329557,3.4616366444629105,2.8204264096464033,3.938739840282012,0.7480570203506894,4.542724831638543,1.3524225885768357,4.233542869123762,4.03902122828436,4.945197782195468,0.16450060967267643,0.12327227658521911,2.8791751573546147,2.64601946417796,0.20527776341732684,2.0630096183981728,2.0,1.0,2575.5673911439703,0.5274746805717365
484,5.689706666198698,5.135984365203249,2.1774054321095213,1.2104505061361932,1.0335268700665512,0.7853535120285946,0.8122419934404502,1.1767455927162958,4.584890493442927,-0.28037624648169207,-0.44564932264912444,3.659732903515785,3.8344651450260128,1.0928269378573972,0.3947572423648993,3.873303078854963,0.9070107196835406,2.5355841678772317,-0.2316922987198147,0.6334710452257364,5.322979192260805,0.21533767072540688,2.8955423302543815,5.218808541852299,3.500621009770298,2.9100858554615745,-0.7946044530382753,2.4883942502296796,-0.04540263627311328,2.069903120172107,-0.11313149371043718,5.651422361747568,0.5333818092572558,0.9692311549922874,4.414036247430264,4.083480751460229,3.2350622676142815,3.2289855632444304,0.46476945448742246,4.265597305130152,1.5813000407690967,3.4387948419229515,4.126401486774245,5.395981168966821,-1.1532968733323776,0.5189885087141126,3.081269553674793,2.1661450789335746,0.5777289410983066,2.3306783447998356,2.0,1.0,2820.3887505937896,0.11937894821418658
485,6.112021468076417,4.627574420864844,2.2112745052554557,0.9729718751234235,1.0107082156758356,0.06604771291600864,0.8506333636242557,1.2677306255437628,4.817517718979073,0.6634132388727311,-0.0592151360154024,3.6171207862791843,2.7652438218618665,1.0526339387727845,0.9728972096405729,2.5730517212757036,0.7327991222421488,2.7350875572682596,-0.37935898389179595,0.8385374396832037,4.0782333760591545,-1.0477312465223347,2.31744442288279,4.321770126708158,1.5394375319239866,3.3132165250129244,-0.3654485252111267,2.1701232314456917,0.3711315128499142,2.5300763091277396,-0.13656545534455494,5.622812576088958,2.298409947755779,0.8430312649784653,5.107392834189604,3.834931637775056,2.961153258169111,3.8829662597035335,-0.6078323273225327,4.367252954322857,1.8976133551066028,3.5929806587714563,4.169990231749633,6.269182482386613,-0.19288024088619865,1.0674132940000045,2.4763877096295994,3.6940104489454404,1.3222853593546935,1.998750786795135,2.0,1.0,2023.9858487503393,0.5972670318446047
486,4.540176019688654,4.92515667395097,2.6257259356042284,1.0687289077131477,1.2326733976409416,0.16554090700839247,0.5530269847053644,1.7683128922747837,4.760465045965002,-0.2433135546801531,-0.9781692194353003,4.689985859588196,3.046485579300395,1.7441355339936426,1.1565673841006314,2.6160440253099444,1.3357109520802437,3.2560349845365097,-0.9133661761648075,1.1803124020297653,5.21887991355223,-0.3143063350368219,3.168913183767911,5.276467953817771,2.4237621644261913,3.986578438129645,-0.6164337343782376,1.8171220898578568,-0.5657700122522924,2.4749657936280176,0.10189900457084439,4.546084897037321,2.169211658073775,1.35849404014438,3.7979176253539544,4.120420405281643,2.3016332404147866,3.1476810507264976,1.011753492887057,4.4110534073350784,1.3173552155295327,3.1476658141064062,3.871195867100664,4.0150504570635075,-0.02469967560386399,0.10067745480672198,3.6218555786608024,2.5141943832382356,-0.2894997781700561,2.3593151478604426,2.0,1.0,1766.2381044200888,0.5131580764924932
487,5.712013791634922,4.651408200972382,1.9907117006290334,0.9744828373446777,1.852870164985986,0.23292137955866676,1.6587276301674434,1.4282994528931765,3.5636780959913805,-0.9740400385300878,0.6678321560729003,3.7939321007729028,3.6903779952583364,1.552759956662952,1.2468338778170889,2.9220371697320577,0.8637530132539699,2.2719030494004233,0.16864652700631566,1.921259825704913,4.125271428437539,-0.9179727672405269,2.5807719488528216,4.875699501633715,1.8169059221942654,2.6108036036291415,-0.336697222833699,1.134252568902606,0.5289413978030482,1.5904090861724791,-0.04126570105219643,5.166475752990598,1.9079727441701324,1.418462868947691,3.8778472825473624,3.310533117089672,2.74049840194456,3.408183206293704,-0.795891682359703,3.961235650767801,1.1142249761325207,4.959468536540387,3.266864674520544,4.890142744411602,-0.3227911190878828,0.8998689974784128,2.9130721508300064,2.7057664603675042,-0.10051191456425307,1.6035414781712873,2.0,1.0,1440.7207163253101,0.23858482338530945
488,5.7358604382291025,4.458952318742798,2.5402882193669876,0.6749968846226303,0.841064598936535,0.35531478097143115,1.389028540516625,1.549981942790413,4.783512263684485,-0.6440776348882308,-0.77731875420574,3.5799319611976523,4.096679267736326,1.1220519530960607,0.8516023516468467,3.55951173336954,-0.2950587559949307,2.4307187519657996,0.04172533522010852,0.7657443097942411,4.8590962777980895,-0.3912914705763213,2.8432640463048204,4.977538342059841,1.9430251504193008,3.2773736129529007,-2.0482782744624726,1.0164624141184784,0.3029973855214424,1.7335774366791004,0.44418958502976885,5.023636422859593,1.118849056258713,1.3226076593648066,4.283572715911694,3.326414762197981,3.4694058309663705,3.365678022306782,0.08094433963579625,4.487988324263817,2.308057536111564,4.480951526028049,3.8247485275923303,4.65151942596468,0.28633955432300773,0.4526753109729601,3.198101215368171,2.221898260499354,0.8795219070369568,1.3085724264008776,2.0,1.0,2022.5528296714124,0.30066231625556794
489,6.439435392812038,4.949469782512257,2.3893370812378114,1.1945513347438954,0.7347131090183767,-0.5738833253753648,-0.10120308611081885,1.385367985251506,3.677530807348821,0.14121824316826653,-0.19909413846873553,4.309577356396117,3.9093949378618937,1.145220839153477,1.1053490591822548,3.4141807347671267,-0.7817365489438133,2.67565686457407,-0.3296312853043535,1.1427384834591179,5.63502391999639,-0.07991852187974803,1.8531013002092118,5.195549410755814,2.937548794720475,3.4391157964115178,-0.7422546419085253,1.52780047919087,0.5063842426075396,2.971517515347606,0.5261247241443747,4.428367357943124,0.9261382277069066,1.155724014276693,4.010686176667363,3.669583331837821,2.493922403214729,2.8388752363866394,-0.3392242487177147,4.5564394429561315,1.6530917189039254,4.313023951960752,5.662648547964011,4.478132908417857,-0.617975771483931,-0.797311162559361,3.030147667441516,2.608583581077156,-0.026998342969347278,1.421855151105506,2.0,1.0,2016.3394801395782,0.7909022921401179
490,4.635520644817102,4.754403719760168,1.6057221845079361,0.4005601310556395,1.483326076577459,0.47246610889488605,0.8656805647283181,1.2707085401696891,4.026660640991326,-0.1387521328625374,0.7194946981353261,4.006159219828239,3.774658019543382,1.5915899038766703,1.0085710194363793,3.2253915967637194,1.0128298682107646,2.3453832343119267,-1.1140128892879044,1.326990892548869,5.245452695709795,-0.1954717059944396,3.6694710708082647,6.208988974044743,2.2238244657302033,2.9314488830569485,0.013884129978883442,2.206347187119322,0.04034391457802185,1.7857587425205848,-0.39769328799187414,4.972913014618849,2.091916266011757,0.8573840110317207,4.379901517862677,3.8417578221352677,2.745507460135881,3.6577501099854355,0.4462982107192412,4.823228986189002,2.1247829301815986,4.298810187771093,4.488341727860571,4.732332647367653,-0.9295474337266314,-0.2776939802278356,2.8341443044188233,1.8997658741256453,0.31149539936365667,2.101606551728833,2.0,1.0,2311.995764400911,0.2756759522239345
491,5.392711346670101,5.19294968732334,2.1544741382825734,1.1076259247489202,0.8681816093186359,1.258810445495448,0.6670428592001385,0.5130731924007625,4.03988894888171,-0.008648181080054157,0.40413093203230777,4.099592373942416,4.3740814628452425,1.6635093821104756,0.5334908892419343,3.815865701765568,1.0542936472233526,3.4833246774301574,-0.571371693426989,1.0147991042887725,5.299914483590811,-0.26119121291739095,2.806734229500542,5.032463958912539,1.946840634491071,3.6693534587384873,-0.7031116819078119,1.6677251120719219,0.1949787944474138,1.6941035229890666,-0.168263860773382,4.63507481454118,1.6212823236833125,0.6507296699303994,4.878358779314958,3.8539522736865894,2.7429080909630064,3.041526314886475,0.07995567675473308,5.090985564188931,1.1534088923455685,4.298531992833088,2.70964807632655,5.540144228699917,0.33335685593209263,0.1665911807882928,3.194738049155773,2.269309718304065,1.7046302534885494,2.250972654885552,2.0,1.0,2403.1554091935377,0.2747560005210201
492,4.850486286367341,4.290652617041198,2.1518017728477323,0.7952595549204553,1.3483579793379206,0.36165128832325766,1.0710524433818045,1.5423945827840344,4.607927395811259,-0.5897094655818507,-0.24433796985037928,3.743466913052065,4.171893381590775,1.7018161499431643,1.4478449988594995,3.6897009974016193,0.15184330724385697,2.1092891838417818,0.1076757912797407,1.1420742943366675,5.403587571907806,-0.37391852874392995,2.2302405721309135,4.278933299400041,2.2395299220344964,2.515306470817163,-0.5465222831549172,1.524547422310397,-0.7912575064635101,2.1764985952656684,0.27508589807220984,5.367119049795528,1.5970813126468475,1.8162638272798894,4.79595909387267,3.3975091559261132,2.5887477444941864,3.3045044609445204,0.4599056839786807,4.803350661377472,2.281935820530635,4.458550926755525,3.3625601697977094,3.8894705961926292,-0.3267158072090786,0.07223291867265393,3.5766584680910047,1.796576951709387,0.5724749894489425,0.7489993930256296,2.0,1.0,1579.2193894608486,0.49092276350008257
493,5.216533458209952,4.55135212551186,1.5235506277753577,0.6750122769526246,0.7474089132428824,0.5240601532489615,0.6922783679771572,1.5102499097114,4.741286511554761,0.11470926454724154,-0.42206785697657745,3.822215799391526,3.296082751803912,2.5320782975313247,1.1715070267001835,2.615192109183676,1.6173675973020498,1.9981454492837611,0.10322818332836581,0.2116638500451442,4.900123311671244,0.8516555164412718,2.877524187958133,5.154672356423628,1.928513692799605,3.249940682586355,-1.3451559552945724,1.3604428771106125,0.012144427265699621,2.657037468621518,0.5434612662452993,4.741644378680728,0.9138154193182524,1.8785138622468953,3.91286579946212,3.2823608274918583,3.536121377518913,2.948262282606123,0.23064632698590304,4.582678056636263,0.6366963488193831,4.7083174865911,3.6151746750227476,4.747400653310088,-1.109378701802866,-0.45971644410643525,2.6473721627004054,2.1236205967586566,0.6771357847316436,1.296656940291046,2.0,1.0,1470.7120431236667,0.49471417019147196
494,5.01266589547774,4.151900503101645,2.0933805421095206,0.5782160199699198,-0.07311745742345166,-0.24784973980851843,0.35663499038690333,1.2109777434040672,4.035890069845276,-0.2220281040244683,0.44624004016894103,3.7994812563802087,3.4686358380585647,1.2837085599153284,0.816225822634384,3.4166457739887695,0.6295781907828057,2.956603131850974,0.858298003049886,0.5343990609927409,5.555496643816172,0.46825039365805066,2.761228057503993,5.322427904785071,2.0927022490656015,3.602465319776766,-1.7912008451317813,2.418399318390235,0.34694579256842295,2.308931151906341,0.08946060729768568,4.139582021120285,1.388244220312862,1.193117496695887,4.524789088332949,3.7531547819701423,2.9312700737103223,2.8944806290232017,1.0910806052664208,3.7281263592332223,1.5633449570497855,4.4929097805840295,4.055366368345763,4.668905489906999,-1.0671726685740068,0.34549987362191853,3.6313978992913354,2.7518171918329504,-0.618213375568745,1.8243374505965,2.0,1.0,2154.876336699612,0.010682737752996819
495,5.8340009210243755,5.78001816485306,2.154859141936597,1.1639926227091382,1.2815842955344554,0.6622725990562012,0.802188061686825,1.1376384209020949,4.521284844626256,-0.024511245207602648,-0.19106116404963955,3.1549334432431313,4.0616802410575685,1.166412100054101,1.3106963625769241,3.3065117965933775,0.8934828072301125,2.9870248703750253,-0.007010738442020853,0.7217586659831738,4.569308479077721,0.7770128247706928,2.542878344845192,4.955900653995896,2.5711258351391786,3.1483024846845344,-0.8292548175535546,2.0718103522027453,-0.1271938777480428,2.627744037987574,-0.15916363808438905,4.797188613871022,1.5737399899985927,1.028011594801065,4.257637032744205,2.6874616841394525,2.197809545352243,3.720096941903961,0.29385245739368143,4.016197558265435,2.001592382133875,4.198690467524305,4.152132345864819,4.633848722360252,-0.6877928831894712,-0.1832801364259107,3.6518475646828126,2.172816110325308,1.4297300410146947,1.1252437371495767,2.0,1.0,1902.7038297279473,0.4595462358616551
496,5.338934031383725,4.31454437196634,2.669637392842373,-0.2586177528304221,1.3555333689324724,0.3873113577700784,0.9061626819015252,1.1020117111566041,4.004075610757902,0.2887071356037653,0.080306278525824,4.1562046761328,3.537633096691349,2.0044695543568145,2.035426618227674,2.84819704992353,1.3092512332008206,2.98478119130453,0.2170768883157984,1.425498365496642,4.440210850977409,-0.09273839382377003,3.07813042332599,5.073201334949335,2.674166997078929,3.5484407153811635,-0.5872335835525881,2.436123446171477,0.5624256722850703,2.3214678319654043,0.3125287469392585,4.317600201689633,1.647397816399376,1.4050503156272776,4.318617941240883,2.965705481390359,2.847764425525425,3.449161213050176,0.49794440001457446,4.624767159602471,2.2409003991647958,4.93448022235026,3.305932093993707,4.956588626952724,-0.5675298835698834,0.15734566539702885,2.916726429381564,3.298244805266311,1.326487312722296,1.826330033735312,2.0,1.0,1859.8426145621115,0.6221435616636973
497,0.05577337509076097,1.092660208317187,1.4817107428992506,-1.9678122058807284,-0.7610562979791835,1.8304149574635638,0.05246684907154853,-0.7268623005116055,0.15679974970259236,-1.1149802302889604,1.22592543169708,-0.6309814975412626,0.1555553962685785,-1.9765048577957667,0.6926099127221015,-1.1599029512850474,1.7302303715148475,-0.5030210020740316,1.0096756883437856,1.0525560073820879,1.4819978210870004,-1.5595552869735934,-0.7996320784248647,-0.10037693619812593,0.6917468766663433,-0.9696302683175291,0.8046052788979501,0.6280002374970497,-1.271968969152423,-0.7117480286835969,1.5501498276833132,-1.666603355800973,0.9862564805616327,-1.7505998040660944,0.9259245062909138,0.9700454199741753,-0.3683367461933549,1.9655319955939246,-0.19145080496643274,-1.240485827488314,-0.5934941116024697,0.8592466657010394,-0.5702585469929375,-1.793525784019696,-0.736323982592137,1.9952184462599236,-0.8483805735307435,-0.15281651433677634,0.9410724439358931,1.7747158029814387,2.0,1.0,0.8034818108521695,0.7599056617102002
