,x1,x2,x3,x4,x5,x6,x7,x8,x9,x10,x11,x12,x13,x14,x15,x16,x17,x18,x19,x20,x21,x22,x23,x24,x25,x26,x27,x28,x29,x30,x31,x32,x33,x34,x35,x36,x37,x38,x39,x40,x41,x42,x43,x44,x45,x46,x47,x48,x49,x50,Z,C,y,true_sf
0,7.3020358536852505,-1.7985291926854996,7.292507377311708,0.6547038486998372,1.9947763413601927,3.3614647065742402,6.563765987117767,5.270784720088584,6.439628776482845,-2.2398458452598433,5.980012998785307,8.65392155092883,5.554432119596008,-1.4065492672089484,0.7175416954449801,8.104801377712628,3.8830693981771085,-0.03406798942966244,4.961941937622353,5.0532233545881855,1.4812321508160946,-1.1265484710629634,8.455214919928839,0.3881438804383251,4.924106883289265,-1.1612966767281871,-1.6248543569507325,8.01582531912952,6.979336816691689,3.2051158776284376,0.734563907030392,1.7659543091143897,-1.536833016067887,6.82721357490067,7.580301048774075,-2.3766407542052335,5.388763871118327,-2.503246073515935,-0.2624293481462321,3.6589774457675954,2.727502395252898,1.1541643531708579,-2.4664230636742834,0.4293555208092803,7.013388384192766,5.55655827942229,8.169517421078899,3.569327279111234,8.039643024470191,4.985708776613642,0.0,0.0,4175.7002977030625,0.9837356694125986
1,7.514512465917063,-2.4742677997192013,7.590840547765295,0.4648507410422835,1.890726736419348,3.8706841653109203,6.330566257484088,5.258547795273298,6.490876933047486,-1.8218667162509128,6.516346709177659,8.781033966732155,5.451201488492789,-1.7138490994337712,1.1372630641385302,7.725836179795772,4.425405076845876,-0.6676013281746743,4.79887741627349,5.614392646103053,2.1010693994390084,-1.0722118953460535,8.807406425121924,0.7213874113530822,4.511842340766211,-1.269609103582755,-2.374773424168774,8.461275151885328,6.776947407648109,3.498081798482608,0.605844804717833,1.4568850332962533,-2.2376731734606583,7.332507626862491,7.589046159882618,-2.034685221637803,4.622982014863361,-3.2127431614919804,0.06869406006606882,3.3784653437763144,3.071719081427733,1.0614206592990887,-2.017021182169668,0.3239646124476471,7.3267173093882585,5.476064407677764,8.113845107089832,3.1728414504540097,7.823822761673932,4.825302388912917,0.0,0.0,5171.993197579218,0.9039741273433873
2,7.50055353028847,-1.754996434545476,7.757461856026303,0.41794199986101377,2.571311324737504,3.7590845546488025,6.759422444162452,5.000944190723659,6.367175283616708,-1.978031223095812,6.388058083361546,8.802252546517302,4.945894172518051,-1.6277146975920809,0.6426561123595762,8.257482188337361,4.4550735526774625,-0.6108473280311982,4.930242815357766,4.979238189410123,1.8827936445864084,-0.6421614776426634,8.308180869163328,0.3811612147767024,4.489626029327767,-1.126001979482929,-1.9188862119304588,8.633378543716772,6.310506560458944,3.0304532387999044,1.2230403976536395,1.491394920755357,-1.899237716477498,7.170674443863861,8.225188994785,-2.5663011953873602,4.873487752824794,-2.5218523657176584,-0.37810077911887496,3.1042516602898234,2.8114627763365827,0.6880999657088903,-2.161476900418264,0.17485500970691537,7.062272588636272,5.186206627330548,8.233887495279482,3.4099173324472645,8.50095229013039,5.193384327999553,0.0,0.0,4638.558720313115,0.9848100283933281
3,7.320615121796334,-1.8815466898071644,7.433244791189454,0.744881192993524,2.557719522416508,3.6475346726128475,6.97132113100765,5.002853286203677,6.294319809411715,-1.8553994465884036,5.685608671224391,8.937715565880694,4.99990890566002,-1.7032062849009513,1.0170146713275352,7.701862603958143,4.162369884812716,-0.9179576579180959,4.769059593922031,4.624136506281067,1.7230682773130064,-0.9955937210012672,9.045171945071221,1.0482233883160421,4.749135397384677,-1.2554980188340576,-1.5026356195778066,8.267421137264007,6.434334025480645,3.2278873700226387,0.9867151649586898,1.913510343056756,-1.7336703108269211,7.400947161224819,7.765641764659976,-2.714185387395461,4.615618463681768,-3.1570608091825925,0.21595485307338902,2.859848181478637,2.790063024625639,1.1061928006044925,-1.7854320596552355,0.3718396811456725,6.969353402172937,5.3392984659803675,8.18154129607212,3.475432773752861,7.957043424519636,4.459757934057691,0.0,0.0,4382.438234728768,0.9358150387981293
4,7.150993944177684,-1.9150625494279307,7.9348448643233525,0.916324062696867,2.0002286189933702,3.396219366519913,6.351255040707052,5.711518609699824,6.227417965331704,-1.77641173508897,6.354890906014569,8.482988542026547,5.375555614643564,-1.6700658779723776,0.7351220855034275,8.234346764521467,4.365903690695791,-1.0215441510801349,5.036526659020503,4.971787324409378,1.8180057509517986,-1.0851419886439906,8.031892578289622,0.6473964495923958,3.9962260660292066,-0.7222343953543167,-1.4823959390431851,8.361324868370064,6.16680188700825,3.931717442578682,0.8677078069771028,2.1132285324678968,-0.9823708914359287,7.990857286714979,7.785354096167996,-2.906622650261036,4.594641416868071,-2.795150384530425,-0.4493765144285295,3.7735400817507756,3.24748215664939,0.9971582579345665,-2.193028280717669,0.6194984939418167,7.449035013853018,4.767931887374749,8.324489075302843,3.135602156834151,7.881597885185232,4.6457116207736195,0.0,0.0,4643.104824413679,0.9325684766734815
5,7.326271695184827,-1.4031556330093184,7.596472506351692,0.3304162301934874,1.761270307838295,4.042327093376562,6.5336964330485285,5.065155574774035,6.549566881512417,-1.893479783122229,5.689923838082338,8.62946125968748,5.6910553121255365,-1.5081309773547533,1.1215395033075213,8.125543065341011,3.9616894731534846,-0.38597458781493443,4.673223280362998,5.3672175374135875,1.9098575411434864,-1.6417673871111518,8.34919987944542,1.057328272734026,4.220828980054398,-1.39709017470319,-1.8265441488592826,8.024539259912357,6.52591113157556,3.768358235711292,1.168486934209562,1.311059605372534,-1.9104416678436786,7.93937224171903,7.674744647644327,-2.644450671173924,5.487881383166619,-2.901643650672935,-0.8183775962853939,4.233525168329758,3.3499950784461876,1.1105371814238563,-1.2757550545021203,0.4103301973459213,7.468524426799472,5.328612704089608,8.177403838105942,3.4049302174849463,8.351739266452322,5.114411313630155,0.0,0.0,5416.9705481390565,0.8410570041602715
6,7.632267088097246,-2.086820983470819,7.556694003234467,1.0138944940630907,2.2912857551844215,3.847049835856075,7.139712107687758,5.502182558546473,6.71610123412383,-2.066267898757912,5.6903401082626255,8.896443677216363,5.775930422805334,-1.8474471894419964,0.9201318108289687,7.937171526032388,4.349029862547308,-0.7932783891895567,5.533986883168563,5.065901530895589,1.944000032302723,-0.4985552691976278,8.590684145481505,0.9551277380075173,4.232649721349232,-1.1379133646881985,-2.4163567293008383,8.316990224263115,6.519873715020665,3.314233525813879,1.2151433133853067,1.7420319366673223,-2.0855873579294073,7.738011558711111,7.634526651801462,-2.448159304985524,4.557009124593666,-2.868367433513238,-0.059295649226490985,3.9913700169184887,2.6240213439518083,0.9096522038132475,-2.173316942251651,0.7503112290732026,6.983071616448838,5.447957713143842,8.644308354090663,3.4461973132301913,7.979039806593868,4.622097923790565,0.0,0.0,5056.501579439154,0.985492146407486
7,7.213383838656243,-1.8951172607157385,7.3355489266108815,0.44179328062845835,2.2849335675678435,3.6868764417741176,6.615864220771674,5.183254953008368,6.577284560824255,-2.29242684681681,5.519743462393494,9.052438746791514,5.427364668777092,-1.8177452768448625,1.088190452868961,8.462264515402259,3.882006008390514,-0.7559396491543999,4.682733502863331,5.500946480621938,1.576827333406572,-0.9882095512825829,8.700039063101926,0.916757126216668,4.184293235362736,-1.0868674628539798,-2.0646523376036257,8.571533683498108,6.6204596622488205,3.639516748624596,0.4230843427160087,1.7956775763553543,-1.5834564625928893,6.909964309730897,7.887180493458798,-2.5329673956209007,4.751969754689614,-3.470755263715387,-0.39143195196904734,3.1514502332414036,2.966380718760667,0.3450562071018567,-1.9959787353439105,0.5860851592931355,7.216995923652475,5.309721205146438,8.228746180142293,3.512789501055017,8.227590207230113,4.624575470383665,0.0,0.0,5268.826134426956,0.8011837484888721
8,7.374215677064225,-1.7421967549071715,7.926558561153724,0.5906359578310013,1.8913983888219827,3.6796233723530136,6.815806838198756,5.187970293798984,6.638464699202109,-2.4466394842803507,5.598277077660601,8.351663360200302,5.744464906664763,-1.2790306239936122,1.1498555526697412,8.238487906962131,3.898517683054621,-0.3265664024231023,4.774441813637298,5.070547789116465,1.733262406677863,-0.8645987101420992,8.718121001201554,0.33146647533364576,4.135181874594214,-1.2477619494791352,-1.945431048280989,7.879429576893805,6.245672765924533,3.512667723378612,1.4267060203848902,1.3635088303994696,-1.660340310576677,7.501606916088781,7.872298885331674,-2.57178001900583,4.780015949916085,-2.8190644656960564,-0.09934239750100718,3.510089089467712,3.1680436337407922,1.1237881067759123,-2.409319816702588,0.484410842753396,7.096981567479971,5.551041394022636,8.457167061869562,3.6691171664851305,7.871083001729394,4.709475181766496,0.0,0.0,5017.453146914601,0.8480666488528544
9,7.352160116487284,-2.1200833184411314,7.506150252529723,0.3522086213260708,1.9824656308803317,4.474061755801809,6.732785473083879,5.523580466639673,6.1033299022675145,-1.8236702231034254,5.624921667916236,8.781009236963182,5.913733527972958,-0.9409018922838046,1.290238409110692,8.140668875238983,4.066726667954857,-0.36196402532069727,5.153583263589903,4.58384927246313,1.6859084702851743,-1.4116082127094094,8.705262745514947,0.39162723259833443,4.530175263536033,-1.5955811977399377,-2.411832581280337,8.774520985904358,6.807216091318376,3.3509072447397297,0.4354811087915648,1.3494402682036122,-1.3735976004716248,7.508209449298599,7.6394226108668395,-2.456315137370626,5.18644731587344,-3.0811093428831886,-0.19763516583925478,3.2077302388511795,3.3779393699064255,1.046949377001451,-2.25613052776197,-0.031125598061809756,7.257226442287333,5.251229193606189,8.303004118191454,3.1772845259276177,8.219089827617793,4.255735432919654,0.0,0.0,5320.278664934927,0.8826103911568447
10,7.061014086714061,-1.8399348531605093,8.104193071190732,0.5521244166478155,2.1012615783130237,3.6428966967159595,6.566011990043538,5.041892536159454,6.1243116127492225,-1.8664714918425978,5.811304559769111,9.25541855419719,5.41234637715456,-1.1788652016050387,0.9383828073520969,8.283642417589146,4.764022299787835,-0.63475292020097,4.432578768045309,5.354860529656691,1.79257303172867,-1.2047702275420635,8.548533902113629,0.8325460139951342,4.649229104692162,-1.1425836017304098,-2.2632692747413987,8.033412729958185,6.027168522915902,3.302810490250922,1.251928914571385,1.2110776345090455,-1.522607507634387,7.871419545544349,8.079873152101156,-2.168859678060997,5.009153238963396,-2.3074089315025255,-0.3349304693391858,3.2041887823742616,3.6287269058709946,1.1177642918233746,-2.039778366416273,0.28174971528451764,7.520994407318453,5.47565582622486,8.411522874807025,3.0492846132271807,8.132244585268037,4.633594779175964,0.0,0.0,5002.4140540324215,0.9480827551408131
11,7.270112428446244,-1.8396281871084004,7.445064278348292,0.2244794075146453,2.351636559897121,3.5389195372130597,7.1606619564640805,5.546728762352075,5.955538559441888,-1.43738260426687,5.576082939185307,9.065048138796632,5.27629752665965,-1.2736658633120852,0.761663596667132,8.195731818629161,4.091267673194637,-0.01707036745253865,4.979421387846507,4.794341831982983,1.866435420160661,-1.3248502722002853,8.47259741820533,1.1888057824845433,4.7435586823738385,-1.2160198737483405,-2.3341112548315075,8.371412708843385,7.115522455571173,3.5730859092415876,0.5180947044823483,1.2250943363455922,-1.8800040756385108,7.829885912393198,7.8139513584004625,-2.8197682712152425,4.898960029559462,-2.4788526843041105,-0.21424832144425174,3.2106943715533447,3.1297977072643746,1.2522304047209731,-2.5403102631220618,0.04137818880364219,7.633188686799159,5.459596246148829,8.371177700427717,2.833497955043118,7.824765911027981,4.679324262178552,0.0,0.0,5409.912651213748,0.8375601641740481
12,7.656229091386092,-1.9065707088625492,7.1251552667604825,0.9052929620364623,2.57946866011876,4.078739873861229,6.444793938083924,4.921885606229269,6.275528328984852,-1.8636120937912608,6.324580653510769,8.300327451292778,5.235322253681486,-1.4993350411361333,0.8949967469054555,7.863460933422589,3.638607729502889,-0.46408612377810576,4.663797185555038,5.093657603217257,2.032662191089139,-1.215818842349339,8.376139107502375,0.8161120690686796,4.155672858081771,-1.2161198529671091,-2.61119424391068,8.09281036088134,6.65534386557782,3.656852732763417,1.1590009854146266,1.2298274173184962,-1.702093158777128,7.48623907911318,7.872827059545957,-2.681113675906194,5.192329005789686,-2.8987463154265796,-0.2742612128353692,3.5746999805746875,3.1926900056783682,1.0448917571273495,-1.6028661132434296,0.5935203780264185,6.984076817082457,5.049554539987989,8.606656844450953,3.044149329588072,8.207246330616368,4.5935552440769705,0.0,0.0,4349.296386048219,0.9639687147638523
13,7.888946177244707,-1.7355669748841231,7.077182825051423,0.5357952723372119,1.720343970220682,3.6570620710971298,6.979509220938326,4.727156655225265,6.43576105950287,-1.9319753795369052,6.014077206561745,8.399333555944708,5.605565625376848,-1.6082999877790614,1.3420094276607415,8.012183445407503,4.242083690632184,-0.10172412310730433,5.061307011336279,5.026639985055779,1.9616395630430883,-1.1475233039848345,8.525150871916793,1.1949887747810246,4.0312290874128305,-1.6195050485447728,-1.9829300295676946,8.169270948318985,6.851891330073825,3.8355888504836715,1.0944531660546264,1.597039437264267,-1.6904316174605705,7.249006397600869,7.73467640482629,-2.6346730977304063,4.505538494911956,-2.483320657914029,-0.00879836339334475,3.0474391777466843,2.2796666265671237,1.3137561000286895,-2.4318531987540393,-0.40025581526703824,6.570275806534471,5.37772382136041,8.63785010499205,3.481914230581727,8.512347260065152,5.249446269787612,0.0,0.0,4351.7577894277665,0.9868461286633095
14,7.818429217591711,-2.218404913687807,7.523571787434927,0.2751578475273947,2.131076743379606,3.7183864450274915,6.826360498179379,5.622000046818036,6.141077984347179,-1.6962276303487205,5.523557355151255,8.309406737172635,5.72200374082517,-1.54164618266744,1.071900984393915,8.418394626597882,3.677605021288841,-0.4585971795015821,5.173341989346883,4.745191240761075,1.8398368766315127,-0.8757710984318006,8.676039086968515,0.9311649447400867,4.562946816327836,-1.1352936188823703,-1.8866662521997108,8.448757588277319,6.250492788099626,3.631951788354585,0.8924503737413718,1.9363820246197905,-1.402900118191115,7.658324092632302,7.9560820647523345,-2.426796491216872,4.6334750578097275,-2.6843658667297103,-0.37451594667393756,3.3327941866255086,2.742447639470567,1.6463783468509132,-1.9001095626525921,0.16379700042628687,6.949026445907015,5.426462967397993,8.133861674344296,3.4382827973938324,8.226696579229728,5.075679850474091,0.0,0.0,5206.792304058605,0.8311300258668928
15,6.482639910203499,-1.7232587564268096,7.6509977811340075,0.7452089997352728,1.9584135997114391,3.6125549733289186,6.430228900542992,5.236130109584885,6.393622859509173,-2.3913203646815364,5.643233970765235,8.675097350331349,5.093457282159243,-1.6050579067171964,1.0242367523388407,7.843007051174395,3.5958981819030633,-0.15047475661511545,4.826263704288947,5.140896533060304,1.602596104126571,-1.0899271700172166,8.217430906516462,0.7046315456406076,4.323737877838636,-1.105848446773208,-2.2783740930918066,8.119381460268162,6.866324431339594,3.2045182209181053,0.9805982338243816,1.5810987904772538,-1.3528204106388626,7.387343005571258,7.607298180596747,-2.5827695865114237,4.4017613852205795,-3.066562122091648,-0.1884233847300481,3.4637129777269604,2.642246891751976,1.3687562993271885,-2.0880749861185524,0.7862342361148371,7.367834941902382,5.342172584810574,8.143093771726683,2.820199958228358,8.383099209735892,5.185903536234859,0.0,0.0,4205.544566518787,0.9134934493472433
16,7.336386256659095,-1.9242810801951913,7.32469381794388,0.1673541385956916,2.086888548764719,4.168075038773664,6.675152140888291,5.350788024357941,6.460140256069996,-1.9367546172584056,5.567096837581717,8.576927782695563,5.093936816959437,-1.2554636833072539,1.1991936167804782,7.7311417235364965,3.8704546673346556,-0.8497305810912101,4.802201915981917,5.216819695330881,1.5166920370493382,-1.2606540847232535,8.52312906755677,0.2729181584725195,4.356085948173875,-0.820880198259294,-1.642376899130364,8.307538721200919,6.502000076531476,3.820161602227282,1.1228821613671922,2.0384019934301056,-1.4666566408616382,7.618249795579486,8.008639236128715,-2.1216231895189384,4.538038489484357,-2.3812936685133996,-0.08669438198327079,3.5417870583927504,2.8543294742935466,1.028765235830447,-2.296650954818614,-0.26811038961988554,7.1528429407496805,4.979272998895968,8.306159228681583,2.8870233879417704,8.026885704371146,4.6645145269890556,0.0,0.0,4658.768025716736,0.8017073585568355
17,6.8326443889179265,-1.905628468283435,7.444699653707141,-0.1873956051583685,2.6636005675688392,3.9915796119562494,6.88667947261275,5.14188933403878,6.6163733671375144,-2.0122964962386374,6.040723062697221,8.982390219432641,5.325135891212506,-1.454458315971774,1.129587661959545,7.621071206918129,4.194425265087914,-0.46468233102987605,5.133898705106392,5.120483384607521,1.550890395784065,-1.0736343705078977,8.294152171580741,0.10210080819117218,4.2496588697467566,-1.6124111472495604,-1.7304565235453095,8.449947728949455,6.776459603958205,3.7196457229845543,0.8862205839190094,1.8249173509353376,-1.9642827925844262,7.751562206185323,7.881080643191675,-3.1596390593206483,4.758033581296135,-2.580287945717724,-0.2996410868005308,3.835548447563263,3.4390460625872366,0.8546050523395803,-2.2744118293988134,0.387722771783687,6.935874920194397,5.54688781844417,8.584656409537368,3.4270770876897623,8.309630813941894,4.748769681416332,0.0,0.0,5410.685036841046,0.8734485437022896
18,7.270970600571251,-2.117580148165683,8.261378789215744,0.7343505615595958,2.30421016390258,3.652376404323815,6.341434772264393,4.903683069878373,6.240769294152254,-1.9921637362361793,6.001194476268922,8.588946802209595,5.631308630399988,-1.3438333139017176,1.2646946593577275,7.990769278038427,4.297880807890636,-0.41877340236115135,4.826716900211835,5.012626384203946,1.7484246405759785,-1.059368335195364,8.619931619470389,0.5549577708437576,4.216557945743925,-1.2410577270047944,-1.7783719697151887,8.359476458216351,6.707979712905079,3.8784385847746012,0.9505907282495828,2.073229912522698,-1.8056218592171032,7.143495471004121,7.595166477680255,-2.835257596848242,4.637900542520107,-2.8290737795432475,-0.06404502209224648,3.3107752887931308,2.919538297467207,1.1868657054446643,-2.112895912247951,0.5095317796033841,6.944617973586159,4.971752234568785,8.253492155805969,3.200025037509971,8.212978933777395,4.755527805134804,0.0,0.0,4979.262802489985,0.8083904110069849
19,7.064029817934071,-1.51323804431392,7.238642431601242,-0.07148231261483817,1.9350175525518254,3.6710945395351335,6.895803755552404,4.936414470664297,6.3453459042933185,-1.8398935470840414,5.998080816052751,8.217048187391663,5.499812836579324,-1.8531270140641227,1.366543689145229,7.7847128044284855,3.860544395975186,-0.3352382775778284,4.743319248920389,5.010211284909563,1.9630984667912552,-1.2849561012516246,8.233068045334099,1.0247945034900072,4.1240764596056545,-1.2238069365322362,-2.463803253964139,8.32924985200712,6.415355049741323,3.706236975989011,1.555764964673368,1.060579334709808,-1.8294326217584505,7.413285787403028,7.938333508765328,-3.0349534080743705,4.7717787294770675,-3.0051436949302017,-0.16398097728335603,3.159842326490835,3.8529316852378375,1.0667943188779025,-1.875893642463338,-0.23331263503059696,6.818883483769907,5.276676390570193,8.742232439765875,2.983163301353528,8.203070752124573,4.486113386584585,0.0,0.0,4079.91553076645,0.9817640638657048
20,7.249822529070174,-2.488123354559043,7.033165226743805,0.23389287549681653,2.3536345740750644,4.059822130369898,6.694747893129844,4.73107699870029,6.66391889881086,-2.010697765089722,5.538675047447427,8.566484919742813,5.356832131938229,-1.0129837094210061,1.0443455323294009,7.850700919559718,3.9280204254383646,-0.9288175426542786,5.108103144823704,4.762775767057694,1.7978483874101867,-1.4259045848569978,8.181123650698204,0.11129038570840644,4.303500760426856,-0.6414134534496968,-1.5973335073287236,8.455211436442216,6.9132374997093375,3.374928686565001,0.5950300484625559,1.9421460438275822,-1.742072564763216,8.120386745947258,8.301701101785284,-2.9457816749246186,4.682200070300122,-2.8695442008336896,0.03761987217634297,3.3194696680395737,3.0488857721129503,0.5714474419798636,-1.6120966878199425,0.6863625989030095,7.072737200337375,4.865029318016055,8.303605429734583,4.083534599564582,8.21495877668335,5.101388151779501,0.0,0.0,4896.054165116484,0.8828678629071616
21,6.667451407410583,-2.0304695085928297,7.512717790799823,0.7666794842460111,1.831922634258221,4.06321326288743,7.064081071703785,5.124110996675828,6.292962676433474,-1.7794968841445056,5.503134935121591,8.212828645092872,4.934690309948309,-1.4623043951481787,0.9606719325994579,7.954780221138041,3.886229546255715,-0.5217719947869598,5.27864118932605,4.937084977960584,1.4878958450874398,-1.51037050034699,8.116540059427251,0.8814400949994257,4.200998685008805,-1.4061835973360952,-2.1931170243524494,7.902799003168804,6.227172822077902,3.4602148824650114,0.7811341463495596,1.6596311999694042,-1.3173238497616286,7.291800318355606,7.966341577031082,-2.5315304302249024,4.588038305745285,-2.634726491323255,0.07379920575557958,2.9377933817555655,3.154435212676955,1.1015257372494993,-2.0096252340236767,-0.030918595460135978,7.3169374916784955,5.262825924444767,8.000835248234544,2.74708271039409,8.194574613009058,4.671129959274531,0.0,0.0,3622.84442987551,0.980305688288497
22,6.86987652359897,-1.4935073896419453,7.202485604940367,0.6257024472436818,1.8167502619690727,3.7426174687537968,6.9239562457259005,5.0065489327344235,6.484123739527463,-1.9156791759914953,6.224405590447882,8.880872224879163,5.56814219846161,-1.7134253070095475,0.9304300459140993,8.062197054155218,4.549332703221365,-0.045232509600967696,4.809016186560553,5.381135822316315,1.8167839667328047,-1.0683679862337856,8.438071054512639,0.6605914839705928,4.440453535875696,-0.3704010150192101,-2.1814724747880128,8.682965936497995,6.779072968738542,3.6270461677261148,1.160865714873783,1.4990292124039513,-1.4935883035310837,7.943734510961837,8.372097881427818,-2.60606258249612,4.753467444322176,-3.1335425620282393,0.04979183000302517,3.2858232951628055,2.8249315446334125,1.0838726015259397,-2.0754641886652663,0.027999877599799994,7.4010115729603205,4.847285252352605,7.787634892887409,3.496351531868457,8.008877833344165,4.246224911668562,0.0,0.0,4847.873853420488,0.9493981373276617
23,7.581287493143943,-1.6916055358530095,7.518331835534668,0.4235877911999007,2.1617557171637625,4.047593826177091,6.7042395924925815,4.768216029053671,6.3061597168258565,-2.066274887309537,5.3208052223879685,8.524216195010716,5.1160270279651225,-1.4836667923385218,1.385149979560358,8.134312993247825,4.862598644341194,-0.36196878486719664,4.7871526304649334,4.768822237812507,2.0047264542340186,-1.0466012143471706,7.926667248518159,0.5413818781273386,4.461492008977162,-1.4151928355527028,-1.999892861782435,8.393916548965057,7.097411165046463,3.162238141983623,0.8686314963663185,1.216966132003249,-1.814181603285274,8.06930104565116,8.16505798943545,-2.447376752294492,4.768009637086977,-2.7586942727108767,0.4067538864540551,3.1280848799412615,3.4318590512426796,1.3293640846318004,-2.3402590975903483,0.5015021184408894,6.849335690509973,5.342608944564995,8.516443652703508,3.3138256574543106,8.459189363116145,4.969671129540629,0.0,0.0,4776.78216145037,0.9645949667305227
24,6.643290452176539,-1.7000071193606872,7.214996419926649,-0.3918922710590791,2.021850352832849,3.669645842176307,7.3583002822258585,5.404149842165542,6.59950929521847,-1.8838807860071716,6.072658260205073,8.496820488679422,5.764664925329381,-1.626856429647105,1.0142191803114735,8.095141753398138,3.8604742523823132,0.391517388012235,4.824162035808926,4.929206467225958,1.5021407752829259,-1.3225843615066222,8.404374858816576,0.905540201762808,3.859223087148117,-1.401637404025345,-1.575307945198035,8.437157711250544,6.521354041201811,3.4955510927114384,0.8654626678298233,1.6603375804300595,-1.1354535900241236,7.909582976498782,7.75156496242949,-2.863064217871145,4.938482252222654,-2.922684407268223,0.11006333448073613,3.761603112950565,2.849778975939186,0.4022259844330457,-2.472948368500993,0.4048537497277968,6.708811131078853,5.416043557807663,8.317268579428767,3.2338937321481276,8.051901263329333,4.540524559910687,0.0,0.0,4844.864834137233,0.8329014300842302
25,7.458796187341168,-2.5018818298441827,7.704743627421444,1.1197873762703465,2.489676932415115,3.821832517849852,6.668319312183293,5.210259078528825,6.303689413473781,-1.4293910497462434,5.637782954436982,8.62527334560204,5.087299015405312,-1.334022949930119,0.5921923734482333,8.240283039665504,4.2153233148584714,-0.8510551994506969,4.870001218694523,4.963673322871503,1.605591507865589,-1.530286370455155,7.936824668957942,0.3149131855059661,3.7935499574202582,-1.2670658736325442,-2.40992632174998,8.946533303151218,6.610329453404568,3.9273231052929494,0.7210967351130848,2.058227575977993,-1.6807055562312165,7.792285302672846,7.998074952217876,-2.416128738991494,4.448481540800498,-3.042105409348272,0.08736029734265582,3.5587821618648534,2.8859674838399294,1.1767016320024657,-2.0505187893372177,0.2625665826405118,7.640812847929776,4.660197349529309,8.172773888571802,3.4716032609044407,8.215779052950918,5.312796643615928,0.0,0.0,5333.2920260632945,0.8142402315324904
26,7.456863726066547,-1.7953618886759168,7.396434504000141,0.9243640728617982,1.9419107287538984,3.7184570915293094,6.650039758543449,5.283594530632926,6.173757449657253,-1.9272708100066336,5.652835266411805,8.173715272956633,5.2354918465629225,-0.9089886984610152,0.9374369585754044,8.052149586831414,4.80551404437502,-0.7059676215520192,4.958265907099974,5.3913549858337735,1.4895283817523877,-0.693091304341104,8.66985308297389,0.39247138103119333,4.304053973628318,-1.6271763277162474,-1.3013887446207262,8.951624315922881,6.513212809854985,3.402350710669643,1.053169964533262,1.2794885092813764,-1.619700042697219,7.185947795618144,7.82516052516342,-2.497694895616,4.880900850441803,-2.55706555402537,-0.3292271302821198,3.683640068133212,3.0848903990364365,1.109734463122467,-1.6433999631939717,0.4450204527915287,6.772987679377897,5.523839918813041,7.958775019772876,3.247509814244177,8.0819805947399,4.1374412567757695,0.0,0.0,4422.82561946167,0.9141411170617763
27,6.873563349167848,-2.210071962120488,7.6788711406164785,0.7163159074169154,2.1363672273956906,4.49078208601826,6.987405928907921,4.6525911181063035,6.5274759323025595,-2.1974373015032325,5.574346087332674,8.596714122086011,5.362659162312211,-1.4051650827284985,1.2718418240570246,8.324313983333724,3.8966306206507078,-0.45330264899669565,5.0936682332969845,4.722376842522047,2.0562706887979836,-0.9295935103647399,8.306909560685506,1.0895196496095472,4.403220898533699,-1.0677525807812547,-1.650107745402547,8.312914540454065,6.181912554965886,3.4682182475283403,0.6093581964821515,1.901938292308556,-1.6571539142943466,7.381040485834746,7.716000880078007,-2.298689325366993,4.872815926444226,-2.5453010183309894,-0.11650182432999887,3.2151951993861814,2.7919457074347362,1.3522987741808157,-2.161134547222468,0.6249366119938438,6.719793593100651,5.235890804252155,8.092135328938049,2.971612450348053,8.256218611329398,4.990469771456063,0.0,0.0,4614.2720694837,0.8319147149064968
28,7.209291077775961,-1.34194476837306,7.567670428300072,-0.0146717900414704,2.2611773971051665,3.4421365931095824,6.636165871471404,5.171367376106963,6.671871258834754,-1.7515798979485413,5.589290729774834,9.044707492015748,5.501080150923983,-1.136335524175697,1.425990098497291,8.005546846637001,3.847229897071521,-0.2817565964082356,4.770914853763222,5.016005254761306,1.802879913387757,-1.3903408545026286,8.112382388548669,0.5811704031563016,4.323295172226182,-1.368981174980605,-1.936231462467498,8.54674829916096,6.626698957605347,3.3035801903863864,0.49654831311421677,1.3239082852313944,-1.8955537920426049,7.737905712294666,8.121159022237324,-3.0989329518570345,4.659670263851399,-2.8174348632119237,-0.44313562516322297,3.332693375296144,2.8019620511457877,0.8731380044088206,-2.088789590864703,0.5218376876136801,6.809664759208205,5.521706967856935,8.002435425179648,3.108666639816146,8.026467757042768,4.466899621128426,0.0,0.0,4487.404830259034,0.9393422318270084
29,7.408438685632573,-2.1434217401914744,7.299976905322021,0.9234760149135617,2.026962047988071,3.68743711824263,6.077523860835735,5.039408269500054,6.7709482342417955,-2.023654112158792,5.7000831349261984,8.889953893548531,5.667204085995054,-1.17589001138017,1.239885332131746,7.924301480550031,3.8469694055361137,-0.32376499948294735,4.897268802398739,5.178130882544589,1.5671871657842904,-1.2874263035603175,8.845545539520108,0.6223871284656829,4.454139576313782,-1.2762717375197956,-2.602589204751567,8.493305742517418,6.20204126303443,4.056889120505831,0.8064706181681814,1.4182529258028094,-1.6138739069270018,7.485191565113147,7.772704002643751,-2.7269381909057464,5.0829058769443085,-2.7324876782071037,0.023474768607007007,3.446630943249138,3.2253471876890027,0.8143959212393896,-1.6420567437304163,0.1652785989693208,6.546456621977707,4.928126067128599,7.962506272920409,3.130843968560934,8.573285467462195,4.380195735813119,0.0,0.0,4745.617880097436,0.8776043334288829
30,7.479751527162299,-2.2228906012206124,7.955508416610872,0.6063345633270135,2.6347661091302044,3.731961090889886,6.967125531876071,5.335434580174129,6.21169741148029,-1.9440431900084683,5.610155366289877,8.443754659425508,5.245339703168979,-1.8515274689742107,1.2778815882720083,7.960579478547451,3.7866742416355685,-0.4868718758314282,4.824986102007849,4.926737007801038,2.0494815111766114,-1.2276633799464247,8.434008493523416,1.3503342174158162,4.1085379024744,-1.2799598665891996,-2.0459335810868606,7.964349555770255,6.371227881239597,3.8090260282065413,1.372255642656126,1.3983134201451233,-1.4288474493345784,7.412655989130902,7.758717332922991,-2.9795284604239702,4.886281786191437,-3.381762402759978,-0.011962985051779146,3.482806923405476,3.1312696014645494,0.9329824003939755,-2.462903306801182,-0.028176246981909236,7.0716285898758535,5.46055034174778,8.292100298870606,2.9447124254816854,8.33742221258854,5.3988036710691,0.0,0.0,4996.990745717583,0.9003026764494049
31,7.154071848698617,-2.2308087456091554,7.457843547010136,0.9574339712654312,1.8727134692611194,3.669337505036428,6.693521763514242,5.0022908648746,6.530577339149849,-2.0485935436992406,5.4458768697886395,8.717403423091147,5.433695451890729,-0.9328866317000963,1.3960523434255323,8.518572926846836,4.071394121780217,-0.36259814073330887,4.892220826129848,5.0413386208422,1.3022077846463889,-0.9782494934652726,8.46930963067865,1.2119257925200486,4.593984073430245,-1.4210545943266886,-2.0098194009660837,8.021612250460901,6.848196454348933,3.5463246176744905,0.5402096740991404,0.9818885534771807,-1.324786919230727,7.680253140380369,7.6306695174695225,-1.9540454614863931,4.614738503716488,-2.311210510095569,-0.3902740117389816,3.4968219072724303,2.8913638042430794,1.606168432745783,-1.7948541488459364,0.5069503993830976,7.161738961055535,5.368785883001137,8.313263037566847,2.828968576682701,8.223154066048284,5.142597625146058,0.0,0.0,4315.1285950773545,0.9781386009506791
32,7.083402388418587,-2.3197831027497817,7.172594752886955,0.17305439244610138,2.396057486869066,3.941405638372699,6.360621117882811,5.505436074951332,6.238299805732218,-1.7293056610821664,5.69831748994165,8.373846401721654,5.469163174674604,-1.6201508231884452,1.1166663042498084,8.013588636459714,3.71196985254712,-0.3553536681493732,4.623018176187085,5.177564449543416,2.019238036295047,-1.0098197077136606,8.670210811827852,1.2264214824948079,4.188620609842664,-1.464804847604642,-2.418803869294146,8.62799725359446,6.247162450489094,3.778996478602687,1.3324689947885813,1.356645892749044,-1.136363910202757,7.214587786809974,8.108609805572526,-2.614694540378168,4.340934224641786,-2.787793325533168,0.2563943107019466,3.3712466057576935,2.701793400698326,1.2759758536705847,-1.8063119650637574,0.1066011161606002,7.08313391591946,4.94302496871481,7.83377756000024,3.4222076862005446,8.306024561882845,5.189638710911402,0.0,0.0,4422.176227684022,0.899122263264542
33,7.503553371477855,-2.005092804053292,7.898275407961498,0.19850947713365263,1.9907714183668048,3.850344157573242,6.61495353937974,5.044400767043637,6.099119302648472,-1.642854800439069,6.2246446859991655,9.003345263948288,5.9775031265238034,-1.2194134972375004,1.290608250054096,7.6236972751601915,4.1093141791911885,-0.9012494891370022,5.067495269039371,5.102075760280007,1.7320901824763575,-1.2616713404824906,8.21316866755283,0.7072651590117696,4.191013292826842,-1.1757732115102604,-2.486036992786458,8.208118886987718,6.937267285454208,3.025833812004444,0.7879184924061209,1.2402692221885248,-1.4445770496457662,7.7194938475574055,7.786020908641167,-2.8311151567191963,4.706745819769364,-2.50590746140658,-0.4095758011127913,3.343711232516357,3.3659997307879013,0.6975361366590385,-2.459490450231882,0.6322172030876172,7.4220371336723,5.539632990208076,8.927220568820015,2.924318601290434,7.919230013355742,4.858344726398663,0.0,0.0,5482.659313698831,0.8205567427485738
34,6.626220630255585,-2.08754526474825,8.170009494550275,0.8153985857070422,1.8116830901744483,4.447892056055478,7.18606000818084,5.176503992898889,6.186917968322992,-1.7004036670772056,6.218096112442551,8.714061075542048,5.202466479066741,-1.3423945348295783,1.1772984034438934,7.571893510499818,3.6601746019517396,-0.7701145465110444,4.970829601290518,4.698865839168137,1.6938928248810858,-1.069899200605429,8.115399002401693,0.43676341546232494,4.026316996126569,-1.3665085361835796,-2.403007984519502,8.851987902028053,6.6416598962767255,3.889991910448634,0.6172460535007347,1.3061784244662604,-1.9170379418894088,7.220148336303029,8.073145992670383,-2.2990468536255166,5.092877625918591,-2.52762270073822,-0.8008066133312318,3.2920984667471385,3.155936126489833,1.2084927181348182,-2.1418128994591275,0.524286132437983,7.012035469081718,5.25609976611898,8.403000167666564,2.974429656904179,7.910078329993405,4.82809237409338,0.0,0.0,4940.716093959989,0.8300624473651119
35,7.356268805972099,-1.9335331068661816,7.810848050196064,0.2931210016642968,2.1800923521411018,4.134130216543493,6.54112371164843,4.983494193212744,6.708257527611491,-2.0085726793157233,5.989022247919197,8.430397493389508,5.233321265048384,-1.8656634472501281,0.6574646664255324,8.324903634694293,4.0224833793224315,-0.6789660100756952,5.015138234517648,5.0950895005522865,1.8848383343363473,-1.1141562628214163,8.631884218158515,0.32602419489260526,3.8529213197756045,-1.40113718649797,-2.0873379533429537,8.340221664878698,6.307398075356638,3.7272786744328785,1.002558064194821,1.5770422559298636,-1.5933608489823745,7.861626943677562,7.817780616671172,-2.9875067856156887,4.463737953094377,-2.488439445772712,-0.2632573207577804,3.5017048541468005,3.16208830193215,0.9983562440618531,-2.294187132029965,0.3947412118558042,7.233611993490186,5.057154028075449,8.260060168380598,3.234789571338766,7.735693666099625,4.651652722853882,0.0,0.0,4862.519368480623,0.9035885038236104
36,7.395089763871322,-1.931930145447889,7.336091135628521,0.820671459482738,1.9385391112821253,4.05112557851534,6.904289887885573,5.109458430490936,6.7374470756826605,-1.2036560886942795,6.078565941756849,8.833189652124075,5.510551821081422,-1.4677461677303536,0.651460851537688,8.24076056644219,3.8307996411452088,-1.1697011539218742,4.782626327530158,4.934783523825551,1.3457043568635567,-0.9108689490711441,8.470419040846128,1.0514799457317112,4.1771594935061005,-1.3646187163818742,-2.0242542961516308,8.609843902155479,6.566337835113185,4.085021827432533,0.8269100664517774,1.5282528072281436,-1.7339771649427091,7.276375844650623,7.559361569208361,-3.031667565310274,4.68061462128697,-2.6345615675574816,0.2696044101041232,3.4252034111092406,2.5799873235186306,1.2452360797083755,-2.309143428402563,0.6502132391689065,7.107442947677966,5.178950517131805,8.15212606616286,3.066758546347289,8.281950090658771,4.533217014095832,0.0,0.0,4860.037095626085,0.89963677521301
37,7.2021921105847735,-2.1186192186721287,7.399551197571817,0.667844927325135,2.4611706727265394,3.722345731361893,6.79834425857592,5.376293770304314,6.571349646738289,-2.049613885346476,6.040108441962971,8.70851698099429,5.0686242266281205,-1.610987665646016,0.7801586354754295,8.163787177764119,4.274670496563162,-0.20537909620397515,4.690290828553549,4.888538525888442,1.684701592469323,-1.1296565349677796,8.213534438911006,0.8378381357883318,4.548598191910915,-1.7781781662114193,-1.868742172001971,8.584587261575843,6.147083199092924,4.815138932906195,1.1718575723037892,1.7042002822690818,-1.9938846168741526,7.563271310266462,7.916265902650875,-2.464998863625396,4.64838807611216,-3.065888080101591,-0.5013342125357101,3.495102026318088,2.836757072985941,1.0814251154772687,-1.6097356280163984,-0.04232018265911791,6.970731850916822,5.947222067839771,8.385886702043415,3.7282061193525813,8.140782983908398,5.1976495969303915,0.0,0.0,5193.451973743679,0.9211459463839389
38,7.586959958783409,-1.6189112129159116,7.250321710681787,0.8512030999804145,2.135150416970554,3.688433139653281,6.988826191882472,4.935506102570153,6.015743653982968,-1.876969847441504,6.104489377578949,8.580489248786211,5.617512792063125,-1.0942762502119758,1.0437155244789442,7.975132907893602,3.8554989408712155,-0.6446934478582622,4.722727779562578,4.317821581143635,1.8168223809825483,-0.618284271669748,8.439629747080716,0.748195524853083,4.085951721070326,-1.0888996339689694,-2.205951830877331,8.873821080784332,6.645390844177019,3.767371522546407,1.030704679565828,1.495402630021179,-2.287552072011536,7.376833838806843,8.103476213656668,-3.176675213171266,4.914677236066208,-2.6429886993165304,-0.014557481623835328,3.4837881309409537,3.12941136808963,0.9005437252923392,-1.7414236400099308,0.03481947765396082,6.720495229600208,5.040051413714254,7.991908656737317,3.4202383432229984,8.016111373777923,4.985474616019946,0.0,0.0,4700.786833342487,0.8762841342821519
39,6.908322087362767,-2.0763531211845496,7.346038996505407,0.46633582548662084,2.170226727242671,3.879156362196013,6.554704707335543,5.459008707522507,6.243281633628001,-1.679123625520041,6.289034563376851,9.061598919571521,5.054220760671725,-0.9988943026032672,0.9963357104708606,8.198359009564964,4.090068593797065,-0.48346830932380014,4.776859985170185,5.187883384057159,2.009886616150667,-1.4153284215131319,7.918631723715421,0.6001989810360091,3.8877785312909947,-1.5553440653627661,-1.7870592340227578,8.502270636687415,6.2737057895661525,3.4034071901677145,0.7484136603439879,1.4662119977821375,-1.6294039856195683,7.527074010516413,8.157870877431066,-2.6992256795565344,4.245706614401093,-2.770958727042106,-0.24941146401552294,3.267912713576102,3.2773072037042406,0.441696484456195,-2.419645160557792,0.18107444233184705,7.485538298273572,5.0389419970865985,8.117560773076038,3.3257591902432897,8.105768489199905,4.092849301943413,0.0,0.0,4419.780214172778,0.9234629707136751
40,7.295966980036461,-2.1119896642397116,7.668981016877158,0.6877599227999187,2.1542270721453267,3.5945483706812746,6.026239868406604,5.143071006431732,6.4793766289917665,-1.8484797440523337,5.31449734304041,8.448481034955458,4.913959282627596,-1.4908631533076824,0.8063251546628429,8.06767289490808,3.8608221951647517,-0.9104728816633925,4.338645881227534,5.1960287967094185,1.9157045146217444,-1.2914489878624218,7.967973470632506,0.4570294593266693,4.374337581966179,-1.434401685878045,-2.3965381449154655,8.566888783584037,6.550067462449071,3.3124996637013107,0.4493517567047645,2.031675523910987,-1.4015828850482337,7.226079288560056,7.939809776655152,-2.7218468297450893,4.341682801569561,-2.8097198231059823,-0.33409428896692295,3.461117911739596,2.7677459431469065,1.0782993997760406,-2.0469428923726265,0.594833366180757,6.853726017540648,5.686620635489522,8.197279045772568,3.842668208940582,8.172571539743771,4.749667799406535,0.0,0.0,4306.613374728282,0.8754110005513293
41,7.06834420601932,-1.6441015812466646,8.108956596823042,0.6068271673371759,2.0417305940544472,3.845091545944712,7.170114703564165,4.985179773874882,6.360092224077927,-2.065004670390049,5.978470159610762,8.785146380663495,5.536203569193406,-1.4309126085396802,0.9687554548301944,8.112256029836304,3.9758227158560255,-0.9417003056579933,4.986032710284674,4.770532834016172,2.0132329638077584,-1.0483014664311219,8.61881938714874,0.6933289230029656,3.7012554431921734,-1.338724511426194,-2.5536076594431054,8.642539327461582,6.658566003141931,3.0475818990536165,1.090973536499035,1.578061320880341,-2.2676348127907775,7.29885778955024,7.725791438740851,-2.526893679886893,4.805531836289284,-3.3567352395507637,0.0737610335065797,3.2204868449773723,3.162263464564965,0.7649325197053074,-1.8696720050886597,0.4141910252015332,6.728683048178431,4.971009775818805,8.433497520162563,3.3584514324796433,7.9509250199639805,4.900417147296271,0.0,0.0,4877.4784768550035,0.9185440615741625
42,7.68439877234931,-1.9954249435428093,7.195359852140892,0.8005261250330505,1.9551550113964438,3.7591964138889358,6.322055689944415,5.246536074048766,6.431533661199755,-2.0971492261391287,5.888206924197488,8.566677388553462,5.241155784121775,-1.9763528842919504,1.3192484943954925,8.043534660010582,4.537944918177084,-0.13659307726254688,4.634767879284414,5.221943502980881,1.519173750156098,-1.1063200263103026,8.889812899768144,0.8102684740759153,4.4140072997366415,-1.5546202263351234,-2.1839120391413456,8.281575266821587,6.668714387992217,3.3519203224304195,0.7244937103064386,2.1564872720643082,-1.0537369466442545,7.792241222508219,7.767154156372095,-2.8199420582787718,4.715130489252426,-2.371262244748285,0.06367460480729548,3.657150038697439,3.230421798027598,1.3602197461192622,-2.132727456185903,0.6250234208739565,6.61895932460945,4.991800943498769,8.142247015615649,3.402617094111375,7.993990690373224,4.963067579190796,0.0,0.0,4638.893945849691,0.9458069437471236
43,7.476468494275913,-1.697447331779813,7.468449554308933,0.7132903328468483,2.048598355929877,3.9346639990311347,6.071107762063332,5.269989832908888,6.344272728856203,-1.6996341344692487,5.776689485368755,8.88058423638376,5.646864804680122,-1.6990772469553115,0.9877020119655612,7.366443369788948,4.09507400882316,-0.544095133383285,5.096599569158191,5.127395808154746,1.6737357139032452,-1.5123371847523086,8.610253524861822,0.6415064050983454,4.275376943329322,-1.342339026843942,-2.287364663944036,8.447574518343608,6.8508815410996435,3.4040928486474127,0.9591298250428615,1.7404699718214638,-1.6630587901944114,7.805949570313761,8.081008543050682,-2.576175527341647,4.751157906960599,-2.94470900006436,-0.4789124680494963,3.62661549265881,2.9704393235199635,1.182521476175963,-2.4136179626042757,0.29321066186607636,7.57845096489164,5.645322584829283,8.302854665752958,3.521388574614957,8.25819993843856,5.041234270687462,0.0,0.0,5539.701715980311,0.8340050429078149
44,7.188082684101781,-2.560091506610043,7.4659612168111975,0.4535583520193032,2.093415171072614,4.157643326824267,6.565005482238034,5.165780063581269,6.003304226745471,-1.6104306395761538,5.468875073082314,9.096931676061276,5.649879408182357,-1.8881040930958743,1.2508811788502112,8.522423688235088,4.0115277106894,-0.24117424987908923,4.75614094425151,5.15533799684754,2.0178519136900372,-0.655809601023758,9.153045382307736,0.38184559967431586,4.0358040890152145,-1.3145749417943673,-2.0049445692780052,8.16731703389736,6.907419907250466,3.2732693818940386,0.4506519224927226,1.6925542670654825,-2.0616442162249484,7.6434487624140885,7.8808978192189985,-3.1002815184795134,4.621127228001476,-2.6544658430410695,0.12043082159806479,3.6816092355411687,2.9183993560706307,0.9979763923589827,-2.364727648414117,1.012208761359751,6.938026661059003,5.565120173596578,8.563891197211914,2.964591613354441,8.269397792078331,5.0224593209451065,0.0,0.0,5492.285722357539,0.871359396031633
45,7.697336729515262,-1.7172196955339956,8.120561595729084,0.8019017967183897,1.954031736003707,3.9928759368284177,6.4299321663429865,4.533401874713196,6.8802775649379235,-1.8447741689575432,5.724380223058393,8.762314875641307,5.667410182482846,-1.916573345081464,1.389097671157346,8.088608145549276,4.193250042517588,-0.21144656811759216,4.83614136635082,4.842308391911172,1.4959620948823589,-0.705333748320971,8.52199817530715,0.6264736412738454,4.095800318459961,-1.0977469772038237,-1.6851715983400797,8.54660791298231,6.492823137501553,3.5100997918316543,1.566558268739377,0.8310277110403904,-1.7276019167749952,7.417075768684298,7.599053719610144,-2.585137107155371,5.193157717854925,-2.685494152439534,-0.6404274188010061,3.0188992244363035,2.9994946348440608,1.2052238229871657,-1.828179940568621,0.1961298447064321,7.2316893450504045,5.147200578011848,7.6727832931328805,3.359091257468589,8.029422895707693,5.06980216447189,0.0,0.0,4793.716319537519,0.8954812812721176
46,6.912174978316676,-1.8733316382237521,7.60553968092159,0.2719504598537558,1.7188593395637168,3.975338134490101,6.717078193155943,5.526386316725173,6.078620274553773,-1.6326832142475167,5.184501594785438,8.970712902005111,5.221632498799744,-1.4517016804297809,1.1693198108345468,8.100918842994934,3.7723526592843095,-0.304978512054924,4.900198366414402,5.049779091928824,1.8388609987502476,-1.415924112548065,8.373974236384733,0.7341278258383689,3.8487246120399417,-1.4163107699252586,-1.9138297126616683,8.300929111876208,6.516977090897063,3.2384178491042404,1.170077232945397,1.424950403950643,-1.6505084240778327,7.145761457045953,7.9988901002513355,-2.6742057396287184,4.460798212529356,-2.5289943967550297,-0.1757168416690243,3.354907935435246,3.3537308241562926,0.8805268950310468,-2.29724163130402,1.0134200881812658,7.079853710625691,5.653172333639739,8.497952337232283,2.775133219154715,8.020050243898284,4.757301692587587,0.0,0.0,4338.677522087394,0.9304667451841058
47,7.114222484230526,-1.8679811557056543,7.916058848728279,0.29340689151607235,2.104604458017247,3.7868061432303453,6.766412838906112,4.944245984265042,6.553295858619116,-2.3203398048730723,5.544392211024924,8.336529568306572,5.486279813456825,-1.2747383843823745,1.3242732554013912,8.332064660348683,3.6976352061305544,-0.49660095211387073,4.998899210009753,5.0032152270216494,1.932575717054107,-0.9483191979129726,8.386083818334292,0.5660476021024149,4.151495079471934,-0.8731412319408325,-2.0614639064145064,8.19502832399441,6.312543907179889,3.88938226854074,0.5962015201444317,1.7590536310511722,-0.9368212826195605,7.523336923434995,7.597682315924171,-3.131635771325614,5.023436429093595,-3.0935941625097656,-0.10470279071391358,3.946581932211725,3.187178420782191,0.9605170377798625,-2.116414949069657,0.6852280183415108,6.877823851148513,5.245538298868163,8.526759358215289,3.5910773383427976,7.966587581203782,5.069743634990558,0.0,0.0,4960.1076770895625,0.8481991332456629
48,7.372488309758575,-2.3603821634017086,7.628683583528726,0.4763523013790185,2.081805547307506,3.8610630413122666,7.227266607581656,5.0814931073023635,6.505263793518505,-1.4386885351167575,5.677526224639515,8.217383845103633,5.078992878938128,-1.9176857007396233,1.3221222491085254,8.445829095782626,4.0004347252373975,-0.0009757547139502831,4.641860415628353,5.254560091344755,1.9205038455833428,-1.3527420714694436,8.364968472732805,0.9668779707010597,3.8937242143101543,-1.2972491929273493,-2.348301194751093,8.096948311130273,6.680766438721122,3.3223530991902703,1.2837611672662308,1.7004588895967054,-1.742451853614019,7.122604329204422,8.102178553027539,-2.52630633233232,4.469083023997866,-2.6235321860727696,-0.2816290759158473,3.884172185136305,3.219462075928267,0.7752659179015036,-2.106404253406423,0.8538245296185472,7.401407307277989,5.200387079885992,7.830839549526076,3.5412427907041564,7.878975322205336,5.3371761386928345,0.0,0.0,4736.751000679071,0.9054007639590862
49,6.9334913567200696,-2.0669607433304695,8.039814891950902,0.5270863053853899,2.4252618606579626,4.176527882724586,6.1812394846398195,4.874883873745803,6.540352764452348,-1.772834634757885,5.646442955635964,8.37785948548252,5.471998248291092,-1.283291274262937,1.2424353912109947,7.672091528146247,3.8894600763448,-0.17395571910956953,5.033176909449181,5.157152655735475,1.6268077135433638,-0.9010662671032794,8.326524612182672,0.20542971625931594,3.835924392144607,-1.8518092131793873,-2.075886358654725,8.617191045201174,6.655964132869746,3.7053410923573176,0.6301998886127267,1.7937934594870781,-1.8644587001336344,7.312346094917945,8.081547191061203,-2.482274819671107,4.409432691958844,-2.805121169190128,-0.29884642771106884,3.3465247490207357,2.8415405774925864,0.8604476198817194,-2.172068523826206,0.7449874329107679,7.42700439132408,5.318524804945566,8.377277979925019,3.41064554912045,7.882838171533822,4.972676522776838,0.0,1.0,5329.414236521865,0.49994467525127817
50,7.331312870908828,-2.3308746170192793,7.649595232418434,0.500181626735414,1.9587700701248896,3.510124272399804,6.479838917983853,4.875268763365756,7.17267246146603,-2.2437459440822463,5.704586666057121,8.742827042308031,5.704804409143956,-1.7871791756840998,0.5564597676270543,7.94337893123104,3.4825464717921326,-0.9595142404363353,5.05608856252656,5.076435297869402,2.2128839258084745,-1.4965269515205228,8.285859911405272,0.8680156573776181,4.621992578361354,-1.1996462334457973,-2.1890887822366647,8.001539637464923,6.651278784025178,3.104121894486516,1.1078172959066244,1.6720195121451202,-1.4379250108872368,7.527079444775182,8.430518467389374,-2.24079046433011,5.239857756433555,-3.0526297887422085,-0.013650976551974725,3.1053678435414898,3.0915959948896803,1.0441655501316847,-1.984525811312515,0.6198771329212389,7.263168957650038,5.373702200968559,8.459509524886556,2.958668496790192,8.288007258413835,5.194466445203386,0.0,1.0,5656.412128805662,0.7164009328449169
51,7.0371144940050865,-1.681024515268533,7.424335584372164,0.6647624292211236,1.8483221222499042,4.077211438522165,6.614803321865386,5.3988827572855325,6.409711730381581,-1.8817615851420113,5.954995577228058,8.478319098692989,5.194213862701052,-1.5339455540338602,1.1219518955140517,7.962449175749081,4.019779866605821,-0.7615246779039873,4.943417750106109,5.081148541752699,1.6147341815416918,-1.0851479196101332,8.620143620196586,0.761132084072617,4.447195580100503,-0.9742458283451506,-1.8644161239556514,8.341542935435665,5.792793504786419,3.755777138755922,0.45894369617312225,1.5302404320873144,-1.6220618996001457,7.7954580070316775,8.003655676003746,-2.7447782886204184,4.730871416101516,-2.5842419241884094,-0.6119103471144325,3.9740972043801244,2.8008297681355283,0.7235337149495569,-2.3982094360998314,1.0467097895639936,6.726044028261653,5.331604025048044,7.838120068641877,3.5044255000697273,7.960749037721407,4.621356491603895,0.0,1.0,5465.520840029032,0.29028287074650116
52,7.084369411292271,-1.8633873478522076,7.779878857033959,0.7093366414965672,2.194883369175255,3.51441217151808,6.779481556916475,4.670913329827735,6.0502885497334535,-1.8777313515311873,5.790486226877312,8.596904333128238,5.2012633145867815,-1.9157730643217548,0.8448561251615299,7.980642208663797,3.8372483163389663,-0.47864653382303884,4.627814572414274,4.9074111976692505,1.7625425514579285,-1.5132606108076188,8.136977719481646,0.37165344413106316,4.788761002014143,-1.15194161885694,-2.0618440453408833,7.63727669994851,6.312506119238993,4.058395192215476,0.9327808378196653,1.374883371484292,-1.3818834691581887,8.102755757720239,7.792780206019987,-2.5966940492240966,4.629030571468087,-2.8362202237666243,-0.6566479090596484,2.8764276746217243,3.121334898653688,0.6979026760196181,-2.325985335497414,0.21925576611445208,6.842188523503922,5.096774410787837,7.9210290507635985,3.4286232344502277,7.903848038559944,4.8017799524214,0.0,1.0,4725.575140245195,0.5100456584149894
53,7.801671646197054,-2.2685827100753224,7.991671630943233,0.28958154854697493,2.2317605385668413,3.7001105197252975,7.069725620570582,5.850613842019914,6.404394093401821,-1.7798151647066665,5.768691705261212,9.191962259594856,4.7499889954966745,-1.6720028463121155,1.0309989339585055,8.00520454855624,4.501160046535312,-0.2610018655671585,4.5079127010985705,5.38214833499447,1.5081734254814254,-1.8876434512684939,8.346380501095258,0.3551842261865478,4.271163670734309,-1.3947886930897238,-2.3646302596448128,8.393617804164553,6.526650691293365,3.587525339142982,0.9775787198838597,1.627898236648684,-1.7536701879397962,7.661353139816795,7.571539136498545,-2.750144282217941,4.973216893312328,-3.0882579750457957,-0.08987448892735082,3.5969583528998075,3.181434602191044,0.8900076897387735,-1.8426893814799312,0.5150880307051986,6.204313913794517,5.137910589740108,8.202045087087498,2.8382250646478577,7.838276382093434,4.996292850793116,0.0,1.0,6555.293861935959,0.1531571216951707
54,7.172294913602876,-1.8820039013463883,8.094776480380293,0.0848660309957524,1.987050594950416,3.468422175132121,6.421042243571524,5.267271884539013,6.43451780493346,-2.4067347270945447,6.167619560972069,8.819564289158462,5.563903483811425,-1.4039287074090363,1.1036069658478738,8.009669282801058,3.988325578676508,-0.27651690968415443,5.346972468701774,4.787146626305035,1.872109283252239,-1.0161045477908595,8.531313387639939,0.33749326927525847,4.232365892741291,-1.2519569233826764,-2.2135866024054622,8.524252880392092,6.902738573019945,3.599828983303104,0.9360795355727236,1.4131036476335312,-1.4927323655814146,7.319495732779204,8.209194690193602,-2.785642226630534,4.640437617968599,-2.457811877442289,-0.03326838821707431,4.034579267500709,3.1156606553930573,0.7757501040173244,-1.8677548509389537,0.14499826226166096,6.904723108605174,5.184271130273979,8.067614518586062,2.716170648310246,8.257529898912466,4.771148704652698,0.0,1.0,6009.008459568074,0.3982352916938446
55,7.498571232840653,-2.098026063792371,7.84837253586134,0.19889034271409578,2.5243303355868196,4.169829884638288,6.141161548319559,5.631384915383668,6.600487267097338,-1.8819614492687808,5.776975405129559,8.523437590877394,5.952809001220587,-1.1238233143557006,0.6902650031916381,7.993873857066115,4.191843313655968,-0.33744937191839786,4.402601704760125,5.08926225688078,1.980833803134726,-1.449137873180481,8.455135711109637,0.3156393292397168,4.287157655853107,-1.060365276032226,-1.869804223055405,8.447817641679071,6.622799339194952,3.693225280328853,1.5949153475550304,1.8427044138074453,-1.4353325145330658,8.09975241173328,7.5696295569447685,-2.3800505666134915,4.953588271540343,-2.9208561766604135,-0.19316911402277342,2.754243150119101,3.376171755548731,0.5979975236167845,-2.196628168292507,0.3555643847798737,7.664479941521808,5.641003403021715,8.652705009300652,3.0424094877308807,7.958395521372747,5.233960207061417,0.0,1.0,7081.969418121631,0.14595632365696548
56,7.103593252346182,-1.9911156746582233,7.426530289074367,1.0059364244796531,1.949124782581188,3.848175987443361,6.645166930695408,4.9007462627144855,5.833341622336185,-1.9430202487904855,5.722397801916547,9.182225396045373,5.486574276899145,-0.7397083717534003,1.4687546551335897,8.0664595526618,4.207354850520005,-0.15230211796122906,5.12685269792533,4.9152896285956,1.9269306081648558,-1.3609242623457491,8.626652956314182,0.7091484029571796,4.166532445829558,-1.2397473163827537,-2.5387826732574617,8.471947443798445,6.098792322920774,3.299111357485366,0.5850734630431541,1.6384088064269084,-0.969653749831612,7.882854808459024,8.046353768614727,-2.990698195053929,4.938235184680799,-2.6467917263823413,-0.13421898447001887,3.646273887561929,3.219560833260546,1.3112280674362913,-2.133278780676082,0.3775161553614699,6.740977705905278,5.248468922846171,7.832412128614957,3.2028162386194285,7.863087277447858,4.338516069265418,0.0,1.0,4895.813478193428,0.7347064313118102
57,6.803234624823193,-2.1894221341271414,7.677535979502729,0.747251602104406,2.4568960769793353,4.113539894752465,6.7016317963047785,5.39477242426942,6.429362083038977,-1.7343831283720832,5.681484560571088,8.337371499295541,5.405604374929764,-1.681256113085104,0.7465297608392318,7.858698533149335,4.057637836927947,-0.16379112910555416,4.8916324405112555,5.159725673264966,1.8955291755168275,-1.000590838370413,8.711088253379998,0.6787058789296251,4.6802264516959085,-1.3069684973814601,-2.0588905385397642,7.585503481897757,6.975455219985862,3.2083312118935448,0.9380264240469128,1.860837507982822,-1.3210520031332722,7.479467809387518,7.975659309339098,-2.341296779481577,4.605663091550373,-2.370136372216344,0.021844673283413357,3.108356613253139,3.313326494112064,1.0627119034695065,-1.742324874714611,0.8454275463065396,7.291137264204227,5.438422340515469,7.967733189359294,3.0103680514175655,7.932263691554182,4.913638681943782,0.0,1.0,5412.110497159328,0.34545765707298215
58,7.73274489370825,-2.2266292849069655,6.918650712621099,0.33215981404260764,2.0669333527336176,4.011092277753479,6.873324092885432,5.643720738074316,6.381359833696631,-2.4724356649522568,5.607038807684953,8.748132788500197,4.84548492729144,-1.717614858941424,0.9820057307272118,7.753870106294347,4.063752597984214,-0.12736196034401365,4.131658442097622,4.8900509869916045,2.2228712655442764,-1.4745884677052006,8.04910182140931,0.4437562395409702,4.632957176775374,-1.6893331665666018,-1.8454658905123777,8.46533889221331,6.535045850278459,3.912757305544831,1.1257040731766572,2.1357870751158403,-1.5730089485117231,7.599665894835664,7.718173554776751,-2.2681400394396465,4.733595679295452,-2.6690662803631704,-0.2972921738478237,3.1720740816264406,2.954523781842263,0.8985884598158463,-1.7357659448869358,0.386627421548704,7.219071561555319,5.3798645669223655,7.826578012075243,2.901889307680504,8.025001078972196,4.888615051068389,0.0,1.0,4877.278227535466,0.6641504816786771
59,7.570149050698555,-1.8946452342463533,7.9627878220755,0.2369020590405813,2.341506898053182,2.890901644951109,6.695019272086567,5.014627443342015,6.303053159817669,-1.7229787532152963,5.511601705234952,8.952398260150519,5.337180451759868,-1.8465181370408439,1.039106188066597,8.05365488929586,4.330853846474789,-0.1201386285661758,4.100758558987427,4.909351342937549,1.55377891908552,-0.6587031889698408,8.399353368891182,0.5969797327175765,3.935203812223593,-1.4201293336713838,-2.154667779225529,8.354888767616982,6.532388814326078,3.8331493934167553,1.0174067249861651,1.6993545782874968,-1.524377417967278,7.667933559895253,7.949434403090733,-2.691408974584501,4.672919239020856,-3.6695254573782727,-0.2984570470529733,3.1640009978343735,2.940547409038125,0.8717077173632681,-2.442731180312284,0.3005178954457586,6.720155035185424,5.095813051075974,8.074878686344254,3.7355738429809424,7.883898720313675,4.114348963995964,0.0,1.0,5437.753384118393,0.3334210437426901
60,7.004309595112171,-1.7036454343030818,8.056714033568278,0.2766542249770604,2.008046422507354,3.6049277999769407,6.734710491323518,4.915045652231502,6.2136508453965345,-2.1887021870338104,5.678109470363988,8.82020454753201,5.4132951903490305,-1.7367199870896024,0.5526664238286646,7.675925909128733,4.3250184510563825,-1.0471395850975145,5.0858384300194945,4.761989336425134,1.767037616981829,-1.6618834345720213,8.481231135964334,0.6442335005330238,4.254387550923655,-0.6788523883624943,-2.453797706106339,8.37551962205687,6.149543288150602,3.549267238441521,0.9963179916049424,1.3220785846948013,-1.600273181230726,7.300260415484382,7.791637595319242,-2.0904086048536974,4.3279113807485485,-2.9244045293446805,-0.2649726637460425,2.9834497779226585,3.69014040180837,1.0150930064904913,-1.678429896216203,0.9064581445932979,7.394490809946262,5.682103693489384,8.606175986280538,2.883424344606326,8.521751218501944,4.9434761255375355,0.0,1.0,5163.296641972428,0.7237340709946936
61,7.339845046911484,-1.6890146537161757,7.572906179043561,0.365264747244743,2.6833119431957586,4.06076674619328,6.393551544608529,4.852594106486399,6.16074719753219,-2.552466151477359,6.086068887639355,8.931158693446937,5.684958584566759,-1.0040643577408792,1.2088385294142387,7.838871734238037,4.307368852709827,-0.2543349793325795,4.809602510234728,5.002279592748038,1.68779865465914,-1.4950989929760568,8.341151726604501,1.2292831460898541,4.857018615641549,-1.747504084087328,-2.535427961046073,8.157542587338604,6.172210904769826,3.992855639938942,0.7530426872056988,1.5109523390288109,-1.271630157671711,7.301560612014699,7.7857236101565315,-2.8923434988195553,5.031009462267112,-2.0582663183577656,0.14589197171067753,3.2603613132491542,2.8405496336442946,0.9226466793897268,-2.546000883211282,0.6408305296117953,6.558104390184454,5.140053310286068,8.22272608953643,3.330578250069739,8.487259956756576,5.010591165575276,0.0,1.0,5794.653508747018,0.32386017384872484
62,7.615555607911546,-2.2460543493565406,7.822121542960843,0.5116649964227331,2.042144995815415,3.8391970984750503,6.296714743211487,4.796544619257855,6.074522293824438,-1.8058925865785231,6.08193929691807,8.922913261686427,5.222500101807352,-1.5415637122393722,1.1708804448671142,8.156706825288696,3.632162842013128,-0.47574433558558604,4.8478121946628345,5.022102545906399,2.0944596300728375,-0.7608512331417354,7.921244185423106,0.8415023523289974,4.374100206925545,-1.5148369178781687,-1.7063639484155333,8.352314339962088,6.363582294952843,3.2922430264284275,1.5786821943637541,1.5134628032412265,-1.2588927358176627,7.67544781901759,7.697463571360446,-2.566868018489699,4.332121622715398,-2.7270983702780085,-0.03937714150315258,2.978520424306016,3.0301433248223875,0.6057337987754678,-1.9018974274661826,0.226993794940436,7.320606871031969,5.079595364026127,7.91646310833224,3.20764719332392,8.398370458979663,4.785841473825328,0.0,1.0,5459.495875937059,0.2649396024728982
63,7.7468524762667785,-1.8027743234262064,7.718076504097889,0.3925613919376876,2.2816459661981146,3.560171443620685,7.119876167091334,4.593139302208444,6.11825959054236,-2.0748187055166,6.491797376781246,8.735486230372095,5.501747050070097,-1.2129362954458898,0.6311872918730553,8.537681500087794,3.598165233083135,-0.5957410902738136,4.737650299609323,5.029382380887192,2.152081670544792,-1.557287181823832,8.453064501291964,1.027571227226309,4.460121631910823,-1.4517316222618626,-2.398253759021757,8.696690381432731,7.328143795283598,3.1485767954474952,0.191289297214417,1.6014574271354587,-1.3989165807706934,6.879547782758067,8.032899807336305,-2.25623720392002,4.589850975545733,-2.376357148368144,-0.25376415174641587,3.53731162969951,3.5010078932629902,0.7997971368776833,-2.0793887293894806,0.0643894408046462,7.013519940656119,5.685991290224451,8.65783359740721,2.967045049536486,8.147035878578576,4.814977149442366,0.0,1.0,6289.303513053134,0.45771101621819893
64,6.964946038227265,-1.8829181904717758,7.411251334662215,0.6025639040890307,2.3289312681301624,3.9259793395965934,6.692779858576937,4.8630343780175025,5.607745339368523,-1.5076429920302277,6.014821305578276,9.091575950327881,4.680655895164451,-1.422321558284286,1.377960967154972,8.366905532816702,4.2958233145951725,-0.28849758212141763,4.504612875828799,5.161194121669116,1.9559772391866495,-1.1630189241347682,9.006847835024708,0.5371855417853019,3.9219500763186725,-1.303396118643736,-1.965465604860158,8.684671006434499,6.425170397732644,3.6284062061626963,1.1083332065194693,1.2479573297420963,-1.4547653354395897,7.920056788748324,8.084859958557406,-2.2438113618826665,4.759532765093619,-2.533495612689476,-0.3095787254812864,3.2335796331411464,3.1855759260335583,0.43558877223602777,-2.192800248771136,0.23592503827730466,7.236506456463964,5.412050450362155,8.206044491414076,3.569694124242534,7.804802132620143,4.747462404077042,0.0,1.0,5276.962664354511,0.6763549192752907
65,7.157978851068644,-1.42754481203169,7.537120818615401,0.3329912793230996,1.8408136903478394,3.7730564258933916,6.8408384142994665,4.90073927968034,6.495516668959788,-1.9332362880245004,5.632676819183683,8.863882246490551,5.4393835464266616,-1.6937098649413085,1.1203728701049138,8.450904978755782,4.264858674363694,-0.6497112298366254,4.609548208809041,4.8999343153189905,2.2551318585876046,-1.3482450740487786,8.258891273547476,0.5000509511087344,4.422025604771383,-1.2924921869037505,-2.2182610169440515,8.93663299872211,6.298311380862977,4.0051682019510455,0.6942977897872457,1.8571266523126178,-1.217581715813425,7.383111747911048,7.802554775033836,-2.374756698334862,4.755076422893137,-3.0517227274706005,0.24629154890291027,2.9534880168319404,2.8447128006430273,1.382305778164583,-1.9889825487758375,0.10275917072907409,7.265710642761577,5.372411871991483,8.339118023333818,3.139000676903751,7.773512424954602,5.109145679800169,0.0,1.0,5346.24231005113,0.6888114494024576
66,7.342422064418536,-2.015483275497333,8.041014866351537,0.2669613621289479,2.4283066979119674,3.550852166366616,6.69575150342366,4.8466939248327305,6.380301469439245,-2.1723516663909415,6.08699814116925,9.450109850774881,5.593325315085569,-1.3755147548404068,1.1035648332961892,7.760851729246907,4.3733287610400415,-0.14682207174702833,4.315589218766943,4.901661647066998,1.6189998026796033,-1.1321569388887793,8.806142367588562,0.7557317072619172,4.476358296369313,-1.7112476523066522,-2.370317195137993,8.240889355515511,6.1443698503685455,3.2905401419337577,1.1154581460635087,1.532844862888709,-1.6123625786440283,7.985402371446897,7.6954052619172515,-2.7411533963971095,5.196529645879855,-2.7613931564580407,-0.005024335972919458,3.410752845348606,3.1613307876426435,1.019043020705172,-2.4240418825884618,0.31783232912786813,7.004374469810072,5.619082940445345,8.284161902639763,3.1359388297729542,7.875163223975585,4.673318084294339,0.0,1.0,6071.511126522351,0.4765504936546676
67,7.216512513397389,-2.244107223030837,7.848314605215995,0.4872520446557904,1.4425288536869778,3.5858637914429616,6.684136932328724,5.028684222496994,6.0895676794275495,-1.642839532587905,5.577042441033476,8.792704002388128,5.00836895806649,-1.514509158862006,0.550936455964767,8.048488001031044,4.054725746565482,-0.3650798599184606,4.34083120792703,5.31374526975065,1.5559294674158846,-0.9195114266133773,9.010285327827724,0.6907033632782109,4.234271767263647,-1.255404721084211,-2.4067909698618886,8.294426128463718,6.482300216241112,3.1711786398299933,1.4069182514033058,1.8741926633523505,-1.767685527546622,7.427382034385114,7.874882483912293,-2.848375021392077,5.038647374371323,-2.966824291600988,-0.4670908637610812,3.9287583578743273,3.0688975458071397,1.182865629792901,-1.5231455958931623,0.3347231928383745,6.915544809730012,5.550071337462654,7.886717645325173,3.2481964822057026,8.099390358076674,4.288990378925831,0.0,1.0,6226.008527654199,0.06772928881632821
68,6.783902335528922,-2.0454860476824397,7.375090197990032,0.3545485258449592,2.7632018272520744,3.7225246604402384,6.741868438724336,4.985007524821595,5.899040253758471,-1.6585711080408703,5.833923645011777,9.111864686612853,5.433724287104097,-1.676384935226163,1.6443993361456868,8.129298689857592,4.114544993776595,-0.4948716103229126,4.954863731911088,5.275367457687212,1.7919143154139172,-0.9958755052215789,8.14364013202779,0.6576635280307054,3.71685683823626,-1.1574521643937201,-2.027416552936127,8.569721489409297,6.278658237163696,3.9332305167379324,0.9976045722559469,1.8549891421083433,-2.042895249636534,8.131072088035113,7.984539112303131,-2.639229652242689,5.054365607036652,-2.816220643089967,0.15933701588167165,3.835579728770516,2.769399395365994,1.4623317476399207,-1.2216641976962788,0.1865332136003053,7.018050380237646,5.113302411695646,8.256671257173194,2.8179471903191455,8.078447145556108,4.570221625762899,0.0,1.0,5515.437344667968,0.47781328585533994
69,7.286372267604686,-2.032550387683692,7.5296641626739245,0.14957535850493658,2.0759250606644404,3.987797518613829,6.307079350393282,5.257041218184302,6.255485023008091,-1.895207336605247,5.971373422398528,9.431268601486563,5.737939741645242,-1.4360232638134194,0.7219380607563894,7.928657532074204,3.862813119585259,-1.1064741737330686,4.160559231389434,4.78464194856977,2.033457434603352,-1.392032163298877,8.307451099672154,1.1124008074350793,4.0155492131126165,-1.2937856118938555,-1.8737568254869112,8.396842976755362,6.412365174079039,4.152445900880959,0.464393312745763,1.4661967677610979,-0.7256996405558335,7.509049718064581,8.115552575120248,-2.3036555579903264,5.2554315214267575,-2.4580212315712298,-0.5920873487135787,2.7380603668965366,3.149418053114384,1.1113471052976873,-2.1503087240553818,0.31717455323712124,7.594444312996256,5.853660072781365,8.162974925006584,3.041805106358267,7.466490914048163,4.5764953724072415,0.0,1.0,5991.461575008259,0.1963629668664817
70,7.085611047869818,-2.1773452578076524,7.05925496487042,0.7318466401853119,2.1853782565620437,3.384826854432956,6.647684606692769,5.205694880352467,6.81004919071165,-1.894202795392524,5.56471096668724,8.69919877678381,5.057949113641624,-1.6814850079953334,0.7673472395389787,8.463434169117745,4.467807561737324,-0.8892269972431615,4.439104351439524,5.1975445642506415,2.167836605460938,-0.8403188572250608,8.316161987944803,1.2517237305385422,4.538732716594325,-1.1220514926297387,-2.097030550873971,8.612874213364087,6.593192480474031,3.785203909805771,0.5601792508282106,1.4460735491540877,-1.2361872374493288,7.6586355832829005,7.558847435568237,-2.615767373885323,4.478809592776457,-2.765974881603255,0.06461793947829692,3.5114188344473782,2.759646477545358,0.9118854173172005,-2.178524334966393,0.03938908041421563,6.804310257093546,5.647754369125785,8.987018526348997,3.3597903472385418,7.977433492735883,4.821934367320477,0.0,1.0,5478.099671765585,0.5860747588719742
71,7.280100984758373,-2.1047323879758872,7.674507622910896,0.5494376108109496,2.3093342217618305,3.655342022972821,6.648527816753553,5.480679404555348,6.5412248384759355,-1.5595999435334238,5.644993213386202,8.528338397592075,5.21477068205412,-1.6627455068494854,0.9305630398412845,8.11461864853525,3.9940875055894414,-1.0016088048602982,5.136436793787208,5.202005840719144,1.5998885638332656,-1.3947472999398882,8.159530553699284,0.663114532541495,3.6606137964529393,-1.1990944380966562,-2.463444197694067,8.22532319516116,6.166621258014338,3.077855364272854,0.9005966376504462,1.5039954303595569,-1.9801954923441434,7.558398554696351,7.952856031152546,-2.4725065935016772,4.630010522982269,-2.8323410101423927,-0.4688537021737295,3.7957522683524756,2.4118995511286614,0.9510925114248066,-1.8623133622171169,0.28647272973711135,7.159317824224634,5.273571925218719,8.216391932892638,2.5718757831410626,8.065223316937109,4.6702688515150586,0.0,1.0,4785.373624331343,0.715721033853391
72,7.142539455343355,-1.612594723922654,7.509499105519521,0.4798619337206523,1.91608619597789,3.8243108652761237,6.701318505684557,5.191421109980225,6.407998630890139,-1.6921450528897597,5.629918787156674,8.980528786957118,5.057112178458302,-1.5349808069237187,1.2784775182596562,7.818386716977891,3.4670937144706886,-0.7101817580205332,4.918078734587049,4.307041549556391,1.8851001882912948,-1.279454482472625,8.205954161166728,0.8156833349449053,4.419574316194202,-1.4129121563592002,-1.903347075766884,8.38339048818995,6.816596007050673,3.7786843892214907,1.1301656849919808,1.6810277383918784,-1.0062385021055031,7.648489944102781,8.033254150933997,-2.0711633186847065,4.704993465653804,-2.619660646769126,-0.4802790760632948,3.166074487779226,2.9866656118954173,1.2029532768862141,-2.071388076436726,0.18630804213343302,7.141481673539126,5.239228767545105,7.96019628284675,3.3162758690485115,8.035520763488643,4.877664268329791,0.0,1.0,5191.26310661652,0.4117871767305161
73,7.434021958334932,-1.7221171829975952,7.344284741693672,0.4646596315955138,1.6340349357414767,4.052405676792961,6.721922322408705,5.3349344999874875,6.198082852377256,-1.9580728173859796,5.663987884945289,9.163547135270457,5.025018682086808,-1.8711371615594063,1.434203018727468,8.433113304365541,4.189948804939877,-0.5184216033377833,4.702741066809303,5.313696557365863,1.8287336781170958,-1.2258435876818234,8.885211206572977,0.7281122301811334,4.68269040167894,-1.3026090052074928,-2.2068859675306416,8.0486207474285,6.9349076254035085,3.5238885566311082,1.2706912361106895,1.8872584498900684,-2.182913540799819,7.270063000210891,7.5845186959732604,-3.531212057206937,4.552536632273878,-2.6603837049441825,0.11553131548721796,3.945480646402852,3.102892204452648,0.49836175570447927,-2.5793620253078435,0.5366885812237381,6.862776532015513,4.629352627089497,8.183065594420501,3.5342148073033224,8.169158882238168,4.864160368375176,0.0,1.0,5912.452284748829,0.4828508082881651
74,7.018259516316299,-1.7187826907717787,7.988327662202214,0.780314212960796,2.2707409504150498,4.48389919606913,6.329404395384798,5.060853074339599,6.289449320310709,-1.6689308751765726,5.731260197698463,8.752228127316718,5.843517239655533,-1.1972159077044444,1.4356463229559646,7.771019344345492,4.057058466452036,-0.21260652090614063,4.817719068982095,5.230799861776874,1.6980712129445843,-1.1183829973874957,8.642875723050158,0.7769211911652557,4.630992145203064,-1.3656554191414894,-2.3497676984251146,7.9331306248609925,6.259866998601495,3.2688281217994533,0.7751546026674606,1.624428674343413,-1.4931410957095015,7.683001164641153,7.596363259095734,-2.509066752321018,5.4730145218274355,-2.860978299533926,0.13717225086557455,3.755288903283055,2.6427421810870237,1.5388409588263845,-2.4852864613414916,0.6414356446870911,7.007126990185847,4.821962489519638,7.906862932102424,3.355616434120921,7.738876190749272,4.328028808590545,0.0,1.0,6198.992311779215,0.05205424990624588
75,6.9663311460346735,-2.3115352452104343,7.323820401312662,0.3975005412101915,2.769556960254651,4.145464591614771,6.591500274809377,4.955665851522094,6.364568295378232,-2.3732332094553454,5.94511299144757,8.39243536013191,5.7138970192331895,-1.5677654837178254,1.1902115567816185,7.643676762640847,4.18268924489813,-0.43581386162674773,4.501812530728161,5.27041811570238,2.0111044762322243,-1.2595442443915654,8.605281422883852,0.318913073644278,4.014501635201912,-1.4771470142771688,-1.996268173909898,8.486421359527194,6.345126123864215,3.9696091437209824,1.1508090228353058,1.4393362204226856,-1.5613564546354364,8.019518609420398,7.3005239271716045,-2.6222996127688343,4.653209392500309,-3.088746585170886,-0.09910088005810702,3.0817145131831163,2.973343444263075,0.8941916233266117,-2.014362972064631,-0.008260752068577182,6.7944307839703955,5.460519678059155,8.228863544804845,3.4781491412683905,8.12018929450848,4.755242101661813,0.0,1.0,5396.698470983321,0.4320597837142451
76,7.083860715656015,-1.5979827901906303,7.865388873342158,-0.04344635389994894,2.023807274534339,3.7926506140447853,6.330776231332198,5.123242904206173,6.0633487463151585,-1.6695283803982384,6.130474270051029,8.809843133185138,5.2985748545612426,-1.5580205682679373,1.488770316324926,7.67075982519081,4.1030079685812115,-0.23618696857555344,4.738783547746707,5.083117931199381,1.5235838873218037,-0.7707324038734573,8.235946206748705,0.7252044350531914,4.307943126532002,-1.3245704464387107,-2.6452936304754493,8.199264284561627,6.778482478521767,3.9347882339519433,0.5749036557461813,1.8346881379328686,-1.5736916001261239,7.595783420408508,8.197025870129089,-2.5692122313186676,5.313646936046295,-2.7055435969331834,-0.15097047495418664,3.32477890378649,3.5780105449701853,1.107481229926115,-2.0456425020560696,0.2501904015790821,7.716530348042177,4.7474591419433665,8.409002602836917,3.9375218476215457,8.40831527700006,5.06928441243671,0.0,1.0,6852.511206678516,0.10334942693635014
77,7.36368158983355,-2.062285427720104,7.565373163506288,0.8124683026999892,2.028426522520972,3.845010063969219,6.642377251781547,5.04297614410835,6.3502286337506915,-1.6617743253953814,5.527584872333318,8.480318073107817,5.605606039706741,-1.013320726872488,1.775160333505385,7.744160148532872,4.037680672846603,-0.6177230298779649,4.936493274655375,4.509644899070458,1.9890678900314327,-1.2391492081249145,8.192921759348941,1.2255119980038685,4.051556254534368,-1.0075611368851158,-2.0979069527857592,8.70639256012626,6.387249045407141,3.7009017291028106,0.7940579327549727,1.6755147379204527,-1.1017245625339118,7.154733032602583,7.236329552183108,-2.3784950733612793,4.448739435756186,-2.8953522830405816,-0.21532397078103602,3.5532347576994376,3.2176143673487188,0.7890225521931233,-2.188319752392664,-0.15051593043927192,6.716047897916929,5.105345915572955,8.472411933173984,3.2402680655359397,8.135365859789568,4.798687246180322,0.0,1.0,4828.999565520568,0.4916502770802656
78,7.390836955923945,-1.7775040717954416,7.305453661619002,0.46653103887207403,2.221683230897383,3.726417264287925,6.243808322595491,5.434705460389387,6.1820198124548,-2.0832583858302733,5.947146100068753,8.38601262370152,5.278440282930577,-1.4635047105154315,1.148788842005919,8.29738671098302,4.309962625186202,-0.3018619115018471,4.783806714084697,5.116155262961192,1.8861264623051437,-1.0324416090814212,8.334187397028803,0.9394505538716909,3.9931916183894733,-1.4248681732453703,-2.1826122197289184,8.610948833862562,6.592184255402111,3.906761966357183,1.060529356513615,1.8235368380921566,-1.7353214659886531,7.721628734350439,8.053999803225883,-2.5141638027111726,4.1077485361978106,-2.911425523805113,0.0666125708537891,3.307209504695245,2.6590366475147698,0.6372079251542455,-2.9232981698707237,0.722523229782493,6.7061708255855565,5.297874734049272,8.691269103804126,3.1880346760945084,8.156844570249863,4.505659645103407,0.0,1.0,5835.821095844352,0.2909202776358703
79,6.942761975699687,-1.9988577313715536,7.191759757450264,0.4476849145021562,2.127475316799395,4.043904080879527,6.641922885328269,5.426395821953526,6.5811911896757795,-2.316562514390912,6.663554458477248,8.329104555363433,5.140195791058954,-2.102907364470663,1.4069309245870538,7.922791988513646,3.809355236175705,-0.8493177016236523,4.388060931781408,5.146707906611682,1.5704355211488639,-1.3730595339351512,8.40738246525029,0.34256146946313565,4.3393610510670255,-1.1570798615240525,-2.0449651721427347,8.439116352912336,5.971119378354892,3.497006314179751,0.8004897726360427,1.7551088121808065,-1.794372648921267,7.6788580719418915,7.825925466711547,-2.5547739447691664,5.052663076362238,-2.305596298906126,-0.0975222501100335,3.3782368139000365,3.035055720842788,1.167398101683312,-2.1830875643634062,-0.04931108340036039,7.307286505817661,4.95572215421249,7.830301721951556,3.3595267584987805,8.336187599094776,4.244238254512793,0.0,1.0,4984.8194013230495,0.6142064274645966
80,7.700064032349978,-2.0185411911730182,7.754195280096795,0.389884415422082,2.0184174209863492,3.7851115784919034,7.289688943410316,5.016595471071787,6.179394682300573,-1.3625521836270673,5.328174544171771,8.6897424246473,5.767868874192806,-0.5630850350315036,0.8384432313254853,7.82880192283252,3.75640008067765,-0.08407678684827691,5.148936029121386,4.8379322567133825,1.8181772037545851,-1.4081182589239916,8.12415517807583,0.7128699799544757,4.363008305475455,-1.448469208460757,-1.917115998520132,8.086542356297247,6.4814588767555374,4.044211130465612,1.000824504197763,2.008561868566219,-1.7146104686948764,8.089973094352398,7.723977403950349,-2.6422793340491624,5.2193849869279525,-2.9188886087297545,-0.5382570929235397,3.667783774627717,3.1619353536514994,1.4841599355164472,-2.038234888374485,0.38151474974263205,6.827464164775005,5.8776110551784,7.890188910166778,3.038667534883252,8.26654917399494,5.126841752464916,0.0,1.0,7028.138032307434,0.03882730913564201
81,7.291000068624588,-1.7162833014603236,7.683608425602806,0.7779751486956936,2.532343544494394,4.327763609671881,6.657840032857191,5.029020461408794,6.689911157276187,-1.7006201289044953,5.674257168295134,8.47263479218418,5.739777377072818,-1.4934937413665437,0.7193205845121777,7.817301527379568,3.8443483659853332,-0.2461422089026251,4.8021685844837565,5.166871944227594,1.882838428004591,-0.8695417303040851,8.312424964868667,0.7691730393483536,3.997165594244647,-1.680392724604755,-2.1150957510536053,8.08832942156295,6.623736437096262,3.2170900823056376,0.7081379258804472,1.4746144965879884,-1.7403461259384003,7.905612861915881,7.770716354032402,-2.8576874520271227,5.035960506417996,-2.837875793302588,-0.8382402460707369,3.7616178674638125,3.3185775694261768,1.2195138200563624,-2.510094022528232,-0.0410113198424758,7.299786954378209,4.975171122574383,8.458571467091568,3.2128446594386944,8.205994810463567,4.511847987169816,0.0,1.0,6610.761469420172,0.08785449449427524
82,7.607440434501715,-2.0587719568507605,7.587928632391031,0.4315896554446861,1.9481620176056318,3.8292092568815703,6.576033835794147,5.286606888667008,6.105013365656025,-1.923251624182616,5.738474144546958,8.816572514854105,5.423891655824957,-1.4505724959931772,0.9095413521942667,7.693962954009939,3.9358742138246927,-0.24971550912371687,4.81371870235164,4.874796582179472,1.7227660856533888,-1.588246034132434,8.435643562327128,0.7889173231055182,4.154408023415642,-1.133039914717001,-2.558836301390662,7.987636007959846,6.62600534100542,3.4438375469658884,1.1902638530836402,1.5090178776600784,-1.40252766149559,7.716290496542518,7.918202903269562,-2.7704971882705576,4.574863088788137,-3.006350763562957,-0.05637396975452896,3.2802105617753323,2.773182152394142,1.3397475003575725,-2.3117105030767227,0.196905930027064,7.315551831437891,5.211479224360076,8.308616497724184,4.032208538493438,8.323921546321932,4.219134120027518,0.0,1.0,5415.581044746951,0.5472185720989021
83,6.8969967649852855,-2.301957099228495,8.104232247582384,0.2823893206877751,2.26690389039135,3.901567715656223,6.295705816723613,5.010341249961925,6.508816776835915,-2.277095680585717,6.1379883420293915,9.073929417852382,5.301313268125017,-1.3744164131321381,0.5745190760334264,7.830136790907986,4.3001137460507035,0.0652202740312573,5.037000496298501,5.425252150164858,2.179061047658702,-1.4240539851565768,8.439294721158944,0.4808437654953475,4.42737828990006,-1.5476379302193253,-2.39421894198077,8.38880883386195,6.267081141999336,3.604129001776579,1.293058270188387,1.6523970947368012,-1.9319947667375972,7.5810228788214475,8.232151072837553,-2.6138114852935783,5.1131555398990525,-2.5077398795698707,0.08913837699964222,3.448544541178889,3.1632443158436088,1.1257197590855341,-2.4943781208097033,0.30457711049126523,7.122948645606466,5.936653275589289,8.685232323544549,3.5106426456850413,7.910989153584873,4.782720881829339,0.0,1.0,6590.353165141189,0.41172295766692524
84,7.829218160572717,-1.6952686357905822,7.136692919660881,0.1173082283650631,1.6616117295943618,4.237753661338646,6.791768719490027,5.329098698722536,6.188538030520089,-2.593234253806911,5.54549456939535,8.487994445113312,5.723305579783313,-1.6375670413409016,0.7469759547850687,8.052215279125466,3.898568863299875,-0.5972691817927613,4.936501090865735,4.996014021431752,1.8579099449225849,-1.2655752062750873,8.568397587731127,0.39311967838441875,4.340883372917434,-1.120874029229245,-2.3294955136190514,8.210249130231697,6.547215671118148,3.6831321129882837,0.6311556825656337,1.899549573893286,-1.6718380554622834,7.793440417837505,7.889645474245676,-2.7679568467038917,4.743707050727857,-3.00034757660576,-0.39744879152487966,3.802352480835716,3.053685314549056,0.7099705151153572,-1.5762519522524951,0.7351704335507957,7.273930803844892,4.756745176235601,7.7874273898602615,3.3887724017362655,8.016083987981514,4.370971009600431,0.0,1.0,5488.958663195947,0.45731309729179936
85,7.281235017306502,-1.6471256184670848,7.62735302956953,0.21437921991145575,2.0965213483271885,3.6704760657894075,7.110681796906303,4.94182955989678,6.328830131127832,-1.9849020536347832,6.010779729409175,9.166571991569711,5.593104586097869,-1.5245936731041594,1.1279725567122458,8.261694418153098,3.58971590472839,-0.4441012602926509,4.764071071341246,5.547573685111571,1.676498247354996,-1.1434033637570538,8.353752693251279,0.8870881907037487,4.389612662007567,-1.5521122242174703,-1.9330871595123067,8.33494465222035,6.3382649236097155,3.358311847984839,0.7596628686261512,1.4635206124514009,-1.4908322653090214,7.513769265300001,7.950299177518283,-2.579719619119903,4.854742587151482,-2.9068055202628704,-0.1316413522024303,3.7088062882454644,3.04229189185407,0.37236451025120143,-2.2806663818977504,0.9365883896976201,6.953634248942105,5.132064127774134,7.7695239660636695,3.2277993373814176,7.245945125535043,4.5056672012234165,0.0,1.0,5040.710553254399,0.6749655951925244
86,7.252849523120717,-1.8088647216590787,7.848993092614037,0.11089520027173827,1.9920161579568232,3.6901744141625805,6.359739842666992,5.073915587010567,5.951095359014098,-2.044800201699609,6.20462614323037,9.114451988577276,5.516783999171266,-1.77474096937951,1.0759747723577748,7.71980791983144,3.9859145642031093,-0.6568897394522191,4.2328700339732634,5.064149480745117,2.283598991908208,-1.2823895941797248,8.796830552129128,0.5689508924464002,4.649422282546354,-1.0017610559922874,-1.7234901830100078,8.019722344805421,6.246045406079821,3.1395555507656865,0.9375986182497875,1.723854851474303,-1.56783272490661,7.378913321344623,8.056667735996108,-2.6571916175456907,4.826800139498851,-2.6611041618645364,-0.12566240084113894,3.705829769457285,2.70621310033891,0.9535331736374384,-1.622139726563252,0.8429531855424144,7.237167017037679,5.355755717205764,8.319832271172052,3.293501919183332,7.451797178093718,4.661463164539593,0.0,1.0,5349.18174841409,0.39019011131973946
87,7.37360877218529,-1.885952642686135,7.658536480370164,0.3369673859798074,2.1926226814776975,3.38458774402644,7.070719622410933,4.600180518031965,6.492387077447659,-2.112719043989167,5.50745462478487,8.775412026455156,5.390134947981852,-1.440479920708339,0.8671350800225506,7.98063016188928,3.808907817775249,-0.24726310366702192,4.635866722090501,4.61777251295596,2.0203935202689065,-1.101582132714498,7.970605138235585,0.8545767916326912,4.704017059547658,-1.225991706843774,-2.387222819621538,8.401718471663836,6.340898316517684,3.419214761247962,1.1709535476461164,1.090807248398269,-1.3100126493969577,7.652474217319881,7.318086191000354,-2.580630537041541,4.813076021826481,-3.1960030556206904,0.20600251154238253,3.241827252844517,2.802822030951247,0.9537972939351426,-2.162589325580929,0.39141397271127587,6.650041320877898,5.2419734058903025,8.650878019801851,3.0499374635184067,7.957358214685429,4.8712986928518776,0.0,1.0,4784.385736847722,0.648115537700916
88,7.243539359210765,-1.9566143544181074,7.228415191935136,0.6432876035943016,1.5366774286799125,4.174229739354695,5.894862152952505,5.085403819857841,6.464023069137193,-1.6142114099960057,5.7205389634503945,8.686525293360955,5.508153730916667,-1.7560423170160062,0.6925950915178596,8.51235283428583,3.922675355051518,-0.6583163833163128,4.564564418497264,4.504957031264328,1.7793979638432342,-0.8182843852281766,8.379030878311491,0.5068823921648615,4.098667421861843,-1.456102064836071,-2.385251341466291,8.526038904921034,7.105065239199963,3.69083008838109,1.1447925972684012,1.880794503478433,-1.532993874785543,7.699097068180356,8.153296275322253,-2.611346402559991,5.0317895520411176,-2.3541798980027933,-0.3564668051163278,3.1898248063902925,3.4447753623277513,0.6611056988804616,-2.2334925338360674,0.5012938632946251,7.070559124568526,5.29723198890767,8.152869754943572,3.0266988711374423,8.783892297047961,4.355299002780041,0.0,1.0,5758.9639690332715,0.40819490343595205
89,7.397181121803399,-1.0711634510061754,7.839280342228201,0.6757481003261752,2.12392776791544,3.070223810978521,6.576057152481743,4.922153435269454,6.363699712140388,-2.0647654774141344,6.076422816687968,9.101554474505425,5.351019916126407,-1.6598573837584576,0.9208624323823964,8.324353701239726,4.2472902526423715,-0.3812084355272899,5.0033437912175405,4.740672960411087,2.0811334779655923,-1.0495897056015757,8.1423011182897,0.534338288208156,4.665119032180413,-0.9276519310540056,-1.8654308607275525,8.320821298482798,6.6533628945050545,3.8906780442474154,1.286596997733859,1.446498106709022,-1.8071436618054209,7.759814356847606,8.076178517039086,-2.466017649234854,4.623131045436463,-3.114677647877269,-0.027407970479304905,3.486996535009714,2.865473106088502,1.0389771205097276,-1.8304200581302756,-0.005368660607715292,7.191839142486332,5.355299029194935,8.219811989773907,3.5355806920278012,8.262297688782064,5.074273790959095,0.0,1.0,5577.649238571146,0.741376554592201
90,8.23173082584154,-1.8378226736455028,7.925241428559363,0.3762528463135805,2.1760596222551687,4.0444200227646565,6.608084053071605,4.9585857397760496,6.638814667822284,-1.6141041365316553,5.756211455859345,8.871441368378795,5.252055612884504,-1.7832982621996636,1.47824603704475,8.363779264666997,3.3734609027452604,-0.5432322202667458,4.850155211460772,5.019342396823276,1.8488313608112261,-1.0508546965466337,8.718613144745586,0.7530883923735021,3.835112836897144,-1.357076815120528,-2.058474732183345,7.889577515646669,6.3869892941843505,3.7914286205943677,0.7970637499885332,1.7614957706838468,-0.9901660888327388,7.676878710651608,7.342071485345485,-2.724877133115872,4.396276132881633,-2.3413374029440495,-0.30010953554549413,3.2160943291717534,2.8082764003928053,1.0710117252056386,-2.043454312586937,0.3947036456875285,7.3127440395176295,5.385139237029623,8.125528466249863,2.7715818763422,8.441040045542893,4.773004197332723,0.0,1.0,5544.710344000421,0.5335422172317008
91,7.295232171790226,-1.4603441644735122,7.529486130164974,0.14577917218867847,1.8984544749989256,4.053720656107816,6.861600232874586,5.300260208265154,6.238874662112998,-1.8177646325640748,6.297129922142142,8.819041686853906,5.704170331892064,-1.4930677361180758,0.7269390932134412,8.329713796274195,3.6028059989164034,-0.7458380929776571,5.006992877599835,5.0084481740078095,1.4095265533516907,-0.8957975782545506,8.20638254041494,0.6221329297163811,4.559746612197946,-1.2865960061015176,-2.2953979114616403,8.447982219552014,6.7144511811956695,3.132160956389426,0.9739556326350581,1.55408493345408,-1.135811885914004,7.788852363669136,7.644652321631321,-2.797182073737503,4.801562534854275,-2.659672017854496,-0.5004689561307869,3.45189461826805,3.5376768146019657,1.3176839270760543,-1.9900825871212824,0.26529880264178207,7.0137807056468455,5.0894607888766945,8.648906818638515,3.0227418489239493,8.211987496301303,5.188100296713805,0.0,1.0,6816.611162622591,0.11898147154724557
92,7.113771511000073,-2.398161071520751,7.607181458238534,0.25818490984138665,1.781339684035176,3.9324799542014968,6.534394181226781,5.246626724717549,7.116941179633651,-2.395712246967768,5.98351126827813,8.764759507450362,5.243917846009914,-1.024499272440881,0.813391812625573,7.945877162564848,3.9923583047511384,-0.771592460034351,4.401252794317656,4.872168564583135,1.9932940413494717,-1.0000802922967258,8.256599654950218,0.35212503294142217,4.247942620909112,-1.049863471748683,-2.3242408019265284,8.846199913600453,6.462998289511464,3.541192933015568,0.5470649903417426,1.7273013171642606,-0.9593680472464898,7.265855081429287,7.599999421955811,-3.0377130946328257,4.466957236583229,-2.9949979083457503,-0.6223322898749692,3.670269541173683,3.188717462978748,1.5219181822886616,-1.9549386910200472,0.3435330834565816,6.979264270130064,5.794056890983324,8.102837306962488,3.2736304665933473,8.046615688470169,4.571432489496249,0.0,1.0,5813.790811418234,0.29164254026060465
93,7.03239371677075,-1.7347921849860795,7.664298966167909,-0.10579866612571798,2.101355831999134,4.605543924973299,6.718722916868563,5.159035846837255,6.723650452060074,-2.0754410196003157,5.981965633873199,8.764073119971881,5.246719861349968,-1.3369787281270413,0.741588720409168,8.271133213692519,4.337224854783651,0.04169893864126328,4.918196693031888,5.155696119957933,1.571137171414399,-1.0919025861562552,8.259870495236925,0.31092788786675446,3.939860153828111,-0.8732674591839107,-2.2927568993989507,7.961465535550346,6.0995703206208,3.240538482255913,1.28990266215758,1.4722875711599213,-0.9430678503982677,7.026387525386697,7.837732316736033,-3.057903030187262,4.597235254799048,-2.6691382075308834,-0.8504365878645072,2.8358814585314023,2.9769870025682037,1.303708747086695,-1.858644518302237,-0.10654002900236104,6.882152302391577,5.363870075858705,8.099550419675015,3.972163322470446,8.078206410337279,4.793995282053888,0.0,1.0,4833.472969871775,0.6926199327552794
94,7.644019433502444,-2.044561243959063,7.377558195607814,0.5742102564075628,2.2278461502789173,3.977943172151035,6.80073394363527,5.144578592267773,6.756583633253047,-1.3689410530370294,5.855415581911051,8.861528831758593,5.741240874306403,-1.7856256761849574,1.371252067083883,7.989767431138965,3.477974867511417,0.11222078224016296,4.485246442878244,5.523667609699965,1.5849419380503802,-1.3295650452448387,8.245382508778686,0.9677282590420687,4.780925812646833,-1.3626208859942457,-2.0324451021628507,7.919983265995547,5.9430466846371885,2.959864563715096,0.5977828651618944,1.3289693321470368,-1.3767521380742047,7.345244472531056,8.1227259917721,-2.9389591031879747,4.705465066507525,-2.385504706250529,0.09346165212706581,3.641886001337542,2.9317403883221917,1.155490033402468,-1.9572027064075221,0.8077202913104451,7.065313958214298,5.137599138576441,7.765565518758816,2.955317281056556,8.128410310151631,4.627865738562676,0.0,1.0,5491.715527193433,0.2802281686844125
95,7.33202528878691,-1.8091035625997116,7.909617636537694,-0.3528078912080086,1.8763310356421907,3.9997762155056567,6.629451890891319,5.418128797554268,6.523350149628398,-2.185988361720858,5.177808680127697,8.848463436971407,4.995654685361297,-1.4893434777802121,1.2425595122939268,8.256344377742604,4.343138601845563,-1.1395568587224623,5.347484651657576,5.160232596236324,1.6755310636019929,-1.3050329465880883,8.318488929068794,0.59713904479432,4.317709579575805,-1.1779954515126432,-1.8053449524881704,8.656175170261942,5.713024953314613,3.671276019975893,0.9466596863472779,1.0752613776129851,-1.6551847582868602,6.825331109054769,7.808153716874161,-2.4609521091982156,5.0575270262985486,-2.760100137990774,0.2471363798277244,3.5833598093546106,3.066656957819299,0.4918339146175579,-2.2270566229507094,0.3542201697397576,7.1821654982814485,5.886547253262902,8.081354160583919,3.4225426340100187,8.413250652820954,5.23845410808131,0.0,1.0,6431.386603827415,0.1512206075649239
96,7.154139432112626,-1.8003182730579468,7.71967394423302,0.46874183892828303,1.7856649646546547,3.9339564267071023,6.968412493120641,5.1846974271242035,6.572720727665328,-2.0592874294087276,5.575976775915041,8.82196119044336,5.413195897618368,-1.3977213368791703,0.9266829974833852,7.873303636571364,4.22520271016226,-0.26353025128639873,4.679458473425815,5.024847761379412,1.7723994727731098,-0.9929493221939591,8.464470949457171,0.7111129482744802,4.079978259595402,-1.0963495064920088,-2.408153509497985,7.9683148644705275,6.713518277362428,3.660812242008367,0.6714110875093071,1.5169066772720188,-1.715246125429431,7.454377353122664,7.720511620864114,-2.8676000469267704,4.724664991731839,-2.992106224835251,0.0179944510774106,3.432470156173303,2.814667291218707,0.9727354294374216,-1.718784710275644,0.5409515252588464,6.650881870173954,5.126760396274092,8.57362768270878,3.360312163522307,7.926976439943253,5.187519035710937,0.0,1.0,5569.478561845,0.37809704733261845
97,7.53517007806767,-1.7209876717292767,7.614695696768751,-0.05686583987292437,2.1898141378245684,4.3702223384502386,6.63969834943841,4.819142930667996,6.913985671493403,-1.606957454999614,5.6438412600211985,9.10553637077086,5.224647478529939,-1.6463409252329089,0.9163327357738299,8.204156191416372,4.313531709587199,-0.1864586784823533,4.900630294527623,4.905136131483671,1.7166832711331919,-0.7311541587402999,8.237977689431153,0.8246133274036366,4.211021617515375,-1.332697411969778,-2.3095005291813218,8.016671790902311,6.592648069150068,3.2193040716360874,0.7049508393461952,1.528467971723217,-1.263316090892236,7.392230380717811,8.069332533847536,-2.878270421780515,5.176325934903517,-3.0464041077904165,-0.1232998342976947,3.7429009381606435,3.4909930033309804,0.7867342321109247,-2.034927655320334,0.7020192001788954,7.147995060693319,5.108600043266275,8.409478515645768,3.4142564377582025,7.936134095632603,4.317753805486124,0.0,1.0,6075.001424252788,0.31422493985770394
98,7.089748085643169,-1.81131388662049,7.2144072834347055,0.938650551466429,2.077205380164514,3.7472088047649694,6.738399138482102,4.7391319386765405,6.591800026327817,-1.6866873966118845,5.3364992658669665,9.152716654064205,5.4291651075055665,-1.843257496356773,0.9926494361248985,7.807984955632925,4.146722383636167,-0.5589971047158939,4.244050146684032,4.9604109781943215,1.7307776786054283,-1.2427629599639403,8.858885510396204,1.171897214535418,4.197619382814393,-1.4630876861600923,-1.5901690601334229,7.933390126199287,6.159221666586258,3.700158166803988,1.5045583291714744,1.9261366666471342,-1.3400065372459475,7.102268803648016,8.088352381066658,-2.8745533371319967,5.03962867606233,-2.812197226585326,-0.05271039005385969,3.1261848380459805,3.25023818165348,0.8850687160078449,-2.2824208939507775,0.08520229787347716,6.923158316232268,5.672809758878326,8.02495455419888,2.672053411075511,8.109270084204061,4.330089298110629,0.0,1.0,4964.3356651978165,0.49514394131527495
99,7.674665832958539,-1.7758608850833248,8.068197699339315,0.3182168991259292,2.145183447747273,3.3699436330885097,6.838843739305212,5.125103580138632,6.776125758595762,-1.5466407592154408,5.62677133486287,8.86229261724502,5.468467103133443,-1.2905534989582554,0.9123406982200105,8.019175368067758,4.106267776211396,-0.28720568808698527,4.688415853777362,5.3726508006570315,1.8894612886329585,-1.2135993228696242,8.501399940710316,0.749477073578081,3.9162750300308597,-1.0360366071062568,-2.278514807726393,8.338299401628564,6.1449929482001595,3.1632666772778095,1.1658255584752202,1.3633296389870753,-1.0598558684267185,7.209994070832074,7.820260544512451,-2.3394164269690956,4.674983013033116,-2.6174244722954625,-0.5041012952296884,3.305688255390227,3.3821541382640494,1.1143920593772738,-2.24730956271708,0.3900075334661398,6.952182731822492,5.591105633169622,8.38702884403921,3.5885752427524538,8.509549537214832,4.944383284018711,0.0,1.0,6046.115774590429,0.3494130335516106
100,7.357070193154687,-2.155890055650305,7.720782572361988,0.21374509308842973,2.331497033665982,3.9116157847100217,6.61602221915414,4.75380780060156,6.479387626901383,-1.5260165363901776,5.797336651984993,8.795229900093899,4.758278622795469,-1.4134828810476705,1.7431496178257384,8.422999804312063,3.903680580982875,-0.4448763819371376,4.835092882239711,5.097260391841148,1.5065796046518596,-1.0414662308324298,7.960372493199277,1.013340503269999,3.8125134194425745,-0.8123364917559637,-2.4929274435837376,8.460020555578021,6.644225506991441,3.9505834552218024,1.255615680827873,1.5714781752656484,-1.598909756777002,7.298420848337736,7.987002002832419,-2.6026915701461375,4.911952162559137,-2.7727341958762555,-0.5513916842122262,3.112220260244364,3.266197805238908,1.01707058508381,-1.9170847073655735,0.508859602062474,7.193961155645922,5.446876039431637,8.783259822551766,3.6675656913366015,8.493871946556524,4.101541759466271,0.0,1.0,6244.18636104599,0.20873772583559644
101,6.8993901053093785,-1.6693661883843096,7.846348190341356,0.05424412143366392,1.5748956973830137,4.064842293460184,6.6223408715606915,5.15868872555932,6.667025345848468,-1.8729316156922549,5.6728512578339165,8.791611645508825,5.477021131916395,-1.4438596615196337,1.635389047639571,7.831984787181719,4.151762900229723,-0.5893449620118476,4.92455772559691,5.484935115390344,2.3598149114018554,-1.3095342275522404,8.719394855743738,0.13684802375729221,4.374352352742611,-1.5437544939353118,-2.0563820698081803,8.347642038607624,6.156036192119136,4.027048974621141,0.9613395280199957,1.8440803413429327,-1.794733477680252,7.416058753410666,7.739225883412064,-3.401503652925957,4.480719980511806,-3.255696555374816,-0.09097622629214011,3.604760601696075,2.8662660117850196,1.0672958119839582,-1.7195992610348958,0.5603383410269178,7.050345263400101,5.368416514137198,8.583081009437525,3.3577308429098687,8.663234860049245,4.9127754478907555,0.0,1.0,6419.161500919261,0.3299777693302055
102,7.031600181355798,-2.2035526363706097,7.895576342392446,0.24980954181057996,2.0937937634450843,3.9804806907427124,6.351007633582536,5.473155463324218,6.384863223585174,-2.1942751866211436,5.621689702947116,8.243771979334698,5.067477372436664,-1.8117387456736718,1.1448151588435418,7.942268153551595,4.079843140997059,-0.1655905492049224,4.903327726203217,5.006024493990238,2.1333193758049163,-1.310142985177729,8.012187948369622,0.5172183872016346,4.1944352071575235,-1.452066798609776,-2.3329762631159694,8.299876001378808,6.878635399394292,3.1177173209876914,0.8428030792731567,1.2569623096779914,-1.165226544399823,7.01300337487527,8.115294805553125,-2.8911662928116195,4.117927770801991,-2.529633000014903,-0.24170052770537878,3.869770385207845,3.569671399090143,1.0746434412645123,-2.023020885621952,0.7614483279378912,7.126911133041577,5.135105676444558,8.390101122119207,3.0225633937994507,8.186618750517097,4.057223141226327,0.0,1.0,5241.367137896142,0.3352272276418403
103,6.9892578419671105,-2.116949393175811,7.770425858048535,0.6880992258515155,2.48381163832609,3.645123730769059,6.954956358997534,4.838462591742828,6.397485439386493,-2.078842475700802,5.337970369601115,8.73189173258994,5.2582766103195535,-1.7614296415191788,1.417162092841918,8.244336827108606,3.8906304137601784,-0.3210441113285296,5.137809322934379,5.314519474243966,1.3186923402106916,-0.9238525690428362,7.970692567143983,0.3557875535164085,4.295559479649675,-1.7733722306112623,-2.232684176012466,8.24366785390284,6.259409299775308,3.46998861301769,1.3187768371495425,1.4072873516618147,-2.4320820059409725,7.189122684581382,7.714980454806052,-2.397657157541636,4.457576400388616,-2.726254205650892,-0.19783957499664478,3.750902188186097,2.8766948795583653,1.1238265885349035,-2.148491296197206,0.5471963482316426,6.6929141378312185,4.972777753414707,8.620486895734262,2.6884548973760154,7.998894193074267,4.518859600617678,0.0,1.0,4656.938245852288,0.7219374847009128
104,7.863929568510087,-2.0187364890767636,7.602131076959689,0.02064909951545124,2.609662306358924,3.8597200455802234,7.460399744857865,5.591637713267361,6.177056651052963,-2.0772432069611555,6.125566933650233,8.43535746153269,5.126395399104705,-1.619366374787419,1.6740938241754266,8.329766881906737,4.122057209547338,-0.4586623648030066,4.990009823060067,4.900080020733733,1.649169674512393,-0.8426691174633674,8.392477358793833,1.1230424116627422,4.050469538907359,-1.292170379314102,-2.3680743991907947,8.672117509123803,6.457097648224821,2.757059890664553,0.6127546468337632,2.150132613946276,-1.6326942423617548,7.650794478460431,7.165471786795333,-2.7735855838253265,5.290779318622272,-2.7588252864914997,-0.10600776638738604,2.975142198231943,3.2401008925085946,0.43979554641466356,-2.1999244012251693,0.5802123915228173,7.375237607516539,5.002661211540385,8.042187877796739,3.4907033043145486,8.163527275906917,4.751421505052683,0.0,1.0,5424.852758698374,0.7836930096323883
105,7.226289934951676,-1.741201211585974,8.090715676990337,0.18279658326501458,1.9287988522482107,4.218259743974852,6.6825989268838235,5.449867895798476,6.736792308479926,-1.8928364529189903,6.244744128337518,8.562802196637547,5.497127107557467,-1.518328242573337,1.203858731076012,8.189988226424548,4.044921154211527,-0.11329242027249325,5.034787337469168,5.3293879991335755,1.6861503285125607,-1.2420949068444571,8.53742731807861,0.6566491906444891,4.530897528204134,-0.78041988422044,-2.1471892846753677,7.870468828324,6.723040879850111,3.8861569092273376,0.3532274155996348,1.494438892966793,-1.3518109475978528,7.4139553549929715,8.006524522657466,-2.4587295168881633,4.804609011701331,-2.9065590850012906,-0.4510379092821929,2.9758425200976353,3.226599021887089,0.9235541781571621,-2.1399600479320036,0.17337692432873353,7.39772202774098,5.335626978007025,8.525892591763366,3.694198620737912,8.316566654175844,4.74246041073455,0.0,1.0,6347.327354951566,0.4988550715255311
106,6.701366866071441,-1.9841917543107876,7.2592315855877985,0.5560994751783399,1.999910232794233,3.8297445877334786,7.401430500642687,5.252472912770612,6.166825782302341,-2.292559184139124,6.100277505161667,8.621558849537161,5.406141080863448,-1.3532188799723748,0.8886984280018269,8.327487959659903,4.153473031991146,-0.7484552010572406,5.124968583543302,5.206498235159273,1.8700991570220356,-1.2060955012230963,8.514645011768712,1.0210920511864108,4.331675503041318,-1.596397835724329,-2.623666562272942,8.302335562910464,6.614296369052411,3.8651908677487525,0.7642450317047577,1.5260884244342963,-1.8119775276419343,7.830840118022353,7.657111334208254,-2.716521079920801,4.947593327254603,-2.6500078506360265,-0.3756515736169608,2.9310250807248854,3.2419264470111275,0.7096245263697227,-2.1439640992689157,0.5726444743722706,7.246253267716975,5.621608542657597,8.210648726099032,3.141600503024713,8.066861142641347,4.8365511885511925,0.0,1.0,7036.115682385489,0.06654729805668894
107,6.840141668984162,-2.524276978650165,7.765613984244003,0.470255629252593,2.258373283722005,3.8285577155877903,6.68124041723432,5.140882673676046,6.5952925893799605,-1.9575427336507314,6.05549278357244,8.562133258516374,5.67170546088915,-1.835887618177906,0.7985331108449887,7.689836955156031,3.495419090419035,-0.2847433794618316,5.205071397707311,5.387104376716956,1.6558985258808596,-1.0038786395772268,8.842813637668593,1.0273462938389621,4.641273921835089,-1.5017887850132274,-2.105911218522162,8.694334889322112,6.244037139112072,3.4815476262359724,0.795458604745128,1.6943025592811893,-1.1509615679203355,7.716648218099025,7.4108870035673355,-3.242127302075243,5.166029491000955,-3.092336992438889,0.33117197097911444,4.103336144909633,3.044833101043566,1.7482748772457275,-1.5554205110993622,0.35455255480901343,6.832030682831685,5.253811924751368,8.21650507779904,3.0757296131337646,8.27051840136018,4.312447614335184,0.0,1.0,5670.975737826107,0.586398974076796
108,7.3723949747121065,-2.553372382746168,7.847836033589693,0.8360435801477555,2.127184157525465,3.881271065730211,6.730456143637734,4.8396086047305875,6.030112839654387,-1.4213183986130882,6.029498454204231,8.802065273021757,5.650840580784264,-1.4237860278416892,0.6610782494236578,7.885560598055361,3.9090485209225365,-0.8145839335765498,4.706183024305574,5.107077741569909,1.8080847533965063,-1.0755964658988106,8.458569284078457,1.3979957017184819,4.245490304280148,-1.2284369143815252,-1.8397157800511041,8.021752858804849,6.5785099055279375,3.9869297445887586,1.026653434746221,1.2177091551084307,-1.090738373398436,7.555692098855953,7.857292287322251,-3.0222984659988983,5.133271843197397,-2.349288129102187,-0.2617902253038177,3.629622245900542,2.7476536434284666,0.8958091553388076,-1.8467220264190358,0.7504494547623165,7.246452469123489,5.464468949604207,8.140877583766294,3.203804520621823,7.745357443075987,5.003736107003513,0.0,1.0,5415.658569040213,0.5429483219831872
109,7.730745240070015,-2.247809237262225,8.14161285670853,0.3944432686887609,1.877639231942449,3.8543978653480266,6.414128816881382,4.605535832630516,6.4610289235070555,-1.8176211558524462,6.238626374401568,8.294539569882328,5.2725829940278075,-1.1436662059240192,1.4693769740146911,7.972172137870487,3.8583867207384372,-0.5579113948212842,5.06529770692311,4.84019854516088,1.3956855876856826,-1.0620311437878749,8.094078240949639,0.7776047297956996,4.710243159401438,-0.999014282119648,-2.4532851853269295,8.283122648556686,6.396174470565309,3.853678604351769,1.1334603970107218,1.4650626663168302,-1.6749803993555956,7.277906300708108,7.568008130474885,-2.403643589639307,5.1644775497217115,-2.6513208327779294,-0.5023866713854762,3.5902908921269088,3.2633963163362396,1.1923639811752038,-2.313018254697464,0.4795005674195557,6.822892588633501,5.485508418381881,8.329914710180558,3.2106930515875436,8.132980306852609,4.462950729839197,0.0,1.0,5122.131522114924,0.6608182936201756
110,7.138151277843142,-1.8342460147053063,7.82259627647648,0.6589987785143377,1.9583391714002554,3.5590306686135387,6.893962790966824,4.695044310000221,5.976965138084294,-2.0278696260177163,5.344425716479467,8.264548793386902,5.375421492672791,-1.8298384118513051,1.280297724913603,8.365494837595627,3.8388686269498273,-0.569148268973261,5.11775529756771,4.39627175196027,2.0505494006215343,-1.7213081038396738,8.435119278923452,1.127095195443422,3.8485455559108304,-1.3796412506759748,-2.48556434014031,8.584734193473246,6.860830970002715,3.491694652465466,0.9970081372045392,2.0144525266471955,-1.612692486383234,7.626087700898076,7.7894257298871015,-2.7511355514222355,4.69504697117583,-3.1513901529741863,-0.19640028782981825,3.031822488634065,2.833189148074969,1.1131137459345404,-2.4800227097194028,0.16362606351791786,7.200082743528404,5.370825365008847,7.968716803958364,3.4353874928138004,8.27209364174838,4.92690517988869,0.0,1.0,5761.8726752993425,0.2779610693688445
111,7.536621978306464,-1.446504263695397,7.658035109178323,0.022164384390478742,2.1963078329125487,3.6811251653442256,7.033852338218463,5.241323397518671,6.0230704517857,-1.901818975517875,5.941232602951719,8.842349344639855,5.279044840054318,-1.6203396438117257,1.2800207931665368,7.994945022418334,3.9887957299804335,-0.3237552836820867,4.84105556478289,4.832965704794286,1.522203413258177,-1.2619101995624569,8.28011085889995,0.68414298411573,4.433141611161364,-0.7810418569614639,-2.032816514806266,8.939631383609257,6.578176851853852,3.3262644074169136,0.7066891461924132,1.79997643670097,-1.5558244138545516,7.187241566722792,8.180628124200014,-2.295165650183511,4.446758372309653,-2.843439670795149,-0.5653287338518493,3.564881690303687,3.2982173914404016,0.9520218541626216,-1.7106102814767892,0.7941986445564173,7.4399614460754435,5.298267946849648,8.137020954819565,2.806777111334105,7.695464259906688,5.336192200155168,0.0,1.0,6754.844796705884,0.0471040753264985
112,7.330392185071431,-1.994188012426169,7.6215278406300095,0.6067362375364599,2.705523136294869,3.9056779227909595,6.941646459016548,5.508983235260982,6.502429114236873,-1.8268816033153514,5.598473880232577,8.523303471149863,5.594358857386978,-1.580766083559932,1.1879617455499631,8.146358262432521,4.123507834676521,-0.232497390368115,4.595647296272783,5.169899418010372,1.4496638231140315,-1.4231407935514304,8.531070387588093,1.3460902557202763,4.168445643547214,-1.284551280759483,-2.3340075468707684,8.554756312605969,6.360776242806848,3.570256964595721,0.7645558127566698,1.4737946613713067,-1.4435138736220612,7.588022397468856,8.317795575493909,-2.711062499756995,4.234482066698553,-2.98103891597808,-0.05957001865163129,2.9401483364783743,2.62048225329426,0.703265846486532,-2.6221666064681193,0.20883225209177655,6.7742333458037285,4.812213792197219,8.22267721662207,3.2555616694129514,8.055564635510235,5.0903342845969535,0.0,1.0,5659.260068034822,0.4894574531642337
113,7.653312739697677,-2.4409205810947863,8.207003569436008,0.5209827665153173,2.547361250462775,4.263307070733872,6.529239097535882,4.770470285264395,6.150947771182002,-2.1820396125767587,5.473699604044541,8.452315014644897,6.034923485463685,-1.5386955392268526,0.6945459106252618,7.916700318134028,4.681432733636672,-0.9230098837639492,4.832871241956514,4.722809270592601,1.7027748925893849,-1.022500202005761,8.687505582344942,0.9599435820765492,4.477028772505296,-1.5165833174735588,-1.8332540834842352,8.594170332759882,6.8384936995126315,3.8740459170575643,1.2403467875687826,1.8479381226407368,-1.5183068345887878,7.733269800490352,8.219335575113371,-2.5446576650867905,4.868151224352029,-2.077210248718503,-0.4528148652727899,3.3872616278161445,3.3379329911485685,1.7180136499860574,-1.7487630137811652,0.25462987929733893,6.8793479544651355,5.681085221281229,8.111897635738478,3.4270802632528077,7.951648326906126,4.4969869311585215,0.0,1.0,7142.676744656844,0.09921169465061759
114,6.804011098760396,-1.9558227950713412,7.736929096511896,0.18017467690303146,1.4965348325164007,3.5468327369354173,6.7115302843482345,4.716528283749007,6.595419157558332,-1.8530039629951494,5.451809617403536,8.460452574624835,5.554136495781767,-1.1933793164405426,0.7098720895676166,8.35259568536603,3.89664100154272,-0.5837156509107028,5.223193257687738,5.482850719913843,1.2650629340208157,-1.5027776578522973,7.759144124186379,0.9013375041836275,4.541961806743889,-0.9954988099738119,-2.1728845785083655,8.427392921778063,6.875904539327976,4.313456537861482,0.5608101150698859,1.515180892666263,-1.8381852950165816,7.574125661501392,8.109906278429783,-2.8937240117905665,4.735276575491942,-2.655834772330826,-0.45403732820393483,3.571507179019927,2.9086985300523285,0.9361610986926598,-2.165099202128898,-0.13399955289929388,6.766657907140237,5.25761612943397,8.381432474154181,3.1063702481397577,8.287871330809796,5.03190065198032,0.0,1.0,5362.1558564744,0.6076236233306651
115,7.161713477972761,-2.263100534089434,7.545737948080833,0.9240284137478201,2.2965526006795742,3.7768735025884026,6.343106920505995,5.109722010027928,6.205104924128876,-2.3209248159316016,5.987266361546897,9.13970627683834,5.447624378568782,-1.257669360113817,1.5499608476145246,7.485207319764715,4.109330273714823,-0.2757712820844649,5.414727523605062,5.378547507804942,2.07584118006509,-1.2682725296805022,8.591520327589963,0.6839157221231633,3.836556066948119,-1.59793374149115,-1.7991590423311794,8.51311792665898,6.341826431904192,3.393511956736541,0.9068753021303066,1.046614460318337,-1.4142047631533172,7.326171357304998,7.807010377997484,-2.7960284552716907,4.712096364330199,-2.6894914065039455,-0.08086740200807327,3.8422018595400504,2.2283085182098117,0.959631731182147,-2.4845967339445534,0.6010602771663057,7.094129912783735,5.023062134425104,7.967492586875997,3.498013151616383,8.287961109764103,4.905969779514218,0.0,1.0,5223.0696841362305,0.6355386540613138
116,7.1590743690088186,-1.4349030106135383,8.220936288309007,0.13876517522806564,2.21868114646121,3.7206381690708734,6.794600008436238,4.907841101457817,6.698097754285513,-1.8297955492182472,5.891221507990611,9.013330095103923,5.316547784633775,-1.811562103755537,1.2478198326067507,7.943668096094407,4.696185664564397,-0.3157921229009457,4.866495869459164,5.015260456022488,1.8138018522813049,-1.3601306953163652,7.957055085900784,0.7377233546705642,3.908122923491068,-1.3841197487608796,-2.045074472613258,8.000639068155664,5.485375242622631,4.146148086973052,0.6563005517804308,1.4683807699836722,-1.5573449834908377,7.418198655123788,7.922008867511691,-3.1109418346492173,4.562856347450929,-2.718140311827835,-0.1278188487049451,3.213531182793677,2.8638530704577874,1.1762730189802282,-2.13956115666538,0.7673148322734114,6.545459097620781,5.195322410520981,8.47548733544001,3.3723386466117233,7.740488640261106,4.87620506869998,0.0,1.0,5405.078573636403,0.3269014293999184
117,7.111260295121806,-2.013503967008052,7.7173876459521695,0.7501810036039631,2.20292846276697,3.6649151986429183,7.13378078030176,4.911916692969867,6.201201032511341,-1.8262504964510304,5.662285878514211,8.135710807749467,5.453089693204486,-1.7939412834556305,0.6398277355344653,8.370883907635978,3.4251553118056592,-0.08702733480503405,5.187258563048759,5.315869641109499,1.707095558885492,-1.1253828795238763,8.295633688506578,0.9298063225283154,4.520847297246013,-1.7198133857493634,-1.8086820951982214,8.57017470413661,6.333584852764336,3.652971084838357,1.1377261555032538,1.1440168024569344,-1.4639585033792424,8.05408106197273,8.156073317083544,-3.0669242069643667,4.896074620489404,-2.5649233475782207,-0.11200231390621186,3.5144453886783396,2.7246874871460522,0.657625018003624,-2.3549144157614976,0.4683345092537555,7.306360761004419,5.692133119954338,8.522903762190552,2.451037153103584,8.629452246793528,4.842525983031257,0.0,1.0,5608.299052116455,0.7550380047064364
118,7.158452371782902,-2.309411058844234,7.541849884105013,0.7952410855517258,2.7490504500523247,4.095030452129791,6.114634841704213,5.327485680717324,6.692302806676359,-2.031447507804525,5.302586257118852,8.695508166267308,5.219129412069581,-1.8898821622397277,1.2601996786455643,8.079976668043338,4.424903032145647,-0.6847708012129425,4.766516229420227,4.939211863526425,1.6355143137758863,-0.9894006393403638,8.271183157076505,0.5440119841405722,4.300182269869784,-1.4471899462148237,-2.2621968029897905,8.586987434078607,6.713375654901858,3.7110961852908355,0.8106503161792745,1.2855920734499522,-1.1102172786504012,7.423561218919532,7.860444330621627,-2.8484579177434153,5.303905874925036,-3.0963033901307493,-0.7978862211429596,3.3045313999527477,3.0582640355021637,1.3561361210832155,-2.7860189653534673,0.7480990653308224,6.8666369386229436,5.192453359311969,8.387959643127356,2.411516889108171,8.17878381854406,4.649807635854431,0.0,1.0,6304.438902124298,0.1390238350042207
119,7.758443761077128,-2.321231428880332,7.564812946986173,0.4555813740750765,1.9657737396649733,3.3731604148362764,6.590542693618434,5.044295820113501,6.532027859602872,-1.854085847289575,5.874118082393447,8.483367192690332,5.9093429566602245,-1.8251694987195646,0.8583484838580311,8.20071382579699,4.069061216281853,-0.5131349026046153,4.827548637169592,5.186152735954538,2.0544914410137345,-1.0185893723366466,7.596760752465861,1.0047158146003135,4.942594473820419,-0.8211228722582924,-2.0312887521881753,8.224321979472897,6.658005222394695,3.6128500537945194,0.6474664631893436,1.7094427460079524,-1.426357617075235,7.760858826861521,8.229547406656309,-2.353217437538668,4.884932487344812,-2.6584865178440493,-0.43112283442554755,3.7681323284397332,2.9837528789792374,1.1590610584863252,-2.202912367780122,0.0057784858979074705,6.99095329087743,5.588585507717271,8.218980322363366,3.752519763099409,8.42142522727194,4.837394362219801,0.0,1.0,5551.87603050677,0.7540686797815842
120,7.3103517336271615,-1.8680537251442808,7.8808186831767015,0.8134730568937658,2.4789862983277002,4.01365506512909,6.636941205384683,5.319510507098415,6.418619696166002,-2.0663771550850507,5.405571400109352,9.099904653645318,5.922022194896873,-1.6056817829581773,0.633896362285989,8.158429227726232,3.9149259075485285,-0.7158518822608559,4.769305602521573,5.029995157074662,2.0357006698787363,-0.9814322894675094,8.256611642476118,1.0483946307561538,4.111510709101246,-1.529446941963377,-2.1439070881599114,8.41836352472524,7.010025190429304,3.4501994079317573,1.3035034327620698,1.5805637164360948,-1.619039302538959,7.899092206166877,7.623373893016952,-2.570443137228696,4.872420060646817,-1.9829854748408284,-0.09574034558917192,3.0847658346782305,3.1576968593117187,0.4828632554854909,-1.747681532025174,0.21393652733429389,7.018976919172072,5.549714505618376,7.885269701532241,3.1551042114779064,8.483575209559907,5.025659773803479,0.0,1.0,6160.98055158099,0.37239173985402857
121,6.916381449187017,-1.4348469493357678,7.441260599786199,0.29029798181557004,2.328003516179878,3.36445618303951,6.317085550006546,5.244948150272067,6.344391075223232,-1.8466346981651895,5.712072092180645,8.864875417179142,5.745365591379958,-1.5980425845174053,0.8276928079739607,7.783904596596214,4.335363422720724,-0.31146741412504264,5.129548962001663,5.429181261008072,1.9384266359582103,-1.471270197841856,8.553152389754342,1.2038270880142912,4.100478774670003,-0.6408674122100692,-1.890655423565676,8.335140025355198,6.083808853283825,3.627649192325605,0.9240497871656915,1.744181573485153,-1.178210010014055,7.457666460949719,7.534577731721452,-1.993763894220631,5.010682659449705,-3.1229645057559825,-0.8653438049163709,3.512952764740254,3.212629426085398,1.4049490756223455,-2.356191504997686,0.1885287466232667,6.809101582980756,5.627257089906768,8.011684042081477,3.047696508688694,7.673509599525773,4.875129278037629,0.0,1.0,4859.316069530362,0.610394913020293
122,7.327153892060917,-2.0892775607764142,7.712648011599103,0.48587291064912225,1.9324132979342925,3.868224057391397,7.04796056897162,5.423790333381751,6.612822821771108,-1.6833005910454097,5.6555410645431134,8.722251812797671,5.837287469184021,-1.6733605380829495,1.1844616139189588,7.917092810585598,4.221225229833773,-0.5184103611884918,4.369282624961627,5.013213966637216,1.3304422150511837,-1.1368503695318752,8.909321671936116,1.3690801055394815,4.294149815047942,-0.9626277040377468,-2.21412454775215,8.293349284156715,6.85418902681315,3.9661534181803795,0.8210338953972436,1.271786942832896,-1.2978394950297985,7.533860057510564,7.24848862080335,-2.873769546808155,5.225536891290595,-2.7220958285441976,-0.23842792024884374,3.3945131974865563,2.9943539534925874,1.5072848336675215,-2.013882864846477,0.18952829169695995,7.259023492108474,5.4118503172101065,8.400586234946298,3.161003362398055,7.732121885096727,4.398552671478121,0.0,1.0,5657.958658311422,0.6022561563843304
123,7.318905921489067,-2.159672834241764,7.543116969075845,0.30161350202414305,1.7475117863442469,4.129904283483157,6.6494080237339865,5.606745987275781,6.692900428597916,-2.3685646836300824,5.646675390880135,8.793681371183336,5.35324563429977,-1.0768848512706186,1.2120165192868244,8.081563514985849,4.123613365086766,-0.3590176531148337,4.5500924921373285,5.291721913810091,1.7225151723541603,-0.947279727096846,8.819467568448806,0.6387798540486546,4.2345519093185375,-1.7069196628756371,-2.0133151619951977,8.250726357177687,6.236774436830212,3.7802634153515107,1.1660560019414752,1.3764942598171337,-1.1484709035766687,7.551543563063281,8.030729092692356,-1.9774887910498595,3.9920543650415854,-2.6872648572051103,-0.0054995840005013785,3.666478412434535,3.2024375262673925,0.8403547890360974,-2.309620425995104,0.6129453350649825,7.097560198791144,5.088646383445986,8.612976584519567,2.949486553698314,8.057645668662298,4.994157010080581,0.0,1.0,5238.204242662848,0.7849679353050086
124,7.28516825521639,-2.1141406544625014,7.741237095470368,0.3799461368417367,2.038738755140563,3.230488314934095,6.6763168082378,5.346518532346304,6.202729081174222,-1.5637131970127776,5.958663371779781,8.786577727038607,5.415072517818996,-1.6529939613761686,1.6068607969705597,8.46681103539469,4.0112848880974745,-0.8612638878084411,4.726741345699791,5.147872609473409,2.0312803882854524,-0.9471468392405362,8.542296089533593,0.22813257742919657,4.353659581489174,-0.9670479160285763,-2.3140828676664484,8.352800939911814,6.271837603845833,3.7954918644666304,0.7928627179127543,2.126264994645649,-1.9255079869723102,7.235859260294925,7.707748714827012,-2.4525029665735567,5.084845043857866,-2.8477954470324236,-0.5834877600018883,3.1648474804448137,3.35474240408672,1.701929570316533,-2.438815873762038,0.07330540348783926,6.768900511258683,5.561594841478952,8.398522256076031,3.5337209469919055,7.976052399171146,4.641546715739432,0.0,1.0,5250.259150113686,0.7786223953031446
125,7.211148251533073,-2.232670023665814,7.270479672865076,0.4815916880974,1.75096025839441,3.5498831023372324,6.365941221227134,5.359038935930496,5.620759306404221,-1.4761287986598954,5.8903453196721305,8.63833578847446,5.327634624723963,-1.2782112984451812,0.9860959009635963,7.211430835656758,4.353673758020732,-0.466308821084868,4.8172240475036165,5.350478541627131,2.049115440227962,-1.2044519388836668,8.150130267780012,0.5807905048466173,4.630198879372466,-1.090617195954139,-2.2278641985264485,8.055467328750176,6.062497142465371,3.473582620533916,1.0821880155337267,1.5394176416645102,-1.9267726218424512,7.737426157257355,7.8299176778599495,-3.208819833028013,5.068887638256782,-2.5954824170259903,-0.39582411024014513,3.3039491132039918,2.646678707697432,0.7274105121444212,-2.431793264926665,0.6324466503728544,6.970135413460859,5.236569813924635,8.278722199311213,2.5817315793357154,7.8994781182314044,5.142231428085349,0.0,1.0,5796.954415062704,0.0320728997129347
126,7.245491624089392,-1.6685226113092213,7.569753585963564,0.12705432222427399,1.8295492457089841,3.6334481721467387,6.69127291840545,5.106507155440348,6.309465111085489,-1.7982792087268828,6.246519285698855,8.942052473820914,5.553036685256782,-1.80183927283666,1.043654080919296,7.9561136157450765,4.207156035117354,-0.2580533538441494,4.934674138190312,5.228529740444082,1.6495681566787899,-0.9203061567104595,8.314173907083884,0.24814787450143372,4.285636537913245,-1.2241963800940905,-2.1802931805014696,8.635383983274632,6.825327400855739,2.972861587878379,1.0925590614317944,1.5275242246113419,-2.168850050347415,7.349237971332245,7.516306700761507,-2.932543156865163,5.119825892131429,-3.143852534339328,-0.08050485103768312,3.3690218958153175,3.466809807788018,0.8818837429087764,-1.8924100259142353,0.3484814039007298,7.230961510154232,5.242004775437339,8.573836771898506,2.9818109165512423,7.738281206924512,4.554659689778572,0.0,1.0,7282.60008408738,0.012777022025248552
127,7.135973128498577,-1.6828945182398918,8.332069446468797,0.20694100006108448,2.5867735558412566,4.119855359095931,5.897771772434834,5.423950252019646,5.664167960402311,-2.0559270041667284,5.878499521776281,9.045966758508182,5.414304299297187,-1.6510914944991155,1.099915103976104,7.821179388263461,4.268898199714876,-0.10278279646344884,4.2185261408028225,4.9299632905304644,1.4700289818238836,-0.9115229603892487,7.904624703862091,0.6416313272739169,4.5230423724386695,-1.1023770566634445,-1.957207355492474,8.13585600998546,6.439631234981221,3.5197115283185565,1.3250196305900097,1.773837968023602,-1.6487191814226587,7.416070799843001,7.9496455385619385,-2.0071394753817855,5.098807519411983,-3.4817929169953796,-0.056645572339488054,3.7933141371434997,3.117138694998573,1.3890637338832823,-2.2322937789354973,0.7639829542915346,7.278940870838495,5.2543272004528205,8.222928092925569,3.3102632755463164,8.631290469222986,4.9530130399115295,0.0,1.0,5661.953506321264,0.43463225201882727
128,7.07890302076286,-2.0596487883974195,7.4345551524137585,0.35645926566490826,1.9866804908886249,4.276306964154987,6.422243062385014,4.996834109508097,6.243320000110512,-2.305999115744045,6.381949434052907,8.273405991575713,5.131433184979417,-1.4117985522321739,0.6088910461690707,7.881823750445107,4.337466520419881,-0.4354842199221975,4.516561548335898,5.383253002643294,1.93447283789759,-0.9353998630015222,8.059489281396994,0.8040824674951345,4.445782507234077,-1.6606531419332184,-1.5592036134783287,8.289412813874025,6.553933921492335,3.587122566587359,0.9986470552805036,1.8197911061947596,-2.090162337121303,7.351382436617949,7.765571188213454,-2.635188260481591,4.4428746718561385,-2.1542190032736235,0.12853391868934833,3.571952381562011,3.2096085731817023,1.284154467667272,-2.3427549191120947,0.19560218997691184,7.547514528286501,5.5452645590514535,8.49078741173403,3.055479804965228,7.659799155351561,4.764220566855182,0.0,1.0,6386.848285899741,0.027102094318727322
129,7.459271227939612,-1.5309782682522364,8.154637283230583,0.15255121011803546,1.8780530512826876,3.754554693780054,6.588299918867976,5.084211287231834,6.352447616634029,-1.846595758721235,5.597379191142018,8.309492730630408,5.404036444983865,-0.8243023601809174,0.9165673197676644,8.09668036490411,4.363711026207916,0.03290776360289216,4.567985637328617,4.884990051664284,2.433173505914237,-0.7905911230358587,8.51016859808694,0.4764690312880925,4.1808695381407714,-0.9848737188487533,-2.4278731255127095,8.22318212292791,6.236932533065721,3.0688416012658934,0.7404939636376378,1.9292991645835407,-1.263688285145372,7.648059926388051,7.576595259991799,-2.4833811051986445,5.16202414855721,-2.6924261295519227,-0.32814195329105345,3.6446028086988354,3.1634319916286486,1.232295519100443,-2.0925972033560116,0.2983882971474011,6.9755070682788265,5.415432901295328,8.254484563293017,3.0053217703894726,7.7034815514502855,4.668328434551944,0.0,1.0,5066.0758843480635,0.525987708668218
130,7.789181830377964,-1.7816737512473366,7.874703175711445,0.0707421690145063,1.9819486558642503,3.5320306452795496,7.171238434272844,4.97397280365088,6.545656981210712,-1.8231658531006845,6.025111100746199,8.447194247372606,5.104095717967509,-1.5812220342863166,1.2628540879579733,7.753675510046309,4.279451932622648,-0.6104136188534969,5.240323498592957,4.836194297975664,2.1617780170736043,-1.1531269482687663,8.837457285857928,1.2962986940896555,4.393165291192467,-1.1310404427307497,-2.212081800287775,8.603843649910857,6.2561894929850395,4.18290375737595,0.9753124895950444,1.3714582476381754,-1.4687531492651091,7.3264257042464305,8.17617770106508,-2.705669313735348,4.340805967359266,-2.9812723707084925,0.0821776325156301,2.7745658962682853,3.12112621432976,0.8973669188137932,-2.3148927387730653,0.048924232407698665,6.42430897189588,5.309515445784592,8.502109195794432,3.0359180371558363,8.14698933815077,4.406601508167668,0.0,1.0,5848.314524127501,0.42792208133156207
131,7.221796225095783,-2.5598095234494966,7.5848353616086435,-0.07218739391124829,2.2116617243691987,3.8699379970861165,6.727397578686178,5.138634575728106,6.160387315451639,-1.833238728926386,5.672068563617272,8.793113548975986,5.713408096481459,-1.2712883942021056,0.8089349407791606,8.452694553422296,3.7874758536679725,-0.42724717395616413,4.4071898430900465,4.7667910151748805,1.823370819964656,-1.484373903427941,8.103827813528824,0.4849788419490533,3.9565973848594904,-1.3471525461021916,-2.214446605998684,8.607078293421973,6.660432447000442,3.5257449518171224,0.5191502837161027,1.599233221071408,-0.8152296668496868,7.325210323496513,7.614504976502466,-1.9154801800091303,4.908759146948137,-2.5417315600701724,0.18113379391251178,3.1789963570011563,2.4047800644832447,1.3761589082282728,-2.188635778285772,0.8444986710580342,6.7542860312248685,5.2284430502623165,8.242459257775595,3.198868304964864,7.853033070132911,4.831026857688332,0.0,1.0,4910.707887806166,0.5332467168802081
132,7.67652281816691,-1.9360448334603653,7.728405604676586,0.5445635335012426,2.3748226812726876,4.007682679522041,6.640390600404189,5.168155991000309,6.382907874347868,-1.4340782951920255,5.644283271887797,8.291137791262797,4.910870259447234,-1.815049298022601,0.8279219348552089,8.103947210417052,4.175134493806604,-0.06859877642306039,4.985193562475242,5.040049016682574,1.9751750793373017,-1.198663633357187,8.523950258425634,0.7615605212931296,4.38720617784327,-1.554438380533552,-1.9382869443234447,8.360672217633189,6.2056180761942565,3.6351371367546585,0.9454562191838066,1.2385434834359517,-1.4363566611086795,6.855875055279191,7.659581187727184,-2.0049147302600123,4.938993235228174,-3.048245733514877,-0.016531457086067597,3.106884848695909,3.2391067325410616,1.328965465565742,-1.9686953071536866,0.7806049361671146,6.992898044612959,5.730113662131789,8.210619253595333,3.190968587741127,7.770191201876436,5.3096427982548065,0.0,1.0,5427.5902046025185,0.35307256349813604
133,7.572033046067805,-1.5767456790493424,7.207140827405367,0.18524291176085161,1.9710006291645112,3.658646746745569,6.850173609969799,5.549562388801125,6.251755950307583,-1.9398590812937526,5.90067719052611,8.721927576208737,5.418771587476521,-1.1173893773794847,1.070715472157177,8.220101790165131,4.264765660019974,-0.8240380297653326,4.893060614730505,4.759023053776009,1.6180396420605168,-0.9917551103763713,8.158740720275151,0.4211869675297542,3.8267780495621,-1.3066763061331315,-2.6181523691393447,8.218379551514353,7.11665271812583,3.563072204139672,1.0410551795263612,1.701068407102335,-2.0257040652015768,7.179779071736286,7.843805484178184,-2.4028499495170204,4.923574652832026,-2.7286324148496592,-0.4434564151767162,4.046214309801526,3.463356418825816,1.154205874826798,-2.4093503615274003,0.06693681042200161,6.760666141842181,5.018305190555675,8.41812458497543,3.4917588876169225,7.864188958540554,4.399760142288894,0.0,1.0,5911.487710227567,0.21797716697898892
134,7.429103342632878,-1.7315236420225109,7.46431034608994,0.28245074710542584,2.199137890915969,3.9647953392328295,6.9039881008082125,5.304750360348042,6.6935928889905645,-2.107569051697521,5.899939183589695,8.791938227354338,5.196436665381728,-1.4899609236023856,1.089373249693401,8.1893543667201,3.5732502809642095,-0.712790431920017,5.265362924943973,4.977906404447895,1.7169981824458613,-0.7828945534962228,8.54644160371311,1.01348883852827,4.506781881664257,-1.147326400165728,-2.207150643652086,8.513144606744588,6.820816910037026,4.294949743342718,0.6019223787410868,1.5545221087170857,-1.5942940015928142,7.730570220905194,8.01920144668105,-2.613910771795426,4.4920219964361845,-2.4982353579038437,-0.1643191685148786,3.1492072395038946,2.7877035194759063,0.8700896657343389,-1.6592105832397765,0.24493420041789937,7.0591643372637405,5.588121161629316,8.341463578336251,3.2019642093464586,7.765842553103134,4.6388758623248245,0.0,1.0,5493.394821105528,0.7597351519582752
135,7.076515082130401,-1.927534723763296,7.396552848025772,0.23529426319865646,2.0565582396209776,4.060752068798002,7.024798804030468,5.560809461960274,6.7367251075586445,-1.2452927948932289,5.378398338012183,8.730279001034232,4.917051158988,-1.7976979094377565,0.7337252843242805,8.018843301508525,3.772544286297445,-0.8633527572630457,4.983768710789872,5.221908289801981,1.8142150051538914,-1.07776161044542,8.39461335065341,1.082727192548058,4.070238635471304,-0.8991891569682082,-2.272092096250005,8.642853142635529,6.096826111579045,3.7526373702094205,0.7590238207290254,1.6952345753927538,-2.245371535580053,7.941494594345355,7.198261573097426,-2.2554538017479295,5.376743614480727,-2.952618971638069,-0.3727206161523751,3.913945238460051,3.371869612673094,1.222421535670294,-2.4502302090555603,0.09190848736386614,7.059749853773124,5.276421619115605,8.28694182045276,2.8416270718516774,8.146617683482942,4.214975285963502,0.0,1.0,5371.599275636153,0.5826155521545976
136,7.601461911138454,-2.2850931160726287,7.687404370454213,0.052173297777593275,2.3232199237946167,3.6667661130339915,6.61255099029703,4.893269059735699,6.569010374503173,-2.5164436238574206,6.060225992862477,8.690038895985921,5.168435575088646,-1.4135893045775358,0.885201311695228,8.203982113052932,3.882254616274289,-0.67946937514736,4.5652512834250585,5.147396628731275,1.8443676402358011,-1.3716533443752112,8.187611916352026,0.540573919772932,4.323983863727052,-0.8194731827219833,-2.451471823883873,8.217888583172185,6.944157820892725,3.996781776821974,0.7298026224325701,2.332560051688172,-1.816181146417546,7.194330970734662,7.969823783123966,-2.8647338340563993,4.733169517822159,-2.6398275499928636,-0.17580386280505492,3.1768800881881707,3.0453608995200323,1.392262739927827,-2.1105230247645204,0.5590655420312942,7.104793396443649,5.660828371137159,8.174210386050957,3.3912070695080927,7.985954460822827,5.081320116406451,0.0,1.0,7753.778037897459,0.005059149812386199
137,7.467400503528297,-2.1294585121362473,7.675034950449039,0.49088362234989824,1.6427958967756984,4.204661584332683,6.6884352173612625,5.654481550208791,6.083754208759825,-1.9823325513222119,5.92054861632698,8.795611175051627,5.488283971153508,-1.9109483765898503,1.3203152706203707,8.136508314308408,4.07251934859984,-0.00893616700091121,4.578451815492773,4.8510377022264874,2.388848455554642,-1.350780146224098,8.56610994151168,0.46262304067194665,4.276676896296932,-1.7281317008364234,-2.101791352228758,8.164398576838087,6.1649725437088705,3.8369701889037886,1.1913414234308481,1.741629463568093,-1.2371790819328385,7.241740450265577,7.574639119571945,-2.777529168846353,4.567134365499647,-2.718977614548088,0.015205180182489092,3.3216388083009587,3.2668009235458655,1.3545567031130923,-1.4621049343096173,0.041576174338671334,7.459251049831192,5.562059959888456,8.388184612773815,2.878103628790986,8.109310239369053,4.415494881492244,0.0,1.0,6517.476825939284,0.0794622119153396
138,7.043464495231014,-1.5738548874841325,7.733871342312256,0.5858148558140139,2.1339688825360636,3.7534315617407232,6.825721486910795,4.990212819696132,6.321412591510879,-2.219425447216153,5.876524410903458,9.34668983029638,5.435216327796159,-1.5318053860073677,1.6265095345586151,7.672213851740775,4.0427639561345465,0.0575807715026424,4.630928315283403,4.730658648387792,1.8088116561070875,-0.8641809426534722,8.132515536627945,0.38078991875224516,4.195419717464472,-0.8542145101226235,-2.3662629314523116,8.390908264027757,6.913420032071714,3.6456288347120664,0.7461264416847002,1.5037206223852335,-1.5731022007134279,7.4003301035737,7.82602138771554,-2.6253662553509685,4.888535073762048,-3.233724452214133,-0.1478297646858801,3.8843951371458054,3.0873384461069913,0.5194826858816918,-1.971923141097254,0.4688911848933485,7.239256488143626,5.3328466610714065,8.7294246539646,3.248342804704934,7.83586047744945,4.376554752157308,0.0,1.0,5601.796241634831,0.5053537960999837
139,7.056192429929158,-1.95875957196069,6.7538851614306745,0.9869208751712766,1.877306559462573,3.6749820245762055,6.639724030946588,5.0030368341127645,6.385818415450791,-2.008774315672928,5.75735330932962,8.43017958426463,5.382124199533049,-1.8363041239904276,0.44651345888763094,8.099074932246776,3.6796092951718196,-0.26684988516290253,4.785715570261283,5.020603421255093,1.6369460423863493,-0.8169707179593841,8.81404710159426,0.6245508255836644,4.19927595299482,-1.3927209964689693,-1.8640911239917926,8.253504325527796,6.69100594032805,3.0993102628458855,0.726959206776276,1.545657755056365,-1.5884568993392487,7.602980643082513,8.11318959768757,-2.687819904919924,5.295695178272472,-2.5975181753875534,-0.38781496918695085,3.9997331079758407,2.765127641725719,1.179712561418416,-1.644415929073566,0.869738172374266,6.605148911358743,5.342937564718532,8.337966862319975,2.5050425179764355,8.61794218216021,4.361527069592362,0.0,1.0,5530.313335530938,0.23042946159816655
140,7.394408136570049,-1.8877824264124416,7.000877147615824,0.18075872754772,2.158181870694888,3.5080059807656796,6.971665383409097,4.898038960380147,6.849107523267022,-2.108095816951102,6.0529524525577045,8.834163578775897,5.425728010204649,-0.7624251876931138,1.3912210686139084,7.982123879509688,4.415371452229067,-0.6344938242931039,4.309877839526126,4.933887840491538,1.3483526656334162,-1.3958464987960724,8.458680027250322,0.6749977103326612,3.9769848172732103,-1.2326311903996483,-2.3985684262239335,8.136552494357437,6.637655791375723,3.3075791792235867,0.5563197145387242,1.1335527548065503,-1.76002348938828,7.144374326791378,8.169879367461215,-2.2514838396789942,5.2732656753710865,-2.775407086970042,-0.5347223654415174,3.7231460230654134,2.7488699414213302,1.1905805542132892,-2.016771843453529,0.4988284531333501,6.579564144677125,5.444048065660129,8.486570770300457,2.8988823043177243,8.566132187865453,4.360421312158483,0.0,1.0,5653.128471188,0.32609734183332617
141,7.112906094308545,-2.4754204685947334,7.80899194640586,0.5104756579824492,2.0848295417939138,3.9220749319164554,6.517341000609544,5.1331235833446165,6.4658204350254795,-2.413707620414746,6.235012835743233,8.757537392761002,5.190573436486619,-1.2860344563471067,1.1523042479425332,8.427656633461366,4.038029224735174,-0.3572604014372805,4.903069401839736,5.255863179035356,1.9162414363293632,-1.0697482099345785,8.560050055967206,1.0540377911067935,4.595890718521561,-1.4673859002608087,-1.6879884201014417,8.545082223945926,6.552301534806765,3.3787126899125473,0.956779844087367,1.1656243325237328,-1.0697953243563028,7.992634205015568,7.921776948152377,-2.220917443904619,4.358543950463971,-2.698542146796856,0.32304745763285136,3.4430940417175266,2.943105022633142,0.7476528480020621,-2.3120711304362613,0.18600626827725383,7.311689495577719,5.502977813119736,8.244014642514209,3.2091973870006925,8.143947309777275,4.680517833251709,0.0,1.0,5857.0196461063615,0.6252248991181678
142,6.9926107010070515,-1.3659446483983295,7.583813425640046,0.24722449146740752,1.8200679635929828,4.032427418687299,6.608432739340265,4.44460356912807,6.414353362663061,-2.1029805010060008,6.165651617034563,8.31751112133599,5.837282183602632,-1.6460797892930712,1.2162008832806908,8.01131164712961,4.089180617649758,-0.5907625537932479,4.72090955844916,4.875771810699799,2.3429318526674163,-1.3608382920788715,8.101739701710475,0.6990650488301937,4.365518805004541,-1.6204348656286864,-1.778444427839307,8.307309325161551,6.288129786963115,3.4678128050994474,1.4047291906973207,1.7579637556905396,-1.6006963364771079,7.422553772914444,7.993450423449399,-3.047770681075428,4.695978349507715,-2.1695365339956756,-0.29862720284380967,3.3826770273534588,2.897264417365486,0.5484786738157947,-2.0624805969147078,0.44402278585355115,6.944198135128969,5.57943593243743,8.205049663651518,3.0383566472253154,8.058569830969647,4.657103163331029,0.0,1.0,5362.976192449251,0.28331643054349226
143,7.323257636497465,-2.1465732677935088,7.464462071699519,0.44374864723731716,2.0813401120880375,3.6412907079021575,6.409208874979985,5.15918807771009,6.027447405799782,-1.5818579498560141,5.745570494379531,8.712991981781622,4.8389260040872015,-1.635764466366248,1.556208542694577,8.096765048326986,4.404554416297712,-0.5056460011677315,4.6160397961793205,5.398077520596307,1.8745681273880828,-0.8827622598417713,8.242613018519082,1.1437903774109912,3.739096020645089,-1.7400958254312595,-2.4691941487720768,8.105141212104034,6.929162091098209,3.506121687640997,0.4500513416683748,1.6316423393573172,-1.475134417413441,7.037208231364684,8.006596012257276,-2.4565857895148127,4.853809250732734,-3.0391765928918666,-0.0052697429915798955,3.380594881986617,3.365465876292741,1.1185228319584795,-2.0297221005406825,0.13749862149687275,7.017095531093816,5.750948014604354,8.582366704139847,3.1657992095038088,7.895065413500363,4.719950331063517,0.0,1.0,4890.39430367513,0.7406468778234072
144,6.921200794053111,-1.9138132579979863,7.56705132971242,0.36138110892735975,2.0837828461525376,4.065207769621496,7.207212419841095,5.222281628941177,6.284090680325029,-1.8317219550971393,5.601069636744025,9.032602069902378,5.2706925446970185,-1.5095331044449634,0.48426676569329186,7.848539529637938,4.564531951418399,-1.2060373802122115,4.765363142332835,5.551797815857235,1.9461507757239453,-0.6010373612526761,8.499158540798097,0.6198983614770982,4.952699690156616,-1.3153601812213727,-1.7917861687279864,8.071793173479776,6.392427536712072,3.4754717341919896,1.1695622113218607,2.052615643782448,-1.4046547823731204,8.016449790336,8.03866518664291,-2.6494163415483545,4.874824300258801,-2.389937342761863,-0.14196400526314878,3.8713893102946284,3.000701584151866,1.4973991470510417,-1.5376728708613352,0.05615378744800853,6.9599668307571045,5.162547353639146,8.687281312635491,3.3907163046439264,8.365681169070275,5.116047698574294,0.0,1.0,6060.40707061754,0.5763616971396931
145,7.214174237434466,-1.6767397729582396,7.4323334614912495,0.5686555283737472,2.203024907608903,3.999767521804167,7.232131954791688,5.685143278744595,6.444335502227544,-2.0314413606779924,5.555198455620386,8.996636048223646,5.248105050713877,-1.8716058375110678,0.8156428264767961,8.329248366148153,4.364228507702255,-0.3433220264535812,4.5535704653544435,5.094652255046084,1.5753248878983452,-1.0902953996410556,8.30970093660774,0.8038562579972773,4.802107628261972,-1.062018431203191,-2.229568156863717,8.658397561235587,6.331989169036245,3.1980653798033702,1.127281924558408,1.4772562721267835,-1.8158596387414505,8.02045347460456,7.475641563312751,-2.5079287658867995,4.83566488660437,-2.604966803798719,0.032226878165134865,3.167988787576951,3.2927012704720955,1.1386593597387813,-2.169661169333786,0.2845806911020578,7.119142867033292,4.91409345077532,8.333691059840438,3.1159305164173956,7.901615072106164,4.021414123696768,0.0,1.0,5761.532662117827,0.44154115258509974
146,7.266448315095255,-2.1964117207345213,7.7454807315129885,0.5180536181757156,2.274325536761531,4.207281963076589,7.2156375813921905,5.2465286342620345,6.201352313591196,-2.165744902506426,5.298199610498798,8.663462681030218,5.250312726932086,-1.3977109419610956,0.9428273332946336,7.907293494411619,4.172998218172031,-0.430775157964849,4.74298094987789,4.809507285326027,1.6069360991481871,-1.3885718704530046,8.482784597384548,1.174097733090917,4.495256683677128,-0.5871528497284206,-2.2444239530988166,8.211231965695477,6.800023314893029,3.31329978345556,1.1200654325951267,1.5623918817247087,-1.8450670582317215,7.6145403598357575,7.4493703759066845,-2.1856311112155793,4.875720708014321,-2.576694418428607,-0.20838855703103984,3.191130206225581,3.0263774015221077,0.8399405366784201,-1.92169269590244,0.24142445250399516,7.190648646921215,4.842067643834386,7.970599191502832,2.8661703777669656,7.9527648866342835,4.298349661300468,0.0,1.0,5678.024944420376,0.14477186882008192
147,7.127221030102152,-1.9660773852385625,7.819330975598996,0.23411331112876993,2.3365387039942003,3.4024431828966435,6.911265575323911,5.334026275965742,5.570332211284329,-2.4093473418753897,5.7494521722694465,8.559166373014198,5.4030381628630755,-1.7835159560527232,0.7623397562199553,7.683792797164855,3.8169011648006195,-0.8257447855723037,5.136153433451519,4.770211543803501,1.4395004801047862,-0.9377898485359369,8.697228057164443,0.1191380467046882,4.059064216022127,-1.6343676368716455,-1.793558604291037,8.143176090002164,6.5857724712211185,3.812453985752593,1.33062750967951,1.5157328131590515,-1.286454822242196,7.286977433705901,7.351122633029014,-2.946214179960512,4.341198123384339,-2.603876324124273,-0.13292590958752018,3.0671173558479055,3.066083864415174,1.127581264828155,-2.042516437523486,0.6505182954859795,6.642657906401634,5.279247215898452,8.0515292770967,3.496141486552592,8.142447110698258,4.596361458990273,0.0,1.0,4968.138254909065,0.32767311173411956
148,7.015987303621031,-2.2005841089857223,7.590619748688512,0.8167929877147868,2.532631744705548,3.9503790111445873,6.0440021340067025,5.252160117868836,6.45664265563964,-1.7056086562720276,5.533897315756245,9.004467329604934,5.676383499035144,-1.8696129785257944,1.2454424426295545,8.060658512231473,4.530452425532114,-0.9458694122996868,4.445979858728387,4.875615455716052,1.860898201856384,-1.2759670573514756,8.804169601649926,0.9391230701553107,4.204585243064453,-1.489251997466688,-2.2196671646730373,8.413606739303637,6.3237364996422025,3.857163789650794,1.5153955951880425,1.7926856274960328,-1.5387964119758488,7.821154450250922,7.852574630644119,-3.1970343209192107,4.848820746761122,-2.8242321161918853,-0.005203243975329369,4.154488272562094,2.933296866352608,1.0345088417829789,-2.283950042085801,0.9727350733682637,6.922519435105832,5.599375399056505,8.09746574968482,3.0475545897585232,7.842109111937744,4.291955471490688,0.0,1.0,5565.702923383523,0.6103054318746588
149,6.685723860064155,-2.529740104116619,7.860850786171224,0.40795265364990146,2.2560360472681413,4.390691714715962,7.121813199103456,4.384610642321865,6.4287040216731945,-1.7186783398966277,5.902944033346494,9.004201969722722,5.067664282821817,-1.6898004337419608,0.9895422242019528,8.641885357345163,4.19882109981648,0.14972067397550493,4.916862930808516,4.853765333985983,1.7896269041520871,-1.0373205692240104,8.621009770043068,0.755552522013216,4.418769577266142,-1.2612317367058323,-2.0328975664715867,8.278266724067104,6.934889025797139,3.481428653926472,1.000771940821605,1.7342996454409763,-1.572566059679887,7.79739282056675,8.120968227668884,-2.2636714033923018,4.9216083486278315,-3.5233920221376214,-0.319840688497819,3.2097360683559923,2.758190474141472,1.0330010559251328,-2.6986315482535783,0.48621433160374783,6.992118859714409,5.408910806983352,8.416647703904784,2.6742145055974085,8.157871196726184,4.745298832071798,0.0,1.0,5664.943693726118,0.7926374548136458
150,7.858034889671377,-2.6949094385350527,7.408204525732072,0.3480071618452103,2.6815179048323237,3.897575720868577,7.3457665025203225,4.90015857782689,6.78238879794628,-2.304170410739401,5.6951128742270605,9.398895964096887,4.9662323379801006,-1.5440013735951243,1.475351827414074,8.014773838624041,4.062733706064814,-0.2244611527483315,4.776548704944467,4.8206448571752185,1.8352920125698922,-1.08868628639202,8.608001698038262,0.3014893232862211,4.3999170980108495,-1.1548781159164607,-2.3098445925356357,8.237049289819403,6.284885100176517,3.200158576024518,0.9630212480912406,1.009689952316736,-1.2700897043040604,7.308274739946297,8.07268723377049,-2.9675731713088664,4.814260600411411,-2.8734384529994808,0.18782417436423737,3.443378321668987,2.8429983892841637,0.8800094228852797,-1.9676337259535555,0.5125000456562461,7.150378480216437,4.662404121637107,8.461700934169759,3.4204382172613523,7.974432315005528,4.503809354262554,0.0,1.0,6987.739520525678,0.058921899296501316
151,7.280136663206873,-1.9157832651870006,7.297246215990415,0.07641082221346429,2.112955662148434,3.1984249582034523,7.007402210662685,4.1240944591504,6.70256215234221,-2.1046451628122633,5.854596212066898,9.013848979094544,5.208029155770503,-1.611516909103827,0.7660414079573078,8.130710420764439,4.193678375564896,-0.5372433044716005,4.419033951629809,4.586103283527892,1.6685024607936094,-0.8722198903052139,8.488374428993483,1.2893991031007168,3.8143604030262255,-1.0513013151122128,-2.308409332310421,8.51509375708773,6.387798377418377,3.701997743968451,0.30773426977390816,2.024509975085703,-1.7918531602248837,7.380275025853568,7.814652416430817,-2.574360638260399,4.602445668132869,-2.8669640067149706,0.06838505701917419,3.0760912155747633,3.081253054081331,0.9741797178585904,-2.0686292213538704,0.7947481802781788,7.155616468255929,5.295267259450278,8.504781849004955,3.264609602273267,8.162883001146364,4.416756930757463,0.0,1.0,5960.466048526425,0.10780208560142182
152,7.54070384811718,-1.7608706688514446,8.031177677653725,0.2052286880528716,2.310897220193601,3.478416711830665,6.6667547876443685,5.038086487092544,6.445850411616665,-1.9606416959315902,5.542413420687238,9.276544265572703,5.799051804324898,-1.5855319798551752,0.8682637074809962,8.570934544476676,3.64923624261613,-0.5142010448711318,4.781954223923797,5.162449511155635,2.204877713665168,-1.1347268575436502,8.084074987381106,1.1184790567396348,4.017581948976657,-1.1688448239706326,-1.657528987599406,8.184487800503833,6.119552148591434,3.758315221968947,0.7184916907276009,1.4415282702006411,-1.649441781657393,7.416653567002546,7.487840254048525,-2.433727202635036,4.771859906122661,-2.6002236009047115,-0.12200549951300595,3.3592746107885993,3.238971324568738,0.8175703755843728,-1.5600081916010753,0.31819444476555364,7.248988880132873,5.597347348825916,8.024732620148395,3.3192980120061435,8.583429157757937,5.096251884579976,0.0,1.0,5594.727387083359,0.5920357840015408
153,7.028049635178043,-1.9427807599578977,7.948220235553764,0.5791736309907135,2.0159153146671467,4.011788969214156,6.120486449012572,5.292285935854453,6.413654623795179,-2.073502458418877,6.140815057319341,8.653056353754243,5.40513102401404,-1.9279515176044002,0.8683351256519548,7.9938716715818945,3.2729208861814048,-0.3856725837859241,4.623999564470765,4.536355119797545,1.894628386588886,-1.1878938614911725,7.647562966593871,1.0215523410064122,4.268489414888076,-1.7526536637800183,-1.6612947484587295,8.228954692701517,6.814581235172127,3.647674360780349,1.1171144308878032,1.3354265447299563,-2.1712599624696685,7.077600813016051,8.359020080344658,-2.954945858408995,4.387582773166105,-2.9225356608577213,0.0763244805581369,3.05921360774732,3.024696241822385,1.6754181781213797,-2.1790236376407055,0.616726807276932,6.906118035539559,5.22008984106792,7.971303679500399,3.8926650179000446,7.931855188912529,5.418036880459038,0.0,1.0,4838.592025673486,0.6670250959371131
154,6.9558703240459465,-1.8652927604745997,7.956417640936229,0.8170753550779114,1.7073126072956832,3.8318814880843153,6.691408783567117,5.024202637496752,6.21585441567055,-1.9581378470568889,5.507090381000459,8.596974945468263,5.655871551160886,-1.199344098919757,0.6325176293475769,7.947516222094144,4.2029443830042235,-0.7049799281495455,4.279342905733269,4.695109700522454,2.3044547041903334,-0.7080628441391257,8.055506386409991,0.6164949745910309,4.096798928886538,-1.4012953976269853,-2.7909476684618544,8.091909682270144,6.522817070076267,3.7942305306523805,1.2328617979066656,1.6567344923962803,-1.34203532108312,7.013190767439902,7.648360526263499,-2.8377019023380634,4.537119413893809,-2.8670034735681527,-0.27759110529864395,3.6288680155472304,2.8575237600846064,0.8553326944765096,-1.9744033815319026,0.6338807665890369,7.051869716062816,5.858695465983133,8.576811339554279,3.252417736411695,7.758331557704835,3.834085875747698,0.0,1.0,5634.18045198913,0.07101828591216215
155,7.563375257788993,-2.215386847214379,7.595091066859639,0.31476589841419433,2.2216161241884973,3.83563847726809,6.756991684748825,5.026753288488371,6.376373345024024,-1.2299599434325548,6.15296672130148,8.692698056231599,4.8715532289789305,-1.776763125187899,0.9656086889894163,8.047311524990505,4.530484195588626,-0.49483830053358324,5.217521439384819,5.154124544208449,1.8542048964893698,-1.0534915710940895,8.377097220602415,1.31426043900337,4.4267024663090835,-1.037420449873255,-2.048361666206498,8.077197391732511,6.5735349086270976,3.424553672936068,0.6576894601362815,2.250883279548053,-1.5204755562561973,7.310068406710309,8.034020438424664,-2.5824652136825454,4.64143488609641,-2.3910870970383256,0.08404181342141182,3.622281258867856,3.558778530246767,1.143314730805006,-2.195390431020639,0.2975965005206746,6.873743780191251,5.241149117391581,7.973477203634053,3.3266773754524404,8.499108550229993,5.444569584491435,0.0,1.0,5532.033345141217,0.6635343597768046
156,7.465676754322234,-1.9736260266692733,7.380292606078481,0.7110818967147882,2.3881516532604143,3.355085513607068,6.699149748063987,5.0814667675255,6.335379121404423,-1.8519097422782143,6.091777910041308,8.56903240841586,5.625240937643664,-1.9641314984923708,1.0435186917844275,7.825455062022225,3.964550737822528,-1.0201055744889702,5.129752675100914,5.077813812144893,1.7019678761596342,-1.064727974529358,8.469368207468477,0.8142781764361741,4.2397437368054405,-1.151187401933195,-2.204268471473564,8.386995553771875,6.712652564596912,3.5108713008250634,0.9455303420560095,1.7437841105880663,-1.9059742429958368,7.517297683413505,8.062589428425547,-2.3367015868795358,5.241296355856961,-2.6584922475736876,-0.20972243820220832,3.686111614668278,2.798352104459362,1.0271885304510247,-1.8102386835048958,0.34525685292118297,6.961750094556762,5.234469849999584,8.042166663011228,3.2918086767579395,7.992249995793051,4.3456375747486895,0.0,1.0,5283.168987634247,0.6293858515480677
157,7.364964237015788,-1.8641224452897247,7.474138737391444,1.263476639274299,2.25502029494723,3.7210915445243202,6.737017833863718,5.266169595211658,6.5867784038364405,-1.7998688881013163,6.272271750358362,8.907842881864333,5.767673905385824,-1.246452725259105,1.0632559361202527,8.026831603998877,3.832934241175751,-0.5391229700224504,4.443737280962309,5.1443935955905316,1.2930490960871204,-1.5295200657422012,8.224934357943496,0.5502691810048476,4.390359077845495,-1.0270950616425254,-2.1131666434794885,8.37021488580644,6.4468535978754185,3.63462878862086,1.1923635368174939,2.293536898540875,-1.4001008949385214,7.226619042729035,7.468624469548176,-2.286442317246835,4.764779956350207,-2.7108222162112643,0.2327245383928111,2.783671909631624,3.025717329907549,0.2824881158385769,-1.8795353940323203,0.6566267828253488,6.601449274103902,5.428986615021344,8.410587162369978,3.984079611184847,8.251398105688795,4.541384571713491,0.0,1.0,5283.03669380511,0.5505770185633009
158,6.868180707040172,-1.6619786529524845,7.327944797624854,1.0546635349556457,2.140567732310591,3.505051709131761,7.00611414988497,4.901383576457161,6.197152117852153,-1.6144309275823634,5.8567690966113775,8.820747327631974,5.131732746766188,-1.365005342614228,0.6569197717246005,8.00529130767867,4.185666025934677,-0.8525603624174953,4.887889191895983,4.715176381990885,1.7977952086079145,-1.457820223017562,8.697259187729927,0.5428043739554901,4.781859811246956,-1.9739587610709712,-1.9023698958481394,7.954346732652454,6.431911143192569,4.318615140558891,0.6838147473618049,1.5913234110000796,-1.261505907666528,7.438412736056736,8.135920273408026,-2.950004456859538,4.148466105963806,-2.787473763702749,0.010387145734090442,3.7238289813962764,2.9773108020943275,1.3445075500147161,-2.1171293020686486,0.1825766301455997,6.800943089746372,5.3752082692773895,7.682731484063179,2.7692491474362186,7.796409150957556,4.5092331018301195,0.0,1.0,5225.020741356609,0.27194113318572405
159,6.564842548072555,-1.9041828634620301,7.448358570412034,0.14181841093208103,2.241755914994096,4.1620271047846416,6.507405477224658,5.140245865903874,5.802050483506575,-2.2313375298319307,5.7264852168598726,8.517957729815294,5.113304636447064,-1.4059917547113077,0.975605983207912,7.946439046592842,4.396195570112195,-0.4038808240770545,4.733490329271949,5.7062602506666815,1.429072439803618,-0.32681310798495444,8.369282517380684,0.6988338939675471,4.370777597836407,-1.0935081835790235,-2.2068190863508823,8.865757959982776,6.505056308195267,3.2678727443875504,0.8989895675022798,1.7145771684816844,-1.738348954875613,7.8728132182043264,7.784223628344487,-2.6977115862390733,5.200423294186687,-2.3370389977839126,-0.5267771447402799,3.3323058860718384,2.8740791544052855,0.6524665172372794,-2.186201347480977,0.6855510314889881,7.084480235036959,5.643753113144181,7.955693912360603,3.1798833406056004,8.209572102505978,5.193038007667367,0.0,1.0,5607.161147033933,0.35563253162744035
160,7.4424635919004425,-1.8681460566891295,7.740618570709053,0.3021681927199568,2.3824134075617653,3.7584001706955474,6.1086121807466744,5.378353546512879,6.221310417521909,-2.2549728877448025,6.351101914736714,9.19559849397854,5.441836532909878,-1.1126943491540893,0.8546202491290142,8.631612245217289,4.739749667923477,-0.7263029978560142,4.593347972928498,4.859461337242474,2.0366064103637664,-0.9723036017389222,8.716782328644545,1.4187013743256203,4.213354779862773,-1.76963388713457,-1.667655545807185,8.38745567316713,6.46957862187016,3.686531850852988,0.7210870400297199,2.015708238943079,-0.9252802994192859,7.702057574673288,8.35510011566952,-2.2226625661790607,4.3978659615916555,-2.3685504089972107,-0.047437830005895854,2.926394010116989,2.752810390585227,1.1872247346807563,-1.7544427679927015,0.973687423012839,7.2102053109252795,5.729246569179522,8.159962046515329,3.6106778795397063,8.263234074084448,4.7032445600412895,0.0,1.0,6652.761384984763,0.2930689114012274
161,7.606696583692103,-2.543312042143002,8.147283824450986,0.4294070262779256,2.3629814215122966,3.8520012191851767,6.56235368437743,5.257318906548999,5.856106943850725,-2.258931922813302,6.087324785709142,8.490085676483908,5.726744290125083,-1.439576599518192,1.5644578673711655,8.075302409616611,4.618586973846487,-0.14198595139859455,5.026311737219682,5.39039345677915,1.8125239467331757,-1.0451347786027336,8.794266381673864,0.8545842650838702,4.6698494726696405,-1.6676642461241646,-1.9475750693373046,8.787116032140775,7.02942434250796,4.113465745957624,0.5265194356451305,1.3418003384713109,-1.1090089839129451,7.794907743808398,7.906862703068315,-2.8138583225248834,4.805707248148105,-2.493407367345412,-0.5570095880708144,3.3934507297555294,3.671390546660886,0.9968196957960284,-1.9515677110101208,0.5624262242117456,6.797341045488234,5.499036894784443,7.295447342072748,3.1105309051772094,8.142180366783203,4.503749152242885,0.0,1.0,6018.063209098169,0.6723728517777459
162,6.955833370784579,-1.6522444405006569,7.752782756071861,-0.11343067915780047,1.8222964195775693,3.8921477924159764,6.938004998537279,4.902205573789534,6.32671436437245,-1.985532467170132,5.48181187269025,8.880621728380628,5.76425041716375,-1.6171893843448832,1.5366595800463085,7.942007260571544,3.705952410808474,-0.5544388715339711,4.254568402375633,5.391962668442628,1.9267332985589778,-1.153481403634939,8.945772045677773,0.2108350413704293,4.1396438394449495,-0.8967914673032824,-1.9295666580785598,8.402098921691184,6.313219407677816,4.082769759764685,1.229895899449981,1.7744578656509786,-1.7607742836441613,7.803582597528063,7.212876479096492,-2.2841316546658144,4.683410786900159,-2.557187751023202,-0.19095531930428372,2.940014961518125,2.249446128256058,0.8874352976657308,-1.8706343951067446,0.9788724978226385,7.078090105930952,5.100730283425861,8.564383640634901,3.1327203355679725,7.971825196084782,4.694776740157511,0.0,1.0,5589.125135723326,0.26265770950472656
163,7.827730922555507,-2.2611507301024742,7.774172365551002,0.5588834634704225,1.950197280986401,3.5925923071827577,6.924069249251822,5.3801536922209845,5.961243983452528,-2.490645130182995,5.666320304238333,8.76709998433141,5.237523059287898,-1.7456064595941156,1.0387860831102769,7.822014136512962,4.0640598835555215,-0.3126652699083954,5.058602310436153,4.983778734739215,2.342083219927409,-1.3581173300200362,8.18505086334202,0.5006660212209976,4.228026716131284,-1.213590668188885,-1.8875334046253107,8.40014430624884,5.755480947116552,3.4555560037996464,1.10376640092049,2.0501992923758032,-1.5143094832468513,7.707915724139236,7.673915735497683,-2.5338866920536955,4.452544936683244,-3.237233664424151,-0.11737700599307853,3.7906097781232533,3.4913377281114792,0.9222753980609709,-2.990795665977466,0.35478173176937355,6.648557694276595,5.929827665468521,8.266711645035627,3.2261053808221423,8.056652161154386,4.771968219578093,0.0,1.0,6026.908311460854,0.2580599810026046
164,7.700700503846305,-1.7896301716823877,7.827972565521602,1.115169520160027,1.8372077324716465,3.8596792664440174,6.545012023122571,5.090501737914414,6.009618172946965,-2.080689985408788,6.156153650528952,8.660677422712311,5.745446284876242,-1.3396179525771694,1.7585034822958767,7.926683414756352,3.548714262285211,-0.6444504861494376,4.958415491780501,5.233803906264851,1.9870689943229354,-1.3660385688032393,7.7834757106491335,0.7760774981965335,4.068685350118032,-0.8067887595012894,-2.4335359342968834,8.35282802299022,6.516101815220119,3.0116791869321182,0.5642888306213409,1.3681085572996337,-1.5938302816358827,8.042193912646052,8.240683368502108,-2.613177347008012,4.5048625733490715,-2.69177547471373,0.9822578299990499,3.1767490724470653,2.4330009044678382,1.1223479001846322,-2.1310666744958406,0.5305453850966088,7.175739164846826,5.514905641453538,8.16662373090062,3.64049965188812,7.878735374810014,4.7440463378044,0.0,1.0,5077.157134095685,0.74823268578695
165,1.8681193560547067,0.18892899670288932,1.8907374398595373,0.8592639746974586,0.7909152983890833,-1.1356420176784945,1.905097819104967,-1.9750789791816405,-0.9880705504662242,-0.26083387038221684,1.1175316871750098,-1.2092597015989877,1.451972942396889,1.933602708701251,-1.3446310343812051,0.38933577573143685,-1.96405560932978,-0.45371486942548245,-1.8233597682740017,1.8266118708569437,-0.2554134124808094,1.7959092271262511,1.1452239437402438,1.4651571943267938,-1.3073383140162074,-1.700205651947572,0.4029708855110772,-1.3281112651263847,0.9335206700422796,-0.3662245593919411,0.11163529367168135,1.750286335803768,0.086784489779832,-1.5672264684510773,-1.3671063712608023,0.18081060681285122,0.09761632027389355,0.5504409765039746,-0.3940182256389084,0.5992204360773692,-0.41239998839306935,0.4956644541928923,1.0696198683604954,-1.2841043598354767,-0.4976969256498305,0.01013223730773749,0.7466683196653832,-0.9852814053544674,0.21896345177023413,0.49972337625639085,0.0,1.0,0.9077610413759176,0.7359898781583183
166,0.2437814552165693,-5.0912566964220485,-3.205545374586957,-2.3654385924272265,-0.19612661203572873,-6.9576073725044045,-2.217582223283576,0.4645223098674563,0.11983029847243298,-5.626835040232091,-4.400919352948478,-6.69371282763476,-7.610934239107061,0.20452004135204566,-8.412308658515567,1.2448202887229138,-9.443245058176817,-3.341814423339118,-7.075451260506429,0.053073076389312204,-4.393384666861962,-3.2705150001661543,-6.244234228838853,-0.9870875216229505,-2.9435166433670856,-8.250822303926366,-5.847318525675573,-9.49589202554831,-3.3734164418779438,-4.993080443082937,-0.03185469708504185,0.8771856835301688,-1.920648099916642,-1.3578202244387632,0.036817115442805304,-0.3443301926672233,0.4452017813078687,-0.6146582899922646,-7.809269534823624,-6.084939057721808,-6.72022760661766,-7.740690580413029,-3.8913065545316035,-0.21235573288573334,-6.10319857600175,-6.2375839465176535,-2.2932007316512397,-6.985161678603289,-3.343617872380772,0.12217843838632964,1.0,0.0,322.43032886574696,0.8421787025070505
167,0.5442687619218869,-6.046895399108212,-2.783638558825729,-2.6339314321352183,-0.3432749745026337,-6.237462307734704,-2.5473764436732633,0.44721668483193744,0.1923061365327668,-5.035723287198768,-3.64242894575373,-6.51394872525969,-7.756924397665568,-0.23006754909527566,-7.8187330064913505,0.7088825661614928,-8.676266586044628,-4.237765863207821,-7.306059318139867,0.8466862992369394,-3.5168024233954136,-3.1936714778543878,-5.746160225642198,-0.5158100006302034,-3.5265467506887274,-8.40399920695764,-6.907864241217508,-8.865930830708221,-3.659638289028051,-4.578764064497847,-0.21389099731195282,0.4400957219553294,-2.9117857555571938,-0.6432265231678993,0.04918457017696665,0.13926795921815183,-0.6377773056271479,-1.6180386942722047,-7.340990320110585,-6.4816430767676625,-6.233431700634085,-7.871849970111063,-3.2557563187517897,-0.361400984841575,-5.660084560506499,-6.3514194716266825,-2.371933273143271,-7.545877314779071,-3.6488338150621678,-0.10467045059131216,1.0,0.0,272.19713029694816,0.9654391381737015
168,0.5245278458396381,-5.029692079452919,-2.5480004449026636,-2.700270410107619,0.6192169806390123,-6.395287990688629,-1.940882208165113,0.08291017356164279,0.01736558621984058,-5.25657325074013,-3.823856460281085,-6.483941121953238,-8.471536857083388,-0.10825510982386316,-8.518212865741162,1.46074356182253,-8.63430902514866,-4.157503586485993,-7.120280589128329,-0.051557747619918104,-3.8254909562451855,-2.585488344634039,-6.452171777562095,-0.9969625021031343,-3.557965359630879,-8.20090806440227,-6.263142362757621,-8.62253987984978,-4.319285261167765,-5.240090715754122,0.6589553808547688,0.48890007283596315,-2.433165742303672,-0.8720932054065694,0.9488263949023854,-0.6125505608326516,-0.2835086935498077,-0.6409715607694182,-7.972853641284239,-6.869439786942541,-6.601489696987099,-8.399805158100852,-3.4600475546613008,-0.5722738073175824,-6.034065871091924,-6.761340275753076,-2.2021676997058126,-7.210601387152647,-2.6912280524357453,0.4158760197295964,1.0,0.0,330.2111282259158,0.839276639514491
169,0.27005650815822885,-5.208661166765776,-3.0065126151477335,-2.2379085691083063,0.5999952694595649,-6.553043346744995,-1.6412122113795855,0.08561004228134877,-0.08566761349398472,-5.083145729225447,-4.817269945806457,-6.292367482769521,-8.395148488906052,-0.2150163364411402,-7.988789914458226,0.6749788100733389,-9.048254521999334,-4.591823180156919,-7.348228086909732,-0.5537473639225423,-4.051376736898255,-3.0853170165717243,-5.409909002665212,-0.05359412933772473,-3.190963691761927,-8.384043119526236,-5.674475129706665,-9.140081807306164,-4.144166780739795,-4.960876689703582,0.3247410316465934,1.085861427941448,-2.199018071745699,-0.5464384054701961,0.29892846950858465,-0.8216903908310949,-0.6481909395753856,-1.5392919564514318,-7.132732109433816,-7.215078501368486,-6.631753516088133,-7.8085326006604765,-2.928239840793795,-0.2936954133892839,-6.165473444793048,-6.544835721245867,-2.276196404563545,-7.117948561513414,-3.460431346877439,-0.621628376297851,1.0,0.0,283.9403008250126,0.9745360725082052
170,0.030175938304238342,-5.256059749996056,-2.2971429888344375,-1.9954517376016754,-0.18841592706106555,-6.908456861053569,-2.5181180858503516,1.0878141539531172,-0.18028110873970593,-4.971440236362135,-3.8707619323108124,-6.935448607081609,-7.863903818400706,-0.16814872350018792,-8.387446232463102,1.4280251316908448,-8.760414253318078,-4.738316603665343,-6.969972535959345,-0.06209486195538108,-3.9171148741008364,-3.2119573911590797,-6.842902425640572,-0.6204490222451949,-4.255738279402092,-7.629894470880966,-5.645851898996505,-9.007281877218544,-4.522514359338132,-3.965510655488786,0.15643921196684307,1.3683056000592817,-1.1365202434399253,0.287820494579203,0.32680591607322174,-1.0938377778815473,-0.677856963677851,-1.0274733255441302,-8.073652752827266,-5.9229230241731825,-5.984865175891215,-7.962730729671434,-3.5046679445923106,0.05654703850824261,-5.487101203934094,-7.352870085796647,-2.0740377164643427,-7.598541628869469,-3.5671274518247063,-0.35865015057090843,1.0,0.0,305.49039327886817,0.8927981258710176
171,0.2780561109607946,-4.532114046124264,-2.775673766610123,-2.8240505406285785,-0.5263540115383432,-5.994722550978845,-2.2601069944628045,0.1737187837444321,0.2753062576268514,-5.1369994576113145,-4.811167378312045,-6.728304903247874,-7.417719867297092,0.060861809174795445,-7.840969479467361,1.274153464673482,-9.332059481870436,-3.8394855074641514,-7.483761101312757,0.4971279082472532,-3.7872168266835033,-3.9991445788326674,-6.394162136906038,-0.040717878309972366,-3.9381017922391477,-8.584284666682008,-6.132550964784851,-9.483568652311508,-4.014657195297486,-4.1965354613791614,0.5818051329777296,0.23386742404674538,-2.4490105222778937,0.21500964568654302,0.17038053384444013,-0.723070609382358,0.5853751111152424,-1.178077546824276,-8.59549908731959,-5.272405876243822,-5.839890011567691,-7.802388718385618,-2.2074477076765575,-0.23926160335615076,-5.459539011822527,-6.55994767063607,-2.282047653733064,-7.217654232769471,-2.902247134203967,0.3041913117469084,1.0,0.0,287.79865019461545,0.9162313339515027
172,0.7107989456412211,-5.498962856871473,-2.8319290652094034,-1.8574663102769686,0.22320102236579226,-6.2708862969873405,-1.4030714083773255,0.7917682713184215,0.510821397690934,-5.381358754160188,-4.8105786833774715,-6.35073474746337,-7.297688334665805,-0.4190037798920492,-8.1258029697368,1.0077558790181285,-8.784277449934814,-4.41550006737426,-6.266457540227999,0.07100272526939987,-3.7389320526329075,-2.3823984970100915,-6.052651812778092,-0.1852512606019837,-3.921384739582689,-8.217753306906213,-6.966671915303571,-9.069980532197574,-4.0231953916711145,-4.83876478512483,0.6477872171792894,0.8433543399713858,-2.6967039325883264,-0.06975736315196596,0.11350369867199606,-0.4454726971419793,-0.7310770617955032,-1.1310178692125594,-7.521995102836313,-5.614864975568151,-6.866571912816287,-8.086482978199557,-3.4767919024011413,0.2415441826621681,-6.146072960112528,-6.391168340230031,-1.6217449548942273,-7.159293746286797,-3.42932376502492,-0.39204496110211245,1.0,0.0,274.9355245224502,0.94552249273126
173,0.11840857323084293,-5.227852852193827,-3.1446754318225145,-2.6665396053663306,0.2142176724876894,-6.497405683229376,-2.143904194674538,0.3407365261512564,0.3145049756271609,-5.701195805757114,-5.051838773660957,-6.130124404406857,-7.790634751391348,-0.3769989322687621,-7.888132158889838,1.7503495060920318,-9.444748918435108,-4.362695114814617,-7.4703116156716,0.6862491934143227,-4.2581926631449765,-3.0748742236086963,-5.898000605167102,-0.2395155001931557,-3.989771137893497,-8.145563500228695,-6.469286794619194,-8.710001719934084,-3.8809453809169128,-4.378744839813485,-0.47235332134050545,0.9192207311803808,-1.9865836103168772,-1.2407930129455154,0.4708101881294646,-0.5654094491174952,-0.4553610945850096,-1.9829229084929398,-7.991706766731292,-6.8026909249497605,-6.382402641756025,-8.884942294010362,-3.2259978050652887,0.009293447483966877,-5.815254032296414,-6.586664284655057,-2.2094386173012595,-7.065118171116831,-3.0778204175118753,-0.38854118110874014,1.0,0.0,331.8163015274544,0.8984994176958593
174,0.3458591403688083,-5.011590598914398,-2.30886159115886,-2.456044272606573,-0.3423251145656273,-6.507663072373534,-1.8611426334127836,0.3474050250485567,0.4010267570689837,-5.9192854091473786,-4.940775469848023,-7.121170460301399,-7.34218729433887,0.38485863604258985,-7.800924538426484,1.4338815914941503,-9.421397884187636,-3.755469645967047,-7.340616478792729,0.07757352665964981,-4.036960060893888,-2.900062095611478,-5.872428883072616,-1.0672414766021023,-4.059225090358938,-8.373102665325046,-6.300682430335515,-9.688784734068005,-4.41097409269844,-4.558136451690162,0.9469820667104658,0.30804182941579616,-2.095313790862981,-0.4040840149564298,0.4497644160861654,-0.6202987874997422,-0.4156977849227701,-1.061292943460257,-7.578629757375075,-6.2954989904805405,-6.09720821236344,-7.783649080038748,-3.8105503682086916,-0.13449574991154778,-5.984979962475045,-6.245386000671901,-1.886402708433334,-6.844037466491441,-3.5819977426147247,-0.26847485782957725,1.0,0.0,319.6852224388915,0.8563920952994822
175,0.31466786747515846,-5.5460029021026855,-2.9034087229492567,-2.79323144553234,-0.21353658575879667,-5.384157536030489,-1.978552573924971,0.8220294831502364,-0.3557681304536917,-5.038273831049424,-4.903094328944631,-6.513983698434366,-7.102805314400624,0.8630448742546133,-7.602393198923016,1.2955445901730709,-9.18351445642871,-3.805529444344594,-6.804429498211956,-0.6107221163783646,-4.103928639972182,-3.6736503528891284,-5.8906132026530775,-0.9821613177557438,-3.5006200826697076,-8.864993363469887,-6.960273803814795,-8.422934323881638,-3.616831906066378,-4.786900314437233,-0.4548216466268873,0.2881458779553249,-1.6897983613207994,-0.39474662294508645,0.12042763038307663,-0.4570067859134322,0.15908296498794317,-1.4318803627286916,-7.717636723442221,-6.723098977725981,-5.800370815593716,-7.892315453801312,-3.593907998178578,-0.8635743764099663,-5.7583594872216946,-6.669384480665761,-2.104422034198273,-7.539593857185648,-3.0898417696449387,-0.9101597644365439,1.0,0.0,294.9013611183049,0.8356670334456379
176,-0.09707479646121497,-5.149813143024822,-2.057648457919023,-2.510507816455725,-0.04553374574452258,-6.5596024351603335,-2.2144058954848203,0.14081987903368368,-0.32609551092867467,-5.098803965787138,-4.639509115491976,-5.843067607885872,-7.811873823087607,0.5265139348653403,-8.099992162926968,1.4977397128251937,-8.197389516906995,-4.191311199149045,-7.824083834343092,0.47965246028710085,-3.9530821705542114,-3.381137269051543,-6.11226125860627,-0.35860799719937164,-3.332252525854097,-8.224358019470804,-6.750173560836437,-9.471019670627387,-4.719985756597311,-4.854919396941433,0.6998099132766893,0.09247156485880825,-1.9005301929583338,0.11891002115649074,0.743318759351216,-0.05048337677956771,-0.091648723106658,-0.33770274774051445,-7.911801603701955,-6.728107353506193,-5.445703680958491,-7.792168040841852,-3.2879398373547617,-0.42110186494385826,-5.385335253755133,-6.351997293058714,-1.9509533368206697,-7.720613069709177,-3.2126594892035434,-0.3757859522914384,1.0,0.0,308.1821104574943,0.8153408410653262
177,0.19863491428616267,-5.14937945173481,-2.989797336107409,-2.973867832015711,0.3085499488906222,-6.706648344306365,-1.3734438481081837,0.854766116892539,-0.5647766518790234,-4.491980641513959,-4.972162721484971,-6.112292031219941,-8.004275952602779,0.3924455533572913,-8.349910867409514,1.3734153514996426,-9.148808233984344,-3.317776155810978,-7.050731584936604,-0.3130406839267619,-3.8486249790844203,-3.5509560967775675,-6.219651664028312,0.1452193991262497,-3.198850357763744,-8.328212591328683,-6.8503592498652335,-8.993015516406114,-3.180820864374133,-4.472692233828764,-0.3379883791645737,0.11229417469579228,-2.4059652665753637,0.060172593859504575,0.3672485521691154,-0.9710071370834927,-0.24748545432712066,-0.5801608281366568,-7.741131273412623,-6.718907061057906,-6.151296120291914,-7.602004240302477,-3.995798834076417,-0.7610385377014359,-5.22666858209284,-6.374708969008253,-2.008010029604194,-8.025781488292246,-3.6475000004543277,-0.3111146972288684,1.0,0.0,292.7891810309026,0.9403036562778043
178,0.7446863356739363,-5.244050473898984,-3.4422169990202613,-2.011052069763523,0.6307531949680103,-5.943227102973713,-2.3858341085705543,-0.028895548852341996,-0.1122427799707222,-5.094760166282713,-3.91362710248064,-7.193770398915168,-8.062223739370438,0.07330114146893664,-8.161349318028547,0.9035133592587927,-9.788966065496256,-3.9499519010010617,-7.497091612430388,0.11025573918491056,-3.6135448252078812,-3.3967623699574285,-6.356064315228029,-0.3818491049976561,-4.030246463604472,-8.32835398329582,-7.242213770923875,-9.387018735403029,-3.831611667456461,-4.354228055927279,0.5683899755399551,0.11898776199948347,-2.154361235055764,-0.42581741843166293,0.45051136722329854,-0.7749199279120832,0.1674009306371722,-1.1739800960241378,-7.826002318335165,-6.204125392000044,-6.062352978906028,-7.895225367733475,-2.6700526033507392,0.019808434655786272,-6.144651391743558,-6.954595510999515,-1.6749922304705263,-7.727875457478238,-3.106591003730279,-0.4324104058595493,1.0,0.0,342.1180150087172,0.8838487523502312
179,1.0737979946911336,-5.0022146740902524,-3.510060276705366,-2.533600713801728,-0.5842325932554314,-6.53956957059439,-1.629632503549693,-0.30428387234889065,0.11436052066393085,-5.191440452152591,-4.352745288319545,-7.05375462295868,-7.538620541740113,-0.080798563896753,-7.529177922351667,1.1138387527380549,-8.935522176701067,-3.437494645163766,-6.9349278256339915,0.015478514663006978,-3.7139859890259856,-3.3001778933527737,-6.145329857040016,0.153963470687982,-4.206236531837336,-8.898826797742275,-6.353713998246349,-9.278887135661694,-3.553651577516166,-4.101457014161381,0.4771055739794342,0.6383039808732119,-2.137869325167714,-0.7613150940645104,0.25513683766802353,-0.7092430324114363,-0.8038675243552602,-0.5864794970121281,-7.450581156348047,-6.949784770267134,-7.353563024408862,-7.514993767563869,-3.8424173827119885,-1.3856033358633268,-6.729854392984213,-6.490494062528405,-1.6308782983586685,-7.108782397362096,-2.675113131411173,0.4951595781392403,1.0,0.0,319.6245211076739,0.8300788748654038
180,0.9740719539725504,-5.685050635574693,-2.8787709520089613,-2.9021976948297694,-0.0033687349429689685,-6.452843809278034,-1.8462175043355131,0.9612157882415431,-0.30238428082305724,-4.858042787951729,-5.0464451147974945,-7.180930349687212,-7.373952179695932,0.013464151275875379,-7.911168946131097,1.688308114365082,-9.733815566556741,-3.9421893615620918,-6.776486440271223,-0.38255011663144056,-3.886241000082713,-2.915862238654872,-5.931941696911601,-0.21913976783312678,-3.4542741082515134,-8.21404842685764,-6.217576458727281,-8.883633338930533,-4.404157551967484,-4.389443309226148,0.19143048545279404,1.11820687020217,-1.7312383792913804,-0.18245245843176278,0.5682517247216012,-0.41526111617990064,-0.6229379019818331,-0.8708003579693958,-7.9677839226217735,-6.546231846619605,-6.699091839552054,-7.044594874960869,-3.0904183208317377,-0.5879121940150946,-6.194220102026079,-6.421566501183573,-2.343625572259856,-7.170486561922192,-3.0790841983497375,0.24941675126104917,1.0,0.0,283.24284226970013,0.967188035928243
181,-0.9150194010088231,-4.984808224619269,-2.698563383520853,-2.237444980368288,-0.24755129444046495,-6.60251211188006,-2.4064321821974133,0.41551328969436785,0.05476810673885446,-5.841052359952196,-4.877196821897293,-6.663765724925626,-8.262851106122866,-0.07621356888875058,-7.978576349543481,0.8745872015802144,-9.849366486954748,-3.5064384522447924,-7.2673292582053515,0.17706167444093884,-4.221750118107072,-3.218724659555511,-6.580511605522144,-0.5395063731700873,-3.792566633303812,-8.172406665114453,-6.771534999804766,-9.34944152628302,-3.5332400899590115,-4.993925657308332,0.3160903846763524,0.6157605019940189,-1.6604149776713066,-0.5656775869000967,0.07499682541160185,-0.635840382910767,-0.9506305203446853,-1.4113074857904588,-7.7046092976639695,-6.3610847166744415,-6.840797095935611,-7.437211739782708,-3.356241571954501,0.2923469864216718,-5.6019354469523535,-6.5407711034163185,-2.3305694149325333,-8.044587695740073,-2.8578974770970906,0.40529658255867707,1.0,0.0,352.3445377808524,0.8520764277785228
182,0.2923602609751609,-5.26909672123227,-3.1600268737204233,-3.0546551620751052,-0.06586027906412396,-5.816888101157711,-2.0600584139607263,0.5776640677998415,0.14883791108892083,-5.198199314956142,-4.984870988245631,-6.802598458888458,-8.262172941504803,0.41818732318488,-7.731149979019846,0.7163857380753891,-9.4610849816199,-4.495335522787267,-7.301357765564103,0.28443324022224226,-4.343236814830703,-3.4601689777949027,-6.148189120186426,-1.1500413003612242,-3.746819553519118,-7.769400703220369,-5.872099142473262,-9.083346976012944,-4.04847253363148,-4.123274437875664,0.5173102447151059,1.2624848937265978,-1.821403718341782,-0.23912607282642404,0.6425787892820449,0.01631910595549324,-0.7579055912539182,-0.4421915448736623,-7.560742762292787,-6.250671292927071,-6.54086703136221,-7.918031712865453,-3.651212535675234,-1.198721482707558,-5.905980050784236,-7.0539886195963355,-2.099960034152348,-7.950085095155082,-3.3616594474843757,-0.3320588255890092,1.0,0.0,326.915574208325,0.8787046536253997
183,-0.4200383203195541,-5.242717944492982,-2.9903129932201002,-3.5563470609404773,0.74973367951223,-6.066490327459727,-1.7609135926234043,0.2822367067885068,0.3697848956523474,-5.3050316647371325,-4.315062357191713,-6.229187981822038,-7.935208075088009,0.13676641483126356,-7.829587664349539,0.5607225206562798,-9.002921368467124,-3.9507950653825006,-6.8322676677886625,0.14819312304827825,-4.2948730320971515,-3.1956831615204067,-6.472011351945819,-1.3916135138177412,-3.8973301712344943,-8.88879450632045,-5.996662541889607,-8.881950225850867,-3.660328147622088,-4.2654253575345855,0.18262023219527518,0.9605720169521252,-2.5251533710996803,-0.050593853714999415,0.4621836971532538,-1.4516570150765902,-0.4467855487581875,-0.7236119505306493,-7.861894880308016,-5.835229952260571,-5.713952902052748,-8.164331406383623,-3.6197616628912357,-0.27123333119660265,-6.212819168054762,-6.25126004358731,-1.7061055439034252,-7.186333828561704,-2.9617974788347583,-0.21290404349811587,1.0,0.0,297.30033431044,0.8562551872193932
184,0.19984855294419715,-5.5424628847502175,-1.8353542836767005,-2.25280113090252,0.24147889646066478,-6.546196104093973,-2.532006042668103,-0.054637822629369115,-0.16139947844598154,-5.276559642493654,-4.37096422022005,-6.785600998485287,-7.502214434900151,0.293213793096289,-7.638517516257523,1.08355454681778,-8.856613136732843,-3.885870035825171,-7.266688342384792,-0.004339709719338121,-4.015517424079301,-3.175507940900128,-6.0112896383978605,-0.7511770554193689,-3.944141946886379,-8.363621462976667,-6.064425215710207,-9.00989592392675,-3.757173338299252,-4.040858338783065,0.27365336331948575,1.3117390092565746,-2.3007729273128383,-0.9105300774361839,0.057840006612418726,-0.9929123514656935,-0.6166793214843391,-1.0754482508530037,-7.528711730355831,-6.5773712705626615,-6.4486478292436304,-7.694443884519472,-3.391343662317357,-0.09896938031877657,-6.20045462337158,-7.064624586507248,-2.174442522903534,-7.507433917290581,-3.0984838785922513,-0.20334661327925613,1.0,0.0,292.9597726728199,0.9194697026871019
185,-0.09280990846940473,-4.6877940851699655,-3.2817219113471876,-3.3924209105660967,-0.28063830163951115,-6.519724663415793,-1.7480099079432152,-0.008348631722445876,-0.013505818077485032,-5.061217075849584,-4.375367600726381,-7.311545063388572,-7.68817756991635,-0.4270362649045608,-7.494481237017497,0.7921466872238259,-9.47510022178326,-3.767733529422067,-7.384630431911217,-0.0077551758959327755,-3.711922787559131,-3.4945372191623405,-6.558397351729531,-0.08672757600998071,-4.074930518851541,-8.339225161128718,-7.033771433969881,-9.052642800372357,-4.171007105630295,-4.284388189390112,1.1294989760687848,-0.12036517183136519,-2.334446430629257,-0.5289889529879209,0.5431514761322375,-1.275324876050782,-0.4273469737838851,-1.3244487131191176,-7.670042513555808,-6.790822712859715,-5.128630241229035,-7.864250467855128,-3.05617183807475,-1.1495100262272557,-6.3782700441277855,-6.633396709594887,-1.4832593848493565,-7.8141227257227985,-3.1124961634641295,-0.5843561378918376,1.0,0.0,319.5817957828476,0.9101691839360136
186,0.1699406634093391,-6.06649011267692,-3.57231056121509,-2.9605551779263592,0.3113755676388831,-5.96998083238865,-2.0323458353758177,-0.29873966943734975,0.43702443137503283,-5.302770717463749,-5.025065469320466,-6.817366897306241,-7.8903828215774485,0.7611057908586857,-7.950138240158054,0.8854679745978524,-9.379674705781346,-4.607181376436637,-6.868748098989453,-0.3576818410548547,-3.9456216910030686,-3.693868476272981,-6.631857819112874,-1.3786174886603897,-3.8211862392108875,-7.515596398715685,-5.808398166892097,-8.874506219326241,-3.4668949924179837,-4.752928865620178,-0.22918537228192493,1.1263584243396079,-2.21090065321691,0.4710028125523432,1.0570308543079272,-1.1492170016500884,-0.5540303284911192,-1.1326820695168995,-7.384935858063965,-6.565075561515926,-6.26572287634091,-8.564776739243491,-2.68310660710534,0.15110716258029966,-6.019266675299256,-7.215553582512131,-2.1035716512587683,-6.257962712146636,-3.095683957903282,0.2857737796327344,1.0,0.0,305.7610752085501,0.9139865473587476
187,-0.6536564751760858,-5.419269836839295,-2.894120821256277,-2.2070811299824804,-0.42643653330207254,-5.965185046790551,-1.5100298452021867,0.25709434097337613,-0.08758688935775728,-4.975803295998416,-5.075326778179926,-7.3175123973345295,-8.487381511480482,0.12567038324853913,-8.068470579708718,1.0326583344522355,-9.438775933904944,-4.031532042139088,-6.627570883553648,-0.11117139094943615,-4.383960780047918,-3.813321319517188,-6.723192809795015,-0.28946132472333386,-3.966146064438486,-8.597144708297852,-6.650963296905392,-9.655735374485023,-4.437136964189485,-4.632315970695174,0.03400556696308582,0.7268221005836555,-1.6102152598611204,-0.7007953509460421,0.5827608661295395,-0.5633772731658139,-0.6871951729815517,-0.8005996800418576,-7.333770553838589,-7.104847342014967,-6.116453425994402,-7.8151328249535625,-3.24529686857712,-0.8632816305232327,-5.673915311349183,-6.652984226634654,-2.531753348218289,-8.14799109927069,-3.1245115186290993,-0.32270319152992966,1.0,0.0,369.0832059189672,0.8505056323317464
188,-0.36738413049752083,-4.659890725738358,-3.3328553859833705,-2.406452767694348,-0.4478935079667598,-6.4185759668941085,-1.7081962745252817,0.09083647572686807,0.18275567866742076,-5.16839414008348,-4.055296035275756,-6.372756106544485,-7.591545259634122,-0.2294682161013074,-8.111239066010901,1.184568676532296,-8.501006456071705,-3.3576034391827654,-7.291720931694116,0.5168113355216635,-3.918842737913631,-3.1882353694552887,-6.268479315821945,-0.6017884256715696,-3.627505766766501,-7.132326932715488,-6.63449541698364,-8.552412716455855,-3.6566322917063077,-4.396380904450788,0.5710271012312511,0.4996965916245168,-1.859490840946169,0.22117882601244376,1.1565869348257891,-0.6687816537406265,-0.453243041594414,-1.5060321323625026,-7.367722110224838,-6.612658718362915,-6.582441982193262,-7.840098128912233,-3.3384072111637235,-0.7799583268475575,-5.555016605356368,-7.240647480825021,-2.8332641822529703,-7.088364970078335,-3.387126422920199,-0.923609672575076,1.0,0.0,273.06239421535236,0.8540903173218591
189,0.6387029110539735,-4.940043810791014,-2.8861813630524895,-2.6922860554258365,0.04001788586227373,-5.987274266022941,-2.0189225454070674,-0.24621714901821173,-0.06892345585166404,-5.381368637464678,-5.333179930751405,-6.877143901086587,-8.230932665504879,0.0954593914171547,-7.468167968766969,1.2865560156603302,-8.057981513510473,-3.8055361753598045,-7.322640669246248,-0.34913084010890744,-3.6530519231432783,-3.1574525054441565,-6.991713514108556,-0.7703762670202507,-3.597752872774786,-8.60988569517043,-6.377703065620694,-8.961190280500572,-3.206434097066258,-5.053718718355682,0.15774550602849205,0.10079915787711091,-2.312878233464488,0.3987567223502766,0.8637883116179219,-0.44436600051305,-0.4326772753597885,-0.9759165977775349,-6.862901528739201,-6.835734524476461,-5.72411687096915,-7.492920744056839,-3.7128837626129227,-0.11032503603603702,-6.335204120351795,-6.540153997533541,-1.8025729497447274,-7.34649553715883,-2.750289750223687,0.09949778038712187,1.0,0.0,294.2211765836288,0.8481817590970196
190,-0.6878252257479602,-4.951925444132981,-3.3151624217534295,-3.8455490193173416,-0.15783817782325327,-6.52177343086842,-1.0939410473711664,0.6531290742562326,0.34593549642760024,-5.123424425706021,-4.2698991677590445,-6.915887280531094,-7.313620153983177,-0.10704133565592835,-7.992743335766633,1.2311595170099345,-9.475199419803614,-2.739945810613113,-7.27030146627341,-0.12231328768164623,-4.363815406570404,-3.5477516151434627,-6.316132932775694,-0.2553786268839189,-4.449489750221243,-8.59071542006062,-5.777249318207986,-8.90003804234366,-4.021101894309002,-4.582343022921811,0.15326410573534555,0.7278210734113097,-1.353011871948023,0.17288126279893867,0.27902086487938804,-1.0322368520400522,-0.19159259102170534,-1.207833670163923,-7.282485331167829,-5.9398044473440645,-6.547302407850504,-8.804092019550744,-3.9005347291161545,-0.24700646985132824,-6.533935858145789,-6.436301771538138,-2.0842490396565214,-7.459536349993427,-3.3262821047353657,-0.5074071186294316,1.0,0.0,325.95313293743203,0.8622371500608595
191,0.46547404511489804,-6.08594753502274,-2.6225552787799398,-1.707711160100691,0.5037685158606037,-6.306548970118417,-2.0697214929847063,0.3789261267023114,-0.07241699235534532,-4.4806788767264445,-4.884905723117425,-6.734227508145557,-8.271560210486987,0.30708774287674023,-8.589579369717638,1.4364202925095204,-8.973367063054454,-4.4972088160362205,-7.205475072148497,-0.07356979297536086,-4.217513977514569,-3.841486613130616,-6.977348752363888,-1.0906513635782993,-4.5423655809658685,-8.400402536669818,-6.957577945733561,-8.179672171935904,-3.8952716596541266,-3.971725186875911,-0.05090015425730776,1.2905225014477675,-2.1241145974686906,0.006997301639483422,0.6276386356985765,-0.4001746363027352,-0.8845582426873831,-1.376720470937714,-7.314592274195562,-6.226636587102888,-6.496124129175226,-7.708818055030385,-3.3031290891151848,-0.4482309112978134,-5.215886390020204,-7.5052297303536655,-2.2885953911573487,-7.123364310520932,-3.0945239120807937,0.5847505359886513,1.0,0.0,335.91771435770653,0.82739121712415
192,0.46274113217156876,-5.086777452135538,-3.058570222525707,-1.984081446184812,-0.27088987836671224,-6.452743900037029,-2.0955726856563,0.48263811767069353,-0.25616853777044934,-5.184787186117754,-4.86361853937756,-7.3728270586797455,-8.061983898817427,0.9081769457774435,-8.10132979509492,1.170359411975469,-8.138711328985279,-4.292023995640048,-7.080649952726874,0.5312634151641613,-4.381652024555278,-2.6575139962802847,-5.940690027657693,-0.9809675115933387,-3.820403877598496,-8.909675624787326,-5.38986906975716,-8.172472392628002,-4.032615334094101,-4.714148267223671,0.418722310489739,0.18921915177564613,-2.037839772849376,-0.8504934242127664,0.3831007078281921,-0.51552660123176,-0.2730249903606392,-0.6907705292485817,-7.90373586425664,-6.050060842688667,-6.214804644637533,-7.803523933494208,-2.727376123685992,-0.1902021736227857,-6.443176513154989,-6.2838546958298656,-2.5912354937452897,-7.4402803020268085,-3.283743506307427,-1.0774529926889773,1.0,0.0,299.22179049884113,0.8314664436282408
193,-0.3621701717759085,-5.6732660624535916,-2.6591445005118413,-2.278305983383807,0.004113139304095986,-5.360511418271027,-1.6184648720409915,-0.40973546622816026,0.2440649376485754,-5.5668603024909995,-4.974619000930798,-6.774616349372769,-7.882142156194203,0.20647757381712414,-7.628409899007263,1.5552579927041266,-9.424066593432293,-3.9347017647156832,-6.889162146642196,-0.4148145480384536,-3.580157367560779,-2.9919786235700667,-6.4539696792533885,0.004807603458853171,-3.6801606674584724,-8.118530974758285,-5.883032210120005,-9.075744419516278,-4.501144647775927,-4.620997503277992,-0.20892231102892372,1.0694960768288737,-2.090807546025414,-0.574590695788595,0.22872565728456767,-0.23409022479782216,-0.2844587995287683,-0.6741329633145666,-7.602896851519184,-6.712541929294802,-6.629091000525861,-7.460486195047806,-3.4595633941286845,0.06423769881120533,-6.5184043114063135,-6.691076238915196,-2.4026355358416334,-7.830458095871693,-3.037333740165569,0.1289115018628701,1.0,0.0,280.3996382342169,0.983146800522909
194,0.11262053528639784,-4.445548811191084,-2.8164060560152526,-3.312078699057337,0.18062137402932424,-6.8435200964639,-2.115193324916419,0.32392495367353613,0.44827076677369665,-4.936322715499501,-4.953484084904278,-6.141058049764908,-7.686385316782344,0.5866599814892681,-7.410411318677428,1.1044531847487822,-9.493929766709023,-3.692099010573515,-7.345604353280594,0.0004387348483841577,-3.9385060387261563,-3.6435737664772527,-6.72907264433939,-0.7141067952974698,-3.793192713585084,-8.544532538049587,-6.287672251309861,-8.745053546612308,-3.8721216848040614,-4.8538308765709,-0.368459578057584,0.2520382013617357,-2.4279558864050887,-0.06990705258963048,0.801705796832159,-1.365805614582669,-0.5858922863285438,-1.05898833752592,-8.064826802587001,-6.546374415368834,-6.614925751404301,-8.138121854216493,-3.357252175678244,-0.08156619831330031,-6.391307289430726,-6.286871143999868,-2.529490356280325,-7.636634202345863,-3.362250514264525,-0.6115285055841937,1.0,0.0,299.4941106538271,0.9824430759042819
195,0.3942577832313776,-5.579008414666404,-3.1949818667702456,-1.9853373497793814,-0.1506091492080213,-6.496612766963501,-2.9052324328687567,0.1373065954314081,0.5883867691132401,-5.32109375920764,-4.796799962931283,-6.359912687543284,-7.451450594770049,0.5307214892319891,-7.673603203293858,0.9895548861486206,-9.494298157371281,-3.751507863935408,-7.166912885460852,0.22971899646775415,-4.271825918939958,-3.4980306127690994,-5.692223372803388,-0.6558175433683364,-3.608150782763772,-8.41342159423253,-7.230044407840307,-8.820632735025498,-4.472678355832343,-3.7884911709392144,0.06983674903166454,0.3854616715950458,-2.0296003726269074,-0.42729882693728616,0.30891598224594696,-0.8397255785136198,0.012653257786740313,-0.9388548764066867,-7.404940055372892,-6.385242361505902,-6.016168749197702,-8.22119570491675,-2.7254765245033887,-0.5858168972615438,-6.763539806829056,-7.1263213041755185,-2.585958704939401,-7.605270723257777,-2.588933492043568,-0.7341463161075418,1.0,0.0,329.6336121212992,0.8357987845632278
196,0.495109370894079,-5.6913943557201545,-2.2679203129426213,-2.433843091803768,0.7089555973246295,-6.433646360995024,-1.6471456845737444,0.5559510188059569,-0.20251332920439286,-5.208506913389623,-4.923977032970718,-6.990933695960553,-8.048056926444838,-0.42477416654478,-7.619868382540897,1.0408597229323167,-9.579568395904941,-3.982175820583741,-7.2691360606785995,-0.12580563069209752,-3.589758714630283,-3.413513075667265,-6.274224644670871,0.3736551025149558,-4.09690535708627,-8.418637396382264,-6.442814475282425,-9.568689748224491,-4.233412345794557,-4.139022517680605,0.8699776040501096,0.35726295226693106,-1.7679334469018524,-0.5298796222459212,0.2891358442344144,-1.196942163389767,-0.26541519804524827,-1.8570679975754174,-7.455056607217185,-6.33408179973667,-6.149214547551648,-8.053489097782261,-3.8863288666254077,-0.8594033641125712,-6.020834487249329,-6.373359674072416,-2.1198423633634835,-7.868500475865883,-2.922494505951353,0.7063828406723217,1.0,0.0,348.7184894548889,0.8046182467096026
197,0.03452875262143132,-5.702592302903261,-2.971724721048619,-1.937313547356094,-0.36874958122045065,-6.52220948543342,-2.0340798445074304,0.08481465841000066,0.24845098927444903,-5.356363441530018,-5.156301910729031,-6.603935903057975,-7.781681672051601,0.8743801644780481,-7.452749697926913,1.8299816252326369,-9.176913679927138,-3.8064262189612195,-7.174051801962855,0.03626552474054679,-4.6465633534944075,-3.060788574761436,-6.224301297738745,0.17791603088066354,-3.410380798318426,-8.61817547392796,-6.3917413119616375,-9.48770806877495,-3.5588769208775917,-4.510538415309573,-0.30671308920103735,-0.23165074188428114,-1.6207696339212516,-0.15144010169651978,0.10804888698787257,0.25330980169078865,-0.6494353908926295,-0.3430789917452238,-7.990069191953516,-6.314261619475584,-6.488492579674181,-7.101460280830202,-2.941564687113173,-0.10262000323594739,-5.893399178216549,-6.503134216175744,-2.089913731282302,-8.032186996598668,-3.084094068535819,0.34405277576597093,1.0,0.0,321.11490931640253,0.8388655538121906
198,-0.06541295655217388,-5.828421045474961,-3.3751274343481943,-3.0465937857708862,0.371370626267531,-6.137447041379733,-2.50487245248216,0.7963694383435751,-0.16489186246171994,-4.904822187631563,-4.799296962014768,-7.089798902127218,-7.7315227374641555,-0.09755817605815478,-7.847861223666922,1.1158259929818162,-9.685216356122622,-3.7961809875807773,-7.554761840538687,0.22891793923531972,-3.632529446981082,-3.105435599918531,-5.94018412266077,0.19841603223892357,-3.9836513062145156,-8.680047675470899,-6.970132693871133,-8.63015017332382,-4.408867360583579,-4.181490714002331,0.8137107870344651,0.2983361699128432,-1.3542992590907486,-0.8099903602430354,0.7839585244276432,-0.6809890856472524,-1.0366531157958616,-1.0170688729310309,-7.075542080000497,-6.491851913976815,-6.756585615391711,-7.568423104353298,-2.957768486203594,-0.6687993892555507,-6.004563499118936,-7.105251075487837,-2.768008596617937,-7.193220202188395,-2.9668974894060005,0.4105789172440769,1.0,0.0,316.5880562973668,0.9329702866840459
199,0.5287702619346314,-5.383381757111144,-2.3488600099899823,-3.010594859774396,-0.20179042844923764,-6.266227422536103,-2.145192092650012,0.1443670531676578,-0.3617228175406643,-4.782562208031268,-4.054957903104427,-6.199553073667877,-7.012621483262931,0.469169985250799,-7.601870164844933,0.5644363419799232,-9.123286620450575,-4.568194261264278,-6.926176307662819,0.12216081107323855,-4.038617836257799,-3.4616075946860185,-6.5865393216705845,-0.5357818814225428,-3.980267541487832,-8.27129521575134,-7.065214688954666,-9.223947853926136,-3.432911743516668,-5.246623571778652,0.043600081168107124,0.13375470406233125,-1.790178460992642,-0.09594536140964405,0.3277489313163404,-0.987054056453879,-0.5193173966931048,-0.6184220608419504,-8.017366044264026,-6.530792812259717,-5.817256015164974,-8.386460397166282,-3.881502358578669,0.0745340094781124,-5.525281972240987,-6.261519920071481,-1.2216466638629675,-7.897341698625803,-3.513907585785008,-0.05794152878646125,1.0,0.0,291.1594976991626,0.9481077712555507
200,-0.7119655994158681,-5.4999871452769895,-1.964569979377069,-2.1381819159496596,-0.4550595710415922,-5.421167080334984,-1.3375255789124887,0.33118922680539115,-0.23755675378549715,-4.863948595730121,-4.064218984642388,-6.608662696292076,-8.108688821432883,0.2952485339733669,-7.762114486671497,0.4911747554152376,-9.75846590198112,-4.382741446901631,-7.062882206009098,-0.4480641278465535,-4.092637057415848,-3.1904008335865677,-6.724806508116002,-0.9183291157957363,-4.213183277953981,-8.541035698727985,-6.947793939393149,-8.313379560464288,-3.8509637224291664,-4.024519468924334,-0.19776719665518355,0.22696439180869676,-2.4583390624944945,-0.8021265557357098,0.7338051192479731,-0.23459584610995826,0.02675544042675171,-0.6491320468149329,-8.570649964921587,-6.603784285602132,-6.114330813324277,-7.66385866985944,-3.432238457814372,-0.07810357443604882,-6.1051118869005325,-6.662496450961652,-1.9630062648468423,-7.826473964152013,-3.5268500205145683,-0.10072481571028083,1.0,0.0,329.851516603036,0.8043572875634255
201,0.3204784318681629,-5.282181062829822,-2.472500965064304,-2.876793958626364,0.06594980373551175,-5.864893329127963,-2.2496032363353007,0.058232150418330436,0.4997287215619107,-5.299765392340953,-4.388178350636533,-7.009823581323533,-8.065053564633525,-0.44476545873999374,-8.497270407741953,1.5560918856553143,-9.246083915256673,-4.253837950484302,-7.000220335969075,0.11228074781603538,-3.822599328269977,-3.2529897712032065,-5.9943861112275085,-1.0749380234120596,-4.45840179510637,-8.59000800564927,-6.501369100068537,-9.037126313805553,-4.32368132295788,-4.25463073407543,0.34714627461364045,0.6100236958208645,-2.0005905278758704,0.10506119078556009,0.3726639411493823,-1.2082252190809184,-0.8629824175082248,-0.5937185562247889,-7.810440464920149,-6.307356089781502,-6.105630323375653,-7.96103652144269,-3.6477281640722428,-0.26130775805991174,-5.791755360978585,-6.943848211879137,-2.165153950442657,-7.45826944206032,-3.7734671772630275,-0.35024816343355725,1.0,0.0,330.21191294315435,0.9097559430446537
202,0.37537955703355974,-5.279914133052111,-3.143908632476128,-2.1307249463433893,-0.27565806552242783,-5.982279613967246,-1.7360087045055548,0.23637248315113213,0.5410089763236999,-4.161441433304995,-4.261544444386342,-6.440189447623571,-7.672990352387369,0.11797455465947718,-8.50576108418232,1.4370956173535059,-9.517165657473276,-4.947842246444679,-7.329041828244015,-0.11442613860037859,-4.585049911148148,-2.965498095039177,-6.2227323548336635,-0.04898866167383892,-3.999859772377619,-8.53836308993397,-6.412155336504473,-8.655822889131352,-3.9574852028725416,-3.7487055152572046,0.09874249400174942,0.5410249957661859,-2.1994520289979165,-0.7226088508520965,0.007204219451938887,-1.2706779926499707,-0.5562724919879698,-0.8003664426155427,-7.056860178265643,-6.415545468066331,-6.928845421718701,-7.611895709594938,-3.6688795612452423,0.09998424777322734,-5.970185336717899,-6.771601965206212,-2.3177958216415457,-7.695901196502721,-3.0009439331180476,-0.5177415490284629,1.0,0.0,322.0825050950692,0.8003120128160487
203,0.10258107960577888,-5.543932352352695,-3.054162552206882,-2.346854300811119,0.46345457679649044,-6.447244532846605,-1.8858384503494188,0.6137346396356449,0.30611173963526866,-5.357806422525792,-4.315931562169804,-6.6165032299925945,-8.297970350050145,-0.0845995143874902,-8.323754932690203,1.3282388071431623,-8.88943747379906,-3.584084913924496,-7.459623943185223,-0.1798264418749555,-4.105635422947486,-3.2749104662930675,-6.5860220428551255,-0.3511238067857013,-3.4745661275033206,-9.123224472730469,-6.192227981418575,-8.691541172779056,-4.55040079522019,-2.7161640025757645,0.5865719350844372,0.7898523012343822,-2.5670166724811967,-0.31687739239483353,0.511943168276071,-0.46928742935486345,-0.6018477092426147,-1.4103542464665115,-8.147132034160128,-6.316693898446881,-6.565718159614889,-7.843559396875983,-2.6797675643095937,-0.8794059097726125,-6.163524023884409,-5.685101918609598,-1.9872083600303068,-6.760473067959868,-3.2005843700453944,0.42190802089875756,1.0,0.0,305.4080606684055,0.8979397962620248
204,0.6467249888934025,-4.837238513385841,-3.2652049164727415,-2.087546686270075,0.002392309498030737,-6.495204179976145,-1.616456316880245,-0.00963325820081054,-0.479633790655075,-5.113650882657726,-4.2248831698634195,-6.797561785241131,-7.521724696580449,0.6461407771523281,-7.951029205804572,1.0614413800926827,-9.48223557281964,-4.205369228179132,-7.413751167146223,-0.9869420854091975,-3.918788411960655,-2.551720876115566,-6.266274991652599,-0.4778976029368649,-4.128847041150131,-8.148437424180576,-6.6691144543633145,-8.282502782957442,-3.8456873653080637,-4.1979308845191134,0.3869515998062174,0.49456782963373663,-2.982325170364077,-0.5805397930675721,0.7766985291165477,-1.475749774902808,-0.22525796772266218,-0.8122842066410945,-7.458725779456917,-6.332694162732494,-6.151842486392513,-8.099364312056409,-2.866002536872798,-0.7703139559610029,-6.517412047552785,-6.968034961060776,-2.5443774549794314,-7.196005273736206,-3.376896651934805,0.12184728529895222,1.0,0.0,296.53482017258074,0.9215610834648629
205,-0.3130138928096793,-5.484159064057177,-3.1298402327074353,-2.631831205572767,0.051997703202865245,-6.225480811996712,-2.2303968080440546,0.7307112256604529,-0.15784649388609467,-4.833854072352116,-3.963896865237363,-6.117169963827691,-8.318339926950859,0.7810312210661239,-8.018034381357518,1.3771307605519971,-9.150503988330753,-3.9773624506682146,-7.3371966678147755,0.24351111637389433,-3.645754352176713,-3.678911522634213,-7.003077462265373,-0.6871963223873148,-4.409106253834798,-8.80808946515109,-6.076710862713892,-8.807954460105048,-4.371329410470135,-4.71265417958913,-0.012268188113432749,0.4532860416270392,-2.051563220538657,-0.3680681046226359,0.8536242003470268,-0.8005341691161456,-1.1713252937106287,-0.9932611554278649,-7.790859466532574,-6.637988105752821,-5.942686189847829,-8.748272303104358,-3.8251526095248867,-0.5634782013491382,-5.435477764035382,-6.969603913101929,-2.366678527912331,-7.329618973241631,-3.2501023433417884,-1.1405155399856253,1.0,0.0,303.6851799068327,0.987268636532796
206,0.23519877179412205,-5.53455674656188,-2.673131247637537,-2.3186902441160813,0.029370773970908773,-6.627977293556621,-2.9777589504946738,0.2839078439129019,0.17604225056575537,-5.07335979205135,-5.342100619274535,-6.98424959158523,-8.516699611479362,0.08528220013483546,-8.286749886375267,1.192312684790387,-9.47470735440176,-4.58123810806619,-7.956924996833646,0.25503046941784646,-3.7789479574917153,-3.5037195474662806,-6.93329769458405,-0.8896686017071325,-3.7210078454745745,-8.637051111818124,-6.9386442044787415,-8.716570600388428,-3.9804949845589954,-4.841216836439709,-0.43520558822913813,1.2529722293057712,-1.7293755303159102,-0.7937389226160343,0.5452392342037228,-0.8325253065092786,-1.035594468152122,-1.0480776231738456,-7.91061906607891,-6.364754694189026,-6.663314635387942,-7.847979826412782,-3.298072007130211,0.02166528031088691,-6.3289952603217605,-6.053647998613174,-2.2539398654959415,-6.598599228486953,-3.1556285632547563,-0.21163391285575855,1.0,0.0,376.8289784145042,0.8492285433181102
207,-0.08670844232590619,-4.872863073920365,-2.050911815365101,-2.433146444531717,-0.1297232710644204,-6.273655737139048,-1.360075644957562,0.060615921451200205,0.007348627356999274,-5.379572279469982,-4.403101257033681,-6.508132893703898,-7.636713302308823,0.17006507361739964,-8.057038752938265,1.2553627588589924,-9.312072058360192,-4.625400354597329,-7.041381763079325,-0.34671169175794,-3.641021901935639,-3.1598570250007336,-6.012862572431646,-0.5554906953946258,-4.672889734719862,-8.50174315409878,-7.160774042159088,-8.609584575235905,-3.827054876813464,-5.215867132118042,0.4721846346698827,0.6114648712947687,-2.9541579122487795,-0.6908145794665332,0.24257159812877044,-0.5568199179524624,-0.37961287235782104,-1.8216742439372218,-7.33382453755083,-6.705058412332469,-6.105382606004706,-8.291147518207357,-3.0473731141193126,-0.2338015682407565,-6.505832723473212,-7.065674581740971,-1.9198764953305276,-7.283385160886594,-3.4690840775801326,0.00155785944880657,1.0,0.0,309.65492788474324,0.9524744081999454
208,0.7845242805398421,-5.369709337658089,-3.342932722234506,-2.159214751540679,-0.25215963422972193,-6.395129797834155,-2.559412203711362,0.43022954576876066,0.10838207665011315,-5.425031546166789,-4.530752748738808,-6.817094705303887,-8.053973881505266,-0.6013039618159819,-7.561366742867651,1.1581760656265985,-8.517111216126718,-3.4868067930358757,-7.538145251064587,0.29167939849186375,-4.339727142497203,-3.2419076592512264,-5.62961987157016,-0.39011319628943897,-3.664906392588074,-8.807065802181222,-6.637945481978405,-9.12006484532225,-3.8127028933220077,-4.785467606227321,-0.04609610586782176,1.4294826962876934,-1.237447086608607,0.006934962872837125,0.3010673143794847,-0.9712529091057005,-0.5074596833941418,-0.42800496933512533,-7.348088901813267,-6.0875234015843995,-6.008992166433102,-7.449284249105278,-3.4193897007172067,0.06436046510679505,-6.661005501458541,-7.036271430430394,-2.3317669089087816,-7.220925483215818,-3.4081800224146908,0.09015894992257512,1.0,0.0,286.4033306536021,0.9653917865302819
209,0.49046646126043586,-4.948305357819315,-2.956725561684034,-2.282584791974767,-0.12001078907703902,-6.146981159169202,-2.914306166770215,0.4633981696373728,-0.01502351733545851,-4.86286031227926,-4.688462223171514,-6.373163383780491,-7.480214682254545,-0.20917699497886316,-8.030244274877154,0.20062438003046512,-9.143425262515542,-4.063101727496745,-6.885016611711407,0.15796876617763037,-4.121143517138969,-3.816102631276097,-6.024976531051224,-0.6287788030516621,-3.8609593227759205,-8.506854850823965,-6.784249587037465,-8.885306452476025,-3.555079634778589,-4.711684512067984,0.285729469814957,0.8411453881024225,-2.099158301607416,0.02632149425716207,0.7449244446306326,-0.6265149750017781,-0.4565092206539634,-1.2389811480019648,-8.11542289901566,-6.130705770713134,-6.376662907861116,-7.700587552469327,-3.8166288644359163,-0.4048936388505843,-5.30407941078786,-6.112052261956456,-2.1046333918637243,-7.052957244664521,-3.0345317204962963,0.20070334516299365,1.0,0.0,265.47334495869075,0.9753224266496774
210,0.08262733731622457,-6.168268449366374,-2.9602446023210924,-2.64990128184311,-0.056630241279812116,-5.831640769675317,-2.215829312474,0.31602330052248256,-0.4972257973624953,-4.736707519990366,-5.123777539720902,-6.0672019004038535,-7.475951389096507,-0.47650132444345983,-7.6580527277348285,1.8354274242133672,-9.261577570422373,-3.6347069057190713,-7.366497816481329,0.19748498838936782,-3.6344897203681983,-2.604789705820524,-5.257352924705528,-0.995994635699046,-4.199766502523365,-8.467590505199977,-6.384847258874071,-9.281650387936475,-3.47512231057368,-4.8966968330272715,-0.43336687613847436,0.7733823485858488,-2.6628432168640597,-0.20348935217113978,0.4619251450115688,-1.367712775789942,-0.6404003703625376,-0.8285153389536434,-7.267823490278774,-6.052932873683243,-6.4502585356134166,-7.96157371287258,-3.7474875190395123,0.6119232247738504,-6.209776146941325,-6.225475599656772,-1.7354719887996377,-7.840387058767269,-3.0186955640094624,0.1741515566044809,1.0,0.0,307.3795912681359,0.8004207003811643
211,0.8028213150333344,-4.976267702800654,-2.0344998685208493,-2.1572692579858996,-0.25374818552441014,-6.064657047244266,-2.406851827727481,-0.5782945107236814,0.7430017913488776,-5.068119317495905,-4.762438691368559,-6.540421517755665,-7.451159130321855,-0.5167629267120974,-7.462585089770442,1.221919600178846,-9.004583384164885,-3.592665614994051,-7.253360134552913,-0.24520572433593574,-4.372553380190454,-2.6748274265932053,-6.149788443343422,-0.6500383415322216,-4.114919021151357,-8.160949456974276,-5.932619986493319,-8.745252082650126,-4.061450685268667,-4.5617680553111155,1.1447630130617514,-0.4450001912894206,-2.1904360665756406,-0.5236291100588089,0.06333739686989331,-0.6391885627146352,0.16857290647913592,-0.8723959949224606,-8.343839532894469,-6.990146359308168,-6.3355724925276045,-7.668481585711226,-2.9886944737442147,-0.542186647124016,-5.794474396477799,-6.816503159714176,-2.995688872286071,-7.282480311709682,-3.358071317085897,0.2411044480013651,1.0,0.0,287.988899977993,0.8892027906339397
212,-0.3075650821683169,-5.19704332940092,-2.76285084536097,-2.9067336259776178,-0.5863321780656267,-6.089459245165331,-2.000766022227049,0.8259975543951369,-0.39071282108765404,-4.768177412888328,-5.525942369507556,-6.245702202500187,-8.08158397638976,0.14066488620126982,-7.773397920548285,1.239329555468767,-9.599822171900733,-3.7249397586253457,-7.16276985629806,0.04820215342406761,-3.8876210998176184,-3.6797539569747997,-6.359125905323389,-0.49779233367485626,-4.4643368361034605,-8.61146669312194,-6.255991392913567,-9.092694375161937,-4.02729183679181,-4.945984343368095,0.5840541550181721,0.39493333602540953,-2.0814094036326023,-0.9073254892436767,0.6287914291028373,-0.7651506307404683,-0.867139838485135,-0.6510719179253583,-7.6866395321361916,-6.514958283137963,-5.8346068693188835,-8.12767238488765,-3.65204787837187,0.6136362995933027,-6.009202409932752,-6.100951040727487,-1.828723618870253,-8.10832168934995,-3.3713262483901634,-0.20083795758540757,1.0,0.0,297.76582422516026,0.9864790601451421
213,-0.021826759061291695,-5.189476604458585,-2.323710426871942,-2.8763896493206382,-0.040806199929428064,-6.356083744146084,-1.9309962971122883,0.002726801025637937,0.2805798276249228,-5.740670689606231,-5.016980179050864,-7.142572874047643,-7.707316154756096,0.39092877951375726,-7.554260657705425,1.5662191052562542,-9.70548860749675,-3.9959348122117335,-7.02318578466785,-0.017649095844166282,-3.755088474198326,-3.0184607448655383,-6.342000370295654,-0.7354936656489466,-4.036154734775097,-7.843308965836438,-6.464777671988848,-9.242460705650371,-4.316404017803748,-4.025381632778669,-0.22752866114148013,0.867426651023596,-1.0721033688910282,-0.3733531438569476,0.0613979391777012,-1.412054385402973,-0.07144924191057828,-1.4495365639683786,-7.5862104981564205,-5.678204892393171,-6.070147537016372,-8.014549240156114,-3.396320331917104,0.14950262336262332,-6.294915777209708,-6.677432621186315,-1.787984339104519,-6.9544024498555945,-3.4469338710533073,0.2410216748150667,1.0,0.0,307.706875776179,0.8757995127415417
214,0.3434162740979591,-5.8858367876685245,-2.7301204244077146,-2.6176657695185552,-0.07304872866247678,-6.251068631778874,-1.2792506471805802,0.1968235438217062,0.2126522297308524,-4.493827506633391,-4.828700251383944,-7.311070371699991,-8.283306861329802,-0.5183360351700489,-7.5573026399775465,1.7271063127626536,-9.277265420895802,-3.2950149361949235,-7.528114889975364,0.3378062201143956,-3.7721606785555055,-3.5904010575829988,-6.371861978419472,-0.16863392216573625,-4.400697788271531,-8.443088196173969,-6.870426855348771,-9.381166790040563,-3.7956587197267817,-4.8272819743352535,0.7448275167586277,0.7845611729749441,-2.211437048653772,-0.9400746135027775,0.7748633598554757,-0.5559892830749587,-0.8554233457446645,-0.7847685417352767,-7.836422050229285,-5.766465603131505,-6.024491554065817,-8.276533886332894,-3.382163070341369,0.38793409617939656,-5.554456952517225,-6.74128608742858,-2.7721635708768946,-7.024879143000889,-3.5708363159590535,0.6192283485702198,1.0,0.0,315.8098027661889,0.9546091707415145
215,-0.2774191707295607,-5.470876235913004,-2.1486929521208773,-2.5459170529792536,0.41267184776040206,-5.804933974601695,-2.7585563910550355,-0.09536603638549218,0.2622755283152078,-4.966381452559945,-4.8726586319716585,-7.084123544645659,-7.727513337905392,0.37883316664718214,-7.669996875159132,0.6328761508937174,-9.434207274439306,-3.5396455478620235,-6.974709797233662,0.20005130359976675,-4.1875097317029635,-2.951635009252593,-6.4262298073994515,-1.2454843706425698,-4.482439080680801,-9.2273544979643,-6.485174099549644,-8.645432459791435,-3.830734477039922,-4.285655160172361,-0.17944770735505955,0.9165561875521689,-2.383980785704185,-0.6717392350820943,0.7456862079524569,-0.4937193206976691,-0.9397816543143075,-1.0415741444373836,-7.860771062646236,-6.526813899061264,-6.558953262665918,-8.156068768126449,-3.47502637213236,0.234015197925943,-5.518257209102039,-6.574214114421425,-1.9993829316048428,-7.2095715332570816,-3.5653734220493036,0.10374804826203321,1.0,1.0,374.5549448482157,0.43716519837798223
216,0.28518541003998366,-5.84410681538214,-2.7005468869363054,-2.5839660144173395,-0.2470471691471786,-6.747370998337397,-2.336273022702982,-0.09482172026493912,1.1565106195876038,-5.6323506128813285,-4.7904310081273636,-6.567981475956849,-7.398275707823259,-0.33377193745834366,-8.64011290548888,1.0165344756372086,-10.00967001271181,-4.65059306276009,-6.942307826715245,0.0858997213866437,-3.3586728037333904,-3.7937435850154237,-6.4837383787486935,-0.30844634647532576,-3.370770790783058,-8.305056767147407,-6.645266502272726,-9.516095030306127,-3.8373605609203607,-5.135907503760323,0.49600530766544504,0.7443418196774648,-1.7807710575628983,-0.3680604194201846,1.2392061198144062,-0.15220887027350716,0.23461673440038067,-1.3916041910121786,-7.4574437876899315,-6.867861265449941,-6.205321500038082,-7.896252379515834,-3.2098009245712604,0.05708251488818472,-5.749955501401146,-6.496181492629279,-1.8830899654653432,-7.848763610543947,-2.9923778043292684,0.4174063645553354,1.0,1.0,393.95309830531954,0.6166832697121797
217,-0.13087392460544067,-4.925079987976698,-3.0191121362587308,-2.351213611435801,-0.40324415496825966,-5.945388636959428,-2.145404532296118,0.6456802913847532,0.07752120612988327,-5.120427423101118,-4.436299329810345,-6.942052197172661,-8.120359783422304,0.02435448472828238,-7.840386268815869,1.0435038740723932,-9.249907259606553,-4.370593538218527,-7.101648417723842,0.09256525480917457,-4.204584284405473,-3.2119657788118365,-6.010989824095639,-0.45960254543815715,-3.6179710763856594,-7.986292457289682,-6.186110025599993,-9.035257755064324,-5.051442085917466,-4.2143278193229765,-0.4216405373435249,0.5438359217989349,-2.041179942913879,0.011484183173143925,0.6355309709644128,-0.8649552866557699,-0.48519865115983596,-0.7292037205092239,-8.30351030335615,-5.639292421320234,-6.616527041393855,-8.349694269358974,-3.7948379172771456,0.660715046776107,-6.509564861230891,-6.555717303967239,-2.7618673620022127,-7.07694665474593,-3.4551908184305855,-0.39309350455608083,1.0,1.0,379.5153345718443,0.38794485999076644
218,-0.06404537968908486,-5.182979979089305,-2.516298018049904,-2.2881761559037717,0.08686746062650286,-6.741306993250243,-1.9125143388592032,-0.3838239459190407,-0.43077993057397235,-5.114727812069159,-4.6689506842135575,-6.774347350337138,-8.110390352958209,-0.5156311588080106,-8.232258865324626,1.0692327079610842,-9.508045853554925,-3.9705434303603195,-7.547978711943681,-0.15313645348431917,-3.995551683037672,-3.8174085529273656,-6.694289593762921,-1.01040852029813,-3.134924624277702,-8.237592254208064,-6.465315269614116,-10.031240616811704,-4.316457458022257,-3.7863612639015276,0.24846637472911762,0.3241278596837221,-1.7015163491933807,0.4460688298836545,0.33730802134157967,-0.6555325469277874,-0.6292233548439634,-1.085554849196446,-8.366778770206581,-7.191631557308261,-6.163264339004915,-8.385942032231407,-3.6926976146750086,-0.5094816554264199,-6.345311740864297,-6.887816529300864,-2.644616355043125,-7.184147246843635,-3.5356609831573076,-0.1379361992976747,1.0,1.0,541.5588829933529,0.023289250938174178
219,0.9503731692337902,-5.756012755755913,-2.2167778047747912,-2.8817995012282642,0.139019653722014,-6.478689870705314,-1.502047247641285,1.2845245179616265,0.07000093179333094,-4.976253412686064,-4.69977279226848,-5.9328083603304345,-8.748588615366122,-0.17088801039613272,-7.969013180585721,1.1039691021605946,-8.569132880492665,-3.6627473887346604,-7.717545564512262,0.5182432446831851,-4.355283950842633,-4.346865843426897,-6.398149340006299,-1.033699511676942,-3.866917790021763,-8.581029880170693,-6.89351964038234,-8.961612769449133,-4.013611299914382,-4.452271796229276,0.31182014710989175,0.6819449134812049,-2.227302169204522,-0.1781687388223865,0.024425900270428513,-0.8725439475769936,-0.14247039050852695,-1.4419900552854672,-7.565240112662902,-6.17264729998151,-6.078270523167784,-8.114264516429907,-3.0092139218634406,-0.09111165465464004,-7.247402665008782,-6.829641187122357,-2.247199665229535,-8.019096345778399,-3.6283933090395157,0.13714657963610621,1.0,1.0,477.51851965225853,0.06922055072176407
220,0.06030005815703959,-5.2093077615254195,-2.070965528354465,-3.1713109625774303,-0.20705246738789004,-6.806346669872755,-2.4194240770793334,0.4595544101908655,0.11260229319038878,-5.862851560332007,-4.135603608313768,-6.459458620721798,-7.597539707379442,0.208226072562091,-7.8663299171505585,1.1102831898820085,-9.294390340190974,-3.6846889745457334,-6.530935861526195,-0.3232162413805802,-3.8406009249492628,-3.1143237059930513,-6.136614743726006,-1.0587183028722453,-3.9217861338494284,-8.379035254313235,-6.679911651804018,-8.776866872926503,-3.4817427169324846,-4.4348718157914195,0.25313143782966235,0.37817949257162103,-1.8582803618891974,-0.6616281202526457,0.9262070324285027,-0.9227456220016489,-0.6130913549763185,-0.5504046337093961,-7.485186997325371,-5.553757867374797,-6.171288930780302,-8.275849143761187,-3.0446618487196386,-0.6144976244830094,-6.256874482496732,-6.76407748194041,-2.4373131984017915,-8.191707356710582,-3.0354792994814224,-0.18125532532458286,1.0,1.0,403.05685850629305,0.08916304990241866
221,0.5217244539042769,-5.514809233429692,-2.4194333285153964,-3.010056234505092,0.5527758286084111,-5.8144063743360865,-2.8152351521510717,0.9744879966481496,0.3473185575223141,-5.120710073659827,-4.688057871568034,-6.87824501361165,-7.04754425017768,0.6043549183119648,-8.45088372663692,1.0879450845841947,-9.006572799199569,-3.7708604890261865,-7.866477803801116,0.10403978078453874,-3.6868412343689467,-3.7267253077185756,-6.244346247025228,-1.089624441261797,-3.844298879350366,-8.108083748192824,-6.193729948422274,-8.884962624157682,-3.8776365780481217,-4.302789505862179,1.184865978512131,0.9857267225006431,-1.7771047140584268,0.44182145725639954,0.0217253469670467,-0.34915239562012995,-0.17022945362915992,-1.205248161643213,-7.711320772393093,-7.364426568971979,-5.8028705997914125,-8.527229253710445,-3.5097589544236647,-0.3167121582414381,-5.182416065280398,-6.118160507447073,-1.6098702912176908,-7.730335965429062,-3.458519193170128,0.47325897820409435,1.0,1.0,389.07686769993535,0.20099608935243812
222,-0.036858762949738555,-5.363615111157595,-3.0160083551034718,-1.868720720212175,-0.2606876656044698,-6.269293678139313,-2.102463904886109,-0.05879109515061337,-0.7375892176143614,-5.207060256045642,-4.765242258233693,-5.946578364817089,-7.706899720562346,1.1475754796503008,-7.349933102693502,1.1905967597298985,-8.984636173393199,-3.5090227314438227,-6.842232226704698,-0.1419946696180559,-3.763071863750578,-3.6019724228901957,-6.001784232676091,-0.5331185722936869,-4.014888687329771,-8.361768262502698,-7.139808345633357,-8.850837930743085,-4.618694407241723,-4.860150760667502,-0.24326611041696916,0.6968091038098388,-1.1185354893084813,0.13508192505972605,0.6959151926223242,-1.2127385535915634,-0.19194199729021844,-0.8176624990956364,-7.627952699675936,-6.1029046020266575,-6.024351890107123,-7.51856894554216,-3.420169391288486,-0.28566766656684206,-6.488445451771169,-6.673288093010401,-2.7699396082014953,-7.503486562826275,-3.5933054043346697,-0.7930902658144896,1.0,1.0,309.6744538854043,0.771932234021092
223,-0.46163000756851946,-5.64406279564473,-2.6610327034668595,-2.2345563043953245,0.45740938551713184,-5.894012441458461,-2.022610526143763,0.6398674026874969,0.10531100136338797,-4.912002810735468,-4.823102319025085,-7.141382203824461,-7.821408454071464,-0.18397410576274925,-8.371313343288058,0.8967783082029083,-9.196368004533085,-3.525270646822383,-7.174883904884575,0.20369009988619735,-3.8074801956793647,-3.0923840077279405,-5.882374690422612,-0.5761708026463233,-3.2884156573238137,-8.456833368349807,-6.4611383802394124,-10.104459003946777,-3.3789058485829875,-4.9885332737576595,0.2558847539142886,1.0113707902112494,-1.6154876649219059,-0.43539343991218077,0.5959381295300966,-0.2943462642648562,-0.6622699618620753,-0.42641274513095107,-7.407245358287479,-6.863634506788917,-5.89174722084603,-7.870023875092923,-2.8672770752150383,0.376058968496535,-5.710402342955604,-6.4046533935233585,-2.5785667288221394,-7.775649399221266,-3.495475181309168,0.020255933062702014,1.0,1.0,363.69651632687714,0.5054128421901963
224,0.8528960210537913,-5.696681652894818,-3.7342585401759862,-2.821584740702018,-0.09408118793112136,-6.0388952508512315,-1.7798009517644195,0.9919334844002944,0.037425569319026394,-5.955766717711015,-4.9283845124177335,-6.56047801773338,-8.613536973470508,-0.23539313726363376,-8.038300033059517,0.7485285252223473,-9.18772042651664,-3.473752022293834,-8.249649440492043,-0.1776874988703002,-3.344548572426992,-3.7627178836658923,-6.818564880622531,-0.908439769144427,-3.3552645069999762,-8.997578669283735,-6.159310348454379,-8.860183834022425,-4.001738752219383,-3.992324338426511,0.5213010306678723,1.4002081970193756,-1.971808594210208,-0.2654076773001328,0.23179828331015612,-0.19088701031855526,-0.48134596120349854,-0.8491634754311369,-7.858573015753464,-6.773524398855315,-6.399170882754234,-8.102129475011306,-2.858001347698087,-0.2727823903544642,-5.812318637023637,-6.487466591121099,-2.7781902949364237,-7.9290615098434145,-3.3643247102835643,-0.015132825101097369,1.0,1.0,398.9900026596494,0.6533281620922895
225,0.6229507746839944,-5.227185305959023,-2.257625679008532,-2.956299549747097,0.2942244437286699,-7.623084036203643,-2.031962047574679,0.10226121499189905,-0.07331679090492796,-4.89587458871835,-5.063352957056115,-6.271603017400957,-7.918174494209106,-0.41768990138618406,-7.957547791872453,1.1724882311361644,-8.809982218374483,-3.4635366885280954,-8.293348474262224,-0.1503926737329183,-4.290788043269003,-2.608881857137794,-6.323234391931505,-0.6917490270198889,-4.342036778340564,-8.616866957760498,-6.596587852983894,-9.01638389819235,-4.005496368498954,-4.104906927430241,0.368145452087837,0.7829994409443793,-1.9030332241552923,-0.1688626195013171,0.558850511441697,-0.7894796789316272,-0.5671554059563535,-2.2640264121665195,-7.860220395238632,-6.78494146344423,-6.418936458726629,-8.1401445855544,-3.8578011717629024,-0.3945596500187696,-6.517893155108017,-6.889176097243701,-2.4270401138388027,-6.7500535332808225,-3.5638735795812777,-1.1101104263244683,1.0,1.0,409.57995195185964,0.4528655968742051
226,-0.1772670575320794,-4.957070798468701,-2.1247939568531216,-2.9000814975460227,-0.17735988330362107,-6.613298563876998,-1.9758301870226596,-0.03856870456199335,-0.19975075646684048,-5.554506985139461,-4.827875417370199,-6.458553158646503,-7.810531998599829,-0.2624118686016634,-8.645477503735307,0.6382987844824534,-8.818234713717002,-4.774514013587547,-6.900235160627935,-0.3587940219212882,-3.989194700410016,-4.02759296597317,-6.207441743279827,-0.6249221077020543,-3.8906428061819858,-7.568543048230167,-7.019621452490407,-8.987207464040115,-4.546921703910176,-4.506376921111918,0.33832147932684153,0.24945061404780466,-2.0103660418891183,-0.6888309668475336,0.3356921257920728,0.060463194932920294,-1.0550701982503452,-1.2102662901333867,-7.812866326238271,-7.040279447346385,-5.358851882091111,-7.9373671650258935,-2.7769159300550528,0.46236926831341274,-5.56423835684787,-6.060035919250223,-1.6756722666167052,-7.955174911051635,-2.6618139258498683,0.06245245045952996,1.0,1.0,351.4011185847318,0.5082849644655145
227,0.29725172905949365,-4.936379750134593,-2.8090015863046047,-2.774767295186103,0.7776097742568497,-5.968644943879991,-2.458301796391916,-0.12688852754588054,-0.27456781277560616,-6.068946917158132,-4.250933676561551,-6.301640300692092,-7.4263419420968075,0.7737196589722963,-7.7175100127652785,0.8687389802841063,-8.84319501506914,-3.6533189878029204,-7.290891744802158,-0.018972282523329713,-4.101255515595134,-3.7917241466753335,-6.405543943805717,0.20246303570598745,-3.038393781350601,-9.079844769777234,-7.1350640661261515,-9.295473542824558,-4.514864853060595,-3.8790481876028635,-0.005721755545011781,0.5165584390032849,-1.5455946207926585,-0.6869922112806093,0.3273284877672956,-1.0736440082538263,-0.0607393556882892,0.014638114733877883,-7.2318159864759,-6.648667398510098,-6.560354668895722,-8.068106014603375,-4.003846586184906,0.08671509266575311,-6.747067375059696,-6.8266109226658855,-2.2179523110827852,-7.3228037934771795,-2.7105919359935275,0.15736745032011584,1.0,1.0,354.30877715001094,0.6495219129443286
228,0.6871653437152749,-5.724152842489378,-2.4565578387010385,-2.5677260772637887,-0.12913721847378845,-6.28199174469334,-2.5952497142644435,-0.20615447254854646,-0.39650824101342375,-5.013132456368968,-4.256773799766642,-6.3133011021154255,-8.080357000449645,0.013580782073743372,-7.771190850733527,1.3182256766460365,-9.798080512792245,-3.9664391022522185,-7.236855090869934,0.00906160667951032,-3.5261500488772106,-2.753341006575573,-6.999382883487185,-0.3459418220584203,-3.721343544476408,-8.750803707805325,-5.962590495388584,-9.02002468869725,-4.244224837613579,-4.869864047599092,1.161908833108948,0.5201087715403353,-1.5275811860569959,-0.1582358523393235,0.20250994388629606,-0.6133521697514457,-1.0491160169599545,-0.9312332440415556,-7.493826079071734,-7.0472506060847735,-6.292228699491287,-8.516288508458784,-3.0929467434988074,-0.49853843011467935,-5.668726025302009,-6.912111370219917,-2.651073572754567,-7.496654561163973,-2.8363006693021697,-0.16047661189183346,1.0,1.0,358.25994893769524,0.7413460921950995
229,0.8728471556403606,-5.097260217889603,-2.6036997437586646,-2.736164010054061,0.20956830204294188,-6.676593610038418,-1.4311236645912149,-0.4938130305786217,-0.33465436281340216,-5.393451421047556,-3.6771469445759433,-6.578362951755481,-7.685442178965173,0.4783301318707222,-8.534432227217623,1.8570052286676004,-9.846160392429297,-4.136140140173067,-7.392647536911332,0.01935684804118675,-3.444660177750161,-3.8796715267632766,-6.247275380039903,-0.08280069564313952,-3.5996908786075674,-8.66155934288718,-6.941070449215657,-8.533003420293108,-2.880128882102884,-5.073038779907352,-0.8001610183797452,0.6445519620674782,-1.7256048066451994,-1.283808477910779,0.6768884181147365,-0.1740538588960039,-0.6846316707656537,-0.43521025113331413,-7.797015096554377,-6.257000504882485,-5.626325640761633,-8.241841503755236,-3.343957349881993,-0.7284957130344311,-6.103012527067058,-6.054538027222454,-1.6026173723615698,-7.836917376044204,-3.1917414415987393,-0.11927254428531489,1.0,1.0,340.25102962126795,0.7301014109630266
230,-0.23293553354195834,-5.2106007616064725,-3.0376160596520165,-2.439175609237211,0.27643981733615064,-6.159263122326122,-2.0351290565317584,-0.1121237539517363,-1.0566305406081877,-4.591343834786492,-4.351692973398618,-6.074776040372371,-8.846640426177327,0.18221465340360674,-7.478334767610734,1.6154915396254372,-8.859522871655779,-3.7016322039928604,-7.722212222162236,0.2057667995349908,-3.72199372421831,-3.3220920095261923,-5.46410747885887,-0.776310782787438,-4.360780391409413,-8.451781261888984,-6.329015571965907,-8.550001383426856,-4.157126107381557,-4.394457519648426,0.49673491545110254,0.14462733003357497,-1.8045868729396004,0.18769347013199023,0.7503711686745752,-0.1564810645628727,-0.444665382699296,-0.657437598547022,-7.875948823708304,-6.68654241374198,-6.072413806823521,-8.756909912561191,-3.5043454587208696,-0.48590774465882536,-5.7876619721852816,-6.441948878243588,-2.241543653389476,-6.984642881243315,-3.675733046634903,-0.21475281284112285,1.0,1.0,327.4690754484731,0.6598485763508204
231,0.040054088361347856,-4.566605553872848,-2.8596097283565185,-2.820408871225704,-0.4138626811963146,-6.3755287808828,-1.8257426390035854,-0.058800970652208295,0.19886771398577485,-5.193223646036659,-4.892126888843953,-6.3967835644060855,-7.773637491614824,-0.20158637054022288,-7.842619347964804,1.7342846953043107,-8.90331348582514,-4.212465443505964,-7.57381125108944,-0.1637103619083248,-3.298925204214918,-3.5840413428407376,-6.521877792165915,-0.8288270245554132,-3.6535667968606975,-8.436360773739105,-6.686522272240644,-8.19367331673117,-4.336531849547957,-3.8616355954177872,-0.08879958619440453,1.0061228477944373,-1.4691585812915369,-0.5716614888690607,0.35113134940731666,-0.3416657353030752,-0.45096760227779287,-1.3903214126599674,-7.08982954275412,-7.082651776233461,-6.55446706166369,-7.418049883047779,-3.2161037031358273,-0.6742327205907123,-5.746361015845126,-6.498006293368582,-2.0533492597556893,-7.5937353956950435,-3.7199833755782,0.2967445809700521,1.0,1.0,392.56828879420567,0.07536218574185814
232,0.30089618216843994,-5.398076102746758,-2.1469959320490006,-2.9137892756440458,0.41697789790023476,-6.689773058322637,-2.030926516086967,-0.13523264446096378,0.035928816232300535,-5.531383857094455,-4.24961951361669,-5.567732535789697,-7.555930954561695,0.2484094696452727,-7.866389501576569,0.7584020310892334,-8.749913618135665,-3.5012727757652686,-7.989532041588472,-0.1612675459235747,-4.198551785140293,-3.2784465714295563,-5.747947872949499,-0.46723983156577414,-3.576728767522669,-9.028570432229746,-6.9015621816851365,-9.177603412888809,-4.554238049785653,-4.8722722899466095,0.5068111015853713,0.5475191431605295,-2.0274630316719287,0.2801060794254845,0.19959905475616868,-0.859828914911426,0.17334153282333842,-0.9797333957760425,-7.445243875585313,-6.435981654148986,-6.106701610357565,-7.931781001351926,-3.831370513450644,-0.3700733430807208,-6.115946175971826,-6.149160722916068,-2.1310689509766334,-7.59806550143333,-3.576227436976664,-0.3196087154507492,1.0,1.0,383.3430824991879,0.28883873477104727
233,0.12283318748202629,-5.7213991900319146,-2.4195152548197205,-2.6022512047501594,-0.977122498889658,-6.640259143298947,-2.047352000050571,0.12214050271615502,-0.3752308526423711,-4.782540616029084,-4.970805780958169,-6.4974448025616365,-8.383184168054436,0.05184169838396123,-8.647924047750902,1.165181147676795,-9.20048632221854,-3.8099358998908626,-7.9538344781770025,0.4215067021074832,-4.287746708653662,-2.977720403991908,-5.459246129916284,-0.5592037975661943,-3.919090820251732,-8.383911176583064,-6.953143888570611,-9.101890982499766,-4.076332343230968,-5.041074945046978,0.9189979354476034,1.0302578320624365,-2.2471228525577596,-0.5090538493272948,0.4534181762386031,-1.0114631911589906,-0.04993771680229919,-1.2702568932288991,-8.098704625901977,-5.703411232951084,-6.237421954575447,-7.7001008457567135,-2.5573107665145915,-0.34618605454112716,-6.241570285998038,-6.246757867815297,-2.693140009958228,-7.439309206882772,-3.259122382878856,-0.8631301687786225,1.0,1.0,480.1298786279172,0.028407225408264215
234,-0.4889699932801974,-5.440506430079727,-3.0887556295646466,-2.78992232082707,0.8905911317857063,-6.4469914889173054,-1.9657073207296676,0.060372324503935176,-0.6446773220276121,-4.8047884233921625,-4.607520898373326,-6.046083434354753,-7.781640892901781,-0.1770852199699036,-7.101534012647498,1.2794647198000104,-9.115889131521634,-3.993489153596982,-7.085461355020565,0.367232279793162,-3.9540137361002916,-3.085715519637752,-6.684867519582038,-0.6059291806717892,-4.650826030256575,-8.245385342442253,-6.4166274429368135,-8.712564549392134,-4.364325591910747,-3.963370845491898,0.3401409791325789,1.0030999518738415,-2.6363281740342432,0.4861141682515864,0.608496067313034,-0.7156869736003991,-0.027708778990456207,-1.057271170961742,-7.212801822662574,-5.8351857139530265,-6.660976300834972,-7.3048760716737,-2.130951684381355,-0.555758332987392,-6.09660551796735,-6.864442406258128,-2.169946594633845,-8.047773590670161,-3.2887405580650992,-0.46540912533854584,1.0,1.0,334.93023014289844,0.4370866788326455
235,0.22162979934603655,-5.42221264427125,-2.870155032318905,-3.0797981540019,-0.081364992626454,-6.07183901515874,-2.5805919462192786,0.44508606307991855,-0.14058829511785198,-5.139442587176724,-4.4131375590478195,-5.59437808606529,-7.351415271206198,0.16283751561666415,-8.406091259067026,0.9957152732925025,-9.471891762084617,-4.858425793553775,-8.208777552312275,-0.32675839060316625,-3.612420181044692,-3.645965638315068,-6.45320382747392,0.03716644717852002,-4.228411222729003,-8.438189952902025,-6.199319772387579,-8.957051686630217,-4.175235428341705,-3.653353476156002,-0.4139336156767631,0.45326450312472943,-0.7735322793740274,-0.3935583034601957,0.7937770832824634,-0.24111353832764004,0.2566413640709796,-0.5507007051578825,-8.275476350170763,-7.387312480482272,-6.12354876109238,-7.801243313058757,-3.444253368181938,-0.3710035786664171,-5.281461400990558,-5.817418560943881,-2.3024532183284796,-7.731190689763058,-4.154177360242366,-0.4565367077472241,1.0,1.0,357.0725420257026,0.6369141766848034
236,-0.06228944040157841,-5.626983513362606,-3.535414099717669,-2.2563422104691484,0.07342520145701557,-6.924568306156443,-2.09890337334498,0.3724713757399477,0.6436838720546684,-5.138021951369728,-4.98824511922267,-6.62968116076402,-8.313067239615513,-0.18429781204915385,-8.341872982576463,1.7520036462397521,-8.616300416832823,-4.551191890174487,-7.814855265804596,0.2571740884320485,-3.422379335117442,-2.8657251983237786,-6.44088477113842,0.23419881458090097,-3.4885180164953002,-8.195321232316513,-6.515076502951525,-8.651537381921926,-3.9195069991905123,-4.172712080607432,-0.2784718429559363,0.42480597445209733,-1.4954707623240577,-0.18201194412913496,0.006477124685201896,-0.6825063013432395,-0.8416679002626262,-0.986212933615471,-7.346754825127681,-6.293618447095799,-6.674769009489626,-8.083324737374593,-3.4841562678029327,-0.763851561762793,-6.398879698941033,-6.108613199623576,-1.137079581323271,-7.281491649475698,-3.431595435868311,-0.1094335524057058,1.0,1.0,443.2411089989287,0.040914242481077695
237,0.2127608660913019,-5.524293408043691,-2.6653154464307307,-2.514307533709684,0.24872540857960168,-6.542002085979722,-2.0977108942410894,0.7613582193103744,0.26350882722675883,-4.664822060261873,-4.874708877123216,-6.871314226289178,-8.09128805069394,-0.1577961553765895,-8.111050984195364,1.2587040062657564,-9.286241745005302,-4.710123766670646,-6.828678268353747,0.2634832861193006,-4.225579158310536,-3.649805421376482,-6.662395069742384,-0.5982202961640737,-4.730365702735663,-8.304276410680997,-7.0332636517230895,-9.19961728797601,-4.522769807311081,-5.173053987024965,0.2029510423556775,0.5067198844110349,-2.5476573269138436,-0.3237685094082135,0.5636894242521091,-0.4799049627685338,-0.6278374941221402,-1.080068812677715,-8.101197655893417,-5.891510248631096,-7.166557429101677,-8.027877533146377,-3.0369664215697165,-0.414422513849716,-5.896823182759171,-6.637787086598859,-2.226910161314632,-8.39577111201364,-3.3074418758445856,-0.3239209818020394,1.0,1.0,492.10226443054984,0.15093418863448635
238,0.0182194855317985,-4.828305648984995,-2.8986727296326906,-2.6127023998620733,-0.3074112828604917,-6.303044057575911,-2.023053585987845,0.3522852160933234,0.07509851759539214,-4.852269151539828,-4.896027335142008,-6.231820444874366,-8.314250844702594,0.022890416050958394,-7.619025610270141,0.8397687910493603,-10.031523511691857,-4.2979836845875115,-7.13748319712808,-1.0021873522826883,-3.822229010855529,-3.486756755270073,-6.596742174447639,-0.38245542661015,-3.6570334424118363,-8.606660327723556,-6.24116670564753,-8.976076378407093,-3.6035667020238478,-4.181932075037891,0.5276107026071469,0.7570813754085554,-1.1702741421502783,-0.19636004465660273,0.6773895356363345,0.08768013964485877,-0.5217955996494096,-0.7792933583448031,-8.117355574603224,-6.782009105842777,-6.353715470773572,-7.671692622801185,-3.3326427179683673,-0.5560767735297023,-5.922047308959145,-6.686355645955603,-2.5892255242305175,-7.343030414691627,-3.349447629768518,-0.03061957056862441,1.0,1.0,392.71760415816954,0.2923822143297318
239,0.430437994456943,-4.9831937959932295,-3.1323211236540494,-2.6342017017067376,-0.7062920003712507,-5.980469281621865,-1.9939153889399042,0.5552437986237341,-0.22176722333363375,-5.228347802701941,-4.847846354991533,-5.972993414526518,-8.359637902535134,-0.45250645975273096,-7.398796495501223,1.709123468084305,-9.0092520391199,-4.026793873112404,-7.44201664738916,0.4214378123922613,-3.901943294007522,-3.410939500765964,-5.636127648496645,-0.5062996706390714,-3.2849311058408013,-8.450668115392322,-6.670435523087536,-9.44951228606406,-3.4362488067629573,-4.542267797123356,0.7263438428591784,1.0487356445871487,-2.834343940377666,-0.7315365610759166,0.0427817693131986,-1.9771405880990092,-0.7374021210917567,-0.8368844595172765,-7.274752438269664,-5.679762345720128,-6.189346247270724,-8.668135507989485,-4.051026365794119,-0.060563863156596315,-6.316195900004953,-7.548850755155683,-2.2740407211661644,-7.034818212442481,-3.1604547897829147,-0.04971696902936951,1.0,1.0,396.75876729450454,0.1954326935663267
240,-0.15753888977116598,-4.9784781118638515,-2.2215068907204922,-2.1877987117147537,0.1941462808246391,-5.370245294585409,-2.5490195648116876,0.16763412927793706,-0.09255552523601827,-4.8194393465785,-4.752708937923791,-6.554686334036542,-7.202106141638627,0.5005621174204378,-7.396755355086653,0.7727812102586415,-9.197187358117755,-3.594306035959329,-7.2794131973418335,0.3042041812143992,-4.08672792434759,-3.2589672765511075,-5.9788417759388555,-0.43727337604998634,-3.3580434813000286,-8.539829209036768,-6.872500804733843,-9.612839983719159,-4.390900416339199,-4.90297772328706,0.025549215191059044,0.6770382114135923,-1.858858393579688,-0.14755380851718894,0.05953251112138597,-0.53160883521336,0.5643501941794486,-1.120568055724825,-7.244147533955152,-5.948734088291525,-6.840096651040687,-7.196675707567336,-3.917983427345006,0.08757085461203284,-6.112053524325697,-7.2764592754601605,-2.6646502721799443,-7.287394454014804,-3.7689664077409097,-0.8079214920930355,1.0,1.0,323.6548797999993,0.6360699783368257
241,-0.23097669529537235,-5.816756813482296,-3.1612620713658934,-2.729178998166301,0.8995786470686347,-5.848864102181139,-2.1783600174873445,0.01887693218106068,0.013678748096040163,-5.81547325972657,-4.450275416652427,-7.063510145033043,-7.3854168153176945,-0.023474118509285616,-7.743852530088282,0.5926916041443283,-9.0195186073878,-3.9099688844276437,-7.7261725081828825,0.36023285323339077,-3.6440320379323015,-3.4585994265457614,-6.0320081451019725,-1.0849946675251234,-4.229892721617965,-8.697502134968255,-6.3725769828719825,-8.830368722818843,-4.270325805076594,-3.911923697831957,0.5568047909578269,0.4152779527859825,-1.9553294793348939,0.32835372586475975,-0.3588474843691153,-0.6917442821649616,-0.5950293382180027,-1.4426810543510826,-7.578288200131777,-6.901312126038044,-6.372555860919438,-8.108347540805918,-3.2519970419696094,-0.8312386011047647,-6.412851383820892,-6.3734030390767415,-2.2092726386037334,-7.114107037732563,-3.2297082448940584,-0.2037506590055773,1.0,1.0,391.7196681248912,0.2816759486130948
242,-0.0647647839569987,-4.80764125412867,-2.3953685932681053,-3.352772077517368,-0.15507067261250396,-6.347818414255409,-2.547079495809523,0.2558666728293963,-0.41231002344086626,-4.820284346566568,-4.188134982512596,-6.473206411341216,-7.972771053350915,-0.00969272691587482,-7.3216266831768495,0.6309928385130867,-9.132204949022384,-3.6276538248602415,-7.391044882025909,0.09535039207426654,-4.333490266705537,-2.7673150922364984,-6.5543270168222945,-0.5104119139456094,-3.814903784815965,-8.48172628343077,-7.290437585872375,-9.236470152766534,-3.6574673709793197,-3.9611679006815015,-0.25764838982306887,0.9743899964390923,-1.9727740093816692,-0.27089832529058394,0.9089977220551897,-0.6166673873272618,0.33897039296510256,-0.9007501912434259,-7.65164288470861,-6.557567168316802,-5.517427446378625,-7.806710486439679,-3.2962329775081574,-0.4657334744052723,-5.1088056744522605,-7.381822920044721,-1.9545175396216647,-6.464455926223897,-2.8222365727823924,0.24037223605126867,1.0,1.0,324.7848305018246,0.5111021456482923
243,0.3309616913399672,-5.464264341168451,-2.819654879042985,-2.142325961919825,-0.14853806946184295,-6.27377097005388,-2.106409106640757,0.14235233209130618,-0.006600595857469532,-4.809318456818141,-5.040749345375931,-6.9392252204443725,-7.538563387246666,0.7606291762080434,-6.9166100367519805,0.7347965712660012,-9.224591696643424,-4.167227297288524,-7.1114411048185895,-0.7156629476176786,-3.675196477005865,-3.4297564896523722,-6.6151727738486485,0.19712982693706915,-4.177489576409432,-8.033407418461545,-6.516315922421265,-8.519282467600151,-4.210754998143811,-4.291933367895186,0.052282560974834025,0.749284815372496,-1.3053118238257109,-0.8946377654156356,-0.4496320401059114,-0.34695259596667166,-0.8841935241433819,-1.169180209392726,-7.742652471293061,-6.234481801309584,-6.027104608598326,-8.257079067545078,-3.4980090799762706,-1.032417803674405,-6.52370152433565,-6.875694590983806,-1.8648432046779888,-7.450521681265296,-3.2082453404433044,-0.14230994640824313,1.0,1.0,352.9930246485942,0.3947320415174078
244,0.3693651783562097,-5.061522685308794,-3.1872365637372435,-2.631555132155502,0.12476818854365965,-6.4414865157629615,-2.6700706918361994,0.6963412439550891,-0.24448379224491223,-5.405386931409247,-4.447400166866572,-7.07259326600045,-8.001245637623573,0.12397288097704504,-7.80243309511439,1.5171770789480443,-8.83952686685534,-3.720532219854685,-7.327372509569743,0.14207223471644012,-3.8207776402264324,-3.137427799639484,-6.415392993144506,-0.20742214702668976,-4.260029636408514,-8.62356868895594,-6.636107259736715,-8.6542602797257,-3.920932844761147,-4.000803028416709,0.42913006243917406,0.9586196769662685,-2.2013531577690024,-0.09292617555280425,0.7067283184677942,-0.5388171530032152,-1.3664274789446385,-1.1919112044732145,-7.343933990384524,-6.582414050794386,-6.817052795626936,-8.471777372070072,-4.537425526025257,0.2022460171940325,-6.537669813983217,-6.60341772474693,-1.5553324257502392,-7.524390849022083,-3.1778698568080688,-0.5567135540008692,1.0,1.0,392.6465630526648,0.46679979497604523
245,-0.2643085356369911,-5.374564032762249,-3.3480240249718203,-2.65820757683761,-0.00846192125659433,-5.992492353864459,-2.1070516778412705,0.6845896405806773,0.3200297831321453,-5.735328794177338,-3.4342457502078334,-7.153073428052627,-8.196752872951802,-0.7802790240637945,-7.437365060908912,0.9874201420384716,-9.547492625818169,-4.49475162304462,-7.887041562155005,0.1852801977333141,-4.26723205072797,-3.619134288555009,-6.311879534966854,-1.0515507854297277,-3.770472129836919,-8.244858826674658,-6.4414449382197185,-8.897268104741725,-4.799251216994903,-4.580285028985066,0.061378556165655435,0.8618478346760196,-2.2848641415464797,-0.153413026402654,0.3841824985399764,-0.5962485666715287,-0.030116520960567716,-0.3351392981390875,-7.576055680249242,-6.481966266818102,-6.285281522415489,-7.721975233785681,-3.490609648704408,-0.8892925364140817,-5.687563866443846,-7.087294543553052,-2.7729241739269987,-7.281864420246357,-2.9242405130985225,-0.9264192300685498,1.0,1.0,356.39909011722,0.7514394815718813
246,0.8066783036908884,-5.402400648567905,-2.552620080884695,-2.739949826548585,-0.1626930765992757,-6.358480220581508,-1.1909721332566814,0.10504442649846812,-0.24819628691201376,-4.386154445767066,-5.322758135939259,-6.643054462206046,-7.309089086047372,1.397358597873997,-8.24132806676162,0.8544981164238858,-9.622382524921095,-3.412537542886491,-6.8110016802248605,-0.2513945140834271,-3.9168724032218285,-3.6687148129137355,-6.712423405723115,-0.5278554676306951,-3.737029861939631,-8.656945593043584,-6.260638902944442,-9.395883032494869,-4.077522176942027,-3.8064205563977227,0.34469465055461374,1.2202845844411834,-2.172063384505871,0.42799141398560403,0.24000616552542645,-0.7199998749720361,0.20566386610621967,-1.2024656003907848,-8.199348872366476,-6.072485028013106,-6.105846624908491,-7.274006352336689,-3.28575702977484,-0.2800128001625737,-6.366135128675978,-5.783546756805833,-2.688230900140642,-7.73562788589594,-3.022724118337015,0.3217706069332773,1.0,1.0,325.37264713850146,0.7548320656127037
247,0.22817449831234565,-4.974943441601942,-2.6524449678353514,-2.191106648121724,0.5641082173236316,-5.591054358437475,-2.0845414319315765,0.12261601634541933,0.4737830358134045,-4.864254718982011,-4.83332339520233,-6.950091020530103,-7.348816462261823,0.08156198682497715,-8.409792929470779,0.8382341012016662,-9.49800486705151,-3.64173266074747,-7.301404903420857,0.213796453201939,-3.8254276229278226,-2.9070525817636423,-6.446169719855593,-0.4482309174327751,-4.254409585857584,-8.984934975007683,-6.540624554052549,-9.393355740559267,-3.876311321486817,-4.9761463604298095,-0.0692266780263095,0.4651689693960971,-2.2084591000162477,0.16726667291162567,0.3061050226225437,-1.0246329568617312,-0.053737521902201324,-1.087896178087658,-8.623589116030688,-5.939783581311324,-5.884321078919769,-7.648272478049696,-3.953066616824695,-0.8775548982260314,-5.698169833801234,-7.059789548721496,-1.884416579521305,-7.489304234094485,-3.108360920503953,-0.5479619167219499,1.0,1.0,438.97310242241286,0.08935394174685714
248,0.6756887554180828,-5.459295543014023,-2.7877566290404956,-2.680969710486593,-0.26204922089027893,-6.296116685733674,-2.200232865304299,0.48689823525721626,-0.35338735369790136,-5.179103199015731,-4.74250687645241,-6.463689628518579,-7.795546333410554,0.14226179414593565,-8.140780139969747,0.6638070179785871,-9.368567771729392,-3.6467860703825687,-7.285070570085088,-0.19926048504154786,-4.051804100441721,-3.923453955573607,-6.271912308193247,-0.4203082835640501,-4.032035209943471,-8.210861207861399,-7.168168458514115,-9.53575773171842,-3.8731026068067655,-4.655477020673569,0.6126023469961497,0.5138226974997366,-1.7307116459811722,-0.10047558385993965,0.5146825008213431,-0.9013273033503093,-0.7058277434895578,-1.3261557659502754,-7.5178632241021575,-6.620596322041463,-6.655626674542604,-7.478236376713694,-3.672509953065064,-0.5410890967380196,-5.675874930854286,-6.725599426277529,-2.0964849309459024,-6.330548723816637,-2.941587331286664,-0.9619218375292634,1.0,1.0,348.31154638331634,0.674843972888179
249,-0.3290303173141611,-5.803211269532246,-2.0575930541346237,-2.8919708474104224,0.1887198584994834,-6.193786371982145,-2.5966765517870316,0.09619962218282212,0.2176769069252183,-5.679514262546107,-4.177508480012149,-6.099732005928078,-7.968898351749638,0.24996275938522622,-8.614573186613512,0.8563859049601874,-8.853455285302935,-3.2013996145682118,-6.9693024288544425,0.5792012446871705,-3.406505576731292,-3.6912513330781223,-6.266748789854914,-0.8559900869448824,-3.645996956956609,-8.797191344317756,-6.9353643562346,-8.968413680472125,-4.380698076905069,-4.428790671347777,0.7579756058019192,0.7165915308520742,-2.479491207044842,-0.29177288339097635,0.9586722601066034,-0.6797402571703031,0.05543274139455462,-0.6210134914604146,-7.312077689829672,-6.382536125360721,-6.103995472823777,-7.780917311144691,-3.930840975469429,-0.38881905304882525,-5.948256968413354,-5.700048447948134,-1.5638697222663986,-7.068154283097504,-3.525561921438586,-0.16488979541519366,1.0,1.0,366.4016028799388,0.2768225214047619
250,0.9893298234599582,-4.945224216403057,-3.4259002938105647,-3.1254307670645667,-0.6672925244977337,-5.718347648118838,-1.8951376669046034,0.5469907293275252,-0.23526563985447388,-6.126601720384798,-5.015421208892811,-6.928369191044381,-7.372111101385302,-0.12218842797460716,-8.370682329758406,1.1704523149086623,-9.421325504390671,-4.138301187923711,-7.1114300510278925,-0.027833138454837016,-3.8606818217917835,-3.467128494635593,-6.084169765007289,-0.9800506806839567,-3.7683192416297744,-8.193656047606336,-6.843831606042174,-9.220935235039349,-3.9845280265362444,-4.317063400002514,-0.17809601058402436,1.0661179188493086,-2.1115740576169113,0.00863088117144839,0.47429619738925766,-0.8977347178536708,-0.4670463225895994,-1.3176659775379465,-8.000215862833773,-5.882176138622754,-6.258935298334585,-8.368875530513677,-2.632414495926179,0.2201318642892624,-5.7347359525562105,-7.368690484407981,-2.8335576358481953,-7.240504834939581,-3.376935381299504,-0.7471920490267049,1.0,1.0,451.2812375393733,0.08066181829011612
251,0.2143646303010386,-4.8771397083706045,-2.732002111862279,-2.988151654306654,-0.05223744327925786,-6.520599317374971,-1.4441264676043635,-0.000690539088408465,-0.03686264848119372,-5.266290072473111,-4.357408625230324,-5.9687156217238835,-7.556243112489709,0.03758004157276355,-7.8318717680949295,1.466700554355779,-9.85810954718152,-3.9216890360177565,-7.355282923199683,0.7521900183791065,-4.117236704864994,-3.29435141800648,-6.387723485874832,-0.28147371117669906,-3.699405620113709,-8.803518951571977,-6.2832255354264195,-9.044589136675802,-4.280029007530666,-4.776428624104008,0.0036405948051623227,0.44947984799073926,-1.8555932143141098,-0.38688385575160356,0.5600734871655308,-0.631527077660883,-0.3100183610739379,-1.1853775328055636,-7.624307377164302,-6.014470432892253,-6.275048031231683,-8.846322521331162,-3.628606935861807,0.5049798695775708,-6.18770368448111,-6.837909332926536,-2.85887690059425,-7.468155125726964,-4.466076205481889,-0.556702868033473,1.0,1.0,415.4688610635504,0.3067272528536922
252,0.17422147944883873,-5.105873341670784,-2.4185557287395083,-3.134500158370026,-0.20003010083941086,-6.492741645949279,-2.506118763844554,0.18610731185588997,-0.5710602861843463,-5.350998845827419,-4.083268397787004,-6.04242443682671,-7.664176721609587,-0.31618165741079823,-7.905407739942374,0.700357319162424,-9.297800029558333,-4.222617389161963,-8.106514634592141,0.06852495218464386,-3.2586665981910374,-3.490907630053333,-5.761116768662546,-0.7313877930689757,-3.3319793311127492,-8.025204865400047,-5.986810648624473,-9.490380798984535,-4.410447099936945,-5.085796746485853,0.2552797451539321,0.8176480595670066,-1.9644883085859812,-0.5775989606599261,0.7105013451749461,-0.7410890285387787,-0.34953494951018854,-0.8379033394651467,-7.615851863060395,-6.018679866131155,-6.750335216218382,-8.024425915544102,-2.697309608703567,0.3725596939457052,-5.786727798463164,-6.521561653363531,-2.0806234320234247,-7.375237643459769,-4.174957440911071,-0.33637410374875554,1.0,1.0,363.1101960784283,0.4082838378713984
253,0.3450008472579489,-5.214892125082393,-2.687902052818429,-2.814785807266346,0.08367036542432671,-6.924906459336243,-1.5006415167576368,-0.4838552476654031,0.1944418032246336,-5.447050593733992,-5.069217814472873,-6.521899349446274,-7.843285527463341,0.15653485099302528,-8.200751665204672,1.0692156712491805,-9.54812537098815,-3.6433178453252726,-7.5365912526653025,-0.5627474095937601,-3.630895345874145,-3.2352072658709585,-6.929575954568119,-0.3274517726747126,-3.2547706570427706,-8.342314892933965,-6.925470345110153,-8.950156695607372,-4.276304827565159,-4.690298898179266,0.5852934511528366,-0.07761644633090059,-1.5998756611481755,-0.19072543143678108,-0.33401069267652306,-0.6328153101398724,-0.368943782854059,-1.5943646095134656,-7.146806845804335,-6.674878518100178,-6.613709556300054,-8.02405239303699,-3.461620761413467,-0.26601318478336233,-6.617048920790071,-6.682474141184014,-1.6124540445452067,-7.719689799973127,-3.4599861663556735,-0.03962185374179797,1.0,1.0,370.9687261040479,0.7688824655721039
254,0.16105491937946936,-5.314822876154246,-3.2961854123886347,-2.3815836010868505,-0.8439763072565493,-5.808184040123672,-3.163555097483454,0.20235412655620422,0.15432903798871053,-4.7420543367943395,-4.7678710528027874,-6.64760417290313,-7.6763817640221585,-0.2897377696402312,-8.44758848412445,1.8211850859736454,-9.387233776814263,-4.22463496826324,-7.6374279374353025,-0.7222925938477189,-3.971714530242981,-2.8345637491860547,-6.351974733730502,-0.819165907963286,-4.110864324635688,-8.6677400820492,-6.92268225396508,-8.774341052814943,-3.1956096015909696,-4.306176818799193,0.548296280324102,1.0395942439053611,-1.9152187342472846,-0.12479076343339934,0.8471547360022826,-0.6762541037360918,-0.05963614215002194,-0.4038468828904913,-7.942258581841809,-6.748421083152324,-5.705850448656812,-8.437980816355934,-3.561893040143647,-0.11061955328831813,-6.022346939591438,-6.604326703643333,-2.316744086881679,-7.752554132488747,-2.29109045731498,-0.7693556136217037,1.0,1.0,406.36119143633994,0.29721009226240586
255,0.3783371837848794,-4.062606199733582,-2.4322916320631034,-2.335677526367267,-0.013478913001465509,-7.369484196973557,-2.200199890528471,-0.028516781391315305,0.012450385901030966,-5.379234009519419,-4.264575280924616,-6.06066427614802,-7.898602536005966,-0.15371173253145493,-8.12476971482698,1.5553141623054632,-8.928158986092924,-3.8327451502586287,-7.016900197644729,-0.3889399299809975,-3.5449960739215234,-3.1616788703071697,-6.686761170970649,-0.7803374074117533,-3.309780774895088,-7.920398735816726,-6.187545080105053,-9.064562575077641,-3.834413183614234,-4.023549129200495,0.748837986666538,0.4254063895042932,-2.3029250811724915,-0.03892355032965167,0.7380937563384171,-0.4707282097809088,-0.6375665445694589,-1.4793531149171968,-7.476899115079446,-6.328156794184881,-6.525107556143692,-7.903589927054624,-2.9918624783812167,-0.8271485661371903,-5.850831093407225,-6.522207507742219,-2.222073470489052,-7.032886559740485,-3.028736626385293,0.24742828282543805,1.0,1.0,414.0354228876164,0.00989552928028612
256,1.558568693710071,-5.146826070108533,-2.3107242979372495,-2.759227776458254,0.0602466624374379,-5.991762701853111,-2.154907013353513,0.023006277750417997,0.40152168743804106,-4.741902629206173,-4.717422530234399,-6.3860933517121,-8.038559195841469,-0.328283496974257,-7.336510261669076,1.61107032880851,-10.163940303917084,-4.061881384064186,-7.233541564737423,0.005158166411987759,-3.873520878569212,-3.1634678376579495,-5.871732886998013,-0.4709780433305933,-4.483586793118378,-8.527697230884096,-6.460550341250844,-9.674433381453571,-4.2111223418459245,-4.163909010188348,0.05653342847255016,0.8708803580133333,-1.1475443173198698,-0.15621226598420815,-0.3000903641161281,-0.836810802634344,-0.9583878385954622,-0.3856848522037065,-7.86255736687642,-6.711270367757712,-6.605995913061609,-7.858286154628406,-3.2931384102838677,-0.2613608846445735,-5.679845748268242,-6.480007081118371,-2.3554105081650794,-8.113344046520044,-2.7759567612835987,-0.1786312624116088,1.0,1.0,357.7127657241523,0.6877655095905533
257,0.23415959600655334,-4.612990842933128,-2.8704068083076058,-3.085166772175647,-0.33234630179692154,-5.978609620040555,-1.7963809935951207,0.5062069450043282,-0.164078892771604,-5.029922064814852,-3.9524482990792125,-6.46019769198863,-7.399172428472478,0.08216444922500261,-8.399018731140394,1.5628944813988177,-9.839597358448092,-4.348409357068394,-7.011739610192617,-0.010248591245159908,-4.494791695294189,-2.9441839580267968,-6.596136354704977,-0.6561770346871374,-3.4587998803343654,-8.428022314882384,-6.795610314626761,-8.884729875897701,-3.7480213000742313,-5.096254282141008,0.3066963279849756,0.5775571390198387,-1.3535185788548347,0.002142392741638355,0.12782355827349529,-0.9390654302880365,-0.3852263122803573,-0.8358779819828763,-8.145908376817356,-6.377798400906233,-5.574467954886461,-7.50943898128283,-3.217659392283086,-0.4443669687166299,-6.10264374968058,-6.898159552597673,-1.615241743964563,-7.75815020696968,-3.0998859829171854,0.40840327102128815,1.0,1.0,415.0220932165139,0.08888859963229222
258,-0.022464531520065084,-5.939264231902121,-2.7605290216129506,-2.926201053498635,-0.49797162753234614,-6.150069864988106,-2.259120229525999,0.43035774517399156,1.0776946849718152,-5.847263419445731,-4.395972052786892,-6.536964286296291,-8.050067736122944,0.7448203254576163,-8.276756122843722,1.020067508271425,-9.288687204282898,-4.384831532250305,-7.868385451243284,-0.20297706316844294,-3.6692197964952533,-3.091661986546316,-6.525118630265945,-1.038025864254119,-3.899757313617098,-8.09323195414565,-6.836400321500247,-8.321565012197459,-4.1036293897919665,-4.517795713352043,-0.2970182079963929,0.8225220980879981,-1.1039893092140658,-0.7374874568862266,0.06467482195310337,-1.279227662209648,-0.8584296631371655,-1.3101004041304436,-8.318249156154378,-6.068969623250908,-6.067971002668937,-7.220608127659993,-3.1679584177820885,-0.3337269877458351,-6.15145736091319,-5.901710189003259,-2.3875006533752536,-7.40334012121658,-3.333757036386132,-0.4636967054246572,1.0,1.0,377.33417067549084,0.38267123518942797
259,-0.13755011179518067,-5.001118955708449,-2.6797526672502756,-3.4409515631123724,-0.04540045090332169,-5.198213669177935,-1.998440031646305,0.3064855377355136,0.5214976040816811,-5.394331506064803,-4.398157909924817,-6.5379349847774,-8.046105088027064,0.30290764126328595,-8.378301029676487,1.4800490270200939,-8.800972252018099,-3.2346638060818678,-7.1373163786955915,0.19799145094908507,-4.266239767406408,-3.22151831985067,-6.520492963572128,-1.0962874255497659,-4.335451716892412,-7.84348747811554,-6.791875359549315,-9.572768368733644,-4.617594152342852,-4.942985315204181,0.7535129021272188,0.4618781998970937,-1.0809373497619585,-1.076145722389995,0.4008799059735092,-1.3077805428941707,-0.6741887228972652,-0.8492651958072194,-8.640837348006777,-7.248972566006104,-6.367403091349028,-7.529202870360387,-3.0317778927470638,-0.9702264874447432,-6.288794422757696,-6.510086217306584,-2.392149013955188,-6.415465482671976,-3.289081009076509,-0.14894538571001506,1.0,1.0,351.0623806006233,0.6799840259089549
260,0.7274192719029459,-5.439198560111595,-3.085265353861674,-2.4792737223310914,0.1334838727168372,-6.085775165574746,-1.882458925328686,0.2860398922486716,0.5680721555768748,-4.395189671534865,-4.577126709728707,-6.400111795437911,-7.346746764625592,-0.33157495739751636,-7.487822585079874,1.0821377213451386,-10.0161352374874,-3.1349308584207494,-7.749600494295699,0.7183817223088987,-4.246716879204408,-3.557623792760686,-6.5409820705128485,-0.16743143286195367,-3.146005255344713,-8.535537731104466,-6.423738885452306,-9.631433156936058,-4.838952001182824,-5.339918177409006,-0.2252923015709934,0.25919560254964386,-1.6942595511813838,-0.625213903281562,0.8039218264000663,-1.1395684281698633,-0.5211286553260513,-0.44814685155317513,-7.305963655510599,-6.1091100102353355,-6.431391466867202,-7.738815785450115,-3.1711602190484767,0.3227328570811976,-6.029764724986491,-6.830081645582032,-2.864474990458713,-7.853502945284894,-3.2180819730750336,-0.3838880392261371,1.0,1.0,385.65721351334935,0.41179037360054327
261,0.2861929210652431,-5.106211113768277,-2.332819676509991,-3.7902753592550162,-0.36363356978155464,-6.05489857955476,-2.1246883273102837,0.672898302554778,0.23823019983537258,-5.550669056575972,-5.5354075801883385,-6.418589053943705,-8.40116486494983,0.0874313458761903,-7.669821341440273,1.4591344546480127,-8.792608950718698,-4.905211775345493,-6.5302115254436846,0.2044069972273697,-4.118604509245798,-3.5229301661268346,-6.43759397944203,-0.6915237257203085,-3.801091934465137,-8.274437937701558,-6.102570773765414,-8.590300581413247,-5.164251853259751,-4.333830447537393,0.26809403054698927,-0.09960162763434877,-2.0880227388931987,-1.3604824331687393,0.35904944889284207,-0.46356445436035154,-0.023237856993933992,-0.977904791523235,-7.088634771402336,-6.191878544691649,-6.240590624495541,-8.677367269387625,-3.5527912876833496,-0.31861316538191614,-5.864511692239344,-5.770909064278678,-2.4178824103462717,-7.19274651445355,-2.8152568973610768,0.4796143139743898,1.0,1.0,360.18131185882254,0.3572862623378506
262,0.034624330002114484,-5.093786838148938,-2.6014406222544832,-2.628428588732316,-0.49185475701920983,-6.147981817546208,-1.6453256465274262,0.342776492609242,0.30805074087739864,-5.371486879734842,-4.972312859021607,-6.456068890417026,-7.810672419726177,0.21700462015210253,-8.116538192720487,0.9174330435422029,-8.95939548822779,-3.6663230661097206,-7.474943206719305,0.012943927633083132,-3.981611891230498,-3.081577271914106,-6.231144226346162,-0.5303402856620638,-4.137294791382281,-8.15897313494061,-6.955070810603249,-9.56308195488157,-3.749340625327592,-4.348628464252728,-0.12116627095386034,0.5249791449017864,-2.1729623388808914,-0.4708767034480668,0.23510480808062978,-1.038651483007123,-0.4939758606772775,-1.3060109460918048,-7.412690394749359,-6.405268738642427,-6.596957828579972,-7.997269824963608,-2.8339862554049584,-0.05453514988650868,-6.615860204575746,-6.845409941945082,-1.7217025189601212,-7.28075368981013,-3.5029524842450233,0.4075812438277536,1.0,1.0,356.5481200891225,0.6403811366004558
263,0.5734830371915185,-4.9815964258387195,-2.7499022835726104,-3.3717500965804255,0.07969848489955478,-5.531008648358002,-2.1101976466666947,-0.17419563406559369,0.7906722528015542,-4.731795695257599,-4.876337985195226,-6.05503302444548,-8.07732015116504,-0.1345965735693706,-8.13117567320425,1.385329213749801,-8.834479419290195,-3.557327402576814,-7.162159017702373,-0.15635388293926258,-4.060406499233584,-2.71134300119426,-6.551454066461052,-0.36982651016312273,-3.9519714973529436,-8.493219548305744,-6.815554427870898,-9.494694933687065,-3.92027691306837,-4.973015306691738,-0.07373389902750543,0.5413292843132597,-1.5338367547946496,-0.5587657946834362,0.7284120740611514,-1.0537416718408938,0.14476917075033402,-1.3827997485751462,-7.612510689412647,-5.966253316577844,-5.640488833929155,-8.260315240840374,-3.2810798959357315,0.1732489404453254,-5.9128359885087,-6.871092559466219,-1.9538444972728812,-7.2044649655733535,-3.4900016033696013,-0.8224525408367355,1.0,1.0,441.0327370996215,0.016313102758520517
264,-0.056438785474456465,-5.109336983975701,-3.315995586570425,-1.9638773143835904,-0.07955434742527957,-6.412082837237696,-1.9706136521841806,-0.2873482640788355,0.3350329438064573,-4.844550860012887,-5.310985201614933,-5.988310027935427,-7.788088546523318,-0.4130786591087453,-8.023247560532205,0.8250584790827427,-9.07038343038046,-4.084176297461416,-8.090703567567713,-0.07818344506296673,-4.040473997032735,-3.434867106514173,-5.673357805068751,0.12130707301228982,-3.97092511943318,-8.677619242467234,-5.798266108501597,-9.61247299340709,-4.533234409864693,-4.29298492378265,1.057081857658511,1.1037177460058722,-1.6422934241325144,-0.9688333895426318,0.7553101999526974,-1.0484849203184703,-0.04854994664209766,-1.0515812007738035,-7.512682140002636,-6.838421589493844,-5.980967567952191,-8.121249280064392,-3.6310881906025454,-0.6990618882959575,-6.230803161845333,-6.07317952762499,-2.497643498608498,-8.254098551942375,-3.2451503401969717,-0.8050075198686066,1.0,1.0,386.35359932221445,0.4580949190462394
265,0.7707598256516588,-5.059198868375007,-2.108553600973961,-2.841303000076199,0.01658115769417326,-6.94561635963356,-1.8285635354329859,0.25849806596826097,0.5957088942741361,-4.646495006042088,-4.9004785048628285,-6.399031639644262,-7.732507131278047,0.368562829990062,-8.136821266854364,1.1237268245912506,-9.127594884861049,-3.699805189928217,-7.4622755579428155,0.5048117028140744,-3.8160614836054783,-3.3936234954072644,-6.178918746071206,-0.4760852193491307,-4.368806118836733,-8.073677814643235,-6.771734000349422,-9.039844804564343,-4.5533568563815,-5.052264149793264,0.5780413793196526,0.30778841449012706,-1.2461005487804675,-0.8164868556806707,0.3761710887362262,-0.29168704423966324,-0.5642367887585417,-0.776130930076316,-8.151045280034161,-6.584565422193292,-5.794410233020104,-7.796937097702602,-3.581433269778876,-0.2680021902384875,-6.1897564396776845,-6.188726610304075,-1.9855931273296967,-6.957940947373812,-2.679069709009854,0.06373536628682996,1.0,1.0,371.93722300813073,0.32910689262350123
266,0.3216117644904909,-5.596641275488229,-2.5998727853188677,-2.989048445060042,0.28006835775477645,-6.179576256450601,-2.1436807512192213,-0.26659346110495746,0.17605780395869258,-4.617327950409197,-4.659262720118255,-6.493872643768968,-8.736865312013148,0.19471443062506702,-6.961880025007406,1.6948208191456153,-9.41409644391635,-3.922785223559879,-7.254842915002776,0.11535085171918126,-4.357537953875798,-3.150190542115048,-6.944047099957414,-0.10292597846454093,-4.515547195784362,-7.7573180776104245,-7.074959257923043,-8.867705097821316,-3.8473354009606444,-3.938830084540983,0.7050237881179138,0.6021548974833935,-2.008437868535391,-0.6914325076552157,0.6119791205021933,-0.6640143223563544,-0.22911180363482547,-0.9957720475326898,-8.217923989503165,-6.858170484813704,-5.95839725182731,-7.934570446558563,-3.114424800708082,-0.09991998291345427,-5.847830113617399,-6.392698057863894,-1.425237903684877,-6.8462315836881755,-2.7012411703441677,-1.1282225486664466,1.0,1.0,323.3334996603405,0.7881094381566437
267,-0.32564562296845434,-4.90859262398245,-2.422296185404687,-3.2146168823858985,-0.7899275133262043,-5.962881249661043,-2.134744827289955,0.3059946341164695,0.4414176109064107,-5.107939960549932,-4.835311652844067,-6.4989896284752975,-7.720409907760267,0.15175517570038627,-7.114276484853741,0.8589993663537164,-9.063255063452486,-4.127094648838317,-7.1283205201714415,0.6636057035516942,-3.150881011174386,-3.5292959387143905,-5.87062738070257,-1.3424735303094328,-3.720986956442217,-8.791699336056292,-6.457590869738418,-9.026632320640227,-4.537739351058688,-3.8306915099525356,0.28885446173403645,0.9876725778821719,-2.2853744304711308,-0.5250673868519202,0.2615707719857503,-1.7937052036110737,-0.8389662040179047,-1.678783966451264,-7.56679820458636,-6.16161325391682,-6.523986218153994,-7.8635412495031085,-2.8351382041359336,-0.027118052096073625,-6.050933656203752,-6.503656582632646,-1.7083334960907868,-7.284404228429073,-2.46172584111974,0.01903513575740884,1.0,1.0,310.3783927302149,0.6411212243288561
268,-0.13867234034122933,-5.664046343560586,-2.3526770651234705,-2.938045612557668,-0.05609483081205407,-6.082186572367622,-2.51846797236127,0.7507177595788128,0.04238011081368458,-5.562388396738967,-4.907665017637076,-7.273751914384696,-8.299592246801767,-0.3685044144236473,-7.808052731735197,1.0149635987781556,-9.164964962361928,-3.5278154111313165,-7.158344273243174,-0.013676192396862595,-3.471194069432535,-3.5301568520045543,-6.870768980514977,-0.8045486036016605,-3.9754282238321026,-8.662033353824187,-6.848754129187939,-9.094183698310038,-3.5158297519701156,-5.116680667216114,0.12121860828071337,0.15736229478781544,-1.395117187818053,-1.0950737695640984,0.7934125420646714,-1.071979187551696,-1.3520318673128293,-0.6519750393164472,-7.7799545558241725,-5.786832823912916,-5.529220779580788,-7.853150132523258,-3.264241180744226,0.25729441892210064,-5.942653164941887,-6.8336079335462045,-1.9812482700015828,-7.7584025806270205,-3.135762807265607,-1.1908985396470109,1.0,1.0,462.8239904230471,0.043169681716117486
269,-0.1985534509673152,-5.5415708624890065,-2.5296665774201914,-2.3182103971387584,0.49547373741259726,-6.556452933398574,-1.6643554939014351,-0.14687350735311516,0.0602306195871104,-5.399141891413928,-5.308904746762442,-6.583446339268924,-8.029761376897333,-0.29735659701752276,-7.422896004003963,1.4421532136905322,-9.432552167393926,-3.7476599470057304,-6.8267372190190665,0.42260159260197977,-4.623250671445677,-2.983859706491842,-6.9294523114201185,-1.0328462779845027,-3.832416906188589,-9.116427853424835,-6.70691969940746,-9.173674022786418,-4.391547700226675,-4.618493828392597,0.7943471520031862,0.3699540079256433,-3.186721363095973,-0.8460034531819275,0.22728255802558045,-0.37405187529786676,-0.8716961689099874,-0.9300394149770115,-7.717925801644876,-5.9549378402759094,-6.5092375719087325,-7.7835946586132785,-3.441683137056271,-0.04570363654376128,-6.556417601597547,-7.063174283846875,-1.6554335843773567,-8.230903347573125,-3.4012454223917428,-0.5380459978898652,1.0,1.0,471.0338918822784,0.15238221876440214
270,1.0384191673340526,-5.402676841512085,-2.767671339312647,-3.262127418010856,0.6734534589783456,-6.252967914557338,-0.949550602605977,0.9182769643488847,-0.2515027624116364,-5.396880183872439,-4.19507500420573,-7.0028091271065085,-8.216269574419563,-0.09644879849044152,-7.059539664948114,1.5629695558203252,-9.105265254095176,-3.9422815474994337,-7.035757276253278,-0.1635043033346848,-4.1558851432193045,-2.869048968227898,-6.3329585386661895,0.0522159482026876,-4.179026424387591,-8.43590566908135,-6.8983903892389735,-8.567754709578855,-4.1119741567262365,-5.626727296549725,-0.20411900487774737,1.420495852592928,-2.0562163462471466,-0.19310094091306101,-0.5498400529167531,-0.9056949542298367,0.306630698264889,-0.9761018792429497,-7.588056012452412,-7.052028139215491,-5.995303859746586,-8.750960635463924,-3.5144205317417767,0.0009880996545152954,-5.591466496843099,-7.020912692074934,-2.473271898651641,-7.096352770088442,-3.1684190838345168,-0.2091537985465655,1.0,1.0,390.2730136448546,0.3619350766535804
271,0.13666054964913732,-5.01018268804763,-2.076708371582671,-3.0328162473875526,-0.2894328719492168,-5.745916210438495,-2.0495270682097537,0.7177841657492288,0.5400829956653959,-5.13608965131281,-4.026532999153392,-6.822575054268172,-7.69197576432392,0.046440698403559036,-7.724552511113082,1.365292685507137,-9.21435210969904,-3.453854687908338,-6.972432308086572,0.4436288621533484,-4.10358660078684,-3.4339223367322145,-6.1279683403802325,-0.6073636703601983,-3.499598646180456,-7.712181178368747,-6.586011664564922,-9.701457146224437,-3.7358736317404215,-4.029942979663209,-0.5711459350941902,0.493204899620863,-1.6589873813479963,-0.5280420414212974,0.6395881328104727,-0.4604212341718492,-0.380917943405796,-1.1850290207163905,-8.076002319961775,-7.051037734535002,-6.014398388296926,-8.06682261753863,-3.42961813005565,-0.5743641357057524,-5.559668724819599,-6.550027989331858,-1.7892101319762386,-6.808566933723118,-2.9519887195094534,-0.22182669966497434,1.0,1.0,319.17522426092347,0.5623536616943826
272,-0.6056927735637968,-5.353823209097461,-3.252604450541612,-2.5048862347706304,-0.1888661931419576,-6.295359613582548,-1.032945707537973,0.43862550360681707,-0.26597139575362466,-5.701382958993139,-4.230839656958924,-6.739480598857889,-7.820649437261042,0.27994059826861695,-8.17025648604221,1.55974667307126,-9.060836571922037,-4.352110506808737,-6.8448967668168255,0.2698364912640607,-3.843443672726098,-3.3830114890651157,-6.160187386945825,-0.09196363427176613,-3.7813411360891442,-8.866148263982963,-7.259852292706022,-9.090705353034476,-3.8896615937441568,-4.059593439871501,0.010120751975932762,0.5379640962649599,-2.309761199797181,0.061522044401548404,0.14544326283357023,-0.824993558877964,-0.17870758514372342,-0.8222107856334755,-7.969389941646393,-7.114419165126779,-5.9927221358102525,-8.36936483249018,-3.435280713760749,-0.009714551418703782,-5.7738778995213815,-6.145588982014341,-2.235032282253662,-7.5900586863349675,-3.3051256405208504,-0.08876224558244417,1.0,1.0,411.8777748901857,0.26563851962854196
273,-0.40943556516897406,-6.117619058195524,-2.5364715946149876,-2.626287765925088,0.17665575885242568,-6.297038104267783,-2.051448290980697,0.2808130740508249,0.339972173842242,-5.22759815109436,-4.294174817617513,-6.823521075631523,-7.4450846893454905,-0.4026560774351542,-8.297769500421081,0.6579719744410555,-9.991465380866389,-3.6963229596757765,-6.731614280641832,0.5252521461028108,-4.146369110354826,-3.0970336607850033,-5.696086865452873,-0.08311879949015594,-3.343502853341727,-8.732350861344079,-6.527635663582525,-8.536334589182008,-4.413287218319604,-4.602146915131652,0.05426341029974763,0.7758548071482928,-1.3749434646138283,-0.09996968918317317,-0.20277052494505354,-1.568313006716462,0.13020780013911804,-1.4477586570039351,-6.969790498674,-5.456520958836672,-6.27145421873107,-6.900491419717761,-2.6029543893236413,-0.31814310190904427,-6.3596770969074,-6.6657319472522865,-2.2267501502534834,-7.683214192184331,-3.01711078316495,-0.8299566283269371,1.0,1.0,348.947578693226,0.2879865561370461
274,0.3432842784093983,-6.158766173270817,-2.420192057304203,-2.1089854848164853,-0.008873682650597056,-6.222490169578251,-1.9818467432189453,-0.14525280024316972,-0.4593126933982964,-4.46926242400963,-4.330936350754827,-6.484205966670513,-7.47459208576711,0.18014358069384476,-8.492160029657242,0.9347670047063563,-9.406505030451678,-4.445630657200087,-7.4371489844168215,0.12923468085215428,-3.931145283395801,-3.198457983432905,-6.239490441565325,0.44105862001861806,-3.903225413053012,-8.34577293859667,-6.151178464254902,-9.487509218547958,-3.940271295809837,-3.8874286691762965,0.38122227443783563,0.10184995122961538,-1.2897750061515247,-0.32759601596366716,0.4285418816561567,-1.257428085336603,0.08388149034388459,-0.3969288769672592,-7.808365678631859,-6.126453579499968,-6.691729438149024,-8.106060005096698,-3.0149169430285574,0.2417396633063813,-5.773596186190646,-6.367817925696236,-2.333703578002884,-7.50208892101504,-3.7598005327993076,0.14767293351706645,1.0,1.0,335.2768047754537,0.7371764527673417
275,0.8500680837585507,-5.726634628766042,-2.0047288897386615,-2.7335026344299784,-0.3617835008314828,-6.260494614023105,-2.429201138867003,-0.4762816891293574,0.15009467663084933,-5.029719158103382,-4.035184809740874,-7.201955699303234,-8.009529095028608,0.5762928319393499,-7.349053010891727,1.0572542189709249,-9.478151635366265,-4.082640871803656,-6.929284129811792,-0.24818949822472763,-4.5143657766553975,-3.1792737209256603,-6.754958618121616,-0.4363067064484066,-3.245965622188865,-8.021320340536588,-7.018896638653168,-9.117876517086303,-4.198132540835184,-4.075874238901126,0.532270129028164,0.4516606414811395,-2.116018002968474,-0.7204444591389851,0.019432303662946904,-0.38251796876061894,0.12801302373400403,-0.8240676227857078,-8.148620435739307,-6.182076513433134,-5.962359155428301,-7.686668148411675,-3.674359393143331,-0.1414399278836509,-6.372600313656715,-6.3380636236057235,-2.0663647100357942,-7.492347067098491,-3.2116190217605096,-0.6171130812017582,1.0,1.0,334.6910591797338,0.7629044045818777
276,0.012013665396897244,-5.141767910527324,-2.4558864641247125,-2.359364644434119,-0.24765655196756545,-6.67820690952514,-1.7506134250279914,-0.3496975864857552,-0.5344748937676792,-5.327055396079302,-5.299775507657255,-7.244369062169165,-7.864093495510786,-0.3941012078064822,-7.616451449333807,1.6134965153114182,-9.505754388313788,-4.098532211628061,-6.855097893672783,-0.875996789869827,-3.5882484908941583,-4.11163213919102,-6.272653756893253,0.05794744999069057,-4.464590059709677,-8.559608161673903,-7.064546257172191,-8.691333379697003,-3.541009017485999,-4.587796853020146,0.3392974925938034,1.2286152329906024,-2.027929591671045,-0.22804160082427807,0.33256407569979574,-0.8739458139296696,-0.5358620670382295,-1.5312724375339486,-7.715890342213401,-6.9718701038095645,-6.570763967413513,-7.79874490591028,-3.910539358412085,-0.5881539353092202,-5.839172881010733,-6.500249953060225,-2.5771756877159873,-7.174581140926474,-3.0148830568439595,0.039017594381585585,1.0,1.0,408.1570551008198,0.3261485829417149
277,0.5755363342004338,-4.593418267550819,-2.6886110987577134,-3.2599844815897336,0.08888195656289208,-6.505539216357485,-1.5527797300704913,0.422857707923636,-0.4692721338336856,-5.148792856596476,-4.455763114690535,-6.4272356862405875,-8.00039066473995,-0.09782520874445388,-7.61684308996636,1.0894599411528478,-9.293725445840597,-3.7514941237180617,-7.246410408482087,-0.25841827916564425,-4.335442551848822,-3.4619453924364025,-6.491868766772513,-0.5684815747520846,-3.63784638986456,-7.713060780654529,-6.424264142249862,-8.189432960158554,-3.9407423048327272,-4.821750549194514,-0.07127556191001794,0.9253002377838988,-1.9475059922349658,-0.8486637555699679,0.8858078073699451,-0.22910699556394482,-0.8869951709373902,-1.0957646890970199,-8.237633954122987,-6.21801055126061,-5.913114718759583,-8.026563244042466,-2.822425867332965,0.3036103608560332,-5.499933166544249,-6.602861637871741,-2.3391576749643894,-8.063570467863585,-3.830360149107295,0.6178368493457099,1.0,1.0,319.24690454394,0.7188569239077787
278,0.2838833636420506,-5.367960052897216,-2.7402401730639347,-2.4332750386891138,0.8090211447740999,-6.187973661308038,-1.6831785349683746,0.801385880561394,0.20864338784578965,-5.042815408499067,-4.940497148981626,-6.878434687549306,-7.554469305021757,-0.0418597431249782,-7.747034243644869,1.3035905987037637,-9.103213760363566,-3.622435973319846,-7.593470110127579,0.21807794768527236,-4.4380290240396585,-3.689959885125079,-6.136958397694983,0.36765323432693153,-4.012183017169961,-8.42513063657235,-6.85021258466063,-8.733728505390712,-4.248193194615172,-4.476692965714151,0.010560262754475497,0.46400954731375477,-1.7886749030407285,-0.2818740691897284,1.0797918773059219,-0.8172739607790087,-1.1871992013030641,-1.2903594078070213,-7.522383119798447,-7.101516933107197,-6.871576942822659,-8.378357363819777,-4.111561185002681,-0.5242227303248737,-6.441414874801385,-7.290246015428996,-2.2180214278211046,-7.428893259244863,-3.321101314113113,0.2701412507465045,1.0,1.0,434.0665064464323,0.26420260156760506
279,0.7405619915635305,-5.999735310262143,-1.9122524569462207,-2.5545487604277817,0.5853464607798471,-5.6822096699872375,-2.266410618796836,-0.24302914931194297,-0.28842629442351825,-5.545084681981979,-5.116954622602032,-6.978827525510562,-6.931416832893818,0.01763699124728106,-8.444829609285026,0.9788052191701089,-8.31418880146848,-4.598968106468297,-7.257984788821988,-0.4142030023963268,-4.080075916800855,-3.1233685269240135,-5.91572562363737,-0.1784406286052848,-3.575780571077915,-8.753273489798449,-6.142040245334096,-8.6779886635414,-3.57259868835947,-4.047070509043497,0.683430312188481,0.9931283045141956,-1.8944481228099148,-0.07646322193725741,0.9405484094165045,-0.5819419867439529,-0.2910556844919832,-0.012152648506928432,-8.078515315223417,-6.469203252580049,-5.856948379014512,-6.9432872577224405,-2.8763819787994036,-0.45945510480626034,-6.292760369628882,-6.061476256459895,-2.374687413540689,-7.1863293376373765,-3.4680611670927926,-0.568978623684309,1.0,1.0,373.25300801116583,0.06619085526399014
280,-0.4605319075956973,-5.313703442190626,-2.5770381518808825,-3.0365241829239413,-0.9007465111798537,-6.69545738993724,-2.0086119501057196,-0.3193146594365547,0.3401511682766595,-5.079758003839425,-5.147911738589906,-6.967319277822309,-7.61135231431452,0.5059878768191299,-8.42315511916539,1.595254359285208,-9.42405191263402,-4.119133600732261,-6.705986100482086,0.6606579231994774,-4.699094105021416,-3.8025834186842307,-7.228626988549672,-0.26132213879894867,-3.483951393411661,-8.016348712149801,-6.6223502975927095,-8.91384754004936,-3.519691771312843,-3.4256500496518156,-0.27757966618934293,0.5225385169065921,-2.346824579857926,-0.30152702166763423,0.7857920139256256,-1.0755963484204623,-0.4789688150054806,-0.830451297321147,-8.080244138880142,-6.208640695260754,-6.463977575334721,-8.04899373953757,-3.4651702628674865,-1.0090601185560937,-6.45212816290022,-6.660351989396108,-1.9935075895211611,-7.639881790599133,-2.9925700349903996,0.18750361500133395,1.0,1.0,401.034743097872,0.42137405236687314
281,0.04533564837955312,-5.748259788125353,-2.8474232669977795,-1.9845561398561342,0.23064946669596054,-6.370130619252097,-2.5296412679465323,0.23674524090711063,-0.21183651422653502,-5.741498020179343,-4.390661548958225,-6.006709479859835,-7.7619831950341975,0.41506802513082686,-7.235090203938284,0.3685819688071953,-9.12326385935697,-3.6836344978817728,-6.435115743962632,0.5131509060359922,-3.5524805133885327,-3.470943085977637,-6.051469272699698,-0.5688029717441845,-4.481545757606665,-8.868320362748928,-6.093822575725776,-8.792614075512267,-4.274992274198113,-4.726648152910343,0.21183041481668632,-0.1401144865926205,-1.7472255615147396,-0.652187361510959,0.357432523547058,-0.9374339674078809,-0.5117505840090903,-0.8780489658326022,-7.552502168184186,-5.825820606806943,-7.4261943577856,-8.015801252753462,-3.9170080055059158,0.03047146227833994,-5.989012811221666,-6.992061430246436,-2.578906992117159,-7.086015084895312,-2.9924430683756023,0.009410467238297027,1.0,1.0,341.43269368946466,0.5286755127667083
282,0.04160338469016542,-4.577011618101932,-1.8925486169552923,-3.0950860618037894,0.12052260001863466,-6.449659390597161,-1.8911336196778736,-0.04875747797694352,0.4853606323336761,-5.046936350314963,-4.526489483453663,-6.1854323900295745,-7.947353491886756,-0.36825460502733776,-7.66238212511145,1.0169434165087436,-8.29332500646574,-3.7402325137420145,-7.210432384577997,-0.0006145696292920166,-3.9230600846154906,-3.6008501496345886,-6.948738622350859,-0.4927074880364622,-4.380334938467216,-8.565941714404637,-6.441599512427507,-9.51736862763714,-5.486197161590663,-3.662259929997866,-0.14253579551636042,0.45635314868814725,-1.9496564024371341,-0.5220411088270767,0.5200649470704687,-1.3827887394963225,-0.7228078399285432,-0.9185646362887894,-7.61890154087594,-6.714895204127935,-6.527398632504176,-7.709424205379443,-3.4290540126164784,0.2655909089171139,-6.764950519303418,-6.748448611533513,-1.8604939290836218,-7.263745674317427,-3.7666860597726313,-0.03268319047531218,1.0,1.0,343.67673682539413,0.7143874354842388
283,-0.026015927073158,-5.395276937837097,-2.604673936290892,-2.2304135050650147,0.09824494109446695,-6.52846357111209,-1.4114595720094785,-0.04299372118590933,-0.21735745069808765,-5.041922888612237,-4.85025335556961,-7.426573488806457,-7.754254072953748,-0.34333500197907085,-8.522212794606736,1.6211178112510605,-10.090833369525004,-3.416710247823369,-6.756805433000267,0.4245110168946836,-4.073965571926412,-3.26886660480339,-6.469916170616413,-0.22106114979115504,-3.5138118191064125,-9.040684208636101,-6.107290206245543,-8.711923606978099,-4.286647627193069,-4.359717535067256,0.538302822542111,-0.0023667733333117003,-1.8175879757210307,0.37723241501314286,0.8510820661243785,-1.3205384134409175,-0.2515660389669907,-0.7018831274613513,-7.596533582853826,-6.289338253055116,-6.724208487839195,-8.44290324245825,-3.7336095123314554,-0.1572311187799723,-5.688873067314029,-6.0458521683206605,-1.793436975293734,-8.566662741471227,-2.5095016709583815,-0.08031261019634653,1.0,1.0,365.21677133738007,0.7721260376114726
284,0.04072374777751511,-5.813752760314206,-2.852921819803758,-2.1666889260528457,0.8705780622235626,-5.920188746247414,-2.8527495804115865,0.5447095773882025,0.4771653388315691,-5.3321152850267755,-5.358945438527394,-6.6349004722098925,-8.085123875591353,-0.4790158939415342,-7.644874378943269,1.2097128476266312,-8.67697658446861,-4.262047164837339,-7.351824947482242,-0.10816352053660883,-4.17519673957197,-3.076558676493991,-6.504494443772052,-0.7666567354258568,-3.8258792935633066,-8.655136443025555,-6.748656856740051,-8.688146816273612,-3.7495423239456285,-4.277516229693063,0.07574773464557627,0.19785089500166037,-1.3173223381390344,-0.514457298378046,0.43299954403932284,-1.0115804243033248,0.32519445221551146,-1.4533679904135295,-8.566519906681483,-6.5862014628426815,-6.252460009064378,-7.4550593670149015,-4.343283413165163,0.23841571069550394,-6.31073646062445,-6.752506062664441,-1.9842767786353963,-8.622552834802104,-3.1468430743221445,-0.35285751049193925,1.0,1.0,386.6665021084392,0.6159461415130518
285,0.8892397078244855,-5.830469287931526,-2.8204471448435964,-2.6470402966148554,-0.23714248469721294,-6.941067143258674,-2.1797142417946493,0.14421863579572944,0.25050233497161345,-5.08128801928152,-4.550677379896213,-6.9349131141774825,-7.109014519897659,-0.3874983675340329,-8.21317778866763,1.3804609736042255,-9.180212906522657,-4.01931734923535,-7.265512088698805,0.24106361035547297,-3.5826736039080864,-3.1178377785658213,-7.458271755140702,-0.11512313015245568,-2.9173712421023263,-7.769743896080988,-6.422103559635271,-9.201033220781209,-3.827847940551722,-4.416457241305843,-0.15502908341308141,0.7972662645541423,-1.7644122923526548,-0.03744644667048053,0.9549901200811961,-0.3112046205616066,-0.2673233947738401,-0.8342014317899094,-8.047838151003832,-5.930570742247627,-6.357834697167204,-7.73376559334495,-3.518646154567708,-0.8113841203671789,-6.134926589241404,-6.192290605897671,-2.223249625820425,-6.726088383222396,-2.8036963033058653,-0.0875698179448634,1.0,1.0,336.43870775405935,0.6072792946314608
286,0.25554188541348516,-5.189579233142904,-2.3735475469352565,-2.140905024912135,0.4886496761438135,-6.0352709221871645,-2.114096837180892,0.5334309786940609,0.09011897215536736,-5.381513265939803,-5.213302452587296,-6.06299747518387,-7.091083369222831,-0.07709586312998795,-8.530601023098228,1.3206615215330644,-9.398193150573888,-4.306002451188516,-7.347880178211799,0.020223444436207008,-3.6092477672946495,-3.065289728034066,-6.525101677344239,-0.053351955956465136,-4.0927011736362715,-8.771465402013224,-6.5813699377383905,-8.926617035821513,-3.3300165275310345,-4.646479990613705,0.7727472963748133,0.6150037930281381,-2.03690534515636,0.1580450731158175,0.09773131594106615,-0.6184081511592293,-0.28501863830834284,0.1211013046224172,-7.573535686708986,-6.896996905796493,-6.1118407610878505,-8.690053697195621,-2.8748525326326217,-0.5170041950508204,-6.095295194040218,-6.247262504248961,-2.695187711707746,-7.570961558698129,-2.7158029554529723,0.1786776804425283,1.0,1.0,359.10412125743,0.5680392378835507
287,-0.30161623401375315,-4.576932335482585,-2.9951765499168292,-2.880786311583282,0.2751277779455411,-6.9533767859157,-2.566441043018389,0.427983882427737,-0.014856150298148898,-5.0707505031345494,-4.779845016983333,-6.395379008948528,-7.340913533799219,-0.066292405089389,-8.256531461266597,0.7910037087462123,-8.803604714486926,-3.7341164519378185,-6.838419133480209,0.5847578465297101,-3.7468140253317976,-3.7580251414215367,-6.1057297307471226,0.16646273313096904,-4.108302684928147,-7.514824179788989,-6.22321799897566,-9.044312837338776,-4.639884233213702,-4.3955280988837435,0.2361188044805014,0.8463943855133383,-1.413478580976304,-0.46622520255093824,-0.02784541964969911,0.19713945544182587,-0.08948579591234923,-1.4910725017187318,-8.66191933653876,-6.29144914207188,-6.0341543801405475,-7.386027424686162,-3.7354155892496337,-0.5529362231221566,-6.39210374088959,-6.1376007298868585,-2.5164108368245652,-7.722858988685972,-3.8614087275752795,-0.03420458822028419,1.0,1.0,337.92422501990484,0.5612422660650979
288,0.27930372574764417,-5.502436981814064,-2.6113767914736883,-2.604201594766719,-0.2843212738394991,-6.240941425719396,-1.532827678798288,0.6809049233058659,0.36476366624135304,-4.839761193647657,-4.859791962963219,-6.59707924457934,-7.210916367529911,-0.17280807651196836,-7.751984177267526,0.9793602873182481,-8.965020494852409,-4.026777974312406,-7.913598098337944,-0.003508742673195675,-4.606633839090067,-3.2850840846990796,-5.602030301384966,0.40016579173817224,-3.834410472986758,-7.969861948324816,-6.680672421409119,-9.103413870323294,-3.550402143625193,-3.9168108317593164,0.09043233320160352,0.1783274920526875,-1.5826602211452776,-0.35847118492860686,-0.43243652035733915,-1.047376473412437,0.21436397269029017,-0.9241585816752632,-7.7753263899748175,-6.458947984403659,-6.3428425138146975,-7.241302807742943,-3.251318067830302,-0.5515226529227364,-5.755818074992377,-6.442231909261496,-1.9664200812385007,-7.562618899460369,-3.7785184383991526,-0.7081856887264866,1.0,1.0,316.4886628852939,0.6138651048942267
289,0.26763933390288003,-5.601990932275725,-2.851129891053329,-2.864783749439011,-0.5458114992334278,-5.870869700975571,-2.0964660935916646,0.9396432903556401,0.4780105038582066,-5.808870967188193,-4.872329918896979,-6.496062594356012,-7.895454895179175,0.6707359294038365,-7.713015656386384,1.2119569880941385,-9.103064517826155,-3.8013626448112627,-7.657894331967188,0.39036097344737375,-4.0521589454324705,-3.0169907111396808,-5.729103193171597,-0.6326347285246375,-3.918694639558315,-9.022449730878598,-6.3966850646198266,-9.163691791725075,-4.423558230386088,-4.179698994869476,0.5783672755949907,0.32640599981149504,-1.3714211333196955,-0.3334629315456539,0.6738185640252227,0.22015592707495235,-1.5300437448812858,-0.8749001496168972,-7.445915977791411,-6.0743310889305135,-6.048567903089519,-8.184484322014796,-3.6695541377098335,0.047279472348238205,-5.98416165422717,-6.8993112958030505,-1.6660547683548186,-7.861748838993418,-3.318158288805717,0.13412604473337048,1.0,1.0,343.19398789734845,0.7794795831085152
290,0.21992706869724243,-5.537598706107482,-2.5709457213271216,-2.754004674903551,-0.13395437023287132,-7.142835961912588,-2.0584113255993968,0.5716260942925403,-0.21519646355507607,-4.670639079117853,-4.4311122850113005,-6.506108664247762,-7.808018477987025,-0.14400538751412684,-7.154621523860636,1.7567792563269276,-9.261920973425124,-4.511646081565783,-7.408075127481494,0.1869273363165034,-3.6154989894733798,-3.0168027793310133,-6.121082857756499,-1.2133776764714512,-3.7502509541919125,-7.976113072070811,-6.822034833103948,-9.019336532448898,-4.373971424052843,-4.158162715596965,0.050592271935019084,1.3867419416764228,-2.4703175151246453,-0.7799079539489584,0.21705533326766646,-0.4516155622701343,0.015395653935598719,-1.1019246869264363,-8.26331469518386,-6.783744356256233,-5.833176279261848,-6.966033581329372,-3.8522640921386957,-0.7158866376862469,-6.44895664174088,-6.230461172149388,-1.969338988149281,-7.035516636392805,-3.4335485971184676,-0.3645402157562516,1.0,1.0,368.54339461730046,0.29897161391677546
291,0.11524697560138945,-5.705224547574334,-3.2366972529633293,-2.6102561577629024,-0.5409346232906223,-6.691143521815799,-2.4973486901793915,0.5893326188476898,-1.0382260119260271,-4.54677603511492,-4.527728600856851,-6.715754424277654,-7.93167433226735,0.38601733734517973,-8.032515658838808,-0.018596448077099703,-8.777709989974056,-3.953095269677335,-7.280113263430364,0.47345539338554066,-3.590276417130654,-3.380687140914089,-6.675689081579603,-0.7146440526393479,-3.3591653285962266,-8.15086642363422,-6.700103221876401,-9.439829757903054,-4.670023543690534,-4.613411134219878,0.4597600317682306,0.5568144560477455,-2.472105978909449,-0.07058524582730119,0.3898283376899034,-1.5212091322615466,-0.007171525485742403,-0.745100177927888,-7.997918216526368,-6.587024940659962,-6.834529561719605,-8.344211650187427,-3.8423326234804707,0.07485849694074459,-6.164367513823739,-6.690115974227392,-2.1387618531991537,-8.381832911367175,-3.541840983752417,0.34353489491621636,1.0,1.0,494.43074211700167,0.06644355443075592
292,0.16381583884816756,-4.907399625841953,-2.8134600261949796,-3.1116477089487096,-0.4297930115771844,-6.572964666750541,-2.03726019175996,0.23219874994829723,-0.06424892246070193,-5.0023655141557075,-4.024022547537643,-6.286234168741699,-7.612907681274995,-0.3545044456772013,-7.951116100119947,1.034544039189501,-8.984917340832036,-3.658577563467165,-7.1140137522792894,0.3009937448373324,-4.155321604335222,-2.978844322073628,-6.443696342055028,-1.1850717718969668,-3.846450064970887,-8.339775917495672,-6.632827643009581,-8.619703760028537,-3.591218646486302,-5.321537609566801,0.4744269055332715,0.5399946243481955,-2.8144551614455717,-0.6195662431155998,-0.053684559431791734,-1.130494909864685,0.06486604398738749,-1.5206126350325362,-7.551989443684809,-6.4949981289496685,-5.674689037047532,-8.125753512216887,-3.079529531552364,-0.3267290058627528,-5.795503710459134,-6.682429777945151,-1.721406822192266,-7.816035286651738,-3.769807841935278,-0.487417026264363,1.0,1.0,378.9731730701646,0.19171235168977996
293,0.008933297052938743,-4.927724571540471,-1.7353825974563637,-2.998670885698962,0.6410838775704859,-5.885081026131248,-3.1594402741501986,0.6811310824124515,-0.9768369047175659,-5.366734520782265,-4.544481088898292,-6.139277178012666,-7.809104903039435,-0.14131489305463282,-7.871550998280023,0.8437182246566639,-8.897600734287948,-3.4389918353821485,-8.12679996285101,-0.12124297790009275,-4.409228340392305,-2.966423006715186,-7.022886379710381,-0.6286021364167278,-3.5107075139985287,-8.167497378140938,-6.317336643708669,-9.326142994638827,-4.136675395221349,-4.548175007213382,0.8031757951537887,0.8883348608807005,-2.078879032403279,-0.5250503506239332,0.559149102088573,0.17822352715909928,0.035141576228533755,-1.9985325074582772,-7.518247328161382,-5.894958286853675,-6.169198667124457,-7.408492690416477,-3.5601977447052997,0.2608789218869714,-5.72765064786546,-6.665003237366931,-2.2176666351502203,-7.351533505967468,-2.5069020318679835,0.07593968411042362,1.0,1.0,372.57385518415583,0.17718620803439614
294,-0.07177602331300487,-5.460535570079225,-3.0046594845327133,-2.787220126659532,-0.2075758735715644,-5.663825044401691,-2.417725862827341,0.07709764096413921,-0.15779223548618745,-5.720389892546185,-3.832495394981143,-7.2318430923659225,-8.209145069311214,0.1970964312794381,-8.565963880282201,0.9294823041354138,-8.800630485197782,-3.909502700658345,-7.7053142474503415,0.5198054806540672,-3.7524055401720116,-3.000190046216925,-6.803874793829343,-0.3988615306929085,-3.6199694631979806,-8.95701898947801,-5.754474353877022,-9.108980879984953,-3.975026985741652,-4.452841402639989,0.3416152727644506,0.9533224121159564,-2.70317393020908,-0.6165335112245194,0.29882865934073055,-0.7099715825609909,-0.8924875527909446,-0.12105947362024072,-7.256363980475054,-6.208011083787735,-6.038426511286888,-7.556856797517768,-3.7164133872582394,-0.5429328635987538,-5.347830139006343,-6.253555679035739,-1.8388563536832772,-7.71185174553173,-3.8807982236726093,-0.19105319175982005,1.0,1.0,384.59959190345967,0.2908798374432848
295,0.4661458539718967,-4.712882550463068,-1.986309569109043,-3.0755896642910456,-0.3611982719081454,-6.401694181364876,-2.1828860042640947,0.20066763074293287,-0.0034624801691800523,-5.070695434444798,-4.942045273140076,-7.180808736572954,-7.823625841865804,1.0279415139208736,-8.130843921338654,1.2333354422689025,-8.763515149174562,-3.247096405050328,-7.632589603364157,-0.18484474224849148,-3.0471362918983464,-2.7953995622073244,-6.166517991885382,-0.8621768953925601,-3.9946129769382583,-8.001322564179294,-6.982958559016062,-9.202645221366293,-4.42333464854567,-5.185801372917426,-0.023468330605434684,1.1081901934785152,-1.5343631169552714,-0.19696818154083584,0.03157633868762061,-0.49528384469456976,0.12454339053322439,-0.8821992909688603,-7.902201192238298,-6.105267864418639,-6.103730059183245,-7.630196425911387,-3.3626369529037134,-0.39757135681471345,-6.156770846727783,-6.437165370259834,-2.1730390467759495,-7.782785918290742,-3.81902198667284,-0.3266651457879359,1.0,1.0,345.28036647299143,0.6482513856898815
296,0.9327099023108911,-5.067419502540412,-2.3821961805334166,-3.1912851197443945,-0.21426769883794708,-6.716390708708458,-1.3584864497488929,0.04476687216730407,0.2697768235926531,-5.037560544151094,-4.337141005518101,-6.986069384036791,-8.247806085920383,-0.042504554826005195,-7.641120477293572,0.748253324569186,-8.882675502076113,-4.1568902290847625,-6.681760281467206,-0.2538523589011548,-3.4309474729836458,-3.3081026430978246,-5.703661890828357,0.29723733257717166,-3.6943814437383398,-8.208033527460856,-6.677783540240497,-8.664308527233354,-4.396101194657695,-3.6102795624199726,0.30861521349998833,0.3192840030877362,-1.8243686289596,-0.6518276606168356,0.8795139586142222,-0.8096468439627943,-1.0368344989842737,-1.2906895626529709,-7.321921669083175,-7.3356858657431365,-6.163559463206068,-8.103856994863404,-3.677010313945499,-0.7503668204943205,-6.936282670186778,-6.586955272335166,-1.8228449331147951,-7.739516262871765,-3.1918072597029434,-0.6968029147188022,1.0,1.0,423.2581243493025,0.04807693589307985
297,0.13030548422556396,-6.167869664956368,-2.7921311745330417,-3.3934180460980556,0.11059563809609094,-6.238517548958034,-1.9861722072548342,0.27763378344330486,-0.2750767628947764,-5.051805741755901,-4.8364185496204355,-6.496865616222662,-7.386108256504145,0.3958078024167475,-8.283059091454676,1.7368155360685724,-9.578434745296953,-3.89785375853929,-7.859989196348898,-0.3520034227112377,-3.9095275207397853,-3.776556579578722,-6.741170640352793,-0.8501422057426021,-4.311781697771263,-8.513662195041725,-6.681127880549241,-8.659734050510492,-3.824415326595348,-4.539642457874169,-0.3364955646960388,0.6414064596861851,-0.9001468567984146,-0.6535464685568165,0.08518877392272517,0.30784934579266965,-0.23362740961677012,-0.6690849870317943,-7.181976523555324,-6.76373482313791,-7.176625903672759,-7.4267428698778515,-3.498456008080365,0.3747453405223461,-6.469624637611732,-6.7016089536168435,-2.190045396930369,-7.50906978414391,-3.607524200678377,-0.09657482921173782,1.0,1.0,417.39095400010365,0.3597948463172449
298,0.7733859993184627,-5.285733180644289,-2.5890921896331553,-2.5212005199451264,0.34134007619877665,-6.043717150912374,-2.1092186559623247,0.319383369301703,0.03961482940311137,-4.487307642806041,-4.875712886018753,-7.206766540763166,-8.521068149955514,-0.3731862424544493,-8.256207426923632,1.2436123137489772,-9.03020263884179,-3.3906483306245976,-7.042568497292261,0.034441749047910926,-3.694843878308987,-3.372501240735382,-6.14702778092238,-0.4589966437102829,-3.7028089026564945,-8.80680863338238,-6.290579141627752,-9.008204864742124,-4.467619978151642,-4.384938546317881,0.2663920709625375,0.13131414091332938,-1.7785530760355175,-1.3172867701697677,0.14893616317711572,0.1813697918831345,-0.1908699519251568,-1.385404200651494,-7.461517402327398,-6.865715896186371,-5.99670981425584,-7.49348447654628,-3.1874132108906417,0.2843859540889364,-6.132176292133143,-5.992139570467027,-2.235073962668111,-7.520241671380631,-3.7246802942990094,0.5802903251053244,1.0,1.0,339.93936604342,0.650536421986676
299,0.6256151464866349,-4.777607443527036,-3.3262719072375035,-3.02935661645072,-0.22975054667794068,-6.537328500800405,-1.8125406786791938,0.8587734698474853,-0.1458620003059863,-5.202589690098829,-4.513117128970466,-6.597537784360827,-7.802787203509189,0.6134538792431828,-7.912845513614651,1.4078796957604562,-8.903445027971523,-4.4590007682502435,-7.172864161534279,-0.362988979073511,-4.199909657309862,-3.079888401365327,-6.663512062882807,-0.9403575397155762,-4.4953739624070925,-8.456420147523612,-7.252054045990944,-9.20943708299361,-3.1792224317402944,-4.486853751393498,0.40158941722774577,0.7854231608979093,-2.61201616785307,-0.8592173171890252,0.40946866173676205,-0.3813955921360378,-0.2126751202623564,-0.9334027106800692,-8.065280468174757,-5.5373034327541975,-5.679572866554028,-7.740631859924066,-3.8105935651142016,-0.7248931883731898,-6.460601798647287,-6.99878876478203,-1.9416171087656535,-7.094859949866011,-3.591747391991968,-0.706478067129721,1.0,1.0,409.05052932085624,0.21139069963251905
300,0.4234820214229975,-4.996496537920172,-2.962579286084819,-2.8918839773374927,0.09288426297363124,-6.104369009203488,-1.7364354958833066,0.5125569789770675,0.4789897907368957,-5.439767404789029,-4.514160828389069,-6.4985277720001475,-8.117216265724814,0.08655814562044212,-7.8864594315791825,1.3643962725164631,-9.881395455621758,-4.30167290659597,-6.646349185127558,-0.05344117597566468,-4.0599611473842625,-2.784514969180624,-6.115220215380816,-0.10271620073051557,-3.5337033205825445,-8.231065349341634,-6.670809831648119,-8.792576344173357,-3.5975974437750855,-3.4518226094563027,-0.21943814532567185,0.5781753982059153,-2.0019102049533184,-0.08028100399929344,0.6575160106937988,-0.6798806694877764,-0.8229827398154912,-0.6075720680164504,-7.670520788182103,-6.805862997113664,-6.6350903602713736,-8.142432856112652,-2.749735716984297,-0.4731668653739781,-6.038461602338224,-6.192947290432892,-2.050032144059954,-7.504691514179648,-3.73083021237221,-0.3683173728783008,1.0,1.0,420.78902141092885,0.05072078557869491
301,-0.07515307851314396,-5.273698068093411,-3.0584028587996346,-2.9585733164322745,-0.10875381360617212,-5.968665700851453,-1.5655833609065626,0.8746792332461559,0.539987959211115,-4.220324627904093,-5.251730965536318,-6.5857270861074735,-8.512327037997297,-0.34864767339175656,-8.38942160763459,1.123257211559572,-9.59955117037984,-4.514600189078512,-7.0445835418700815,0.2916295995366888,-3.9224757982197453,-3.2015199602152182,-6.329937790009257,-0.004798381439341803,-4.151068699910997,-7.88014629468183,-6.762650914672306,-8.60914077356083,-4.621475049987688,-4.218768122584152,0.002736844602041072,0.7771728769736175,-2.9226728836745015,0.2180111055548295,-0.5034682924210183,-0.1729459609194408,0.42820257134776996,-1.2501675370794891,-7.965244941849237,-5.724360147327806,-5.808954748593406,-7.64416034719295,-3.8684063999162692,-0.6895779041668055,-6.037633556949658,-6.633757010841271,-2.1271375535032107,-8.014285181051466,-3.1923328587747024,-0.9678033170662546,1.0,1.0,408.1205197951093,0.19368613780474792
302,0.6672338465947949,-5.779361995837589,-2.6470766911444708,-3.2175454692855965,0.2683627567174392,-6.525845982877443,-2.148589810147048,-0.06936545701182945,0.30280350911428494,-6.018003370047055,-4.287481048845992,-6.642635188418113,-8.156815787378523,0.19456392502577563,-8.175202155352197,1.3850830297673096,-9.44439733379416,-4.254549816195475,-7.636456563738898,0.18625419789554876,-3.879833532745622,-3.6171456362080745,-6.622682025828959,-0.7715188926828852,-3.792218756724261,-7.767410882765034,-7.016332158306913,-9.210131417081799,-3.4231670548475055,-3.873495791575146,-0.0385881703375997,1.6784872091964902,-2.315706014480697,-0.838637824267239,0.5876854492130738,-1.0345980458931958,-0.48194864453879105,-0.8078136663948786,-7.68676259860698,-6.7667276791948625,-6.270707798967452,-7.403968612682169,-3.387987892656304,-0.02891806169785935,-5.973932368007671,-6.090123768664599,-2.2865638769400114,-7.2370616947567905,-3.4195449672352067,0.25739329183798376,1.0,1.0,454.22520670171906,0.06805636940017248
303,0.4776423857616833,-5.559261428176193,-2.6645696926744775,-2.59711537832234,-0.6939021304572321,-5.765146912227765,-2.0412733070626103,1.0071515708630183,-0.38345234170512443,-5.262656247454124,-4.485014689099185,-6.493333439552755,-7.704481847760313,-0.508808019983336,-7.559858093462411,1.2896606684779701,-9.17532236889808,-3.306272659213225,-7.617788192258194,-0.23286061529785324,-3.109821379269757,-3.587626476292669,-6.087404985316742,-0.881758083106404,-3.8591209116586795,-9.052448082648315,-6.521809292795229,-9.285777709490903,-4.525101441442351,-4.099503506633424,0.6141262615955821,0.8427851570559652,-1.4968734422444023,-0.7715906953295689,0.02880993837595669,-0.9112720256509432,-0.7167578087839698,-0.9197487611515834,-7.416635019478089,-6.5620079339395865,-5.957544313737895,-7.457293001328905,-2.470986235046916,-0.760758543872644,-5.472653547300068,-6.229803395386558,-1.9839586235102509,-7.962699539519223,-3.2450935522180404,-0.6842257855479402,1.0,1.0,321.6573055455183,0.6462219482778817
304,-0.12189366675064761,-4.7735192468895224,-2.581362469340418,-2.4628623404645813,0.0007213674763636886,-6.403282529927233,-1.847121202738053,0.06773372311165607,-0.047352633606927895,-5.597956236369647,-4.547274317481829,-5.713990531371295,-7.779530828719455,0.02738113937710543,-7.126834012680099,0.6330491425800971,-9.217402848476231,-3.2122035026539626,-7.543575214548417,-0.4031023058621768,-3.9301172877239714,-2.8994712831631433,-6.700600073272412,-0.9974875939765769,-3.9740359160037206,-7.8165425391498635,-6.895828586995409,-8.965444637858383,-3.4666368526755393,-4.3701010447741915,-0.015502803761510336,0.5063312472466985,-1.97194047273858,-0.547311056769174,0.38431815132473857,-0.6960811696955665,-0.26222856820296314,-1.6477107201675656,-7.647201249651687,-5.766150301375911,-6.211342583269026,-8.638266002082936,-3.191978057430723,-0.1564438605406172,-5.783772840086947,-6.553959951249905,-1.5013723292334915,-7.439102275619879,-3.6318099141524374,-0.7392954445739697,1.0,1.0,367.32083442990387,0.1362000605104657
305,-0.10389364887953229,-5.317856671897207,-3.967272217281363,-1.8956127679400552,-0.3622539707643518,-6.514226929347187,-2.110161327529528,0.08586961822372646,0.04373095610470855,-5.30005054921198,-4.715807705570493,-7.0101317513633,-7.854614436564397,-0.4032451056040295,-8.795600466441034,1.2367218718809179,-9.730981095248723,-3.6710177373599855,-7.324672979276196,0.006941524265947609,-4.173171969553414,-2.832705943118083,-5.736768890911689,-0.6527576135592195,-3.968582375416996,-8.578105715566748,-6.185650406243332,-9.159763151208505,-3.7811778776823233,-5.142712178483645,-0.04260936732219467,0.5656393090372527,-1.9936552957813674,-0.2607199153735861,0.7904353285495909,-0.7844039679356801,0.31358277365292453,-0.7479791750125252,-7.986591580625982,-5.6030377787714825,-6.6670174727681655,-7.7045599578149995,-2.7288129164118224,0.41043938559129456,-6.680536375179667,-6.53968925845554,-2.0549772472739383,-8.490287622027132,-2.5257793604666112,-0.760547797068354,1.0,1.0,451.1216829241077,0.15627570044995098
306,0.3744155904596145,-5.217479830044345,-3.617972800620857,-3.0356982105811103,0.03496370371615207,-6.750366715095436,-1.6407253649645785,-0.0626197988292791,0.6989206956781541,-5.44051236335483,-4.297767388191469,-6.43881210734381,-7.792949336141471,1.1154490504544246,-7.459582152289063,1.0713281069663156,-8.69045627405748,-4.190944782202185,-7.997609151570693,-0.1156928261189325,-4.5813046369684605,-3.651359923306643,-6.239333827069734,-0.5814149449677157,-4.2829495143498155,-8.351704540625835,-6.94151545584061,-9.325158016993997,-3.856626381885329,-4.848175452321552,-0.28393005152099904,-0.01716517143780316,-2.2362870942788122,-0.9092871876624753,0.8706067698112848,-0.1673315867194458,0.28186266645249825,-0.9995520863682685,-8.194350012822108,-5.994190985429047,-6.69000933303163,-7.689190295008717,-3.2554037005578014,-0.11410616977520564,-6.716718699210963,-6.396697416725597,-1.8448195851863,-7.9333140547811585,-2.59904975706473,-0.7621115742280408,1.0,1.0,379.54854214170655,0.6517136092462883
307,-0.0236884155423287,-6.048525519064915,-2.4751258922175823,-2.56940805581629,-0.06877215464725758,-6.164784788620406,-2.283237068836494,0.2698400632724397,0.1568708972044716,-5.872712720634416,-4.040295125119651,-6.547177898838997,-8.125508123547574,0.3749537213396905,-7.797461560361582,1.7014065700862133,-9.224098769835416,-3.7988775156563643,-7.158709599061501,0.3396490643994037,-3.778188635530868,-3.190187300532059,-6.095974957640166,-0.04537132205394434,-3.407684394971655,-8.68369783514245,-5.936603574031025,-8.747409732777344,-3.977335529131422,-4.747577476766013,0.28240609487637836,0.028190888736539077,-1.2601570621586955,0.290333436539124,0.5197369635671516,-0.1241041752624602,-1.0117492027084563,-0.8908486455043524,-6.981280295635965,-6.390244295620686,-6.415319446893246,-8.31558466428344,-3.6730199571678863,-0.5565035462098804,-5.681337098610182,-6.313358168640999,-2.1878457507383122,-7.494462256241977,-3.196109337485863,-0.3094267328295548,1.0,1.0,329.84663959558293,0.6482284233459965
308,-0.19381179224030637,-4.479489767018148,-2.7935764102397083,-2.9417014258123997,-0.443201569334319,-6.008722805187482,-2.1544138965033612,-0.7038742787979172,0.08408546545390096,-5.4332782141694445,-4.1383867013201785,-7.169469019688714,-7.2109238424707955,-0.1342272715816292,-7.707098072076352,1.1126058437898028,-9.151759776241338,-4.129099426361482,-7.416322520104213,-0.1978813036416879,-3.1747572618109707,-3.6018508425728166,-6.744123676406053,-0.5473785884542811,-3.733479479457266,-8.900141757672872,-6.06452768697204,-9.083671391002971,-4.350930797727717,-4.621570885459694,0.9159021361083411,0.8658853345072932,-2.0109644737775407,-0.5158820421817987,0.6210985643946121,-1.2934512373615157,-0.5345448991695765,-0.14272173330943339,-7.860461031865749,-6.475686856732441,-6.480147852570156,-8.59725948269212,-3.320045639621768,-0.1916130877372047,-6.201048364611744,-6.205230059348376,-2.242950552303509,-7.736067547438168,-3.3168513259368297,-0.34254007658986974,1.0,1.0,375.6796960661906,0.47149910258699407
309,0.27379358828733935,-5.583465347743394,-2.9623647136699924,-2.663774299388671,-0.0737069534622557,-6.561873646321832,-2.4361589874300473,0.3067008247004894,-0.46308218610508717,-4.696299634674666,-4.732471122275841,-6.610174623187518,-8.622812691620506,-0.11963920199825767,-7.226254628822502,1.2334552027140444,-8.70575387297628,-4.008726443256034,-7.56463076018906,0.5407705149988605,-3.8371235942245905,-2.925749233937592,-6.544898721198839,0.08155800275551373,-4.619375076877919,-9.069367909912254,-7.041395310520594,-9.369580278368291,-3.444374219300592,-4.567393944210077,-0.4342162256855683,0.6872398743106718,-1.8333931049201104,-1.0608429332414748,0.6396892343720922,-0.457389545846426,-0.31133829809558716,-1.3725784989833638,-7.445590933519405,-6.478631454949061,-5.818010999432363,-7.791095303095182,-3.2737181297666718,-0.625103718165499,-6.097955878576575,-5.962675346637064,-1.7093436763304384,-7.555836547440345,-3.5480814906298046,-0.25366075962584844,1.0,1.0,347.9871246368697,0.7317874720939697
310,-0.29480065114236975,-5.254292985112472,-2.8172815936343554,-2.780259589165898,-0.07025240581896874,-5.96236438831699,-1.3076115514656579,0.39592858054977476,-0.10013378657964161,-5.0496606996355275,-4.936826194918517,-6.1581777018958865,-8.012202594111189,0.05887890202764964,-8.742209227932035,0.8824113076568948,-8.479511473133586,-4.999229430469932,-7.353455658879828,0.7581638413688611,-3.73589044211743,-2.527330061494709,-6.182088564225767,-0.6593371913971793,-2.903080308108963,-8.468701001447357,-6.083395757882478,-9.416741526869258,-4.203431505507747,-4.610739524063766,0.5833258044532517,1.2825860308257098,-1.7337198491749828,0.3240137602951346,0.6850418957223636,-0.7300931277721519,-0.2816185300418811,-0.45441554622457436,-7.6389058131224425,-5.784543318098722,-6.33386560844741,-7.255283279829339,-2.577855435798905,-0.7401426857063915,-6.178748061393501,-6.7947995414833535,-1.5609720141048329,-7.237755741083631,-2.882530306436375,0.30650550952817357,1.0,1.0,394.2120320671121,0.04785730940370767
311,0.11952636590268821,-4.919020447290207,-3.0078014299667273,-2.4871292940518073,0.098381334697949,-6.054910874305314,-1.2723700071704986,1.0505138032041532,0.1264866138549559,-5.332106591677063,-5.00169784138564,-6.209041337538553,-8.044146134442167,-0.4531692676399285,-8.273572708526233,1.5622362638022318,-8.762783319826992,-3.779165676716975,-7.652975735073974,0.11166238929107743,-4.260317441959438,-3.2192454148836114,-6.4500220775664845,-0.39918143923271565,-3.116049644426098,-8.11042166265631,-6.702512982866685,-8.587157645957422,-4.288904264762593,-5.003051352728629,0.5235324494913531,0.4689050041918067,-2.315251333964756,0.3296758248871905,-0.1111937483275891,-0.5299994793642913,-0.33699830392655616,-0.758513126332673,-7.392562703336413,-6.779301877106385,-5.920915691844652,-7.762617952409177,-3.4716218587597405,-0.4170982605479427,-5.953639152086925,-7.146166420537905,-2.0610241451305287,-7.626361529540971,-3.5388188746005667,-1.241540137892569,1.0,1.0,329.25537745190064,0.7719973122162659
312,0.193453075491121,-5.653947563820267,-2.5649443136818735,-2.558691201735849,0.1992156514513306,-5.761441137069579,-1.295696573734915,0.430219024321463,-0.21714350694322787,-5.5220404820055755,-5.365149093670813,-6.680219632045012,-8.041024008793048,0.2170193207862235,-8.093706654060714,0.9655019614830262,-9.03322378881717,-3.9028430813722075,-7.385108859005256,-0.291593494129493,-4.21561243828687,-3.6410720452426526,-6.205244817070738,0.12441907619773007,-3.550002411884979,-7.438860317030505,-6.723522251382215,-9.21954529579689,-3.6270040280382214,-4.8400852962317265,0.5133267886841244,0.5893049379260935,-2.3565568627298172,-0.2443720071639571,-0.14834681785689308,-0.07420176500721143,-0.28035081803660866,-0.7185299355016223,-7.7328443151071475,-6.746574969000939,-6.2975545192974,-8.185070163317269,-3.1209414805921782,-0.47813039847433214,-5.85251470838136,-7.24802629355464,-2.574513589720958,-7.979575704960594,-3.4664821131820323,-0.8498941447103324,1.0,1.0,389.1290319001716,0.4567801734846446
313,-0.0034440391985081087,-5.328205622681688,-2.4605042969108784,-2.9602434348660207,0.2871983563099568,-6.899655055523877,-1.7261435927233804,0.5539593758945083,-1.1095406937556562,-5.8665463555883335,-4.726981600759158,-6.827716885346708,-7.825037625980101,-0.3285913625736993,-8.348954633399583,0.6494242442368092,-9.536821071216115,-4.4614144854601205,-6.829079000383517,-0.3471660647341572,-4.452402161562382,-3.0035699961735696,-5.901975967887801,-1.3675192200465416,-4.166871715447669,-8.919845671726108,-6.085902360294177,-9.315790838201547,-3.930000476908915,-4.134174653627739,0.8111065338183083,0.5233190503528451,-1.5665598624858703,-0.7076159398274162,-0.28729010830703916,-1.1498286561376438,-1.0362799066150497,-0.7569709551875791,-7.626124015639943,-6.921955623913593,-6.241401100960161,-7.778284744477041,-3.291812054649324,0.1004156625541196,-6.627490645679027,-6.629761013549172,-2.4600611650700945,-7.0886620190127445,-3.198230939369667,-0.42844181867022263,1.0,1.0,429.6776756602533,0.24201449000031544
314,-0.1607522837814092,-5.659848211872602,-2.7839508158746753,-2.1362099337189067,0.5645157939709248,-6.1247567759054995,-2.95263931358454,0.43818314481448406,0.14389155712454843,-4.871309562041444,-5.031822202275515,-6.197966233198377,-7.438468944354128,-0.450350939435058,-7.665744262260251,1.1823928496774543,-8.527707200841215,-4.631296361752992,-7.805131830148491,-0.19810242298024783,-3.8564557883081494,-3.4818247913659826,-5.750737785295306,-0.20788527893985093,-3.961073905393949,-8.714621166367172,-6.688510865429676,-8.933344146278044,-4.30057530174543,-4.070945442583862,1.0724080662381867,0.9149894765256017,-1.9234247610379898,0.04782444167854982,0.4218701075993224,-1.5045419011977668,-0.3183931080681932,-1.0686011048770627,-7.445496889708739,-5.384180926166321,-6.429190274527052,-7.909909027430455,-3.6332507326339734,0.556098999859405,-6.2317066761990825,-6.177031395229194,-2.395097182528393,-7.723059692361777,-3.622973010512779,-0.8589368946597103,1.0,1.0,327.9313425811394,0.6605646611986806
315,-0.6278153248155844,-6.125345084323129,-2.401786417692472,-2.7143974789986145,0.17335040736089835,-5.502060578829697,-1.428384287648921,-0.7887170895337083,0.10438036205502438,-4.889792885879279,-4.5099113291101105,-6.198341508742709,-8.299327915600134,-0.19605759991694077,-8.027641821774804,2.0043717368525624,-8.996704719376034,-3.081898002941106,-7.139202603320865,-0.22900316147041422,-3.9572486241294964,-3.1443276912434115,-6.009764903235695,-0.4674932377746645,-3.658171515118069,-8.39215182110332,-6.424378766614211,-9.12474383135733,-3.436275110578541,-4.602315167385294,0.3446203147151667,0.8324192288508686,-1.971182254817602,0.014220422715106484,0.8014359725658455,-0.18456740461509147,-0.2154558943356794,-2.05736252613302,-7.890461430982856,-6.720262306436467,-6.6768281092502635,-7.912041358639776,-4.219698942721745,-0.13194523151979168,-6.133278225984269,-6.446389004490907,-1.9437057340057735,-8.251042302759938,-3.1764179877217646,-0.21781256571410854,1.0,1.0,361.4177879872039,0.527533824282657
316,1.0300828325745162,-6.358929797145815,-3.0419248981629847,-2.799173206511934,0.7750726208718627,-6.199431905151757,-1.111666488618532,-0.05962220708905275,0.6045661694653149,-5.717803713127038,-4.8038289730205355,-5.640159908911557,-8.44277434765317,0.010133408323965871,-7.34060329218113,1.1175021219567616,-9.189161357287647,-3.611071017087495,-7.337636884531685,-0.275842588968462,-3.8926684084777987,-3.2169697851034313,-6.028161095085219,-1.1096355715888906,-3.6848329469652614,-8.241745088175506,-6.816041006932884,-9.183034085876649,-4.355519477786976,-5.000091126243975,0.29123277306690604,-0.19233362659243824,-1.543416090747924,-0.677497000500235,0.7331563361898836,-1.1800348313810958,-0.36726853575355356,-1.1381893737450621,-7.172514896783058,-6.38984226305782,-6.5568916054588815,-8.128404201014343,-3.1859119083598557,-0.09477161821008756,-5.909465324294281,-7.502108883309751,-1.8799908447363285,-7.195722609160399,-3.435839742117671,-0.5593302604023385,1.0,1.0,340.4177063086894,0.7892011531227168
317,0.21281132303705583,-5.257078995997149,-3.19884364465763,-3.1832684335100385,-0.028995813784957004,-7.1881803958562696,-1.5901858591863702,-1.1571426089924677,0.49167424461328946,-5.435632401472625,-4.578285473674907,-6.184698577252741,-8.100822008595328,-0.08534797766332386,-8.343719707309436,1.2814612087948953,-9.00397762976017,-4.053411778122781,-7.843239097417745,-0.6075344633608377,-4.128544454661947,-2.910840071959444,-6.197339601398002,0.28747983742578764,-4.512935166550882,-8.095265371730923,-6.814011242456851,-8.78981982932298,-4.209978125363277,-4.290383368807635,-0.6354829589159499,1.2428386129752078,-2.2813010464618086,-0.5756732196754311,0.36823999794365253,-0.6239483342488747,-0.6668200856950062,-1.1290331240006521,-7.341427316410318,-6.909264669781037,-6.219948627204071,-7.995227292690413,-3.328741107693571,0.304387521726757,-5.902057690569283,-6.607105250688371,-1.8190652306969552,-7.416097549882365,-3.1693302259387846,-0.6824409783606846,1.0,1.0,446.8497207583768,0.08599162686007916
318,0.581308969846589,-5.0379995012769765,-2.160907817721068,-3.001092460563991,0.25093582215977916,-6.792212260524039,-2.0719340648063196,0.13543731282420168,0.12862901925881853,-5.231980745581232,-5.019778611183512,-5.813191340343843,-7.2649897633400355,-0.04859973830257493,-8.199155544946072,1.904032135032551,-9.77393507810365,-4.020825102088077,-7.329992326279452,0.20754218837288588,-3.3699952975296905,-3.28208098524547,-6.769105354986093,0.04576238978050695,-4.225536500101354,-8.261496996127422,-5.893527431484458,-9.257367256925258,-4.589335580225775,-4.210738427620685,-0.054584243357843065,0.418377979311364,-2.079900943455414,-0.524226193403199,-0.09394219444586271,-0.42506262226436275,-0.427232172670739,-0.7518052244708804,-7.610680223605889,-6.50878287163077,-5.996901310046753,-8.216706348528941,-2.609442349308998,-0.3695612342347585,-5.7700091593414236,-6.179899491370468,-2.497957360752647,-7.3387564591335135,-2.5745881476548176,0.2785100008991941,1.0,1.0,352.8070898830174,0.4647348221067163
319,-0.14369357089964274,-5.295259219252248,-2.278227357438613,-2.472254450680462,-0.16623158929039178,-6.037909980338752,-2.8444741579944246,0.4949296208110575,0.08309729947038642,-5.391589966550522,-4.173510900912135,-6.694936401213187,-7.822077873356241,-0.5328540926090548,-8.199054544400102,1.0879419938427697,-10.306125358902904,-3.8390584092704336,-7.553373947917953,-0.6778889912114531,-3.808754103598095,-3.3572704832988003,-7.386426574922287,-0.09131268616569782,-3.870699758908761,-9.087127375219156,-5.898853021564367,-9.194481574902712,-3.6064160197395756,-4.367208234066239,0.5091534420470415,0.2683274801595348,-2.8178632918529902,-1.003719196450849,1.1380921311679668,-1.1621771142217687,-0.9706821058077506,-1.2076233109728367,-7.330199275964093,-6.933133211671021,-6.299932038145262,-7.00352635172915,-3.484862388416674,0.052627281636114076,-6.254901757907605,-6.7134221753488985,-2.57351729324027,-6.5278930631811045,-3.4960528912852595,0.7335827062395341,1.0,1.0,399.22213996658456,0.3782625240458295
320,-0.24577053162540108,-5.1856746394618085,-2.266634475570463,-2.135810605964404,-0.6026617234401705,-6.292337580124955,-2.0370680494056774,0.11580258442788463,-0.1966344374996862,-5.228439768544497,-5.069732932972799,-6.774247489408204,-7.467477219228593,0.4975524005404196,-8.532550845918621,1.0223854884872927,-8.990873516370423,-4.290627186234803,-8.040792069066717,-0.4533761100614324,-3.2291721670287044,-2.6786869509122555,-6.809507457937469,-0.6641503072894586,-4.113506772742564,-8.590231749973642,-7.496423501807156,-9.38829248731032,-4.0190328590326025,-4.159946510983756,0.672844938294093,0.722725537447515,-1.6451625577501672,-1.0948087564577085,0.1330677515563753,-0.9963691214399819,-0.7592053604189177,-1.129088938559686,-7.830711497417972,-6.127520222294774,-6.536349629074397,-8.163302365005023,-3.195485647091349,0.07688664354368901,-6.048777754572945,-5.8102974395860585,-1.717200148271276,-7.433339451934433,-3.7414523639314066,-1.5064622867577342,1.0,1.0,387.4292630990659,0.5218166287901606
321,0.6133711848825836,-5.6807824450358275,-2.777627417075382,-2.8461834520864935,0.12467328532582739,-6.287024395067572,-1.9443198210947306,0.11940974965311212,0.030373609409606046,-4.198640701418555,-4.156325852903193,-6.6388745679341525,-8.576670827676026,-0.31904141758025323,-8.061488951867906,1.1635173593044572,-8.52766227119642,-3.9934420464411526,-6.71400726284939,0.19576890720986898,-3.8659215515352856,-3.167196941405238,-6.354709338687664,0.32263907583803286,-3.6469527158447397,-8.075634863852516,-6.446248306189212,-9.409098808122213,-3.9473070038997693,-4.682748536861634,-0.14057158248262325,1.5629788103050775,-1.8975151584049776,-0.6749603726361912,0.6784732297983109,-0.6354099347281498,-0.6116810048646459,-0.4560415443157442,-7.319285319163502,-6.1368353029227976,-5.544625622432242,-7.756034263509442,-3.508008529587134,-0.39869112634287135,-6.300685868892912,-6.683639861158214,-2.570443465932311,-7.32832046326608,-2.6938354944083773,0.7711056161285811,1.0,1.0,362.7455689469503,0.1934872432779433
322,0.4752046362563388,-5.338881013770491,-3.081398313488962,-2.2857079923043613,0.36019008915631107,-6.966628913715574,-2.0261206724283545,0.19678629375203602,-0.027600977612189048,-5.0782105420613055,-4.242859899652816,-6.813764204274825,-7.510795448288458,-0.5840203122672223,-7.951307569270676,0.8497649404745914,-9.328013042569935,-4.736282149139605,-6.838131039652415,0.08784923497096692,-4.081217210380866,-3.183087615535691,-6.22421845764813,-0.3844426208304816,-3.9113522867128356,-8.236525630405533,-6.666733824664159,-8.97097804576789,-3.7505649280617033,-4.560676976829144,0.26649689653368874,0.8458322880937382,-2.4426926294691933,-0.3818939190017651,0.7188758829208597,-0.28784768056533355,0.23665122121578397,-0.8342095348512724,-7.734730707950008,-6.04656554805874,-6.620030986967688,-7.920261510996899,-2.9633217046786724,-0.33128920959059127,-6.176226145542737,-6.6930857716906935,-2.4733019008890347,-7.3776322498621445,-3.4106417362979204,-0.7830189361755321,1.0,1.0,454.47119510351365,0.02490405073472486
323,0.33277562838082797,-5.184019563855108,-2.948679841809923,-1.5045038555931065,0.17191391665265393,-6.44901822088205,-1.9725671119092667,0.45799553767446155,0.3279312971740346,-5.004613660286856,-3.9876030627516346,-6.334613837649946,-7.309364813578444,0.430930742266547,-7.92339489064708,1.1345543772817668,-9.51414687715984,-4.056070026637519,-7.808303314039955,0.18200726769965422,-4.659515695068476,-3.8404028946126463,-6.569900122749424,-0.7578077227579602,-3.6983500287125417,-8.06103255977985,-6.537896383957956,-8.994709493990285,-4.126461431663995,-4.385657459143105,0.6155717482092595,1.623300136769021,-1.7272796798034526,-0.792975594949918,-0.12111741749789529,-0.21677033981580202,-0.43724473365986444,-0.9082152862170921,-7.10901619301836,-7.322808018145553,-6.298488001526846,-8.973426937246689,-3.0613220525343983,0.10905436819503994,-6.685768452361325,-6.417997524487979,-1.952276634039622,-6.398613305558916,-3.0441509646200067,-0.5061908782741056,1.0,1.0,369.90326960951904,0.4353858821969486
324,-0.36978237727427,-4.898145071182252,-3.1554292941645903,-1.799810179721774,0.010053550323562838,-6.754544686107058,-1.5920074522073755,-0.05788979741223482,-0.2230834807220038,-4.742364781542146,-4.575212550882633,-6.457785551667747,-8.208721424969594,0.26327202294810437,-8.498041005218075,1.104091798088196,-9.015308803273701,-4.499337437917449,-7.180177657843626,-0.4249975369769565,-3.9456968971864725,-3.7390040046114437,-5.901931942619891,-0.7683645541276596,-3.144684381857182,-9.40010004523032,-6.239784764553564,-9.582835876339704,-4.147593253731626,-3.4183546837542447,-0.10362484696739538,0.6302202990075172,-1.5312767691264728,-0.4934540814207951,0.8225813584353612,-1.1551889171333953,-1.3088441395546948,-1.016616944256435,-7.423448749138995,-5.993225136495006,-6.366945169667694,-7.471504649930993,-3.3973305796166,-0.5613537869696976,-6.403641592670185,-6.494051590401069,-2.9816200057513647,-8.116643023376223,-3.6876025151308824,-0.5516599230333992,1.0,1.0,401.9501180879716,0.291768143033908
325,-0.7987673156715587,-5.24067355054872,-2.985138503592447,-3.0907681344620492,0.15315525062646157,-5.825441171429325,-2.2972880207566733,0.2799124918627949,-0.7818415705292955,-5.614802465160989,-4.759461780585797,-6.885994707445594,-8.234782708511807,0.20530848308740157,-8.047350642797076,1.0208621322842955,-8.717575066617629,-3.864808749637098,-7.398530623381515,0.976606711553551,-4.467149637585268,-2.139518403391863,-6.365760997969758,-0.5477054907960444,-3.7260424233127303,-8.154954897541984,-6.670340938816053,-8.293905757750057,-4.044150369362791,-4.904328830980159,0.20067830195645567,0.8045274344514471,-2.205634673612875,0.1208809719337397,0.3252071931453887,-0.7983929178118939,0.17884798306597027,-0.37960598932966627,-8.183113773950371,-6.54692240788512,-6.512936765895659,-8.450198464203527,-3.4950132030195653,0.14995943293661057,-6.002659516363686,-6.1142718300992875,-2.5955928376348547,-7.53591857822195,-3.103301865581006,0.41538624881889274,1.0,1.0,347.40183288898623,0.7138666202388086
326,0.4423762671338719,-5.189709809665865,-2.5718204474332387,-2.863999298334069,0.35207498426505274,-6.396255855757192,-2.8612669092193124,0.6166476030852512,-0.18891848568515962,-5.648227908872914,-3.8761203751636693,-5.927665948349063,-7.770168444861942,0.6200936518352618,-8.218450308785117,1.9898433623535414,-8.23171620208406,-4.320782560605118,-7.596721844385347,-0.22094779641376328,-3.60796685681673,-3.0523798140416294,-5.874322051958316,0.4703408630376904,-3.9486719075180345,-9.111141037379289,-5.90784854744206,-8.970327338678807,-4.094323394525376,-4.312255444605735,-0.05091386517569074,1.23039107834988,-1.05578195392608,-0.12060397499960063,1.1325484639603647,-0.12657215085097528,-0.9561394812718985,-0.4241698544370278,-7.505225614074379,-7.1209684879887725,-6.684436696382205,-7.693936140504501,-2.884414364236304,0.5574458256428845,-5.824857408912037,-5.993365825079961,-2.3067140719525954,-6.926683098665073,-3.027412377591054,-0.2772862875753811,1.0,1.0,340.46042994599145,0.3674764758069154
327,0.6746367915147474,-6.144538703147727,-1.9967089302455006,-2.6840564142558567,0.3245940060500494,-6.263883983530817,-2.219579520973137,0.4454787737313872,-0.7053941911767145,-5.653826829960696,-4.249157568478299,-6.9254117432780244,-7.367248030582897,0.15781234007131026,-7.2145883219844515,1.2031024479655181,-8.403066127301402,-3.494433468779245,-6.984418616908647,0.5299036077344974,-3.9248673159730867,-3.155378652126025,-5.764743053296617,-0.3274412036186975,-3.3030909217992237,-8.966934188112058,-6.30371453399137,-8.405122238675379,-3.3025819835628605,-3.7084797399119855,-0.32607401009481995,0.27734138571232714,-1.3156135513339802,0.010705993459908136,0.49864503589671366,-0.9626492074926576,-0.3793648025280764,-0.6007442582897067,-8.225868905332089,-6.460450540678461,-5.385368181533213,-7.96320952883946,-3.1631911321335617,-0.02416533937943935,-6.408735652512313,-6.318931468798976,-3.5293224918462602,-7.633997732988385,-3.198608172232019,-0.559415398915037,1.0,1.0,328.01476483120723,0.33492328002951965
328,-0.24582279142879976,-4.884378815913856,-2.5546176915179344,-3.4517448594505518,-0.4400500566577653,-6.207108155185015,-1.6883283377650022,-0.05672731763655853,-0.03985479452147217,-5.267181611844705,-5.105482142261657,-6.37311036209004,-7.314206357052726,-0.09337006908145093,-7.253901036930008,1.0145946403874397,-9.693726303840204,-4.077729982275081,-8.07582850771614,0.5321228081512217,-3.7633509016711972,-3.308603918683922,-5.550481688485947,-1.2378400865613974,-4.052914919152196,-7.87675544943933,-6.2782467945524605,-8.949618658018892,-4.315448715838189,-3.7518904198964584,0.668650524472028,0.8892115285126193,-2.2373488776980315,0.022974089241860562,-0.48279969414433066,-0.2135025694556541,-0.5523181166551573,-0.6909433419001973,-7.708189993877895,-7.101705553784862,-7.396301262982044,-8.117902428187346,-3.048734139135181,0.5647786287608222,-6.011696523610717,-6.8822220805651515,-1.7347755686321489,-7.6026171395884345,-3.4395267650541093,-0.2892615932987533,1.0,1.0,364.7124527288855,0.5063244326327737
329,0.9872265512855447,-5.745502348883026,-2.5243682156986695,-2.5009490807704795,-0.25917092381419404,-6.630743585085087,-1.7080364634063263,0.6191933935599017,-0.5567079638640876,-5.981518790403886,-4.8445478159941695,-6.533654352148693,-8.059111330233703,-0.2749792385392018,-7.958000488643064,0.8448987369522762,-9.187285859094176,-3.735810475832403,-6.938752850329113,-0.04513644683494575,-3.175957409741363,-3.598002821126509,-6.626303901729664,-0.8279571840608404,-3.927922656260834,-8.324777175880708,-6.21880279744821,-8.952382901686677,-5.104210011021022,-4.638904620089185,0.49027647703630456,1.2791687938949734,-1.8887950143285779,-0.11231930057444844,0.16920827504464114,-0.5667095306005954,-0.8788117331207128,-1.6526734956682188,-7.604134545296652,-5.898782828057634,-5.640001319469286,-8.068631085693957,-4.632881400445638,-0.31781899674351954,-6.619147085651132,-5.709701318352395,-2.155747341947305,-7.470550742067162,-3.319563320597727,-0.18009635620252332,1.0,1.0,379.2183577243146,0.4217430663572498
330,0.8075784103130562,-5.078671580227604,-2.448283243241862,-1.714241794840992,-0.4189622757301726,-6.253025584964822,-2.2441043335138384,0.20956367141167676,-0.4882965290122487,-5.4017546646995775,-4.151818854367379,-6.684158582132908,-7.340799415962379,0.2991752142517682,-6.940166381638898,0.9929234498078798,-9.916094626004238,-4.205025628435375,-7.080438408042949,0.3084525416712684,-3.678023342426591,-3.609205144444511,-7.194216928979992,-0.4384665380888321,-4.15326537712383,-7.749472399415449,-6.990966979999766,-9.019298231192106,-4.02852966352496,-5.266641234526241,-0.27266001947683705,0.3145468255812205,-2.001254405901083,0.3604214472174009,0.9707387483535943,-0.6788434502064353,-0.8048234217965915,-0.8812791260722644,-6.04901604657867,-6.766912963432818,-7.136715609024986,-7.785685839732755,-3.41704100072698,-0.06925165443590059,-5.873599900138918,-6.2964896720416785,-2.2972930275466683,-6.884508743755943,-3.5711756528197736,-0.21958386009385703,1.0,1.0,309.5937405569125,0.7689689121392922
331,1.5714406057440065,-0.6720807787952912,1.2849164922313272,-1.8332134970990004,-1.5693732802561282,0.38020825682496096,0.11926944877128642,-0.32477028577338274,-0.6583686029066831,0.49007772878436073,-0.2474342955645037,0.9435284253947609,0.07214564799707501,0.3154344009046284,0.5814203835823752,1.9608970854936656,1.2794327876873655,-0.34719626073527676,1.5050706208265097,1.2950377302820852,-1.7821019687105815,0.8745489462567773,1.2086822496979015,0.9456265752457558,0.8365270031246692,0.16374741721011254,-1.500703302477561,1.8305891818786737,-0.38697480506032056,-1.1321953587057596,0.8691033858132777,1.9768297536877504,-0.9775437775966598,0.6852377277571216,0.3960236525564662,0.8693285822220522,1.7493981385796182,-0.5927609258411919,-0.9854636101144161,-0.39010996385290797,0.9860428687399398,0.8962822696467532,-0.37556881576644274,1.9575193931200094,-0.19800287701933605,-0.5047662635985883,0.8385144246768084,-1.670165786753166,-0.4065083247548671,1.083523865231519,1.0,1.0,0.8614379391611549,0.631208091644995
332,5.3363549146479246,4.835562723662659,1.7505548067410255,1.066313047705239,0.9286376437453572,-0.42548616259003047,0.4254898808353906,1.4781872744089586,4.67951991782361,-0.5941792587939558,0.1872708270322348,3.794083392815524,3.917222778845548,1.4243809948753725,0.5862075345658189,3.4333829806127825,0.0642995261256018,3.3541446123582195,0.13222504160339577,1.0504295839794526,4.607089688315093,-0.11753712130646991,2.7119264651916146,4.638403130293155,3.3191963565183342,3.4605664742870914,0.03840409099818798,1.3474593410549383,0.7919809394306381,1.35146590073462,-0.2624878470330625,5.003770119155972,1.396208744876171,0.23365224136755058,3.9359089336033173,3.5434982103321713,3.766202785324581,3.7252469687538516,-0.02298273915613744,4.828675137636212,1.2436184879301795,4.5711088485072455,3.2083087265957397,4.878460976782956,-0.6393082075152239,0.3771688310434953,2.914184839138613,3.1448224353590204,0.10759594663401977,2.1263481165639693,2.0,0.0,1525.54294256973,0.9696434287728404
333,5.704375202453534,3.665149123644467,2.2672830155497454,0.7374778192675119,0.7484184414803446,0.4565078121446233,0.021576100798533338,1.4569922989004809,4.768284328787811,0.12978182915289782,1.11622806324372,4.014248555259705,3.7384220808773714,0.8921220723045875,1.3131862701653967,2.7769960035203933,1.0036524763372556,2.2568326813631145,-0.15021099428473356,2.0224033085306345,5.680679295353682,-0.023423411455468682,3.321940046180196,5.215597857131164,2.605133222709266,3.2729638478838923,-1.2604938349881203,2.119001083611055,0.44143220005331735,1.8588977605402461,-0.48543587214307127,4.468446430380441,0.18231798428732238,1.1088472121277744,3.951055910361149,4.135782566668235,2.439829702776574,2.4963619645571757,0.5505398274429374,4.34281392484937,1.8398192771979849,4.410472058639727,3.9866956183787816,4.695918568844772,-0.09660658959568186,0.2377493554840434,2.8177575627346223,2.458088835643659,-0.26621571383196874,1.8485161032077224,2.0,0.0,1500.6647513774687,0.8630761630072237
334,5.680197616725228,4.910963672554788,2.5558795870814066,0.6562294962224541,1.927225527295739,0.26321161637292967,0.7643768052657027,1.0108097676076255,4.554026786993632,-0.1407030310414052,0.8940256452970193,4.051000213512034,2.863204136172866,1.0413112325739493,0.4565018999074787,3.697833901955623,1.0550397838606922,2.3551334931443866,0.07732055128579474,0.922283518884672,5.30261459788853,0.7214457618230211,2.457256018823086,4.626308798594958,2.5666534425411074,3.5216986831536397,-0.4708740208704216,2.4170929024180516,-0.3664670460037873,1.0489413360995479,0.5835782530293444,4.528219308823092,0.7685053908649471,0.8285439168235545,5.052887621282976,3.214996690018799,2.8737183685133125,3.6930199253199945,-0.22333153458495114,3.867861892920157,1.3890421337899663,3.763861649824651,3.736490974928359,4.437653161001412,-0.5546382817314851,-0.2642990470464736,3.0256770781410016,2.86871630850518,0.9066070327597737,2.4860527230542493,2.0,0.0,1389.0472663009853,0.9560335333809881
335,5.368535150983765,4.691772200730732,1.99431915810313,1.2225047897135357,1.9036838351093404,0.07000155310834033,1.1313960969387113,1.014116417975516,4.4278374040610595,0.07170143649185766,-0.3226524262714222,4.285629045596115,2.956760398332031,0.910555967810964,1.1049099442882533,2.7354725521305157,0.5480621595571874,1.823202798251041,-0.20185697756852264,0.30722936185192296,5.025962146513399,0.10928315929287152,3.7337620070204087,5.781694374972423,3.016136853055766,3.2974049636185465,0.25009315376501295,1.7832360810357286,-0.15199158521374362,1.3909072825255446,0.1742509428911541,5.259344666907508,1.0552765495291125,1.2273879628896818,4.256928470228885,2.958853755824497,2.4270756580059203,2.5928066278419855,0.8056030028944997,3.4445426500725986,1.351976676557253,4.48801968214434,4.387819745054072,4.778840620245602,-0.7155790336839498,0.0008637957191506042,2.935010801530732,2.9821923815267697,-0.03547075716520537,1.2153745349734049,2.0,0.0,1480.7149497268924,0.8079223588877975
336,5.074742653308598,4.6337210290082185,2.8631159698513073,1.5194525506351368,0.938081265622992,-0.36528932576434614,0.05741012448748439,2.241560763833078,4.31196001099443,0.20851216598246908,0.836578408988409,3.498018736706148,3.607399583987568,0.9679568363947615,0.6166576633639286,3.657762172451857,0.9005930524045319,1.6437857291165034,0.2614095685333627,0.9093782421430469,5.1903986743980175,-0.04581898999410135,1.9787106614934584,5.08744175206077,1.7120596376553807,4.221044653313737,0.28514930877994027,1.9458821143317038,-0.6153708417054825,2.609976728087501,-0.031875847607492125,5.605266718163268,2.3565653156113098,2.2491422721379717,4.291071229936418,2.6255426392718335,2.3907423471318463,3.2196538711283678,-0.34678472948810385,5.027103443808098,2.144249853576446,4.299166314459991,3.6818423812008616,5.207798266950713,0.11525388920247515,-0.9887721481725787,3.182603617987482,2.3935884870560886,-0.1661462644968298,1.5374557682201375,2.0,0.0,1745.5117245139259,0.820454769187834
337,5.378332623489377,5.52036981699117,2.2770378539675082,0.5046304161867275,0.5241933298115488,0.7538020843142041,0.3734078854265289,1.1220271472071948,4.869938301422672,0.005744358845950873,-0.3151783380303207,3.7517169256175724,4.153861089798955,1.2484363117831032,1.2859522639301895,3.469308637419868,0.20047349047955976,2.7446245044361928,-0.36785034186287024,1.5942834619141204,5.349490641776177,-1.0099224609224964,2.52830302870786,5.797464497381413,2.101083296275036,3.052160155699997,-0.3109328759554148,1.362552329224957,0.006624615352774664,2.327030281909027,0.4890888826153509,4.215869380181085,0.7490995778531911,2.159967558375018,4.099490045296249,3.079637827371597,3.937879352112044,3.0352021235055853,-0.9859133513120752,5.823820984486866,2.3218074425608344,4.495544370450906,5.270606213428812,4.845508149913986,0.14901054263542513,-0.01764448679322973,2.92784451411913,2.860078372007258,0.6481624945983813,2.349267449739585,2.0,0.0,2463.426340752887,0.9130598921991857
338,5.908332190895687,4.336226694617469,2.2081394655194373,1.6884494950778484,1.4422070134113874,0.4155719527260098,1.4230578240848044,1.8789800873796378,5.1583842613512285,-0.29353343637913826,-0.3144573369283872,4.214144037505168,4.300869093794396,0.6607233926161815,0.9371039075221281,3.143039560637372,0.8713667247331749,2.039153626339404,1.1230359515024038,1.072388829491192,5.408627171160946,0.9701790111321497,2.9465660467108417,5.620447978674392,2.1215574207808174,3.5010675587895888,-1.3325182322234945,1.8690922582029836,-0.0038324968667605916,1.5404632113942303,0.5699001018449393,4.962335354640065,0.44573834389799627,1.811200624758531,4.029830433117813,3.4196244466970134,2.3255613049072945,3.0928382223098763,0.32885514810225336,5.404395958928013,1.0643840494560513,4.147601382751994,3.7159834209091915,5.434372570475324,-0.6918183895689716,0.1890671325184738,3.73654685808802,2.931555078518832,0.002628094170061629,1.4965556452909514,2.0,0.0,2194.2039827077415,0.9006652988166362
339,5.182805120424323,4.668267282429366,1.8251049569636755,0.6975411263372585,1.4312047017202645,0.13814349615530652,0.515726668508552,1.3265812706513542,4.917946730258676,-0.6852522250034803,-0.6099393951745573,4.484335423739571,3.6971354980389255,0.7121686143163876,1.2281900141864257,4.052527296924213,0.062457680986969966,2.1038262211709022,-0.3513781533010091,1.8259087859934748,4.772665401520624,0.12207291641734425,3.135974320086917,5.553988129535139,2.037801530176713,3.589481654284629,-0.7233483565588166,2.3099744623323297,0.17038747425984654,2.1038702801521403,-0.8019862779449921,5.05525232818427,1.315454566670896,0.3769807184571645,4.46743972359578,3.2727325248236347,2.6632430217091185,2.04947189453858,-0.24642180328593244,3.9496122193170398,1.6573678810725105,3.169692430697875,4.02314220539656,5.149924673688895,-0.28664960436692155,-0.0503655227939317,3.016772059105667,3.0468961312186,0.43313001631363846,1.5008468818683187,2.0,0.0,1567.048513073831,0.8795734114257644
340,5.461374036021654,4.933133368008936,2.848763671754593,0.9553442055866369,0.7495817775667336,0.12558081140713087,0.8620374404905645,1.3347484804757033,5.023913838343213,-0.9523563482595329,-0.4739151834298618,3.2705568494698687,4.246369221152548,1.645249763836583,1.3349971000951824,3.6649348415604663,0.09105674042325074,2.8475224999203173,-0.1925346995641811,1.0804363847948333,5.04361889651226,0.3361731736389873,3.16729315557479,4.540234985010687,1.9527381580967884,3.310804228792149,-0.5168510261081412,1.1112149855666096,-0.47876247218486967,1.8841613235355088,0.9363374593550258,4.306714102745351,1.1822878356815738,1.4017357725914925,4.441664022221273,3.2055070891459003,2.7118204568003628,3.1782334675331683,0.2594921454128701,4.570792939869396,2.00665829582053,4.5184956464079695,3.3072144516278694,4.973819591617226,-0.49452056689536666,0.36761330523176133,3.4124086317669797,3.3176635903721854,-0.18435857687800644,1.647897495531318,2.0,0.0,1738.2623840958513,0.8637274913619326
341,5.4231726845129815,4.278614640470512,2.120595121293726,0.5423759448467754,0.9073148677169673,1.501588455023331,0.7182402179978713,1.9160423513727476,4.097033181154441,0.1266580636525475,-0.42776539936024754,4.014205722043384,4.539551073385479,2.2309059066567953,1.5781473399625572,3.495507308668783,0.3824032485600457,2.786212018594519,0.4641575550090622,0.23744982598284936,4.961599472741738,-0.611275077030572,3.145022003428874,4.644436473214946,2.6368867763978328,2.708363618954026,-1.3246821779910243,2.6615587833913024,0.4938590980484505,1.6039839558763043,-0.7805144492525827,4.282346638232683,1.6789407782835182,1.4131716955695581,4.038310482970824,3.405498130628001,3.41578023242812,2.724358426381908,0.08924407663442771,4.047092048483433,2.3702083751514795,4.385407062449547,3.57254608324837,4.080884282972065,-0.21696830207650109,-0.15167665861854843,3.1453905806721187,2.4657844681058116,0.4184069269414765,0.8619971971150449,2.0,0.0,1327.2076853178678,0.9182786921172572
342,4.918892968523798,4.763846015998996,3.1564356683162957,0.8886402595795778,1.1130754844036712,0.061968343210650756,0.42938007201677486,1.081734382388305,4.13337456973846,0.05252409156789155,-0.10494076100945236,4.835906763076747,3.671123053905814,1.8187413645751895,0.9687155607889493,3.7431447481573636,1.5901547107906069,2.313727792921321,-0.7846588637597435,1.572880496649653,5.146347912528926,-0.25302117778555155,2.873559683646286,5.408130204605559,2.8430940781164833,3.4929784709490885,-1.0673629829251534,1.3779216301837716,-0.8572229227451934,1.520677933422523,0.633614632086193,4.0426955268046525,1.420848048246492,2.0422700360891795,4.8011931986098695,3.903385591065326,3.108697883338902,4.064446848730159,-0.1485583646680419,4.040958065932617,2.8045851293471205,4.5080620928547805,3.9472790190264564,4.622800222121936,0.23989121476644837,0.23704167164858297,3.333350580704486,2.244082115944274,0.2679865547960649,1.516468782945735,2.0,0.0,1992.4889649122456,0.8832468709606861
343,5.2810619201823386,4.7643771771822045,2.0147911103816467,0.3211424569145581,1.5467376734514502,-0.11812537987506444,1.459344026576281,1.9561363756552577,3.8410510664616275,0.7957278458122619,-0.5123565588992904,4.506175531344987,3.4354795325372867,1.6545418019074356,0.6626289092091212,3.5908791242348603,0.42490951650415865,3.3835853572304475,0.16250033748000298,0.6020336336864516,5.274281322061521,-0.4610059161087313,2.7420338353689764,6.025190224321941,3.006477699317662,3.365783116695584,-1.1900648917500047,1.9633547665701476,1.027861385231132,1.9888086911513219,-0.6374235041201923,4.0669731665400946,0.8018190340126045,1.9703316732484595,4.34060314108042,2.7759788366389935,2.917837646002211,3.767497558237534,0.060469247052525335,4.05222607692396,1.940414407980831,4.7409642322897145,3.080332343123213,4.206464525564172,0.4342174071456152,0.20922566300867634,3.2634706888392992,1.8703286603739784,-0.26458213123162977,1.595674570910075,2.0,0.0,1525.4442663310776,0.9398176002062512
344,5.9498355980431015,4.648429328317234,1.460692448512419,1.500346123827909,1.9413544466304535,0.8168708701585011,0.21942424722819764,0.873876282488866,4.395289605212297,0.05747671427187069,0.7840795116615852,3.181640446989311,3.3645082778851028,1.2636713202138885,0.8935686997551119,3.015369069181189,-0.3591205045212156,2.6093313554907365,-0.3841768169872187,1.1204637569708764,5.562194534887758,-0.27215793998501037,2.5749631404191926,5.379665777024151,1.988229582594291,3.365609947608976,-1.6699867067481837,1.4808013447919008,0.23080868680723715,2.133897085479786,0.4726587373445258,4.075171103261503,1.109969781237682,1.3751178981473167,4.442578846795657,3.016135640417167,3.425967618197425,3.0402204553588335,-0.043476129946002945,4.682702285988978,2.0493470642386513,4.381843160284939,4.704033239971217,5.16280285030033,-0.6900773309997433,-0.500987405284125,3.671332530410373,2.2351875437700603,0.39789338839571886,1.44711827384284,2.0,0.0,1723.4235957026024,0.8984269182798611
345,6.352913414539591,4.944616483851861,1.3776017421091922,0.8603573519894882,0.4533068336901259,0.08650349134707253,1.1455782847155853,0.5365958456453401,4.672820835504996,-0.060931970011934906,0.24627176562060704,3.3531240505059334,4.00578860882708,1.0749384963843052,1.6678173744508338,3.2729640161683333,0.6861305213011855,3.236960751384872,0.3043303977737437,1.004385837312946,5.439179734624933,-0.15386659760741883,2.8330590873104473,6.035899481122254,1.7726866491102364,2.6669262938473537,-0.5818011669287899,1.6132349670104662,0.5712388814131582,2.443477122518879,0.3608586346952275,4.7112009789575735,1.1301681632925233,0.9642188405521879,4.20329489372229,3.0965730813505057,2.2364115592010108,3.759758800938279,0.41631901280959077,3.76945978665132,0.4679441831197555,4.847529862533681,3.2681854890483955,3.4415319921636733,-1.4068017054922004,0.06741846353627523,3.7253608425212876,2.9934185940614304,0.9263436996374983,2.583154854602136,2.0,0.0,1580.5984061123343,0.9099831340429699
346,6.2307744576253175,4.108316642022048,2.1507701048953733,0.40892008986497164,1.164716865135045,0.19272042273681106,0.880316915782809,2.0865100647012707,4.162414777204701,0.3473951093520057,-0.6033335391434964,3.197366231429666,4.207465340721145,1.1903862733554278,1.1999758271593546,3.976542420592635,-0.29157521379035833,2.6188384858575895,0.4983806719129723,0.5169023124680575,5.228211293261704,0.3168220294793371,3.094405142043411,5.578943203243933,2.6936487708761616,3.505605091628199,-0.41506741359894284,2.0973200274550097,-0.47041394888399946,2.0907673846072408,0.010979535137886798,5.29895958142922,1.6281873288036737,1.6731778847836136,4.586780745797515,3.456625925536951,2.4580041862856827,3.411538284651224,-0.2171224226536982,4.263709160223712,1.2695044102467072,5.423648493757488,4.189192483377519,4.418500127096796,-0.750786354699756,0.15183714079088695,2.8524272742124723,2.9178467349729496,0.4315822072139038,2.2821825877018003,2.0,0.0,2139.0445327721977,0.9226174682201629
347,3.917119509021693,4.965934943570585,2.3714784001871325,1.2230725676453083,0.8656555277072151,0.009414936715095024,0.19419686219315568,1.4181637283000414,4.599835332176413,-0.856540822484407,-0.39604756042219297,3.830760953271574,3.1187909393942665,1.080553945505712,1.1174189555362128,2.979941905915286,-0.43309561093239546,3.1525221772481733,-0.10277655201124691,1.2022839835542156,4.817298221656255,-0.0541071672559611,2.3000724727337363,5.1865758463923575,2.2793267357882487,3.556605625758878,-1.0935252957471584,1.5268238389428397,0.5962377461162566,1.3504307289468405,0.1636561073801323,4.683590968816957,1.7149279267123658,1.2038248741036388,3.982669337578819,3.186472599873005,2.056664332552898,2.749554951901779,0.10519934954377688,4.490467158076923,1.095951624241716,4.942793002145096,3.863626819868276,5.496593043832089,-0.02538876099427434,0.005841915560058246,2.8684177359391922,1.8472958542519256,0.702479509688004,2.473095611636956,2.0,0.0,1104.4679792189572,0.9881426115609492
348,5.395851557859087,4.617754065348187,1.8063033572307459,0.2221985887508951,1.088180666967319,0.971603914689382,0.6184163584256169,1.6167570621768759,4.715046842606967,-0.06920985256702317,-0.5279209434386848,3.6607262743693227,3.1196215180322007,1.6860689024843176,1.4204531338820696,2.7861854748411075,0.04245017138266671,1.9413755617671122,-0.14445279187998938,1.3337867580781517,4.668508012901683,-0.34981485774629506,2.8295572194359226,4.438826325509575,2.3353552371356945,4.050185110728891,0.008054157665298045,1.8527217746913678,-0.03479054684615455,2.4167563447178337,0.410099098984729,5.475663350795278,1.5177577922244108,1.6037671662105277,4.67781243692351,3.985201589191317,2.292703201046123,3.93647473032346,0.28139915090450907,4.625695432544302,1.4632894326041366,4.3539112060493625,3.5023626448418734,3.6704145833723567,-0.3977658302116597,-0.6227186052897474,3.150855392344514,1.963037429651563,0.08549962005405494,1.5700233571152256,2.0,0.0,1313.0937761784737,0.95577305741515
349,4.523345049031741,4.650061336873213,2.0141595619774812,-0.39224599140317706,2.0870751848716727,0.6659048681380657,0.9847924441618552,1.2549339169094924,4.985650528800461,-0.20005222506000384,0.29242374225842205,4.363007815358625,3.5200700613014044,1.3414000882758637,1.2998920836228696,2.5955377476427395,0.6035837068497698,2.608298694238829,0.43006289959106137,1.16692737329155,4.7277413077656965,-0.02588721070828766,2.4329576018460273,4.142961996007991,2.151018129998807,2.6792132913145403,-0.14450422693297205,2.0993814115673035,0.44058729927828466,2.242657734901972,0.00018922264507953424,5.105897103358663,0.6558440142655629,1.8346710346593202,4.45687447301456,2.187305363631954,2.6737458774799023,3.5918065317901244,-0.08743536114335751,5.1345050838896436,2.4760482715571417,4.052256919587663,3.540881939984865,4.806350940211865,-0.7735654654310585,0.3604191012967795,3.633226659351431,2.8984378764306324,0.575228515422218,1.7159575653828296,2.0,0.0,1358.0039089848415,0.8785081776150744
350,5.282548317904489,4.282950258567586,3.428689318159808,1.20426520103419,1.4645927459690236,0.07838767842835426,0.04040092060083522,0.8423485647024938,4.335085190860181,-0.16518126183915602,0.22395822221323103,3.6815438268247878,4.050376801466658,1.5330082124486135,1.5339042675745977,3.23587359028331,0.7827739633087019,2.687815291214116,-0.10199159364702284,0.980113568640581,5.069880655980039,-0.0011777127244076424,2.9972241576526346,4.927333263883591,2.0936856478484276,3.322416282742952,-0.2274962141665342,1.9426805740322486,0.32197664867748754,2.5176950394015956,0.11168158311617446,5.535987076185546,0.9306528120340665,0.7814685549329495,3.961656611745125,2.74915053766766,2.46566935065218,3.16089682740093,0.32062899299467584,4.2255713104513655,1.5762344274426918,4.627749252121687,3.820635714721244,5.017330330575135,-0.7584220527432396,-0.6357449512161786,3.0596333462380176,2.5051721895565557,0.40782254833024784,1.727662979027061,2.0,0.0,1477.4336011475423,0.9664908544892592
351,4.924116368218827,5.3297014875919055,1.65725798402356,-0.1914782794451878,0.8251323853304868,0.11080843963730164,1.0005961657959708,0.8990410138666143,4.516217192907827,0.09855844225047004,0.2185652045213165,3.037396530695644,3.822619405587667,0.6508856477925781,1.7103119618681462,2.8789733087624145,0.02528507787127121,2.832502371555437,-0.2464405629157192,0.9759304939573852,5.44170663004011,-0.3919071850998127,2.327156791650891,5.74111435608905,1.9335030150974664,3.352295528312148,-1.4146980235829014,1.8903265563374825,-0.18486413546986677,2.2194331038398545,1.1598741080338704,3.7820248250996404,0.889411361545495,1.2487590903259396,4.556039345067038,2.4032672465653215,2.69755317248684,2.855934788266372,0.1475348411007474,3.964147751206911,3.1929191985102623,4.4197795100528126,4.23113568749734,3.7306860623103177,-0.9762005773687397,-0.10760082056668133,3.906156349762216,2.129556644316,0.39066107429693725,1.2610235178064544,2.0,0.0,1202.5585571097938,0.9565142921883991
352,5.245918783582526,3.641150598694805,1.3013610254132404,0.3374470617351016,1.5501983355218907,0.7841043772669588,0.6523571969205199,0.5433860797272042,5.068001805331571,-0.1972831414824398,-0.5771489279933348,3.64263870515868,3.5749695606472907,2.1060565370732736,1.1522483841580875,2.993268076865414,0.14215698919451075,1.8043929261236307,0.3853836785717395,0.5473596054408338,5.155485096597309,-0.6360371199541078,2.237186460973113,4.158878811167934,2.244275020232309,4.361030631008112,0.08607160081097054,2.108498420380945,0.6774935640716051,1.6455903135887342,-0.5041675794486845,5.308943155552918,1.040723418813354,2.4734938766051986,5.1854104780016135,2.5577172189796658,2.5423983835184734,3.0908000015221675,0.49671775521399075,4.240630417046477,1.8002708253598463,3.5618135518948426,4.688045415821643,5.323610293946117,-0.536513042583695,-0.8205944650174406,3.1464320828159957,4.03545564000807,0.411251736834366,2.32671067173906,2.0,0.0,1593.6093776603298,0.8103501564862474
353,4.237222412007238,4.433830312187587,2.131970431258192,1.2602605376810274,0.6465667488438018,0.7899779910825245,1.2920610271314938,1.2241409333227598,4.425486780790118,0.20316853106935817,-0.638706208248388,3.0300880690494516,2.843798476961052,1.3278102805021228,1.007321458173645,3.173538715215352,0.06977306315718912,2.5094164960245364,0.6807642362732456,0.8492720149518773,4.618631545359169,-0.7823363770905934,2.125324399556562,5.49281723709438,2.066736217726987,3.0364098856851087,-0.9458557209861995,1.1516920192186435,-0.510805314864405,1.793310338071825,-0.18182582641162226,4.819613092098166,1.7764097736456965,1.0383400855544684,4.604550742325183,3.275221421898222,2.379305423179158,3.4975162049111894,0.5593821991572113,3.5795476971583704,1.9830878191271735,4.479936091291348,3.999505776337784,4.081242821995462,-0.11354573075775343,-0.13159053160443135,2.622018745441075,1.7206530660933677,0.3759453296806923,1.5814816219476997,2.0,0.0,895.1097717998032,0.936541074947197
354,4.587832997973556,5.363875983950362,1.5946325232064629,1.0160811468924758,0.6202874291676469,0.2346897869501789,1.0493577091360498,1.0205174655335851,4.756587454497787,-0.03270611750080089,0.610571212785247,4.187173490909499,3.940969332016546,0.8928561023152058,0.9549409739178629,3.359590127589248,1.2183014216810166,3.334807096179391,-0.13265012902126955,1.6183906385198636,5.188282482054834,-0.016765565573343688,2.6822324192526303,5.110296222011425,2.4814841855472713,4.830437943852846,-0.9256867695093417,2.5029807861300033,0.445113779856539,2.0822706004360727,0.47588854351015564,4.5414422898382565,1.4711107841486248,2.1675232303398553,5.307341277031712,3.146127947367013,2.665837096246686,2.6335414268182875,0.51780020459739,4.182353189733506,1.4123707247954482,4.449359963305234,3.8854693617813276,4.183292610839649,0.03207484962204299,-0.851328088279374,2.252744897788099,3.0184247334142262,0.054309072499174466,0.8455244911016897,2.0,0.0,1657.6288313869914,0.9524124068606503
355,5.820032942287285,5.020759929827591,2.1416942419749088,0.6660082936703386,1.2178544064532775,0.7629243331146103,0.6687973024669491,0.6077127672431035,4.448344725259264,-0.2935455409056244,-0.9545105344324596,3.569427126351546,3.1578828858439643,1.2908095231969814,1.7425390022075316,3.484498598133183,1.7608939479814403,2.786203774818161,-0.1705189190130166,0.5578323999946473,5.513808419307815,0.020935589251035502,1.796455044086096,4.903819127940649,2.517923889872682,3.020805427356453,-0.6111816541649864,2.0023325610262885,0.9964917098516926,1.277199484084294,-0.030275970654958254,4.052894703644855,0.9158269004082084,2.385010848152123,4.948737664907359,3.4209798677174805,2.691024912968782,3.2827977090462372,1.1360766227448436,3.9091422402643965,2.4636000027537945,4.874563684870022,3.4268311259375124,5.003422549474132,-0.9234558080923544,0.006597712825094887,3.515078698790845,2.702280645232988,0.8342715212983114,2.098570096999653,2.0,0.0,1615.99327321364,0.9399172623241734
356,4.195374409982477,5.00620796032826,1.616301890406798,-0.7464446067216457,0.9755312071807007,0.10829922220702326,1.801663648318528,1.7091824418038741,4.956441099414181,0.02237030955093735,0.34773712689177005,3.5219763710765073,4.281356679793507,1.042797796261155,1.1000680118163322,3.4166520205180597,0.025163585604590144,4.091280109045964,-0.10641674859931055,0.8356260340715282,4.643304488208023,-0.45708124366189296,2.623868896285267,5.534559846476393,1.474763517445047,3.0442841234803577,0.12422099348658844,2.0772284510830836,-0.001268496709240844,1.854514449565572,-0.03576454268064219,4.820836578945495,2.0914183038968037,2.108371037493404,4.2325467335575855,2.7009880572691785,2.9862921436829093,2.9987584640528566,0.6221935126014004,5.006428007357769,1.4554077382546255,3.268713389692894,3.1970065671010044,4.836022664394404,-1.1668514847382863,0.13379019399556585,3.170097352277739,2.563834489455879,0.12882783914936757,1.355266434506699,2.0,0.0,1314.219579473204,0.9347350326484218
357,5.607871777151422,3.6173202204662624,2.4645689366527606,1.8718613472207215,1.7858306121483505,0.37189427670860953,0.6065815519491454,1.3733537880667523,4.444066034343361,0.8095696242734439,-0.40548899765561486,3.7444632456438565,3.1081245084898956,1.5500002612881656,0.3690961401731423,3.668044102609038,0.6397801908314782,1.939081255467843,-0.027020954864013347,0.8953243792267545,4.822486413121416,-0.8168316759948775,1.8140482123616393,4.511563845996733,1.3610143200643343,3.277368851372988,-1.3213804396320334,2.959492856390522,0.1528414378503176,2.6023655126430176,-0.28581367302810334,5.51000226705787,1.14701419549929,1.9052055068172393,4.659514560444355,3.4751030143938615,2.13758601575484,2.791915220959423,0.5828706987921222,4.6551318152378744,1.5180880725888215,4.610144560507937,3.9286760608326023,4.589574061734185,0.4474228415889351,-1.175373841450832,2.9198252062895182,2.9755594707050683,0.41267249700603825,2.6928809207512625,2.0,0.0,1435.1373667314338,0.9027780023174804
358,5.604524656040119,4.8410486551302725,1.9305618704500398,1.5333782567341678,0.8370717167380016,0.19284278606733662,0.5749204363052552,1.500374517107089,4.219017271485934,-0.052783416557764036,-0.3794176285438446,2.9623417212541363,3.364802021372354,2.28618117978966,0.9670773026514411,3.342187403697028,1.6620205205102818,2.19038031193546,0.1258579699684626,1.6360907489429555,4.621459181808078,0.6332327143606441,3.083690668828897,4.645898581189788,2.2452332136046596,2.653639248563315,0.5986629660551371,2.9683107491730243,-0.015369523038116548,1.6930866525843524,0.28935403216111955,4.1611866377005615,1.2526788444820047,0.8549981380638453,4.360017987424375,3.333826286942096,2.8865582302274384,3.6320288940745473,-0.13867989164841166,4.871392052621345,1.862632668498886,4.494154021568734,4.633826552430505,4.905593434873321,-1.0556944424299446,0.3204989681279174,2.5491682927675128,2.5874182354462656,0.18092676941017155,0.6571056737943344,2.0,0.0,1424.5048861129171,0.8237165931323159
359,4.594218767177498,4.122749737513655,2.4197564749884046,1.1730282637621352,1.1738802522475345,1.5305489164775539,1.1592557841314586,0.407444546861636,4.8316756550037745,-0.5207255063324981,-0.515364874553272,3.6949972194893803,3.585062273312275,1.42677847272256,1.5462835199638432,3.813589966450353,0.08778825246262045,2.628008881694276,0.3603816784046985,0.47738661557395257,5.603085652409851,0.22359887742558449,2.455054047947408,5.853221597695414,2.4169953659711463,3.6225896012152763,-0.005336060863627368,1.8620329667701228,-0.5891983970665546,1.807172572993032,-0.47935049910037764,5.23930128706386,1.1878068359356189,1.1929085897042957,4.170947936000254,3.678514045602594,2.872554731088302,3.652405667624672,0.22977114631629597,4.060021739406553,1.355237578837146,4.914287732424736,3.7370839480576112,5.217217363714381,-1.1478293025243351,-0.17824352828600945,2.7801551239546853,2.109549983503859,0.482715866753213,2.134594401525616,2.0,0.0,1648.3162610093789,0.9819529861392371
360,5.1757162506364445,5.626390144516391,2.227151191418538,-0.09307956794357619,1.3900578074856407,-0.285758356368386,0.5508901589979998,1.3059913834792385,5.081775696933034,0.2515221695549674,-0.48947999454249896,4.470944497661684,3.824814458421776,1.8924049267123246,1.8132761631934553,3.2614690899083745,0.002223689292803477,2.925135360615372,-0.19864357326233872,0.9859659441181278,5.164199955230064,-0.5744389320736609,2.118123102353707,4.972734874849039,2.2785599471746814,3.100846371369454,-0.5009168760705851,2.267044917375268,0.18119425082077933,1.5220110931637403,-0.6747429486895598,4.238123946506819,0.7748861351574264,1.81101729338745,4.872702423320403,2.29245142608867,2.5033756140645926,3.181056021831826,-0.3359751921961817,4.263534549879274,1.3725863950507602,4.084356934185826,3.8623890881406124,5.0386447884822365,-0.9921678766905904,0.3168045887018882,2.6247903332110973,2.3469348030527684,0.08477571404641708,1.227744299831675,2.0,0.0,1576.726609354917,0.8766186967596348
361,5.5206500256499,4.238191308230448,1.7634924087634474,1.5318400952477567,0.9843849229023491,0.139114616285379,-0.41670618666541137,1.0774315063146738,5.253382052198282,-0.21972419288656533,-0.29758191972758025,4.202903402462353,4.112549554318144,1.8238945452068442,1.490933252317596,3.1207479879662072,0.0017725047185355725,2.8523746721451384,0.020207885511325102,1.266775768647773,4.755968141405352,-0.39618570100344264,3.3879989300735307,5.044124337206497,2.50518910294048,3.261423827392705,-1.6550823417234806,2.1744796939822746,-0.5543344520011151,2.8267804339259714,-0.13794176993723223,4.401533657398334,1.2627700076478152,1.3733035506776186,4.269160625231928,2.9367652522057397,3.236441199514075,3.3281888622201277,0.472217717153577,4.460880206464692,2.1059109627130947,3.9826126615939352,4.636153076787098,4.421066331049751,-1.4480577433393753,-0.7113076897620877,2.555631012794942,2.385347063214898,1.0318917709713495,1.0775687652519386,2.0,0.0,1764.1988969658578,0.8412207204614764
362,5.644167490411492,4.10054720330835,2.8989062922781477,0.98253498791371,2.0371324378472244,0.21623239906523306,1.1241291060746257,1.5901641167793414,4.284731213000658,-0.08183403088479363,-0.4533413840169877,3.430063658662955,3.381859009359696,0.653656141157303,1.5567446984499311,3.183583323694622,-0.10266178260790121,2.5698652752457147,-0.1049894240739751,0.8313488048803378,5.591326451828024,-0.2926732808953226,2.67519585721045,6.304965680489989,1.9065894446698213,3.255035800459626,-0.6909265192172691,1.2583007035582983,-0.2612946333090078,2.3974689647424667,0.8420266386374894,4.366997420521415,1.5832452329423807,1.2476682477200975,4.244935002646886,2.4992660719026603,2.8958782843380684,2.203612051224261,0.4108377273104495,4.523538842109072,1.9429638035188999,4.188010468580385,3.214405124330241,4.08599270889181,-0.5384332122288537,0.2108782050613381,3.126504611611857,2.0629577737104445,0.6233646298916115,2.8418494621081267,2.0,0.0,1320.906608760903,0.9362824108261307
363,5.080073740319699,4.086832574925727,2.0369254529875342,1.5906570009704009,0.7172185475519807,0.10776516661489227,0.6502334781296312,1.0131422756582948,4.837047449238223,-0.262920555426508,-0.7378800865481584,3.904037220760251,3.708100736043443,2.2447887452236825,1.7614224503446165,4.150056326439714,0.3904875157275504,2.7851136984820135,0.01146453413820439,1.029844621296978,4.297010390316348,0.13932424260324944,2.7363392203282735,6.0652352563749385,2.747406877105112,3.010652563338197,-0.628374924374389,1.3574826001408011,0.5648391689299919,1.9424567744809456,-0.5991192531360663,3.645728393917442,1.7634833581448024,1.7111601096448688,4.023149680483276,4.2754547283606446,2.4255515226374293,4.057862321458042,-0.24441619197533065,4.5478135062338945,1.5274347737009977,5.354002879559422,4.371500207862333,5.012859248879945,-0.38235747105675444,0.051937500183094704,3.1631595502610494,1.862483546927033,0.42544639439716275,2.398087573363092,2.0,0.0,1655.5877813150926,0.9888994133001682
364,4.957670644571217,3.932724467787384,1.542860048768428,0.23207171803584492,1.6236769758861649,0.5790009966737379,0.07363264602351027,1.8846153430961108,4.330807911447976,0.29010227950735246,-0.30064010654894735,3.3089790044512597,3.7695326339338826,1.0544122473431161,1.2775116355668341,3.275397878465103,-0.23205358005748855,2.7976614930714296,-0.4548081330948394,1.265794677910658,5.5389432167357215,0.08464302751920624,3.0843102733792898,6.0903425279019885,2.0452967626393246,2.934874901816775,-1.3367568030251378,2.4077722345159382,-0.47618226283179754,2.3454562591001817,0.7731141430680498,4.294827146045637,2.0898415830962556,0.9046040579364188,4.850966542461784,3.131176957746511,1.9513085999502766,3.2323966711058976,0.8756461981376903,4.33031070383459,1.1990892031501494,4.7820925563189745,4.351654688029281,4.3194339495647975,-0.5185054029636816,-0.6855020352378018,2.3326663416242606,2.890003825648856,0.5689823036310466,2.4795651239518737,2.0,0.0,1561.256725876437,0.8485666705641587
365,5.68539349407988,4.477784053778731,2.799775813427403,0.2761612180256523,0.9217009136404086,0.42127788531662047,0.5141493220682146,1.0860787657168227,4.08974020868393,0.4398395624992537,0.6109853384279346,4.399303017134594,4.650003258053813,1.7485096563794424,1.5787879232672521,2.6000862312621367,0.45616698178928244,1.8521421954813313,0.3150487745258287,1.1350444327096543,5.04158854463739,-0.35157679640558603,2.2926900582947294,5.191137398558703,2.0494410111343266,3.435492380527003,-1.4532079888653744,1.6805215705540304,0.719114373876715,1.0409402541879662,-0.1700749943455287,4.093256839819112,1.5560007660206523,1.779127008200428,4.292226183019071,2.7563254544384788,2.5849128687090577,3.7206373097086054,-0.2778478718477621,4.282618038375222,2.3495283135741585,3.780205577339213,3.2203163653072138,5.229827717397931,0.06849218903281684,0.3478533701916796,4.226565188081095,2.0276346340505693,-0.10096550650856223,1.9057471105338721,2.0,0.0,1422.7647077717081,0.9275487920684633
366,4.16580861113923,4.334972202645987,3.2704330575474856,1.3446444967106363,0.6115108301686772,1.456261205443862,1.5033347425629708,1.3148882647418656,4.241811958468952,0.34016200156399595,0.5996428763107773,3.898248104988658,3.3076004069303337,1.5355002509024254,1.382529511940545,2.5103594788470267,-0.3217655856794488,2.0792745787571203,0.14761892663724263,0.4366643632280569,4.975428780567503,-0.019417706662309964,2.1233480308139603,4.7226146351950975,1.7641786574310157,3.105129107394668,-1.3093975280449504,2.795735418023221,0.20710735672852798,2.5377059864654106,-0.4656883299813528,4.207414926850484,0.7376744960653389,0.9142352121763919,4.789541416685158,3.6778947884936892,3.2537127753778563,3.6830254118876877,-0.9554795160965399,4.193222105743784,1.9856874781088603,4.665208336916971,3.7705500236696667,5.042885619317458,-0.6416515252258845,-0.14324057956444763,3.318588818919179,2.114429528394485,-0.1168166870669115,1.8533484992926494,2.0,0.0,1266.8760583445148,0.9138111234964322
367,5.430289143453204,4.601729085081049,2.64834718780617,0.44003318549427706,1.2496143898738736,0.9128097579328334,0.38627230932352713,0.9805854853267707,5.1447985631522,-0.19360238495143228,0.20287530427017725,3.40692836844347,3.361042463907204,0.6291719085687243,0.48215106793634555,3.81461127256561,0.3057716247547508,2.237148474898688,0.22436373060056708,1.1229438759063703,5.306156104421139,-0.09607318701413654,3.0179266658629516,4.530808678777767,1.463848536178376,3.045150525652608,-0.7626409956203174,1.9093302936821916,-0.3718511001355519,2.2558783946221754,0.20169164930732744,4.676564844878219,1.2982996662265143,2.02530875211761,4.347235610960592,2.4854472073112968,2.1640108969890557,3.7508928002938724,-0.02441682978661458,4.556271018310964,1.9963433585520312,4.301241287299215,3.5066301110926594,4.818507235006649,-0.2578697271858937,-0.4878247058051302,3.0710094777220256,2.565386128449476,-0.41885978499176224,1.5477460588761063,2.0,0.0,1352.9351408674497,0.9362931076555475
368,5.497529014933152,4.604505495700105,1.826044090530549,1.3537773819920391,0.8312319039732037,0.7690415076042083,1.0152945781567726,1.1987619442292607,5.195356343461439,1.2005540458600268,0.35796953149438265,4.1045848522620885,3.8412198723669952,1.3183848539065604,0.4717521555113605,3.6688712032482322,-0.026234348752929126,1.3871702726974842,-0.1783587056664945,0.8452857794587118,4.372348663351572,0.2560307689355301,2.738260775104779,5.787334897874127,2.0254455268329394,3.1084023713083715,-0.6533768962376885,2.3763297074959686,0.07664571986246496,2.8755077116774648,-0.10253960703136752,4.592059040853565,1.0547450626100559,1.0116241134174273,3.899640691111451,2.40895849317842,2.5396523052748843,3.497801861252885,0.8985267614752954,4.423766632117574,0.9881148888042606,4.7288497060032455,3.480725045882262,5.260997766225566,-0.47640092487514385,-0.2768669985760153,2.8840621288115713,2.2743478559163615,0.5272840963055944,1.3426093938767318,2.0,0.0,1342.8956376201086,0.9780964115825319
369,5.163420478780043,4.281150535657775,1.9359601420678063,1.089074063550512,1.7364563220339848,0.1995781078297077,0.8317913653525948,1.6609343100409382,4.9076671575232265,-0.2646878390005979,0.29135918791931686,3.888645451549974,3.075778825507183,1.0702833017643614,0.6946632561130506,3.5355493832270666,0.7425725248300241,3.057425071524253,-0.3382884812362057,0.7651870934357191,4.959509099046156,-0.1229204459027826,2.293323592871043,5.41729642843122,2.6687962243673313,2.392096392253367,-0.3840219960175183,2.3325839227835328,-0.6495246110334236,4.140107633832972,0.49492699904847953,4.896809007087926,0.6045721505990302,1.5085416363251896,4.517817130075389,3.3904574755557193,2.4838342916797007,2.7507224268749924,-0.4367781024540658,4.544834585038004,1.4328531407283738,4.445120793118121,4.69213489136109,4.061494693679898,-0.7131914904239107,1.0538183612599108,3.2889474269663,3.4200086589046523,0.2827754950564505,2.4934403855504073,2.0,0.0,1743.4533974388983,0.8668438560225434
370,5.82985794097903,5.146670190576464,1.6774870887868387,1.4066597345724428,1.1717726747680184,0.14083977597405212,1.1617157517634897,0.8974676741755833,3.945329349081264,0.03434040627466073,0.4028702394450103,3.6668949145877594,4.026481708534206,1.9652537261469485,1.1511571785519294,3.20879060274652,0.0165460932838859,2.296510293964847,-0.2821060340459453,-0.22332365160276568,5.188349017487125,0.7628022957108979,2.68493215397392,5.262030871768239,1.8674690309289972,3.585961830663793,-0.9680862579926115,2.8335515929198283,0.2135695480522291,2.325321244574949,0.2504430171910105,4.53516086489346,0.095925197771628,1.1856224633224588,4.842074900438192,2.157797879597125,2.9450606462249467,3.4832056408841354,0.4063439274275849,4.525238343413289,1.9397452489012192,4.131825035174132,4.464044563840552,4.195104504620756,-1.146614032458659,-0.5174473028209774,2.6065574354294663,2.8865928235542166,0.06683793204904645,2.1259425385185584,2.0,0.0,1642.7527087966387,0.8481904785195653
371,4.654422667738082,4.354357563943921,1.8432742909959416,0.7400500609786342,1.232526626301375,0.4711820876013301,0.40979528387098096,1.8042007838477185,4.339436690478036,0.3770201147281821,0.7225118775392163,4.500201308400652,3.0508312906656165,2.130460105530105,1.0690929334367647,3.5954295524168534,0.422832650065256,2.5757604253638666,-0.1883463036078049,1.2836675967684361,5.522746081922732,-0.6177186676933847,1.782537106862274,5.005693338532473,1.5242229975332071,2.7780563765821618,-0.24254299732602358,2.190007346169188,-0.4302078509478034,1.6949165287521673,-0.2384993706216189,4.484601206750383,1.235871122306747,1.445846074061306,4.936289221756077,2.9847647298679045,1.7863695407300302,3.26155505101744,-0.0004351024347045013,4.1513311524322285,2.1959083504135797,3.337078301133137,3.2893304314650376,4.448425534302046,0.17847943246201314,-0.5193688687868393,2.824193285006685,2.7229501303372894,0.22212861121998623,0.5798701424158754,2.0,0.0,1040.0474717400912,0.8764697767169869
372,5.325843317143504,4.292633260766265,2.4026262781787575,1.1235678475453414,1.2048144107691958,-0.021773413942328623,-0.5055326671676452,1.2569806335319873,4.748365217860816,0.08368671285759377,-0.9654361019504455,3.4382499812164777,2.8078912843484796,1.2783450603687898,0.7399849968028764,3.369074561987359,0.025766240181899935,1.8361668110074727,-0.9473553962297451,1.2977758653307654,5.359617896911028,-0.4031531945974971,1.8679995194568706,4.757716452836561,2.3669679941851056,2.9875347226379745,-1.2981914371339378,2.301929259685089,0.04846460775014064,1.5374600741219437,-0.7564897823330216,5.464012763832602,1.630468843532558,0.9245079228228288,4.5585963160577965,2.945583748415681,1.9526051732225576,3.1944188632777477,-0.14711005777899083,4.485972371937813,1.313322357559434,4.439706894713577,3.9348696960579055,5.16507701249338,-0.9158515386133813,0.6024434399040565,2.962269383608706,3.61826281361157,0.3378348888625553,1.717513151373054,2.0,0.0,1364.7115056580267,0.9418370362651471
373,4.931589107586046,5.103039192766226,3.1646863367346096,0.9833882030873234,1.009964795043234,0.4121800951035792,1.4757166648247257,0.9835049966738498,4.541758567999427,-0.29134546066443706,0.1845985511940143,4.021371465130538,3.88565000339991,1.3821824498484023,1.021322529381393,3.4462948168437437,0.2249529849160625,1.7820793260593284,0.1739514838481298,0.5607952395306302,5.528542126084604,0.017990666255956828,2.9952977147617177,5.166999129725183,1.2011555321614027,3.1532524499132113,-1.5702438166159878,2.4329598453012125,0.23638959277725258,1.078609045924563,0.35483173951342506,4.678329917148658,0.13042290268950185,1.0505639842365282,4.1879056810387825,3.283252509065667,2.756015268398898,2.2469603694719384,0.5593160828825043,4.069187138426143,1.9966467491316537,3.8969395370217246,4.241911879536552,4.852195299919183,-1.1324323146780204,-0.637030927493667,3.3714117829385866,2.7795747549040026,-0.04606814471686216,1.9786186811259534,2.0,0.0,1422.5542283277398,0.9375734078082208
374,5.998626916704401,4.494529279383375,1.5822903573155958,1.3188846391897129,0.8600114871846929,0.26340536226013683,0.0068353654185719925,1.4361873874532396,4.66549876686017,-0.3470214644085737,0.028258041402672657,3.6429720709175966,3.374612248995182,0.4374521797510913,1.6283942816077377,3.327265912739861,1.1985771993986485,3.176565951181202,-0.4344570503564166,1.3426614532561623,4.672806466092401,-0.08250042723676126,3.4646722471400846,5.369544373597828,2.4356779608854646,2.77931010255454,-0.9299122189176476,1.8077517525663676,0.25396711095271046,1.6057386579085937,-0.2799299394011633,5.680193053015645,2.232955682054724,1.9051291577325005,4.259548009515222,2.775677828615263,2.5994355422583943,3.9538496659568922,0.5418458759084233,4.82550997574459,2.1147004456481557,4.928007258267452,3.7862864730281767,5.217367721105284,-1.3224793786951383,-0.601019568723286,2.8669511113332593,2.8560719248000574,0.028523784493963256,2.087132412283404,2.0,0.0,2124.2921834535928,0.877160481251094
375,5.638481110649353,5.010641642474918,2.055295596494495,1.1677878148846905,1.0218601075457625,0.567324134807843,-0.4278191957255941,1.476810489427439,4.514358398525308,0.341494871139058,-0.16489582857864551,4.186674680203467,4.077320885691248,0.9177076713191921,1.0541389289683547,2.1545093967136255,0.4315022832034207,2.4707516857912997,0.36545890105035717,1.1789000420787785,4.940515640220078,-0.7857427744030588,2.98046120607014,5.077239895738233,2.1955631401166062,3.1469919255649312,-1.1090974212522677,2.095270890220913,0.5694898756049525,1.696104124075645,0.12647173261288153,4.959629952167401,1.1775792908643172,1.9288727126195244,4.803159753420904,3.1978938453831733,2.661836860194456,2.960610750313932,-0.3979425018096162,4.772622590619634,1.6643975907234532,4.620224826308569,3.2997698445478028,4.642651163904029,0.3394088917112158,0.5309131179069682,3.145131721455328,3.061790163522438,0.48614762597269334,2.222521093415191,2.0,0.0,1510.9481677321712,0.9879821711732005
376,5.138982235245842,3.5164981028156306,2.050985669522039,0.717918827740877,1.0994851084064057,0.9535356595831036,0.42763674935942536,1.2963138743069704,3.923783629088865,0.49599985650660916,-0.6980460299607151,4.561399437812367,4.082542332121793,0.5903035698092319,1.5099786175062173,4.156726040811992,0.28679585005145086,2.9954260466942197,-0.22423273516304792,1.2272973325693743,5.536542381958325,0.6978065186989967,3.9206042811011472,4.627494188009558,1.7806107843302759,3.1950807314964575,-0.6199314682122907,1.6098506879585686,0.6674171983551092,1.4695112328365036,-0.7542378291300154,4.876637517049573,0.48720908182294076,1.6474130570663017,4.456557812605045,2.2901156401811447,2.4366171176945772,3.463326644827463,0.6401505270354295,4.867874547390259,1.5742617230769782,4.300583364850501,3.3844503527231633,5.887992402772536,-0.76983854092884,0.3919984667623907,3.597260256573791,2.097389537119264,0.5055428774124977,2.190001926551879,2.0,0.0,1633.02655192365,0.8855948633415816
377,6.02103611586198,4.97639490386694,3.184786784461658,1.3212673724432542,0.8580659171335809,0.668150168679776,0.1936829034824028,0.20100272158907984,5.4427460077214755,0.09010495719303287,-0.25549812860664045,3.9818261384188447,4.112906523906262,0.5409933789167101,1.7493766046261272,3.405335479767099,0.6015481616477629,3.046915901896371,-0.085667939460087,0.6851141525463715,4.63260269983051,0.612028179378699,2.8275984566016947,5.0512023850160155,1.8845273019911362,3.5706377826690243,-0.06606843566055742,2.266801761381164,-0.0506854715039432,1.8797135356258192,1.178568659057738,3.384429749944278,1.065787316347397,1.255323530464834,3.968389512269005,3.1823719338297205,3.4274029895992646,3.4095840364763554,-0.6776946026932162,3.7200271374720972,1.714722866166521,4.659546444436621,4.313778243396185,4.474502256143221,-0.2611998519686885,-0.3318595062690004,2.05381609168269,2.780682964292809,0.08989416435747585,2.2720021369150505,2.0,0.0,1613.8749751456119,0.8710236024790671
378,4.661096070626274,4.706001087460002,2.2927426610036665,0.40336473145465895,0.45073537796178764,0.6377738039767118,0.6910344111139788,1.920902226279256,4.054234850518131,0.45745726657658853,-1.1905953426959903,4.342782108278033,3.340796926886763,1.3461747210925457,1.3687101841682632,3.426658233219587,-0.12746749088506337,2.8849138228662285,0.025282039230480113,1.0444639460588259,5.2265210231893695,-0.6187504348315024,2.5712134736515972,5.2376649023291675,1.4565796251556908,3.018869108223659,-0.4621159072284417,1.8412735955227875,-0.008849597019268868,1.40914660732292,0.49184336082502966,4.413134029832964,1.1993171626318229,0.7853933578866447,4.660926438253997,3.0281005370252028,2.1589191169693693,3.680649564694033,0.1272077277140319,4.302011296707993,2.3282779439348937,4.097154868155091,3.501339563158314,5.890090482371971,-0.5241868851917459,0.5445092816733312,3.4830508008958994,1.7692379724449259,0.07366025522192765,1.7307354422221892,2.0,0.0,1358.34212366314,0.9348294351721484
379,5.011052616411636,4.7152683950263565,2.8305776363688597,0.4405283612429207,1.118865521894977,0.3112268162626826,0.7764845241266833,0.9126055933232724,4.876397079231735,-0.7335988865464662,-0.5672465102019282,3.2443443529987555,3.799179521959495,1.6526841409215065,1.6370974229658453,3.827014532833317,-0.2568819159595148,2.5530140208138112,0.1962369150875367,0.9638129662428273,5.38883967670866,0.19116503518538563,2.592187884846652,4.946541415070951,1.9809934577792785,3.959666345136398,-0.7178258317428251,1.6578480503499395,-0.36293825797047696,2.536650055706515,-0.5021385309760474,4.991817794143803,2.4354595523461464,1.4393732493639795,3.9660141714072115,2.235808481218337,3.1334370943385714,2.7027340844653436,0.25020767201956884,5.326820720642198,2.0398007191682437,4.235701859500727,3.8145405641523435,5.321645142768322,-0.8741128664522191,-0.16153357744533606,3.532946024853169,3.1824946430157204,-0.018939792872867817,2.271900760879643,2.0,0.0,2042.3628635320424,0.8156671251292247
380,5.458382148084937,3.8624048319986763,2.332829076204654,0.7573991061370559,1.0793766501884796,0.43984353655303465,1.5747066663323206,1.1503245836165692,4.793203102085021,0.7934659072290853,-0.33665163440588913,3.0379779069067263,3.0937378581141326,0.5390667224006912,1.6333717707792013,4.024060315099294,0.26758223564096106,3.4114620442218277,-0.4221724170541857,1.399155041471953,5.367930581978855,-0.509315929557426,2.555615033445502,5.640799978700365,1.5345212226080909,3.2250898088133115,-1.214642588647076,1.487968484862244,0.2748418751505719,1.554526725017924,0.6887497110730372,4.890328724888304,1.040066471253019,0.7452840359077451,4.839827286297559,3.2842698248718887,2.1732688313639574,3.5169053103604653,-0.05623764314460203,5.218723867820048,2.095717650135279,3.9148375077123765,3.831879597660174,5.613662866279007,0.032760281566543537,-0.23973778274612512,2.327577558209838,3.096178674533383,-0.17068867682405942,2.7351074448873387,2.0,0.0,1802.948761281251,0.8756908545741439
381,4.698017121054316,4.370625639591073,3.0449293909741333,0.8452729787474942,1.674260435091767,0.9862446698808299,-0.2370654566980378,0.7924668937837418,4.853978982527744,0.21470788549967967,-0.3904894355853715,3.315929869420113,3.774443125480838,1.6378701010968304,1.4953500842051568,2.6839075362283262,0.07536850540686452,3.1118519571971595,0.25560763208320136,1.2304404139616847,4.859233959299154,0.273009512154311,2.489028313733577,4.32193291467263,1.4344089939489169,2.2645636778903566,-0.7428062517926195,2.38905533254159,0.2318830212711273,2.217881387872092,-0.4432516294145128,5.051988942041018,0.8287444142097871,1.073926414441398,4.804092719142523,3.3605346419352213,2.069951425584018,3.2023839655064337,-0.08605897122571299,4.287491191908741,1.4411384135721186,4.062376543417301,3.718145745051168,5.425151485032846,0.07709573165998351,-0.03511724065233889,3.274036682868997,2.869977616782056,-0.16399802552513731,2.103775590781491,2.0,1.0,1424.5245351295978,0.6167047730463038
382,5.38706419597323,3.913513401539739,2.3690491145516694,0.7986727083644223,0.8662729525747064,-0.16800024154902438,0.28012393296510507,0.7931335421608048,5.949188824382001,-0.6009344281088975,-0.2897815749953543,3.948072220956179,4.177675224393052,0.7651106545161184,0.3072054514040288,3.1537911018246056,-0.6294265319693463,1.7512246859405218,0.2952917792986135,1.0906338490849268,5.874347736049847,-0.7583586471660919,2.418594985912535,5.46956542907037,2.7959190306898365,3.394143093604446,-0.9388786009764716,1.3227158145911013,0.22376775902114926,1.176539190674057,0.38400598659783614,4.84107027820653,1.5675224351243426,1.4458554864735937,5.408528700125075,3.7787978146188452,3.508289829132878,2.773686461130995,0.40791404026936634,3.8697951790226,1.8742471012117283,4.380585332871636,4.042979251714164,5.208454088900798,-0.2066755635435376,0.06045281268883236,3.416465896727265,2.087130398290832,0.5377754186073314,2.487927005031034,2.0,1.0,2273.8851214476927,0.6118007868003738
383,4.87749765967165,5.0390867950758365,1.9788879592404462,1.0837350202201295,0.6749714952635126,0.8142235424951583,0.5138891377011663,1.7000595831839203,4.627702073963839,0.02604087312083865,0.14393938182070948,3.4899310236093606,3.2933064560895864,1.2037241533990075,1.2866665481845454,3.186821734242615,0.301089003370672,2.094152667614884,0.1001402076563292,1.0987974269592606,4.838321988445449,-0.045829262728798545,2.997591353681649,5.284437649611595,2.493161748691514,3.7845480472853734,-0.37652906100530875,1.9116188014174065,-1.2631723621703348,2.3052391827673757,-0.7398760558307008,4.595501708096035,1.2485879883259283,1.9107007919641317,4.669180657584491,2.905865296551935,2.6266996273192436,3.584958040186864,-0.628301585648987,5.374478570021952,1.3706252233484437,3.8252347038121406,3.3264581953232724,5.947749936535651,-1.1370032312560652,-0.0124633669114721,2.3401877872238814,3.032409256557522,-0.029052446826539846,1.4952714470732724,2.0,1.0,2061.5350271910092,0.2270875068461579
384,4.959345577320519,4.723225103628735,2.5947069717799907,1.160939820588558,1.275233182872644,-0.16057338241844044,0.7991202077104227,0.43917954847018925,4.005162863663276,0.03302144250115785,-0.14099917130693118,3.6953266746786797,3.3055164649211815,0.542379505852846,0.8067225953715398,3.218332991594675,-0.015064915675832125,2.584111985513876,-0.4465005311361173,0.797875519834652,5.094333594924306,-0.7873421952478887,2.1607234651585925,4.609840856769999,3.084770413554638,3.476769909827839,-0.7184842516772448,0.691793899498385,-0.363003708604022,2.8293890266469197,0.08083394801432264,4.326415385817043,1.6645892327335452,2.442956109208355,4.303933629502653,3.162354722986557,2.450306110128415,3.1485188229125844,-0.7057893159448607,3.473259174560165,1.9257563934923903,3.7808404421347106,3.451554007097625,4.514557526993755,-0.9358350644770135,-0.4192001899319497,2.4837903566625235,2.9011158811757167,-0.12760786837562932,1.8077740480866036,2.0,1.0,1332.7703685489153,0.15163375229630446
385,6.201749492558308,4.021406149267024,2.9615428168668,0.4339026728640676,1.3391063138981951,0.16106559155807776,1.3018376725545915,2.482480773302072,4.618491656538689,0.20261725296463406,-0.1787483900726753,4.725997236765446,2.523886416106066,0.9646019088176829,1.1291313976714807,3.260876212241162,1.1348639327651993,2.961083608929534,-0.6541766641775006,1.620144361921736,4.653753344856114,-1.4357922964080778,2.5234197221596193,4.581315334529173,2.1882655379159055,3.0561464387872066,-1.2429253586830886,2.001815119853319,0.00790557035924426,2.0138185173728664,0.15842615582098585,4.764649987351959,1.020635746224479,1.6784243484056767,3.9207328563706394,2.8965711230079365,3.046454306832894,2.711976632271652,0.2758910441038599,4.721254917749871,2.029852133538918,4.113576086285004,4.288647154548377,5.026954039783088,-2.0406662973518714,-0.3479502379573723,2.9705244093171395,1.8785162543823346,-0.24118130891207684,2.144680270793898,2.0,1.0,1858.6506863014517,0.37700077178825203
386,5.1116370146035015,4.69098028711499,3.1401256545985277,0.07932499536759197,0.9152562584372312,-0.24023039279882974,0.1782851055668654,1.4721028647584662,4.670667455424035,-0.8832392813500178,0.512214924573036,4.0809850313340785,3.933627662883641,1.4289199375930928,1.2548921979414478,3.26860935879548,0.24660857856120258,2.9342107642372244,0.7991174838981824,0.589571171881337,5.284108741211324,0.0737573651880527,2.843732877645377,4.550673698324308,2.1210658152112223,3.3035383208547895,-0.9813100701835151,2.2280817091300515,0.6593088896206349,2.0351290541764455,0.08654746012143298,4.392614845986839,1.4725933121655779,1.0863099504728166,5.025184673098941,2.8350868797210698,2.470063694231603,3.803941304754453,0.3739356865524195,5.479236576293393,1.9159283158704732,3.9156761426652977,4.245232487929784,4.385939757477479,-0.8275219858514055,-0.2676514262863513,2.7376838345822843,1.6671118039974262,0.48498708347042174,1.7547191706519818,2.0,1.0,2020.998039890233,0.2678448356020988
387,5.676764176829893,4.316818926197651,2.7133415035063178,0.276820896561834,1.8458520670969114,0.9746433968863624,-0.30648247866723777,2.102765133879302,4.958134996396753,0.02569469829866361,-0.16440060102604498,3.56807854443365,4.6072317783801715,1.9140767098355205,0.53896291772061,3.2412508788953773,0.5991116357869649,2.828672643817243,-0.8365806604313888,1.1128507937992376,5.472425133676324,-0.6762783557572773,2.7117892714923495,4.512821563837187,2.2159679327571635,3.635384788371589,-0.38586152240229826,2.0956919921904427,0.1744399136038443,2.1968961858638374,1.2276845603206843,5.136705199970575,1.5720127705282039,2.437754161366236,3.9174253675624024,3.53759224199679,3.0124565366412632,3.0019250523535357,0.0969795052898087,3.2616293702229773,2.3671467772757646,3.607799642235091,3.6756071930197063,4.750650980031797,0.48841545015782317,0.5234320755691343,3.7510902915253577,2.2321740492762703,-0.03312885671886337,2.556332207151167,2.0,1.0,1916.3538469074772,0.5877880349709208
388,4.992642246742522,4.501993152034954,1.9826892992922716,1.6746657142291659,0.8495668244954038,0.4175225044922133,0.5664804508959118,0.8372618654826083,3.6293997628652503,-0.08006224472209132,-0.2589317827463157,4.709132494391377,3.799689547602563,2.579383306369108,1.8873465480506817,3.3669729915698334,0.625978405738955,3.1493570945529172,0.4178588571629671,0.8115213624830115,5.379062061298217,-0.5234878998724137,3.008865854560868,5.1943992727551995,2.007038940322711,3.3246859805191047,-1.5445661873209464,2.137486035437782,-0.7331668621056031,1.514270847528637,-0.5214128912649879,4.782854828224342,2.3785920509970344,2.0620764924553043,4.743135923372991,2.47991952401651,2.9858642101475157,3.476618604783591,0.19908412478794718,4.80667192938709,2.095888702852407,4.843151181640457,3.7853315509997296,4.7886725619952175,-1.1111373428334517,-0.1564575878175466,2.3303013450906995,2.510006691692279,-0.19820757757694019,1.0053774651487903,2.0,1.0,2311.2240634540926,0.1512856924278915
389,4.472405843381048,4.158516288765689,2.4174439081031,1.2266104587283073,1.7290525050180092,0.8771462744465794,0.6642804669738901,1.6929402775639852,4.661737483153097,0.28130784818744764,-0.3297955954589791,3.2458026202481163,3.6594455635077243,0.948574780630878,0.636416336641792,3.007120349941934,0.36666093144002904,3.129457543522221,0.010445420352358153,1.2348970110515292,5.324673184521381,0.10062789811812611,3.1551120790310336,5.141671274428838,2.8967830580268155,3.2082554796845613,-0.7133686278372061,0.6021200553631392,0.7852578167216534,1.3570350230451027,0.08991956987539892,5.168112640380759,1.7699524225876004,1.3633897149507166,4.620689528093992,3.604715770294975,2.4098324476660893,3.95579973438506,0.46939430923193237,3.8749718800153,2.2582955914525082,4.412708559147868,4.462483579542502,5.5991188645523025,-0.15823303559001978,0.17255138265702866,2.564684297634007,2.176676653634126,-0.07839051365936173,2.0015190508894745,2.0,1.0,2010.959636426492,0.2648832592968701
390,6.0823648552469765,4.094071613210158,1.1030160687486494,0.5076503920006603,1.0536172535664547,0.6997017966899786,0.9616602479197658,2.1241314055326663,4.578595148414562,-0.9970366438245,-0.45873942186548305,3.957262042933073,2.689290221890732,0.8855995855082472,1.044272680449332,2.825552188551576,0.3772520082656277,3.19255471469471,-1.3058681573313233,0.7678067529108696,5.891646315904707,-0.720360078556926,2.008517944936567,4.734726561787702,2.8149102722275083,2.54598044563663,-0.343706293866268,2.1260396883278867,0.022446412259046478,2.5771368074264025,0.4149867936132011,5.644339260174216,1.3335501918722674,1.5715789059194105,4.174711118966798,3.7314269609637067,2.6314181895843296,3.438037945572859,-0.08336692456671219,3.985333772567521,1.6368310639076955,4.128438416026561,4.473843979247315,4.804453737952792,-0.28305449406108035,0.07112634361565832,2.320196358826638,1.9887859579402911,0.08223535310983772,1.9581768508234438,2.0,1.0,1656.3868149187886,0.6753827366580551
391,5.800740594054693,4.669084856256858,2.911514592391777,0.3426591205222023,1.5291925844742553,-1.2405252934864581,0.6528272390616675,1.034509856355418,4.4429640106844746,0.30106080538757873,-0.6240413322360404,4.311060218063452,3.5409318521242747,0.6623325585778714,1.1431735736965667,3.34479466404621,0.839884941416384,3.2050658923338524,-1.3593883248261212,0.8012359500134083,4.732744376882664,0.6927946773602123,2.6151714206047894,5.000117436882768,1.606365993671694,3.0122551618034294,-0.8792596749137037,1.934734460824734,0.01784429099198398,2.4392518589360974,0.22741028422229143,4.888416001593383,1.4177824736250841,1.6898219703167148,4.575266658048094,2.998303660027242,2.5263235122063104,1.705191820084157,-0.08538454414240687,3.9713507812659,1.6126232761054047,4.081879604353522,3.249344272305718,4.655307663726812,-1.147203266469517,-0.42086531379724745,2.750265742214177,3.4327699305651,-0.1621611011545273,0.6171086494364557,2.0,1.0,1501.0246963509474,0.4920192274579009
392,4.820677908051961,4.999906213994096,3.0741995628597287,0.4115118916350929,0.9516220985128032,-0.0037957150486662705,0.721574447394421,0.8620291346432982,4.2881146597928215,-0.5055958442615289,-0.3356414231778059,4.082093991367036,3.6727664465655283,0.8525085328704882,0.30063518721464144,2.6905488789055663,0.8297777400694486,1.5994531369566252,0.346820061314817,0.5459974676286095,5.102119276795053,-1.0447644771721891,2.7569878731857806,5.081963363588185,2.1592084460499903,4.296184493557882,-1.3973679063356295,1.9704681489181806,-0.6452636117943805,1.9475535431568494,0.1908835265387398,4.234954812214804,1.2863271555735725,1.0529934036184754,4.301954569715691,4.039266835768675,1.9287523726681517,2.9957791252212114,-0.02738789099469155,3.6586268950102685,2.9109564245810793,4.330230210179826,4.5731529286502655,5.704826961601293,0.020780556777578285,0.5946198668649754,3.6704996596279793,1.9568037037359312,0.9426318334422891,2.0531990191618252,2.0,1.0,1686.4227137615335,0.7082112637898974
393,5.40184235830895,5.02524746932501,2.236219777722028,0.5649898182879326,2.121216288944572,0.7857404998666896,0.1306698182273779,0.7538598844015694,4.196482853786044,-1.135653512640434,0.37096501496932277,4.274272209402099,4.143301247907249,2.121505307353828,1.437158612598306,2.9727793268761147,0.7992077390000297,2.9726309946161065,-0.1316345866279184,0.9621924001436282,4.964873368113119,-0.7558853504159744,2.514363219080309,6.095299074642779,3.202996068360712,2.445225460967834,-1.5387556553260489,1.5929208499029375,-0.6060021481233915,2.715871192198645,-0.23048166090753447,4.56209375093759,1.855553569930842,1.055245410068809,4.291711246938669,2.6502748550574484,3.1465539725625074,4.49597451302736,0.6842505326496128,4.138251743397663,1.4394220484794296,4.17010847466817,3.0704759000021102,5.244746436559987,-1.4278832170105034,-0.344238937105348,3.006344956310145,2.731296986801414,0.8828912156821558,2.169445678459211,2.0,1.0,2051.93972989907,0.7812424163261424
394,5.879387058144374,4.060426414643194,2.667873450053527,0.8185624881049554,1.0106825599479763,0.40197061260357897,-0.03705644183475665,0.6567793247835465,4.047136939686483,0.1574498333521705,0.3638123540255916,4.259990702662554,3.3422996593767396,1.190529116326963,1.371413281604691,3.5232858530041367,-0.370283377102547,2.589138740314781,-0.06545347185726536,0.9965267621699666,5.669230838985162,0.515869074960701,1.7870620232728118,5.423643037649587,2.3665568485542794,2.8482168140951702,-0.10277466272302926,1.9302754213260487,-0.27453717721131893,1.5023745491748164,1.199567914226345,4.566442002504077,1.8776154317394922,1.7028370488978388,4.138840375465849,3.2140149236066446,1.9360447256668936,3.3375234173709543,0.3633550154900286,3.6500890040977705,1.7678079543944096,3.6211992638712633,4.186095810683315,4.527960186070793,-0.10719017928529306,-0.4489551717488342,2.475881912386976,2.5183741506895223,0.728930089273263,1.7801677933628572,2.0,1.0,1331.217742688399,0.6695268743257461
395,6.1067999050103206,4.828209941534982,2.4876621564674117,0.612268993772268,1.4255104091128603,-0.0813159982193587,1.3887009671558805,0.30447098112431203,4.122892159787639,-0.3083438681308892,1.0737073722412358,3.9353575617143286,3.8259695616263723,1.7597284989733883,0.4366373201219377,4.183153346153205,-0.4291689631051526,2.381298264451392,-0.25625947114801784,1.0091358062274183,5.769035140718378,-0.8635984531310096,2.7082018308550024,5.745923782678908,2.515550327168256,2.9575183923292663,-1.3011629679322163,2.5267522220626466,1.3961323483864145,1.253537337783916,-1.2034670736964888,4.718853161881802,1.6350870180096957,0.32429774835043346,4.719832978875699,3.752043276837835,2.38244505937088,3.94502503402763,-0.007974178734092785,4.617943762661958,2.583369310417526,3.9573268253507177,3.8786718578506156,4.246321183175682,-0.6390803450366312,0.6013533819294501,3.7599732666970116,2.1016390132396943,0.2936058263195738,1.8306322638444132,2.0,1.0,2698.116469009358,0.14465970086875143
396,4.752498227560676,4.689396691897011,1.9562253739638964,0.9760040145354949,1.507410954510402,0.5522818634207852,0.6489484610838329,0.7719429651382554,3.238655538766574,0.6740332844466359,0.24756058292310162,4.5521230487307225,2.403797963684384,1.3970625853811223,1.73008726746516,3.8873606941279526,0.779210280384727,2.9134596308670444,-0.659892129200846,1.2374404382958097,5.429372302016671,-0.18070579900189238,3.6673827012649873,4.896550860190594,1.5834098496942726,3.2144430211621784,-0.551551896010375,2.5059340538904866,-0.16786345405492986,2.084626256108478,0.3848995699914476,4.106573032715952,1.5383541373837177,2.1265122124585476,4.809830600759608,3.7735654665733565,2.676342539987028,3.672853229999734,-0.10464785624568795,4.091864512738537,2.0370251168447493,3.3264994332497984,3.6822373441180054,4.5434295533050095,-0.2528563702546841,0.1268739290198641,2.9774515808107824,3.145457829764941,-0.29916040974505154,1.7136932946115957,2.0,1.0,1549.9862923208727,0.4947284067636707
397,5.0868408669298795,5.478126519769529,2.1742377152932897,0.5090905321112018,0.6619665097239653,0.28741160724536846,0.905393402090521,0.8372497705126775,4.776320587121622,-0.06311592757614451,-0.41433308334464863,4.157745985120926,3.717952804777933,0.9270042496710764,1.2839315959494766,4.032852002302075,0.725577950265714,2.2878192406370186,-0.4781388009699076,0.7849251797217868,5.947523302138055,-0.5015269015433278,2.3718839349319096,4.832231862420505,2.4495660725962227,3.2333291849380963,-0.98940639365999,2.942345026108909,-0.38758971667142966,2.73719717517495,-0.3322308079217172,5.16168524982041,1.9491682172993259,1.1964961208562401,4.320863679656728,3.546761490823953,2.6686239288798803,2.775257537338997,0.8581477014049934,3.6067316025169047,1.4466328652416287,4.966261387907542,4.035259955991694,4.312779504877487,-0.20227323579351053,0.05821789734205923,3.2079416992384124,2.3994748964871784,-0.3533557731757452,2.3401471044119964,2.0,1.0,2278.8843954479366,0.38088709861867537
398,5.406305883563159,4.459787229323058,3.0470078076038125,0.3947233607113653,1.6795342479164819,-0.09745745991322757,0.6540955009404071,0.7436404700035293,4.576762007747855,-0.47727591177787654,0.37257452929621343,5.1731219805407695,3.984587769502177,1.4781343470858113,1.2548192222212773,2.8376447142246994,0.9134536514905484,3.1588488130237384,-0.9872907070644542,0.7879170060708629,4.845710260982152,-0.12725127253339852,3.319750634308721,5.275083922595447,2.5436730549558093,2.508023442913119,-1.2527754198966432,1.737281687032006,-0.6542242688826982,1.4994250667106273,0.3972403272825804,4.600012714568848,1.265387705020841,2.239694081742669,4.135275278932536,2.912143794054667,3.43324334025791,3.2781231052724276,0.4228558200509255,4.398737518022039,1.995031305315146,4.3370718354902715,3.28171508552116,4.6852971425685075,-0.6549207652011246,0.48546472066144897,3.1127549060094233,2.39417162169163,-0.17729142464142977,1.5852715656553198,2.0,1.0,2034.7754465744586,0.3233253237381825
399,5.188224144036346,4.063798936368068,2.7132411646852646,0.7762780152818821,-0.027883063256918472,-0.036815546425444656,0.633978473695858,1.0588569120426183,4.073196311970537,0.4398660071931922,-0.5106946529483061,4.0344616499419885,2.971413638934731,1.2373889773526452,0.29763879497890955,3.335845351054517,0.36161704297600733,2.780815234763212,-0.9435702993550815,1.5016667775259909,4.736469235854988,0.24106155872910934,3.6733366134504646,5.1624515268836015,2.1243668867167926,3.2975665600615125,-1.315949850862252,1.830010097851578,-0.0689117057710745,1.2926848805991678,0.9020640381104861,5.191244448023758,0.9963604659401244,1.273174506294951,4.446138946229266,2.7264304918932867,3.1597832243907478,2.9223059417482937,-0.3774668825551072,5.295949384317345,1.8349322341477525,4.620820917858714,4.842113226427556,4.714552976698826,-0.8087782496788614,0.36593311798365635,2.4243612591640753,2.588607579243557,0.21108136405721337,0.9195964532007043,2.0,1.0,1677.7662122484874,0.5935069500392073
400,4.438921336096751,4.4078209035305385,1.8935924479882313,0.5464287783583502,2.2595896271408984,0.19988802208435336,0.7339723759705457,0.9832066525620003,3.7431931304763926,0.4126181192255529,-0.06576335614842396,4.587264170797659,3.7081506800980444,0.9570119081752682,2.191572059642862,3.4758135698967356,0.46522701841617903,2.556009328659403,0.11996522968506185,1.4351944571487847,5.145206982403999,0.10879509470652055,2.1722631021894996,5.105224853561217,1.2281779410467135,3.4672253649807137,-0.6588540856550154,2.306835650097332,-0.4216299600870363,2.612597449406942,0.19311194959431466,5.157982973544909,0.5196832445434865,2.4920014319976205,4.636069797988899,3.0886808974277744,3.187008001972285,3.183159112774628,0.7075380322637824,5.134559264529927,1.3161862208107813,5.104870432963783,5.364294325641463,4.4578804034859125,-0.6312333935008051,-0.39057285261208213,3.0651397113284635,1.8433939457755082,0.17480665589788388,1.4067032613984494,2.0,1.0,1937.8153611703497,0.660746631335347
401,5.309224787727658,4.430226123877807,2.1613224083480915,0.19140483833711341,1.0691913485494597,0.659354090310025,-0.01910441559539322,1.4543828308368205,4.3605735809088975,0.0027521484405706384,0.17230664177446126,5.140487979495331,4.235067303810967,1.3733305352543161,0.593822262653813,3.1282928905264633,0.029214622432248982,1.4966826147936467,-1.2558105218990625,0.5852329427872711,5.563571937058764,-0.5773683648400512,2.455992020986558,5.892852925585237,1.7455283101659733,3.231088907139455,-0.3927076306357872,2.0074012826437784,-0.1900427520252557,2.992289632543393,-0.7304370430451176,4.484574827580142,2.8011329629778925,1.4146270837642527,4.862991772063681,3.669912278376774,3.535264381366243,3.8035786927663535,-0.5939671452603514,3.233599967473623,1.9743978438551202,4.496947199750644,3.7558348238167607,4.68415784130574,0.3671101832115464,0.8917642321612426,2.9028529035330446,2.231127230031755,-0.885132629082261,1.4175697093402653,2.0,1.0,2041.281142103786,0.5465838643901133
402,4.961496154957367,4.179434052147769,1.3465497774047037,1.1999282819957728,1.2587698448948978,-0.38502173552479824,0.5708411936403379,1.3654483649294875,5.321106895428609,0.0044920648593041596,-0.5320533930482176,3.872505848422119,3.057288987438032,0.9481783230167669,0.6724732674352363,4.0545531965866966,1.0770957345364147,1.8729657622750486,-0.7733562217719339,1.3004012517246268,5.796323488463083,0.37822711249159713,2.4710797220538443,6.134167307059447,2.6517087198781795,3.5285411270979985,-0.7794290670013561,2.381578360472025,0.12315933004669563,2.356207845328411,-0.5645309316356718,4.449720390540985,1.9169425085246186,1.6737174024165316,3.8987501855248743,3.129318755604056,2.1901157426717903,3.2701873245345996,0.543479779487139,4.573096125735288,1.2992936716233952,4.151469422004991,3.706963952152294,4.203019288771924,-1.0014421464024157,0.5351250918615584,4.3301382887101365,2.781893823293419,-0.00015412304487177897,1.842682518688628,2.0,1.0,2222.1132458239954,0.11141728439277793
403,5.298362607209207,4.305203231979773,2.4121986406226097,0.8839865753600533,1.4734678745221685,0.08352428060430617,0.572301676307069,1.8417355321440305,4.855489459044559,0.584041204636708,-0.3930004628198368,3.5765669906615525,3.3289119116511148,0.9806360911098706,0.9551713261568459,3.450386992469228,0.2565885287239009,1.6783147616357366,0.4344589981403493,1.3081284092346845,4.81260862430471,-0.5820711194517747,2.19978611987822,5.114666270326191,1.1307621351057833,3.395098831184539,-1.4140761198803604,1.7103203064195018,-0.61568370030026,1.1310442258054523,0.025089278120268295,4.550044031658826,0.6282824097961436,1.5001017761048931,4.5811930916957575,3.3774537059604977,2.452003435939931,3.1552378180031675,-0.3805202082513482,5.065576079549443,0.6969783268937608,4.219378101016498,4.254657422864819,4.630980723118711,-0.38655100305995144,-0.11297791228577106,2.9953738751799968,1.4171857662530998,0.1519023128591937,1.5799901395575027,2.0,1.0,1356.820021533054,0.5622600459187289
404,5.060099049095516,5.157610670438236,2.126395504819135,0.7634779676686525,0.7923423138882275,0.37618690036971963,0.6637378317021312,1.3407254694291926,4.624734898606242,0.3544663409367612,-0.4191101349443287,4.359783719736158,3.055839373177878,1.20193104279509,1.557776879466291,2.9372982361876154,-0.6561914927671191,2.183081213461965,0.05625174536354105,-0.24199521401906954,5.306609648775272,-0.3823781018507103,2.280194166682468,5.378923187738835,2.4453203162365327,3.024755679595365,-0.44395944752937905,1.9841008889602443,0.5101055886675023,2.3449157044354467,0.42271453196099124,4.856672983751991,2.315225401276334,1.6561446398813044,4.72044671999024,4.07260064921957,2.581877702348056,3.5236110131378764,-0.40030953632354604,3.9749421711993675,1.6925023466080034,4.655613743228845,3.892529395258512,4.457490395064875,-0.41744412225870453,-0.17246200626882055,2.5516299926223835,2.706524536203439,0.1004559811719207,1.9392095387375432,2.0,1.0,2265.1889307412607,0.04706983213131047
405,5.564961553794275,4.967912206750555,1.8402358325325943,0.7371468079959004,0.3038152008199282,0.7712587028597286,0.6994246890981943,1.5892979524882196,4.261150104911553,-0.1061340583139028,-0.36010072660641523,4.6767807977322,3.0002518068699215,0.6196911572789372,1.827501358310632,4.002035918306455,0.595830250435313,2.5152195442397547,-0.3167240360109032,1.5015824052005813,5.208979989308211,-0.2895213082338125,3.4567018807252112,5.227245585013045,2.901050744584735,3.2158063416250715,-0.969704230137358,1.4042626891247518,0.7150273227803129,1.90359637683209,0.6661119262602121,5.213875054147935,0.27716445025970415,1.0006899461075334,3.9432141128407077,1.5437220525722193,2.3178147209729607,3.4530766073390953,0.6316643335194486,5.324913237667577,1.8938127101077336,3.4352254299598375,3.0126927068923415,5.0643672907526565,-0.9001755877082781,-1.2287984678619472,2.937650963716018,3.0840058502083876,0.3319239926740194,1.915820097915824,2.0,1.0,2000.771698930644,0.15413237980097272
406,4.844839880339093,4.973687716703112,2.9557508931084326,1.2838765805624532,1.4066223677192518,1.5186274013827545,0.019563696611172965,1.114574997855165,4.419401469480406,0.3946744761919343,-0.24358166297525552,3.964355377837498,4.417932894500793,1.7869570092562546,1.8300012345651675,2.855255540167253,0.36565743233934644,3.044906804732224,-0.1175762944948612,1.3580011166608816,4.982665960987221,-0.1033941060326938,3.0369645107869205,5.311785185302192,2.81150673770579,3.1066067494563714,-1.2171826475199685,1.204227929065472,-0.4541773400139149,1.461818744703053,-0.19218269987509523,4.758640529159204,1.4718853708171475,1.7159198272849783,3.9637294979622895,3.314129653352612,3.912129192923496,3.105636577785978,0.6691475331180771,4.995491475403999,1.0968094905344665,5.237388273985755,3.175636363432759,5.245794526614826,-0.6501532600614148,-0.89518840009409,2.45925391939532,2.7746643937073214,-0.41334749060223286,0.9872129968276933,2.0,1.0,2007.0393094295644,0.739835011964157
407,4.754897304657067,3.9470101760991234,1.804790555249301,0.6208238512584117,2.2705970403902187,0.9324414714283275,0.4735270762289902,0.9323853836281779,4.549511350909857,-0.8252129506682598,0.12682224113874735,3.3411760248776097,4.193424087041017,1.145146316877973,1.4048957496074128,2.6346917186878165,0.58325632360241,2.6583003499817948,-0.6647424691938773,1.4266219453670228,5.5248554774605,-0.3478925579035225,2.9718492728238814,4.518491855476881,1.7437138519997446,2.9134976420644754,-0.6049035106081735,2.162555592864445,-0.30650420325000516,2.675607079651181,0.4584698419434395,4.438050994870903,1.3537329033008811,2.2987851392758865,3.4513207441924623,3.118004585970638,2.492185056623339,2.7111303347099027,0.25991046589488725,3.8288264090736863,1.6694276754018371,4.120822871834633,3.9912997733378988,4.120487357939581,-1.0185538958037228,0.21082509399469196,3.0169753406642226,2.986897268075697,0.2471061787004986,1.7271681260959415,2.0,1.0,1270.1758264835505,0.3240819658911933
408,4.9584644906329345,5.18291928205893,2.7428146645818337,-0.14291857451209622,0.9789206949941154,0.3213497366566468,0.021939786171719877,1.2226373530596497,4.027783787699628,0.3936395667902218,0.4478773934358683,4.064147495279981,3.474064996319717,1.162025005552642,1.9220146901811606,2.6816009590489207,0.4452443046095722,3.004064271303582,-0.254296627796486,1.1022085095408036,4.680445047731751,0.4987543852150961,2.3321419134533756,5.222209136113448,2.2519694240322425,3.1777680096051646,-1.7290485767852957,1.6651849492712185,0.4440910207997122,2.6152954947654337,-0.5390275142065294,5.12282060286832,1.3323678045922565,1.564854262952489,5.00410765847904,3.2099546278831164,3.63609643727097,3.3748573799498227,0.17006969216686202,4.249826283109496,2.716741815491919,4.490251307191351,3.9371220381558527,4.568137887332117,0.5785693988057151,-1.0242319834301565,3.3289853416033677,3.78255413508978,0.7461550193566165,2.2711053640843986,2.0,1.0,2464.3626437336566,0.11863322608075455
409,5.443128461726764,4.378723523769646,2.2231722120772637,1.3395690976618648,0.9869214671997241,0.4120389641821242,0.5616485852803019,1.0836112464112766,4.52467432840761,0.40706998401985356,-0.5963576747558084,3.4933933488588744,4.005858608499807,2.1054728057242693,2.418056750718239,2.8087340483693555,0.3320941092761542,2.3432244282080914,0.08814666435989488,0.10892408112292928,5.4866869905353575,-0.31256731886747324,2.2576213845894086,6.088767254554986,1.8078943353386838,3.7268442402243203,-0.7809470396404234,2.5435568885039523,-0.23354516297442032,2.210192185162031,-0.1594411717312789,4.84712418683333,2.1498386931997375,0.8009325825746709,3.3401328251522573,3.5402864353404517,2.138032702921107,3.0460990918939164,0.05860616775008721,4.645523429373256,2.092517324997921,3.9386646972466064,3.6899977914886475,3.8740941613617643,-1.1543170368922095,-0.40435390814680666,3.438813523421086,2.5748751587479517,0.27339276085172715,1.8024173237441712,2.0,1.0,1704.4926152828618,0.5458297045396671
410,5.49016293549346,4.871979301279517,1.7729784289304904,0.7403881804805568,1.3216519050111897,0.20663020972228435,-0.12869305038826961,1.7621063250242517,4.233328103641851,-0.32296182323381084,0.13034368856794237,3.330051519056549,3.4391908952667705,1.3257312733009348,1.3331495030284668,3.7669505626296855,0.8037002847123862,2.890311933371055,-0.1763142161814623,1.1594308466987706,5.308387207509745,0.04546074498643313,2.502300646414544,5.593294299231528,1.7068038201704547,3.004047250892367,-0.92766086565466,2.3782435053515303,0.12141303299666453,2.5667525753447875,0.30210087298390587,5.103505984973771,1.052416664897813,1.7828247405943707,4.7563792437959425,3.3053013031081258,1.547419139967385,3.01825942224746,0.5469345823718625,4.219395191225006,1.1250323342695472,3.67571404988315,2.416977829950079,5.386242343863127,-1.171424628000179,-0.07088421262461941,3.8178852625532635,2.4844042743838615,0.31059497865002106,1.2948786306589297,2.0,1.0,1918.4779984942486,0.13079100061169477
411,4.714074304144627,4.488583516452386,1.5760548103993686,0.7077457355460971,1.1584790113183905,0.7565335067922403,0.5608615994979685,1.7477136090608125,4.924713209915832,-0.7270564275164181,1.3711993642984694,3.2314838533343804,3.1997444114785756,0.21825339015609235,1.7802647056306335,3.118133471065569,-0.06337714769819242,1.9420906899823245,-0.861766018011851,1.2123495778069646,4.761594457937832,-0.5445068068289051,2.6290782234376313,4.559452078552642,2.3063868655952695,3.4678702124667815,-0.6892491857235384,2.0806209179551276,-0.9543028888456366,1.857034967084955,-0.1483008982711178,4.984985167433673,0.9501370158114818,1.7087437802293892,4.361342905050552,3.2349624737610903,3.1840591323427567,4.067586420482577,0.26264473317130044,4.342418099492609,1.7763164738886426,4.594030373305405,3.699060206990076,4.049386098405396,-0.13026172861184754,-0.6635098648426948,2.326646013525058,2.781437274203849,0.6212262165927025,0.8420834999706779,2.0,1.0,1315.8373142675557,0.5185801928532084
412,6.025759942939335,4.4544907640075095,2.5502217116047174,0.6076323344365704,0.9695851948036419,0.3082917440389867,1.6828253235146868,1.0379185803740865,4.22878124483825,0.9253379363121511,-0.9417464946855889,3.8561269660674227,4.2869060820098115,2.8853038993737785,0.7956151374239654,2.9553379018991235,-0.15509816754353423,3.26752683440376,0.4561083087949054,0.6775344640430105,5.190695639363544,-0.6052302997581612,2.1385141719615657,5.2008452331987955,2.3473451116901765,2.9631690587880946,-0.46780792130349586,1.4699448423901766,-0.0703689485065026,2.804821511038461,0.19868903531445423,5.423978738426828,1.0882891644860557,2.420815886799205,4.184763680614936,3.0833986935920445,3.4728299521775283,3.00533297997678,-0.5007304072475753,4.843928146650103,1.996078444359014,5.142677963403086,3.9499524014151994,4.79559833062225,-0.9613384019043687,0.9332485505640961,2.4303736662362625,2.2256927968246503,0.500608926160705,2.370797601361769,2.0,1.0,2617.423003573553,0.20129131453638244
413,5.317240374221447,4.978016785978447,2.4279616932746557,1.2798252024131274,1.8597313520564935,1.2481926328731594,0.5884309077296301,1.0594392949213365,5.113021717596979,0.3397870786812307,-0.3423138060871618,3.480085515930309,4.2382501817373175,1.273788748197058,0.589288660811234,2.935418632667475,-0.0027672689520633065,2.9868212892555355,-0.14451052372829717,1.2472747154434551,5.302692165044158,0.32761161157559027,2.46460700821692,5.29836499269056,1.713686948259668,2.5614657453566694,-0.8107189115613846,1.4730401302268146,0.17606301478058,1.3722058316157595,-0.3082589890246243,4.499154761592653,1.0437136985740947,2.10149459732395,4.265717916849476,2.7103008888914264,3.155129432582355,3.145651292360832,-1.0203164699132363,5.006453562924355,2.2673907206909223,4.68429744540048,3.1326684070454505,4.0637617105784605,-0.14325133273895557,-0.6298232634850948,3.41484113296591,2.527376426070929,0.39572569190437173,1.3055971535325654,2.0,1.0,2131.892565294239,0.033100401040721386
414,5.865331165486316,4.3848090338262615,2.262239430174179,0.6798679290975758,0.8478992666419931,0.3846711635057219,0.4467384180424464,1.505592074272708,4.099949025276024,-0.04582198250550519,-0.23108674051056013,4.075803126234153,3.6911200631504837,1.3481305259078598,0.9187606950913678,2.721789957058215,0.15576014971152585,2.980632151721907,-0.12450513274771294,0.7413853487370323,5.025438735205317,-0.9172207582735292,2.67802787945235,5.332563095317027,1.9860388246893823,3.509508621747848,-1.5793000901237422,1.298634021878693,0.17999287162873237,1.7649439608947421,0.52680761253756,4.558743165561666,1.6288324427239425,1.7735786414881654,4.521172113561247,2.8613188556431286,2.3564852780086354,2.853844084066217,0.3339156453911226,4.172631650337065,1.3227381481762213,4.892548288463169,3.4762787421197934,4.475846475349563,-0.1159457646965073,-0.22052562495211764,3.155111507174165,3.9465562944804664,0.5999807899818137,0.79860186356214,2.0,1.0,1533.9123088526603,0.766978080252779
415,4.634806633968187,3.9636000115821544,3.1565035238170944,0.42144536879232114,1.3999763848065125,0.5099996904607988,-0.03880395377285517,1.0270859516500368,4.7993570497092195,-0.6586978661519437,0.4608921478741218,4.521558357905745,3.4788080677443105,1.4800367307286046,0.33848509111342096,2.9576499612272307,0.7866415256520972,3.5261169292678174,0.26223027877337507,1.6948023597969053,5.815764792636229,-0.632831787248507,2.684351872055561,4.7989640410677135,2.4588371951960104,2.791403794180593,-1.2941744598179818,1.9934857389571181,-0.44168207711576757,2.0425769046459887,0.7048527656974085,4.807083254287997,0.7117685155083678,1.5392882549764677,5.064946294196256,3.1327064540189022,3.288835152663526,3.7174634683490746,0.5859504230979273,4.4641946553042775,1.9983456333809337,4.521841366350792,3.1598891473087014,4.6623384304244775,-0.4495442682561663,1.035512676107435,3.8074292524295483,3.0431776686412997,-0.11523909432975787,1.774762769476112,2.0,1.0,2500.3171579219616,0.05297638465074526
416,6.249461455028383,5.014415254622513,1.480676249536004,0.13551652952041549,0.35157960888297823,1.0922908291733457,0.8204021975686728,1.5791900481944483,4.2446179885057465,-1.206265937203385,-0.5653371694962008,3.5066892151901907,4.209720191939918,1.0242464726273584,0.637189167226011,3.342301186087994,0.09114538720837545,2.3786515323019595,0.08816020243336053,0.9513401122853749,5.259514765790503,-0.3583384903042938,2.9079645963613676,4.647021465143986,2.3090236043856494,3.5305805535317063,-1.1820701934554416,1.6842112600850812,0.04352516027239764,2.179414307220676,-0.44159614572651085,5.235163905403637,1.1623731573672385,1.9072062249710238,4.4717091955583355,2.8657188563051723,2.6489315986394555,2.864241908883417,-0.25684327509762417,5.077007982911166,1.808583876712264,3.801742552586097,4.750130319008333,5.408147943363503,-0.18803549915080808,-1.0081481002351795,2.2523854920023556,2.8320922141912064,0.06679049845825935,1.0615910707656493,2.0,1.0,2114.0023940938295,0.41035214886851074
417,5.300326809200004,5.097801406656479,2.3305244891451142,0.3036484188198565,1.1048651652286436,0.10973721168655631,1.3727758508518113,0.9084202235447932,4.487611034658921,-0.15260365862509936,0.24056036765555938,4.682020002528102,3.984205455680777,1.2199220863155837,1.2970946392749763,3.705129698009637,-0.4438036291054025,2.643946154429872,-0.2104973521331479,1.9066694731844245,4.94530048851612,-0.1467306518087559,2.53618873353701,5.5026000258202785,2.3934252089064714,2.783654089647806,-0.49547078359780455,1.900190239645752,-0.3183881506917028,1.6168091049067224,-0.21901517033198747,4.479939590614801,1.4758843823768388,1.4228015793647224,4.576764491293696,3.1917552983565467,2.841250789170838,3.0262615031137727,0.20354871483863957,4.914981224490227,1.7888498897324399,3.2169917992210335,3.530048737278099,5.757014076966484,-0.7428054057317095,-0.3580766071269577,2.2213758523572196,2.553278688078555,-1.2671291401823261,1.294891718242694,2.0,1.0,2052.4416689835407,0.2730372729759368
418,5.251161691072273,4.8176610623573195,2.7144163393309704,0.12440883903241029,0.9238568658525129,0.14385575189408437,0.07210623257426096,1.1371999334757932,3.8333552175724828,-0.2563502943526608,0.5763122052588899,4.591745509254563,3.8520143214604228,0.7866542597906914,1.2070318348920221,2.7665547509809376,0.24243257899549156,2.2753856972601887,-1.1305645378877873,1.0693541896131649,5.996829823395178,-0.38746186445329717,3.3036220968222763,4.9515700614558575,2.8434286719748405,3.736890275018709,-0.13243817118300283,1.3542091875239985,-0.47811704050296894,1.2379120836475126,0.08917858849900527,4.930851719552248,1.3425156741476605,1.1892242327313454,4.76100023890515,3.0575698609191866,2.792853050148648,3.4518287393483775,0.21390456237237931,4.909825742719417,1.206744347481835,4.22360545197289,4.670650362455849,5.594833145992583,-0.2517122457795319,0.029368590994462165,3.1745377966320527,2.667078897947921,-0.9105829263083609,1.5647382423204481,2.0,1.0,2294.6976709175287,0.5280078549163182
419,5.460322845935979,4.684140866488601,2.3845358102871357,0.5159773508569326,1.271317556920428,-0.38543588689750274,1.3035593342448966,0.3166667246777073,4.770899975615677,-0.3739891799894335,-0.6312242862786579,4.004511069062824,3.632651730069965,1.3656113790804132,0.8453108771303613,3.2183121259691454,-0.06415209910002362,2.984879842573662,-0.4325537987867426,0.2962066020738089,5.540944573685778,-0.07429415480797233,1.8725577014540358,5.44628863080406,2.9379895995689917,3.3485113951296963,-1.2820568204358238,2.0158458875372984,-0.3138269803788096,1.7222960450074125,0.4933611824100953,3.834381107414861,1.7890731441416228,1.6630456035245564,3.4817394774397856,3.1901775422347445,2.7690821810510484,2.525356678450331,0.7883650417085186,4.106149809106281,1.3740759237672984,4.224062921747824,3.734564198027005,4.812744287759394,-1.2686437819575191,-0.167708153206536,3.747925852888542,2.2452128858184137,-0.03492552460432957,1.9281840385903841,2.0,1.0,1542.6563378376297,0.6755418696950315
420,5.235036014153444,4.561751191619039,1.6395438853006805,1.0465395311507915,0.1351870520910532,0.9822641688011016,-0.7330855453164713,1.1570981364564525,4.7217720721156455,0.4894513700476725,-0.2621513854127563,3.8505547312248534,3.837066258360508,0.8190412757173482,0.5429987490877488,4.139282810096269,0.13289905571446087,2.2729146776032723,-0.55605301130693,0.10080445590354681,5.123528025558181,0.4163919375081543,2.579971834384427,4.84406426541863,1.8894932707537495,2.9499485637391754,-1.2786421201049243,2.231175194357741,1.0097489551704535,2.1927475917164316,0.44804908718160413,5.20267917054558,1.4028583326346258,1.7437987500086052,4.9283657784792005,3.1369761025583367,3.14790512768555,3.9834371584325927,-0.1858603924429152,4.016078929729684,2.4859717097995038,3.7171062081647412,3.6117562389094684,5.003061840979864,-0.5402855804780764,-0.07199747986619282,2.885350235564782,2.2049624631182,1.396673500234895,1.0344463586961683,2.0,1.0,1738.2344035196945,0.48309324536568454
421,5.501151353128321,6.0953971439362675,2.697593362181467,1.1027627607293202,1.1523344764090455,-0.9299301910036788,0.44677880373002715,0.8743401759942084,4.548006920611308,-0.29093116627734,0.3542575299881057,4.569406359590784,3.5649025075566603,0.9856384670420439,0.9383693811737699,3.813658759881518,0.6951485512355864,2.7528797223550034,0.2039351555577894,0.5090764213390381,5.646149266466022,0.015759370560430558,2.169943862363095,4.891619272332945,2.8706162398547193,3.865251044716283,-0.37828663665054985,1.8757278733990432,0.2273775442608837,2.53889440506569,0.6936615135246207,4.450455745796868,0.9280169726320106,1.8489641788781088,4.794793902966939,3.388692887118119,2.440087831301067,2.6662164166081928,0.384086227827814,4.530795462271592,1.4825907690538398,4.371598709154911,4.3098982459644715,4.1254966072899295,-0.3302224275015729,0.02857758415649874,3.0012975874631325,3.0863716319484675,0.49324513776437606,2.279747221183362,2.0,1.0,2405.513343737308,0.4697709527805882
422,6.94663384196395,4.767504418233693,2.8464823311808547,0.5840217641537595,1.242629496818236,0.7574271443510388,0.5022510227606257,0.9374427784364519,5.024520001774412,0.4896371731382312,-0.200364816127839,4.17083876829197,3.3934913062060312,0.7718325938509414,1.9037861037548516,3.88194583885458,-0.8183682799310914,2.472246295151663,-0.06139524772024976,0.991746043721535,5.243790196848842,0.013568341972475584,3.168145573197668,5.270505566908309,1.4330033390271624,3.121465327478691,-0.7126484301017781,1.1287917310786693,-0.23399506528962175,2.366989360676683,-0.15423494356448583,4.996047704066773,2.343063637665006,1.7053154259080845,3.523283225880047,2.940335109015139,2.047163596809507,4.005681012370289,-0.08824673817037579,4.061579077877763,1.383523168763329,4.427084272088614,3.940912093492978,4.81844216849455,-0.1208090029594831,0.08026234023459357,2.8379937344028714,1.763086866258555,0.8028359811387337,1.7579329782468558,2.0,1.0,2447.5445840518964,0.09362642842771347
423,5.3245705919272055,5.421316374884936,2.161014046997191,0.18482965076235658,0.761803277327783,0.7735363138439608,0.9413539267201565,1.529240317508672,4.331803591906541,0.1368868465154009,0.7365334502261986,4.080079857590434,4.17657697037685,1.2745266109316955,0.6024843049597277,3.8229427168146155,-0.42113092089590165,2.121322629704532,0.21025555857313116,0.9728766962961702,4.482891950319663,0.2821351489295808,2.280936141305282,5.043684052057486,2.688105854728602,3.2435416696581756,-1.123011414102535,2.0959770494281815,0.33318556055636167,1.2251042704864663,0.1521507846258066,4.636801595944418,2.0907977172113874,1.8992594820435302,4.047368607723796,2.8150992782202224,2.7491402366429067,3.454309285537523,-0.4352794343991645,4.469997159031977,2.646881745235379,4.85433305854306,4.033354633687109,4.594306405593841,-0.6386286868238576,-0.4318677546693992,3.7445116323217036,2.1981086995977512,0.406105328249129,2.476900512398551,2.0,1.0,1950.3803232504522,0.5683602683542216
424,5.010271507863639,3.7969698436820183,2.2955863027313286,0.3795220994391052,0.5589545090607603,0.5635412581969019,0.3746164207221506,1.4363443990173115,5.852659412677379,-0.8641477857450225,0.19333000753237223,3.9860603649179276,3.37939628051909,2.086110996845089,0.7522248074340362,3.1581181654238213,0.25359346501546987,2.07671475744556,-0.8389170418526067,0.7368334887369914,5.494006899338675,0.10151218985735702,2.3679147350898875,4.576016656398444,2.1480454998135756,3.65357444696183,-1.1729687658248649,2.7857103279929962,-0.10234362355079497,1.93356843592327,-0.5872454971019273,4.936821173233797,2.3964074104660082,0.9934016169836704,3.970027516780537,2.3984873292331126,2.169586859555716,2.8735078061133925,-0.6463529200238113,4.84823362060347,2.0424664184476726,5.208077165217285,4.09422564731037,4.729812154858685,-0.6984129068350984,0.7885284929942724,2.798691493634499,2.6326605324418715,0.11967295494608826,1.4088005389056535,2.0,1.0,1968.4933539844,0.16361860627610625
425,4.869321033650565,4.9459584593204635,2.394516728466724,-0.25091594725652633,1.1132387365768148,1.7293222523177176,0.6938831561486505,1.2846325482490806,5.171459890374215,-0.30942174774215103,0.19065289021310422,3.9848715069315217,3.3842495134516515,1.5448807032751917,0.6278582035746694,3.7214781714461678,0.850919851502776,3.4853767813104795,0.056456055383184545,1.22791761999194,4.762809751846882,-0.05752868837486759,2.3735799966499065,4.504661108002334,1.6144310139081164,3.959447713138087,-1.1184370470265546,1.2533054340073593,-0.731819330560987,1.412819651685832,0.6993870922592788,4.495124408525817,2.4246401795805035,0.5786316431535589,4.3817929691703075,2.363517335051287,2.3952350062148984,3.437913364063936,-1.0414411535665222,3.403031068237061,1.675738503506659,4.83012733675657,4.26101204693043,3.950262656959135,-0.8666157689811465,0.0434230724521909,2.7929984378538455,3.8425549295771946,0.17438969026769996,1.7942906034898958,2.0,1.0,1583.488867439692,0.3922942346057277
426,5.9286878502455895,4.409422710566456,1.8978671452551896,0.926894056171285,1.3323263945029578,0.6422858615610791,0.835930421289477,1.2595918487967803,5.228501833455317,0.9142720898911739,-0.02853822948581805,4.153669751233893,4.240785033302624,0.7678013945781661,1.7184671116791315,3.2341383405520356,-0.6373447828556444,3.6075241974671997,-0.6934357750325819,1.8652629359619488,4.786720309047034,-0.469172142568054,2.348486068004865,5.642272721308076,3.0711994674835337,3.111862715044649,-0.6675637884040613,1.1814560355251795,-1.0029262206700178,0.9266781644136888,-0.4993995610615063,4.246889936904202,1.673476958881463,1.1309080759538919,4.87541649416855,2.5695342598658164,2.582694538987593,3.9291809990101623,0.5934385552737238,4.799071887508619,1.597369068762097,4.573404994022984,4.090304257630146,5.5338079830851115,-0.5493704750977516,-0.3484896871969198,2.2145196205061293,2.0813259223730496,0.2613453954842536,1.5065457935248943,2.0,1.0,2795.7126870075344,0.029286824348808606
427,5.388298139934287,4.817247377713216,2.819421129592434,-0.6787484750372703,0.7234843563237492,0.6801018019351379,0.5392612035122637,1.7333947027738872,4.82452958979114,-0.5008953609366293,-1.2021878109339204,4.131039823641545,2.9493918726280506,1.2809772155933872,1.4955650682270858,3.695863156196113,0.8611627618771185,1.4393817235412203,0.8000046108004008,1.2357750273934445,4.943625277115663,-0.4266813012782702,2.4751101023068167,5.000393373493947,2.268885416913847,3.4316433479362636,-0.2742147907610185,2.456577817835459,-1.4013355461656767,2.1588789517439535,0.1048728188147002,3.8074548693668486,1.1912175141886145,0.2303917148789385,4.330561331392794,3.39746665982935,3.1924837407579174,3.2803626789528586,0.8596109914905768,4.6977015494206515,1.8310514219139842,3.423918877533554,3.622903563555894,4.748322731286018,-0.34697767075877617,0.948726499672954,2.761481592600379,2.8905839722727493,0.7547033410328511,2.564115872041808,2.0,1.0,1692.7380284667238,0.25232286047101676
428,5.080190798226512,4.832463945558756,2.4904290039435084,0.7442173985032868,0.5664461148506904,0.5660985835925894,1.126358188337592,1.329079709108583,4.9100419393501475,-0.281442908805674,-0.5125404390772887,4.0851365861402495,3.6725944665111987,1.4396714187322264,0.9484508956574449,3.032417131118686,0.6568918054456983,2.9567043164026785,-0.3570506706830696,1.001281614846951,5.111406283448409,0.11386339238260346,2.7279583786110413,5.197801965058535,1.857122692157374,3.5730582729439777,-1.3183098387392977,1.2651688196948654,0.3315697237186108,2.1407551566650787,-0.371871739084809,4.572406967300277,1.0871881747256342,1.319931769914904,4.178760768221564,2.6931317708903886,2.6159497849776274,2.878516348872987,0.46272552875070566,4.4363530037741805,1.3945925163794164,4.256864734638396,4.503256340369319,5.071750926411287,-1.2671879078704846,-0.3672629395547357,3.61412434414152,2.7827976356091173,-0.08754830208189118,2.4758937388091247,2.0,1.0,1857.3762404700256,0.6904243256794735
429,5.740155236261437,4.969868577655004,2.308601345645857,-0.16616180602874753,1.2664530166179335,1.3217333083420604,0.5570085903134725,0.6959207483111751,5.501130160902512,0.5020155886572407,-0.39499570457597394,4.576303206232985,3.34601902496325,1.0090496599466916,0.9305237165048603,3.6054705659242074,0.8098821202314148,3.0901961963185287,0.02603016066779612,0.7939349896106458,5.014902991403319,0.5673059166601404,2.3356605446740697,5.394390388388564,2.084096446069201,3.163691692393994,-1.147437864512745,1.3489254731725842,0.12221638197337584,1.3760405736235142,-0.31377918483006745,4.592431716691016,1.869953956010413,1.212290056173118,4.782936312251415,2.6746501395078974,3.398249486345454,2.784469656851212,0.21799664766188712,4.974034890409591,2.5660230122230754,3.934701210600258,3.95568069709746,5.3507283228297995,-0.40616260477827737,-0.3987175936476601,3.3298096467682696,2.876231859363117,-0.07168677714971489,0.9694161694029055,2.0,1.0,2367.7479659182227,0.4467732945793351
430,4.968661714573642,4.813418984208038,1.6152814760701588,1.558123163538634,1.071408926973508,0.24264221419615042,0.7279633716842837,0.5573376450179872,4.943088254006359,0.3639192789002884,-0.9273276537506407,4.658021854012552,3.700253949392558,0.6679801539079087,1.0627081189789207,2.91928185704993,0.5209598925079093,2.444940714310286,-1.1112000146383907,0.8896738324940741,5.0393152212478105,-0.31882652065861106,3.411104437402418,5.995903725550825,2.060883094632137,2.937849112683533,0.09848078736137578,1.20467739856803,-0.6285001686089461,2.2089042974818778,1.0711816136599304,5.281214100878849,1.7371222064706497,0.7100618724454343,4.815879653987131,2.6810883189751653,3.1614828887771247,3.1901278745806767,0.3402611515702598,3.9058512711652607,2.14902342891046,4.105021532845788,3.527009833259764,4.282370109069566,-0.7955912695931985,0.5785222999163996,2.6637946088146047,1.590698507617296,0.22819355167471544,0.9907818693649401,2.0,1.0,1674.3070676664706,0.43736626102118853
431,5.981768971172597,4.874825384151226,3.0940898554323053,0.4835005549593633,1.1891503938271977,-0.4108002310736727,0.9019385236558859,1.2258601383110892,5.262349787436777,0.6064871703001044,-0.4245616822315982,4.154992666502468,3.7683270026588893,1.6252915589485575,0.9236093046359222,3.2850743814584864,0.4508904570479537,2.9156972569726767,-0.34153603281147293,1.6036941499026611,5.3141632961439385,-0.26831361947775534,2.7919212677337564,5.264250579272311,1.5735803811884759,3.6775232790318895,-1.093769020643631,1.9060008360674383,-0.6531450317802572,1.2789809594712034,0.48447924462543984,4.306403734114804,2.2223573986399563,0.8966475084671561,4.351530971980793,3.6079726363827316,2.529898073650886,3.5274841809408497,-0.44157083026878097,4.216760310137737,2.3775085680890173,4.502221214923202,3.5878244428779076,4.81030826352906,-0.745319507130936,0.4370066030009295,3.290925674932476,3.178160886327851,0.9214979015152511,2.054770263741738,2.0,1.0,2625.6232340862484,0.29425972714728976
432,5.431677186769981,4.216595552370957,2.4923492041895816,0.3025500789439332,1.511854990778751,0.5274034565799389,0.5160003297344975,0.5827569835169872,4.748384266799048,0.642209372100082,-0.12913388696698322,4.038836633103107,2.538244471763389,1.4123716234266432,2.36261256477445,3.9845188223714807,0.09999914194927956,2.642603604359575,-0.08748396721145746,1.1267039699163874,4.650992766201145,0.029829641594594836,1.8548342403553335,5.72127544575809,1.3938599997743886,4.064983244477616,-1.465142599733316,2.1168280590638116,0.21155112483886013,2.6426536205216227,0.6400002985580603,4.666927574470386,1.288688675999704,1.0498071798565511,4.6403356495191055,3.1519667120301245,2.9403406804563397,3.258479848789438,-0.5234801866962319,3.881663912906612,2.1766663078300956,4.333655476779414,4.159790670268801,5.016166084922571,-0.32654699289483347,0.18719361869172252,3.9772178612489557,3.3149763565882524,0.8943435179547939,0.594925920488101,2.0,1.0,1910.801339578596,0.6625253480791577
433,4.638952021009319,5.059279609570558,2.7098352342136307,0.026286292181275428,0.20138303526214407,0.7927995548016163,0.5269445567380111,1.2840313165593087,5.073382329431729,0.041334828837097985,-0.34474891443688427,4.032569632327039,3.7831430151203684,1.3597574962788366,2.175965782159415,2.9608507846655354,0.5296903233443437,2.3923766835728446,0.06747368697440176,1.7981762879138132,6.128839668303753,-0.43447774860732413,3.1694995363633036,4.20314593879006,2.366993577920354,2.7981301031324612,-0.7090238325449049,1.9221827579918433,-0.6340175722322132,2.77509578514842,0.13029905043891427,5.139088376369572,0.9495120420680876,1.2535620083388292,4.211174821780796,1.7683835989555623,2.193424631291571,2.4219645039945865,0.27398277901144774,4.7347688090782984,1.4839641220058186,4.420648121592146,4.501845497068951,5.105329876318564,-0.5752970150389333,0.05129773454401777,3.630497986336254,2.778326657157749,1.1876886890420795,2.000023885650808,2.0,1.0,2113.4171457230905,0.22108036754611124
434,4.867946589994263,4.134041540943536,2.795100894728845,0.3650155364776599,1.1001408496308818,0.6466809726870151,0.056981602777667506,1.828703683658552,4.584663197700242,-0.5152485626973506,-0.43336332689504786,3.0836834961118793,3.0737924157787075,0.7225722314821362,1.3262668818980488,3.151867178447893,0.40512164628524705,3.1263408564859545,0.03070224937986865,0.9686787593644465,5.73653789296233,-0.43553214774416554,1.944581241327679,4.8619667339691,2.0553679406142153,2.9569378498651844,-1.188099028432523,1.8394495546353047,0.6175609682773512,1.2000871601246612,-0.07501210133939518,4.12217011548606,2.039850034226662,0.5554496144516179,4.8625453020767795,2.652313835674169,1.565050091483988,3.679543471402053,0.012920631028392845,5.193779218623514,2.7022979911359575,4.433374588821247,3.9763038271690796,5.453662591557881,-0.4426810386942014,-0.35280849029609046,3.296247016662012,2.197799606255249,0.3621653716265828,0.5181638219752691,2.0,1.0,1755.973357215001,0.10052667333329923
435,4.794607506861732,4.284042758257171,2.578333897253337,1.1241555376698704,1.7756716247848252,0.06582567934080491,1.1030514803629097,0.7293833828777943,4.606525516772225,-0.31531324252790816,-0.9247796273398907,3.929131708927942,3.4042663898372925,0.8097101559609925,1.797985608868844,3.6750654684235737,0.0773955892722985,2.857087388670302,0.4368362883581173,1.503007739043861,4.325562478093913,0.2335424794783934,1.8727091327654313,4.582360328118087,2.2305203184490625,2.400420516890743,-1.0143880379721317,1.7420941874076066,-0.4549700976354356,1.8102389359685518,0.7493986303719924,4.3825407258519675,-0.15440799100872837,0.8604972070565621,4.1691805075839,3.5070967319611626,2.153338774649166,3.338985553395073,0.0888900295882959,4.987893461977738,1.5020274508546712,4.518562298769707,3.7589827012062127,5.0825672770844434,-1.1943858847307682,-0.6339687004709212,3.6952868819043454,1.6191067152094147,0.037016900307220796,1.3177416242672966,2.0,1.0,1334.4759656897768,0.450224863594141
436,6.309583377178158,4.454152498115611,2.286838785758776,-0.03190199266245897,1.9936513759841785,0.437517399710788,1.9785051050226443,2.0339209603551507,4.224731655927705,-0.3125432278158835,0.4393776374598565,3.415519285271382,3.175841431449452,1.05577095182961,2.243004421615118,3.8230346638273294,0.47823855780852476,2.618725581603616,0.18084004524254071,0.7851775489030587,4.897966011854384,0.37415634234784134,2.6032618217628256,5.911284724781589,1.8060120886593247,3.233886572033629,-1.2488907833650866,2.484190758735682,-0.11256383405650007,0.575410166677754,-0.4734676745260007,5.669186462290483,1.230172230459334,1.6601362104765403,3.2174035753898362,2.8559695976283983,3.596488562044514,3.2825707865217066,0.2479473878504731,3.644237744898021,2.131465129060502,3.333785779863164,3.6698979501067535,5.139752741529652,-0.012566968039110504,-0.5822090326913913,2.693643600869373,3.0086417163181456,0.32216976438006517,1.7205506586537032,2.0,1.0,1925.701878816723,0.21387120429915507
437,5.205159134935389,4.934857699622386,3.1330921368075764,0.2489456875112337,0.814361280447582,1.0585263738607065,0.6313145701229722,1.788368433519275,5.1942222533991735,0.0068586394440036565,0.6457985937617633,3.6362600416301527,3.8179675864664473,1.2307741303262614,1.4285333488650502,3.580930930718512,0.34463499087145644,3.2169238729377096,0.25839697523575,1.528760779586268,4.9620183834798,-0.3176694187135116,2.854322515799097,5.103467969672274,2.6381377754994957,4.1202644303343785,-0.8663065423886971,1.095694513769859,0.348063355047561,2.5310635695030363,-0.9229820249711878,4.533491623350128,1.7166763679877577,1.249918815410823,4.674149645747859,3.4013163026348727,2.7544168893260887,3.0266883415076054,-0.34966234978608224,3.6454507379510526,2.1080792031468323,4.171680308641174,3.7737592566535265,4.435093042028477,0.02637719016835005,-0.0054954079900565445,3.531444741320142,3.3611059434657165,0.5872417431006,1.705029588003279,2.0,1.0,2095.704994719995,0.6200279426450868
438,4.295965709569845,4.513985733864272,1.6929194448131342,0.8955252629175062,0.937529804549658,0.3855983837400867,1.8763673779580186,1.4464702937558191,4.20701127144606,-0.6854814399694664,0.395575062423281,3.7380295497349745,3.6603751654535888,1.5167519351564407,0.8826596914117557,3.819087454709315,0.5326523584427632,2.1167896655417944,0.41459547532602237,1.3159094646526281,5.280627100450985,-0.2553166191350338,2.81486240375676,5.734701520586621,2.2930751059307335,2.7069491604736693,-1.6915893958397965,1.8437096401724786,0.15971233730172216,2.4947493204285305,-0.21107863107127495,4.588310219887593,0.9196444714061975,1.9719844058790241,4.068948250519184,2.9548082176997497,3.002072988549818,3.471048114172753,-0.21908938621745855,3.5678246558923115,2.134627082210875,3.801143282499811,3.7668240363018812,5.1266447245174325,-0.23597439795268332,0.4898391920127778,2.985426349215097,2.4039779274195294,0.15473911019287478,1.8679995957053794,2.0,1.0,1692.9426192754693,0.14352507643163123
439,4.536330719025035,3.5785306848912355,2.569999487344279,0.7468393602569979,1.3852009406358214,0.3835426608816663,0.6289615623874585,1.2531903300152714,4.94913755066131,-0.10521592635218674,0.31800564922791225,3.635101406817162,4.120346164338636,0.6807451573592993,0.7264887810155499,2.714643517411277,-0.6071305024810939,2.9199621006153578,0.5533376192873339,1.6287284779895117,4.909620724301148,0.09493325938273844,3.383267137265415,5.745534186623704,2.829315297224533,2.870816843161158,-0.7948108345731558,2.5226723900502286,-0.4815954609262742,1.8302597341479778,-0.15701513667959144,4.879665647993654,2.0645576982579095,1.7741982333989994,3.642475199789475,2.0444315361539216,3.380415522368935,2.704911566901857,1.00516490500887,5.598326981335434,1.7932513931613085,5.600138461516293,4.786211433480441,4.748898439113646,-0.9534289606165185,-0.14720323705280858,2.9955698479065043,2.2898861993886315,0.5074838296240936,0.9602255767348074,2.0,1.0,1906.3463126759395,0.6266053370699964
440,5.458220487042325,3.5281359667302103,2.7124122543134495,1.380402676003929,1.1579747086628485,0.47484486156550665,0.7142057010495808,0.7313683355987279,3.9702175087275533,0.8235518661878473,0.2729821500534947,4.050675846302837,4.084207131903138,1.3945260497015621,0.48840997728646574,3.053646811155384,0.10929668665675085,2.0022513409782183,-0.3107623907498691,1.1437081184422733,5.173215002570484,-0.02928565961464559,2.7177363943258412,6.387517792866353,2.1437979628159645,3.344276171439261,-0.3337468103982085,1.357726140936486,0.09772836425412358,2.7056072403717906,0.24342605532955117,4.054181657414227,2.1688673309639435,1.4954140570808836,4.415671832020188,2.425186249206881,3.323677612036725,3.9919099507073277,-0.021875745920797773,4.777830440000137,1.2785214736061943,4.123624519462626,4.281662408624962,5.43461198439178,-0.23562937099566278,0.2176654329636076,2.864579185792675,2.5117184463326323,-0.40212163227568887,2.157572368724057,2.0,1.0,1972.1254184906097,0.48639705666743416
441,6.078901353548013,4.05738685962896,3.2212486380414505,0.6155284999187096,0.7257502187820706,0.4282991131415841,0.16631069928513809,0.3259424016529133,4.716586059758986,0.13713535546964445,0.6352023331164937,3.171615542318228,3.429045773292563,1.8797078134701128,1.8884244359712588,3.203662398636957,0.021547874734989148,2.4468212190100305,0.31124248528767595,0.6814597907786815,4.458918694560321,-0.005789832497467395,2.0864193887229487,5.312969108939057,2.9487735208487367,3.741647826923023,-1.396480194305758,1.8104318963502644,-0.21808587312131966,2.4748094953148394,0.4284211405737582,4.482610506257733,1.1569304580891677,1.0142749410677427,3.9146169745358277,3.4967279274119347,3.3777274812229203,3.4687739623935476,-0.43860101465473633,4.709706536933738,2.1718139867138335,4.637272545041004,3.4740136498689895,4.965314745259862,-0.9692566040521238,0.25410686185079884,3.1920010932590017,2.5236497319547713,0.26926086196077054,1.220904619485164,2.0,1.0,2256.338321649223,0.033399100922842616
442,5.052498502712517,4.773699373239459,2.6686957126226654,1.0737520843588961,0.8655266140907234,-0.08329187849174119,0.997407521598811,0.48097563216537154,3.878162989302645,-0.22702567707023233,-0.9135986385661048,3.1196699936697088,3.6071672779197774,0.691222690062439,1.560929569871202,3.8849172983310565,-0.012258455373778177,2.4273583820605493,0.40210169752677294,-0.08744396988589753,5.593176090603497,-1.1476910235667401,2.677119793959619,5.918304352201817,1.4562694908426632,3.0823825786525436,-1.452389330467914,2.332838416295088,0.5867227919713652,1.8478348991231948,0.19207889378186144,5.434181657513095,1.264816288054727,1.6173428164472397,4.298123506407719,2.89485419438212,2.564649868555002,2.6026284925072005,0.09138294808792133,3.7424108876622553,1.4266733135049805,4.50000711109239,3.18475344868064,4.418204055686612,-0.3159440916593756,0.05546998664157113,2.566387968094662,2.9128319203369477,0.5102122260105907,2.024497299368563,2.0,1.0,1521.474937515497,0.44902010575328105
443,5.74267000124255,5.445287786204343,2.3836674099094166,-0.02927744227097062,1.2777004264391758,0.12818199317036086,1.239703324886457,1.4271587668596926,3.9580197351323805,-0.008699546077399948,0.12010121111082733,4.120449905081128,3.4402380189211677,1.0540852004300774,1.5604499100150544,3.243106191708729,0.2474229045068455,2.852391500405865,-0.07715629809726801,0.6689321437807059,4.678053996515018,-0.3519905124679369,2.4086373348779384,5.151088616857269,2.4688195604409304,4.119187141946003,-0.6682070939730304,2.9475383810740903,0.09715149836895998,1.5613013095905321,-0.31076834905327305,5.06269817271752,1.3633146790029163,0.8572390153504589,4.975705929400278,3.6846172300497537,2.1346014003786946,3.1360143738566273,-0.5476198647796687,4.665696508396145,2.2321258579684145,4.220987769856039,4.51741486637179,5.510387803905136,0.0995380088057981,-0.07020314807618341,2.8578993085109987,1.8240468014488602,-0.4885391604762551,2.733403213348575,2.0,1.0,2374.555851563987,0.5345101878615537
444,5.385469521325048,4.496671706922859,2.3204349659381767,0.9832307080525613,2.159687203888955,0.5171187780477942,1.0799980573521824,1.8907592049750168,4.788293293546071,0.12109578996307027,-0.4735743113761404,3.567846242251269,3.9863779172799876,1.1226286174225726,1.4009989622467462,3.505361616351922,0.4807511142350064,3.0104548082173643,-0.5022158877542787,1.2525184538538092,4.552411740825136,-0.6312500929913483,2.8433119892093397,6.297614923207938,2.010352695974616,3.2470832378381034,-1.1898852642928552,2.280915203529717,-0.2793974020968702,1.9839088152928814,-0.2105403424993334,4.497734765343527,1.5578422409110986,1.5514117769023044,5.213286924186033,2.9642627558806494,1.7669280538172507,2.897685490116664,0.32837992631786694,3.583626598387799,1.0582541646245855,3.7901297258730584,2.9385529975260383,4.496503471113075,-1.0535368848911217,-0.9120736391641306,3.006260305939361,2.601364457693769,0.13517298589372512,2.3075648121587693,2.0,1.0,1588.2298488754261,0.7507140853332676
445,5.944784328746028,3.7229082005930616,3.334508674828582,0.8347013393185568,1.8857427818068595,1.1365506325524857,0.3656875538522447,0.611617253533354,4.17950974946249,-0.4940559267927052,-0.6896896972114486,3.444890628833774,4.749458237126531,1.1954969377095448,0.5463776668981456,3.1075823884651075,1.4471053860417213,1.8144520863947107,-0.09133196105809616,0.47813560296276925,4.990812973114544,0.06267976714020149,3.114265694620135,5.6287892652832845,2.5448343536885933,2.845191961265637,-0.3225548236412983,2.3491822889668392,0.5480335045801334,2.51008671573492,0.6135537996579699,5.145770249581858,1.428297032468212,1.8029876586029692,5.04274920101369,3.2524843841545423,2.8644752300624443,4.463162663147516,-0.35274012784461023,4.358049535724163,2.3009152945160265,5.547724478403156,4.451332395573036,4.575827288299208,-0.871473042071844,0.5928558212543544,2.8143844434077923,2.89844337666717,-0.04481534034359974,1.2798570494668764,2.0,1.0,2540.634139435236,0.6288046870495707
446,4.473750735691038,4.563122212624844,2.520315804382861,0.24440441247959083,0.06565803598813136,-0.10441931590550146,0.6814251511832693,0.5181869662467448,4.94935677317687,0.0758505357840715,-0.7276042662506731,3.4589852961686662,3.9167107433793555,1.7936021802532074,0.5729233875121963,3.86257531129483,0.08780623269501331,2.402126936411639,0.5847256015010818,1.7945660090454467,4.232673621793299,-0.7691851881159176,1.5062964813007762,5.527280560740405,2.6573016680794455,3.747736803292204,-0.910812096822861,2.060315339591532,0.6128309798941308,3.271168236352687,-0.5634382427164119,4.569417820680188,0.8742512867603627,1.5273419241472865,4.853212099321187,2.647883736451149,2.6343295871989,3.460955589745635,-0.3548574957517228,4.677172191477647,1.5574593995378925,4.193516135535639,3.730216964325197,3.9027013664179955,-1.0666579295459102,-0.14061416126015108,3.2812324779536572,2.3429573359951847,0.5375399850909868,2.2063547915959454,2.0,1.0,1511.3881554553182,0.60034437721667
447,5.093309430475123,4.030901556610618,2.189163021342817,1.532796878094734,1.4513294574046065,0.2940229780175147,0.04329716631307523,1.199218477379167,4.273312689959754,-0.7346121554228286,0.19983401986103666,4.635487219631716,3.732226344744733,1.6822485581902744,2.0279997993168783,2.3602145921792235,0.45619485832194145,2.9355022291234123,0.9164726814602949,1.6139075462801973,5.636982737613562,-0.3630103914869167,2.9480143566070693,5.150694987539514,1.435503086802461,2.704288893649897,-0.2635004800780538,2.2087954035243724,-0.3122194373740926,1.6777774816966207,0.035964244003064576,3.7578369531322946,1.6086071093676118,1.0978724713237427,4.328581010368122,2.8170974040155587,2.594180283736585,3.4026605893460333,0.2914917762762376,5.1460291314771265,0.37898933006426283,4.234168463493208,3.176831006327628,5.175862338694559,-0.4994597777148885,-0.5468735977337628,2.5642675619085087,3.021302743240493,0.537695486801298,1.9882361222431815,2.0,1.0,1557.4607229832807,0.39764078066764263
448,5.088738359662864,5.465381745973588,3.358640851804192,0.17268105166244152,1.3164521422391264,0.19662052318457288,0.8253061338744199,0.8495504866575669,5.127201319558223,0.11604868760874762,0.03347945369603711,4.416597252001148,3.505195024366226,0.7228781842590918,1.5046762102729834,3.154291950059721,1.4726582119690954,2.8661840994676413,-0.03309239783792872,0.9846759148610801,5.183117308310851,-0.5221134014583093,1.849088322364943,5.243892540946609,1.5594605184728423,3.0746255924278887,-0.6894384996917762,1.3211559827917265,-1.7956364114125458,2.981381498878284,-0.3980439546968076,4.488357630393484,1.3606809751364226,1.2572684268291616,4.527764237000404,2.27165143095047,2.335688991979253,3.3530392297438265,0.2101694851083937,4.0571395781236985,1.4797847850313701,4.609402180976637,3.774450156594015,5.4638236751298255,-1.4497855062073586,-0.24851004740986188,3.444140276399556,2.8036281153563536,-0.4105546461230959,1.9366821308403257,2.0,1.0,2507.2720393320947,0.034186001322302144
449,5.005921954373705,4.463215492190345,2.486469019159818,1.231684330961309,1.289167693725141,0.10010550725469675,1.4127844636959312,0.8566096182273346,4.266550951330941,0.12218889911707978,-0.3630486882198507,2.8965160566008397,3.7416925473731224,0.7533983402895709,0.4516030075434362,3.8942514414464906,-0.7288309369712318,3.262416335432488,0.522484884631897,1.5053462966536606,4.998296586661952,-0.1155182575398987,2.4355236644338527,5.576590000544853,2.620730264852229,2.4931871573862514,-0.27999489148693535,2.3076206410317788,-0.3264942711789237,2.1271738740564885,0.4358096510156423,3.9265427584925523,1.5224311034297262,2.3586490631307124,4.933175755904499,2.3478921985292813,2.9128399708922506,3.6184187964056225,0.23756452697948083,4.578338271435175,1.2387429240704853,3.711077492041125,3.401447370263994,4.945974565196427,-0.13186516566322576,0.6119913430730513,3.5262679366448637,1.2078871195111682,1.129175486470726,1.8783482433096315,2.0,1.0,1409.483258241592,0.6534939971565947
450,5.087661028865409,3.950689374810128,2.1824286969936186,1.309730682288051,2.23507872283386,0.8450869794043262,-0.352428082282491,1.5763962190558978,5.117164175871968,-0.23322275010846114,-0.9860667079399028,3.86611352349659,3.3364614534943677,0.5872238637127076,1.526118732602089,3.390385322182428,1.0027829094087881,2.22709428172165,-0.20626221410781526,0.852955888813798,4.874314233263074,0.12000989138497925,2.393174101724906,4.908374605184862,2.238527225983022,2.965384805994256,-1.0655054073616859,2.336741143505251,0.3313226943706041,2.2278495012352253,-0.13070232062172438,4.1717583209477915,2.135128877391719,1.2665566597822178,4.421131331162367,2.726286911201006,3.619224424489314,2.698041564576531,-0.9504212484484251,4.214756577743009,1.8165144540367268,4.9209342122259585,2.654752386996606,5.4305409904788595,-0.8934891673263345,-0.2534793898733877,3.2925378662447837,1.139436014342578,0.3485948713754392,1.5445502744486723,2.0,1.0,1888.4223446630267,0.010898995353471275
451,6.126876599226846,3.9302158933433406,2.2222018886011856,0.7214228047263087,0.8784036640575539,-0.40522860164968066,0.47186849695390437,1.085896992301728,4.8395598243602755,0.07397665721821586,0.0038554515782733834,3.4986745788941436,4.531946380797569,0.6993094848227391,0.8300920461478238,3.5995082137732113,0.38644680487512906,2.524376378514013,-0.10055098297765516,1.2806700263246744,5.600003904848276,0.0694535228268551,1.2250402311764943,5.706337046782732,3.351217802627823,4.0497647870329505,-0.6655609314965927,1.708586149978099,0.23541829203113457,2.0576822098365133,-0.4133450449751352,4.905889220640488,1.5875577489178874,1.8507732540091926,5.060436612084392,3.5840685848804377,2.8935412301811194,3.4563626317879894,-0.3151684282978351,5.017736940318574,1.687457345208301,4.579590190903328,3.664722640222259,4.144804031397082,-0.6781669290099345,0.43264161767601045,2.999857097253074,3.462121125191288,0.7688621193122113,1.8694600153390122,2.0,1.0,2631.042330057312,0.44003294857208397
452,5.350758441216956,4.715142701071579,2.7695398791663886,1.341309382974604,1.7673138907438202,0.7041406746335324,0.5522330767286305,1.562582813148764,4.643131123294542,-0.29372267388879125,-0.8076912078556107,4.566548786037691,4.5539074656247145,1.0794733601586983,0.44132956771842036,3.5262691415370297,0.11947661890869507,2.1732602701924977,-0.20143087817501817,1.010197165717786,5.567457334529061,0.1338114782172482,2.367935498093802,5.781990975579108,1.9117384967885962,2.8229115100797846,-0.8606216112635015,2.0446759651343314,0.8451347619458498,1.7759630273183165,0.722944317968344,4.682664193391859,1.2538232800067122,2.0902004902680082,4.0105132882584815,3.2078226363076103,2.871869071414212,4.626364758835337,0.26573108233566933,3.8341114529334512,1.9887371568149208,3.4083812401394322,4.453205576921872,4.505344335168931,-0.6296285809911881,0.36531506709960876,2.421853346948214,2.427367036551057,0.876509046324479,2.1955452735098104,2.0,1.0,2135.0986462956407,0.45343741706004104
453,4.6683818918942634,5.465478846955023,2.0082029458564405,0.435143571685507,1.5058040409956892,-0.4203047733625369,-0.0017731694745453108,1.4334370227934485,4.514563380445893,0.08688242607642357,-0.2768164366331065,4.159466207214155,4.2479292528408665,1.0927048399872161,0.77699485797625,2.8775734517338463,0.8476957565949488,2.8736747147954445,0.42252892353379756,1.7016077794059208,5.398973765521532,-0.7146126665603888,2.881559138894128,6.05120788869548,1.892630625847914,4.361976402178175,-0.42197686108489374,1.9005286358417415,-0.7591189927904646,2.0833150696806033,0.06571132467818258,4.966058634826369,2.0173620121244893,1.3256286717829358,3.856713825377594,4.206660384867938,3.111346917327325,2.6518631577271585,-1.0672612108998072,4.575752970937817,2.0838831534571027,5.0054807295552814,3.3992353868211165,4.461336768069863,-0.9931433265301464,0.49962276283729523,2.6408094075848054,2.241331438195884,-0.5265657477189185,1.9348188067548244,2.0,1.0,2656.731098745988,0.09033466782971714
454,5.379860633301043,4.331971777911457,2.478259731651008,0.7738892851118868,0.8206216840170737,0.45224678023590614,1.2641394973558304,1.7432007704759593,4.9795008038312645,0.3697853982167795,-0.37473104870539214,3.9124348780668434,4.407142615524642,0.9622503176895805,1.3949365564286678,3.1082622053328137,0.6500026074306517,2.515239016213514,-0.8942909995038304,0.9811312912686393,4.34591385830022,-0.13538053286904114,3.498462431728299,6.337434511153179,2.228078707737229,3.804671228874448,-0.9822418188556732,1.828144948800008,0.5752186089060533,2.6696215874378435,-0.11271743385178568,4.147847133313926,1.8101576659939216,1.457599852237725,3.3611929497752335,2.6824458836385396,3.4834853630969285,3.346188073820898,0.018588953416340287,4.370609622827942,1.7058189448802468,5.182731461920602,3.9921313434328223,4.4630680309219555,-0.2138557204825527,0.12652728823223694,3.314407764801623,2.4375846656662716,-0.42504629116229076,1.109363910494994,2.0,1.0,2497.352260705606,0.05022099186501139
455,5.365574729211266,4.210043587656766,2.184623352540606,0.45474262760082784,0.5003628715468289,0.9054902271629458,0.5738262395183572,2.060089258552405,5.118199287403822,-0.8171268267424567,-0.3900868459329978,4.036154502353023,3.5687575645162553,1.9953765127280787,1.4426630525235637,3.3931338217106894,0.48093389826729477,2.791315284953084,-0.5811191230457335,1.463521206083768,5.025004140622759,0.19296545145190208,3.342830559219724,5.072517370790738,2.1248521069891995,2.515519740502258,-0.634429760087934,1.7543198737050312,-0.494174830278702,2.3476506579191203,0.48487838441726566,4.329205526254845,2.068871655445741,1.488228582310958,4.716073190823646,4.234849690458139,1.3470309573852335,3.406517085857173,0.4220326663209567,4.841667193009232,2.0662302651466655,4.0275747395247965,3.4798988618168925,5.196447862825965,-0.4935183480655639,-0.43327834625334566,3.6822786412998427,2.0712268063434935,0.13877744104533374,2.140980886162913,2.0,1.0,2049.855076400141,0.4597793799736192
456,5.307139377098186,4.288907636413809,2.527777477457889,0.5904187309956389,1.0047827780363245,-0.6523439275028009,0.620433621448884,1.6093620850902106,4.269197609251488,0.576916840626058,0.15029218833601782,4.023850629775461,3.675844868045197,0.9975262633219737,2.1265534025496273,4.060402100548731,0.28637526898501053,1.9213992885535929,-0.275154333576754,1.2143669023391968,5.5598011822257325,0.19319561997073942,2.86275547532957,4.361255423696046,2.3311526467599997,3.7970151971261057,-1.1553747075864622,1.9311182371619333,-0.4334436435333715,2.3740271055069853,-0.16151134456396166,5.627846533006085,0.7230039476393548,0.9414473307642077,4.156654766513076,3.412101004135655,3.2397999351327136,3.1284699481072664,-0.579072220687508,3.9728169321549065,2.330030051770311,5.519866035222554,3.2561257821779526,4.26176408354136,-1.0627736252714983,0.3858924124211075,3.3108328485325753,3.0831504590571717,-0.0025462472690015725,1.5302419410922263,2.0,1.0,2089.5612931612914,0.3883882126325518
457,5.178932969942246,4.0836087467645825,1.7124017034653485,0.7664739901337941,0.506335800346193,-0.09913592804790722,0.08284733531739485,1.6310480602292992,3.26119639088043,0.7286174685236014,0.0319618510114302,3.767088060369858,3.5243979946978237,1.6466688773144047,1.0513570631103561,1.8860198117866684,0.8794101876381837,2.605481530825578,-0.11843369684642449,1.5652906707442966,5.590692398345789,-0.2524698856577353,2.183504347060368,4.972076871674957,2.8101327609832873,3.58298692604033,-1.0060395920750114,1.4161213158320485,-0.7960319587242438,1.8164639395894404,0.3396147708305496,4.611397101355446,0.720813535791247,1.8101866796978003,4.368257617594127,2.1021217648152524,3.212160897874652,3.5654889354900603,-0.2540292445663577,4.21374802750959,1.1036277546290403,3.831949513524286,3.2682892974824997,5.23022513175362,-0.7142245504011746,-0.1770674490344437,3.1033330634662746,1.4342565060112829,-0.1351767924096865,2.397453301448363,2.0,1.0,1267.796111047556,0.24113767770811184
458,5.238417436113057,5.060740727924711,2.2307593263318837,0.15239725925990377,0.6424559192904213,0.04560301860019744,0.6463383641428511,1.1936501858945319,4.454069836055994,0.1706365906084311,0.6488732565030284,4.293140790496324,3.914805815671382,0.7397186214039885,1.1510507551848208,3.175848222421277,0.6256340473602353,2.966190581040498,0.08499582757650448,1.35406915117314,4.898656203212494,0.23968504582265876,2.4676362649931756,4.395922935153745,2.213333279201019,3.351620992276336,-0.9236441718879732,2.4205664256237727,0.5252288063587702,0.9491896706116949,0.3575779492536313,4.590797098743752,0.30152313025502764,1.1378250187775167,3.8250674714483055,2.580647004875561,3.3003885416343834,2.6156840309508524,0.2921197329772868,4.326457393182291,2.524136488853291,4.099504997617461,4.202528472203095,4.738382897280081,-0.2624604989883802,-0.16765381955725933,3.6144864972414377,2.127214245127057,-0.41437803281639884,1.3797491976094607,2.0,1.0,1806.3514384717269,0.03183644643730279
459,5.048725837381257,5.035847854919138,3.5511291281425352,0.2907650441211461,1.9540068971658098,0.8880849795628517,-0.7280459365423844,1.7434777576818687,3.3363823850933008,-0.2756224815514941,0.011444327199626597,4.473125611206849,3.674514274534107,1.0008214326127465,1.2484977056050162,2.942135284743062,0.7325746134124236,3.23512707534341,-1.1554088896373313,0.8369368904872863,4.587685230414804,0.25489798810384795,1.7582762368136806,5.077456267293315,2.624532246612344,3.56261824980188,-0.5372481885239733,1.5553585960850187,-0.1428165492204097,1.896361551570097,0.7602114657920394,5.01742501693627,1.2024162218176535,1.2535828733716843,4.575632355411501,4.183493198716057,3.2639836521918824,2.030354118261304,0.3334452159145065,5.061353112419979,1.9184883555628258,4.977966510567629,3.613832543303078,5.458052693180595,-0.17935780856856415,-0.14631075335798727,3.0066948364434336,2.696110418772378,1.13235938111416,2.0697174394050175,2.0,1.0,2084.763509457914,0.5071153091792905
460,4.949877511189567,4.383290317037769,1.996588770319895,0.5497382768065471,0.9146152193981214,1.1590671084508375,0.18036498476251672,1.0036908981190364,4.339503143175052,-0.7087600843594402,0.8834451543288361,3.135011110945435,3.1845671325421065,1.4152889665117356,0.3980190897445971,3.0471744012342814,0.8513384286631696,2.6588713061623697,-0.6391964213355488,1.6220577024149772,5.39212558639767,0.21354197965201616,2.0265095533968203,5.35882989590396,2.490714234692067,2.595655705463977,0.15211451424706268,1.821326782267903,0.055161511258457224,2.0131208948426336,0.19491758315887478,5.097018187015949,0.4378142474940624,1.1415393416074233,4.256806228237694,3.095680793291287,2.1278746338718295,4.329779587630446,0.6541855028961961,4.677943304900196,2.07865088274571,4.79625833129673,3.4225082362552235,4.473588331342837,0.2858254117059822,0.3576075335547316,3.470640785900477,2.254812502797203,-0.55031293362299,1.7427192839848453,2.0,1.0,1687.2524418025375,0.09946854656043494
461,5.608694571603586,5.298974518393092,3.2438076065170933,0.19655916452678646,0.7264669749045181,0.2553656671970389,0.46798389713617883,1.1550326093585253,4.528517719502676,0.08694987117177125,-0.47547036849947905,3.1975151764676477,3.6567298291787202,2.4328622203977543,0.9309300279008241,3.419316973819512,0.8967952461075828,3.4701500194857893,-0.550127286467216,0.7590409557901284,6.255900481171043,0.4643580746525754,2.807109027824232,4.7913867791511375,2.0318715126385376,3.766140000955855,-1.3524652155825492,1.7066118605288372,-0.4939009995663141,1.1154319303100113,-0.2522166876975533,5.286691707983536,1.8693092966536968,1.655399827351236,3.929490319150297,3.3586184991938484,3.3734780657546555,3.3975774999207937,-0.13680030996467996,4.803777535892756,1.998670697375973,4.706435997551882,3.8557941098501325,4.651619091274345,-0.7049205713357342,0.13273250589022878,3.061352246427397,2.167936238504198,-0.4746528041836514,1.5766292387895184,2.0,1.0,3235.767567727428,0.009284675532309895
462,6.180116496982467,4.864757204617559,2.758947509522497,0.05486174881698325,0.9064194407228705,-0.13005729071175537,1.477663023506183,0.9640939548469655,4.86316615544759,0.12753165812310846,0.26538303095342053,3.436021199744431,3.1372172507272427,1.1218388875987264,1.530716304395265,2.825215137963013,0.7508542150181978,2.355884699475874,0.6143960490948174,0.6745242312078221,5.7858297055540735,-0.16357239421473188,3.3739896637861295,6.211373408675506,2.3995785431551715,3.512971808816346,-0.9787036764603436,2.365936965750057,-0.4605469665867373,3.045044187482359,0.15450092981910613,4.3204828972933536,1.5141265331511036,1.0983130131490553,4.967997570415393,2.973604028084812,1.9510864518205122,2.897281134662322,0.5738940599931135,3.2968293991026894,1.9253949416406042,4.126322644947476,3.470766948212069,4.219534656482528,-1.659623679306244,-0.050721908462782794,3.490250691125419,2.2209305270654705,0.29352521593400543,1.123304904583115,2.0,1.0,2101.8433845339023,0.22133327094282507
463,5.19737580115051,3.516986511976576,2.256881728017514,-0.19269951607403668,1.3042941465359914,0.45521541086826967,0.7089081111552371,1.2492965101490476,4.195859519737796,0.11008492541466083,-0.3461045805869024,4.035171005440228,4.192577247994043,1.6586596991993459,0.7445052789532267,4.035951636548414,-0.10127334983981878,2.67313828827982,-0.8286337717318114,0.5543142191847946,5.1996912465144005,-0.737308950402912,2.1033061437821763,4.806126203578713,1.6434207484324843,3.138654665646431,-0.9827996401016664,2.3715395326556816,0.23962236836967055,1.906811747613193,-0.6355951872559151,4.715000723972364,2.646062408633961,1.0962079119396566,3.9951518742473047,4.342251755287458,2.934810215188728,3.6585881506879034,0.7452911592544986,3.9973235052205123,0.6846470143000913,4.9556146968703345,3.6894504185852774,5.597510005427998,-1.0880866472162665,-0.19114341659868364,3.040523806294682,2.5031686700176623,-0.2156219754762574,1.8584311739730843,2.0,1.0,1977.0457756636397,0.241236432075329
464,5.984985363902399,4.597378647005201,2.5055526834662043,0.8755444258196223,1.5868972137043897,0.6937961993197309,0.5582076041577896,1.3004291013118436,4.581276433474687,0.8014510770138037,-0.3942301175654766,3.1657234889130974,2.802540939254335,0.7168381866126741,0.7773917173759517,3.431903519458684,0.5701711108733514,3.294335534860316,0.17249803720713203,1.0276109613708535,5.462623936553186,-0.24244424639614048,2.8309795637435085,5.285179724645377,2.389257056066298,2.779625068722005,-0.5044770750791207,1.94475169009584,-0.5481392298791147,2.0962845698759764,0.10278835254232717,4.090267772619065,1.5702388966248433,0.2832953816032884,4.073226162301223,4.18734657030086,2.9871771922102743,2.7812798675279202,0.4029249016341044,3.8724227090253986,2.1297431934858837,4.8738732563947424,4.070398489226685,5.486842810311589,-0.6747985167317877,0.6777755718234084,2.985375301341264,2.489485958420723,-0.35910830029039953,2.687418300346583,2.0,1.0,2205.7705202890875,0.1442541052026754
465,5.8040037697554565,5.2197030375616285,1.602695605036379,0.253182852758027,0.8874569022363021,0.08924823008368599,0.9215624352901348,1.9610443606346841,4.354114637526499,-0.07458694200651458,0.04985717626776329,3.911873283821138,3.6822518446327672,1.9252206155710223,1.19792245973233,3.633089153114166,0.725416844696559,1.9858763660396035,0.012919090662159793,0.5408597153707171,4.8440472140064665,0.11593182792566487,2.1984180882581077,4.695635435974434,1.418567063892585,3.2087615697721934,-1.6820385331696581,1.6982935628335805,1.0298190574016906,1.9714644451427918,0.2683706090063938,4.891384440176157,0.5494592494271192,0.8443135948826034,4.392312003742986,3.4981025524266602,2.9604714241194587,3.3348663742317797,-0.33653081679811264,5.499389060706621,2.5181550437124605,4.571180766124948,3.3071615464393864,4.250733356778599,-1.0770359714691702,-0.5551128662043668,3.3447850781330093,3.010470040229479,-0.19629940995065126,1.1114553112879102,2.0,1.0,2196.4392149444116,0.05358237046517367
466,5.556442261495412,4.951619741800086,2.0481262775560936,0.4215517624686192,1.2826022306894664,0.6195131469373206,1.0147718676057171,1.5370174890499468,5.119398663986118,-0.3650691316817143,0.048578910757553995,4.033135288676298,3.2971564632677155,1.2799077680584618,1.2302386783813868,3.5798330535055354,-0.4723229260432765,2.17856285772768,0.6577656077271551,0.9199767996653379,5.01544843379674,0.4776889241392115,2.869935716511991,5.72153236996197,2.5963682504350576,3.4847637030890595,-0.9701626626272496,2.2088416147881924,0.517416407093686,3.239113527960952,-0.49222971322372366,4.637558805711757,1.296683398494017,1.7983118496023998,4.696106722240397,3.132534484753197,2.213000297100548,3.7339257827762724,0.14694907670507604,3.9457272402026153,1.3478898937571957,4.079077056722947,4.606441755212004,4.559033879866146,-0.5600219310314068,0.4318373466593766,3.212004319674577,2.5085309337019592,-0.3666403809100306,1.5256158872785563,2.0,1.0,2147.227288538339,0.6233871628208216
467,4.94574148015279,4.612118589378509,1.9307668483152043,0.3398743364357905,1.0356470305210876,0.7857150778723461,1.2240221436847876,1.980524862782774,5.194105857989198,1.1284371552636288,-0.8547563320051302,3.926338375934487,2.8132465712954207,0.7468916732234954,0.6142383327535738,3.2844992253063996,-0.12713558316221008,1.917781260527839,0.17003012169482085,1.342600462241211,5.183832910077464,-0.033035799975103364,2.606961468188167,5.841456716956684,1.840253168327812,3.9145500155572384,-1.0826445580441715,2.4335033891266753,-0.7365724400478965,2.2998009441208285,-0.22012203375827932,4.881279947252357,0.16898402996146644,2.16364358095539,3.2741971512343864,3.7534001692026555,3.745383090108241,2.9469102776618428,-0.2140128189739729,5.270292308873233,2.35969524723374,4.689333756577771,3.2363555735149445,4.293985569992104,-0.5590077866884826,-0.10804209767034546,3.1175698649023995,1.8844087037070658,0.29288149116646,0.7913985516630155,2.0,1.0,1871.0871939483764,0.32059877938265297
468,5.85497605926691,3.992809287226101,2.4345364626200228,0.022699520395445538,1.4975186159417162,0.10331138502049575,0.5099879849892823,0.8243109700248451,4.903615419159271,-1.073260664585647,0.32620380820111383,3.8566404694889025,3.2486571522127745,1.4121872924657952,0.8766025082887485,3.6051690533542327,0.06288828247283035,2.236276621019809,-0.5548633263540538,1.213542479510396,5.236058806021416,-0.5420712150660163,2.248424466738537,4.902419703020417,2.2797527958449306,4.052622133126552,-1.393339360153897,1.6974431807200379,0.7310491313475797,2.722671460757527,-0.27073463386578517,5.985160053154055,0.9123635901111878,0.8695182232944004,4.610582100200483,2.6980961972071795,2.6306800562603567,3.488680912123038,0.12705700268509448,3.993658020113947,1.7941655669387055,4.983507351570501,3.82474567640319,5.103125323790321,-0.4809900822302365,0.5577699276035152,2.9223132929083606,2.836309182471562,0.014604626611388338,2.2919518148648477,2.0,1.0,2412.1052680395974,0.1966518810454023
469,5.622774889951917,4.262376328659773,2.4131119987109018,0.7825680923597107,0.3189896304543314,1.034973670471037,0.641423321757627,2.1427696788802812,4.0631270854057275,-0.14815315006956004,0.08427549537370449,4.039497020701545,3.802650824916529,0.550736110135159,1.6302419922295335,3.488301005749039,0.392436465749178,3.397674205691616,-0.5319993341258297,0.700233761527533,6.179127241900174,-0.5059177753518352,2.9040022768795426,4.767404819922851,2.197814724703956,2.478779413022097,-0.78767501683259,1.6047957720521988,-0.618539357244494,2.445869670844969,0.5286740191276538,4.961638250783521,1.9152245834859727,0.9516338506023425,3.92610218455637,2.8491391080080133,2.343098736595329,3.3515889788910322,0.4578943698446285,4.244387478187939,2.177710939380721,4.918198580055318,4.947838753617874,4.206807446570006,0.1329485825686243,0.38669802113790436,3.292927525102612,1.9475879536111267,0.22826310246066817,1.1387086790319576,2.0,1.0,1938.2659840251988,0.4190177502848009
470,4.888496184423082,5.224710035426663,2.5150196187520257,0.9469938119447419,1.1697261970965889,0.25342034544131015,0.8792101157990134,0.9922224877530756,4.474763479175205,-0.5588100918715045,0.008023334817314848,4.993993250552194,3.710734970383655,1.2074310331576272,2.1605860143567277,2.684119406909013,0.34089861420013773,3.512884922743705,-0.44110737028508107,0.49173112411184383,5.17447403499737,0.3368967681550396,2.152994737743322,4.62566569501595,2.057073162486425,3.9924483889462588,-1.2457532292057618,1.9971220586712417,0.6778097193972661,2.114456723795874,-0.2424609495475249,4.549568050284973,1.333388674320997,1.2263191876867454,4.36150904510298,3.1126930052097275,2.8997810928944308,2.4600213030180336,0.17550956192342224,5.219110032028152,1.866872810404408,3.471807954129884,4.064807716838031,4.946938755687538,-0.24809317566308392,-0.010311058183691877,3.8839726140219457,2.5888610172465163,-0.245365778501698,1.0712623965705446,2.0,1.0,2142.6859175356753,0.20398855511457203
471,4.9105416139956874,4.5580355658419975,0.8176337627497436,1.6417298166932266,0.7251740131446454,0.11754176124210206,0.5570530719904507,1.0144343322796796,4.586317638542467,-0.1939516293667636,-0.19838706790252397,3.4065509387677486,3.618776706749985,0.6800237481303641,0.11677285856269348,3.4234644861191565,-0.2881037095927558,2.950954541866047,-0.1730079802992728,0.9939302021070282,4.876794059959045,0.418667275961943,3.3334420352269087,5.047871970547032,2.0637523583509414,3.059727794388992,-0.3759661445554471,1.7591314560292413,0.2925772121779539,1.1682052002051795,-0.2756595742495232,4.62220529479513,1.3067935561661672,1.5773202182972534,4.858898975093147,3.004520111038194,3.605003080721538,3.5619628985758993,-0.24015700533723955,5.418881257547671,1.3087873264684071,4.615359643234367,4.632066847908291,5.641226104065413,-1.3463997161188845,0.007166899627412255,3.2059478298747477,1.3014271553522425,1.1092394697274175,1.0452336868480412,2.0,1.0,1748.6898507667936,0.6815267694435418
472,5.496348401815519,4.680971588107775,1.245436431884772,0.2454160178703847,1.211664322790736,-0.17166923028457526,1.1319923595886467,0.8325726802880844,5.3887579118734354,-0.36598151586457817,0.3136056668423482,4.1062717427058875,3.6943007222368114,2.5400366269753336,1.7530544369055563,3.2208993207798513,0.9862737287168684,2.3141765601977786,-0.9971831060908445,0.843734410416707,4.376935668695099,-0.5839749877183072,2.717928207126102,5.1352485380158654,1.6787328172089235,3.337011472274904,-1.3017079875138617,1.5565649424039596,0.20017204360115584,1.5289375450086717,-0.5712158445827181,3.9084184963092654,1.0096315053199039,0.7829907778090041,4.957088536610478,3.7602763452101726,3.5661540421078244,3.253850265611902,-0.4946080796578026,4.939818373765443,1.2806281635269778,4.63418355893138,3.9871274857034282,4.998791625319039,-1.3907138319112429,0.1822954244369984,3.463337348700229,1.9835776753374261,1.0195019272690438,1.0433184587917155,2.0,1.0,1992.7543562808605,0.3868028624722622
473,5.008772562184193,3.6631526425877423,2.645132321737416,0.8165024934989888,1.0846143622807458,0.5455192309453238,0.3450794454624469,1.2397511913407193,4.724885201153948,-0.8953166868563639,0.6289435005651424,3.973551295337867,3.2870010529249813,1.633118770352636,1.339238364719912,3.99258468706024,0.33269781885623323,2.7943589341402912,0.030254818457487176,1.4014120555587897,5.3605478725883104,-0.019156183148927836,2.8935062472284607,5.791765216021674,2.750709283275273,2.930404387479284,-0.07094731406710197,2.264159190453596,0.052334134581451516,1.6521443996426954,0.12240144620114604,3.9639680983943193,2.2051417559703244,2.25221998491549,4.5273625408868154,3.8132188956956496,1.9818095397816582,3.386984247312602,0.9910928351063708,4.454754113310572,1.617053192798103,3.8670102676935936,3.475654117210473,4.456967707413577,-0.12263552664222166,0.2843647411142404,3.0432178116872795,2.5210591648992637,0.28825626823304673,1.597741896651226,2.0,1.0,1691.9163328554926,0.4985199609088601
474,4.800414829069526,5.5848211329370665,2.255111682997822,0.36053809794316183,0.6260338569446129,0.7366553447739981,0.5028549650938461,0.04719954468961429,4.635741616905414,-0.3571215287508955,0.5088063456868288,3.2114034365646527,4.4071334606291295,1.0095019606621727,1.4499105835583017,3.271454017257069,0.4212946302622093,2.389921342583067,-0.2852552853937811,0.7430744940832295,6.099597352788536,-0.5233389950022412,2.0996894280209117,5.17693439109655,2.3516934244269314,2.66531580341627,-0.22762171531892827,1.8523244490961288,-0.4052247546080239,1.8064703261066455,0.8982724737468671,4.989930074645271,1.28559422918735,1.2648117121155247,4.651504641656289,2.3810670785130097,2.5662630631468963,4.303248846173355,-0.08567926261733755,4.350108774790387,1.5376549354248137,3.5220304784474044,3.9079576023580276,4.903865425047712,-0.7591492342820634,0.41679408842364896,2.975728488581254,2.2251543236056577,0.14037813711610272,1.5571864987061537,2.0,1.0,1591.9799942676116,0.7784580039034129
475,5.373112120705872,4.232732702302268,2.0483890740206943,0.7009279206512258,1.0785704927407276,0.05918668898875856,0.1577891099416303,1.2848962198553122,3.9656008418671633,0.545489206810792,-0.21879550205226084,3.8963963802775456,2.6779298336580486,1.0273686240679105,2.0388211246257275,3.419463649810495,0.9675380728964632,2.5373475362955715,-0.46689504182281066,1.6477345207073113,5.288367584182499,0.3047129827133529,2.3436891701641662,5.947221255611255,1.2666973348975983,2.458056941355756,-1.4240353272885091,1.5021590056101775,0.705075765446904,1.8728232570497971,-0.7552780656318374,4.7711349634720674,1.5030738525014717,0.5973736556811959,4.674273469366941,3.4050293473630924,2.8396342030730133,2.7969880798679614,0.4224307626260716,4.346502393226274,2.3486036504646917,4.5093759229083625,3.9646969824574,4.372949998634352,-0.6328872407314816,0.7138617288486899,3.62926077326856,2.445891316518769,-0.14281982120265085,1.6660409863306263,2.0,1.0,1683.4102092593398,0.2837980236334871
476,4.676729242061534,4.635884865238343,2.2260788812098316,0.5582631594040035,1.0828014322498212,0.7934325780819651,1.539971794261144,1.3941774562175053,4.410120032765739,0.11271205475050727,-0.4690783292142331,4.4499772915142595,3.425771419002503,1.2460077564241907,0.18216350410383397,2.989524439705924,1.2446272917951275,1.3242340826073002,-0.20825941952872962,1.9139858822537272,5.412352368040548,0.792674820826855,2.788039049205713,5.0398136663340685,3.368720550743591,3.193720656912778,-0.25073028839954004,1.4443985083801938,-0.22457575292772608,1.8197359804264963,0.49095131720606805,5.500282115366555,1.625148161290219,2.2934697887024718,4.729818908759646,3.0710370339894437,2.876033336575737,3.9215034473610464,0.18566935526856881,5.19658327912747,1.7168133636897995,5.165608950433155,4.8169512480871575,4.23205661312846,-0.7318370522850435,-0.30527811115015885,3.8109782056392154,2.8354591527922555,0.672310578286851,2.352101751603575,2.0,1.0,2770.3292735052614,0.17971650737656442
477,5.184174131266444,5.046508186454605,1.9927406887633938,0.9172729849944891,1.2893347410914962,0.6800867440024521,1.58313369489656,2.195877350552177,4.68767220595072,-0.23321210297298559,-0.5485295455235708,4.387682314620574,3.3866487318080454,0.6188793867183742,0.7561236777928959,3.822136568188937,0.8976915503477544,2.818500907787006,-0.5750950967263269,1.1221865444742467,4.770063089564772,-0.054744959673302174,2.4598888528677394,5.358438089560517,3.107887448325509,3.6325214396226824,-1.008990934489141,2.4604271119160948,-0.32925807646878746,1.33925408028295,0.41771971237318606,4.503730451048039,0.9129204577412087,2.3004043732730803,3.7546333872902875,3.3161007036750028,2.8082072425316555,3.54906149572106,0.4873768155816636,3.9782578357099467,2.2225716561906115,4.544253412111868,3.7223154053438683,4.627703616072915,-0.4561360701072607,-0.7356128942490893,3.1985419227370593,2.3595162063860426,-0.1314754797251721,0.4561407842449485,2.0,1.0,1722.8629714617964,0.7829710445011767
478,5.274715489693733,4.146409969637805,2.535127670692537,0.8296279055714608,1.4128310533954753,1.0395122995905555,1.5545646021296162,1.436174501364622,4.266812977847472,-0.4658326610562844,-0.9936646027606868,3.8106091149127517,3.3904725391846453,1.4396894232584723,0.9764137055369808,3.0912892918400523,0.5664709729352994,2.667027640728487,-0.2470265140454791,0.6283009693964186,4.8248153135382905,-0.5713749618219335,2.759678547293189,5.999715135491948,2.5764060219540577,4.455012753502723,-1.034721928355224,1.6859135810438288,0.48140084383226556,1.538845922188443,0.4052203816403704,4.651189652404994,0.8623317232260821,1.597342235034977,3.7091303559278175,3.874336616725845,2.877585960352596,3.5980307036332606,0.07061865673659239,4.018339948568595,1.7612851839009172,4.026857233394145,4.151809400002253,4.552954818157505,-0.3322844263065423,-0.8603652513269342,2.569648358961216,1.9269189565380502,-0.04288140216474495,0.9358072057959581,2.0,1.0,1661.171971506437,0.4696595368006502
479,5.033566758285809,4.545360741444421,2.663040045600865,0.3378288674494434,1.5205874199422378,-0.3545093595828698,1.0273768232176954,1.5877248623379014,3.1738541000546685,-0.8877644628910462,-0.21207223872830921,3.6299626103871545,3.6550007538252234,0.7714555370369466,0.6638000519086342,2.704174728681587,-0.05030721592955206,1.9829201782658163,0.43396820364208655,0.5602387485583091,4.534808314358373,0.20940240327705512,3.1311055149828197,4.172471358734071,1.8208985060967522,2.64118353573323,-0.25380023684788566,1.568037346589421,0.11030749702801948,2.403406361378418,0.7699245972977568,4.570373775015436,1.8298764976895958,1.0299866043021346,3.538960273534729,2.556968098282969,1.9517656859804324,3.550950261921822,0.20132379618242607,3.803543390923024,1.8300587950205567,4.525065588875592,3.942536540754027,5.261526139265906,-1.2814322309637496,-0.1031480204807525,2.709823379070693,3.018060924255256,0.28565784720672316,1.4519787806496385,2.0,1.0,926.1976636539604,0.7853451109900006
480,4.840904292505287,4.139183181197821,2.2669005803304927,1.3470596718342263,1.8602305294649648,0.5945433342299036,-0.47476752069074024,1.4459285170935943,4.708988820957015,0.3311466958257171,-0.5854242020273941,4.40124649186133,4.128448764087241,0.6223311197331876,1.5005584500430746,3.356925294807745,1.1855998214622234,1.7748582215337425,-0.7614474938198131,0.7428036793073627,5.264690578625913,-0.3763377043532875,3.3163337034715625,5.592727080796106,2.072948318503666,2.8925311961554607,-0.9918419129695415,2.0364369711034116,-0.3435521191573379,2.480846013326543,1.089952309015766,5.050070120746278,1.392808043408208,1.9552083371936722,4.407500610960997,2.122534870580915,2.8309938607404215,3.1692828343186337,0.42254594230087084,5.686925065344747,1.6000649677916419,4.363859423377803,3.5243612709976038,5.819621969609158,-0.7966978441641824,0.45133025768371243,2.7893876835138145,2.2410856273982724,-0.23454282609004473,0.9247321441721809,2.0,1.0,1949.5753922548872,0.7749328642523553
481,4.268871228382121,3.5690682740152133,2.734954467032599,0.638927441050412,1.3811527283484268,1.357187308033539,1.392056005016763,-0.05671125263349297,4.660597687433063,0.30850933974905864,0.05378346320544092,4.4007868750630506,3.0741161540622546,0.9337755831370418,1.0573262700584949,4.363639721267624,0.611197515941323,3.6724759152311446,0.054145911447087414,0.7049581583193187,5.1412450698807035,0.03701013813136525,2.999091569222727,5.274773564640729,2.4439264675263037,3.287473872948367,-0.6683474795754037,1.8020211884165909,0.7149951073170786,1.830053668063229,0.19859799287633087,4.948942633377115,1.3343172978311122,1.9140519873100492,4.8723719574340585,3.739166865638241,2.9570656853346575,1.9583023546055411,-0.1224220975757151,4.05056624709709,1.296771799751871,4.361247861665079,2.806111833355827,4.97694332593692,-0.6761481045645679,0.12143590717012959,3.342227045081913,1.5944416331291813,0.31237314786740433,1.7099458779726808,2.0,1.0,1527.607110177714,0.5640831485771105
482,6.299373493935212,3.282986594950152,1.9509481460959335,0.5350988035599831,2.118108923348375,0.5030853526650461,1.7799545050576642,0.8362439653984524,5.273197689801677,-0.7055926743793415,-0.306190663785351,5.084416926761407,2.898430872085878,1.186306963007153,1.8987731856267653,3.2774507088309583,0.37548723569380654,3.0243739800765255,-0.18888545677413981,0.6475918097121667,5.220339357793483,-0.051957893770840424,2.976560927601888,4.48831303459833,2.411273015607498,3.471683747724472,-1.1480337997234389,1.730630498141944,-0.41084471697705915,1.3428796024881884,0.1332118750464188,3.6938818292290385,1.8582217134303034,1.0668746207748545,4.788746822962117,2.519973240069195,2.771133931345706,3.084054958913532,0.7568792381188529,4.455246500630074,1.443663417663004,4.096258580107121,4.072237201801672,5.022471518189073,-0.40203440106848454,-1.1715516000393997,3.4202615289459493,2.88693901554376,-0.0053523153563904136,1.291673832913793,2.0,1.0,2294.9841915980123,0.015508647184798186
483,5.298424404094746,4.632472712695694,1.7587627161014199,0.06468014416806633,1.1333302317545721,-0.7078792904214801,1.1938903600931727,-0.5079385180803906,5.134933883817634,-0.3600048075767618,-0.029957419686080233,4.417495985436137,3.3172352456073284,1.0693666252058591,0.6702115007896543,3.4782587595540106,0.6022900562482614,2.4826194015911067,-0.8081191739705804,0.24135388766784127,4.9314513799453215,0.32297290238283655,2.7693604196456163,6.19942296653122,1.397059069182018,3.651084029202871,-1.1455478560912842,2.2122176422141067,-0.23259369202073696,2.212090538595171,-1.0017784649374863,5.451601669203094,0.954500898242713,1.1915827741257343,4.341817409208047,3.2010373254819964,2.4042597068375104,3.0952690288291786,0.5500046184660223,3.819086571909938,1.8563326022319897,4.259366315564643,3.8973078724327377,5.5113396276958015,-0.3929619396546459,-0.07540049110952277,3.4948798622770547,2.6170359371113068,0.32105384776075446,1.1408946124809718,2.0,1.0,2043.6769626762314,0.4902643115616792
484,5.749740007144591,4.900789200281285,3.029969296975562,0.2877992327245111,1.4761750672181453,-0.2229193474388409,0.6038717159580393,1.0751421120283162,4.690296105981542,-0.11058348647337389,-0.5706738756043263,4.87249756852517,4.340916501327464,1.114373842895607,0.8472657172312066,4.240749308541091,-0.3407113798001705,2.52252976594031,-0.1795228232606637,1.2396148366697477,5.8604805698414655,-0.13170250221495405,2.0690932453012545,5.903380762201797,1.749049111960859,3.447492699760165,-0.018190029403861385,1.6395913281258854,-0.6972097892877477,2.309635271846173,-0.29032574225973357,4.441847736459041,1.2011646414975323,1.254592255700999,3.7757621394304675,3.4446215812280925,2.697693774561396,3.5572769641240884,0.22023850127097178,4.309574600280159,2.1295086599980695,3.988110977805754,4.778265337762581,4.685924345251194,-0.2312361782585325,0.4478175716440293,2.663410207763235,2.7117590413537935,1.049461157939818,2.3178143959882336,2.0,1.0,2834.492931068151,0.1996473352318584
485,4.861796863619771,4.585711680075425,2.8862827923924765,0.935490873126298,0.9652514195328434,0.7009085016970711,-0.34229280111847293,1.5154284725399436,4.634531365685021,-0.3060640612823181,0.4657881623748453,3.7925848273505762,3.658625695671883,0.5212858060097002,0.8473894171318905,3.2412470935256685,-0.9925086968135055,2.745147590758529,-0.4531083187255539,0.1551875405036235,5.323112972331291,-0.2237904543382777,1.313032247183202,5.73549876594107,2.1836335909177924,2.436306127302469,-0.024712518541363804,1.716610244666963,0.5066159014081993,2.117999678874346,0.40010909675006384,4.258074157173091,0.29734904001750806,0.667335659350238,5.2846898611044,2.5418443875748427,2.032106256093739,2.99901610039329,0.5637561034183141,3.789853697642585,1.7583733298853605,5.473946956961163,3.7060991345520304,5.2029975648244715,-0.8251059015282054,-0.20561159932963016,2.5708685679663237,3.704859826945674,-0.07909806098973121,2.875162357964111,2.0,1.0,1869.0784772711693,0.10354856580322114
486,4.736778629483658,4.719924832157369,2.900481115005143,1.3475487464535574,0.4307358510121587,0.3892996037184476,0.6465736895058359,1.05109457912376,4.291931355465463,-0.10624669300791707,-0.6318551750196002,3.6954489788392433,4.092921028206822,1.7832708739431116,0.4389415322190219,3.1609570998051923,0.6183392519164888,2.192091047090845,-1.0500711628258257,0.43015854025346056,6.032952976695857,0.6073012467629313,2.019610976918122,5.033918827329586,1.886256945986935,3.0448764959388304,-1.981328770905317,1.479241323676019,0.0012655436342574392,2.3718424112553995,0.6005894172690557,4.814595847406846,1.7336082497870924,0.5557741878945204,4.05379140655159,2.7449168763700698,2.2911113154272966,3.095200670234253,-0.04924367287613554,4.77652407470759,1.468822097888148,4.053517232738553,4.060511814390233,5.232709093904006,-0.5726565855733762,0.9004857890227929,3.619638599551787,2.595919006,-0.37964980655530023,0.13167874110429856,2.0,1.0,1722.672564043671,0.2930089079224218
487,5.789008040575379,4.113544086494644,2.27464513057969,0.47752324638968213,1.3215356727818712,0.3958068998682317,0.7601666064603243,1.0555124362336197,4.56995829668224,1.154994433018423,0.4868354617884154,3.861246270139884,2.7344418448804997,0.7831517831897414,1.0158721710656429,3.3338076347784154,1.1856548488142615,2.5560670229069107,0.5749017240291276,1.2251955709458915,5.253097433659671,0.009001141283096925,2.57662264098786,6.242484063458651,2.4576666343994855,3.675126393049762,-0.6951320860095823,1.453758888969125,0.089111416854371,1.7315433113083356,-0.3956382948574174,5.843691734009143,1.4245406963527834,1.069981342741971,4.721773968857278,3.186999789077065,2.4717910132977403,3.919512014537994,0.5771229160364273,4.76511547748182,2.6834309888590457,4.5523167513266545,3.677751016861004,4.650247659287592,-0.8811797566486825,-0.16913586276641634,2.5746332221972903,2.724540473770296,0.9034135815763413,2.92111834941041,2.0,1.0,2673.5309301542266,0.1600748040913761
488,5.6197892687475095,4.53228611095831,1.9026032831191324,1.1639626912986916,1.609983670399795,-0.43653524892045925,0.6599814333140026,1.1502789617847817,4.498954218556252,0.07774578166049781,0.3808533318310543,3.6470510849721047,4.039867249327987,0.4586202408948641,1.1508162543244356,2.9495409689298313,0.205429346260244,1.64627741686298,0.42288176497186747,1.093021505849035,4.989415179655673,-0.010460880361129965,2.7364406783044,5.376489381809025,2.133844615980648,3.4780762518596933,-0.9651705939778884,1.9903450457127572,0.3300702652239772,1.8810498284008994,0.10291673712298538,4.965370208894491,0.7568373846686491,1.4289129788076553,4.771256911059733,3.612674877352274,3.510781556425957,3.456352707605143,0.0683083067768691,4.87567289679335,1.366333783977256,4.351180272223636,4.344853412182211,4.73279781115191,-0.7287483487807398,-0.18070469324669347,2.693606855782995,2.6641461160376103,0.025508813040644146,1.0177122744721978,2.0,1.0,1911.768600141658,0.6131851309405363
489,5.445350071814585,4.721951877518442,2.0651495506469653,2.1207384512456944,1.3793933937207028,0.1974057925048473,0.7255708819045145,1.470193643638847,4.934390548714864,0.167883185164168,0.6934778337134162,4.233888039121326,4.286568386130229,1.701676339648583,1.1850021643154858,3.2983353710859182,-0.02253711304619166,2.479363725355798,-0.7653317524505846,1.208341073533816,4.281147076400996,-0.8155043972979621,2.313068831837486,4.9192123880667475,2.394718039061336,3.6930104900732594,-0.8073775992297486,1.9612800762116827,-0.13030704973695917,2.095404085080305,0.5304443714444204,5.917569969231396,1.6330357256988939,0.9254428044670959,3.742479424368568,3.6997264859074153,2.685430941840469,3.3657145431663738,0.8346489498946806,3.312601476902393,1.7601419063278683,3.061321317697268,4.2248279887513185,5.272106349695085,-1.352807675813844,0.15620822669493223,3.331729879222247,3.8631945470681965,0.4743665060655153,1.3567560186442638,2.0,1.0,1863.9052105825215,0.7473449320662545
490,4.584895757533401,5.072075196281194,1.811934219212567,1.7590635452796066,1.1811557401775847,-0.17678617885388215,1.191659373382934,0.8383657252652843,4.259538025425716,0.4890711544349461,-0.026193873256060943,4.083034114077511,3.1850859887768,1.4963371830192385,0.4812072826295565,3.2610264834492324,0.5884122596007166,1.9364742367356769,0.003961923565345277,0.46491505209608386,5.155392988209888,-0.6913166268041894,3.1311594347039047,4.906282962988562,3.0728172005131444,2.052994454820565,-0.4422669222619775,1.240975305699143,-0.15618814043744936,3.2801031983206617,-0.35038797002048067,4.701300531050602,1.8730892853283483,1.2922802420333357,4.898269660331344,2.5504031461191015,1.6179440395628195,3.232950168432344,0.449549289387385,4.94100129229395,1.6762993407373723,4.900792936315892,3.813303268463551,4.451027399917976,-1.007274251325307,0.06306139951939702,2.0710468638173647,1.7590464612731114,-0.3136974804116459,1.3010680392682443,2.0,1.0,1735.609421865859,0.021121918447151167
491,4.059498654327085,4.652565197871553,2.0204969916110187,0.17796941102927943,1.356418813710976,0.9611285857395724,0.32787061416003765,1.2520873465992148,3.575201920585674,-0.5794424241859896,-0.25185217239286106,3.558587146655672,3.1531675654165934,1.4253466348471409,1.0331879925902923,3.159091377108269,0.953060126610495,2.7136099934578684,-0.26346475113032874,2.181522667204485,4.516746418733375,1.267645160154185,2.563087177961749,5.17653401913003,2.3608019207982025,3.5779795885899777,-0.9695883885359448,2.8195858580239666,-0.02949699832476689,1.4601639824852337,0.02230575097231688,4.914782301232515,1.0471729003262484,2.0446839479453804,4.289113202229778,2.9873872164211472,3.439987336952146,4.0131260684991625,-0.48084655372591123,4.262863398855391,1.4974968819909016,3.702142706622933,3.6936669764266927,5.3222046179512645,-0.5161735098489719,0.528194713207331,2.5438316581858786,2.4702857471675337,0.40192174347533904,2.485452878643208,2.0,1.0,1548.4030720464011,0.20485088344614777
492,5.579582892028618,4.714982778144759,2.52670616114555,0.455703380068463,1.6000447373034214,0.26202622859400715,-0.36285963705770885,1.6645019470863947,4.301381427878209,-0.6203800649461582,0.8300156835857277,4.732295379466215,3.7222015019971444,1.9333526430003776,0.823634554174624,4.345846169110292,1.548113279168123,2.155158406985908,-0.5061984326096081,0.7148239253596391,5.569026123067605,0.14962282916959163,3.16497450669135,6.423381069826803,2.0881376017972015,2.406895517728518,-0.035729742725538194,1.9911419958828882,-0.09094615357484404,2.18530282593476,-0.28583046540507495,5.436356615009254,2.4554491216183214,1.7489264976705017,5.277900283123188,3.8101962552508963,2.0499172609105973,3.9585467032595347,0.34939349345929094,3.559803406305997,1.2874532216834893,4.628371109000001,4.441494772704152,5.821271487580133,-0.29841129062494814,0.676273722775198,2.8976344449091584,3.216443776224614,0.4948670046835666,1.6371057421405175,2.0,1.0,3610.987097706158,0.21295843615532759
493,5.864042778090816,3.5455609877963417,3.231071042299468,0.6760875044866648,1.5663875501737723,0.4241480002197633,0.4230437007334577,1.4548638011931476,3.668830456379075,-0.6272373148337458,0.37314029423532186,3.5103113341744434,4.215676212964379,1.3671759772773016,2.0531093740937103,3.3822892690996307,1.3382533370448517,3.1672252191787433,0.24371680497899822,1.6344253317673947,5.180903910974218,0.0234755304664353,3.299180823314492,5.446301575201209,2.8788096031242416,2.583512116788099,-0.5205645795101772,2.683374043396457,0.8787350789698378,2.924774023729272,-0.6228314417061449,4.269113891770082,2.1372217052675113,1.9097477081038765,4.501530310644684,2.7862151680408207,2.7563190906506247,3.742288107721939,-0.5332106816113439,4.368769374736401,2.87848072283108,4.298579907634524,4.100064355958862,5.108946196074955,-1.0135131749915147,0.277538870329033,1.4002510529242178,2.3501638053769205,0.2851958331932371,1.2915695599570072,2.0,1.0,2288.929146981324,0.11386217072009074
494,4.736714624557466,5.0889353468194285,2.5477751482266204,-0.264134981592121,0.6298936559323476,0.4936839048052929,1.0736908627883346,0.8397894664086403,4.483946419141636,-0.1536955668981022,-0.6756388357524334,4.18673961824692,4.280638730590483,1.0595416098836736,2.00496132808366,3.151415298551107,-0.24247609488040878,2.452835805774123,-1.0929818613735354,1.6371432860963677,5.378720311036016,-0.16418632891795842,3.561596331003723,4.3312952123965065,1.960466507919849,3.918702935877673,-0.4893730962464357,2.016504846314406,-0.36176825678752833,2.871607016054668,0.5954523304519876,5.018498711122379,1.0083310915226866,1.9247729954945636,3.2995109109726126,3.7037286708968917,2.544495406183304,3.6318172426657696,0.10081391021976055,3.5833955861801896,0.41560074461494034,4.109120572517506,4.240244971128532,5.830252300591751,-0.5272415381275014,-0.41234841753462154,3.5981131936022566,2.388597026204735,-0.009867977788496435,1.622439047872471,2.0,1.0,1808.7418972750966,0.7611994486637336
495,6.246885483219629,4.0342787161808324,2.584823038598549,0.90034727208707,0.8514244462242694,-0.025161415304590595,1.0495534369843817,1.6676198909138604,3.850933150726779,-1.0285763627827975,-0.3560608578863087,3.990114189789842,3.368320185012991,0.8371167109926072,1.1426191356484654,2.943581111122728,0.37778424248756454,2.871599967718537,0.2996457183954476,0.9301479740887296,6.0981274777658765,-0.5186261504708716,2.2439885928043313,4.833297195105162,2.1135501408596737,3.36999062414659,-0.41656936565798863,2.013119353059009,-1.32779960781489,1.785240923517114,0.37698963066572533,5.4960968719613055,1.4352206480881498,1.759073110183856,4.098054327343251,3.271140256694817,2.1446240238750223,2.453943169175741,0.22825528720998933,5.056669025195004,2.566620093057528,4.169465396542863,2.3000687373095188,4.749295385252914,-1.2712134986104378,1.0236903725856088,3.0825301732338968,2.550344669252076,0.13705663556392744,1.7561386121403255,2.0,1.0,1872.6883376650703,0.1980895620719707
496,6.026862343908541,4.8509762801776715,2.678007718404994,1.863862985815606,0.6557208074724461,0.4374467681749904,0.3930070623523936,1.1659279895432602,3.9347197047061084,-0.3185132232096167,0.4923553851305228,3.8057849059939337,4.248069018076271,1.540309432434992,2.3892062381292556,3.124873619031841,-0.5148205570107612,2.2969311159888255,0.1261170582351695,1.363204274342255,5.483224801609209,-0.5323461385022643,1.5484400252830208,5.310323866214376,1.8375627991772927,4.0745921986095,-1.362273488110286,1.9311651464297566,-0.010365618962366029,1.0164237244006091,-0.5574129306362118,4.3146810634373765,1.297486585019906,2.3380599165397484,5.079724663792464,3.1338048137485277,2.235240828712164,3.398704467158734,2.1328786929210253,3.9934310941937614,0.733526942985679,4.516001135418477,3.789163031295644,5.053726962939608,-0.35810840677391975,0.305024345812345,2.90917282072847,3.268096601103819,-0.17110427790390048,1.707776494265359,2.0,1.0,2156.3976646124142,0.2849489318735316
497,1.493717611167265,1.874162651283728,1.4767781608556798,0.1234227662223959,-1.0690866880908372,-1.9544047828902804,-0.27812472683003797,-0.3905945598505407,0.09069868541027848,-0.08643281679039028,0.22142589528932177,0.17354407017016138,1.043582302411716,0.849498296328365,0.4787283844137584,-0.2956329180952313,-0.8436998879276492,1.8954209648017848,-0.6649038179573186,-1.124795756720688,-1.7367664488511543,1.931482186213735,-1.4885771482998726,-0.7114768271832825,-1.716228620999205,-1.1009202441278183,-0.4254603402255803,1.5845800195225408,-0.6181535520085317,1.9389977491410852,-1.8850718041468184,-0.5932610549195196,-0.47616444318458795,1.0566405254638402,1.755215653243087,-0.7212408141318893,-0.2700962688383366,-0.9194170336341387,1.2042235453055778,0.5529552244924854,-1.7252394661673711,0.4145779054764449,1.1822982337159065,-1.8719673742968128,-0.17820871157626783,1.1606901653531425,1.9543860724549171,0.33585817400386686,-1.8443508094307126,-0.21430836992838964,2.0,1.0,1.5444329540743187,0.03915127045260283
