,x1,x2,x3,x4,x5,x6,x7,x8,x9,x10,x11,x12,x13,x14,x15,x16,x17,x18,x19,x20,x21,x22,x23,x24,x25,x26,x27,x28,x29,x30,x31,x32,x33,x34,x35,x36,x37,x38,x39,x40,x41,x42,x43,x44,x45,x46,x47,x48,x49,x50,Z,C,y,true_sf
0,-9.536029129942314,-8.849177122011112,-7.040929205375686,-6.651832038289757,-6.484738994437972,-8.932249031384789,-5.846338346855027,-7.229719389524973,-5.986386999405859,-6.473565073385975,-7.5415259594168775,-8.026620096946784,-8.872494054822983,-6.716374062226654,-9.410550109207543,-6.419052305302913,-6.5836509011327005,-9.200239041423002,-7.965446037054901,-6.194901427550605,-6.792729396344002,-6.048613560987677,-6.312963275402869,-9.375569684945464,-5.938823527631068,-8.580351980151182,-5.842399844151457,-9.919435434949781,-8.99203013471488,-6.639660991181596,-8.708233446618445,-8.828902657764704,-8.976910835446542,-10.069217671808394,-6.5633556826415544,-7.10832820310315,-7.252008602787268,-5.626132146887708,-7.25591084261038,-9.500452033333046,-9.108434665521335,-6.42099392807313,-5.743844224027378,-8.714039593026442,-6.49435754193327,-6.0103304106961675,-7.528365533554391,-9.16458772482935,-8.50211816267828,-7.13121195867033,0.0,0.0,295.0667620898904,0.9794543545428883
1,-9.78077250333561,-9.046896604964635,-7.087151209158563,-6.497143116561232,-7.100152922322694,-8.818080469792802,-5.955752122180322,-6.77710135021853,-6.183147585760959,-6.0312558492998765,-7.800233062015479,-8.335476860790871,-8.890267425255608,-6.7155580840429545,-9.52358297806187,-6.2259338391796675,-6.897241329276533,-9.614336967403666,-8.241920760347558,-6.1237526517011585,-6.71075863747709,-6.0814911588156075,-6.441203145341512,-9.259097808320957,-5.6279348804518605,-8.29259158109407,-6.401913436979001,-9.809389608736232,-8.49611161496558,-7.047002918771576,-8.552068753706356,-8.99370443818972,-9.206509668620784,-9.51989596851094,-6.4109338799115765,-7.235416463574685,-7.011438202315599,-5.782999618153863,-7.287739251436667,-9.81241604674925,-8.741950044631299,-6.474035475484018,-5.842574734211523,-8.319757006904972,-6.894332488622187,-5.937937007508879,-7.791941965080056,-9.153855086817511,-8.525784692083768,-7.283418397788158,0.0,0.0,325.3467528445186,0.8881786531178375
2,-9.364696924807266,-8.768996201190937,-7.161100474795393,-5.988220831612253,-6.8789788920509745,-8.99128167343839,-5.995700616436848,-7.266843655200031,-6.136698405448105,-6.210917006091431,-7.328038361820306,-8.218826146949743,-8.719791142388415,-6.708892602966258,-9.41336213027041,-6.6819223762916895,-7.002227012011019,-9.50145919218211,-7.70181365825785,-6.402168155739422,-6.5079094953928776,-6.061327865899288,-6.012848761308212,-8.874167867188373,-5.8230143278035955,-8.360765787635483,-6.289078943448622,-9.7463777395425,-8.654505705502835,-6.760232277792903,-8.703481651172114,-8.731028314111118,-8.88089768568238,-9.51807340640226,-6.494907244091839,-7.493116554557568,-7.380159921805137,-5.634363922142798,-7.051595329665331,-9.836412137917169,-9.36041974296695,-6.777293502400437,-5.886569225510821,-8.367407872215644,-6.898262775434632,-6.018125067369405,-7.633201977391094,-9.522260719381745,-9.05361054568586,-7.153984882232439,0.0,0.0,328.75007868919175,0.83663105550186
3,-9.8073412653595,-9.127028409057178,-6.799260137826757,-6.551588307378518,-6.779285888252217,-9.031144355049364,-5.947259579247351,-7.102598209444696,-6.189891844459413,-6.47952442702631,-7.935769048491815,-8.430814501159936,-9.033922851216573,-6.360741240096409,-9.291984801969862,-6.215689217709073,-6.73840812878359,-9.647164441269673,-8.247005589579977,-6.250537986854941,-6.7514236526062135,-5.77285688928183,-6.131049451735116,-8.965873126917517,-6.237903193546734,-8.63978242345778,-6.291511071355561,-9.955104633017084,-8.77651675752185,-6.615415450381558,-8.827325294989448,-8.88086568720062,-9.167821227948956,-9.60373354722009,-6.582216400949227,-7.757348998050195,-7.102918787886124,-5.837190144653597,-7.107489438015867,-9.562670316171891,-8.975729828293826,-6.538095398290188,-5.629678060099119,-8.39875578832053,-7.020699654753555,-5.588221211577741,-7.543193894195302,-9.279042897840313,-8.772393307116447,-6.938643000484722,0.0,0.0,326.1386334093731,0.9105600266071985
4,-9.864583924265219,-9.03818607898479,-7.1469249611446,-6.5325272769686755,-6.675756155340231,-9.217544852054598,-6.270684894924707,-7.025489981363354,-5.987366610286903,-6.241380883602829,-7.755186601057211,-8.41000388725994,-8.827316198792987,-6.939109186579026,-9.39328185686603,-6.27448674588876,-6.731369482187935,-9.350619265358437,-8.156185061569097,-6.5175176166360576,-6.895618427838831,-5.925491800125146,-6.104225114864312,-9.150989905336633,-6.040521679980914,-8.459765945622738,-6.05740459693882,-9.903114009211945,-8.974874399069545,-6.711720392733742,-8.698030636558338,-8.915872627607888,-9.179783216283951,-9.888914789100355,-6.526139290502583,-7.457073961893856,-6.958359991931087,-5.918866511068287,-7.229643356395956,-9.713639133110444,-9.04929372755679,-6.457956729310963,-5.625488959172568,-8.21342055872404,-6.669880575532169,-5.822490484958912,-7.869215314939036,-9.395396045405917,-8.775189340499551,-6.870797043747319,0.0,0.0,327.7356208779293,0.9178159999329892
5,-9.369640115051713,-8.875474039471776,-6.9427531156045745,-6.609890648873569,-6.949520909267523,-9.189374645508908,-5.671224155853623,-6.724940881495708,-6.147098334273114,-6.62767322239172,-7.686640295409758,-8.060030606826679,-8.921540489879778,-6.707158447488688,-9.515554708896275,-6.32817071654103,-6.777999190924045,-9.549872492539322,-8.297881042861661,-6.0266978075325754,-6.711891967770797,-5.980247622219794,-6.3157264556583605,-8.926613207446279,-5.9080909934134995,-8.742713483382127,-6.112665084369117,-9.739482009336964,-9.005652253379436,-6.963995181629162,-8.173521404514478,-8.805126075043026,-9.19903004399303,-9.523613983048715,-6.191201783208998,-7.814900260144567,-6.995071657084102,-5.967770166054347,-7.424900685286305,-9.681582337926583,-9.28499440522161,-6.168771589443012,-5.805373200240846,-8.02649683051465,-6.908648630471168,-6.01393651512445,-7.768608839373328,-9.28572225461222,-8.794022167955374,-6.923057184395278,0.0,0.0,315.7043276774551,0.9300025633180031
6,-9.40292165732579,-9.216862401611722,-7.528038615053681,-6.536213915883757,-6.992924907059264,-9.273782521950983,-6.021806745685062,-7.313793254403294,-6.179692873122857,-6.156667163559529,-7.683614955530995,-8.221701937193226,-8.804737521456605,-7.143991503431848,-9.438532298525498,-6.791554297743323,-7.0969911695833385,-9.554235252264244,-8.094080981622122,-6.28610522036659,-6.307453578464901,-6.045380661194954,-6.131520694466725,-8.725150523004354,-5.854276313120389,-8.651659825397996,-6.049541195365753,-9.481135320165887,-8.424550084170415,-6.765854298870757,-8.694125612413801,-9.371831042404523,-9.051745106540032,-9.69453502676301,-6.671914896431976,-7.346137968759963,-7.323660508768945,-6.125722654205771,-7.217579395277849,-9.828737977455418,-9.298798539986313,-6.838984872546686,-5.329455640995173,-8.435018079213448,-6.628649608435688,-6.099095370122683,-7.27616452919055,-9.114387762877026,-8.929511458055789,-6.8401443257348955,0.0,0.0,343.1978866821687,0.8196531354537997
7,-9.291980452347891,-9.031771722943919,-7.076838899771308,-6.337017661645782,-6.5792780997553955,-8.839344877463466,-6.040211737411252,-7.082391108758835,-6.004258308503763,-6.50467173092645,-7.3857269265286565,-8.110459946154865,-8.792955563239213,-6.990558399908501,-9.52775332857099,-6.628444977420537,-6.678641054039131,-9.727941635202257,-8.07080239784171,-6.127602257646269,-6.52168157444781,-6.163024992929962,-6.380314594177417,-8.696654552280346,-5.8161322520764065,-8.70647365977476,-5.834184893431786,-9.446198020216887,-8.641860904595552,-6.78273019451413,-8.390918819417806,-8.899339412370587,-9.032296906146273,-9.557947856938755,-6.408978907057403,-7.611954743647891,-7.051198008362424,-5.941451526869371,-7.134853731597042,-9.397414526909147,-9.257836788887031,-6.966251086483795,-5.429418533345829,-8.09451628872048,-6.79311815065785,-5.824407209071436,-7.495305299849434,-9.41269393196254,-8.984852036006165,-6.947490879328156,0.0,0.0,304.05352478566897,0.9416403955940424
8,-9.912790750930311,-8.905928253165776,-7.1575113430142725,-6.7130233572142455,-6.448086174681159,-9.315756298805034,-5.814956328908286,-7.071192007740304,-6.15695195269387,-6.534863380576744,-7.6443944066329035,-8.244803451142735,-9.209993462170978,-6.606379512476203,-9.627163805053854,-6.733879965521364,-6.448308178921734,-9.614407594794747,-7.763026796703783,-6.511341579088757,-6.538101759938282,-5.824011047127671,-6.457566501388736,-9.19770566337632,-5.8328054149982655,-8.849086074044902,-5.945492927206406,-9.484650956722476,-8.892021147511024,-6.730920804211688,-8.52990781745688,-8.919144725985312,-8.865041900814607,-9.53811624808716,-6.422575499921661,-7.3732040823007114,-7.131297243076978,-6.27524263287306,-7.321522705330297,-9.163075579572137,-9.277186265011995,-6.320005342512512,-5.728036661114178,-8.202453743887553,-6.758462628817033,-5.846372382426151,-7.698480728720838,-9.403587800078638,-8.398531576598005,-6.859023751648196,0.0,0.0,329.22307655284004,0.8535760233141049
9,-9.42700751045209,-9.126438944719299,-7.244423000516446,-6.696461852128939,-7.081481076633405,-9.176353448155094,-6.062422695788282,-6.797418958011877,-5.786936872680008,-6.17732942466843,-7.673603494040302,-8.346767929668902,-9.150992048703898,-6.506826666302441,-9.347374195490735,-6.920735535493182,-6.647271773646425,-9.417628777046193,-7.914952815238818,-5.943893067179898,-6.49144649953239,-5.839864474119328,-6.610997153509104,-8.865503087601754,-5.572571834689675,-8.403255797958666,-6.284620194921551,-9.547828463184826,-8.79669073995355,-6.9086171553055395,-8.90682660356724,-8.596987158311116,-9.0986224702509,-9.645417350687936,-6.471622331063204,-7.098472466379521,-7.123270058540883,-6.083210317404439,-7.236528244670151,-9.377501655171006,-9.068932277035652,-6.512260212902504,-5.593929086026805,-8.279397585825757,-7.09358228723687,-6.13346399564569,-7.9328453707374385,-9.148057241703993,-8.715430336525744,-6.772274863454678,0.0,0.0,309.2022234176901,0.9431506715574138
10,-9.722696357899425,-8.867073061616486,-7.037848993693922,-6.359034205968922,-6.74223686243356,-9.309553882878475,-5.986128698257656,-6.778984997555398,-6.268063719496203,-6.234593712161511,-7.54127901936069,-8.264517154452498,-9.060732835801852,-7.055532547323752,-9.495738268696183,-6.466770915234834,-6.933187710568281,-9.354017774104953,-8.138391889966522,-6.440431109128821,-6.662317801156266,-5.881829839069139,-6.203174197258408,-8.677471931005677,-6.0551332717389865,-8.865684531985277,-6.298554759890779,-9.605554472040803,-9.252069368867868,-6.834292819524152,-8.583389440050997,-8.972170830476033,-9.07417782471803,-9.79140615371564,-6.715200282499023,-7.59585955844609,-7.556586015257167,-6.132028031012132,-6.9513935404238065,-9.516872992798794,-8.987606356746605,-6.481918185684502,-5.742342456629523,-8.238854416077375,-6.885145921172141,-6.033126750749798,-7.778438498963048,-8.906460656987202,-8.760214478720703,-6.635712588695198,0.0,0.0,316.9096150909098,0.9506140696184361
11,-9.73175143397821,-8.763094222012079,-7.03104022054699,-6.354354905358565,-6.684172140754058,-9.148215999152669,-5.9826815200332994,-7.393930001673324,-5.92375712149437,-6.435120622922869,-7.754293350648677,-8.429367986535562,-8.76727472933596,-6.426443730200443,-9.512190545563463,-6.44234807531282,-7.155053814922254,-9.562962324429156,-7.996812843049939,-6.157492810550611,-6.772843245729272,-5.903906682705218,-5.88918336914596,-9.334970526124922,-5.7274911993860025,-8.688745944295068,-6.240356613564853,-9.52140258264994,-9.016616365576402,-7.079225440423605,-8.676376483053627,-8.842403463418046,-9.111117201094789,-10.003150726243621,-6.190554910300779,-7.330719702415807,-7.045284107395588,-6.088278039610701,-7.253695202632433,-9.830103414302812,-9.188809721130278,-6.578549492802539,-5.616959369008294,-8.185380709597702,-6.763688175413539,-6.013556672871347,-7.953234670375593,-9.246137515272727,-8.656852073560207,-6.797846890160493,0.0,0.0,324.7781664630738,0.9192061132930784
12,-9.76124812153769,-9.104195904536864,-7.317165155414674,-6.4045027641509344,-6.812858239115754,-9.100585595969216,-6.105867444721425,-7.141658128059046,-5.844464364303149,-6.329279333512077,-7.475565660452751,-8.18034818086313,-8.929721803548706,-6.716976828787671,-9.392067079404745,-6.797519492948584,-6.870461212516163,-9.316547403678163,-7.722285252240775,-6.504571239855398,-7.130354315340817,-6.104631719470884,-6.103647969952348,-8.908462682672793,-5.864696796949883,-8.875641967531053,-6.698921104112321,-9.758730553323497,-8.772058626735562,-6.560221787222882,-8.848623511765062,-9.004210467878263,-8.666382988909362,-9.565016864133641,-6.562566730166614,-7.79658250361082,-6.7392098598016,-5.81041789000126,-7.155046482010181,-9.659197622648275,-9.31710079577736,-6.71090871686423,-5.5211012534773,-8.211423514295719,-6.807994817378876,-5.9381996052269175,-7.8363333638756965,-9.02790863418837,-8.61574915151736,-6.766967731037475,0.0,0.0,327.97299394300467,0.8842628803178963
13,-9.605072182843829,-8.86586593360355,-6.925129872756725,-6.420961847411512,-6.8974543278658995,-9.093970034492356,-5.917061737267734,-7.119904182845911,-6.188426012947243,-6.005336384262881,-7.446476808492973,-8.351243461658717,-9.09004088304728,-6.81498704467454,-9.38309487131432,-6.704990479186852,-6.801486218221008,-9.159323995825943,-7.94827634898898,-6.256746569027464,-6.675862377589954,-6.139991430976425,-6.246632511685028,-8.846202509299436,-5.665211979093689,-8.723100765441654,-6.064825690466673,-9.506955715245548,-9.166547650132875,-6.787701452649349,-8.839820523268529,-8.744258854478316,-8.962173427263837,-9.762854856855617,-6.585273526089245,-7.187260600799416,-6.91379778550274,-5.723661669584853,-6.876972015778462,-9.635597565536367,-8.814056462245599,-6.481829620789622,-5.625918106486814,-8.70712871267631,-6.608246563858612,-5.766479965966913,-7.615816456700854,-9.187451961606671,-8.852983516948855,-7.3912123030732255,0.0,0.0,292.3980784327372,0.9830584169574186
14,-9.449447383023443,-8.655931007055559,-7.143151510035437,-6.403754861618388,-6.868079976788375,-8.858018226489241,-5.759636277100563,-7.47613308249624,-6.204571106932317,-6.341002792493052,-7.60024835770363,-8.447630045914483,-9.121605506041307,-6.7377012352370915,-9.227856336279725,-6.423906817122542,-6.60032740181493,-9.616928416368188,-7.967598381121282,-6.316670749068495,-6.4960780502315725,-6.211401214492233,-6.190250582001035,-8.838003435601818,-5.843360244803133,-8.698612326378653,-5.816751243366912,-9.49319078836595,-8.614261192247879,-6.7257180434413675,-8.790546280772324,-8.357552685216172,-9.163825398358556,-9.714579519821472,-6.620110823538685,-7.391224971413546,-6.973542185602248,-5.721062370741266,-7.5694471201675615,-9.57467796280702,-9.08276590466308,-6.642573741161995,-5.623674197075948,-8.414762691763835,-6.814697931960964,-6.021501168979157,-7.625958890700606,-9.0866102545731,-8.198624513345825,-7.118728807368996,0.0,0.0,295.34008478547423,0.970442645206715
15,-9.693727545853925,-9.086469407813277,-7.23817459803607,-6.556319444972983,-6.7302936587801785,-9.128220438198607,-5.906291523107835,-7.564715246375145,-6.271861090718416,-6.253687447903482,-7.476895425463825,-8.143615427093192,-8.963608484599563,-7.050102270392009,-9.614878537179921,-6.458920206426288,-6.7964759320306705,-9.498539976954998,-8.034706360966723,-6.333441261919959,-6.6581137091633416,-5.865896096356984,-6.209521561579961,-8.953032999209345,-5.783421539361666,-8.542885692451287,-5.968501122588821,-9.542119918809837,-8.898643397952595,-6.950699058886275,-8.79571122798631,-8.739787070661288,-9.287650434256564,-9.326196377985095,-6.7000855799829715,-7.47364847986976,-7.406215240748574,-6.314982367471738,-7.255123200797467,-9.490351708457911,-8.788381104966504,-6.211568364278438,-5.798339789281483,-8.407107151925176,-7.032798202807964,-6.04343950220408,-7.624016137812931,-9.253942947735204,-8.421836654708335,-7.069518773009587,0.0,0.0,336.4108922815576,0.8373928147349197
16,-9.389891050085401,-8.784257883986852,-7.017568444017629,-6.410190117603601,-6.816236757724537,-9.007568151124739,-5.903215834753375,-7.16499688828914,-6.3523422044089575,-6.535954600452903,-7.6333487191474205,-8.433810094749166,-9.037381281829571,-6.787426883194089,-9.335003832875431,-6.444702469718258,-6.5829550423756995,-9.617054057488687,-7.885205766148432,-5.842485005291359,-6.410821429163115,-5.824313086476965,-5.960172221333223,-8.895181231591778,-5.7865867526323225,-8.64672855317765,-5.750583775887577,-9.356842903264376,-9.053346113651765,-6.51527793896192,-8.516517804461744,-8.773094432060807,-8.507284373689437,-9.65697109212682,-6.6406658601979895,-7.512148831267859,-7.110550057889837,-5.63678809191923,-7.4893354288682765,-9.401556510989815,-9.205735915124878,-6.360476463024109,-5.908755304607853,-8.108908364704778,-6.973563588010151,-5.810192586358434,-7.958809323560746,-9.114057267676053,-8.622429754414954,-6.966929044086428,0.0,0.0,305.96250416010054,0.913230715305642
17,-9.359606755508826,-8.706494352836557,-7.063780493340784,-6.082159892009441,-6.710061415274035,-8.87030664408576,-6.011186140560231,-7.433854686130041,-6.286625713609868,-6.383743878015311,-7.464296210599283,-7.776746758450516,-8.822828946088967,-6.603038520159634,-9.4932489295525,-6.568037925851488,-6.910450204824396,-9.714567898307426,-7.9282967396498485,-6.2790560157228,-6.845242969358691,-5.8376594299282525,-6.1577072167448375,-8.945462515932807,-5.9272740380620155,-8.482467738485171,-5.766528031239661,-9.86287569716141,-9.118122311102207,-6.7099966511065805,-9.074756140568747,-8.62193723102126,-9.254704497225104,-9.502383783131608,-6.381155543296073,-7.420561121475481,-7.101559832978152,-6.064748041976015,-6.9963460579810155,-9.405859571154588,-9.136345038698785,-6.5609782468476885,-5.448446523779328,-8.221044334248456,-6.749533000364687,-5.8642618347017645,-7.8737430998440034,-8.845570091041605,-8.462749250115404,-6.831244941607978,0.0,0.0,309.0242780418322,0.9089416196413925
18,-9.448301759037834,-8.88220108506897,-7.376279705287343,-6.662504244979913,-6.953280464769277,-9.059228587339637,-5.906108439162471,-7.094776753119973,-6.011479896158183,-6.422103321250431,-7.896486280173601,-8.068821982144694,-9.208574381743519,-6.954654785354907,-9.155322004360466,-6.483199943502286,-7.202025763920089,-9.684564542244617,-7.93110779745744,-6.452038743347956,-6.699950784341869,-5.985025725751193,-6.164251752157859,-8.885131234092178,-6.148924137682124,-8.746173414579191,-6.0423412177288585,-9.837427784211428,-8.888253223375814,-6.755212227025043,-8.73032791054888,-9.01759527922544,-9.214958126111549,-9.501683112216162,-6.582891065347406,-7.623204747287222,-6.973726434583261,-5.752788602007025,-7.265447647462911,-9.734037087239699,-9.183078189329356,-6.457092849589285,-5.749015342155156,-8.36085456768953,-7.096195085621538,-5.911242634698313,-7.492320657529492,-9.071376598739443,-8.480689403736744,-6.771503589449606,0.0,0.0,322.5847232199892,0.9339403772938794
19,-9.677778657751238,-9.036344135797506,-6.912249374832304,-6.539381836092456,-6.7470078409297285,-9.38856639047166,-6.48676170648033,-7.189252756963083,-6.438435643305783,-5.938976030519547,-7.538436435942118,-8.061622077997395,-9.123565303956187,-6.759959513357148,-9.578051176852057,-6.425588041927264,-6.940680405118638,-9.649394900767062,-7.798048805798511,-6.213495366225483,-6.476679603197341,-5.680486911303429,-6.149230758801211,-8.664018861515784,-5.682204296965933,-8.517280450236576,-6.05551452233239,-9.630554590893855,-8.819673910412831,-6.863505123258034,-8.856573628227618,-9.107938614550486,-9.164609744252692,-9.695844249261677,-6.5376278498407165,-7.686288480354319,-7.196603809630689,-5.996326924964086,-7.382811928351042,-9.629025714506287,-9.20355306178885,-6.672646789672532,-6.05700420916585,-8.38414205734281,-6.937808383118712,-6.0451759191809185,-7.757482988824567,-9.159123749875583,-8.546485272221004,-6.845819171292011,0.0,0.0,308.4553470911872,0.976559783496157
20,-9.650456139826456,-8.990289428820734,-7.293205880868749,-6.309626338068257,-6.688086197981893,-9.164370307910337,-6.109328233144481,-7.2395955115812605,-6.076287341248979,-6.4597906648985655,-7.591348412562318,-8.363439051953312,-8.847436264206694,-6.9493521803884475,-9.163275785320508,-6.422571495290692,-6.811758326397186,-9.14300302101561,-7.892658640278306,-6.605673220602681,-6.82470612300275,-5.888941659225147,-6.620020836213255,-8.846188726893173,-5.6133351968108816,-8.935315327759639,-6.053794589525568,-9.708554467056338,-8.854227539613362,-6.827337104123094,-8.869455967886164,-8.842235522082694,-9.064517193314986,-9.531961022449062,-6.704644353557701,-7.591675284281445,-6.670163490361157,-6.112051640618545,-7.193449513537423,-9.74777200529159,-9.197812193463403,-6.216771171372606,-5.7252806143101544,-8.160747721404004,-6.812978033198886,-6.052569617579278,-7.61983116550744,-9.379251481476276,-8.782802284426714,-7.048467633015261,0.0,0.0,338.81496843519676,0.8097336674886478
21,-9.685737902677186,-9.172913675376408,-7.1619362276373355,-6.6508314437214535,-6.709407843069004,-8.961954870363858,-5.679068418791151,-6.930269604014587,-6.067109909619201,-6.1268310420123395,-7.785118416288271,-8.334640480624874,-9.104322685082359,-6.542528250372316,-9.56980952222009,-6.4520571042163155,-6.46583880903448,-9.597389548553249,-8.067212224090555,-6.003120970679151,-6.4770600516704775,-5.8622790138727625,-6.345344754210436,-8.591090805199313,-6.058034539654819,-8.914986359014133,-5.82982529680357,-9.49792717371557,-8.821706570002517,-6.632813004560241,-8.729906322627713,-9.292252759463516,-9.269679947899233,-9.703523535170069,-6.591800711619862,-7.4571505251279815,-7.460704590117817,-5.714427388718408,-7.39701999146934,-9.576125621464929,-9.108827005009198,-6.479745290376837,-5.688628399286208,-8.504413053113083,-6.664563253348022,-6.217723701080026,-7.856132916389734,-9.55264259209059,-8.827169857474683,-6.910650533490751,0.0,0.0,339.52360636239587,0.8256142778937109
22,-9.399492547000694,-8.900693933026615,-7.277491654242346,-6.373385789390593,-6.797347980521882,-9.428559736019245,-6.022030817644717,-6.7402054940441065,-6.0003173278231525,-6.348768532513304,-7.322942525695589,-7.9235699608457395,-8.872000732891923,-6.463967921205719,-9.21283385559753,-6.639197212536515,-6.846116128747311,-9.488096100196874,-8.192175969761655,-6.073049495519793,-6.964220028559822,-5.932586273225549,-6.362591716190932,-9.20710798161011,-5.564652498816051,-8.49698113528998,-5.899077311113374,-9.951638978876508,-8.932902331487078,-6.964281917169934,-8.74821023337473,-8.702757276041359,-8.929031551684151,-9.33284896498761,-6.55782137913294,-7.77424878810142,-7.515366713094531,-5.8606298648883834,-6.972291268501084,-9.487089781615047,-8.85546124378135,-6.287531391037758,-5.745923677026152,-8.280057404426001,-6.868029599394922,-5.705086956460102,-7.5846822036059285,-9.381528913306328,-8.82876890585879,-6.7957709041686,0.0,0.0,326.16904866027073,0.8222354161621264
23,-9.566798064927527,-9.237505013372754,-6.899780625280775,-6.7759686280649944,-6.920965887170999,-8.655701431368833,-5.870480373171675,-6.991213716676309,-5.8438001268480715,-6.57260141856943,-7.624931475069329,-8.521166513462271,-8.86380269351243,-6.701717303102812,-9.410887362757764,-6.581206373253456,-6.602378235221546,-9.715081918807266,-7.8002526891339565,-6.663400569736257,-6.35985796969797,-5.844083628306038,-6.368818012236666,-8.796931313824803,-5.868093483131186,-8.949999738282186,-6.011395238003502,-9.678938968346428,-9.164780974852999,-6.834055575503243,-8.851805593978273,-8.715881443670924,-9.312330785539173,-9.677373784869992,-6.8170590737481565,-7.319473716881496,-6.751280691748742,-5.793365148479107,-7.104538663430942,-9.803635979133428,-9.221725316583477,-6.560294566272045,-5.710183162069996,-8.06835144837038,-6.590396269181791,-5.6791477206393655,-7.753374068509611,-9.701766292385255,-8.621989636735213,-6.857908666298468,0.0,0.0,330.28892241203255,0.8692977045331124
24,-9.621156575427333,-9.250271945085242,-6.929343675860822,-6.31846802343191,-6.7843365571712715,-9.184878471614647,-5.888197349581022,-6.680997085858539,-6.471074907101625,-6.2864100927103275,-7.889178307787687,-8.362813991728336,-9.126986732394258,-6.425042842378509,-9.633913129206597,-6.4056882951519505,-6.514987239928736,-9.649948919848892,-8.071928542881464,-6.174632806875654,-6.8761274977555455,-5.852788643523498,-6.376264556836618,-8.949738632559772,-5.844968859006178,-8.792824523380844,-6.284054130229503,-9.561950719318412,-9.148332255654482,-7.005321060073356,-8.486153296137788,-8.785912154495488,-9.131842187930756,-9.613622159518695,-6.226987580743318,-7.166949907545453,-7.173877237519805,-6.083853753583907,-7.3780685731235955,-9.746970139800936,-8.94798564542148,-6.275051301953516,-5.382741580750567,-8.166672988914405,-7.169214732838899,-6.035512934911225,-7.706816752009641,-9.161885202046559,-8.929588874509623,-6.991205116054404,0.0,0.0,314.8566341014051,0.9526480592728777
25,-9.589744930741835,-8.601069721789878,-7.088706312256327,-6.294219393189723,-6.692527360275203,-9.004109746772839,-5.867364116760021,-6.980754535018765,-6.4218720612445,-6.406340647588687,-7.525872684685881,-8.007986050528942,-8.899806427446547,-6.762404815294968,-9.448534131685927,-6.249336995078493,-7.060821056560928,-9.462770444002217,-8.042779784795487,-6.127863438157587,-6.640099315595384,-5.866319359301178,-6.253053351690103,-9.271173166627674,-5.553578137515368,-8.652649224138482,-6.047757637641285,-9.168528513399767,-8.677083991558648,-6.932030007487175,-9.181960099670096,-9.029645817287937,-8.890761406254853,-9.702897119492675,-6.572992705201624,-7.455862274096628,-7.585441302213392,-5.96507617847256,-7.255975074380136,-9.543784582196336,-9.12793074736794,-6.497545704519733,-5.758859662409617,-8.598415972506013,-6.632178723542467,-6.23476257385878,-7.64254424368471,-9.011429788781031,-8.52189480444379,-7.034839913676099,0.0,0.0,293.6032094341256,0.9843461169634664
26,-9.569542587747787,-8.868794377403352,-7.117028357933093,-6.483124942052488,-6.623674709322838,-9.079714272135675,-6.162797080909219,-7.190753280229975,-6.157339992264453,-6.270033049856071,-7.800277596276024,-8.097504594353733,-8.828232920526279,-6.815597266345192,-9.44293690947758,-6.8040273687711235,-6.913674615569193,-9.551146818729197,-7.935751439889424,-6.488327984243577,-6.723255519471817,-6.011923396951688,-5.675361999031699,-9.022385389184233,-5.854635014889422,-8.573960554780845,-6.472275241962157,-9.684133738837007,-8.88585901747343,-6.9917861279181235,-8.86540461091136,-8.92882440397671,-8.748796723717648,-9.881381888609182,-6.466112133839021,-7.643265838299418,-7.103963405264887,-5.856727371112548,-7.324210829895225,-9.581216236179333,-9.031662655810841,-6.5008596678776565,-5.77282181864039,-8.298741343634854,-6.866660604111882,-5.943757273305191,-7.738984217983524,-9.532998132583693,-8.68764034487347,-6.769250731587682,0.0,0.0,334.0920188098655,0.863266059196611
27,-9.747531532244103,-8.976804340682742,-6.989586305335892,-6.476316063472794,-6.547042555081463,-9.417584268908469,-5.736396612281927,-7.1963320051417305,-6.662182032129339,-6.349528358010958,-7.716594324806655,-7.940683928027806,-9.051408473702034,-6.309599737211186,-9.535562943793197,-6.335462101842797,-7.085738023605909,-9.326263711894315,-7.985126842564463,-5.785779336960452,-6.912226269892155,-5.9858081829496,-6.426034767427503,-8.520033677695038,-6.185427443997324,-9.066766647723275,-5.630520498614984,-9.616960022125967,-8.64854496871961,-6.740277807874181,-8.591747488312784,-8.922741544642363,-9.398564336449628,-9.646367367327201,-6.144052356652617,-7.946331829104501,-7.263157295535645,-5.855283121393928,-7.053356895475651,-9.64593352102991,-8.957184921640483,-6.174159017975594,-5.919264437987294,-8.334311612753154,-7.046739028121719,-6.166512077507973,-7.285094600688738,-8.977766916935922,-8.65648925847468,-7.114257967262633,0.0,0.0,322.2828100786031,0.8908997760904953
28,-9.163248215362763,-8.905008647223028,-7.0500601031322025,-6.258659291423086,-6.394137445637041,-8.76870357214765,-5.6831551304722865,-7.4463691481911685,-6.263770960164054,-6.448132636489326,-7.533846425989388,-8.247258379824615,-9.211503151139741,-6.696520516542131,-9.415145698259849,-6.173675788604221,-6.967487744508356,-9.538544733865221,-8.050113289523662,-6.396110135529167,-6.1237608085424045,-6.023117032037634,-6.293599459944303,-9.048217495716576,-5.867258727755742,-9.037051858897371,-6.191590578344863,-9.492320545551726,-8.877219452761672,-6.961316075905834,-8.501346702693931,-8.908467287816594,-9.486904311666596,-9.644470806842028,-6.714554760294614,-7.29607530889504,-6.806190879575616,-5.947817330416686,-6.88863624957296,-9.487294049308327,-9.258679460688317,-6.309388461660891,-5.675966041261287,-8.246929122142781,-6.8980913355743,-5.795320690752721,-7.853574012218384,-9.133523753606793,-8.997813950500822,-6.806575400990461,0.0,0.0,327.06252994638487,0.8339981150280165
29,-9.713256972366777,-8.854627381783294,-6.9512801974856195,-6.6096362013218855,-6.589270306103063,-9.461218513507738,-6.229772407358693,-6.925454693962115,-6.374890937675959,-6.40951333564574,-7.539596432887953,-8.232736617447381,-8.938238815937245,-6.728624878665844,-9.287834931247616,-6.318624941701297,-6.842617868453057,-9.660295232231933,-8.281541196456445,-5.928672166828871,-6.919119852211558,-6.054797673219005,-6.131155241994646,-8.867764067297006,-5.834661845289195,-8.814817507681418,-5.931298647637463,-9.702316119747344,-9.165610320287504,-7.085060251824446,-8.601315375799564,-8.789279455979061,-8.819179845584745,-9.629291146629718,-6.437485105761224,-7.304642688328537,-6.967386554169997,-5.979091536171638,-7.2892127352405085,-9.327518756087883,-8.897995381981815,-6.351660744922034,-5.5498885366634445,-8.480979940842,-6.367621023288619,-6.039114257949198,-7.475996282930122,-8.914251492606699,-8.613428713252276,-6.64323178154648,0.0,0.0,297.1593922918307,0.9714815527864156
30,-9.508360827940104,-8.78695045023249,-7.241270442158142,-6.243019118224977,-6.833786268033688,-9.225919398033453,-5.541717574199762,-7.106477596925519,-6.111778931625098,-6.178808944096697,-7.497928178011507,-8.216360747487462,-8.877426913286738,-6.484038352445577,-9.681298330906072,-6.17359599773109,-6.936149712423391,-9.628947158118349,-8.275626086164888,-6.452896436707572,-7.025894625589578,-5.787154483349274,-6.036652013867181,-9.34280738559235,-6.018661730522484,-8.567445269686834,-6.220259115406905,-9.69563462665602,-8.907525480643354,-6.869167145569145,-8.414155688827725,-8.522533283156337,-9.079530242467328,-9.596129272955828,-6.46667179149076,-7.571762613802764,-7.342294365232933,-6.1945955499751655,-6.956585907563165,-9.585838790860741,-9.430103815901399,-6.7332982659110945,-5.5108143685208155,-8.28866640977638,-6.696718311165911,-6.146307333206704,-7.984947143454296,-9.473970533511372,-8.51562803654266,-7.031867224833107,0.0,1.0,359.14708740154737,0.6108605480547126
31,-9.619949075207606,-8.776761505818223,-6.9880329516865896,-6.6302860303724005,-6.6899479528887325,-9.182433521105645,-5.899791824481262,-7.057702743894518,-5.972626759414217,-6.359677079954701,-7.494397257179766,-7.802678568503931,-8.976416155724996,-6.430064321550508,-9.566379632775721,-6.544556846086303,-6.910809103031822,-9.785686227041703,-8.036929462451488,-6.378497660664997,-6.726675815292453,-6.201973837967406,-6.450675997703689,-8.543400913261532,-6.000162567919215,-8.689235392454833,-6.113339914294218,-9.586617021079796,-9.005491153029054,-6.638684056328086,-8.584698085595818,-8.782282886339212,-8.94643387949349,-9.420803754168933,-6.657914827158564,-7.547618464380962,-6.782535327111629,-6.059820820641971,-7.370773393134298,-9.420455265471682,-9.38283734893358,-6.654815633699057,-5.89245510397258,-7.998825462553573,-6.847144322228628,-5.753942638099673,-7.57924917897225,-9.258693353614117,-8.94061264363131,-6.579635485784128,0.0,1.0,394.2970112841664,0.15908842433395637
32,-9.443884242914192,-8.799960157313114,-7.129277178184058,-6.464908412357699,-6.714070914792444,-9.168068391748385,-5.745958401632809,-7.25842604688084,-6.474666877988286,-6.55209300957198,-7.773134203257705,-8.14763817608653,-9.050791453717883,-6.61256634774352,-9.076783406260821,-6.358637134233013,-6.91869474766351,-9.578261051031916,-7.647778319909368,-6.2923056669204485,-6.409670453443149,-6.038052162390879,-6.630851377650168,-8.832435515577702,-5.780245243270478,-8.5961105583094,-6.308262604813781,-9.120991845253583,-8.952243069716966,-6.91529011683683,-8.668107753093548,-8.782964406507316,-9.029176537007338,-9.477679090176794,-6.373246347571056,-7.716630108678605,-7.241340679081015,-5.689567814390809,-7.202849650864579,-9.419696569892304,-9.245458825813596,-6.421468262215988,-5.75525155701552,-8.462416549377403,-6.734085027253995,-6.217572326491761,-7.721031089654382,-9.000496826850874,-8.532142704968292,-7.076406676701333,0.0,1.0,375.908621404627,0.2925489342974936
33,-9.643502371830097,-9.137983067100597,-7.0285251108265365,-6.435940645116035,-6.629129286979266,-9.257482878526242,-5.834185925319048,-7.022830992063784,-6.392200038267177,-6.289864596373629,-7.542586458688983,-8.244453201900605,-8.981980274895731,-6.674833820486384,-9.329948396933823,-6.154107414387988,-6.9088340107825115,-9.695283826173808,-8.36239161678293,-6.282898359686174,-6.60500022649071,-6.103882498691139,-6.557234947184452,-9.220478171243466,-5.7658227322597835,-8.880245716410556,-6.209429771905236,-9.52408333777229,-8.896334236008537,-7.304428258691606,-8.603524109709397,-8.81043706787411,-9.030413499148702,-9.445074992534497,-6.481136996043545,-7.602589133731691,-7.100511681641673,-5.930248478212088,-7.091097838395966,-9.666854008357035,-9.21904662537435,-6.496767894583548,-5.737689973931254,-8.530381480323989,-6.6200482909687794,-5.992443817879761,-7.5465733917750155,-9.384507133923917,-9.130632835197,-7.254905114113534,0.0,1.0,379.817938078859,0.47646581747793093
34,-9.606759046426145,-9.032019595158825,-6.989637106828407,-6.636685072486426,-6.770206616767143,-8.854578593208199,-6.122730149103243,-6.959564373029669,-6.379810412272819,-6.337217025623236,-7.5910463210095775,-8.2935159826019,-8.71142534194702,-6.439436031440989,-9.588291064987361,-6.529507910031684,-6.9220784392242765,-9.700616862822201,-7.974691799655845,-6.537952048696129,-6.806056824482282,-6.14397137930366,-5.927275735287565,-8.86730118978439,-5.868291267366554,-8.546000961228494,-5.902825754077738,-9.736964784791182,-8.757924833030085,-7.132784850742153,-8.871285762349123,-9.074637185933472,-9.191013268031224,-9.701041332042715,-6.528130299775637,-7.570380538299922,-7.003821045283581,-6.076473320643092,-7.186810940689037,-9.52683863419622,-9.287216940799869,-6.711990573390973,-5.733070996888436,-8.43117192052915,-7.051157571257895,-5.913338609620931,-7.395476706285678,-9.038816053242066,-8.916678844992248,-7.0836443720289015,0.0,1.0,444.331641092493,0.03207541406980816
35,-9.614105637705393,-9.22574688229311,-7.165719918486149,-6.108989061438007,-6.709389956702165,-9.247987446684645,-6.1550316427785345,-7.067514858702063,-5.83500707561687,-6.115609516286921,-7.5899210094586484,-8.422418017359488,-8.850138201109877,-6.871517554877156,-9.851372830554505,-6.670866313437269,-6.861652737361695,-9.621276818557353,-7.8609817597158225,-6.25986498033182,-6.640172556850882,-6.13473972508967,-6.2246429448555745,-9.223392780550526,-5.761819400461802,-8.674300555565972,-6.232180113166351,-9.728232167771946,-8.858774189099323,-6.945695710728118,-8.830332880102993,-8.857906075182285,-8.793527216988194,-9.676168476068327,-6.3288988755233095,-7.424441558623579,-7.063475079091323,-5.93498997214303,-7.454442625185841,-9.299075012186954,-9.522460207969804,-6.500077737355362,-5.656449179554244,-8.367354005666632,-6.637963607270703,-6.12347763294798,-7.945168419174671,-9.335363510517334,-8.973056073564106,-7.157302768453358,0.0,1.0,363.05179620650495,0.6597023865322458
36,-9.755696907897647,-8.768667065608714,-7.144630002561563,-6.512287030735574,-6.640064067395688,-9.433151145499235,-5.936924652537996,-6.7449087265424,-6.199876667235157,-6.5270360073385545,-7.65074723305456,-8.100990655802883,-8.847380804559023,-6.757458058709966,-9.368324308427514,-6.512494576149353,-6.8260993136620565,-9.34669964277961,-8.2514093173236,-6.0359071129298005,-6.60112798467746,-5.964912198469737,-6.238253246443189,-8.891416695267937,-5.615548557404355,-8.769281056166589,-6.131742464866398,-9.60857950456084,-8.836109057943528,-6.980001393115714,-8.572584132182126,-8.707454215357357,-8.527047955054337,-9.56882765137311,-6.605833897333526,-7.715220917244533,-6.977426404122458,-5.847117693615887,-7.262256328018708,-9.487701867835751,-9.141626430791014,-6.37175693557183,-5.542576155274237,-8.437066136896437,-6.80036249309844,-6.0289086658404285,-7.674057429812529,-9.262430957696827,-8.644947909795118,-6.79233183560294,0.0,1.0,355.3221639347043,0.5122171061937982
37,-9.630406482105299,-8.716089803299537,-6.755742610687708,-6.22028670250627,-6.794947747575208,-9.199053782406443,-6.032737307868544,-7.118489236577248,-6.281026807331623,-6.307520480511545,-7.601577577663156,-8.265473722135798,-8.751037172050284,-6.811180754293323,-9.418554759837853,-6.437701846250878,-6.901967977138453,-9.685825783111207,-7.90354001463707,-6.338432557159028,-6.553420905729221,-5.935198488948643,-6.5389209786145495,-8.930175006207614,-5.947267510553874,-8.843428549075428,-6.145989061468918,-9.680530287703684,-8.753408775875858,-6.891108806614087,-8.620869414793521,-8.706318614365061,-8.952936281877335,-9.637465398483121,-6.635487486454277,-7.36614507897111,-6.793512462951971,-6.098239664891737,-7.1626806740618605,-9.757172304084047,-9.07440327315645,-6.633814986943468,-6.041676238551633,-8.482094379533702,-6.728421212808101,-5.788980717110265,-7.512956326451765,-9.165947386578713,-8.823223119216935,-7.046345426520412,0.0,1.0,446.74572146852273,0.015309608610269355
38,-9.616475384691045,-8.885989644420695,-7.188787249012871,-6.294603689503887,-6.7124467256295715,-9.126084065127271,-6.223106604029005,-6.946106295403089,-5.871897638866763,-6.059129904479259,-7.72873145296413,-8.273768302237622,-9.345172723889757,-6.758598808429209,-9.311829545003631,-6.786448994142535,-6.825132908554004,-9.38334442121901,-8.126071465751915,-6.306254570118442,-6.663503664698467,-5.917744184225276,-6.190790488254047,-9.01278911384411,-5.572930850860805,-8.936043777708013,-6.088542293034419,-9.393587486316195,-8.668842056984895,-6.7798029152350106,-8.947070092092671,-9.139638309928685,-9.040062181817445,-9.762232948343433,-6.483224889135168,-7.4474606666508025,-7.0595409821703266,-5.9774151840146725,-6.965444484447485,-9.547448663385108,-9.18310967906864,-6.52358058776434,-5.730540385561937,-8.496312074939109,-6.463139632239069,-6.54421794595863,-7.830061011218637,-9.286725758409267,-8.504504553475208,-7.0825482719552415,0.0,1.0,355.50325144883095,0.6448306973539736
39,-9.584835241863917,-8.734148805544839,-7.443980490647563,-6.373889244740069,-6.940351317102918,-9.177174256351037,-5.783453434069246,-7.049556719385127,-6.14936365605688,-6.145499225462887,-7.782996869793865,-8.127468203775246,-8.88310599726368,-6.934948129802348,-9.554405097444548,-6.719924412170862,-7.12083018744009,-10.033507122964037,-7.883024203381952,-6.111124198463699,-6.78897835803426,-6.319063570963223,-6.3878971095566115,-9.029586725651775,-5.372298242726472,-8.922324725367375,-6.060756424953989,-9.126752840604633,-9.184553779517953,-6.995582245272388,-8.865864339178083,-8.750015241423108,-9.098013204768689,-9.957464045480583,-6.5893309302535075,-7.328205977274452,-6.838135125897814,-5.712421985715176,-7.190148033736388,-9.584587311684912,-9.357483955387957,-6.197010411494536,-5.637424536180985,-8.498703669595713,-6.685515528909597,-5.974245945711913,-7.89791366282224,-9.166461074309261,-8.933318698048861,-6.880634259043157,0.0,1.0,391.3500887377732,0.32391412158810307
40,-9.515432844535514,-9.188071387544499,-7.147691941822549,-6.774153621813818,-6.664744715829612,-8.94212894502516,-6.3967047464006495,-7.099342909572685,-6.069658896752881,-5.920698654555095,-7.301198361534934,-7.987599297887112,-9.024334358188797,-6.809622737624141,-9.320034273409595,-6.268323803263927,-6.793684862185103,-9.58584308680064,-8.093887729961365,-6.251361970807007,-6.85023388593452,-5.892700690811579,-6.323621821464442,-9.255205229976573,-5.7296213380048995,-8.56536543468768,-6.1584622400414215,-10.049409302078358,-8.607121020583572,-6.781679360300228,-8.800177937997017,-8.857278239834866,-9.047713588588552,-9.63434175435056,-6.3801256252244665,-7.355923557899046,-7.292475021523977,-5.606454123434694,-7.06061081281688,-9.608434591077486,-9.183781183956166,-6.53165415571398,-5.553861661138149,-8.476571570214409,-6.613502260241348,-5.723716413710389,-7.479386117756212,-9.24704649209226,-8.814400582817479,-6.689797873188525,0.0,1.0,468.8123816248444,0.0028831074958417524
41,-9.372389868166495,-9.215417544468318,-7.34481050278564,-6.1511898122164865,-6.5231963955942724,-9.31639074445793,-5.925835135824707,-6.896836117526805,-6.002247590021655,-6.136516527256396,-7.866250068186457,-8.224524208645501,-9.09613706536768,-6.6598376683642675,-9.488841689023742,-6.535997055571737,-6.978448251630519,-9.501660284744528,-8.11844447870405,-6.249924199602336,-6.702598592977673,-5.704171796808531,-6.38692312070042,-8.935049105181756,-5.827225951205839,-8.484464689739251,-6.209612447607228,-9.614275438281986,-8.73677668884097,-6.812406474147676,-8.950548506088625,-9.020913834165455,-9.317770317883273,-9.621001949419723,-6.469645389737326,-7.600052849113595,-7.258003159773859,-5.991873776359298,-7.03528916616611,-9.45405292241099,-9.429346580466673,-6.399560022485762,-5.758865128319212,-8.01130071605273,-7.2576721257762635,-5.746466212957432,-7.72195799977342,-9.232073253295434,-8.576475394952148,-6.711781713797033,0.0,1.0,378.460148906651,0.37218673254108237
42,-9.75931411471463,-8.903033979776128,-7.14701177338922,-6.571465379549516,-6.867140275533663,-9.010988893937744,-6.047307823272896,-7.151458152546049,-6.271245896790157,-6.097465130625577,-7.509816152451642,-8.512039672573191,-9.156292696239372,-6.81436137196037,-9.398016840730232,-6.447105639744353,-6.895356632621782,-9.423103912741434,-8.03875544917661,-6.217942320628359,-6.9409961771310495,-6.125882464091093,-6.54092313441078,-8.667236161549814,-5.832656800842083,-8.635667105004513,-5.594872860435329,-9.258726438906413,-8.821337994478853,-6.883451310898753,-8.772083988994376,-8.701582750345805,-9.062338344772083,-9.557780393334047,-6.750749468831854,-7.52416570079863,-7.155115833905746,-6.109498493463014,-7.2828157067971055,-9.5127947330679,-9.021523339276179,-6.503604285386652,-6.060362224740351,-8.51440050697965,-6.532201162207466,-6.041550660745689,-7.76199940476067,-9.04957370803263,-8.7939418359626,-6.796252812399451,0.0,1.0,387.8261591486878,0.2694807347421593
43,-9.333692239742895,-8.97363386981677,-7.1738482282904785,-6.413544089132904,-6.824874408064015,-9.050333770307482,-5.623822864165329,-7.7977996498246,-6.210987930002901,-6.553533514783473,-7.667864851010304,-8.377896858379714,-9.36157637589975,-6.951142937595416,-9.553806390512419,-6.124874822201171,-7.164060502875948,-9.433391126733309,-8.231126353354316,-6.692217777853364,-6.719166119566824,-5.818861776636733,-6.312220307650988,-8.832538031022564,-5.582318853296121,-8.718994785335846,-5.987963829730909,-9.622612861565283,-9.186754521837694,-6.7266052490756865,-8.906393378831119,-8.903050604830623,-8.891628351240943,-9.664796911418955,-6.0842424473870205,-7.4324033453893605,-7.052162946564042,-5.79796586230352,-7.227832924771243,-9.692953300864987,-9.0830564612557,-6.855245927366379,-5.802701035358421,-8.321707397102555,-6.83519063302328,-5.9685262451877374,-7.553140936967502,-9.028881172345738,-8.954054807124527,-6.926585817589954,0.0,1.0,380.54328970559766,0.42831953027997144
44,-9.419777351688104,-8.924245498970457,-7.195736334110957,-6.345825680618595,-6.674966802058963,-8.955378357659912,-6.144784403577411,-7.268609751288042,-5.838834088290897,-6.251564095573919,-7.623837815244461,-8.610920568043888,-9.173515380817655,-6.699277929862293,-9.364069606934745,-6.230770739094929,-6.775759762249418,-9.580782439504707,-8.241147597221644,-6.374208874092079,-6.538115263052144,-5.554149265850148,-5.92774884222826,-8.729562972696874,-5.8153461702946805,-8.600802105024528,-6.047214058254872,-9.555192158491563,-8.748489232887797,-6.813481528152643,-8.677514212974446,-8.567785524509405,-8.803427507157666,-9.77819919520171,-6.507513156059255,-7.459368879543401,-7.1034974936365085,-5.9920274440629,-7.190976504529693,-9.381754278680349,-8.99469741284513,-6.484617655387762,-5.68821679321003,-8.26214715974964,-6.794273604434022,-5.956818330218174,-7.831217061454168,-9.651041760939492,-8.883388114095318,-6.964667848278755,0.0,1.0,335.41072131449516,0.749433278171529
45,-9.487796548842272,-8.798462824423135,-7.0857473941804825,-6.473312445977472,-6.863476634434398,-9.222263937453745,-6.033865911897798,-7.261021626073314,-5.69311724284232,-6.164083027553855,-7.669510703265666,-7.969914954738437,-8.891726980264009,-6.435854588130068,-9.605621771163623,-6.396716770750882,-6.873523823684886,-9.687890522877318,-7.997467969424189,-6.348647165885634,-6.754131440383486,-5.939489379436035,-6.21129865580684,-8.792895559433418,-5.950239309559162,-9.199292833989661,-6.238277586574269,-9.508586253802545,-8.71049518968714,-6.611449734282248,-8.83113681537625,-8.7100000544593,-8.998176999663952,-9.606899669910964,-6.644301153474338,-7.415626349537122,-7.050047567858386,-5.949246270255993,-7.301251275089706,-9.422300873961833,-9.0011759235637,-6.402299441545336,-5.347854961859286,-8.256761569192703,-6.806101273415824,-5.909720444782941,-7.784334616521883,-9.074155649547997,-8.81890915254644,-7.438935205194417,0.0,1.0,342.78353765667106,0.701243719953232
46,-9.696256870179061,-9.04605481093148,-6.932980453345561,-6.18826695923674,-6.982248035863354,-9.057700745991854,-6.067456610088682,-7.2234512779794775,-6.146403847942911,-6.414813962118487,-7.55543781645556,-8.274953784790567,-9.117421207491823,-6.859965568027836,-9.44372816194303,-6.169144492762684,-6.864807402425804,-9.41217577878843,-7.961559129805173,-5.865279431102018,-6.677424102244031,-5.828341042643663,-6.194778352666491,-8.95899295538797,-5.955834823840741,-8.71024275935874,-5.939787095322157,-9.749816286992738,-9.005288592509482,-7.0094680594324394,-8.600191090127215,-8.819399297668953,-9.181792120493212,-9.646163420582031,-6.6398949762292965,-7.807485082827753,-6.815565708058699,-6.213572865383931,-7.067462324268695,-9.723368279324257,-9.048030904483209,-6.631109689514318,-5.8892093432982895,-7.99185416564741,-6.671129729031411,-5.941522010755148,-7.695553667622423,-9.308722622093695,-8.740566484597487,-7.234693901495075,0.0,1.0,359.2640199035707,0.6016594882470186
47,-9.562604147266349,-9.130876042939917,-6.870273718605798,-6.1756413847188805,-6.99757735759775,-9.260967364956043,-5.935542966569086,-7.374953815654478,-6.242052862593099,-6.217339283159509,-7.713752080795937,-7.886897976839508,-8.93091531028975,-6.819003109676212,-9.924177093383198,-6.177774726237914,-6.885788429558724,-9.511425753719621,-8.233312585168878,-6.107486588868348,-6.632903762641423,-5.931004417861208,-6.543354526585068,-9.509666721664896,-5.516098306117101,-8.500422061082546,-6.371892850523317,-9.878410455284282,-8.901960082534435,-6.895077012134617,-8.659398088709798,-8.845141228618603,-8.659079755769655,-9.878151091961008,-6.814117189873644,-7.331732159700072,-6.9518687147635045,-6.010513341163094,-7.296345895090123,-9.712169786299778,-9.38076004313936,-6.530759696816365,-5.789173627773459,-8.379069608780686,-6.8772461509335825,-5.936419223974564,-7.4324292017985645,-9.39803282547048,-8.622343587228201,-6.988118874883925,0.0,1.0,388.056341633404,0.37199694249361015
48,-9.556378902985443,-8.971130790868266,-7.04694046565539,-6.528419251633688,-6.768241010363886,-9.184349416491251,-6.060483395046528,-7.283015887380916,-6.36656284550462,-6.079153448307183,-7.505094627827842,-8.542828987804578,-8.932949993446622,-6.8472507247932395,-9.230310035949074,-6.573295608126118,-6.993269221238926,-9.591875885635663,-8.33203717904328,-6.033799837598283,-6.868834803458108,-6.06256540117845,-6.188318799276355,-8.741907504616659,-5.933556585791371,-8.585343560252175,-6.03822225671561,-9.70976996641356,-8.843989159643717,-6.383024940708767,-8.954846358087504,-8.786550974133798,-8.836338005692165,-9.528606278573422,-6.548605825802329,-7.365467922392327,-7.163124917564251,-6.658347944326101,-7.261332344410097,-9.58827465116375,-9.451132836613887,-6.043274465200435,-5.736516419607995,-8.607506502753898,-6.764393805273772,-6.345715255318087,-7.600314603153461,-9.34768490883668,-8.843276010213891,-6.958405883563722,0.0,1.0,367.8659467098742,0.5631205241946136
49,-9.673827616530316,-8.916286573951448,-7.043123842637967,-6.259190149369404,-6.979218623493666,-9.296172525569999,-5.76953127639619,-6.928031610341461,-6.217703501307637,-6.049009342404265,-7.785439855279567,-8.000514706205387,-9.021759006246782,-6.874976626953288,-9.431978510629097,-6.773260051509826,-6.921894740148089,-9.648027345091865,-7.868481558296158,-6.1667848821042055,-6.572395989213332,-6.267621550100251,-6.255781440889145,-9.138671165418826,-5.724488453148323,-8.750969566274735,-6.4502156947600175,-9.925660897358384,-8.881439902636359,-6.862332564994088,-8.46388485744894,-8.48136231390019,-9.279387183581598,-9.816362956977754,-6.6036953753442456,-7.55608702121109,-6.942003048748356,-5.785029612880749,-7.2895383060085415,-9.799406855081266,-9.04769370338553,-6.1991656371557875,-5.452055914479763,-8.359988912038157,-7.1096445468463125,-5.469988227003336,-7.543962651930708,-9.319283167956751,-8.655811270521108,-6.7619291823079095,0.0,1.0,438.0336172740973,0.030977077414009815
50,-9.21529084187436,-9.017744677117468,-7.037075450124157,-6.301760676375564,-6.536023540289682,-9.082343845081134,-5.9172373312761595,-7.340442492999277,-6.371145358778968,-6.346246898322058,-7.6682390145218315,-8.09265558674166,-9.011594423870427,-6.724116075013708,-9.849841360483582,-6.458825335615081,-6.9421317468739545,-9.367042297382788,-8.245902002807027,-5.993047627907265,-6.655948095558173,-5.554508898281443,-6.325109750334003,-9.009803434409458,-5.876105054357371,-8.680259026729027,-6.132809325491445,-9.573444274982126,-8.790460626515216,-6.732028491272388,-8.53022927580905,-8.690242241851609,-9.052981208348081,-9.93917248478613,-6.807243084681886,-7.184485527824235,-6.9336925745612366,-5.847108384119515,-7.192398133900157,-9.603594539781476,-8.75944540689339,-6.496766333858502,-5.982596509100183,-8.508520724268449,-6.664274572731032,-6.3194298088125604,-7.462324071793365,-8.873390068657434,-8.933562694940665,-6.941525037682713,0.0,1.0,355.6000305270951,0.5437610214105766
51,-9.38384824735622,-9.08711616467146,-7.299279922489624,-6.917830580249237,-6.523903165245786,-9.261165623989003,-5.866466085983847,-7.280721130853215,-6.298143771347609,-6.218119720437262,-7.634589500073952,-8.250327105148163,-8.960782901423704,-6.703905416628644,-9.683631640722945,-6.711825582537389,-6.958274505273645,-9.290855011893381,-7.732297299510695,-6.1271217629742685,-6.449399327303672,-5.678252324571556,-6.460396673274082,-8.785045606261868,-5.6442517173889915,-8.779395383759075,-6.0393429158776515,-9.18454626130704,-9.239437848716197,-6.869825171989441,-8.622332707179552,-9.038017614508858,-9.04092487398715,-9.685969776819736,-6.46325221312136,-7.165646169119547,-6.975484131071018,-5.943411386610371,-7.433522427303391,-9.627007507813014,-9.127555923106065,-6.977434244507366,-5.7953065275560816,-8.590954537237453,-6.524689886738467,-5.679446985666603,-7.247744392039132,-8.900671111907483,-8.82110856760656,-7.091900512102188,0.0,1.0,377.4187466552813,0.3351836952627997
52,-9.463177749477712,-8.879461287610308,-6.850625819850952,-6.245426937851335,-6.683664693359806,-8.864479832308932,-5.698296124766442,-7.238626690684735,-6.281292065494536,-6.067392162587521,-7.594756847178397,-8.107775020391475,-8.908463159902825,-6.943347840478835,-9.53438693380713,-6.337368970485175,-6.913393591566539,-9.638761813629722,-8.24882289290748,-6.378822168090362,-6.723749135179867,-5.639471146691399,-6.291035762233402,-8.983757409284008,-6.008850195198138,-8.831010057396108,-6.188813864876208,-9.488489238703162,-9.340963475451462,-7.115244626718357,-8.819087817185608,-8.98526622422515,-8.850807518145631,-9.674420279711516,-6.356555873503181,-7.563412624501208,-7.0271005501388455,-6.095329911917806,-7.179268774493861,-9.350966102680204,-8.829886089286411,-6.639192807451417,-5.719706095365557,-8.175610125939883,-6.950593865599091,-5.929630704953902,-7.35634926080653,-9.23485255895038,-8.818769478905276,-7.147764838644288,0.0,1.0,343.14175880170524,0.7222867684652075
53,-9.279237113415789,-8.921256378735045,-7.2520437622580225,-6.671977075502696,-6.679334999540006,-8.901973109289175,-6.040102223314365,-6.833961437576499,-6.0519651221768465,-5.936630526830959,-7.899077007326342,-8.105862896656216,-9.039705759459215,-6.663073786916618,-9.051334959922674,-6.365846626087773,-6.837158070057259,-9.539163256339341,-8.154942728722599,-6.246555965765745,-6.418382268731699,-5.914436410328904,-6.352127384977338,-8.68351326619043,-5.735849711529105,-8.81617095076089,-6.24509744267916,-9.789374500196374,-8.403798334253786,-6.74820120248169,-8.834924805351015,-8.741026517402686,-8.730252999147512,-9.977051242233026,-6.422707922116948,-7.236846169457999,-7.212382265011388,-6.221976696368391,-7.078839786642553,-9.328950063333977,-9.250090116084545,-6.350541663905529,-5.768316946019666,-8.096082408968337,-6.72699130084862,-5.972633543644864,-7.8116584305284915,-9.360007400434982,-8.832072501468136,-6.818811118019175,0.0,1.0,329.972374006608,0.7561293058677434
54,-9.409838595630948,-9.085216321972384,-6.8569682111596375,-6.438013312579266,-6.7077005617488545,-8.950338398663755,-6.283674278618393,-7.366620914912322,-6.120431731826872,-6.6030792958414235,-7.951131267191229,-7.976381173576229,-9.054623510183879,-6.932325714433775,-9.585941158081072,-6.551687968788385,-6.911717742339729,-9.553642644011552,-7.981190279859014,-6.3125959397692695,-6.763018707867064,-5.609063288143615,-6.400152995839334,-8.73232979769771,-6.37105874808981,-8.705235890772128,-6.004703218550776,-9.610282085751697,-8.90301441411841,-7.089729905962681,-8.690103597748916,-8.642792614471217,-8.855281265307356,-9.90781850197526,-6.535359323769444,-7.0476468460989,-7.0997464986244365,-5.977168867990829,-6.948124926268903,-9.512348423144584,-9.061039568586944,-6.717260187510174,-5.623980335865921,-8.333626026160628,-6.668210404093795,-5.919814960441323,-7.590675339433296,-8.961574258411336,-8.784547110576858,-6.768307754759123,0.0,1.0,337.1163124247553,0.7816409925141561
55,-9.387736267058104,-8.889468306455948,-7.136257118495041,-6.29014231057379,-6.83704250479352,-8.999259668823953,-5.623129922918099,-7.1925312701455875,-6.5281966600241175,-6.506657362224569,-7.486069906469769,-8.291901983295409,-9.147844813612277,-6.3827497783388445,-9.567327633117328,-6.398901336087647,-6.84894578166468,-9.42669837742036,-7.919522924489734,-6.632173266557595,-6.666147468872409,-5.74753730407244,-6.455161374461851,-8.915123259189961,-6.240498543069418,-8.522523191958808,-6.0817502437667725,-10.02668783049975,-8.908201617600042,-6.9283497985038505,-8.724420765416411,-8.722485499757774,-9.453917191905406,-9.742734413530851,-6.416648640878782,-7.5477551572977335,-6.922788706701156,-5.924022046959023,-7.795779849825917,-9.448307246177082,-9.294615168282808,-6.637859619260158,-5.723479827278571,-8.438449692345419,-6.658966526453021,-5.589070627612939,-7.572353104248147,-9.09172448083286,-8.806477227919515,-6.999862670362541,0.0,1.0,374.09745375497454,0.4645394698273362
56,-9.629892123531624,-8.940190316546644,-6.927462500165657,-6.136706551901077,-6.6607342814964134,-9.2385307605581,-5.595505738146648,-7.214893020516277,-6.042303948542649,-6.261588942602655,-7.844850661519274,-8.656993409242446,-8.940789224596722,-6.717590783584355,-9.292079542612155,-6.248465059587785,-6.745751581832129,-9.632186385882758,-7.745400059888629,-6.159510444092617,-6.8765638335595165,-5.8483627929426145,-6.6803386403720495,-8.77846529257274,-5.452651563117929,-8.530216679802942,-5.924011180707326,-9.68496601813286,-9.066216343742516,-7.145134378890015,-8.438242127658977,-8.800614599439971,-9.056976044199818,-9.434838696207436,-6.512552672185235,-7.327861185635666,-7.287214264218404,-6.024607506146215,-7.260778280219306,-9.484115095318659,-8.774520234581026,-5.955575962324597,-5.499598561802907,-8.320441958990312,-6.856612850274277,-5.765345328949299,-7.490125395802179,-9.400757999133472,-8.894317922234157,-6.889239985449256,0.0,1.0,328.62699550299664,0.7802846330528176
57,-9.361429325875452,-8.880589267238907,-7.15182435882045,-6.527733428560173,-6.816254063450656,-9.342307467636335,-5.995047335454681,-7.053716440326226,-6.037872320153724,-6.315299871477869,-7.31045546863548,-8.234801394315982,-8.99751828836,-6.651197926518162,-9.311990837819272,-6.689676593948622,-6.967849211003016,-9.611531973962464,-8.050891248365579,-6.069037624982459,-6.773285277043931,-6.183617131207603,-6.035479598878793,-8.73364993413943,-5.83048607030515,-8.839598174260995,-6.203697081616762,-9.740938875625117,-9.222591382522372,-6.572139071239659,-8.437194510464979,-8.920099321743225,-9.19237436454373,-9.99401026517793,-6.761122917093642,-7.709662759496842,-7.168313383883151,-5.94609299082525,-7.203610902223626,-9.413227891456769,-9.143421051650497,-6.74448127804691,-5.768714002966179,-8.320759806303062,-6.65799526972722,-6.260794297256084,-7.644450248582562,-9.370062432176567,-8.796220849000747,-7.1189750738874364,0.0,1.0,376.3465112989546,0.4698279113321703
58,-9.407930880794387,-9.09973581937989,-7.318876530040269,-6.318608067935962,-6.9668101905120485,-9.173286722599476,-5.927896751489679,-7.3020164457135985,-5.975772791433392,-6.281019400850288,-7.498611252072773,-8.207546102656554,-8.669041786966988,-6.821366748096697,-9.586933671409765,-6.393478746296065,-7.030416648213916,-9.283043328935754,-8.143459941286563,-5.9048870889343075,-6.736267984191347,-5.886916673506749,-6.041720918702725,-9.12066523246794,-5.627349967310141,-9.173078067675034,-6.382342191592896,-9.650714654451027,-8.72176681534442,-6.932186643603304,-8.615728008062552,-8.830688043203137,-9.071373210021346,-9.69225442482852,-6.373076949248516,-7.460971671984153,-6.990919836699881,-6.049892242682605,-7.190698573361047,-9.756720821535902,-8.904752746668688,-6.525559940140907,-6.405854659603693,-8.382768690022505,-6.822756462275767,-6.166982116243445,-7.5124712604098836,-9.101567167003155,-8.924887984071573,-7.075559376656955,0.0,1.0,392.3254732864178,0.26508106789761365
59,-9.277642232446626,-8.885108783125132,-7.342613826662273,-6.312127246231576,-6.587040534295307,-9.048876704509619,-6.170739858596218,-7.240675166671504,-6.061012459201423,-6.031616970165516,-7.653233799886016,-8.016826944218513,-9.161871222745358,-6.666678725807605,-9.537947732984849,-6.41430156205914,-6.798619155093794,-9.505922949427347,-7.854251355050478,-6.2091401570958755,-6.829060334639053,-5.528141748216162,-6.141930306888579,-8.897270381632365,-6.064438648395445,-8.875162659120582,-6.160381491518959,-9.688415772709607,-8.908751066825458,-7.088571659016722,-8.794221971536865,-8.548120134789977,-9.05221253935118,-9.787971794550238,-6.604301791056847,-7.461066121540106,-7.069712129903848,-5.9390447858115065,-7.701338887058602,-9.772865213199122,-9.094672994303831,-6.670848113171742,-5.957040479975669,-8.27238395188213,-6.781465301181687,-5.870678871646759,-7.949186798896181,-9.316648765301261,-8.80996600605189,-6.97711247015853,0.0,1.0,380.99900104508083,0.3802094326202994
60,-9.745596073416227,-8.992350304530403,-7.283384205374516,-6.124200507519483,-6.968804907264038,-9.177361089514626,-5.784179426136697,-7.196184742653252,-6.042081385591415,-6.4541795682794545,-7.477919383705116,-8.699803190687717,-8.999252385427232,-6.332810150208546,-9.283314380102693,-6.1384214583722345,-6.777988866668497,-9.793938778061857,-7.640943313876626,-6.181985316422785,-6.764736573222227,-5.82217723081173,-5.959092765108683,-8.919740223770086,-5.368668208127014,-8.701689912819742,-5.968362433020577,-9.236278920480126,-8.646792309608651,-7.099467739212703,-8.731907631648093,-8.630713799005049,-8.872917114815781,-9.407638627686827,-6.443160931709671,-7.161372527440157,-6.92211964418026,-6.046618864820608,-7.1623689654165,-9.516419788507024,-8.968701437480558,-6.4986587449519675,-5.705023815355417,-8.28745266678996,-6.681084229252107,-6.3424658124316915,-7.853359027050704,-8.817172456579055,-8.946452672609073,-7.002818617879154,0.0,1.0,362.14759008246074,0.3545378304424783
61,-9.537659531175985,-8.845806351953494,-7.263479536731208,-6.236788182264779,-6.265354710559705,-9.564104130327555,-5.938883882079131,-7.133048491877795,-6.171338591182467,-6.483181849613864,-7.913642143867706,-8.009118034199354,-8.645485374318786,-6.599192740660543,-9.547357234830358,-6.409186143567192,-6.871345083329648,-9.524205141230722,-8.109114563822988,-5.934564835419043,-6.948363280536015,-6.069653457560327,-6.080794848923213,-8.860838669667922,-5.981605902437735,-8.772030161510779,-5.9000986522348695,-9.621539629810435,-8.60426188504001,-6.76676068932038,-8.879918613560918,-8.737767976539457,-8.93867281536747,-9.416482274804018,-6.6832075222376535,-7.653057829210867,-7.167417557795063,-5.4095832391870236,-7.2786208719362016,-9.839849111653516,-9.394786558442403,-6.202106551759757,-5.5328735463909515,-8.38641756438295,-6.861509819320092,-5.817246169375836,-7.430959101110463,-9.545510585438448,-8.594453655435732,-6.914699772472215,0.0,1.0,353.29705004387955,0.5840377654224571
62,-9.745552817625311,-9.238524508612413,-6.882338281245285,-6.272774608240556,-6.9256306176713105,-9.184930181652092,-5.811527271314827,-7.068221049487263,-6.600435405105668,-6.294902402302952,-7.877787323121592,-8.712481485016003,-8.991389905613595,-6.973731714329301,-9.547126236242947,-6.162401274052793,-6.840568319723689,-9.544958023361572,-8.121985487538735,-6.196134186768415,-6.452225795177295,-6.096100867102973,-6.127437236000801,-8.958247613648194,-5.688592512652298,-8.783804583503095,-6.0857301602720915,-9.516257664996427,-9.007459286156632,-7.00292107647039,-8.566804539009587,-8.986794695904278,-9.157482065551765,-9.795593521833458,-6.637419532795732,-7.207101413707289,-7.075045734591747,-5.910638006763695,-7.174146166950131,-9.671723062216333,-9.252677421389423,-6.283591363585795,-5.743505388289651,-8.4240644349107,-7.052303329672638,-6.072638341561219,-7.5579097948442335,-9.278600117661423,-8.872816092523129,-7.0643901131177715,0.0,1.0,377.95401361561375,0.5037058543690195
63,-9.73153606553213,-9.261540093152016,-7.076647281966632,-5.887759457118019,-6.802099541555717,-9.184823120907861,-6.027027316252185,-7.031137389318594,-5.958417577129335,-6.336561689100713,-7.446756808214548,-8.333908756392596,-8.837429269023447,-6.749967918433223,-9.29475783232335,-6.673500498841704,-7.094639801877865,-9.504789528265471,-7.814570651569613,-6.470261635779403,-6.650033639636981,-5.818283133399765,-6.466963982324445,-9.35837751454525,-5.906206933087021,-8.359393930447599,-5.712362179148254,-9.831576832371534,-9.012337947124255,-7.084928741991134,-8.478601826584223,-8.949133605039988,-9.229657733486011,-9.729037706653688,-6.731426258335814,-7.046226618317084,-6.969677765036774,-6.295358015638037,-7.485700941212893,-9.67712521183072,-9.101781223755095,-6.3784912666001325,-5.818703878295998,-8.353662941085421,-6.514795081387036,-6.1203828962808915,-7.7342541611991,-9.047505493107263,-8.583071878703324,-6.937479670615018,0.0,1.0,350.73995482853604,0.6904490770185636
64,-9.501274149650303,-8.936223242454552,-7.098985429746087,-6.141424285582893,-6.966777891350157,-9.117623317990024,-5.827176947510912,-6.762928005956398,-6.555612510510545,-6.201132144340576,-7.746783990692573,-7.95269123735309,-9.140182551289382,-6.522977614798499,-9.522884846503864,-6.305618779029015,-6.887435868186486,-9.673333947933655,-8.114264365916439,-6.324902166221014,-6.812920718769459,-5.781856649332112,-6.37806589523533,-9.18303418685502,-5.986443732192641,-9.056590271095013,-6.206262144493464,-9.349601339374436,-9.3802787122242,-6.8555287867337675,-8.915026395242634,-8.870518079207754,-9.24177437501733,-9.81240825796213,-6.493020001680753,-7.520334277369934,-7.025637785187851,-5.892120275674909,-7.204979635734627,-9.527124123317778,-9.073005227993107,-6.410669777494883,-5.8003750541408365,-8.334490714547808,-6.967306468399155,-6.12003757697189,-7.678186902804177,-9.058046648405822,-8.598554042125578,-6.894416686481721,0.0,1.0,395.3033107206613,0.2688248925853067
65,-9.66179914821727,-9.115910378052812,-7.163581339746994,-6.199410397083189,-6.8636711294260415,-8.983202584252624,-5.824175537666676,-6.980331865725832,-6.109463470801952,-6.243513310549731,-7.562641775487817,-8.516741298679888,-9.130233969690988,-6.571967407633135,-9.725690115641926,-6.427687992033057,-7.020859794941769,-9.249636587822796,-8.730119835480627,-6.569652365096951,-6.811704506404736,-5.979791212310358,-6.003175093999517,-8.83572463156718,-5.895596149021506,-8.5407778285267,-5.824399085785295,-9.805021849383403,-8.997489456415298,-6.546173380703769,-8.489403251287365,-8.837070472124992,-9.081469255962713,-9.873493416411014,-6.361169206523874,-7.267573512845022,-6.859022402338221,-6.331594893043641,-7.294870895476895,-9.405209572012936,-8.925426024292804,-6.475595051205623,-5.588320504163458,-8.408342558976056,-6.840542735772074,-5.7659955370548985,-7.636467928446388,-9.299491656239017,-8.95010489298108,-6.979517666468213,0.0,1.0,362.47582048629755,0.5526017465722802
66,-9.733874129100327,-9.119761848999852,-7.073953907831864,-6.282777017420806,-6.657228347189807,-8.751157012943546,-5.932816411575538,-7.217952605748092,-6.1487913874825475,-6.362348590636785,-8.118880211453021,-8.250956267031157,-8.5476357169622,-6.548317078497133,-9.351432244198728,-6.032113979693519,-6.760474957440062,-9.934573070989366,-7.997187477803391,-6.102626975395239,-6.8457674676927995,-5.763281978100327,-6.351192837112809,-8.953362947388465,-5.854559628737333,-8.568033291052068,-6.501626587606153,-9.385799375350732,-8.9827533865509,-6.8736658250374445,-8.806474710552472,-8.833966631033569,-9.371994478367272,-9.780074515749316,-6.747553152056665,-7.557046349890241,-6.864281797057613,-6.065031932975788,-7.394773157882899,-9.406198903271425,-9.200270688952472,-6.3136637984710475,-5.960446774099538,-8.604731360428149,-6.813318584290809,-5.631474991181431,-8.08466609167668,-8.958818502594875,-8.490909611867332,-7.015374729693823,0.0,1.0,382.654420642251,0.33488464066276963
67,-9.54382895691221,-9.07687973183493,-7.098225056597768,-6.5773972778588545,-6.879130711596065,-8.837329403627933,-5.893740862685418,-6.8605350899100666,-6.03592072952502,-6.174407235768836,-7.606095545327193,-8.219331959452724,-9.169248997898206,-6.715354906069375,-9.15767657040803,-6.480053568724897,-6.63756199279573,-9.446346559383624,-7.730356058938744,-6.287288000151186,-6.7981726308801775,-5.900564896371188,-5.982321609244596,-9.122056043856619,-6.079113013356599,-9.129327494251028,-6.226767237111714,-9.636590220301107,-9.444831414768787,-6.676219523035465,-8.903593202679218,-8.89556384599097,-9.308139105079023,-9.64987100512837,-6.123397385847582,-7.192773430494762,-7.157805957741898,-5.859063655253559,-7.290824124252942,-9.309862891459717,-9.306296754159504,-6.817835382447223,-5.686941904067617,-8.129552409502944,-6.897507709011987,-5.854341597022861,-7.347713537271876,-9.070786947442821,-8.683779261484977,-7.266906251822729,0.0,1.0,399.5951569772633,0.16373003860093718
68,-9.535362945635097,-8.614828758568745,-7.0724508964050745,-6.459776175934276,-6.868280369927129,-9.185580417878278,-5.884844375380603,-6.925232995706257,-6.289701984331522,-6.17004578429547,-7.744278583487725,-8.187085297914791,-9.142156219511772,-6.670704032841392,-9.385470695730739,-6.356061159550023,-7.2769041619552555,-9.37959168675554,-8.098111220154756,-6.230200596496804,-6.639283071999037,-5.849122424547229,-6.105879917536043,-8.883815287068625,-5.657839856890478,-8.700563000535377,-5.839423510334716,-9.215166940826375,-8.932423530745178,-6.600872272449552,-8.927809728029768,-8.88480062114485,-8.806385620767035,-9.865119383326272,-6.457850712262709,-7.2467284589173415,-7.01005546607137,-5.90640746531266,-7.1966157894098,-9.518619806312678,-8.976083668470826,-6.534421176349712,-5.710753712089793,-8.11843381506413,-6.516891049835754,-5.860166993561663,-7.683304452782041,-9.06510769689545,-8.704865704127927,-6.630891980656888,0.0,1.0,416.8365350801952,0.031707498459101306
69,-9.316536458501428,-9.201426146859276,-7.05935323918452,-6.191530853388356,-6.60810088090324,-9.075501005597777,-6.128388759372193,-7.293184475936733,-6.190923631344301,-6.045113063512486,-7.529775028516274,-7.912795350477398,-8.95845804088712,-6.601991920142935,-9.37027452970874,-6.493651636730864,-6.643053680828432,-9.610841336966637,-7.988349993106058,-6.009988111130544,-6.79122841367885,-6.07909699883219,-6.190873420295906,-8.996194879652252,-5.9448832639910485,-8.628743007920146,-6.0733998842329795,-9.710145575286758,-8.829278939097325,-6.960323687605483,-8.91810593291896,-8.353537221960247,-9.051428681165525,-9.928570569183163,-6.4733418226000214,-7.35298163378994,-7.374400247304453,-5.972134432780454,-7.285438042349965,-9.698744637496997,-8.948817350395473,-6.456927209549365,-6.07682495469854,-8.25558521358472,-6.843992126302728,-5.614407781148219,-7.702505232475212,-9.491090519645807,-8.682476150447826,-6.871197201157837,0.0,1.0,363.4373070149816,0.4780165472650024
70,-9.40317988972409,-8.89105690742844,-7.175585241412911,-6.326023246812536,-6.799327117966048,-9.281405327100353,-5.794041692593543,-7.270438283118311,-5.893871667921721,-6.246429912427578,-7.58944464319182,-8.385445640636533,-8.900541597548651,-6.738128451452378,-9.309606468754195,-6.444120305801173,-6.7668123141451515,-9.388652804179095,-8.117074179908816,-6.283234727152454,-6.823927049834774,-5.8180388865487656,-6.586992341896445,-8.946344301098778,-5.755447698120797,-8.741138206529794,-6.3071714696517915,-9.479733163889875,-8.661174892500249,-7.287616248646077,-8.696051231262505,-8.654578376095897,-9.274379657369476,-9.73340214348087,-6.380235257738392,-7.543404072812031,-7.437325129548,-5.939360882435338,-7.4867018505820395,-9.864937407798765,-9.324196505730923,-6.461091331388151,-5.590023056199538,-8.170806555431334,-6.914089615468393,-5.8837958119876115,-7.428334472811658,-9.250935094534169,-9.25807768452918,-6.990205383761408,0.0,1.0,348.79307987208347,0.7519845569884811
71,-9.109758093408777,-9.424861323390289,-6.944420395059541,-6.473742579461564,-6.494635286133592,-9.346275752932963,-5.957763915074265,-7.542399833044538,-6.302492587323364,-6.6914404242726455,-7.884558766499916,-8.635920641453648,-8.665868431495298,-6.866639162873169,-9.089350016713302,-6.409470862330919,-6.710007236662253,-9.55708817731882,-8.27332814738005,-6.335760242701802,-7.111762937148258,-5.70865228351967,-6.28837482775743,-8.800969968981693,-5.3915267252791175,-8.795693901179288,-6.084818987202364,-9.518609894340932,-8.796776688842789,-6.822945208340593,-8.704966106393721,-8.85665841359458,-9.111200541140187,-9.913916082373209,-6.307291998827694,-7.696517740377638,-7.16155770554153,-6.2272445513876855,-7.323233449900157,-9.630202116790052,-8.747012323185983,-6.6346678592252175,-5.620410866412532,-8.091235413882057,-6.964868668394395,-5.844093802024767,-7.944645009876836,-9.463742020497312,-8.734536931856043,-6.81667815118971,0.0,1.0,346.56091752026583,0.7724006722707848
72,-9.358566130438307,-8.982840576184687,-6.6343573631686485,-6.194466080308415,-6.913181674767157,-9.281463369565346,-6.067991023487521,-7.02876097695744,-6.152671791224173,-6.107257419341758,-8.024646636557387,-8.167122050745105,-9.052528621860864,-6.481771739728651,-9.205794482066748,-6.385165434871302,-6.899064876426719,-9.79773958708927,-8.179261912905636,-6.256659066620466,-6.699952607682469,-5.838345871529006,-6.097617867531832,-9.104804272091,-5.84580728903752,-8.942803210611848,-5.960993540361732,-9.654654625495276,-9.033001479855686,-6.6143002321421145,-8.958118199173752,-8.614541041690869,-9.293288268274232,-9.835925511136267,-6.052329511297382,-7.249819583733026,-6.943920762275387,-6.168233351522598,-7.235881777614995,-9.41437630759349,-8.955363740888517,-6.373686636791075,-6.1482317290918544,-8.133367078570178,-6.623955722650058,-5.999898000901631,-7.708006027999757,-9.142439046579709,-8.73260228836947,-6.753026064865435,0.0,1.0,345.07190529395666,0.6722306812533214
73,-9.412785476257673,-8.899425070050945,-6.861822425357645,-6.477895541296079,-6.596615307380531,-9.068395811324834,-5.5784638748870226,-7.263487665019401,-6.054437172367331,-6.460741602269997,-7.599606629593758,-8.50572443081071,-8.68450976723123,-6.645189939543404,-9.21623738045264,-6.4619170550369365,-6.892055838873569,-9.40038393509123,-8.051732426108895,-6.095815993566546,-6.944291229599806,-5.784916945378482,-6.46429836594679,-9.002990450877112,-5.977571982364062,-8.744842198457533,-6.112154625107125,-9.882829543033006,-9.059634320268255,-6.900991514046656,-9.091501952163066,-8.646347064444544,-9.10643014208553,-9.664390687238319,-6.6608521485774075,-7.267150133227027,-7.236222742578662,-5.822652290993907,-7.205819504813836,-9.396551775297032,-9.160138149175912,-6.225436398819685,-5.627612795853975,-8.473129871733333,-6.83356454792483,-6.00698220991657,-7.645573418292972,-9.310749232144527,-8.934637645443145,-6.813231934782763,0.0,1.0,342.63560291336455,0.740435006771289
74,-9.434321024878031,-9.293362508127764,-6.825090309970441,-6.690831400453991,-6.933389971387197,-8.56721298038308,-6.280368887218297,-7.420244587045444,-6.035750302311665,-6.170548626467892,-7.732792026799418,-8.263165634185667,-9.126091382006294,-6.818602690927477,-9.013675370339389,-6.067541030437729,-6.567943628749651,-9.584550728307923,-7.658632615314776,-6.3741313955752155,-6.77213255628613,-6.226318679661786,-6.106991851880694,-9.177975298330669,-5.649577174677709,-8.67341226848897,-5.794528608499704,-9.722182437494839,-8.896574649470443,-6.67847611181444,-9.003433394677387,-9.07327756585652,-9.28308431420092,-9.453431846067419,-6.352086670141197,-7.3241583706747715,-7.467910968392614,-6.067354815786507,-6.9598654736822745,-9.469358789501081,-9.31270290738877,-6.1760085884709195,-5.685537315285368,-8.379079095765176,-7.113297905080084,-6.063034985027114,-7.989575596655849,-9.083704762617593,-9.05574713962414,-7.160558975552613,0.0,1.0,371.0754307997861,0.4673221484385328
75,-9.344738672074229,-9.286924725626683,-7.203609805609279,-6.58300729774901,-6.995841743118256,-9.13673236108207,-5.9667316939547,-6.837747318522229,-5.916315973942456,-6.117343229003857,-7.842471669248911,-8.016691949484587,-9.0914569702287,-6.549094419076008,-9.385040927665866,-6.332292103347358,-6.715506525363838,-9.600766373856283,-8.061601043745865,-6.33068517377456,-6.731537529899389,-5.521385579847467,-6.426876457665207,-8.968437799126232,-5.826288732998246,-8.624444171684035,-5.970089942667174,-9.878742694417902,-8.999334730634493,-6.7687450645237766,-8.353473698466061,-8.947025420199244,-9.101089140090126,-9.727465624889396,-6.369107970738116,-7.477132975370125,-6.973112416253124,-6.021447658460788,-6.979227865473039,-9.690785420398418,-9.018267209639315,-6.58008566750585,-5.37539136622772,-8.409237206339839,-6.949318486511069,-6.239505796038707,-7.532764799464331,-9.090525759659155,-8.653573370105317,-7.14331282765084,0.0,1.0,377.6853359289028,0.32659561311406854
76,-9.833382835119288,-9.049148773368701,-7.2542011560282855,-6.683960476374057,-6.925041681681376,-9.016617082123156,-5.739514709528873,-7.173169118441295,-6.281701179819002,-6.267292803295319,-7.62079895284777,-8.324065220412816,-8.888733143183165,-6.831074574329405,-9.266613565544155,-6.893258383447941,-6.741233490446037,-9.739618700822747,-7.886031033720347,-6.2829829329792215,-6.707421748597874,-5.988446065970035,-6.158869674912433,-9.192857517645809,-5.769799371365228,-8.949238880095974,-6.170243372408716,-9.715713134422696,-8.964589817057595,-6.5837667771773605,-8.794174932441106,-9.10496708336092,-9.179870167840884,-9.587098432446137,-6.6519753227802845,-7.500806891037127,-7.146664075900402,-5.976778373440092,-7.201766527544453,-9.728525987652944,-9.271316600677729,-6.248249609657885,-5.602411445518683,-8.537459933922872,-6.855408283196709,-5.837380644523524,-7.603713948161077,-9.334113816615435,-8.425917770158,-7.000984600179686,0.0,1.0,351.4690019064276,0.7759193550123085
77,-9.494385705894965,-9.064438303967544,-7.449132058304303,-6.0209304991787755,-6.419414398619052,-9.232102266870426,-5.60895602951009,-7.403985923283755,-6.134589525459168,-6.2871199003918985,-7.611445780494303,-8.246603444146606,-8.625451698559539,-6.448165226293334,-9.213913118309918,-6.210371332928866,-6.927956569774519,-9.520376039440006,-8.146993660006407,-6.340606247235474,-7.093229768067767,-6.004663770453269,-6.235678103466201,-9.281231575661224,-5.898091592626605,-8.716664292842399,-6.37624546891712,-9.910923128772755,-9.449041666047966,-6.652385689464484,-8.48058061284688,-8.84946475025108,-9.230322355727228,-9.655076854232567,-6.542795129391541,-7.642422629948932,-6.862189626433515,-5.894620433405817,-7.399435346990329,-9.652693148700944,-9.24187423244063,-6.70661872727221,-5.543334179730871,-8.41968920491682,-6.8122699637111515,-5.8252627709522775,-7.371250678903849,-9.306194991945253,-8.21127333606084,-6.926166991462388,0.0,1.0,426.8378423819298,0.05709618055964408
78,-9.494315278451522,-9.28927534115946,-7.109237374850427,-6.107158597656133,-6.8261471297171905,-9.200975291095164,-6.003243622605709,-7.259014950424607,-6.19772533508359,-6.50163171578015,-7.69610301670963,-8.269664702720098,-8.635965686070465,-6.621734324271253,-9.416705007788716,-6.3894995319733985,-6.580347515727969,-9.492564152570779,-8.121976502933325,-6.254058688948384,-6.625375809206465,-5.754180891596515,-6.209964000336206,-9.164790938051725,-5.66333827284309,-8.77474017736043,-5.943663833007755,-9.639536944954054,-9.12146572696609,-6.9150937781555575,-8.795066950186234,-9.140024340689445,-9.184240874451394,-9.701969757150172,-6.409232853414437,-7.070540580561405,-6.898424164473524,-5.85566026379022,-7.351378449480931,-9.556377211139642,-9.026776562648553,-6.545945295007461,-5.504301721907638,-8.498662724923035,-6.969017381836018,-5.858388625669514,-7.987554336753759,-9.190149655176908,-8.698614138727834,-6.848668526239274,0.0,1.0,362.47660678857295,0.5498712023761002
79,-9.398615999169719,-9.194407779886292,-7.081288567873863,-6.326916349179448,-6.529835244534202,-8.976522713326512,-5.767745712646662,-7.01477324176914,-6.639138207172343,-6.250469163065147,-7.446923785406542,-8.09101982737362,-8.89827643275286,-6.699793249726846,-9.329792916597356,-6.346529619358231,-7.010133826070292,-9.43175609832708,-8.377735113096717,-6.4255151655925165,-6.791244608016843,-6.150844986732257,-6.321399532322969,-9.103587291204567,-5.6093164931911605,-8.7073521569032,-5.794047643798643,-9.877609003843451,-8.835684583740166,-6.781331439602503,-8.70498058082861,-8.530985525862903,-8.812741881132917,-9.724645797663522,-6.602699562606228,-7.471589419383999,-7.096050779598564,-5.830657826834314,-7.497595368920696,-9.469224079617224,-9.470480414241939,-6.675316940120575,-5.675829694523045,-8.028770854823149,-7.056657181318283,-5.781256350424166,-7.582683753019565,-9.322407342098256,-8.787230469701697,-6.876241509104807,0.0,1.0,374.5900040545632,0.3768019828614172
80,-9.319646589326318,-9.075845158480425,-7.124093123340292,-6.298615427917775,-6.978768867849842,-9.003602309543306,-6.3827834598137025,-7.084161535492395,-6.157807301334099,-6.3312506972796765,-8.067389461109505,-8.257739623776377,-9.183013514274585,-6.670532156229992,-9.246139413162748,-6.642034632401467,-6.914311335513178,-9.57219647266479,-7.643190438491398,-6.193483862300703,-6.976238712407065,-5.962695181194952,-6.147817627078829,-9.102975641204583,-5.66493939968808,-8.547320180808802,-6.368439909260101,-9.857700029122283,-8.866051321251073,-7.0111193410097155,-8.766660232681694,-8.925804074952323,-8.807649347811783,-9.745208645106349,-6.413206050658982,-7.624835214470576,-7.208399836371107,-5.78465304249922,-7.216931721886818,-9.66776701575195,-9.11928554385439,-6.406737827618347,-5.759660681111485,-8.291012708753899,-7.145614952366582,-6.112484833290216,-7.648263896545329,-9.110048226063354,-8.691700112253779,-7.033849526359608,0.0,1.0,361.7732342424057,0.6250472972916183
81,-9.460276294244887,-9.18114807655586,-7.202842991764084,-6.234489184026001,-6.738143837087958,-9.5718476184693,-6.000983806208449,-7.410102226060353,-6.3506686736846465,-6.264498784253309,-7.564391036051817,-8.6647821891935,-8.716174350979353,-6.566100944520702,-9.558473409073502,-6.385555835810421,-6.851075083501787,-9.35715688376839,-8.167505883094275,-6.203157410288542,-6.8274183143003135,-5.86997046175286,-6.376580209695477,-9.001657308668847,-5.598796861178255,-8.808408418801069,-6.029791192668364,-9.534504752024016,-8.73085977604716,-6.777954228209355,-8.699485973681513,-8.57226411215755,-8.994342387376815,-10.0094269804276,-6.6181746057038495,-7.667067582733031,-7.035013816548893,-5.667360454423707,-7.349988871861235,-9.248278125091103,-9.382346241017856,-6.348311026471461,-5.521723247879738,-8.271170570548307,-7.017872786553878,-5.767080759407451,-7.565418615980902,-8.925975242324807,-8.849041967856982,-6.949631045189704,0.0,1.0,376.14943454561273,0.3882198885964012
82,-9.190712076684813,-8.811758922895773,-6.795547763428255,-6.085097386172521,-6.699912983188829,-8.994368033173675,-6.047188704332482,-6.993319364526601,-6.272640599550571,-6.3383597298519545,-8.174613424499396,-8.058119249926616,-8.749133763062261,-6.61098445459731,-9.58428910304304,-6.893128488765825,-6.915921276959532,-9.351583401382397,-7.976406513290815,-6.194503613749701,-6.6183568968080255,-5.429367355465431,-6.365959266345313,-8.958852471882642,-5.72850117191643,-8.62284417989392,-5.952977575166857,-9.50370503526253,-8.864784284700054,-7.058032894424888,-8.698371025489129,-8.659535021990768,-8.982761593456667,-9.407446666705054,-6.586750227919315,-7.118385844167934,-7.144595918424074,-6.112148823884016,-7.15344718827929,-9.171879352711946,-8.912560270702869,-6.624388961791578,-5.736055147229345,-8.368169908109143,-6.821184263274368,-5.841821885178583,-7.569344641059632,-9.167588943095435,-8.600432783278578,-6.738000397154689,0.0,1.0,367.42280188417067,0.2588789540995907
83,-9.394533135761755,-9.043146653476168,-7.072297653769275,-6.173292286207996,-6.77992108503504,-8.896124099591097,-6.032691647366486,-7.0175904313974895,-5.510572171688564,-6.443052370085301,-7.9009698984669585,-8.051863428678885,-9.238249185240884,-6.629757812207599,-9.414170611606593,-6.352420363125016,-6.527766481489539,-9.274064761572049,-8.036971954666837,-6.366654380538082,-6.621865621998572,-5.896007804555422,-6.451490781711165,-9.093563091963636,-5.855201896972589,-8.733766078750552,-6.3040947206698,-9.782190746635973,-8.742637567822685,-7.297788597300235,-8.544327506151928,-8.861514911659484,-9.048743403715704,-9.442109138632588,-6.62526621450618,-7.352120633387033,-7.438577148588536,-5.453313651039292,-7.482492220918602,-9.426217131331041,-9.200960694667742,-6.657594207565359,-5.865165727944676,-8.28433780813519,-6.859396203211849,-6.057890730034875,-7.587955161736129,-9.566512417689513,-8.910520799666891,-7.019887907088895,0.0,1.0,410.8612048243239,0.10995949996692361
84,-9.408660290614604,-8.94478580858217,-7.213149186982754,-6.428208532947491,-6.709003100456248,-8.857858829355237,-5.628676843504353,-7.091014605168048,-6.172074266656708,-6.578822499042953,-7.912415089363272,-8.10621585013974,-8.896463889867682,-6.99674191477086,-9.211380046886907,-6.571867015138817,-7.071849613846805,-9.51680295382424,-8.02839216399723,-5.9309770229231935,-6.652355429500091,-5.748885541501413,-6.144379702316459,-9.17099125000818,-5.752545551663229,-8.494854252932473,-6.032432355874544,-10.056655224609857,-8.849761248166189,-6.97328128022535,-8.436148000055947,-8.745988754618779,-9.376124657200243,-9.80317373758399,-6.831891406329251,-7.410908779952134,-7.159299781331946,-5.925266389436598,-7.541443168027594,-9.50325162500195,-9.304955276042085,-5.863555104017384,-6.0040022966789115,-8.099911558626005,-6.803915645998331,-6.491179204471341,-7.345281934221362,-9.150801808161981,-8.601359309684653,-6.7854010916886764,0.0,1.0,377.56777633498854,0.3475119674014286
85,-9.602845402468654,-9.139253126862931,-7.083924719033125,-6.071328305660911,-6.519601371489418,-9.120868398471805,-5.650876750132629,-7.061082593537763,-6.438491197286139,-6.504667217996174,-7.821403121610712,-7.865998561716536,-8.998621954225872,-6.583661785659044,-9.393493978271337,-6.307328032280544,-6.741222200814353,-9.393612061375677,-7.846521108956947,-6.277904282190154,-6.437159507114723,-5.897152482098814,-6.05724432047119,-8.705882145573959,-6.113437611384684,-8.53654695952497,-6.116654665213974,-9.621137391267524,-9.204565896073765,-6.712946593634937,-8.661231429782134,-8.665558942117087,-9.235956982971029,-9.982715969210027,-6.590098511895051,-7.504394457375496,-6.859845097152376,-6.19061517241143,-7.23094206759944,-9.657269065727725,-9.06360131246261,-6.347110606073532,-5.150619438844236,-8.548153816203108,-6.749597615226669,-5.960559554157429,-7.842073532744548,-9.453112398607642,-8.790337899585516,-6.983128895200004,0.0,1.0,335.2153341393357,0.7783384587595079
86,-9.743230321024013,-8.78889619757612,-7.02745144155102,-6.660283834263051,-6.768808535736935,-9.491666368504909,-5.5853240260323895,-7.02495288745739,-6.233884674965964,-6.101721740125933,-8.296565413474594,-8.194634168761434,-8.600282282913872,-6.722533738005662,-9.336634843710693,-5.990970599204202,-6.835033335895224,-9.700550207769089,-8.177679974160434,-6.503551278541677,-6.727988289101941,-6.158571848212063,-6.214822034037597,-9.051083624023248,-6.091048572811683,-8.662780035394789,-5.73478280618179,-9.258445620465091,-8.830090494848132,-6.933599035357881,-8.808956696175915,-8.926063244299536,-9.191092322455713,-9.66926486898854,-6.099129219155658,-7.652076955269704,-7.1818427743326545,-5.980886140890899,-7.328719221297536,-9.598251150583444,-9.428897157176678,-6.59600704184249,-5.597403075324981,-8.230630733491262,-6.96605288520773,-5.611919287762429,-7.771906546046089,-9.245194587256588,-8.799976653296108,-7.233811529363429,0.0,1.0,359.3481101962673,0.634119874653067
87,-9.40482523166778,-9.06710540342817,-6.997071743307359,-6.253306703360153,-6.82819957494382,-9.072974526475308,-5.939628314399535,-7.2754046663535075,-6.2873272708221135,-6.342047056909832,-7.380501425871902,-8.086876915788624,-9.26720480886175,-6.778539147230752,-9.456165056476976,-6.550985329366428,-6.770073297347053,-9.374678554696368,-8.180655639594239,-6.268907839359512,-6.863141717957732,-5.732230329855975,-6.157389024691809,-9.275747902729796,-5.8836006344346785,-8.906105813018174,-6.089289951679189,-9.60195931814048,-9.13566764779315,-7.040894991332672,-8.721114566336245,-8.726885474528265,-8.829301131562811,-9.633944743141056,-6.286740725039427,-7.193831782330141,-6.974474409074023,-5.750146770471105,-7.185776074285532,-9.319568114248074,-9.306969188943699,-6.701272550390267,-5.674071231793994,-8.104887383201184,-6.793609700885469,-5.7606857816992845,-7.863718415915032,-8.989323081759839,-9.061902216379865,-6.842958236513894,0.0,1.0,385.76182691209186,0.26118713704717794
88,-9.618327680048484,-8.796423063937581,-7.313879423996232,-6.460053068560592,-6.5667253559709335,-8.918852127845888,-5.942928212327157,-7.025178565667089,-6.347176755735672,-6.411486919776048,-7.507301436609196,-7.892207427960869,-9.03702180510659,-6.963441595132271,-9.561470623624892,-6.185910281118259,-6.773284760351439,-9.50885037786431,-8.31484928340024,-6.447199794722077,-6.748961117657947,-5.904041833531699,-6.400644782611732,-9.037471772662395,-5.713333805307493,-8.952460224391224,-5.9933429569546375,-9.578393375362785,-9.166040843994216,-6.958382209460984,-8.647264650316254,-8.696790625634314,-9.065333706781738,-9.431098783872624,-6.604122334437689,-7.264194298809558,-6.932760810844808,-6.036472172502909,-7.143221988103036,-9.50356281796924,-9.374835561665948,-6.502911938468711,-5.922269443442118,-8.171482805814273,-6.799063842663283,-5.708770261544702,-7.597043767723674,-8.894887054521806,-8.72510675784852,-6.957197858293724,0.0,1.0,412.37933823869366,0.08452377383651744
89,-9.289980829633722,-8.997656143443539,-7.130327269412582,-6.47093961397541,-6.78019840399367,-9.487982283640886,-5.775751411171476,-7.179025008917961,-6.241811631000389,-6.367537065691812,-7.518489985494261,-8.549528797062525,-8.754291381077367,-6.396047522936009,-9.298954712800167,-6.568339472410575,-7.0049562646467205,-9.560078470187918,-8.04317055403675,-5.967365069310513,-6.5699696527349465,-5.986702068456068,-6.36709786326677,-8.915255211426505,-5.586822367709392,-8.979341411486791,-6.103101941842762,-9.652388888643681,-8.987187495279047,-7.10365510947107,-9.118733563952295,-8.65125250146834,-8.901769106724792,-9.658853783661966,-6.5764838602965145,-7.33938710509285,-7.405039703093279,-5.810362872952508,-7.397730324776359,-9.300364366779393,-9.323616509847826,-6.057829658574908,-5.507040159989083,-8.1256010355141,-6.981065829875051,-6.023849805472674,-7.601556506721916,-9.051212353119336,-8.31041847227336,-6.90264341097242,0.0,1.0,394.33087882126136,0.17603711776539238
90,-9.815736280107823,-9.375583766138801,-6.978498975748264,-6.3930417408597995,-6.63176906354055,-9.069285734700848,-5.874926909394277,-7.352480336014958,-6.4303050715838435,-6.380751036480585,-7.4361713882808,-8.290073721521305,-9.022254483482376,-6.696228704338446,-9.455098659949353,-6.551250796348221,-6.603079054843129,-9.203181720170459,-7.9235259107272595,-6.148270510008384,-6.737737852374629,-5.823143989998578,-6.289693988464532,-8.767690365332907,-6.118688697845491,-8.703993551567443,-5.771398751309963,-9.542257267251744,-8.656361814752568,-6.533830527266164,-8.691517804985564,-9.030193264768537,-8.838897176756745,-9.87303089204963,-6.868040570885088,-7.362706787503194,-7.168480495958463,-6.024018569666831,-7.139629717748749,-9.877776318806365,-9.232147199836369,-6.240239060313844,-5.54498261011585,-8.494202363714624,-7.050239702766717,-5.900915976098088,-7.3975607275996484,-9.108263735612507,-8.52260385228006,-6.694005113151372,0.0,1.0,358.4103040299951,0.5317444571631068
91,-9.45889981767512,-8.818249562433238,-7.130773326641514,-6.52367939934721,-6.461614620981496,-9.056211100146427,-5.806516103899449,-7.288351977744252,-6.303538667823658,-6.021372167370056,-7.792563870221993,-8.12945114447376,-9.006592775474559,-6.912466357557948,-9.73052579673284,-6.056655187798484,-6.5762105694966495,-9.499697338375642,-8.046098672817706,-6.415639165957606,-6.830608525665246,-5.449195236859668,-6.3140905339423385,-8.854274760543289,-5.865091352199863,-8.8414615527353,-6.142874232951274,-9.660960399516165,-8.995002541981112,-6.550009823644089,-8.74888255180613,-8.797872874873525,-9.021451144737192,-9.827050613481806,-6.588931728625597,-7.433368825509692,-7.018771363931891,-6.2059346320899325,-7.43888245649265,-9.523226447651046,-9.157355201347551,-6.380497118534641,-6.113387861371869,-8.399028894924838,-7.009458254268014,-5.731057617475113,-7.84811630085385,-9.669249066178958,-9.051890426551347,-6.898717254028663,0.0,1.0,409.54905710350494,0.15454732845983798
92,-9.306268921728558,-8.804904689636881,-7.375806674509697,-6.134746930355797,-6.769503326371878,-9.53772116669264,-5.651514108369417,-7.080304652459949,-6.174140812004933,-6.342645396649581,-7.820488425067812,-8.161769138682809,-8.679559680879885,-6.811528664843433,-9.503322498639664,-6.199175976833554,-7.077007813688714,-9.485335540258516,-8.109588879050058,-6.579287048369084,-6.723118382414076,-5.869851823228009,-6.2112503943063855,-9.149670388772448,-5.877953690552099,-8.828926203467772,-6.1743490699585655,-9.690256725806782,-8.83253047121091,-6.73704820847467,-8.94136070045285,-8.622222962049289,-8.911957007313324,-9.55478013657868,-6.647446291703951,-7.364134789976646,-7.459243893555616,-6.10053487702537,-7.3154325560982985,-9.657541712727005,-9.049072562052318,-6.097683492953269,-5.647151920090422,-8.3499976023172,-6.619686196083939,-5.902116948515301,-7.750747377656626,-9.230402623493994,-8.960866355377277,-6.748738593341697,0.0,1.0,414.45776460558034,0.09745575693095453
93,-9.466117411042562,-9.040611546194961,-7.0283166814609395,-6.146163530799007,-6.560220919705161,-8.816816871387628,-6.070569113692258,-7.231769733396396,-6.002157163215723,-6.467820209675966,-7.390160646714447,-8.368016640227008,-9.270823582963986,-7.061180711359899,-9.377109615658135,-6.389764710022841,-6.981254609147526,-9.593576514394327,-8.12075404794087,-6.63815536267267,-7.065392451556679,-5.97619050243356,-6.216488026637258,-9.11903956743454,-5.8945101562605595,-8.668657545999523,-5.956210786995819,-9.7085641284877,-9.145842875754214,-6.721453573632338,-8.78662079867137,-9.0026401613356,-9.190495391287035,-9.784032753322833,-6.536011200219107,-7.30485448905161,-7.218326850761167,-5.894800806104535,-7.320404074567835,-9.237289964182944,-9.650614657001713,-6.599657619327269,-5.589082527965985,-8.280275997866068,-6.736601991108734,-6.276952954883599,-7.845033670582432,-9.365209889384367,-8.791134946887862,-7.179557778265383,0.0,1.0,385.8420391625578,0.4380631475941257
94,-9.425602103472881,-8.864416211171928,-7.07181675155464,-6.172987390423564,-6.791783342621784,-9.103044618210799,-6.122517134595613,-6.786187328397477,-6.234298303793219,-6.151233702582544,-7.681272355268815,-8.428255802054414,-8.894457016885585,-6.718718927465928,-9.868060301463807,-6.628747879411491,-6.585028428996642,-9.559028332804342,-7.9208757512105334,-6.106451903873706,-6.41212886138505,-5.854266088585029,-5.950020941764381,-8.90563495211881,-6.025873936535558,-8.55797650520964,-6.364343701683989,-9.418078539274212,-9.11444278136251,-7.073812444334448,-8.48743148862018,-8.59525418933166,-8.973132199354868,-10.191772423007947,-6.583945076412433,-7.424851168543736,-7.251089853959264,-5.785108523330258,-7.755744869217551,-9.865456126515296,-9.077227494968755,-6.370625860739704,-5.889403991063411,-8.20228441283766,-6.5357409031325275,-6.0583311378322335,-7.916822681483296,-9.045153798262838,-8.76526127066754,-6.9948936024718,0.0,1.0,391.31129456813073,0.24187604400404067
95,-9.609302309695085,-8.810399407079217,-7.252302607189089,-6.580182835611618,-7.082016746353109,-9.330109149764766,-5.759802840614645,-7.138446061943555,-5.984279119056952,-6.098473159765918,-7.580930914754091,-8.059523597430355,-9.032204805958896,-6.462333214794951,-9.436366418056288,-6.67811700476958,-6.683239671143467,-9.531372254016247,-8.313091447027062,-6.463878088620888,-6.620006859856291,-5.718257107071406,-6.252768539876224,-8.951211079039442,-5.702078166764289,-8.685933258864772,-5.921784255533655,-9.453263810153985,-8.827567111431451,-6.697763475583002,-8.732214262821858,-9.02587348536981,-8.966313285379801,-9.635548077550363,-6.642649327289443,-7.1492748707625475,-7.343177232334786,-5.971824456845619,-7.068634432426602,-9.391747249880588,-9.302945768982541,-6.539976103737465,-5.949452730436331,-8.802771566187898,-6.660030436145865,-5.90487980264389,-7.142232795972127,-9.09729141816584,-8.469209556848867,-7.109609657917295,0.0,1.0,379.2913235486831,0.29704696021550525
96,-9.40329632495488,-8.872008814902646,-7.169418999324598,-6.140385443204293,-6.5990760716566825,-8.997334059331632,-5.908407250202263,-6.728069650599196,-6.303115357713351,-6.094894585094648,-8.002785959570561,-8.034198742577354,-8.863707416851954,-6.6568492116927205,-9.37950127091558,-6.307258992059174,-7.149746285047813,-9.733448259615427,-8.024258929243711,-6.255727042107602,-6.710436773870915,-5.780300650412997,-6.322667660865736,-9.270061210279554,-5.606322809240443,-8.898927127003567,-5.7665659732014785,-9.410933539819268,-9.028109031995276,-6.79819135823673,-8.863372593445577,-8.679131089027562,-9.192459588264837,-9.883846869058727,-6.375367906801434,-7.47035612954158,-6.8925394668383815,-5.9128872207341,-7.105853561339748,-9.836488081220853,-9.21406594023261,-6.436414070462893,-5.605187250499527,-7.940140242901803,-6.771161998049741,-5.774658643255071,-7.445944845061003,-9.418056938985385,-8.77118233764666,-6.656075192314695,0.0,1.0,357.6679570099429,0.4933612222815595
97,-9.472641048734575,-9.322847555061959,-6.891948441050836,-6.293656262140169,-6.775776877925196,-9.084688347245008,-6.166978971929839,-7.057143883860956,-6.021581959950273,-6.3140686442149985,-7.823194120222935,-8.369572810315669,-8.820127270231188,-6.479450527385765,-9.306071113528247,-6.48602020616326,-6.883356253131245,-9.393189034026571,-8.133495602193765,-6.331261311253601,-6.777503539085705,-5.4188943251307515,-6.18982115150156,-8.8134523269215,-5.985082885295492,-8.900026812052296,-6.224209082564095,-9.987104408508202,-8.834976711921403,-6.8228998338854,-8.80937258597495,-8.806539106780649,-9.08775888677211,-9.472435162458705,-6.656204453041974,-7.571370528738886,-7.274424326416698,-5.79206386641183,-7.104016896747182,-9.750803246664542,-8.931413212700809,-6.800484515076558,-5.482292293050343,-8.124500579658704,-6.562407629762355,-5.866150996624919,-7.818228955498485,-9.157282823812142,-8.721122461957382,-7.030391760860547,0.0,1.0,369.4224675249392,0.44070768329826904
98,-9.41457697227134,-9.079481331193083,-7.579917968351289,-6.092928532779926,-6.811026195831231,-9.361868861665576,-6.28524827914831,-7.054900137970076,-5.668013762741039,-6.305739544996535,-7.516211897360352,-8.242818738838807,-9.144129197379756,-6.5194619392054,-9.754863680568027,-6.303663374830279,-6.850535033287979,-9.5909528343489,-7.890831949059674,-6.335168634494333,-6.625065963645717,-5.955061047878861,-6.685153089260405,-8.903976277494008,-5.813688622698238,-8.51493518566301,-6.277423346602233,-9.484878069746838,-8.589889510759084,-7.068032566997451,-8.683992385082481,-8.79954630847969,-8.929228287152878,-9.602793801143541,-6.3549393313932585,-7.684187784067414,-7.202301000342715,-5.815041840964403,-7.029118256381813,-9.508685320817847,-8.920038087070456,-6.3354117121655475,-5.888068942343979,-8.158615483977208,-6.925536238528175,-5.8288610628720425,-7.650353121717034,-9.306471384003954,-8.611948883705306,-6.551398808377506,0.0,1.0,375.1416524154098,0.3256342691718717
99,1.7779864114292274,-0.14360730278236966,-1.2288198841713696,0.3275795075199679,0.48033684069450855,0.7368960698526963,-1.5862497799200077,0.9819030651377338,-0.8720837197030562,1.0136983485771327,1.170822518282864,0.5096023851174389,-0.2260446248863941,1.8538614096298627,1.5882662148782085,-1.2127828476859035,0.38380453275035853,0.293507781924053,0.8197974167132482,1.7170480736033036,-1.795080684449521,-1.4607520443429287,-1.5318859755341836,-0.5411009571976355,1.2136433531132118,1.880970883441397,-0.6680829642818726,-0.08632050335799413,-1.2842502099364959,1.6101379533982216,1.0543027402735627,-1.2045578783302182,-0.5372553285125319,0.38232908738965454,-1.8396229296509592,1.2985119326612287,0.5610855309689908,-1.9234519569486532,1.2241534867698678,-0.3804293920594848,-1.9855844625207912,-0.1390663372945884,-0.6525963262892036,0.14159765139985714,1.747166390857645,1.50621859976616,1.0082974412350931,-0.14001528753194936,0.8156026209730678,-1.845114612929951,0.0,1.0,0.9614252959395709,0.2859621635936042
100,1.3743424011768701,7.081556051570995,1.6893623092250256,1.664137182260002,8.00334336035805,7.915427942851809,9.790756134656737,-0.4783939130709768,6.3838185866123585,10.859570816429864,11.293909324298653,7.699801677504701,10.616092626660013,7.178266370371992,7.495682631182528,2.2052727949215587,3.8432424767978017,9.132557013171565,8.695081642078652,2.0928826099371505,9.723960328735751,-0.49616870702559607,4.260960344716069,1.2926303929903509,3.8027985782143316,2.0658565568487246,5.699128171594049,6.900864218638931,0.130550602464117,-0.3410204129545689,0.061868706387789345,-0.5944424222857636,6.508146697562713,3.1203957343447573,5.141157246907864,8.871595529103018,9.664966539341599,6.536984058775732,1.5505275743519162,10.212897312232357,9.060900448085356,3.151816616637688,8.488107077370458,10.95757597131836,11.939706465180738,7.812240450015179,11.676927652160243,2.4529501255452555,8.848389019527316,10.50125154391156,1.0,0.0,1034.107645847693,0.8731068927081813
101,1.0282230032231272,6.801938477232726,1.6239945245952203,1.8829003533173516,7.133016637070178,8.076886671051824,9.636021689681263,0.1617046566909136,6.105557096848495,11.485090519895145,10.928042231121463,7.26301225324573,10.590957285145114,7.17942033778598,7.335830015054798,2.478383548857742,3.3997586402864086,8.546934110099139,8.304087338744827,2.193502173689682,9.839884487643353,-0.5426646517721025,4.079601781411879,1.4573465005477733,4.242461519442991,2.4728112159091857,4.907856460285239,7.056492518552686,0.8318852989255674,-0.9170888914755178,0.28271893306789586,-0.8275073352660526,6.183444913782664,3.8972539372539052,5.356714227529954,8.691865587525768,10.00518446239416,6.315139953415963,1.5055154069210253,9.771713573486815,9.579187969349208,3.076804540919954,8.348481050848026,11.515175752018878,11.374056470963815,7.914620182628987,11.304174287974742,2.468128367781638,8.814919492667771,10.285999133430613,1.0,0.0,901.6367009944353,0.9633444908522176
102,1.6166427293501462,7.194948997238449,1.519414470204085,2.6026251508861025,7.445803950325162,7.83194317983689,9.579525987307301,-0.5308955530817856,6.171246157608044,11.23101127532889,11.595826380218174,7.427981274820355,10.832047156438849,7.188846751524387,7.49170583285774,1.8335183753872535,3.2512864639082997,8.706567390707963,9.067914127654124,1.7997631919038282,10.126756495494591,-0.5141494494677417,4.685386360813744,2.0017196438609512,3.96657751925792,2.376398328414295,5.067428531339399,7.145604758556939,0.6078822278880304,-0.5115339617130523,0.06858875995361483,-0.4560271980824969,6.643929796125353,3.89983142930627,5.237957957028133,8.327422623832994,9.483733205950529,6.525342570567577,1.8394733437620197,9.737777975913206,8.704539734046131,2.647932926356249,8.286263444582852,11.447787252037713,11.368498206049638,7.801217140833845,11.528666531455412,1.9471241257546619,8.06846101193254,10.46904576655514,1.0,0.0,899.2914755940216,0.9793979308034099
103,0.9906490996334802,6.688614993107626,2.031133982158779,1.8059032260575545,7.586791148371076,7.77556883487009,9.648031959076105,-0.29861741613657594,6.096019274728987,10.851143017688726,10.736365400857013,7.128184469231149,10.387797833442631,7.681207130653602,7.663359296704987,2.492871631482835,3.624382706578654,8.500509051339384,8.29689630428199,2.0142006332051836,9.782375471733639,-0.10618988198432228,4.518225341330153,1.8720288218110506,3.379836058446383,1.9818092179066884,5.06398898306798,6.85042035497318,0.43533254336332794,-0.30673204032808615,-0.10655260074656228,-0.6679292432560264,6.238158631287831,3.778689696406905,5.1144841632810545,7.953741518626739,9.87581137758649,6.238502975887902,1.7604271376759406,10.124907372814096,9.248573428685013,2.9862101292828953,8.649562414761911,11.40345460393005,11.195346310782181,8.409193004210904,11.655957183434106,2.291086067589394,8.466162244690512,10.773585176269703,1.0,0.0,904.3355407343925,0.9335367297860386
104,0.9096957550627167,6.814257021208825,1.5394616738626408,1.8328595937759595,7.733204300764071,7.511958723972202,9.190639491230389,-0.189569914213384,6.382433207618536,11.187928846589799,10.991747547145556,7.157615121649833,10.67998376337657,6.863271336696009,7.520103627842375,2.409719369697108,3.6343368560549805,8.919887260969368,8.425335926736864,1.6366344198913814,9.57845326497633,-0.32204824299054624,4.556160682334507,1.610234163147919,3.6589756718928945,2.2363909623116394,5.395065534227485,6.923946200274644,0.15481247648623866,-0.44292779592610315,0.07629765874910929,-0.7174365331571729,6.221241825151531,3.3753825164054327,5.193789173413393,8.378394547201106,10.08024838738643,6.122995150778894,1.5876754096058034,9.911405224404174,9.14453836464628,3.099543321823843,8.655486698106388,11.665558199210938,11.691479410556306,8.07788622054796,11.194893268594173,2.1265378682773184,8.46220805635928,10.869533848439916,1.0,0.0,931.2180711927057,0.9203904784625674
105,1.6096520026650591,7.044366594249518,1.8282042668800895,1.723451263997145,7.346042472860361,7.551797412123968,10.038404998534915,0.23547069897846706,6.156538437216002,10.641628982033726,11.088686662242756,7.6525520813067525,10.546730493016641,7.1912992177200294,7.347183702191166,2.3337987703186283,3.5683924895508667,8.638100644743552,8.224947548259154,2.330758450606899,9.838281716571343,-0.39948466921568615,4.25705261772347,1.9275507323849501,3.846260944910913,1.836242716972238,5.316915403440212,7.155356793736077,0.11128601750044642,-0.7996982238268158,0.818065728295434,-0.5608172565338783,6.194022700372693,3.8919958706694837,5.667462338775419,7.8723517432411905,10.028330252629736,6.053834938647992,1.3115398469363264,9.956740378919406,8.811207269632163,3.50851286866186,8.40109196473044,11.929908270773998,11.35381038900013,7.807140648225369,11.337172310801755,2.281640030654635,8.435574416353422,10.795626848764048,1.0,0.0,930.142049987998,0.9151326435782137
106,1.5625847942043647,6.561570542474868,1.0004855756988513,1.8276458990226792,7.284659950522071,7.432426648488473,9.54260634526341,-0.5972923130230223,6.1104427983153995,11.30773213839411,11.09296513893009,7.423914293255481,10.71191483508613,6.573523985512327,7.456109839544185,1.6784754252013312,3.1172697070426643,8.631930770771195,8.513164358876576,1.9639009691969185,10.410243971872072,-0.49159669629293257,4.5175589034679415,2.21246199303481,3.9223663956362027,1.965012034997078,5.406186063378502,7.520714185355999,0.9330885863202711,-0.5194847001693004,0.08182019685570821,-1.3622591072407104,6.402315056451996,3.650277012553765,4.987631334444889,8.535281733246386,9.563635442132432,5.8304563876936735,1.6047364270349702,9.74863087771804,8.791685275031094,2.560688154014045,9.074141031587171,11.352171980346567,11.749788803413908,7.686707840530704,12.033593732975703,2.523943592568846,8.243963624737113,10.912883337976684,1.0,0.0,981.7439757362861,0.8380241001433819
107,1.719479350910121,6.823328290515715,1.6385783323900633,2.1093519433399424,7.869644875443532,8.046814257328142,9.516577756348868,-0.270040260290393,6.358544738908741,10.815579359456029,11.514242429613788,7.581234225687316,10.728577040188478,6.79051116143204,7.329932248804952,1.9091468381512728,3.7089061142656337,8.386272848149483,8.546085247771673,2.188058008752314,10.107279834513031,-0.6579709057689012,4.165711196261389,2.252761381305689,3.976310244088589,1.8874935670157855,5.710745866316034,7.570122988776572,0.6257646768246183,-0.5433508206653528,0.5106193557142951,-0.6940550359389471,6.4298189652126005,3.843440440565383,5.359478976654398,8.159360045093601,9.948955605445418,6.091055115126589,1.7217281825686832,10.35861435125014,8.84961393897425,2.3807065482323098,8.93277215349083,11.833714230474044,11.517195160419593,8.075175563312703,11.723681883041017,2.10207496250855,8.165700228850126,10.761072386011085,1.0,0.0,1033.030861441127,0.8736036986566733
108,0.8415210069939733,7.001297832212053,1.5244902690460895,1.577599589137492,8.05517827515735,7.3730667639974525,9.835137010051655,-0.2542023397436002,6.14260331640692,10.772881919050166,11.148431371105488,7.391243818916735,10.138796387495594,7.333822154416201,7.1893446047209135,1.7600392480304377,4.0346459901170455,8.546834227884798,8.981345677068463,1.6453686559524987,10.084058185495724,-0.1785327857816843,4.056460501363953,1.544168104551655,3.9527308309568396,1.6858091565921813,5.553332535350885,7.515742324457298,0.27198466852700937,-0.47008127824135765,0.3140592296667898,-0.7220639790599446,6.666353262127428,3.871486570766986,5.340250490623699,8.49700446839633,9.83567818137639,5.619003206016656,1.457738388240847,10.690019668766373,8.822249647413512,3.29463604398239,8.510462347230371,11.681067617488733,11.566205469417994,8.044112117254588,11.436348435990107,2.1149529777195224,8.994882574441968,10.886183797800278,1.0,0.0,1026.904917726552,0.849206801112772
109,1.5285222540518266,6.689448621568792,1.4015786242781902,1.6010210942424434,7.159422614478509,7.570212166020069,9.485166717778768,0.13297122019458435,6.665883660845089,11.278511288504609,11.107123483549405,7.247044270504729,10.222236986619922,7.474611139647978,7.5850268651761485,1.4957855667713376,3.7532689760388833,8.825121500732546,8.76648984117887,2.447862037442438,10.150038687517785,-0.20095291724337713,3.8394767922515807,2.0139734926673225,4.320756689614157,2.3163083795498767,5.073734153977593,7.426395837981327,0.4068022238013412,-0.721381867942494,-0.21898442956368402,-0.2664643776339693,6.33602045292379,3.719739896211382,5.270887796831905,8.885533645644752,9.847030334615006,5.890577910966289,1.577938707233013,10.386775404528013,9.11676526162794,3.0227465988445807,8.700119098735902,11.572252592678632,11.092274703462822,7.638103264195945,11.104906780709515,2.4763277589737145,8.546720050252945,11.008865252004338,1.0,0.0,1010.3640201780224,0.8141753834697559
110,1.1103550757493346,7.056247371069665,1.693718386360355,2.0782158477615686,7.639186383156533,7.381838304720272,9.593062723814239,0.15904077708038744,5.985467548855824,11.19752735649226,11.294258550275206,7.363364432331468,10.349882789635116,6.698623840953762,7.375208380680089,2.137788489578245,3.3489227803453843,8.915081043808202,8.450499271334854,1.7456512042840902,9.908390175340957,-0.26030090550533663,4.416225548028406,2.279889704474192,3.6383117606607693,1.6623353922584228,5.054027703212343,7.344758933355536,-0.23720040922415064,-0.6162713842660835,0.23842479365647135,-0.7970542151905345,6.37059040216378,3.51328055101499,4.926416554416317,8.182122074294895,9.234229031834165,5.821539238298245,1.9811800730814342,10.189674568648718,9.231777481073182,3.0656567052461736,8.490230897192033,11.629589293198388,11.387048239243326,7.780001556738867,11.323271072896462,2.817996925703221,8.483385708981588,11.201993473077714,1.0,0.0,952.1691205575386,0.8533818251887803
111,1.0975492643503955,7.203295656238034,1.7033474456878681,2.0848333781471577,7.721302300051103,7.610004528009881,9.597937770011042,-0.7106227878567623,6.472390609364558,10.91393947967277,10.9930107939879,7.130230149831109,10.764895223787509,7.588289778066794,7.351941347602466,2.1723276010276247,3.0351567265371115,8.619588826955768,8.650722279632145,2.1457863834481627,9.752083592638495,-0.29152227718986895,4.860275635605788,1.350046274015301,4.101667622986387,1.9125643426770593,5.136332311051441,7.463767676631413,0.09578042133211631,-0.9626584186096782,0.10692125631718102,-0.6135354447436815,6.318350235106162,3.213828504787023,5.668377155215353,8.557086454618572,9.957319124399248,5.883411069491853,1.5536609624580644,9.746699858409892,8.947232954366697,2.9289994001700053,8.66754936019819,11.705212534132299,11.558815430550403,7.807677826291268,11.076071956633948,2.3376213058915485,8.629562224199063,10.972700945019607,1.0,0.0,981.0377987451515,0.8833024887177495
112,1.055834648758696,6.7209050306632,1.2987056822648713,2.0139135961190173,7.539312674459114,7.677364090173219,9.423726564623623,-0.35385648278617915,6.584527501982339,11.063621666616568,11.387191273671906,7.482397336312577,10.535160368268016,7.177413929726455,7.52182158260339,1.6700393652398489,3.43763144461086,8.968072149852912,9.038962921800076,1.6549433615181819,9.246486589295337,-0.5753903464917116,4.556976888496462,1.9532194506838008,3.907629606078041,1.6482534518631307,4.487824189296504,7.128135241774386,0.4416372923841311,-0.22867641333203303,-0.13667282776499934,-0.8423651049382859,6.947299389630106,3.833443354717863,5.1422729941979926,7.898256962963464,10.390173476439806,6.276364661512543,1.6931713210728083,9.98839714685585,8.765801976669373,2.741815190396782,8.803113207245648,11.668382446526131,11.496156376579815,7.914248813374688,11.241395369745236,2.6462435492225524,8.687690534005222,11.016370670646056,1.0,0.0,979.5351466961025,0.8918173182819981
113,1.2767007793759044,7.05795450787708,1.8531272959285137,1.9906369373476807,7.4196757384249405,7.6867199069365055,9.69073815675808,-0.3230917584306429,6.098092273533652,11.52174617887992,11.428329122627286,7.240714912465899,10.308434951733961,7.038806553168132,7.534510200969303,1.8008951514146954,3.5351768170076743,9.190419625560038,8.719363247803194,2.0054203720936945,9.889235251651836,-0.6253965300644482,4.354766210368405,2.041268632264104,4.189743740977797,1.863979288678654,5.384570523112757,7.484198632448512,-0.11625443471166658,-0.5503812413422369,-0.12422352204378728,-0.4747380077073129,6.528988540088925,3.553658182257776,5.1101607354461684,8.75996826177033,10.143268864086668,6.399056485045655,2.086428002567363,10.021772667696291,9.477214095624925,3.0657819549216634,8.654879792154327,10.967349432037453,11.778643065768513,8.157097056142002,11.553253370604468,2.420615211801458,8.352190476951026,10.13355553063531,1.0,0.0,966.2004676392447,0.9650130023946051
114,1.4967874819234925,7.354847328217048,1.5447981395981707,2.014971290023877,7.461217344104685,8.020406153880964,9.913371377589318,-0.8268754996253818,6.075259662654172,11.047042191927748,11.210863312226454,7.104403697780576,10.263795833804613,7.148105193053553,7.754050642618159,2.1984074784675403,3.8196583433600693,8.543269247827315,8.692037767909083,1.9206747839655813,10.143488685704183,-0.7263852143986306,4.434502300000275,2.0528638734861713,3.937804047498256,1.8986111713228986,5.735400770679445,7.503665178726713,0.6647965643442915,-0.46272346339818804,-0.05453922002999341,0.07214710151655823,6.243809587687507,3.6219298186195936,5.060893356916745,8.471519082606937,10.058777523190098,6.402732448722916,1.1071203183345748,10.107925996090513,9.09720155782041,2.8384554398193185,8.65805315927591,11.380817423988931,11.486676741027685,7.7964426121493835,11.538909802886543,2.5632269215411876,9.277593854507378,10.518905385783063,1.0,0.0,1018.4788811758361,0.9006295829608141
115,1.1513231626299165,6.745974082743059,1.4104151998091028,1.7992123871060084,7.656076623741329,7.638282521498373,9.705969539692672,-0.9521495971672855,5.980097254972004,11.170524736449599,11.385310701958476,7.534345294877333,10.487237364342082,6.706303412238074,7.206718597165615,2.1488910684495335,3.54226243168942,8.710695784473632,8.597132752668202,1.8969576972430877,9.914335659254814,-0.23776719046244305,4.407249019319542,1.890187504558548,4.022570177644664,2.1188418890456884,5.520794033395343,7.434468938857847,0.2626193921391076,-0.7808946667168467,-0.06184355842895345,-0.46841395038527167,6.068694542559206,4.171186525201672,4.94779197170575,8.354954639089785,9.446885420528762,5.5628027343821,1.5516414680860298,10.227181328655146,9.513524534107795,3.447989089263772,8.411038709898914,11.39164399225605,11.178236380038612,7.765417123766838,11.541657270368633,2.326582757442924,8.961924216906176,10.588498883778984,1.0,0.0,946.7102357426586,0.9068299974046037
116,1.581012855689678,7.173365718443828,1.7223994147649515,2.005870463732248,7.534534727621844,7.808910622209569,9.710319219877181,-0.3868624740325531,5.86627977247595,10.771338701101772,11.164052332153194,7.123948060149902,10.382906873965203,7.077782507314978,7.6025211997581845,2.1689979845282785,3.8442265696894493,8.543091564450712,8.808558521443073,2.59127469389918,10.2640597555013,-0.17895993392582604,4.759882238065263,1.9720022589305686,4.018093890109499,1.9719859070508448,5.828975700576601,7.696490207038249,0.04383671346139245,-0.1651162135761417,0.3329955676448634,-0.5155176726033337,7.172298809028904,3.703400438372361,5.03182414529808,8.300506919986464,9.86501913204911,6.521914276792252,1.2204153586746702,10.352756701188124,8.923295701260175,3.2374012364704523,8.254887590627948,11.813360761426345,11.262006775647624,8.095278075537447,11.068188206493978,2.5244109833643606,8.678242734782616,10.733582669782294,1.0,0.0,1014.7169945408975,0.8895005153590863
117,1.6238413158067726,7.283339958854599,1.657045707867091,2.4697752576358134,7.684689336904952,8.003027707055864,9.557626149071554,-0.7670848180889187,5.95921692503559,10.98659716911162,11.403128682495163,8.053175941681568,10.686329697008393,7.3385470310620775,7.378728837858431,1.9945753097431924,3.3810784693429228,8.405186168245761,8.747618682301509,1.9738700500081108,9.649694921569708,-0.19783451384272616,4.48052556851085,1.9008937846819463,3.8191320230013726,2.2042857789554016,5.806427118415745,6.980851766903513,-0.04777066349197928,-0.4404900571389439,-0.4564726583142502,-0.3017491088428477,6.1152871335341885,3.92201990732415,5.398827155036511,8.430031501321535,9.877733230048,5.9166875112694335,1.9176076130892148,10.346671255143395,9.02142921980691,2.9538488945071486,8.905862511355073,11.65477655246782,11.578833871082255,8.01881261122299,11.18849001377406,2.9041091898840588,8.904065069609613,10.92546896770574,1.0,0.0,1014.0457891819103,0.9308799813293962
118,1.4984076389013197,7.034853115131262,1.2151050841013624,1.6490444028183338,7.340725658481288,7.73585173267635,9.706228459491259,-0.28755620652464475,6.3483318717059944,10.932348724243434,10.79191962458019,7.640119199100104,10.140803270282206,6.841286540071947,7.856629678556047,2.114554334985803,2.968728359213276,8.447617321306495,8.743643246225398,1.7292355305443243,9.855169100127318,-0.40624192803221293,4.471270197770324,1.9862151016963174,3.505671446017267,1.8313496353484742,5.416368369401382,7.016840550531468,0.2773133179410138,-0.5044345378333448,0.030622415844006302,-0.8612940866752665,6.171496990618092,3.923010805635535,5.1135300437390985,8.143450137370113,10.058516955782297,6.357864782183895,1.5370404955877608,9.882558161029918,8.955338564372733,3.1007650322424984,8.480794011981521,11.457055024176903,11.088579648551478,7.952371726696732,11.727902804688712,2.5847705642256713,8.87869386104726,11.009955998162617,1.0,0.0,938.0000829538302,0.8959174350215121
119,1.1738782964895074,6.816861922245404,1.8713430707833476,1.8231657832990202,7.632439200661461,7.2700977448848825,8.885060733814091,-0.4211654524783834,5.74452526355672,11.615593891147618,11.298278570297928,7.650301401193002,10.261024261013878,7.116627234261097,7.258800349607681,2.1960298675473036,3.3383265100935513,8.49735470526785,8.931817076825144,2.066586809685205,10.17092223258897,0.024440993628836893,4.492513090295611,2.2989152178023486,4.165712974586716,2.15505316985358,5.397738503369796,7.30940342621261,0.3742991124314933,-0.6575838203947015,-0.14791599028879077,-0.9890588567619696,6.242700355086427,3.6484254923399844,5.177541896985276,8.0542362665015,9.74332074924411,6.013449582900421,1.3710623378176012,10.031066668552924,8.926382722052656,2.795925726753813,8.045231979195073,11.424121540475614,11.312572271330527,7.762961459328258,11.352906639540748,2.460677353029339,8.785644451488702,10.904857894425438,1.0,0.0,888.6465941613425,0.9564033934054854
120,1.2125181718969174,6.881993113463072,1.332589213272339,2.1480891246346285,7.715766987235595,7.587158885474023,9.418832270699234,-0.4923608588266307,6.25668030391584,10.879050771726426,11.223449735349673,7.223467743270136,10.651529693992671,6.848785555931421,7.84538133365021,2.2002959087122753,3.52064986231076,9.21350096948796,8.798018565769945,1.5119635691625906,9.67873840821465,-0.27035853802312115,3.826715377788818,2.041288123529962,4.26310859005442,1.563862576515489,5.400170855671574,7.199094943480206,0.3254329013868923,-0.6064345172099,-0.16613436974900442,-0.6132979398295446,6.384252598115051,3.880191374343852,4.941344892288579,8.188039531567224,10.487819788535106,5.849790120520114,1.6388612330507413,9.863134053642849,8.934501535898303,3.4406312089087887,8.514359985999157,11.740048840117604,11.489109045182925,7.752505190777202,11.547575714961214,2.149369729545216,8.451441727807898,10.618269691462373,1.0,0.0,892.7398394854399,0.9824697592574514
121,1.1626222243689828,6.623723427165869,1.5182325372002168,1.6655522366689333,7.685613627581297,7.87341754248594,10.027311535501843,-0.05490796515247476,6.269659152194425,11.349926786134757,10.949417568099346,7.264195073419783,10.288237433600825,7.424121475258158,7.270455809364605,2.1585969606748288,4.009853935254654,8.570901379684615,8.551162520181833,2.3641011330428685,10.170384197198477,-0.2326518633570352,4.21516601821671,2.40205106412261,3.634208748226122,1.592612079824442,5.716911266994133,7.4969669183286545,0.3714244976720731,-0.33133589739969876,0.031218631199852964,-1.2497184202351752,6.094108648088185,3.637565342058997,5.100929901144645,8.378286270437025,9.369825843645893,6.412115730285744,1.3509691022606503,10.10587869758281,9.060345596260564,3.0687296432598896,8.566194045577037,11.254032667097176,11.698999239704634,7.518942046009145,11.213394574050966,1.904157669319518,8.388696504273883,10.813172502736858,1.0,0.0,906.8892379895934,0.9630474053558741
122,1.5674342885329873,7.0087002787426576,1.3548124856896022,2.0579196438451137,7.561247492518484,7.213538613206813,9.54228945965912,0.21388327688815045,6.364118127236311,11.036059777069244,11.60303298077738,7.845536577583191,10.616790289225534,7.535222558230053,7.775295638539405,1.893940881424433,3.472060592253879,8.725465656628726,8.37443709624882,2.2652072648164894,9.481435950836202,-0.33208134306702797,4.19077513067416,1.5308712185876816,4.3319563218116235,2.1837607363579394,5.618974129135552,6.855321530061278,0.21416994370220352,-0.80010372911739,0.005332992376954261,-0.41604591262187796,6.575858230016197,4.161778346437849,5.148983933988035,7.92984160633504,9.292521927984119,6.205354205633636,1.951626222611763,10.231794389835793,9.41865889202997,3.3405611465818312,8.485166286737273,11.571319468265461,11.41125437363861,8.243919882821434,11.597283853585669,2.146148954563775,8.386435108362186,10.97563683256464,1.0,0.0,1012.5385240815605,0.8587435206451512
123,1.3308285560210074,6.532377480959613,1.8889765455049532,1.4885815334131154,7.386425372383131,8.306525309436104,9.756614153616566,-0.14109595582547546,6.585466875599946,10.71951227390356,11.175956112886235,7.000407428045485,10.628384067700882,7.198994157905365,7.495205682637845,1.9759523128319332,3.8167580269422654,8.40445923348355,8.92870031512227,1.4303247690980407,10.33613297106236,-0.20691970231596435,4.181969818362933,2.1109486251386644,3.9028259664133187,1.5430956839990495,5.460132593629904,7.240977583412204,-0.1137559785705557,-0.6159358705541218,-0.14117297158750738,-0.43460628847846583,6.033791255051209,3.674546673586035,4.782366470384861,8.572990679883446,10.373102742191032,6.3004808798488146,1.7646001631134467,9.784130464187667,8.900683272863198,2.954815764849554,8.535711007714468,11.87071690255448,11.803887194592829,8.280603501916714,11.35871753037687,1.6932649098915422,8.678865155174346,10.887760766625066,1.0,0.0,998.82429119387,0.9044470018710193
124,1.2539540132417795,6.514322312981922,1.8471680784295295,2.135585093279115,7.5796484238866935,7.55815596222402,9.731558565294224,0.297616610750703,5.698366374030767,11.12424792836704,10.802254658241798,7.224351711917596,10.256185630514072,7.5902709326239375,7.179799618967251,2.224172359324742,3.94034755771464,8.496571203968513,8.544492638183256,2.1215467681862625,9.606017602643378,-0.21923045289716167,4.171438813996866,1.8948464425538054,3.935529123475684,1.765375004581433,5.0745346903422694,7.406423951825903,-0.09049397679634702,-0.8581418415995772,0.3759374671313922,-0.5336446695091921,6.289040677642733,3.764705086781168,5.616853578562044,8.788691919631287,9.77546097574957,5.8896679547947635,1.377770455111408,9.864268062694931,9.287809628380042,3.358210657824392,8.998783332901297,11.731669246443708,10.985314273136987,7.776626982735457,11.424559518798823,2.4567720699173,8.243854141338149,10.699251119564037,1.0,0.0,910.4000624911141,0.9243888925106999
125,1.2983767871724556,7.432432901888991,1.621795276703474,2.1698778350365866,7.709486235287697,7.8138015445481965,9.761021205697759,-0.12630443927405358,5.767949705949267,10.954640511115134,11.31604639771878,7.726154198670702,10.577467098875179,7.113169055096535,7.441965111440113,2.4452864883832914,3.168421971431525,8.761281543095206,8.585715207194777,2.1876886437309797,9.939811858956547,-0.23836577465857134,4.3456857713514,1.4402693650598994,4.347617833757669,1.9636128138796882,5.40870839490172,7.962806971174792,0.5759517095327602,-0.7544926410315991,-0.60808195121547,-0.8783361210371455,6.629980388716302,3.638451227605649,5.127528438902517,8.380108132517307,9.193421493674503,6.05764481242302,1.5504367369119918,10.151615833937695,9.033328824724752,3.043556056163149,8.466872040765317,11.12109246358903,11.744797880966724,7.4948454410378815,11.51545457175968,2.669548155889859,8.820420624524338,10.637542196976032,1.0,0.0,915.7283056710885,0.9806631582594534
126,1.3269472146263521,7.05381306293875,1.581741855593241,1.9027250458273306,7.806858588069871,7.706880599403294,9.343215901025879,-0.423287512833079,6.142054545583464,11.147408564483095,10.92797925016621,7.599555859909793,10.678687323068427,7.037943569405441,7.449880778998771,1.6608358389893731,3.3765184639369688,8.636298475362945,8.737076144119275,1.677914793901511,9.822211227639034,-0.444280979440206,5.162664717146574,1.7921084140730736,3.9218591147295876,2.074895397290352,4.808349841405009,7.233631068531012,0.28069923639927974,-0.8390005569798462,-0.16040488576922268,-0.7357531109547846,6.83074876813841,3.386035646444056,5.278680392477696,8.115079470384664,9.874334065521955,6.210873165258499,1.453936806023778,10.098679481212885,9.169472465428575,3.0388694042371656,8.447126570063787,11.544896388037747,11.413190425334712,7.906389083803226,11.379067852151385,1.9319391303796623,8.586021033345826,11.013142020305047,1.0,0.0,889.9635413483892,0.9852062330412835
127,1.0752328353671898,6.901063907997618,1.7619721347928685,1.9123542542592857,7.915232819911892,7.229060267648254,9.946237226760838,-0.43117702126403185,5.428100085950444,11.034985221545424,11.046325267621942,7.8213337730883055,10.363069428977157,7.7535321376340285,7.318887785040791,2.3234871943363817,3.1331840587033093,8.954331214997431,8.667248780008604,2.671468619116179,9.554966229502769,-0.4073484896141775,4.101053107177069,2.502541017542429,3.4540479751548516,1.3779623370310699,5.998770815638465,7.328629049738771,0.6163119826886027,-0.4833140797240303,0.22660472844968177,-0.727150648786143,5.911838597822054,3.7183963697956526,5.734141697269566,7.686479435894077,9.649199906854113,6.212915642798024,1.8369821135020523,10.007155419257236,9.274799887187113,3.5008938941647667,8.240025431673955,11.494592431033386,11.158521075809226,7.591366218615888,12.020964704750003,2.7171546458016413,8.630075322213651,10.525228108496682,1.0,0.0,957.447714254103,0.8852215850261554
128,1.9015342263691182,7.002598351408329,1.676449269781117,2.2201674132343303,8.131473299444336,8.146716149369507,10.021532052416873,-0.7847829400615689,5.991538427323353,10.895537713613303,11.304769824624506,7.38777202548016,10.136661364881006,7.206343523940237,7.489183486817663,2.552287592724717,3.3004152071574735,8.654120514691757,8.575344065348464,1.808330526246301,10.670024778406347,-0.46011116999100543,4.288344915156864,1.755576298670367,3.9040064887865342,1.4199853943917167,5.205297899442715,7.504895887917146,0.29291742598764864,-0.795909396177853,0.35445074552104583,-0.7069638011903443,5.786907006770515,3.721078511355647,4.927329460672604,8.60608102579583,10.295448009853812,6.0820525094145745,2.069932284940495,10.231505511693602,8.848422221084242,3.309650580872851,8.584101324027504,11.618169934368513,11.368740658625251,8.116310112001242,11.217013411034904,2.496881214949362,8.147369313577462,10.960356966624547,1.0,0.0,976.8180728668284,0.9518618564650441
129,1.1237043827900743,7.073848220282719,1.8161451520364498,1.72381110717565,7.855513761708631,7.1673521271520615,9.248498486016667,-0.048098654054661516,5.834391048075424,10.950153652635668,11.296638086884817,7.408308898783603,10.523115493837244,7.160941099613545,7.669228100162484,2.347298534560339,3.477007879406724,8.48193930867587,8.248055580652505,2.46938764115039,9.545217231893336,-0.5049143624143759,4.518075731310358,2.010775984518046,3.950105442061807,1.7342722279065028,5.573406278025399,7.207917298851378,-0.11492885013192561,-0.970910088026637,0.2130736922026185,-0.5384067529358605,6.7312120026318,3.74254579270011,5.319165123835751,8.593964921606984,10.067482900646558,6.037824103483474,1.503431586141696,10.45746189829809,9.358506536923022,3.2498685445724647,8.762401840939928,11.287172092279555,12.118938968695954,7.771533942852669,11.750988956644399,2.8069790203079097,8.690972129270355,11.191359728569333,1.0,0.0,997.2144228072287,0.9383871910397312
130,1.41347128911623,7.16955785474166,1.4060370150646755,2.2422859582889614,7.509715972129636,7.50011532747019,10.221554962726385,-0.3041036985256565,6.2064876154557425,11.27641893206336,11.355565898051506,7.4314678761765816,10.609116511319304,7.50683868216797,7.11278682406807,2.5524004340596536,3.3447338771501136,8.526272180241577,8.256420809849757,1.728022568962797,9.394214899262826,-0.1264097334238047,4.651723478216258,1.3389632810700511,3.689890308889797,2.0841094018330284,5.16475446551618,7.217366356998031,0.25005823033571695,-0.6655911291375346,0.47775745984769513,-0.16117069761884734,6.363020940391236,3.789443764203429,5.2778889170363215,8.21620030022124,9.537283189601744,5.733055404416686,1.9738369570521337,10.092142201689626,8.605991573020841,2.7101515864792893,8.81766105946568,11.559144496140412,11.653525120839683,7.619940042031023,11.031223747109657,2.0154167615420597,8.82928317268236,10.641746213854505,1.0,1.0,1214.341506662667,0.07051644434792773
131,1.255661676429088,7.183967198118583,1.7641689085908727,1.6946078388717245,7.713134068196529,7.561613644393182,9.71516150164171,-0.2351256398664608,6.403278504630048,11.02063276133183,11.36055937417942,8.016502824207143,10.46912458213408,7.583169488675722,7.275306405534272,2.027782571206281,3.3805709106304693,8.304609663216437,8.593988812397916,1.8332383270661654,9.817374198902161,-0.7130528906596223,4.066205145126929,2.4694947560891274,3.716052075535884,1.9118721584514387,5.3159610498078385,7.371540533341367,0.11151384780085986,-0.3396388184351796,0.236574089378644,-0.5285121092610983,6.551247622011368,4.037391490701955,5.007430422285511,8.250345283785515,10.328902012973812,5.923655654504853,1.3880873975922263,10.32602982628791,8.67283645165219,2.821142789364292,8.277939555435752,11.96904149463397,11.440790615861104,8.17482751524777,11.604967310707323,2.31986466902219,8.22826417753779,11.281298472553141,1.0,1.0,1109.5892950396003,0.6344276873237993
132,1.5046549501153772,7.151159350545739,1.5644194078712563,1.928487109181073,7.67901904830769,7.581929005155464,9.932714814580267,-0.5189912572340408,5.693286560087203,10.748515544050447,10.96636580470154,7.528656268692932,10.363942027006999,7.325072648072993,7.967700029158334,2.290712749221702,3.369418925044281,8.597953160307105,9.144331635993964,1.9551322135876834,10.265687480974439,-0.4812326338923749,3.811398679200893,2.0607381014984862,4.0270621386549355,2.0435705618936555,5.040298737260819,8.030033971977156,0.18681800939118806,-0.7308188606412388,0.1186150063703254,-0.529475924325863,6.434231833568495,3.956957619155111,5.410012446898292,8.011326724220812,9.680053261729345,6.447272477454656,1.6255674313545068,10.327102783865977,8.867119022227255,3.151145806859761,8.47197467234812,11.313424692252427,11.600680604166572,7.519156122004868,11.40445740972148,2.685009698928397,8.805927904616738,10.578757916961797,1.0,1.0,1049.7181098840115,0.7385314364434694
133,1.2223522849069626,6.673122767131465,1.7069043479653898,1.9694537184859011,7.799144650371134,7.455477825281589,9.807942254008594,-0.18580953548372747,5.809912283266843,11.11936252243513,11.292409551845155,7.3917391461451665,10.461255729340165,7.2370131436253375,7.609670665830516,2.579961452934907,3.3833641128763827,8.432457964594903,8.133715819703223,1.9684361550638045,9.989449466795318,-0.5743307883037838,3.915508033579004,1.5119629150766896,4.047458649329735,1.6417427677599772,5.180069469967838,7.459976516379987,0.2658850402781115,-1.2811432984889275,0.2099500707516584,-0.5683281346252643,6.432482504932032,4.003066776229783,5.257432028575272,8.172605017656988,9.879215539883468,6.1068986184776435,1.783608360167393,9.977569382347761,8.904471514300553,3.0446560455238494,8.496810501322631,11.217307765142014,11.761952903229886,7.837535912160787,11.651177852122869,2.1419371145746426,7.959535045500858,10.326323005911057,1.0,1.0,1044.2737734557331,0.4919249909950744
134,1.274315194019921,6.822977746267658,1.7619002906331644,1.6855582267278741,7.5996311772417355,8.025270529916602,9.399879099388567,-0.09633702480019085,5.827433860380793,11.052396074779026,11.223876957320638,7.322353896269658,10.843878184883177,7.569915889445976,7.244318960929551,2.049064980674009,3.3646336625481585,8.424915911838115,8.682006159213916,1.6077357689326368,9.705112499111042,-0.6310250269663678,4.806404894785449,2.0114305921741042,3.9025462572652367,2.114436233690526,5.613673030257567,7.158916686828259,0.46162549513019974,-1.0384028630748743,-0.16872208989487425,-0.941963524765387,6.205360133664388,3.6410757073862667,5.190973461096628,8.218154850141584,10.015956749175565,5.90010546315585,1.648249592807729,10.17558102342673,8.808064129674532,2.7402852142241207,8.503342721300875,11.35761127012094,11.152272312180115,7.949407570534772,11.864860833971512,2.6308181292663284,8.262111680172259,10.568522270069224,1.0,1.0,1169.004852325556,0.16862874074087397
135,1.2639255449955955,6.549005989400605,1.5128815902859993,2.43183308236273,7.685638922723862,7.468906393772563,9.354197888948061,-0.24900206570285321,6.597902127905751,11.365796420006165,11.225468388177855,7.140058890497987,10.647708578179516,6.958860338951721,6.872265160051439,1.8491540094224241,3.450088509638135,8.537119678476742,8.842816439875083,2.0010102725340166,9.939708280179698,-0.6179694963738045,4.385864154009327,1.5078410350656257,4.053120215453119,1.9329932073314964,5.147895628807753,7.171266472251873,0.3190029680204909,-0.7738188638943065,-0.11080596840412968,-0.6354594485528746,6.767490297903564,3.6762512376401975,5.472729243325178,8.424543734478759,9.931593205514393,6.100193133454596,1.269761234871592,10.497687426687452,8.475379910785854,3.0399752209866278,8.611702334548562,11.447863430841885,11.736616819941503,7.652226113761825,11.087479358479802,2.211436693300388,8.182382238916928,10.464353566863103,1.0,1.0,1143.2988676106088,0.19331295046412755
136,1.0636852503760765,7.1954144652426875,1.5427072354158562,1.8614836245045825,7.783680535604658,7.207045379649805,9.662647752594607,0.2072319017020693,6.081898602941639,10.78395149644137,11.13944711782058,7.594625824529139,10.651608125778573,7.1201648253488035,7.555398931327708,2.073125468191583,3.50036864362296,8.925430444379728,8.290668492781961,2.317734526014107,9.994925643684404,-0.37779710496361746,4.366616280916135,1.9773261172557912,4.259978425484708,1.7986704952211192,5.2899359132064045,7.34048089133908,0.35105630389398124,-0.8223344251933083,0.253705806590244,-0.42268838790420526,7.144348884221598,3.8280540877204863,5.081083979585081,8.013319621858855,10.053284408679598,6.224463301504308,1.5415537028276176,10.230928769201132,9.013960203481872,3.2214482392034878,8.77274310987379,11.349275589394763,11.506950113089637,7.785966829624938,11.47088819654413,2.3145788986376408,8.646397254044365,10.980500409972127,1.0,1.0,1172.5582949010402,0.33054321008919657
137,1.240872669767115,7.269769942672773,2.0926770592397617,2.27443444890386,7.564641934504524,7.538109045451409,9.527148195979168,-0.32109072222747,5.96713497422874,11.094393331631602,11.208983511332313,7.362011641340416,10.787858597520724,7.044189460647579,7.484362345699084,2.1788983611809147,3.3930741507755195,8.445833657367542,8.782629978574523,1.8898989398221882,10.062393641754209,-0.3357755739704712,3.9414078963114356,1.9225135882702258,3.7908569830444527,1.6938101051334755,5.269788183073462,7.238727117995104,0.46801216440615956,-0.6966213237682842,0.18542010505819162,-0.4210824055794573,6.542051836372129,3.7309856548667755,5.039147471677475,8.506987406641887,10.313377998592387,5.869323203916135,1.6823749431355621,9.849840023600198,9.109028104714216,2.8508421888246516,8.066909003121355,11.285596037967315,11.60869044737072,8.12527618871149,11.698719561830192,2.451027273459066,8.394278035045124,10.621270944669545,1.0,1.0,1068.95138762629,0.5833514983433993
138,1.2605742166690943,7.029495283114198,1.4802594586073652,2.169334357977125,7.6813159986496835,7.641303809270144,9.257925355489624,-0.0773044288972114,6.545730993034171,11.445670653022127,11.02916077637338,7.350281333666228,9.947624042221316,7.118551561624576,7.635294591964825,1.6856954147935972,3.501735346833515,8.873606901720574,8.467922982353345,1.9354054855048504,9.906713111036453,-0.31109145950889294,4.433738757254854,1.8056795968073405,4.320248964075834,1.5628323927189895,5.351030182108037,7.644525519342621,0.5876075651871535,-0.5392110226079682,-0.27589731683355606,-1.0338889958889141,6.418837207042863,3.5545376937102593,5.254479301848313,8.391989799712928,9.937156858735758,6.040194823439168,1.9613090374790025,10.1464340406269,8.955294031156363,3.006737171183824,8.506921546159905,11.265489180299298,11.983855256459215,7.05720945686506,11.250265815940837,2.280220861974957,8.845014153297178,10.570072389659112,1.0,1.0,1337.6282748921576,0.012072280831809046
139,1.3053201357706403,7.2442306567745405,1.1193617152616284,2.0572076504618346,7.359010234460977,7.569051367937258,9.879688831187037,-0.22360542152585697,6.153334788426261,11.323525987914126,10.95241788792494,7.557180917088239,10.601085073737256,6.8691559596233915,7.2922409558027335,1.7797753808491392,3.0835562446759925,7.954137991163621,8.811643717094595,2.2113615035298912,9.729265097986369,-0.8786427790769522,4.15498790017523,1.7819241863734632,4.603986319553694,1.582234062602027,5.390325333589692,8.021886694218932,-0.14171894709388994,-0.8443690776266068,-0.16105503971902718,-0.48287876819490433,6.33688208443182,3.278439228341924,5.1044226994490405,8.560641398805553,10.250272023465174,6.4149517984109385,1.6435302305612653,10.093912060513112,8.70869156465659,3.4685771435311548,8.638607243226337,11.262106954700231,11.669368247442877,7.86327158978689,11.154307675800046,2.4503008093037,8.2385793743037,10.855621925152558,1.0,1.0,1200.4373918835818,0.14742295793516177
140,1.4034699473336734,6.602287185043208,1.5383769993858074,1.4911483398693202,7.7487768278612394,7.901455634986521,9.012420508144869,-0.2940137269079866,6.26605434001966,11.641442004121139,11.633783872635846,7.754985420749525,10.401358010325232,7.0463928289515385,7.623691353777521,2.4184350867412734,3.5462096005185524,8.587230542492579,8.513437657996173,2.0130353439249933,9.642636699659498,-0.2756746114740421,4.245886884320614,1.462851437635002,4.0986551520618075,2.087050732696331,5.252148444770326,6.71705341299162,0.6748942919496281,-0.5418647166682473,-0.06816044030528173,-0.6345715552896158,6.408016483815931,3.73540315476307,5.40028367914151,8.521442820370083,9.607738381143477,6.564812986423681,1.826723525217753,10.060186914570433,8.954344379837224,2.9953194218927037,8.756782994422805,11.293406469809058,11.771210388664331,8.217573851718429,11.74619500625914,2.3363358185454817,8.406754985675768,11.125505330222445,1.0,1.0,1175.7831828525757,0.3544266879219013
141,1.6057632645169548,6.5636138790427605,1.2596092570763366,2.3721522082694775,7.948956382069188,7.372169522350538,9.678330697530704,-0.007625875124035397,6.361388324256253,11.336229441544448,10.834680085647198,7.419922998690975,10.299813648017754,7.258220905339845,7.384961617186843,2.0398879430430545,3.2849147093348225,8.706283002878902,8.478709170876476,2.01506865946223,9.851424533243996,-0.009054492675731829,4.156365328425256,1.9156205713966452,3.9606213843228595,2.201461663408484,5.179811127512565,7.3324256246202575,0.4915334874614665,-0.5853194178038902,-0.28081653708218224,-0.865987232078917,6.026098594637218,3.7542684878156702,5.273683614066978,8.176191865761936,9.656488955550746,6.019747286052575,1.8625337413328917,10.278515564180381,8.607062465642539,3.1821287366139677,8.466864310801837,11.95139882194142,10.8602166283528,8.185400777081995,11.403146560860035,2.357511175924603,8.743232013185086,11.094415484680844,1.0,1.0,1073.217932911135,0.47871949614506104
142,1.0585697474375904,7.00539095289291,1.539338902808919,1.7777928010130595,7.462546282363678,7.804072961330027,9.506542375483567,-0.3677158103272877,5.980967270568839,11.391456456289365,11.338753763369121,7.013314730212444,10.214740738985894,7.0396913880061165,7.5134073494440035,2.1655993888846865,3.4024240038565163,8.817378489576503,8.591406477206531,2.0602978664574025,9.51427943649731,-0.6054434377441386,3.9385764204304228,2.294365268459999,3.9529410031120733,1.9876291570767832,6.0491841890187015,7.835247841625376,0.3719457421763978,-0.6857919894738457,-0.0284295966051321,-0.4143848824538685,6.38733395527478,3.843677269866364,4.876142412973097,8.283512500118778,9.80199360718973,5.853400815854201,1.5124783505252426,10.195442098871029,9.183811624385088,3.0349879289324173,8.040483028026953,11.2399082743855,11.886187504139672,7.768088348974467,11.346519462870594,2.6156045079621832,8.435688022947094,10.97495531140875,1.0,1.0,1219.4340691910884,0.1017543861411884
143,1.6604899754652855,6.905547630895385,1.5013864243215458,2.0011272317076942,7.522319245364718,7.748430903558051,10.105440548114505,-1.2817807217031474,6.066184904440403,10.746478362043685,11.115239150352046,7.203021317339754,9.924425775076337,6.846253042802409,7.293087655266037,2.621302581268824,3.0224193462809343,8.80283017203016,8.319352935512446,1.3895710825490992,9.82799451244664,-0.1712506176170712,4.262011059787184,2.0605931227660093,4.306972323708218,1.8697860214311217,5.493269608994506,7.3206347275377714,-0.144831266729753,-0.46397816163885564,-0.21837175726630748,-0.6993034546485071,6.6287543433591445,3.6923330585927414,5.818725682117277,8.413284067653867,9.947590976753835,6.293974487961732,1.5902357465632213,9.940659408914673,9.096790648746492,2.5376915497495425,8.404870976548061,11.512417483749537,11.4576956852557,7.871360467840891,11.641889940640157,2.6448681725704764,8.209254087618046,10.790636607843497,1.0,1.0,1026.5911687052592,0.6494760370733161
144,1.538747242633964,6.975393334769753,1.4704319682155673,2.0968955234509514,7.734320614879945,7.882718135944979,9.368689673603171,-0.5333931901219046,6.5924899146787705,11.173527610111762,11.177502781443184,6.873476026778188,10.190384184874814,7.202443952625796,7.561415987882631,2.4715431393977383,3.5715595199544907,8.594387378532874,8.305180756523422,1.8393035872037093,10.084039089208966,0.20310940526715182,4.805735820533465,2.20622184683636,3.9774219316054404,2.0369357129006156,5.409477132242211,7.415982000209357,0.47496944882055325,-0.5868397737579979,0.10531226323284079,-0.22516703106813762,6.753489173274468,3.5319580108630886,5.220130505357731,8.375149043536588,9.874992964065674,6.019529967102041,1.642358595929343,10.380761286685434,9.221749213367103,3.0618390785806073,8.566776144472323,11.59664837919219,11.515561102018635,7.887917959977959,11.248630914018964,1.7650002302071621,8.30919188330801,10.736780483560686,1.0,1.0,1207.4110505444883,0.17430297792461538
145,1.4425535715168103,7.153276899026135,1.6259798187762835,1.9166020108573514,7.467727453293927,7.505284929398734,9.525552108854448,-0.5226619605302506,6.798564653778372,11.29724452295662,11.11291156377085,7.77999485867204,10.588893162657202,7.574980815149152,7.21980964120958,2.2368600108078946,3.433300258359776,8.442913674387537,8.64979579102861,1.8754533016266883,9.778546081534992,-0.3418438094923981,4.404735828562274,2.116656043733369,3.7866542245865284,1.1905420070435642,5.139272499218064,7.481892702707234,0.5287011400043113,-0.3011236708359195,-0.11194290457084147,-0.42628874808979145,6.478071799706799,3.7742121227573335,5.026683064243466,8.43701032272398,9.950582574008932,6.08003168331401,1.4864065198157903,10.323419741730307,9.212587215644918,3.1782546130268954,9.048120462482688,11.604264754399201,11.498834252133314,7.9545244283195595,11.314932703479412,2.5808403928816896,8.400378905218167,10.066065155219716,1.0,1.0,1279.9732579951985,0.07234077876984256
146,1.1477461578656696,6.803128953771138,1.8420248983872787,2.3197172040993337,7.299759326571037,7.738012426631539,9.478047687903318,-0.4695294647128695,6.157520589203059,10.942657434788837,11.274234987396753,7.348604808161897,10.269713325562314,6.975197315426385,7.448761779030872,2.558695812758944,3.4456271395197264,8.83283320482427,8.700578559026905,2.559038507771238,9.887026639465347,-0.18465632416541433,4.428099065317872,1.881758853699587,3.778740972401067,1.8821632552661873,5.56140180018621,7.140741918117951,0.11180031163484165,-0.8640065843363447,0.2146636722484352,-0.5810026415502364,6.218400805573288,3.718684794048676,5.032914339861621,7.882838387570029,10.282190000268114,5.706217427588179,1.8170340247998407,9.89764613387829,9.146324266163818,2.85466805713921,8.282529754201553,11.978900397265996,11.689712840736192,7.909550222416962,11.44048792549338,2.249112599022765,8.511172168744066,10.354905976908087,1.0,1.0,1206.0230416637453,0.09693427007581486
147,1.3367596512569206,6.68317361708761,1.9307056131083833,2.3375724628152432,7.278080391872273,7.450550017314658,9.664601751630782,-0.6837864082267959,6.0222524554571395,11.221928803997896,11.050344807649472,7.897398594723934,10.533472494848045,7.033126979575395,6.769304384160525,2.5464908195318277,3.415955486395833,8.692472544211391,8.3162611368298,2.2165058603542556,9.949987907532812,-0.32984426175706355,3.935137912642096,1.1029885449876868,4.400622319636555,2.178894532434973,4.950311980801261,6.958882301277962,0.25792889182135587,-0.7022332138337025,0.13093233186554276,-0.6174072294209026,6.957627720985453,3.390604682881172,4.786526922459123,8.555654623795839,10.089428439593947,5.993386960710315,1.4933437747397946,9.913483194591645,8.675774205679572,2.9965843777966956,8.424001619818464,11.43129506602661,11.398220201454327,7.916766652687961,11.812602113653657,2.1228088981490165,8.678364593586755,10.703615723684083,1.0,1.0,972.9461746472381,0.7935987914278542
148,1.3455634761480628,6.90908751909205,1.6808611034105132,1.8386692189192715,7.602410964475509,7.55890415915477,9.487909303189276,-0.5537665431658396,5.846168748972824,11.417353085773904,11.345431007527178,6.969772063036036,10.530595018332466,6.9931788191722,7.750580587267773,1.9871398241637623,3.2639546931070953,8.57869887656102,8.176643477232847,2.320714663367594,9.616331029825057,-0.5158995886434482,4.437234253329073,2.1887640423742525,3.8102471587962614,2.058797396572229,5.422193459929204,7.197375967804166,0.339912157196693,0.02191777021797281,-0.2868946176680691,-0.5345480969056013,6.706946699902521,3.88493569863107,5.162016694492958,8.507945050659453,9.79066705245769,5.077210478742598,1.5428604129783257,10.088697375013066,8.576252046725815,3.685992603804534,8.498470157762766,11.108236512423307,11.557817519232046,7.337934654136468,11.57517630213311,2.194011604689767,8.36591896463244,10.745636238987789,1.0,1.0,1088.0300557354763,0.2591935007841418
149,1.1794659125696314,6.986648954473544,1.6862586234442183,2.2194166667269544,7.304043562630271,7.40076240170888,9.899377735385771,-0.051742964147434234,6.056687652422162,11.459983289167422,10.948962984718378,7.736720275142234,10.405000107969514,6.95396847230843,7.46537829527219,1.704347396338136,3.364893452273098,8.499288721051014,8.832210123007705,2.1326454098345278,10.035558821343816,-0.8058927754966556,4.341827670606752,1.6276554922110291,4.105914147440077,1.824566852573437,4.839546752238083,6.892060085268642,0.28694880853554927,-0.6559255725951578,0.4074297951380343,-0.10294615452075778,6.080380543733034,3.47798630136823,5.084108306385755,8.23836893586262,10.103380598274414,6.312269107341657,1.502971159546031,9.790111348779192,9.146801140529401,3.465529194171038,8.900758062074614,11.458279246139423,11.069559238080792,8.576399694515876,11.654869995818517,2.23417773183717,8.631034141972718,11.023496254594084,1.0,1.0,1149.613686044055,0.3213928294499769
150,1.827934838134901,6.84316552896351,1.694812342167804,2.1592128500774725,7.930816060074418,7.703161821680576,9.690489829329893,-0.6349800276723776,5.839688096550487,11.039625906341847,11.114710003239498,7.606413392238836,10.419374998222013,7.1673175108884735,6.874430985796105,2.1490252360374154,3.3362740028995432,8.896661586345244,8.298457011663553,2.3783469910093036,9.917398299386104,0.20260080820534399,4.243782635133433,1.8099019851567255,3.8914958937293296,1.9245666566016941,5.2884271444413,7.39016960952639,0.4156129347209576,-0.4716477843054653,0.31360461890541247,-0.39834698153716785,6.40056694451058,3.304307401552988,4.796248375250486,8.763892807608407,10.11513338357959,6.224476467120336,1.6403481083929659,10.067031780755833,9.554445790759528,3.044658252722377,8.150460357772928,11.24822354283949,11.699407495748375,7.375107889077616,11.77032438306163,2.8647658002348364,8.238234310590135,10.76950936017704,1.0,1.0,1119.629812665836,0.3829900914151247
151,1.5895586692640342,6.745059430422658,1.323999221233679,1.287958436649436,7.947956858842543,7.450269636701384,9.762291213000854,-0.5505212673620218,5.942927931570679,11.220825099015117,11.162297602938958,7.383432192508402,10.491233342390995,7.195899698081121,7.109487025679829,1.7912288555561455,3.313444695036588,9.004406678764754,9.024803748763834,2.188737530834105,10.209502368743076,0.02760117649135113,4.052458033899851,2.127757553972569,4.2193860273514705,1.7843666759655408,5.420608608543447,7.940154454845655,-0.21933674211226917,-0.6665217190255169,0.18335069712014984,-0.8901756302084098,6.417617176076313,3.662390105188657,5.282724931143924,8.790535684194987,10.056031197570777,6.088283454900519,1.2993468624444824,10.033920843830224,9.0338589062794,2.3648911744852135,8.415328389769204,11.131644526540597,11.896810051778651,8.28018027725645,12.073785876379741,2.8261845788749307,8.397268462610858,10.55684632480473,1.0,1.0,1209.1590298372257,0.3341637795637449
152,1.4773698114675122,7.038727773855459,1.9584919379996186,2.238880787117617,7.722019939038245,8.011268063296049,10.000119452938264,-0.4909907391752539,5.966759842537218,11.433986055549594,11.218629480889152,7.585031284115869,10.565224630429675,6.857276974864694,7.320550914312571,2.3207904748406674,3.3769158918928746,8.512392161307373,8.294326249269291,1.832779404264124,9.821513149610109,0.08244604421427365,4.291970531229444,1.8467366271350478,3.7037659152131885,1.7113725044905863,5.209224765288912,7.510314174024,-0.3629156603697088,-1.0135972403733595,-0.09490304791662452,-0.8155738986351511,6.686483719149902,3.678723560637693,5.433616341687518,8.228008968337173,9.98303455768392,5.873438216035024,1.6589158265306196,10.42430234274557,9.4548276223765,2.8432368021263033,8.52224354629431,11.719030226053489,11.294490868605292,7.926367068355408,11.920195398029136,2.3535806441733995,8.400576433575807,10.477842236556054,1.0,1.0,1223.6064446651324,0.23585030918900501
153,1.7375011536578187,6.979620589146236,1.3908012396676381,1.6356477974189527,7.7281430507591296,7.958244562492778,9.516732632669957,0.08129234999155477,6.291077115994661,11.618910934274616,10.788255783104375,7.587735435435209,10.37961956617593,7.253644342593664,8.003689567111065,2.2805169880628826,3.484729200345884,8.653245791820224,8.427092850697361,2.019832061435181,10.253367113640481,-0.30641356080338067,4.2055739297975885,2.2713459663210758,4.089846901752351,1.7323581703476139,5.129627766221095,7.084798156502124,0.9624359924953406,-0.49451945183800283,-0.11729993136728636,-0.4701667927767939,6.856973554922407,3.250738749045748,5.340063217359164,8.689843678075382,9.721006643651426,5.694332615834063,1.800943863205342,10.455437724178742,8.860569388714794,3.2514511641233996,8.453497422020778,11.831499401979219,11.610712648256817,7.865551870658107,11.276290995135506,2.1765849699492206,8.381763118646854,10.943053049657179,1.0,1.0,1154.8286021715478,0.45560590409273616
154,1.5528027662431112,6.747746213734068,1.949522442192999,1.9665225240491098,7.688028087979038,7.8898457143111465,9.172269728643911,-0.6720019069833311,6.194250708057889,10.676410046513162,10.71463994282416,7.770850244294363,10.358522680781007,6.872864615003804,7.247642231146739,2.017697640766051,3.3792859005979228,8.632768845399324,8.67281592037578,1.9264374345406297,9.765977587327278,0.12544925017527186,4.137655459575301,2.2023089653954644,3.1915256673062546,1.889244036726394,5.469596538299613,7.338073077927928,0.25643784179606116,-0.9775139762405198,0.08750818454285278,-0.3312430749662709,6.680156885239161,3.348648629278535,5.180750077321866,8.957411927161631,9.88029767208414,6.040543166900717,1.985802591549463,10.196073276417604,9.127927236959959,2.732832854468274,8.657620213647162,11.495561996890718,11.693841389655942,7.940248627369889,11.58880827961746,2.740054523097987,8.448974171002384,11.014475590925,1.0,1.0,1140.396401432849,0.29062861868832573
155,1.5840601790708546,7.024575712085031,1.5545482816189087,2.1756437005669538,7.505110957941584,7.8206605905620785,10.106420515024265,-0.42580197028549965,5.617584016341254,10.812771252744357,11.372336026492134,7.324636435978557,10.22668784917047,7.650082357383143,7.273965730594038,2.2337705688807517,3.468058858721327,8.812295148878095,8.760026730694698,1.4744868447696409,9.902974207317405,-0.07038258118754037,4.059861864483183,1.9437999730399997,3.3761656799523045,2.1476388134059823,5.360635590298649,6.749186426255164,0.24910202828154712,-0.7492880395750149,0.03897638060524772,-0.44394583416316213,5.833557838920416,3.5821127860886177,5.348632335064411,8.250151970808737,10.13055378138964,6.1157041220009125,0.7870375024428051,10.286641177435378,8.79760145603064,2.845122214947577,8.516906683442167,11.347318946514516,11.706914206784443,8.40799174853383,11.614719833109287,2.5559943134035903,8.417960301631963,10.687007488844488,1.0,1.0,1175.420808169142,0.200055826594624
156,1.2416000826379283,6.952843957503944,1.8498284626108388,2.3926346314349094,7.754448438486256,7.482280167547827,10.14548701177755,-0.4574262609381303,6.304740078776583,11.159350335483008,10.864943416782666,6.808319189898125,10.519508671321418,7.176545666526302,7.663225313203749,2.446519591379766,3.613997495682759,8.521691220405534,9.006273647332835,2.1429330187291598,9.605400530631654,-0.21297135498063904,3.741413121094887,2.137063522836402,4.490349564074386,2.136758578554854,5.583712312593344,7.232454047863132,0.025635459516189896,-1.0558677332704889,0.4436940913832699,-0.5544370665497252,6.3949173934695995,4.017543085323984,5.213003553304572,8.561129007817318,9.615178215473373,5.973454801440861,1.5436439780713678,10.236001231539952,9.533126764993236,3.8100170159713587,8.833522605439102,11.514207083490215,11.427400095083238,8.158701675200682,11.731007373596436,2.118954920594992,8.293734800403929,10.84345159015498,1.0,1.0,1191.4490653120315,0.35349856261705465
157,1.621263812075912,7.037132569766614,1.5325328792219937,1.8396391192112254,7.534510253629261,7.335517740939371,9.58044986613232,-0.2294881552964453,6.311007347747599,11.083391611420025,11.620692346225914,7.405388863332756,10.43928165996666,7.27043934543401,7.635066489477431,1.8225522556112255,3.29990401633838,8.550900969866055,8.574243865403258,2.2708809065408717,9.751458465958311,-0.6870925869994035,4.653381523393565,2.2004420105354003,3.9560108796776627,1.6992270731450194,5.188176718322681,7.153296473672805,-0.19551224114290133,-0.24552999801521075,0.4451756458271975,-0.7234139813273677,6.2034352525167025,3.2267550687924667,4.8614721417527,8.02118004392745,9.783329453021587,6.084491093850919,1.624490859358168,10.336250876640142,9.011422226323074,2.6943364190486356,8.452935898701984,11.513757579509761,11.708287771218616,7.458031024757468,11.512759073783188,2.1623650076901777,8.432465011799723,10.518557112332724,1.0,1.0,1062.2948750643557,0.48101432571155006
158,1.5555006824381166,6.727212543581533,1.2962854330590545,2.135387040442148,7.321591736840671,7.574549170892899,9.6754151326969,-0.580637390452581,6.39882934348087,11.131871517906081,11.354599885449959,7.443933666443953,10.903817583157524,7.029784290064598,7.246238605336466,2.241439268907193,3.2114202980717987,9.015454066748388,8.443331964423251,2.5030248208909818,9.803808823552773,-0.2674947757565511,4.644554964251452,1.6531197267933533,4.2432887115408215,1.2276152851001503,4.9355343809428005,7.2808927909117545,0.5127606541297934,-0.7547141579513863,0.19269115218680405,-0.596967338586858,6.37455672630506,3.653502270739896,5.410252012303472,8.37288235272921,10.03420181332564,5.9376967841100665,1.6427516499574484,9.850478516342957,9.348950180136944,3.003937944208169,7.551882940945912,11.426063775166108,11.475280258163696,7.590701483461343,11.699405548805268,2.5420746531313774,8.25050220435087,10.579956180175955,1.0,1.0,1130.9645367102044,0.26356604582868076
159,1.73975665595478,7.030741009104952,1.2627158262421423,2.144552306391813,7.8586671352401565,7.7504915057706585,9.331983117098009,-0.4938877216979378,6.278282249271144,11.484579817869303,11.135930581283787,7.713651286911412,10.206851511143073,7.2485461891225045,7.315515183822556,2.2119913604482564,3.5392314565663594,8.70025468467261,8.852334669433072,2.0727460055032667,9.67258062306515,0.23988958942879246,4.502837488401908,1.9690477546093381,3.6251519707902164,1.6489312963177785,5.249434213301188,7.227575358153836,0.24832498973512804,-0.9758759677009685,-0.059737431760298776,-0.19735597021756995,6.401654006630974,3.5181374683247615,5.083250705060558,8.372748780886221,9.922772683666112,6.094458760971741,0.9205971928319134,9.827646898696571,9.08036239016207,2.7984694394555527,8.186602040761219,11.582171368923229,11.533674778189075,8.009737550545129,11.081796511378876,2.2379033398013135,8.413026424281048,10.719181130519704,1.0,1.0,1062.152997817113,0.5186524007889157
160,1.0779699874909874,6.879078595084095,1.34647915996151,2.4103208490109997,7.318770781356916,7.568787145943411,9.878662123359073,-0.43096876065559636,6.3050548303207,10.886986060664958,11.383862606326339,6.747777016375995,10.43682927637571,7.72070765678488,7.675621124901036,2.6021447446711723,3.568407090253084,8.292938793639559,9.153997794224372,2.1111487494672323,9.763548158843676,-0.17593937787677857,4.761408819697994,1.9372705991137908,4.6091199637161315,1.8942588068385346,5.520990170063713,7.86699342662545,0.6187906169735369,-0.9912853520908294,0.028388352840730817,-0.3141610503166131,6.655216027680376,4.056009791123306,5.31113829380179,8.796579526218704,10.131499978680766,5.942326039477276,1.6828157657293383,10.190315496304663,9.258513074294795,3.0419819792884133,8.543007425811211,11.560860987933044,11.675635051517437,7.342530060336565,11.217317445974745,2.94426950968031,8.220005129352785,10.68282714777683,1.0,1.0,1198.5292367443676,0.3338189298058799
161,1.3720366656401042,7.08632304030212,1.3746286123114186,2.2510978324301507,8.313599589990204,7.021849892472355,9.659876983605733,-0.3416806185315566,6.122257537139387,10.845970641062078,10.767657569469764,7.724553332011621,10.937131381405468,7.343985784587589,7.302208138697463,2.219225654656783,3.4363814625190425,8.67439976107437,8.49190366303706,2.4610541493115985,9.503860778946601,-0.5259236141095645,4.58929608219842,2.0205699757699236,3.742295163532214,1.7947826731589716,5.617529734669724,7.322152506441047,0.6789377202119947,-0.520766529835964,-0.18093078516054337,-0.46555852009447085,6.562223424156834,4.043502985429334,4.971661149875695,8.10123150403506,9.784596342424889,6.843230460963119,1.518410742877448,9.732917361041745,8.655937717505171,3.461370112852324,8.786464670946934,11.42090348755817,11.420474735044126,8.085302802770912,11.814681149984825,1.9142438498539136,8.717806913381324,10.807446014051983,1.0,1.0,1184.443748391586,0.23258880216466304
162,1.0780311604171506,6.530935696964913,1.9136437449995212,2.200205340753872,7.379828447244774,7.558082833187754,9.839986429806482,-0.2500007702889055,5.515423003318111,11.11223798896528,10.818363943245375,6.729847200589175,10.447948501962042,6.81430768838793,7.302534820032667,2.5682321641125205,3.4799063790165414,8.645050753706593,8.473701428157984,2.091139225132183,10.205505139542588,-0.5633258993744099,4.523333785811839,1.8828129260965816,4.156678673323694,1.7781311258883357,5.355007138399714,7.471043688954306,0.10873048723928463,-0.8547477522387881,0.26187938563984836,-0.8177354840134774,6.252780414973516,3.5073587182321226,5.036415145538255,8.731909115067511,9.915229827580148,6.134632013164492,1.6661602875936765,9.970683500344016,8.856910386462634,3.346133186840521,8.488586263466168,11.367662772676924,11.150651965090782,7.724123729142419,11.635145757153852,2.2917122533235292,8.3241429795971,10.595751904154788,1.0,1.0,1010.5679298392084,0.5514618097244562
163,1.0978538413277494,6.498386745163062,1.6388493208882284,2.7446989891904914,7.55452777046199,7.558234239944245,9.53522334356406,-0.19755655513593898,6.423373322927559,11.053322860577094,11.427933143223575,7.265229887752988,10.665681722299423,7.13075748331225,7.659437639570213,1.8454287086976668,3.1205950431418703,8.701857584251615,8.908451658460216,1.7034644689221055,9.92576260316391,-0.1704322925035765,4.043170456372533,1.3169437935369626,3.8489254085769473,2.3783384274550396,5.883029201060908,7.025115045976238,0.10183101873265096,-0.970724105036781,0.3866168577898908,-0.7644746585394346,6.1507086065075685,3.6014828547141486,4.903469559325187,8.959420432552337,10.064242639164506,5.5905557588981,1.2255553004091908,9.963043707093382,9.070309835667633,3.211924456929753,8.382239539029214,11.467225520055958,11.910803419703687,7.656602732328394,11.385757162606712,2.6185294055595403,8.733903176400197,10.775230373148952,1.0,1.0,1043.0873042815026,0.7358719402632241
164,1.4234933656658413,6.958454247487918,1.6072584093402296,2.385962748478421,7.321637414753472,7.653269112619449,9.817854445483231,0.1817487923706046,5.578812148759354,11.244849159522893,11.003630632682563,7.80435287339288,10.237523924465968,7.4517702492396625,7.336817322172452,2.365692026205912,3.4136256563452747,8.463499780094567,8.484620743072966,1.9090338021909385,9.695405486719421,-0.11891746470553333,4.168891336802982,1.5649167056281168,3.7354534390803744,1.392353906874574,5.18454917161411,7.706731324904193,-0.4185158014216238,-0.6463035771040322,-0.23058068615966215,-0.6532955156943965,6.133573087723563,3.4835790903512303,5.240626920841375,8.288930951094835,9.985103219716182,6.160820039614631,1.622555177863635,10.175177280839112,9.111005239145024,3.1664171704054267,8.408160410731796,11.494339142846341,11.270855679062887,7.657091087578532,11.465048239833887,2.603621960773237,8.712008090913569,10.836130629346519,1.0,1.0,1072.6581561404578,0.463448399314103
165,1.1964767355925168,6.704338263340887,1.5159059973431144,2.303958003165424,7.46745239583893,7.843368737335024,9.82209907999119,-0.1257066946275888,6.20976217155498,11.184913139480718,11.264047050830555,7.006665626807147,10.251593343488793,7.382488219795073,7.050007360036678,2.193060089627384,3.224935729582879,9.06269833310502,7.613669585553641,1.5629047515470746,9.697125470740339,-0.39883920813176116,4.699066992319585,2.056086589057948,3.863931323309812,2.1218228587954777,5.724585088208476,7.062669463066641,0.12282995567402731,-0.2088089663029739,0.37134133648175466,-0.6059934561290283,6.360278761208439,3.3971916308131096,5.427092103561911,8.646388652321757,10.220732953842115,5.539309075413044,1.4954297391973181,10.34759049274505,9.319713750542217,3.074598967782913,8.708050831272727,11.389896862849644,11.450126668961142,8.157782142079379,11.52404777917897,2.2621671561282555,8.214840109769916,10.71577966927838,1.0,1.0,1071.8916239098069,0.5361217936850897
166,1.0945473201199145,6.698891460892496,1.6426583271181614,2.1860597980347567,7.75940657833145,8.171530731368934,9.668457682681213,-0.4617531678681996,6.1541440984054026,11.016854674693201,10.477407110775365,7.382542423240545,11.075511693912713,7.415934836013794,7.5792879176565355,2.7524862228003015,3.593175498214108,8.094051869246728,8.650192466082876,2.2233783916358165,9.64895316891217,-0.09264891273292228,4.206895580062294,1.8897208873687554,3.9219657268482866,2.08327781404335,4.766840770321368,7.655539571495245,0.1436699055323367,-0.6719532226543727,-0.0770654214523861,-0.6016039619620863,5.94941405147245,3.5293059071108672,4.880662687506211,8.237012240233792,10.213295046500075,5.91628602876732,1.3541466047909911,10.346191367061614,8.931024698234628,3.303604341572214,8.181784813413811,11.112161156337898,11.488627433210045,8.348022922471468,10.890199858107978,2.743951750348213,8.864240304098708,10.665070124157854,1.0,1.0,1054.8049953852606,0.51519911935005
167,1.3633117800918795,6.7595359325704,1.6083337393590456,1.769403829973376,7.445589245065462,8.04966456776096,9.723718853878792,0.04371153045963677,6.313767313682913,11.282643887678232,11.20259414018747,7.427265947918621,10.196417761461776,7.179707674831792,7.853299819318078,2.119003980868295,3.767000679805607,8.784508423469672,9.027549077508516,1.9622282659842425,9.716262432631513,-0.2867962776337311,4.728558273282736,1.6511528224647802,3.60439928484294,1.2894879393979806,5.155550591535665,7.300867757247417,-0.5098071088480155,-0.3927219845227592,-0.21441171017525545,-0.6887155787592546,6.039719186407088,3.713441477699597,5.763352237112467,8.75217194324812,9.79818919757618,6.207569160540724,1.501152737946053,10.482431061510665,8.78108119885379,2.590598049749981,8.568579109988045,11.784165673290543,11.369566031225036,8.032841945890459,11.93240815537275,2.585604457086424,8.591481429839286,10.309350834198806,1.0,1.0,1132.0826679894385,0.5300070205733957
168,1.3752845280591783,7.41297468547113,1.6447839062623295,1.9357451875363838,7.460933945410052,7.557163260297938,9.736300386882741,-0.047785125374473325,5.954866421259495,11.288811911503496,11.007173813530928,7.472869614006821,10.23473273609824,7.242853545322608,7.531150277857786,2.294355727554716,2.8628343131831726,8.8789140696948,8.507464740884128,2.0429620464729368,9.940966201720702,-0.21404563629829218,4.553820437953094,1.9880761318243925,4.200169496181052,1.8958525014746883,5.703337343243834,7.896850274580329,0.21484707020507382,-0.2861648808566367,-0.2486590487595549,-0.6734940802069992,6.749305768889059,3.409034301973311,5.290363806915398,8.675868010294682,10.007139946743933,6.140614902260728,1.6343834427698105,10.187204201286443,9.248073023107787,2.991406263782285,8.534904128138459,11.799889740340438,11.907839272697203,8.024603591099085,11.457810931249071,2.593636130234632,8.561660696671423,11.208810842344377,1.0,1.0,1255.8027340729582,0.31299889031813044
169,1.6847519139700722,6.583400703298022,1.6633067907389512,2.315101360723969,7.828883307438938,7.712839058083081,9.391876616002037,-0.5681470990116684,6.0945601077229,11.465493459618964,11.310527650148796,7.860774177695386,10.494521191692458,7.3400271470000735,7.552640901942172,2.0997734086721858,3.7592342601094377,8.55187767807223,8.66269055679911,2.3543895298817894,9.726083038777697,-0.5392787982530625,4.433621473636501,1.829147387858662,3.7942288168696425,1.9974213090806812,5.372444782002031,7.196844776641543,0.3607155505989014,-0.7945059471843566,-0.23493581010736203,0.07782582411229666,6.402762549508103,3.3193007743858396,5.268456068580153,8.525603329344653,9.49187861574425,6.047662933454118,1.508769808021295,9.932469222105418,9.28663341992593,3.100999282633426,8.017201212046396,11.605928372454184,11.44524849409077,8.372159602372307,11.43065692819885,1.9912054449631016,8.593324307141302,10.86896794040288,1.0,1.0,1088.6368425433984,0.5830372847712962
170,1.5622195984444445,7.022329091044533,1.4989299168057808,2.1249003939074753,7.558448569503143,7.421646374062906,9.864714772380065,-0.5359791246355025,6.514655023124668,11.180788441549026,11.226142071813062,7.192345727092759,10.576427411346133,7.14750101808783,7.638438496546965,2.1698212886353456,3.584213122412174,8.86609971454415,8.4806470660172,1.9679604596310498,9.679840184054884,-0.17008687529432598,3.873424722396415,1.8996467521411329,4.062131163319173,1.8384704948613022,5.041841835405286,7.5226971337781015,0.5984505731862848,-1.2573675258717891,0.07909696056391062,-0.3479106588987879,6.087462255216155,3.59531060896103,5.40012863535344,8.25630533349945,9.402889393864696,6.094011732839299,1.2241398008046371,9.6974371523763,8.755767127418379,3.0951103250536405,8.705643059092656,11.725823500614494,11.346115674224384,7.991187395618256,11.818392934921183,2.330836504233457,7.779300811120693,10.700664954531534,1.0,1.0,1058.3414130467477,0.5088149078804746
171,1.9771806822894358,6.267415646336637,1.8258463776626106,1.915993710250517,7.989347890424904,7.329905738053513,9.633176584885963,-0.9205908369851801,5.936777777037501,10.551448540299138,10.808787676182906,6.838120583901783,10.908305385503818,6.965759427086332,7.949928158223374,2.2188230015196573,3.6645476334001423,8.62789612546658,8.259670586044777,1.893678163170523,9.272778768478462,-0.015390857748656894,4.29573366085395,2.105237104242042,4.576793138743888,1.7613170915833007,5.356295731712593,7.467717134313495,0.40668067371651107,-0.6002234386297581,0.0664894232464806,-0.63369498861429,6.31823237448367,3.3400253483820954,5.5032859813886414,8.039769908243482,9.792883424955336,5.686882743821163,1.4553190300683951,10.029402984488417,9.572028826360663,2.8496360452768297,8.662668205758623,11.83835408816699,11.274303248891972,8.047334516561182,11.088219571007471,2.0298820633694517,8.51969924400606,10.946069520275499,1.0,1.0,1068.7092198356236,0.3664550420587747
172,1.625312981894847,6.892527381885089,2.2643417225532314,2.3109503230049775,7.397433911137036,7.421564289621722,9.477291913226766,-0.19419580054500463,6.148656378806512,11.377608068780267,10.610673510423672,7.5011019089031965,10.361485300259073,7.510044156612894,7.785250816057247,2.2531960666723236,3.3971797551749887,8.287563637965002,8.39270033059986,2.005544119184412,9.855166521534311,-0.1988052888642875,4.565504741122056,1.6755505120706848,3.934343404354259,1.5532731110324356,5.531411358001524,7.275320830425621,0.07260837049732158,-0.305154883568858,-0.29152169970617126,-0.29128931758192944,6.060721441229015,3.4503206719626025,5.86385738915039,8.671496499657353,10.100668541795741,5.770337183002278,1.5788529497100419,10.334626770964345,9.277375425706078,3.218719229567904,7.916216783254057,11.778770916559694,11.756426960352178,7.8269941054348475,11.422877628564198,2.4842730867145355,8.522435243063128,11.036087164028633,1.0,1.0,1341.89902550741,0.021721996948199696
173,1.548635247694104,7.010494721971644,1.942657546639513,1.9101205353001278,7.845126361286386,7.722887320187172,10.16958784592742,-0.5261494662531478,6.287581109088409,10.87770594319878,11.21177085282279,7.02224583076261,10.881942555685313,7.278935922096273,7.770482327529436,2.1446528844999753,3.4070920311418367,8.849509390106233,8.573054260430293,2.23301057451103,9.509619528607264,-0.12324537687918724,4.046940207205895,1.819536998868393,3.7479999880099317,1.8332322592421724,5.31763730185156,6.952632767450399,0.0349438463813474,-0.7105975826523893,-0.48015481218388156,-0.3362698263253256,6.324978737524699,3.692907546338361,5.003276422497934,8.64698740151956,9.687291116942335,6.259062605701231,1.6213674236212,10.35983446628095,8.987780680279117,3.428376726732083,8.652483139467279,11.298273766478596,11.459995316855501,7.816975520967234,11.511170671945878,2.2462465396032374,8.236714101010648,10.950943206257078,1.0,1.0,1132.9848234946573,0.4210277805560876
174,1.518179382762046,6.453383054316895,1.9946046023947503,1.6089837553634416,7.368855063984517,8.431666876933543,9.176944257990877,-0.7478372313782391,6.314008334159437,11.288100785283525,11.023418257784499,7.365275770622644,10.257451847175806,7.0336932572004836,8.056948269453153,2.702384807162959,3.8654559144297984,8.589058213400426,9.128981344221634,1.83941315837305,9.753088659287622,-0.7474816959576416,4.552247925322422,1.5720710543897867,4.211854693427927,1.934249434963073,5.766828322300317,7.1798220828584585,0.26554504429970555,-0.3959132829786858,-0.35560706376899914,-0.9400407316128873,6.075152011469324,3.99124840062476,5.439936749695041,8.566365578953972,9.359634485754084,5.913000976392598,1.9691989501677891,10.256869799357695,8.772021530074321,3.4982782064857116,8.570565498493458,11.431281649404475,11.064392609318384,7.737704926197254,11.02467812581921,2.5673359076700333,8.065439411807738,10.459748594621441,1.0,1.0,1083.0542480787008,0.3645372389438162
175,1.6448679610464767,6.462487453641533,1.459297198039682,1.7614700637595349,7.280534921408224,7.626244844714707,9.62049423036889,0.07593830581257333,6.482913981152095,11.363344579968613,10.868307819916193,7.713842198294981,10.306432302036495,7.414835510424567,7.531758061683805,2.3279702492013343,3.656770464734957,8.566125827543301,8.559097927526214,1.900855394477407,9.810498696168645,0.24944425436547546,4.0998627774275915,1.8684018275904422,3.96194681102294,2.0035007815882135,5.518547102492364,6.958412444189246,0.12022034384694744,-0.5235728601614442,0.5635747536089535,-0.7614932349456646,6.332532054983262,3.6037061140663726,5.415864995541647,8.350026818295142,10.059385308832322,5.977923500892624,1.9418163930973087,9.943725254872097,9.188416487078385,2.926826921070408,9.00917810596586,11.388631640414243,11.29629452700874,7.488137511901679,11.67070615064592,2.55768956114495,8.634199011091969,10.484138330882821,1.0,1.0,1069.7656727182011,0.5134205174653125
176,0.953820758493703,6.798753430130946,1.3877502241383535,1.6187007093833194,7.38066132850911,7.796113501266629,9.94182757134541,-0.3984197527485644,5.966181267510996,11.151283858333557,11.181800381858771,7.279150749837298,10.593127087660466,7.016055350545143,7.699239643352397,1.5346441278491039,3.6203870417970125,8.369758983580263,8.807391416850283,1.9683165503657618,9.844603561152471,-0.41107901955763015,4.4788816044045445,1.551024417996104,4.0418348323741515,1.5441716999650315,5.235487407596386,7.188971059002182,0.16935707185087528,-0.2619740574515954,-0.059670908433111736,-0.9848564770526695,6.221118857080449,3.8022153013318625,5.015830149931048,8.31654684568439,9.813946197986782,6.041095409590403,1.6270991990435524,9.890352032809096,8.830550606321609,3.3961139745634235,8.688123230901564,11.207297320061846,11.429103610181123,8.056828354945788,11.570368902320157,2.213204027365267,8.956152648087649,10.68542084048105,1.0,1.0,1087.5910386452088,0.4351764244823006
177,1.4332350962482856,6.777130768595745,1.1120762984139845,2.5563666953928115,8.095726289721707,7.491371430506569,10.1264654273135,-0.7248440085803947,6.174228564289817,11.123244108717085,11.19502776505226,7.3886982443984826,10.96546327736838,7.557570943697193,7.773769330574184,2.5003922562621415,3.3563207306026057,8.679814928758507,8.438334531484037,1.886824877835683,9.298988627545846,-0.43401431718837913,4.37025808303924,1.4260446265887583,3.8604022331193435,1.8730818355223642,4.944156448836909,6.912902437481555,-0.5157613033080308,-0.35901585384333545,0.38381843142020355,-0.6235216123507655,6.149768688720185,3.7060792952927746,5.1702342601639275,8.116271947069828,10.216253822571474,6.157284282643509,1.347553273724915,9.997595862128268,8.872188402790895,2.7478821518602556,8.771671101406609,11.373850282272771,11.490110406655582,8.073965616097366,11.899121610457316,2.252687207859356,9.25970571787575,10.791228917433378,1.0,1.0,1058.690233644672,0.7740758695153928
178,1.4333346956939652,6.459163181275153,1.5927599695329653,2.4344217490684894,7.520519345141671,7.535391621803602,9.568858565682234,-0.5198240926125661,6.084941046047553,10.819878590105747,11.075304353443519,7.356084699758458,10.950594253635808,7.312107171327955,7.486978290134001,2.2470667277698966,3.847914169238918,8.719146876364155,8.473714134308805,2.0092216085555616,9.960634041377443,-0.07977803276689918,4.406623316429941,1.590716555507482,4.192393561769299,1.790950131990151,5.555919265173474,7.296700459278639,-0.052498967551336206,-0.7305411958153656,-0.060932412026149296,-1.0344349258262744,6.214937744514709,3.639762716007653,5.3591198422721655,8.925035297391387,10.165010447448969,6.212382282906242,1.41551598994828,10.13380716730014,9.176382444645702,2.9751086988821,8.82687133263298,11.262164859211639,11.268436082076429,8.02711858309105,11.027536618985826,2.416800096967302,8.570501745246297,10.900828298015005,1.0,1.0,1072.7520240845035,0.630335522098479
179,1.5686739143636212,6.593326173056926,1.63228555141137,2.1236373564276008,7.939567631859793,7.852815501393632,9.901902903856834,-0.17441415573482577,5.460688975733579,11.175076078515552,11.42769700181405,7.6087267053219,10.57963083812135,7.201715180284385,7.6098905482310295,2.3078353609642535,3.240104540230514,8.805142451377113,8.112016839122044,1.7667455339287235,9.726060136525273,-0.640745775814318,4.249029675763999,1.677271582945427,4.268791895216588,1.8862511844622398,5.76750850910358,6.960015724775168,0.35165660106925156,-0.5413726824988931,0.06646895330435583,-0.17312397388694106,6.740316659273654,3.6076939519727516,5.085516598265443,8.357866590354494,9.88552420805325,6.2477410683416625,1.20873403942815,10.257060307902432,8.548890440045156,2.7921495637766154,8.584294147433912,11.926692314755753,11.14449468904495,8.136200092839715,11.600110089508636,2.229759482395038,8.445179328135318,10.861834211691487,1.0,1.0,1113.6137763574661,0.49259680790277405
180,1.68035352477676,6.760999040239612,1.5717507685393963,2.163660903103512,7.30467961316152,7.8145191691602545,9.032108180441812,-0.2725440217881824,6.14139367075935,11.060833737240058,10.550226028247932,7.372949308133038,10.176951795722793,7.243096615557503,7.728194467328278,1.88992816376927,3.375618005956753,8.606529769283968,9.150819880117819,2.094887349939111,9.464438965137555,-0.37466176906560056,4.494511560342824,1.6781365866708293,4.190129226470034,2.112570575468305,4.955195177165778,6.988171266838786,0.3087115490363037,-0.8663418491382258,-0.020759246868730166,-0.7314817206856672,6.747518588963239,3.578613694238097,5.353500892842947,8.141144308566409,9.726638648245695,6.312801658282403,1.6056523755285559,9.976278194907326,9.045554988783088,3.1719777872473944,8.465739229253423,11.555826328305026,11.018689402749965,7.667772280126284,11.507365761112126,2.5300806243851586,8.580279655256513,10.638942816151015,1.0,1.0,1056.4052543097998,0.333325028893397
181,1.4814730888083938,6.612078225339867,1.4603816365793727,2.254349106919304,7.64497479511142,7.010898946522223,9.572054428679712,-0.7334937669186399,5.868646502323318,11.155235197956296,11.261573222816821,6.797304191657005,10.837162071901819,7.390784651491837,7.286487494321106,2.2526439563694587,3.4650475711849045,8.910641672348392,8.409325867398751,2.081206887178442,9.674902790497887,-0.24352921326335525,4.170992413442865,1.8214223466598942,4.2836689014804135,1.7433360483235472,5.434116785050056,7.445238411006086,0.49990126578185384,-0.5365965843437028,0.07423950125168913,-0.23150071046041804,6.483494760409713,3.2049525409991406,5.063631582438479,8.08141872059851,9.971843509004161,6.478678427104634,1.4174811494640238,10.56952507334474,8.673530983127193,3.2546057618353967,8.802233574326001,11.583887349261852,11.199344106129205,8.156247405910209,11.624526680464943,2.7903991344546935,8.357764669133513,10.758045734423956,1.0,1.0,1059.0172212017308,0.5965348841596446
182,1.862694461212341,7.134473376239482,2.0363840723817486,2.4656210135509946,7.699041387196671,7.827578408040889,9.506710835104636,-0.1440737915729404,5.978994863009581,11.05078004696099,10.398588445010551,7.655255148157359,10.790550424326327,7.327309782814588,7.249978589787312,1.5348278266702335,3.373341204928692,8.91852376672831,8.679581187935755,2.093445203609688,9.970560282484424,0.3795776752720421,4.186012695573863,1.8819575273781126,4.100239306136231,2.0057635116774764,5.542747644695626,7.48879578816743,0.31050340931077847,-0.9326876326370762,0.07581627610670436,-0.3549204147471976,6.499872476234635,4.0562812649471764,5.108072363690503,8.85737187670372,9.816871014338927,5.849652682628051,1.6954330639572521,10.677569253392,9.337908673759253,2.8641726014337263,8.499122495416602,11.446709570542112,11.477503683314223,8.05054749217764,11.618974442552386,2.4487057619697166,8.70935114969481,11.057336667088881,1.0,1.0,1402.5441150194422,0.026145506773274364
183,1.5744479551684818,6.807241709485957,1.6450006240762116,2.340894589788687,7.5858928444660325,7.966516311334252,9.527212769680443,-0.1783982635150152,7.0567223691483765,10.902722295262343,10.78557883078122,7.664102215409681,10.098836760715477,7.300760245870838,7.490562467587186,2.299504591236801,3.922274980982511,9.028151678484821,8.593928719330673,1.849987254444632,9.965598195733312,-0.28035157658289594,4.065052866533152,1.69144794146388,3.921057422399307,1.848896257950253,5.046193015543636,7.094957518215989,0.483244952918099,-1.271753399299687,0.29366671034905545,-0.6405631140433157,6.406560105296375,4.007261127041881,5.053602533091179,8.526820967791654,9.40111877155722,6.78138631943348,1.2300931161672384,10.317881317445028,8.930048882793978,2.817213292518512,8.316532561123115,11.565266063287496,11.42346383961005,7.744980001375585,11.592655191808857,1.8845427738497738,8.270820471389086,10.658687527476346,1.0,1.0,1325.3903036883873,0.015882821575846775
184,1.5544691411778389,6.946344950341526,1.4458064755246642,1.9803885763804456,7.686186020073527,8.020631575469675,10.098575984701776,-0.28223572586737733,6.12121713490621,10.710714337525287,10.769392886591707,7.58723628383192,10.582194160851952,6.781766350850555,7.777351634535066,1.9891601597415145,3.15282523614443,8.684868034895844,8.606062375657954,2.4661280824024807,9.922479096450521,-0.07228927684489342,4.499373520168185,1.5819479902477183,4.066235418199459,2.1867686022334976,5.4303816162234355,6.70680613107567,0.3317491913249971,-0.8128307504030776,0.446655635040814,-0.47718445594750564,5.9435730965518365,3.4966386743120075,4.76139038448705,8.44368197361251,9.796076611995343,6.1139443559928885,1.1467238872509637,10.208938091725084,8.78297833540107,3.9401541618106335,8.120188002665815,11.826084166600987,11.501925196069426,7.132217564407585,11.935846961385094,2.472446355865993,8.70804084348544,10.990301962013012,1.0,1.0,1061.5728953264613,0.5896588404710635
185,1.2798499223829034,6.671326631390548,1.6285574706894763,2.48509343395192,7.954040513915332,7.648679875791123,10.067180575664652,-0.23990546907071994,5.744446698364257,10.81558574170323,10.89810324572564,7.9269548310365066,10.437720840730817,7.365949871787316,7.519803642874121,2.363274777076069,3.620403007747254,8.859086265757448,8.863266888299025,1.9754988471902175,10.226812088455295,-0.2819703950893046,4.622601558936323,2.2397115937218,3.5558569727886176,2.127806211118349,5.3112732841012305,7.322721357643743,-0.1700203537389099,-0.4446619058707673,0.12833959605658773,-0.36343952428848947,6.141800122453084,3.2427276153277327,5.10333717508134,8.311473260712754,10.219569487678243,5.738684508350687,1.5858387546082295,9.991124538208702,9.124304384027665,3.2563034126426977,9.327053614112321,11.192173886706716,11.578742491868109,7.882627070343188,11.233277545080595,2.044914618808721,8.440784758649496,10.710672620629051,1.0,1.0,1142.1404212459697,0.4128774504512827
186,1.0813156666092723,7.166806152459347,1.708422745616329,1.652184537768158,7.601608362395953,7.124292357669893,10.159886127137714,-0.18881034872730207,6.033804017179443,11.385436701404233,10.226122288243452,7.462193898474896,11.00105820633149,7.169555273345497,7.60021460211458,2.8106717494901696,3.4877340282142715,8.425010176318226,8.39493752982817,1.6563858046411428,9.815518080640524,-0.651673208113638,4.399753019282969,1.7515229811475705,3.5875198547870486,1.9492856832031769,5.851321646233172,7.835644978873659,0.3595678374494874,-0.756711581526094,-0.08057547918267494,-0.7318482414914468,6.20524833382511,3.686014412401727,5.7976726075821166,8.10261866926563,9.764196005557258,6.035286149150395,1.4475609777581426,10.074588474228726,8.607698046154496,2.9043106975519137,8.695206135954882,11.641219336644323,11.272628513413762,8.375678863468366,11.332508649300408,2.3389548074803126,8.427153502427602,10.356153839543722,1.0,1.0,1147.7020308145104,0.23802351676679853
187,1.5598927335529347,6.773358920366328,1.7513861268933169,2.2277371158667276,7.517616749266144,7.716412039123129,9.65882419732195,-0.5430026511626593,5.958224773311251,11.045565379026833,11.52163240351276,7.614585667073112,10.057887325083877,7.090351664053119,7.431173354107161,2.0186913229660406,3.579601395741374,8.885862287686606,8.390729303414599,1.9882217386544254,9.624382268551438,-0.04873525065172021,4.480975560027683,1.4337997112200027,3.8808955427261473,1.6051710684132066,5.349972833112578,7.34984324876019,-0.07258351659671464,-0.9084509776534293,0.04365205218432476,-0.4501683381576901,6.716898342732963,3.7359646133999647,5.532349871504051,8.750675207728763,10.057459160113153,6.361600896171499,1.64971311491081,10.468705803817521,8.78013023246217,2.7554427877135463,8.586780989274262,11.819047288002778,11.51650000342111,8.165291270116171,11.202667057744915,2.7008117607786373,8.056734818782346,10.908903867189718,1.0,1.0,1138.4216128139349,0.43425449917747827
188,1.257954675453083,7.156161555968798,1.3033524081991477,1.9353536022289253,7.887397135948512,7.934374025530328,9.65415743691826,-0.18912950591219072,5.873584820045451,10.947362583192103,11.342310108619024,7.889889896939346,10.3834152508222,6.828860114514807,7.282248792853187,2.5349854074826133,3.575059701205512,8.696114675674181,8.200950832359885,1.7360788373186682,9.785858022055296,-0.29171340932164413,4.13695996805198,1.7707730459510973,4.121689201700075,1.539616031173616,5.485662374320979,7.383170524646515,-0.11553770259688112,-0.7917602824613549,0.14809160499990998,-0.40760779469429664,6.383097873696511,4.022832120069961,5.0835044950452275,8.651167582640872,10.11645109646429,5.956675629366193,1.7098936807244898,10.208497998410229,8.684152687729298,3.035967055333636,8.235775712204738,11.72486713815138,11.508786682147818,8.238710902816436,11.579801961958207,2.8343644712752996,8.533035523983038,10.747344644708308,1.0,1.0,1067.3456027293635,0.679700724187502
189,1.7223072444721306,6.87157500573337,1.5629343546141474,1.9199577020559007,7.585500656233635,7.129502440449528,9.890581136426773,-0.4067012324804368,6.022593608447223,11.009517062902349,11.326487111042491,6.960297101918133,10.783256450979824,7.631276506624859,7.6535023542802385,1.9941488585096458,3.2474267178157485,8.623667212735635,8.585162576034023,2.4146676136932723,10.03899017929843,-0.408612634620633,4.184402476365461,1.943613364397493,4.300603392546627,1.501600291810377,5.33043972929989,7.278525066209912,0.13739912883195476,-0.9972071879008899,-0.5186661269014877,-0.3432071618937439,6.614413149421175,3.700737910469592,5.1225912000189755,8.544828896202148,9.448547881823961,6.2764424673690495,1.3499645392640591,10.495864003936118,8.756587365462376,3.66540845193139,8.822998596358481,11.789753759975575,11.25139700345408,7.793121138567169,11.573419985263444,2.613287113856649,9.119493321600677,10.824496283997865,1.0,1.0,1206.6488896535009,0.28809487048126664
190,0.9787767559200807,6.337104636122309,1.7776519866661922,2.030121930696014,7.7954114425565315,7.7216287784793405,9.75032580178498,-0.6520041085268716,5.756023628355734,10.990829686200064,11.442903187657295,7.327221988575065,10.40429939734309,7.206756208716356,7.432681466539394,2.018315895960027,3.815766918328645,9.128395436977204,8.754365653267596,2.158828685951261,9.801730116033076,-0.17730658183036824,4.293868085891015,2.1523015710725573,3.5484308150985493,1.891000969678728,5.799538880033801,7.4342746988285295,0.6052572930138107,-0.19135353557312906,0.08550819348877839,-0.8791103286888953,6.7033274854745555,3.3978457390379053,4.710267745703727,8.511849885067205,9.783093120858243,5.974287683397382,1.7149739181792336,9.679280190303249,8.885944504221488,3.4074426020878263,8.769339868799541,11.268472762525654,11.153570374248813,7.966975827343167,11.861913582765022,2.5326042749826723,8.819417879457914,11.119555394406829,1.0,1.0,1057.6171447130816,0.6987729616110149
191,1.4834197206416473,7.125294225777127,1.562303534431398,1.8453723823064538,8.03604616292158,7.740119103989274,9.847073290728632,-0.5613129145277187,5.935298395806652,11.499068156926478,10.938888106168251,7.5543766154590175,10.426448397217671,6.900949986837605,7.043168674254598,2.717779713461238,3.8537646947060598,8.709059028255993,8.581021590741758,1.780712306554405,9.670391150318762,0.35153681649118684,4.25936616040125,2.0298527450761648,3.9070716206924145,1.6965918580348236,5.274193215807581,7.266403119284019,0.1263469837953164,-0.21423451594044385,0.004382190533034805,-0.5505596824835641,6.445157188091586,3.4628716725902144,5.104987255805353,8.411918672573494,9.994813805781327,5.71701952070512,1.2917666364703153,10.180689426628735,8.991716362841363,3.209087753919859,7.965493453549193,11.403068372866263,11.2112440518089,8.207191821790213,11.224731780466144,1.7392512122032413,8.070893627741464,10.830048708395731,1.0,1.0,1003.9031256609906,0.6841093504342785
192,1.699272403726432,7.144166725873877,1.2157740506425296,2.3954059548013635,7.6006257800570065,7.05916103746045,10.066279215002098,-0.26708956549521046,6.118294598447491,11.044719198851974,10.899396821982062,7.508672069739887,10.888943034938302,7.043697440829121,7.364482659833863,2.5162248806877288,3.1455304399705706,8.729369677933294,8.491232880010099,1.5492792517944558,9.822405168725995,-0.24336143305248992,4.4048040806307585,1.6121002413687666,3.8888815273508515,1.7143195189780445,5.229681074438387,7.224971857316121,0.35611718978537676,-0.4787467364522101,-0.2678230177436231,-0.3021531935378792,6.600005282236763,3.847920273660406,5.022235167103608,8.509830384602148,9.371891580534669,5.8660772837882265,1.4663511598816155,9.990738957124577,9.144851139902235,3.6090466188409414,8.624850644975202,11.472409091852668,11.762464982726895,7.965277395862708,11.362432232205324,2.359873803247506,8.199621103698249,11.042150564405793,1.0,1.0,1184.1524978084074,0.1778635129865596
193,1.4732125022137157,6.810826892585111,1.7071991116010146,2.3792604436183806,7.896595797931159,8.078673669053815,9.473645943094205,-0.481293537181472,6.361516207071603,10.867695280602543,11.507972202395274,7.216994055850515,10.05276960566933,6.690636130771335,7.542974630692551,2.246691709375932,3.2809459204734033,8.576293824305955,8.475442946738527,1.4660268833122827,9.338356538095898,-0.3937470353898232,4.397396949953714,1.6554187643314646,3.865467149000981,1.94097362799297,5.538175192677083,7.199081280152941,-0.08697346197948841,-0.4566925923579292,-0.04898775000397136,-0.840144356128569,6.206092521979655,3.523708113851305,5.179828184805761,8.593665390151893,9.712599729861399,6.1570291971267,1.4593203710364089,10.585064679526598,8.294142150886477,2.899148001362444,8.706973166876343,11.571010330457872,11.597121079747195,7.435179231990893,11.229091278003766,2.1692275395189027,8.439657563544666,10.432880230156194,1.0,1.0,1020.4386333103879,0.5204163115404576
194,1.530509799662476,7.060004725001554,1.6456807225103225,2.341325777542141,7.569117078906496,7.673886507568994,9.40018034739424,0.14885514312282022,6.03321905768215,11.315416212598388,11.096278075992084,7.13180301620821,10.585032307841194,7.174950230148673,6.848665512369797,1.908718470047596,3.8412943582100687,8.625152331265841,8.758113544798602,2.217969125906461,10.262210767121157,-0.2213198757408401,4.77423831530696,1.9572184655839822,3.679690709331478,2.0975002569755925,4.9609880894742115,7.609889940092594,-0.04256702263094425,-0.9550032861273194,0.374129829987471,-0.26401358940005,6.5134904959708315,2.94707714306509,5.112039446996047,8.42396445857439,9.666265846394577,6.312157511113747,0.8436555149884997,9.696703573332325,9.105034051924106,3.2230478205711397,8.282254480692231,11.681307087756021,11.881181554516163,7.744357170695585,11.127566285158412,2.6218552043030883,8.476248467363895,10.694034812047928,1.0,1.0,1005.084952917227,0.759686009885814
195,1.2707184766122999,7.136396021945519,1.390435177655573,1.7654644564206445,7.15866506309595,7.352768767511481,9.913135821208707,-0.3493139353224129,6.386799579589642,11.390030887807827,11.23818230203606,7.653269100871285,10.39022751634681,7.537534382206661,7.45917285707822,1.8388999834036897,3.7024026875885205,8.664263932970023,8.203436788399266,1.712492167889725,9.968226882364153,-0.02897412947972247,4.346088556081312,1.8927640887723867,4.137607078381044,1.9165420805592712,5.586861660376338,7.560130452818651,0.3631364405004247,-0.4231897344026082,0.027954710876146358,-0.8730012380767571,6.523133896595029,3.733697156133303,5.029019099236827,8.813688196365113,9.536034626972532,6.0481013056251705,1.815376413546361,10.366629091285654,8.785820207538363,2.9835504101325268,8.19733273906764,10.832090011457304,11.705409611267681,7.961370130083199,12.223001806525332,2.548121475126411,8.894928816210061,10.531801810614963,1.0,1.0,1115.2884003506535,0.5415511386127972
196,1.5620549341619219,7.04926716183185,1.5076502999959494,2.387431893459405,7.84164631507325,7.823383813621952,9.702977449741452,0.2310459512787788,5.935897046705738,11.395091756641902,10.641589176301098,7.689083854069529,10.628518809246303,7.262447221295312,7.53959231939095,2.363372414693478,3.042662707268246,8.378485305221481,8.611907652302852,2.0068622008909673,9.84033967152044,-0.11671694993108292,4.247236271179986,1.4418419088081778,4.273025603661151,1.6153232635350823,5.806373460378759,7.619994495224925,0.07952733661471456,-0.5652162080919243,-0.1575311791101308,-0.38263343851980186,6.203314727974475,3.3825496376613247,5.407012109061315,8.359610725575982,10.173332666655053,6.131451144262867,1.7627406166576787,9.737670575863163,8.911515266777913,3.1300092421363597,8.684197649851152,12.052034928176347,11.548245849215515,8.145530659798816,11.79348810764772,2.094490525241739,8.467874814138305,11.173196402873796,1.0,1.0,1189.0888853103197,0.40808172110838997
197,1.463986685313662,6.41168490105535,1.9000529266659374,2.1706742226042595,7.5917536383660575,7.6998461949234125,9.337301814028152,-0.23433529242752857,6.334045396083262,11.085132829713539,10.89557039119804,7.214793299005772,10.6901504436476,7.513326846589351,7.6434382438553055,2.1105658812812003,3.419395103285658,8.859684516771809,8.45742366790837,1.9000406130407563,9.745492942569191,0.3943887768104908,4.435109606436728,2.0875843843531725,3.737377967218636,1.6137680740248297,5.159168368391553,6.805165838480748,0.35265768299576766,-0.6001592694598389,-0.08116363617692224,-0.562815585181289,6.351383880015466,3.9643736528541353,5.009849256557923,8.21675479223618,9.633265918974452,6.302321170596831,1.7653380526340154,9.858847230982393,9.311246587495132,2.615135881704512,8.857997365423053,11.791310039571067,11.843469108052165,8.016140932809746,11.26699886961103,2.4632808156355828,8.538670169268794,10.643832835015292,1.0,1.0,1166.6464483686675,0.1994625155277081
198,1.5461016897346385,6.755856715474241,0.9271170906582294,2.4545460998098707,7.541903574918941,7.307853752204293,9.17004375574732,-0.23116215655812836,6.834066335800366,11.096911954790642,11.329708814177746,7.394050625974358,10.231942524039074,7.456742165344328,7.008749708855414,2.368457385343684,3.465811317521633,8.580004268209525,8.800601897265603,1.8945148235211373,9.961072229171693,-0.36386547419302073,3.734604462181624,1.95956418573394,3.979766057896608,2.1583698748208717,5.083912034477116,7.515421138138054,0.6992633268435828,-0.9468293052084868,0.09615074437826915,-0.5529262749851326,6.575580004048125,3.780018698053547,5.435902477463518,8.057207099680868,9.735263704871736,6.269825407348718,1.871260725642025,10.201253685408433,9.327333444435277,3.2728481470721333,8.28414252469768,11.743064279204779,11.329927704649869,8.068876862863057,11.50441115053945,2.2522963304614074,8.693064924285679,11.321231164697942,1.0,1.0,1245.7592231840727,0.11784967167035837
199,0.18755662458141886,1.191596085130421,1.2816075195935253,-1.5118005326791955,0.408008027165752,0.1020583334583347,-0.1443663767597263,-0.11421702230193675,0.5308513715093257,1.7026555218906543,1.2620116630017675,1.7777670095333504,1.6783405682381591,-0.3406768145959158,1.3032478492126014,1.7850404753576679,0.5121842129415444,-0.9909208305483728,0.3694036113001684,1.441615244291619,-1.8061902734719184,1.4191941892472775,0.8808560701259562,-0.8161062525718727,-0.05837411128212322,1.3771019920311462,0.40996457605934156,-1.3714167213804913,0.10440898916750996,-1.2496110404737193,0.681788018531674,0.19499669181704293,-1.3742963838016284,1.7299849545148476,0.1718130170574348,0.6102289183529801,0.685390105208104,1.2757808965773307,-1.9457650696145827,1.391379124450601,-0.2597124679873333,-0.09017214701244392,0.8610559253732752,1.360765401218349,-1.546988043099558,0.44944880254314734,-1.1145705209214793,-1.841107494092812,-0.8773724581814939,-0.8253882994724533,1.0,1.0,1.273886952871051,0.32612185014807804
200,10.287768050875725,10.897860232343787,1.7505030324640387,3.8102534150895155,10.128957892276599,10.181610641608017,2.0050205024681715,12.54361344791018,2.752092104067889,10.25636264877309,2.603449030519137,1.3658926856849856,-2.680218889235193,11.321623068685621,-2.320375211897609,8.042320620251418,12.138594520909765,12.332333665002738,4.370776335353607,4.172482566444612,-1.1070997407416503,7.297368806802316,5.574620496416604,3.1750556518074586,9.186741679146873,5.419473315375217,0.8839185393996272,3.455455587527722,-0.20349140559829884,5.285065364354672,11.55318951453387,10.414497740082663,3.3038155722688427,4.312925046807749,6.828904164480762,11.193763929434379,11.954795930898015,13.263804994393015,3.029988819013292,3.6966256543843983,0.18900470942978628,11.294465082328369,9.242703729145795,6.375736587056811,2.3345640374219814,11.376185270695578,7.7393700530444605,8.001937195743144,0.8612719767375361,8.841452027622083,2.0,0.0,2344.469131307887,0.9039089396676174
201,9.863860093342733,10.555400042222034,1.670444173484455,4.078182486891365,9.063029701494731,10.379356390912395,1.8155102845568352,13.327570888411147,2.411292771573814,11.022464697546582,2.1553551845394248,0.8309370784457258,-2.7110032698462416,11.323036384357657,-2.516153883678575,8.37681161545665,11.595439966597372,11.61509501789533,3.8919080676021793,4.295715861112183,-0.9651222216491819,7.240423136933526,5.35250252612685,3.376790859773997,9.725216611557617,5.917888946948429,-0.08518743090308434,3.6460605496904845,0.6554646670218393,4.579528449715784,11.823674697006,10.129052683208727,2.906138727852527,5.264378146619214,7.092906470990323,10.97364060525213,12.37147608731214,12.992102564105183,2.9748603978020887,3.1562881330144306,0.8237746930039481,11.202594427300635,9.07169746924966,7.058654058758848,1.6417871080021242,11.50157432314878,7.282842281964308,8.020526670078894,0.8202803453684053,8.577822741830865,2.0,0.0,2203.408473079891,0.951600814043695
202,10.584524135142443,11.036737661001984,1.5423602882190586,4.959661741527042,9.446114359240127,10.079363106266154,1.7463174628186597,12.479312333567295,2.491745111845603,10.711282445837012,2.9732203963422186,1.0329820415577364,-2.4157296864347804,11.334581336239385,-2.3252457752504525,7.587016301509621,11.413599430033935,11.810605059624402,4.8274010099503455,3.8134860625030127,-0.6137772012875683,7.275346984712486,6.094434082917395,4.043509075170131,9.387329097231953,5.799807757453007,0.11024764473783227,3.7552003086139103,0.38111805459265,5.07622977000994,11.56141986567409,10.58402107604813,3.470115225855094,5.2675349167914005,6.947460337747626,10.527290954554656,11.7328313353021,13.24954714141471,3.383873668208613,3.114725683928542,-0.24744624745519922,10.677336116878308,8.995496775066128,6.976120339016143,1.634979651554651,11.362684529309975,7.55778800583445,7.382429396683092,-0.09394085061882729,8.802008166975629,2.0,0.0,2132.3121528406605,0.9558763571806925
203,9.817841647623151,10.416607686231592,2.1690861360765767,3.983880650168043,9.61878770697873,10.010318916390005,1.8302198004022001,12.763793790527334,2.3996113728487023,10.246040745487761,1.9205999697084444,0.6658074414527753,-2.959821766393585,11.937597185454312,-2.115014075746935,8.39455582034803,11.870547139779923,11.558236165275266,3.8831008850238176,4.076117218971183,-1.0355560939433806,7.774993372722934,5.889704481608279,3.884670905997955,8.668720502270215,5.316536768051847,0.10603507563250802,3.3936747242099172,0.16978871341078414,5.327059872877321,11.346916382388004,10.324495132984461,2.973149072761748,5.119167200711414,6.796236442104628,10.069626937417354,12.213027065197837,12.898241818918736,3.2870622327017247,3.5888604273478273,0.4188562299179907,11.09163938627141,9.440445325574776,6.921824155611075,1.422912755854098,12.107299849910902,7.713686579021448,7.803695020899072,0.3931416945476122,9.174991247160161,2.0,0.0,2296.681247553015,0.8231894746977383
204,9.718694454038113,10.570487115779773,1.5669129980856173,4.0168953232825055,9.798106464476326,9.68746378502085,1.270030721195017,12.897349159245827,2.7503953682502726,10.658517462191716,2.2333779436203134,0.7018524820642668,-2.6019685472142084,10.935834516677142,-2.29046572148419,8.29271551418135,11.88273843330012,12.071867476692976,4.040406653908897,3.613694935604361,-1.2853087708322495,7.510621952133567,5.936165595947853,3.5640392404425736,9.01059531224106,5.6283344538617355,0.5115193837031268,3.4837251261576165,-0.17377679981935654,5.160254819703347,11.570861299937949,10.263861333581534,2.9524303012059887,4.625218800409206,6.893364846539867,10.589718556284716,12.463410244472943,12.756774202510883,3.07548543972379,3.3273747660516872,0.29143981879165626,11.23044363259437,9.447701061217597,7.242834189704638,2.03054922533007,11.70153356576247,7.149000913937511,7.602165457694887,0.3882988226684184,9.292503891317462,2.0,0.0,2201.447149259658,0.9143803812903732
205,10.575962278487582,10.85231263521947,1.9205490080360463,3.882898032498383,9.323932001352665,9.736256014017695,2.308327178408924,13.417915470385683,2.4737319067255887,9.989439504834746,2.3521036276728475,1.3080239850662247,-2.7651698066836907,11.33758498163476,-2.5022485135869235,8.199732149459582,11.801973408627038,11.726750763643619,3.794982015081846,4.463819782332848,-0.9670852072996405,7.415782086255434,5.569834527823621,3.952671081223201,9.239971989857052,5.13825494258596,0.4158054118228324,3.76714406368519,-0.22708560723204194,4.723302067867767,12.47933793887685,10.455679989386976,2.919093817729339,5.257938356536509,7.473493626532829,9.96994522743019,12.399823775197467,12.672070587399206,2.7372898255355174,3.3828987640379635,-0.11680573030222596,11.731326987639575,9.136132416206372,7.566595584103496,1.6169908229513261,11.369939314608395,7.3232564411877545,7.79212603560825,0.35567940866475556,9.201986672504503,2.0,0.0,2353.0280876476772,0.8998477708392709
206,10.518316956314628,10.26101064688036,0.9068047860568668,4.010509877372424,9.248754071925765,9.590057283461023,1.7011003205717914,12.397993242352246,2.417276509388556,10.805245929404876,2.3573436700530292,1.0280010267441135,-2.5628611308998903,10.580967934315629,-2.3688417855033186,7.397128243423991,11.249463094382214,11.719194242138842,4.147974075734374,4.01451296344434,-0.2665773684905066,7.302968353499093,5.888888265254434,4.30161468650583,9.333181750317795,5.295964504429476,0.525139194747996,4.214613655296698,0.7794128742264717,5.066492143861875,11.57762500016107,9.4741181930152,3.174198812587536,4.961894424740651,6.64087409056602,10.78186533278073,11.830691189278605,12.39848885273902,3.0963808333208847,3.1280177197537307,-0.1407151930692193,10.570483529396467,9.960445809034049,6.8590160253856975,2.101963355186375,11.222439851037064,8.176195006322533,8.088886080382595,0.12100507432939739,9.345595956305063,2.0,0.0,1997.4535733477742,0.8881425971039131
207,10.71047275998926,10.581597106340398,1.6883056172865496,4.355527910390004,9.965211358564716,10.34252535643395,1.6692219397891452,12.798793515588903,2.7211380887125514,10.202484337459342,2.87330087125163,1.2206778071576747,-2.542454180654713,10.846721865181042,-2.5233771426457405,7.679641873411083,11.97406674985709,11.418325961291186,4.188293765570298,4.289048148026132,-0.6376311419365671,7.099202393711571,5.4579645903423195,4.350971155610806,9.399249202052982,5.201024158331254,0.8981472514277715,4.27512683388764,0.403019492215658,5.03726223518432,12.102794570830152,10.292497702385013,3.207884083785309,5.1984703425382985,7.096292583301171,10.32145717317074,12.302610083139955,12.717655807653658,3.239665885905898,3.8750918505957945,-0.06976735899827335,10.350051980770465,9.787305000611173,7.448782426587692,1.8170954838108013,11.698213702215487,7.796632057531546,7.572204639315252,0.025152381599120033,9.15966627146412,2.0,0.0,2324.325729854669,0.889574691440658
208,9.635197780982505,10.799564389796899,1.548576846819019,3.7042669417301495,10.192442438336062,9.51735656936425,2.0593757519959652,12.818190927552095,2.456664938982442,10.150190866300713,2.4252756534452637,0.987988030851803,-3.264785010286307,11.512139217409064,-2.695561138718693,7.497023117125031,12.373014992213841,11.61497268766557,4.721376744071241,3.6243921464257376,-0.6660717374757701,7.68639177231554,5.324160362070718,3.4831251740037428,9.370370436749447,4.954012211025309,0.7053560816395376,4.208524394159742,-0.030270758547712245,5.126998731497317,11.862058564533386,10.258193892944474,3.497578250839959,5.232819696665093,7.072742593650447,10.734985448964727,12.163874138966962,12.13951265294066,2.91634573920316,4.280978813575704,-0.10328163474655055,11.469382443503875,9.270083231255299,7.261829270198634,1.8771206084019103,11.660168905968062,7.444721891876678,7.5879769223985924,1.040689206811177,9.312895831405495,2.0,0.0,2245.8171987347487,0.920215440146693
209,10.476599034956237,10.41762866841405,1.3980414402552295,3.73295230998771,9.095370286899666,9.758809389409882,1.6307514313953329,13.292379759424811,3.097549857133114,10.769457843365005,2.3746840300129293,0.8113803734772149,-3.162591564442945,11.684569805020109,-2.210951319525513,7.173379776256601,12.028399937294132,11.955803597859402,4.45823316097691,4.607241799731234,-0.5852624560124084,7.6589328312919065,5.058410677159815,4.058516913650541,9.821108219679482,5.726212900759128,0.11797042372489225,4.099097743071439,0.1348463508480777,4.8192196230831685,11.209216076663058,10.816187168198988,3.0930048369154264,5.046968735252388,6.987790990163042,11.210834566185726,12.17777763042521,12.472122380027406,3.063560463428449,3.9095819561708574,0.2574248533073141,11.136387239985838,9.502364364986487,7.128558626632116,1.2966763334036244,11.162911645444908,7.038790424406234,8.030568832389923,0.4918044537607621,9.46314931325678,2.0,0.0,2204.929155073507,0.9758761372898062
210,9.964450927945968,10.866863555698092,1.7558381155949199,4.317394137015232,9.682958502067576,9.528099468878723,1.7628965114309108,13.32430831552015,2.2642137135620573,10.670273187967759,2.6038767432428775,0.9538428951139546,-3.006258021845426,10.734183340679357,-2.4679254323352167,7.959669563382771,11.53317900785182,12.065981086874043,4.071225331152346,3.7472126831849337,-0.8812202319803863,7.5862466870406635,5.764780757878961,4.384196430280885,8.985287292936624,4.925262838545283,0.09383504921682057,3.999113362814715,-0.6538925711125729,4.947953148895341,11.769425676929153,10.166349985839089,3.135344204951372,4.794108711072242,6.565901602672661,10.34933485169749,11.427252377662288,12.387567619749536,3.557428258184242,3.6681837182806936,0.39828547922023794,11.188941172732058,9.24530486658003,7.198781456536201,1.6576987095727624,11.336700851496074,7.306230971357252,8.449026392054522,0.4142360441057043,9.69968211153738,2.0,0.0,2080.8900251498108,0.954945553992584
211,9.948767076111109,11.04696018880498,1.7676312566226167,4.32549892341626,9.783529550143818,9.807544880677462,1.7688671992582425,12.25919232452725,2.8605702346824247,10.322950390244255,2.2349250987117757,0.6683128782760821,-2.497973671553542,11.823797134410334,-2.4964216117695344,8.00197116299282,11.148895642633361,11.704078509747893,4.3164474336990475,4.237276191729486,-1.0726559175099726,7.548008472192222,6.308628825280346,3.2453754576291964,9.552780008949151,5.231729462244209,0.19463719555965198,4.144868710792605,-0.2460760066170733,4.523717405066481,11.608367394003006,10.391113658747964,3.0713633282669153,4.427356353226822,7.474614043275903,10.808570553453439,12.312853260085445,12.463344827687514,3.0338264200263763,3.1256527137595183,0.04979102945392379,11.021570839201825,9.46247474474986,7.29140063302802,1.8680696961994434,11.370597220689628,7.003475121502205,7.860688815348621,0.5932649814362013,9.4188572637498,2.0,0.0,2059.9691116497875,0.9794439329528342
212,9.897677314603104,10.456154744124822,1.2720483321194527,4.2386402840970865,9.560638689553555,9.890043158976193,1.5555029189210545,12.696140026947774,2.9979093188098416,10.50627288104235,2.717695619607438,1.0996278337916643,-2.7793402576309294,11.320579046376837,-2.2883616652013554,7.386796222251414,11.64182448945896,12.13088167223167,4.791943169059997,3.636118717962393,-1.6918832543454616,7.200342510162958,5.937165240258705,3.984108712314914,9.31513294288566,4.908016054266907,-0.5996198006154996,3.733804607528789,0.17751042243942383,5.422658101723991,11.310026788822023,10.110855706002342,3.841665579636191,5.186226462917687,6.8302706702521165,10.001672512427316,12.842989407806648,12.944612724209756,3.2046910162457856,3.4216702282129576,-0.17241562999243604,10.792317938276582,9.628505871167347,7.246293172119463,1.7913283412027172,11.501119490559187,7.205954123831209,8.238672325065636,0.664457330753956,9.472341536245871,2.0,0.0,2092.4091012267795,0.9747211769913127
213,10.168181975340634,10.868954362747738,1.9510733600426475,4.21013231564376,9.414113965716698,9.901501647574706,1.882523996989834,12.733818965321992,2.4021502675031163,11.067358527895664,2.7680789891356223,0.803628524679958,-3.0570210487451352,11.150820372799986,-2.2728213449326584,7.547061175260971,11.761292684029941,12.403200602770838,4.400515107433893,4.065363639205407,-0.9046801265305355,7.139097693294382,5.689508749280752,4.091946495885617,9.660650782751212,5.172225166533378,0.49866567266516537,4.169891419147226,-0.5057646091129502,5.0286517635165815,11.325274012156463,10.561105107920552,3.329341512013171,4.843561007855784,6.7909413460370205,11.057049006261213,12.540594250104213,13.094878905843618,3.6863301200467165,3.462546726192311,0.6988827141441999,11.189094571629756,9.446957756265391,6.387706582948269,2.1373024650229637,11.798546630414913,7.587900610985987,7.962335175968539,0.25355535652524325,8.391118221130862,2.0,0.0,2405.880879543328,0.878817851306694
214,10.43773203554728,11.232572321812098,1.5734488071265647,4.239935689282565,9.464991834222337,10.310182167173839,2.1551928924042842,12.116812412003268,2.374186144427994,10.48596725444685,2.501738853144187,0.63668206358095,-3.1116925794925487,11.284683321449732,-2.0039403149601767,8.033912359133879,12.109709974435688,11.610606496623555,4.3670483660752675,3.961571914772437,-0.5932845371412228,7.015412320087508,5.787165116122203,4.106147708104892,9.352088935262174,5.2146403871885525,0.9283432191015086,4.193732971865159,0.4508235962761111,5.136010177491138,11.41061950366436,11.230899840682918,2.9800700526307087,4.927176344351432,6.7306013768562005,10.703772353423732,12.437113913664142,13.099381023504765,2.4869280562682357,3.5680625732964506,0.23346430740361682,10.910677588126838,9.450844321372594,6.89409938557542,1.779718206177584,11.35683694979037,7.570333399986,8.136998136072659,1.38693839715584,8.863073479914563,2.0,0.0,2237.129856306901,0.9569042728375986
215,10.014626382243685,10.486857937090278,1.408863990817379,3.97568607947683,9.703644737600376,9.842178208175737,1.9011785551231766,11.963383603520612,2.257636473669983,10.63720186755637,2.71539239904613,1.163250829623113,-2.8380337109108966,10.743588856224303,-2.6742824305764477,7.973267389914602,11.769970754272066,11.815661288715988,4.250813935389656,3.9325245344447133,-0.8739385310489494,7.613844738972847,5.75378680037988,3.9069106595641796,9.4559058184267,5.484366829242427,0.6655047182467224,4.108985231966183,-0.04174083277295969,4.74633162800212,11.401673552671324,10.568850464692108,2.765598799206315,5.599875678815267,6.59208103537175,10.561010649039485,11.687702199084654,12.070681413536448,3.0313530546514227,3.7141199302410826,0.7433537374540748,11.65720079922453,9.1483146413385,6.907359169535345,1.4019574559260481,11.318838642011427,7.573698346694004,7.847169409748561,1.0003236274497271,8.948307759667268,2.0,0.0,1920.2870560033518,0.9797894225794893
216,10.540886630108455,11.010303650990458,1.7909650580396859,4.228789498956466,9.554786923668827,10.051154099437062,1.9065058036213487,12.655716108443581,2.1182390957082387,10.148300818032979,2.4444073453746475,0.6606189211574021,-2.9658119439297486,11.19855597274893,-2.1895252229677555,7.997893232261546,12.139799783631783,11.61038887981933,4.5097565613767046,4.782885715219273,-0.4456157377690074,7.685868624816678,6.18567252652101,4.007112860385474,9.450423508225132,5.304505718461067,1.0429486345838783,4.429894436365649,-0.30969379643280526,5.500503130399644,11.88525074735497,10.511160422482083,4.117232464610955,5.026957068062727,6.694999009010844,10.494326084308723,12.199809317825132,13.245348356195759,2.6256855758788706,3.8679177237239353,0.020474001476507853,11.399284406538545,8.957069358849328,7.4238546197564945,1.5045548183226294,11.722834150964829,6.9938195389509445,8.089458514862336,0.6528861871101311,9.125998382496899,2.0,0.0,2429.7495715063524,0.9193287501147234
217,10.593340566986464,11.144994037918735,1.7109234406901022,4.796954516103831,9.73868801130412,10.288898003552045,1.7194957482551243,12.190040742572059,2.232063396667395,10.41193752275165,2.7372148793269933,1.7986860034173793,-2.5941963975444438,11.517925985849061,-2.4636137704610883,7.784269955864109,11.572561523037619,11.441489953080092,4.435120805924646,4.026722544040336,-1.1980559172900704,7.662752079863783,5.843531878195209,3.9200231212369934,9.206745981881959,5.5890137952010965,1.0153323742252176,3.5534199270399554,-0.42188946153808327,5.163240427780713,10.91835358648493,10.772972374612484,2.822662836047771,5.294710141447784,7.144484062973264,10.652960651017993,12.21538084414364,12.504099979092766,3.479568213847024,3.860464604890523,0.14066252502823404,11.052005129947915,9.75434755441442,7.229629423150849,1.8925871785740855,11.629183465707118,7.141158560436365,8.554491945973922,0.9294609335351709,9.361010141768956,2.0,0.0,2413.4716061022023,0.8479312605489523
218,10.439716314496723,10.840661050460294,1.169658928273426,3.7917686108732878,9.317420260209753,9.961675599171686,1.901495665818597,12.777340950270933,2.7086299319837845,10.34549701811837,1.9886397202975459,1.2927968763470163,-3.26232709088592,10.908908749763235,-1.8783071667829558,7.931213651704558,11.067537840438577,11.493457290178457,4.430251910978884,3.727107670961718,-0.9464024708982379,7.407506168175227,5.8321964103479225,4.02451996667072,8.822836747837227,5.132262165961955,0.5376099218284572,3.5974970052159145,-0.023744522506466498,5.0849247529964465,11.51492078044036,10.087672532699308,2.891505570232936,5.295923739072723,6.795067889088924,10.301971595282085,12.436794785067784,13.04442957901979,3.0134705884668382,3.2920444731293603,0.05971833373831671,11.231939916163945,9.233747089816543,6.987470995412842,1.2921508338514471,11.547810333132865,7.801801609672108,8.163383601961574,0.8983876759674219,9.464485199020123,2.0,0.0,2123.966104158191,0.9125466715367581
219,10.04225066676177,10.573677454964805,1.9733830368745295,4.005022878616632,9.674694924910394,9.391245791293906,0.8957747052431928,12.613703711518594,1.96912088534061,11.18229803218736,2.608800242148597,1.3052674761397658,-3.1150870490536886,11.246130852856796,-2.6104955713799414,8.031000392353155,11.520201280205008,11.554372896101562,4.660716844936033,4.140276919946904,-0.5596854412899999,7.934982867675544,5.85821353402179,4.407497830155137,9.631219224858125,5.528716409698414,0.5147930889515598,3.9558118867659684,0.09503833189358682,4.897355954622124,11.296256783182788,9.931193285791094,2.9787115256913554,4.959626784854545,6.87346607806045,10.192707364478757,12.050759847628054,12.622608830068044,2.8101896909748114,3.4739295060761815,0.024254814359979032,10.858589540168104,8.700294723988446,6.947135880152628,1.5664846498296374,11.315831079584417,7.342526979615626,8.011401077974352,0.7844258888245623,9.335766835475031,2.0,0.0,2003.9109180320836,0.963476724103852
220,10.089574655998206,10.65344654737627,1.3135470129454867,4.402971074512838,9.776750204161477,9.779564797148023,1.5495086575380759,12.526507502726938,2.596380144377795,10.280220624117492,2.517154010313515,0.7825051426614245,-2.63681752276236,10.91809313097761,-1.892083519518022,8.0362252043911,11.743500870767956,12.431469360371388,4.496847804721346,3.461004950562248,-1.1624850559743454,7.573928653196165,5.042781200244844,4.091970367713514,9.750504005398223,4.804658762492636,0.5177720999585803,3.8207121382684686,0.03518969053237271,4.960000801372963,11.273943916373824,10.391404541673483,3.1520769093746384,5.24348086020233,6.584185007920115,10.356582227143452,12.962581227755667,12.422167742863058,3.138175014475933,3.2682548972256873,0.03419828997921809,11.648189272995452,9.274856844347905,7.33406622012175,1.782697158217379,11.30302481830262,7.580946931355383,7.630128662687068,0.3751128169913982,8.984769403694685,2.0,0.0,2295.3177724629395,0.8092059620100839
221,10.028464850160145,10.337132073647856,1.5409127218342424,3.811986495719594,9.73982003156965,10.13015861921481,2.2947405164531967,13.062275690729772,2.612275922243561,10.85692360782541,2.181534518877353,0.8323857313876759,-3.081757855493533,11.622732847500396,-2.596220606818938,7.985154631639812,12.342651050169868,11.644448808401402,4.194512128915299,4.5046560616447415,-0.5603443973751346,7.620109709610685,5.518534129897683,4.533812928992508,8.980262149500033,4.839869569225332,0.905698294288347,4.185529311795391,0.0915176622097604,5.296926425112412,11.515650992139678,9.611951822248114,2.7967245946139374,4.946325871495364,6.779635929067563,10.589585944873217,11.593323877505755,13.110873149475662,2.7855806037767725,3.5655551549489335,0.18832515750299175,11.19270473780446,9.33834034297932,6.738820404801613,2.0397590975132247,11.016969554601848,7.171660292909767,7.329806449522279,0.2982659262637925,9.223475622222914,2.0,0.0,2078.8534173688313,0.9624117239892458
222,10.524256349622451,10.808630498221008,1.3407648518640678,4.292536465359836,9.587503245476675,9.321975284840828,1.700712216553118,13.391476385894002,2.7279640674830166,10.472516598173403,2.982046643417274,1.5443807571388826,-2.679364430586109,11.758803329076276,-1.977920615162895,7.661018455895284,11.68399141146113,11.83375061388905,3.9780685723088376,4.3835363037224075,-1.4041302287615594,7.498333964270738,5.4886615154712555,3.4668398811138874,9.8348249117748,5.563875854544761,0.7857502869772787,3.3996774132628578,-0.10107904626780918,4.722805427342814,11.483947688748637,10.632987950367665,3.3867449243753125,5.588353060125139,6.838489859342188,10.040355642411386,11.498646303260507,12.857643032556886,3.521232331391638,3.719769753263496,0.6271675288479889,11.525628977380673,9.239102010899966,7.127415787292713,1.6873450485296027,11.904882442110269,7.641826719202106,7.626184035046642,0.29549629321875637,9.42245297696356,2.0,0.0,2289.0614130427275,0.9368406633309829
223,10.234474692186554,10.225256594509332,1.9949795446046288,3.5952425345204686,9.373390750435098,10.66060513554689,1.9632052862900728,12.956717391177467,2.9990598118303264,10.084826667119417,2.458986439777611,0.509313165579042,-2.6651650098583755,11.347009320162416,-2.3209593521816276,7.761461535907103,12.106157826777569,11.440599643458237,4.656899607025087,3.3610182488766274,-0.35734443664589877,7.651625041875559,5.477877254377079,4.177286709797338,9.309249709842279,4.779224617388387,0.5912099310027719,3.8720076867255244,-0.5027046377677279,4.9483640675933485,11.304515260754881,10.61025622522621,2.7228511768361905,4.9916185676203355,6.389477001031609,10.828049171780048,12.822082113584571,12.974148938934464,3.292173124204497,3.1714956562189274,-0.007220454232399448,11.053189299441076,9.301006398692705,7.494101259445991,2.1682200823332938,11.949810516461296,7.34964383836538,7.071516623999246,0.6536484932927528,9.314827215885998,2.0,0.0,2306.3915794786835,0.8562349530028361
224,10.140322990177122,10.203143620126541,1.9437748389732596,4.3876568262384525,9.61003969179872,9.744043615642218,1.9325185829925844,13.494028357106682,1.9125880221245692,10.580524584192885,2.0012974997702604,0.7835877787288718,-3.1210131369428873,11.82622354329363,-2.7072513110679965,8.065467764825753,12.257523470748728,11.553413306903469,4.186343225144754,4.2075888472529686,-1.2515494896412263,7.6365475132382565,5.464979460789135,3.912616669980003,9.349302733732724,5.051460075288067,0.1189508765318909,4.074637277930566,-0.4742146203964637,4.651723546735007,11.937843618518908,10.488959475987901,3.0354665980808226,5.102039621793879,7.411510807014012,11.092228158914024,12.090123425205984,12.47100791587314,2.8184054232270945,3.2696437689963367,0.4669105642673733,11.547245125757568,9.868151854048651,7.3238033557453,1.165677094920222,11.332567859292265,7.430283476007394,8.006618102511549,0.12087098509801386,9.083950992440165,2.0,0.0,2439.2314217662893,0.8922272297140992
225,10.194729554721704,11.327594855260786,1.6677506559081199,4.429656685831872,9.769057885424806,10.05714423148767,1.9686028007244702,12.974833225213924,1.9978098510260902,10.372798769763639,2.630561297658058,1.3981678008312841,-2.7275253062944613,11.241895465660646,-2.386165468706009,8.336276160382429,11.312111567852538,11.877615937153214,4.236830355127201,4.2885957701105815,-0.8427366861217038,7.613111626048543,5.6783875281646905,3.3558757256671643,9.854006268208959,5.29425081554201,0.5282284073450066,4.756064527407484,0.34201131599615797,4.778667373554477,10.732670882548854,10.06680038851652,3.453030760671906,4.947410855275266,6.812212351773033,10.591817261112425,11.377273554587127,12.676736710765821,3.0298775663246142,3.6215714781317163,0.15523650512294562,11.161873516113197,9.216696226969836,6.576002572353256,2.095850748515673,10.987457361245346,7.541606725956069,8.267214522561217,0.8270178283965851,9.008373305981404,2.0,0.0,2072.8300539639463,0.9604123446214795
226,10.22972103921933,10.863882149299368,1.6186954338216744,4.102462677369878,9.888314175110107,9.926193352277108,1.456897896587384,12.611104728982397,2.455992834730845,10.608890454494189,2.155278048937484,1.243117134707165,-2.603556355832674,11.149763437862537,-2.3764707954599023,7.375524250677426,11.566976679803158,11.72454356593734,4.422208886354505,3.6642528619623937,-0.9867674562002416,7.360918035050687,6.678978302062236,3.7867887965013436,9.332560460629065,5.430543588849426,-0.20705765204616322,3.863010080302182,-0.019597636239755217,4.6751667369048695,11.280961072493783,10.241428198862465,3.698920803706734,4.638266166788278,6.997334931715053,10.267224766393698,12.211217734823352,12.864402350052854,2.9116897708796317,3.5567379516218285,0.32197773084753256,11.156133563202852,9.192513062994925,7.095054255297453,1.6897162179151508,11.491493327076013,7.374567790589887,7.363831651475456,0.5399381312444159,9.468387263299203,2.0,0.0,2145.3584519320457,0.9144733173628188
227,9.921435144166153,10.676803405175818,1.8394315439408921,4.114256001012475,10.021044959749625,9.340985351513497,2.1954451726210316,12.601442093993787,1.5815807718881507,10.471200541806581,2.3002217268660106,1.5147384964604778,-2.9901077529403697,12.02617686682695,-2.5369037929981673,8.18710309965936,11.268954114960112,12.114052532739295,4.336688180277166,4.881102813845554,-1.3140743970726863,7.406150912552837,5.378774927342318,4.656887484069811,8.759611166655052,4.576978397593626,1.2509043309432408,3.97935837057894,0.3914423535517395,5.110791925747271,11.754949112687623,10.251964020284849,2.5734902853422055,5.045323258165144,7.555158828876216,9.742299072273092,11.935485828619852,12.866903863944321,3.380822546724262,3.444644326132723,0.4509769504632009,11.721995687698996,8.938867005892618,7.033444741945657,1.377811238183181,11.105670688566736,8.160727668772449,8.325520326925629,0.5938933955980882,8.8708172021313,2.0,0.0,2289.375147441558,0.8298577057344267
228,10.933443535019501,10.801157194012685,1.7346878536310346,4.491248588814004,10.285884378044244,10.464879686353926,2.287662124185585,12.168365058452792,2.271648990830004,10.300412921638376,2.616750372593972,0.9837359696458278,-3.2673998682838308,11.356010418521604,-2.328335005626911,8.467325214157826,11.473769606366274,11.746371017203042,4.224128352340453,3.8239788613004535,0.051587841998317785,7.341530090360443,5.608159608619229,3.7420462755207926,9.310695548564437,4.628445921576272,0.2791024462443674,4.1952402766343155,-0.004633471203710271,4.72794241509942,11.911527866423619,10.276687758347368,2.4204809599270423,5.048608197285094,6.567019679928111,10.868576403228815,12.726974878415277,12.706629912478707,3.666127074483286,3.7194159512403897,-0.07122690937220569,11.487771420556788,9.36027219042211,7.1847956553747325,1.6352765941031884,11.748593029758784,7.176092444946246,8.05574157218547,0.002701687131011543,9.40373903951788,2.0,0.0,2418.2145117234554,0.8999594269854567
229,9.980800423280746,10.888420105503917,1.9057796689777766,3.8833387485857616,9.947904349490845,9.265408622917672,1.3408932283233832,13.070615359574527,2.0791835440434743,10.367303512852255,2.606791068501787,1.008888399898638,-2.794092155816573,11.300404032178744,-2.1078262888111605,8.216265916479612,11.690050576028879,11.535492968185064,3.823283459243553,4.633605172476156,-1.3260144318960496,7.28665761021795,5.889521247503826,4.054600781943482,9.367155005164848,5.013367109069409,0.7299412950297826,3.8315172727629068,-0.5041411061973167,4.513611215267643,11.73837704543942,10.48312713873395,3.5770136606376064,5.074900140014445,7.046918398815498,10.853737266762279,12.44777578005747,12.652461399144768,2.972308248989706,3.9961548768924127,0.5534962404286274,11.414553678196544,9.578644834077071,6.779407745834598,2.5540781268889168,11.326330184816028,7.830076255880002,8.435532268928137,0.6684764477249093,9.68665848748705,2.0,0.0,2440.486016012941,0.8356434755774984
230,10.335690955702711,11.005639989450268,1.403501831505637,4.518338163432308,9.524390280165424,9.672958645895152,2.5326391577479797,12.7570744943083,2.534906906604934,10.76689524054446,2.6789626030105214,1.037252238687362,-2.6887628507209627,11.724040322439025,-2.7893248879383847,8.46746341600407,11.528048670146656,11.589789425269228,3.833528730800903,3.7256221024855476,-1.5109537643534323,7.750229213372128,6.0532056400998675,3.231801618859832,9.048457855353949,5.4418283936580485,0.2294470834742403,3.843089958267501,-0.057125051270382296,4.88754904430569,12.06254713240333,10.945145062787457,3.1260735454662543,5.132338190091804,6.996365576227396,10.391071984126906,11.798416403142031,12.279197498002032,3.548434814487323,3.5487314520528637,-0.3681426022559964,10.753538101768857,9.646323278563594,7.112504552623225,1.9840649036523257,11.140666332250472,6.948547506896233,7.466070452117521,0.8378721888005806,9.01352215409256,2.0,1.0,2497.0858345777906,0.5363576037063348
231,10.14241444190784,11.023287758851275,1.8421220313836055,3.8475721955026567,9.773525550071591,9.748278394145801,1.9124363633782868,12.841555017889698,2.7759255388577557,10.453622439768129,2.6850783372886,1.753770790872637,-2.8602172480267782,11.817526086238576,-2.5902798640369458,7.824940379033986,11.571939893107611,11.318309394362938,4.246963410667663,3.8544845626122255,-0.9926915823385003,7.031741015210591,5.336095064542961,4.616414244836214,9.080499344880288,5.2308817131638214,0.4146365721060894,4.031913990045024,-0.22680657324006295,5.286757465156637,11.767159036356421,10.495245552828862,3.3566032084395685,5.436010896494078,6.665122921857053,10.432890877631,12.767947497164014,12.512634176783468,2.8310410456189183,3.8351841207615722,-0.28627467997345846,10.889474008271849,8.985302134523186,7.614523799327015,1.7235194097117819,11.820261919272122,7.6512369939064095,7.838941465409712,0.10177725688834388,9.796810502920621,2.0,1.0,2679.134752711203,0.4389993383634086
232,10.447367676866126,10.983106515795038,1.5974798548142246,4.134014632338838,9.731743354425314,9.773159528049877,2.178883667654035,12.493892058854348,1.906366546049565,10.120348273485403,2.202291784735023,1.156283223980554,-2.9890390429785345,11.501423304388013,-1.7422743245191383,8.14696276609245,11.558281555955094,11.677580337980805,4.92099296137409,4.0037734749834435,-0.4436221893437482,7.315661685770959,5.024022152202631,4.115791628479143,9.46140732463652,5.3921786573501365,0.07702056857818074,4.8384004518592185,-0.134578187537865,4.807661714674021,11.622689254407929,10.494065125271323,3.213288721672316,5.337499924830911,7.158183191815999,10.140154122636725,11.973273316768516,13.153931195265598,3.121893499027173,3.8364982200525315,-0.048328098060871016,11.293643511493173,9.222945648831475,6.811560483012069,1.9193438528757631,11.0172317430797,7.405663521010764,8.286150968101467,0.8092679440172346,8.936377560515524,2.0,1.0,2814.8144780495027,0.12514072323967432
233,10.101618935471944,10.397633661920848,1.7719875544450525,4.18418827698323,9.878866569475344,9.618289094017934,2.026069114003482,12.901954663809464,2.049203302386164,10.574541208333113,2.601612191898462,0.9885946803344855,-2.869854585129862,11.393572877938462,-2.1807689510624786,8.501218632521864,11.575360853233052,11.474890945792339,3.68324642342478,4.020067409075616,-0.7819432804930218,7.201640198619563,5.151529550041113,3.4436820333620846,9.486387846479765,4.900042127302319,0.24820405663174744,4.140225506718047,-0.03774124696294519,4.133654681818605,11.734551406087187,10.446481079964903,3.211146240396431,5.393971878482304,6.971311107000096,10.337678885389469,12.217196295512442,12.737060057127737,3.3154533160607187,3.408408979163041,-0.0025808249604056532,11.1632207224413,9.253363202994768,6.69384176947967,2.11686127405109,11.407165758227892,7.7078331175093275,7.62102560562083,-0.22734736936740196,8.627209197845938,2.0,1.0,2247.2295898044704,0.7459969909029696
234,10.165260241910627,10.581167779070395,1.8393435531747553,3.8364887294413927,9.63451346648659,10.316139786776008,1.5262958581787318,13.011535662399654,2.0706627640951667,10.492524395010983,2.517677248231398,0.9036154513992324,-2.4012396950243025,11.801293808554467,-2.62823157789411,7.851005900880442,11.552420830254706,11.465653855358697,4.354762204774055,3.578301461052503,-1.1301835234113755,7.132204220580113,6.242650911742571,4.055402509313014,9.308907137497684,5.478971025441074,0.779257793313727,3.7715040244925424,0.20199087124100673,4.430949785171328,11.270774619396574,9.988873052120393,2.932979281008087,4.950625173426649,6.889916317320596,10.393465809117725,12.384669390300825,12.483791200708486,3.149673359939083,3.650922721050339,-0.12065527484539973,10.790444107805763,9.261363505911921,6.8656777676408725,1.3701580969758889,11.544179998075501,7.969540253632116,8.219780121085188,0.14323181214932312,8.923841504478471,2.0,1.0,2483.1771981983097,0.43436260341148697
235,10.152535572552525,10.24562227494133,1.534359177043966,4.750485031528681,9.739851011665777,9.634735664407383,1.4703480299727623,12.824559936513332,3.0142898233163224,10.876359860520276,2.5196263450119516,0.6803505780000785,-2.641497414757516,11.052906656951265,-3.0839025624013243,7.606165964105152,11.657081215963705,11.603074843100176,4.551713771280859,4.059962392387366,-0.8428635436974362,7.148193914716651,5.7275957962657955,3.4386337819580426,9.493321820553424,5.256749609458083,0.20879930967796628,3.7866293608529005,0.02731466261848299,4.754997681220004,11.341707092163256,10.364262347522285,3.621445316714529,4.99370622370363,7.234995266589937,10.646239536721911,12.281345572869384,12.728847548735567,2.686121684675375,4.0454208864862995,-0.5281085657222259,11.157487906595454,9.394076386503004,6.976213638615861,2.0858310359824914,11.180208533020153,7.017446278408817,7.706144858229063,0.045583587872940035,8.796261419467262,2.0,1.0,2404.4451094786327,0.5220457836705961
236,9.90729229867133,11.037307740552972,1.5708879829527038,4.051952458115942,9.859926974224493,9.314022730343135,1.8481204185553042,13.383330148247147,2.3823171524965434,10.163748274439063,2.4142722353112887,1.2370790991589302,-2.6367214638348235,11.250463499398544,-2.2472379795563193,7.880473859570772,11.718661552194503,12.078656462145997,3.875473404829165,4.447868797482436,-0.7752363609332807,7.442343819346131,5.704022062409713,4.013633228565307,9.746670352394856,5.09223855668949,0.38276241952621726,3.993873852795464,0.06657182134053233,4.695578496336368,11.78814101914946,10.62485261283229,4.083000937547426,5.179625985802089,6.755329738419447,10.142594913798128,12.43038624983944,12.881046799721423,3.0189981158873804,3.7187095888306243,0.1315148855898031,11.379746054952506,9.591310250167501,6.85546868542193,1.8045479146362733,11.34400678886974,7.487024286474312,7.832467745239882,0.6138835978989585,9.428409618449997,2.0,1.0,2634.3947568916014,0.5370780210416208
237,10.124301681845614,11.128374230195343,2.2444607041011677,4.557711862435886,9.591660570890316,9.719491257137749,1.6821680315147103,12.736269724149297,2.241760986808132,10.543960319953694,2.499436576639852,0.9521860712855992,-2.4698493973439395,11.157413061128613,-2.3342396734861457,8.010018667791707,11.587253172351039,11.491272756916938,4.47800071147579,3.9238793574950694,-0.6926052763142305,7.4938094739180094,5.183250274092405,3.946501864802232,9.17211627170633,4.963811331717527,0.3580865903757145,3.8692514407476875,0.20981291168201271,4.849544972573397,11.704508456408702,10.62681953144807,3.3453407171394933,5.060741920490488,6.703968215435534,10.747212001382392,12.748934540166955,12.4460907865748,3.191468207737538,3.251973102110825,0.24794881005807878,10.925848195444333,8.726843547869192,6.777477481398647,1.9291538672606945,11.759574186226164,7.76605958265056,7.999582192512139,0.30510187745038597,8.988445173167916,2.0,1.0,2394.9834817480523,0.6551561793154662
238,10.148431050372293,10.834099073175617,1.4944053885766975,4.428991065090577,9.734556532576512,9.84587851487921,1.3524387383636642,13.034845736621097,2.950393493447675,10.974185417762913,2.2791996042392886,0.9378194371217914,-3.498922359712883,11.248487662926095,-2.1493861789445683,7.4059708886486195,11.720335414942344,12.015185844056855,4.09256493186285,3.979613265934657,-0.8832742078863232,7.52404121650967,5.786229971060662,3.803410032953855,9.820486385430346,4.803397050171283,0.4575873120349097,4.366250951616965,0.3562867654305568,5.0423324316236995,11.139512309863195,9.876287802811596,3.19443423178806,4.844638184996543,6.967694770084633,10.606369272073843,12.28815962861845,12.655364926252009,3.5330913092409237,3.6152251033497085,0.05966379190996103,11.116779775564412,9.265746653303628,6.752851710589943,2.388635043118434,10.451464934093272,7.216818157316225,7.790387916046176,0.8571386266305412,8.925740005496229,2.0,1.0,3043.1077663292153,0.010846986077083454
239,10.203233385307616,11.09709512077248,1.0523977283172086,4.291664455115201,9.339814200866448,9.757387707911239,2.113940366442682,12.855664346219665,2.469808254300613,10.824589365604044,2.1852091451962847,1.1912186408109549,-2.6985993127094767,10.943041678427527,-2.569539360446325,7.521194844575839,11.20817270425178,10.889071011448214,4.513535138928147,4.31758898374047,-1.1006027518080401,6.82893564861716,5.444831288456382,3.7743157158571616,10.167992256374069,4.827159145856966,0.5057138472826226,4.828422115209031,-0.5369521400555659,4.668591668775789,11.280164799778145,10.551134753264147,3.094060115685916,4.506488005537586,6.783913715877677,10.812924453114526,12.671645820775733,13.11434660936691,3.1438933452314872,3.5508990775700164,-0.242361314208152,11.682415913100439,9.427028035421367,6.748709347133596,2.0034686917063937,11.438685397412248,7.099293917310516,7.998692459263605,0.11441074122478745,9.275465334620078,2.0,1.0,2399.9294056548943,0.6782758248901203
240,10.32344186364749,10.31087814604622,1.5655845485829862,3.59838621756356,9.81717883717319,10.164498129208502,1.0517579356764009,12.769432135299528,2.6078609470201872,11.21395537598683,3.0197086405116464,1.4334786922082743,-2.943214009301456,11.160111625158676,-2.163597185406003,8.30339004393169,11.774805029052063,11.664447866804572,4.148308797429455,4.074690036901582,-1.206700438375743,7.567417819501209,5.556159353103147,3.383533003238914,9.549090500634057,5.445430773547944,0.336482411356259,3.230334246004822,0.4631907363734564,5.0390823334331305,11.393936983990105,10.365349790242803,3.1811816065111276,5.066152230832849,7.14626793340092,10.764916195209844,11.88470603764568,13.297888330806169,3.3682583933353487,3.5095943780397865,0.05850071132723389,11.102795945677277,9.571763180622089,6.787043267740176,2.1281993318589083,11.872615275635338,7.824204889731948,7.8591144213142865,0.3203829587458729,9.60600365085312,2.0,1.0,2806.841178963698,0.34805750640253336
241,10.571199566384507,10.263513212862412,1.22416518588005,4.677391187062803,10.062347719546828,9.51625767725879,1.8673280249341044,13.120184188000778,2.724620755283281,10.840147855286745,2.041010375687703,1.023112709196021,-3.067579946256269,11.419546975332,-2.455980205944101,7.839766371107363,11.454785451153965,11.810256757089272,4.105775260938418,4.077180329677734,-0.950988609984169,7.893959442609256,5.446518286641312,3.9380596777378987,9.380034351516922,5.585554974168792,0.247887653034589,3.9840082061938946,0.23862053146234474,4.985861411079397,11.133487520092443,10.081924626935493,2.713429630446797,5.089257450736114,6.991215152983046,10.342071859210465,11.944413053628375,12.630321909705192,3.412116771865789,3.776991271927423,-0.36683103200975964,11.331589695810324,9.216686759736708,7.592916026429173,1.0124643960476232,11.833211467477469,7.40405806559054,7.88504883166425,0.7324814725289953,9.567926521973687,2.0,1.0,2671.1910633888497,0.38196557059751124
242,9.90102711268283,10.804577418358766,1.5667626348672163,3.9494525512621603,9.466619444539434,10.04522919908531,1.656931158541908,12.679165886620865,2.2587020208102366,10.907786858357849,2.658372027281126,0.5251213177115261,-3.1717725552874025,11.151904069729836,-2.298666954110006,7.993730819677123,11.598704356960255,11.94632038465691,4.243800708885801,4.13257456898218,-1.363905338139494,7.163535140782084,5.179782438528665,4.401925303033003,9.37062784401868,5.323664708702232,1.3126478514402349,4.599837137692663,0.09215605374317315,4.862808144211095,11.442597131047926,10.635022288547162,3.1558507857529423,5.19876039801007,6.504328605776463,10.473512255733501,12.122619129486841,12.426589923455639,2.983388227271143,3.675247471341065,0.33953954223959143,11.151379746229928,8.694478470400803,6.721521627266469,2.2690169643647304,11.322110211384803,7.334704317746182,8.201147316417643,0.35581854775771093,9.42161828742314,2.0,1.0,2414.863787414932,0.5722111850746551
243,10.638225824946604,10.682294821799598,1.5202805314832064,4.222980249860575,9.539826074422837,9.97708187419541,2.390428623957442,11.559669574294274,2.363071880846562,10.117853245270531,2.384623651307387,0.757463487364901,-3.527334318423868,10.914991448511119,-2.5685023696210347,8.55185096742637,11.133295601489642,11.92850240735465,3.9106045289520526,3.311105380285511,-0.979684407792328,7.695310570427761,5.575907354311248,4.115614066520082,9.804225888230798,5.179336932691505,0.6317943206237925,3.969567365463014,-0.5407639375677205,5.1344734922557365,11.209966443917112,10.286069728487565,3.4515291679086344,5.013402351437896,7.658752630520315,10.632449317524548,12.300938761148586,12.966180268839498,3.078621199281422,3.3632036784976664,0.23296104862272793,10.542318556264096,9.140760741548933,7.055275883842048,1.7442238067533322,11.448592209324199,7.696457795554937,8.236987839564774,0.0784947467544439,9.19587490053005,2.0,1.0,2343.6253090755026,0.6721530802436698
244,10.489122037282247,10.767837989408466,1.482369220120693,4.340271974015062,9.799473664464605,10.141549473354669,1.4880967689064188,12.47625336541181,3.007661242923699,10.640879621673543,2.4608807141604774,0.35385458285837146,-3.20160312001972,11.351234438553616,-2.2398686203998044,8.36843385905229,11.805852212871418,11.673213165040313,3.8932472254188015,3.8619129588593384,-0.6660951255550392,8.153806088509251,6.241831466483873,4.293972099452544,9.400610735637835,5.384052660073454,0.5291699144602202,4.086343448668714,0.21833381008735409,4.983999362921914,11.606396787974855,10.866765881607572,3.6042975111313287,4.816983834231822,6.9256262577443195,10.585743642316515,12.21202471743554,12.63005574943507,3.1424583917248956,3.902216196187214,0.38600340977827463,11.184265554052518,9.339053265615965,7.15843724104816,1.8150941791646742,11.468870912902178,7.214815819572184,7.159374089653434,0.20089304948390813,9.129914888521649,2.0,1.0,3039.44946927104,0.09060239138008841
245,10.371309331921184,10.985699972436327,1.6728756523509156,4.119458419120876,9.472965057064059,9.679290089344272,1.6802132319944163,12.489396383817915,3.2600502227592956,10.792401276184682,2.3817729515793475,1.4641088730402614,-2.7135312932772346,11.80749705033341,-2.658249241522441,8.081006900909747,11.636519891310902,11.487696522737627,4.315312721533466,3.9061871362011527,-1.040246119949731,7.486377433584133,5.750708782889089,4.184276841450087,9.166968964839288,4.347436309646909,0.1982381759376503,4.167067243522806,0.2841414232958585,5.333928694649721,11.340314635423976,10.620443090159831,3.2669814953621863,5.1136833153478225,6.688702496355797,10.661507926738997,12.304602704544033,12.704154916076066,2.9514568863219517,3.83198743308575,0.37478230005632884,11.32684488281592,9.92857725047264,7.16776535752154,1.7946080555530883,11.55044684340506,7.296018596177952,8.15857014476434,0.31257388690584653,8.30845972997232,2.0,1.0,2590.6585712719975,0.4898897605086295
246,10.01024546400373,10.556858072256965,1.9374757555938693,4.613171684624023,9.267246955302948,9.964321898011951,1.6220324360660918,12.554470135574487,2.4749347923346625,10.358122558489512,2.579352987300505,0.9357661211086055,-3.104445161810802,11.072915285102654,-2.3778412849316726,8.475173648779494,11.651617175791806,11.965248467895432,4.377508656194446,4.743404611585852,-0.9073851129788301,7.678892000085297,5.779322787284614,3.896587712651917,9.157277249809116,5.194495886353016,0.7152388723625024,3.749244569725864,-0.22645572812855458,4.64454073314612,11.740324365346147,10.430958042611126,2.9489507770480126,5.045676504289819,6.69633421921136,9.982788691290043,12.710737199170334,12.246327823522792,3.356391227392164,3.310523390495099,0.29362709251607066,10.930533908041209,8.990923956920266,7.626598439763138,2.0283856280029298,11.495364915380945,7.449791710415991,7.752288230537577,0.4482673681939275,8.662216044983685,2.0,1.0,2655.422998234136,0.17708589581570414
247,10.241738770658474,10.409943388857764,2.046087006139883,4.635039821163703,9.240695791213405,9.612253786483231,1.8505135688535614,12.292060042845769,2.309265839266636,10.700158735654814,2.3051446379000806,1.6078984966520293,-2.781407471945596,11.143864344170591,-3.2100032446282207,8.460225645919214,11.615276970802606,11.793342468664672,3.906817864372105,4.323889508377719,-0.8302736228168914,7.501073818132003,5.175571143749671,2.9427927710649726,9.918923240449873,5.557915996246963,-0.03319024988882646,3.5265129366878476,-0.04748549898138672,4.842671838996962,11.637774835637456,10.386371710321404,3.8543151504936852,4.643862070731837,6.394572493372231,10.806816925996596,12.474653466333208,12.598037236434044,2.959953253711662,3.3299197493816988,-0.2826766807950114,11.104345193933229,9.16419089878078,6.955921618781009,1.6713815129940661,11.504203201345106,7.905536653937336,7.597598420654676,0.6530354330555342,9.089296518951846,2.0,1.0,2934.304358310191,0.031778501181437595
248,10.252521210042529,10.686630281713763,1.7400912242420705,4.024010631881485,9.637917996644715,9.744959965995946,1.6341103988112058,12.4513012057582,2.0936082228143493,10.939503622505367,2.6665499478187353,0.47179265940050924,-2.784931646550602,11.094938039595249,-2.0081902474540065,7.775163383034396,11.429114778774773,11.653998752710471,3.735821851825041,4.451518705422162,-1.2389181725939964,7.2732035107328175,5.790511061950531,4.272590742971821,9.19586429001374,5.410827645030247,0.5447441715777999,3.818606831625192,0.05292308482699298,5.7295720428274235,11.126043422066974,10.487853007917474,3.5472948555671575,5.249291447041319,6.854451665930667,10.748384870981525,12.10874698966824,11.475954788854494,3.020598502442855,3.5445124182479133,-0.4045659345634445,11.948694383031501,9.255395858708093,6.560257312096177,1.866847509430182,10.795281679721821,7.61475060894156,7.68480357031966,0.2703692514050184,9.14076092956329,2.0,1.0,2513.2892985601216,0.22452550836370122
249,10.049094070899207,10.78162325191502,1.746701809221584,4.490329115879381,9.272494051444326,9.551276659611238,2.1380542508834006,13.066152009478644,2.3514401701449072,10.991714745477957,2.180977770212894,1.411108548800524,-2.9387533688905147,11.046915368368362,-2.357490291884724,7.428814807386583,11.552739006387965,11.556741572013182,4.538723739093185,4.221181851691095,-0.725471084986572,6.918035842395849,5.673662339064371,3.585375923865443,9.557980917995048,5.123954987544465,-0.1688493955000957,3.4446727703354125,-0.011943504817467324,4.899386885110111,11.976413685733226,11.01645527333596,2.7799111692110365,4.750882259827757,6.759033767157986,10.418222906934433,12.491741301121952,12.98858651009912,2.971744343878013,3.1788207139487836,0.2942111419496169,11.678682952753375,9.748095906336898,6.988970354982881,1.2688556836757106,12.312085386324277,7.712355051565012,7.733996828547105,0.5950677051805939,9.481068558641889,2.0,1.0,2868.8699296591462,0.23492234010550936
250,10.843303061742084,10.605892662391907,1.757177932359622,4.416594800199729,10.040130453218342,9.921638798333364,1.8822198592457355,12.351835407120978,2.085671076996821,10.476884196710744,2.383975581095082,1.2515158622575635,-2.921147795776949,11.308213509185597,-3.0812499784282172,7.973431710979767,11.517687482545652,12.04342195081247,3.8850123533851297,4.5221036031277055,-0.8701875782552347,8.153183186866197,5.553582184703018,3.808581381429788,9.295373261430068,5.246429234668237,0.38091456271904023,4.054729855561393,0.1456372238601918,5.125080161229297,11.86150178233491,10.654664625442779,3.1720578214526687,4.538169918010106,6.40647879282093,11.061855573648936,12.50613546464903,12.881062924242132,3.139996057425721,3.5179775927957175,0.7934718366691837,11.163223425696378,8.829172640976527,6.731705709659735,2.0402591070090104,10.840809408569026,7.8537572202206745,8.506306331277875,0.11398812621129528,9.169999412303937,2.0,1.0,3003.317754808855,0.1067924287863602
251,10.551353071455516,10.48573772135176,1.3030264642508433,3.3495304256764538,10.061123558601158,9.611910391765086,1.970158235655565,12.455275840655178,2.2121135354611146,10.698806978637627,2.442258249768832,0.97842078147097,-2.833139657289296,11.343219396362946,-2.7933662990910095,7.535222428982858,11.489727404823078,12.175382200170878,4.774601794500715,4.289880389210803,-0.5124346173976693,7.938853285429067,5.319258360571146,4.197873359180249,9.696955020963689,5.074720027414908,0.5428031329711762,4.728320974209261,-0.6320141364330495,4.886409309113015,11.701973959649768,10.052300010379218,3.1929400051188397,4.9767298728219265,7.00228845970366,11.094486300107471,12.433750365446706,12.714261231006539,2.722356530312174,3.477425142609106,0.15588571978842078,10.330682182884567,9.153568404759548,6.5889261573357905,2.282026875106682,11.94929217422919,8.225420127826865,8.459054178285307,0.3087643882747858,8.909541450397134,2.0,1.0,2578.243213458811,0.5783690198983409
252,10.413950343241945,10.845406518861147,2.080118165045244,4.514167697503993,9.784408474812832,10.298990337595653,2.2614371527909976,12.528185549743155,2.2413015461928443,10.959874766934155,2.511250428384189,1.2253282349944192,-2.7425192067362643,10.928492952766973,-2.534866883952093,8.183800306287402,11.567463427653902,11.572789943264743,3.879953223327821,3.8539224992640606,-0.9876224236859995,8.006024255894866,5.612600063309757,3.853694420282283,9.065451933035972,4.985320790259479,0.28391185505014027,4.201876294755418,-0.8078616802088008,4.461330344356683,11.361184112470475,10.1436680985205,3.522232924837003,4.996734188615235,7.18709194090397,10.405534589839858,12.34434810511646,12.451130626563122,3.162736774988257,3.9555428812918385,0.6714649958446471,10.916533537090581,9.284512194387704,7.308323780342967,1.5443395445743413,11.51596126119704,8.03731097717238,7.880234933060121,0.31281580874881987,8.812781598495597,2.0,1.0,2780.001268979422,0.1627181975978279
253,10.732544870477733,10.773015297526133,1.384841893726441,3.775361187116339,9.791907724489944,10.23405007692362,1.6694116237690984,13.229086328184339,2.63850746356355,11.186360563745335,1.984152449240451,1.228640130454247,-2.969838057285347,11.413941853580013,-1.698196322487777,8.134475559903253,11.699507224249484,11.745299704852242,4.0425584375189425,4.083014281814482,-0.4587114960496729,7.529770448958136,5.506786268800429,4.373732530795342,9.538302641241616,5.011022876890611,0.18642583866366996,3.680727734600527,0.815355959428034,5.097068203718648,11.333753644329123,10.566703679962734,3.7310394768237725,4.472561985584506,7.072513231680159,10.971164282022352,12.023430761243727,12.231771961279485,3.33668488449944,3.9936757800209364,-0.056349728114753195,11.416491983374915,9.200315731255644,7.4460698267476415,1.9316305474248663,11.441478159714604,7.248692362061943,7.663460388795562,0.2897742977757084,9.382546155957112,2.0,1.0,2615.4394261202015,0.6326811900446433
254,10.506336467737274,10.489028345432951,2.069132821057118,4.180598311629718,9.742777129558961,10.150278938404075,1.247532448678547,12.30649305030561,2.51991981702772,10.032037435177475,1.8939918264040732,1.4529090534803468,-2.9956763594751137,10.947583835084446,-2.62416141973936,7.812588912198974,11.570366083660563,11.720220669741487,4.343506506890184,3.9686296915098493,-1.0556393187717443,8.058692211848996,5.42360347072292,4.289179817975444,8.438088316491598,5.2031680371318485,0.6028008487001318,3.990924895668887,-0.049311654852854735,4.505523137046446,11.58459133390944,10.736849790865824,3.514484167452676,4.592476609258176,6.877395280474188,11.298867122837965,12.218521631375385,12.655791558120024,3.563089663970873,3.67602050280417,0.27109542534980424,10.781316868415026,9.450314073434193,7.034632212756901,2.0334420471186827,11.532962629406944,7.631446303452443,8.353566834199825,0.3720906894489755,9.47002054707663,2.0,1.0,2471.765373319953,0.5783174901300285
255,10.544618823791023,10.828073853788199,1.5853902435618028,4.4367184000693225,9.518750312655921,10.06554481291581,2.391628833404305,12.608025160113213,1.813650243845416,10.199045123165902,2.699501731810759,0.9064109802014546,-3.1571403933608937,11.89947727901809,-2.5919218487942013,8.077223122754017,11.679090308840463,11.940094589207,4.4503174995581825,3.415105524565427,-0.8878534110408532,7.818848180732169,5.328326164106735,3.972572255379481,8.664225225033526,5.519635714664549,0.46935148645398533,3.269688989201705,-0.05829615483224092,4.785041682496065,11.525152255937476,10.59881766454775,2.477616327348783,4.878410637965087,7.083008214642011,10.432654118554119,12.52502151778171,12.747844552407882,2.094908269084213,3.7869430750883915,-0.13346938073180298,10.918842686773893,9.277975898980218,6.853072297089205,2.0494529128514536,12.105828618181175,7.663181345701347,8.128140036349352,0.33410661199554414,9.068955668509187,2.0,1.0,2750.546503350145,0.2773177385032275
256,10.125192577028526,10.740220755249092,1.9470331308552495,4.702476929788338,9.82412511319871,9.65111512524979,2.4394753249461276,12.569293472325006,2.6552411071587247,10.623516077281666,2.078075235287092,0.27405408105341555,-2.7985095931948507,11.319515645475429,-2.1151781713529267,8.337786396953257,11.857827905996855,11.584178918203984,4.751907147806733,4.233781547923678,-1.2523052454228654,7.644213311311056,4.938307698840823,4.209270796819558,10.028816222899206,5.506310202831094,0.7425635580112591,3.861568530275675,-0.331985688855088,4.409559774969729,12.020828196574202,10.46349409434857,3.1651385627895627,5.411701663802107,6.91689755976856,10.81352164975093,11.893817936585222,12.57362542659302,3.02155816977196,3.7249220610654192,0.7673614691988511,12.100592645760177,9.665749625646885,7.057467686946288,1.7071194380638277,11.80051187937757,7.805603914519724,7.592878281410926,0.18196206647045937,9.260559779248679,2.0,1.0,3034.850662479259,0.17538166847034367
257,10.590183782511101,10.84345280083451,1.5584269923845593,4.025198512289816,9.554756949271928,9.471368595948098,1.7474489786713896,12.848459498204374,2.6629169126886074,10.530486019548077,3.0036748606823944,1.005312101455931,-2.896767213898664,11.434511447173733,-2.1496655462961547,7.573585602554865,11.473143528032287,11.619953409050389,4.222780888100057,4.390485067326458,-1.073421538205498,7.063535763978212,6.0552363224273105,4.286893274585461,9.37438765959819,4.970445735508157,0.2581333674754398,3.764620697254272,-0.6028352010573522,5.4020167603187055,12.022642722781091,10.25654048459108,2.9306217926944207,4.443188096197204,6.486361266337358,10.152221925413611,12.099760302390546,12.709616556260576,3.120574972995973,3.8477022997607047,0.12840651108085455,10.734168556567965,9.199628008450784,7.056917159251556,2.0511351788477348,10.942369093712633,7.538305428633515,7.646044562947417,0.35187118138452933,8.862646933792421,2.0,1.0,2581.2638918038765,0.18778368256822278
258,10.509640726760551,10.463879838222788,1.269084144317139,4.387414262042112,9.293986087810799,9.76412111388508,1.8637572018566932,12.418391273353818,2.770476451558305,10.58986153638242,2.677779484031076,1.0525196513851682,-2.3278292243934975,11.139770402335587,-2.625880503251844,8.086615323781642,11.364773547883633,12.188912431946106,4.062447208770671,4.6748021358515235,-1.009305706226166,7.577436031345032,6.044426039385973,3.6165631145740567,9.726229710837089,4.392841616812387,-0.05128903952695241,3.9208936324011296,0.2646183949735526,4.778396071843041,11.713413634089116,10.411405361792204,3.140201940101681,4.965844543163028,7.158476598317356,10.582967524375148,12.407014939046837,12.529830978256,3.142939782629998,3.2527550928229414,0.541792141465691,11.113351436682118,8.096068019586815,6.9495146221288495,1.765760422238012,11.104856557595374,7.766899741680125,8.111092003819445,0.1290131661775315,8.937845127241642,2.0,1.0,2751.605122704391,0.08747430167439596
259,10.735307285348348,10.835624769693954,1.2279699405334936,4.398639374508904,9.951766427551163,9.979605586187278,1.4431406020802762,12.524637485255987,2.6228370161637846,11.02183921785962,2.40996537522279,1.3828549237766319,-3.181434846627137,11.407697916262643,-2.54103436904345,8.05054914892335,11.766258583034782,11.802873605282999,4.563371174116734,4.1478203634369715,-1.1700267717553292,8.198852430430058,5.870858287652682,4.003494346370544,8.969169907784073,4.908846240786338,0.33315817028466205,3.8555933800751045,-0.05924782880684125,4.507529279604557,11.40425302050726,10.900827335752265,3.1733891952095044,4.800057195638157,6.7579834243332515,10.582803932945485,12.270542683972703,12.721824405446542,2.2584848149129217,3.2247921862049553,0.21284062317556204,10.861704939253853,8.873436981859896,7.140706596968165,1.8372788111564686,11.618068831684344,7.010486240567055,7.738559747794005,0.3280638710139363,9.108360171144897,2.0,1.0,2425.298358801618,0.7519027735663952
260,9.924787457191993,10.64987700593904,1.3305586539169514,4.72413803405897,9.290531137049646,9.757064103379363,2.1126829112959635,12.601697160105882,2.655626597498144,10.28993932854797,2.7136188513473862,0.19990536452928787,-2.899770758124367,11.985975252250864,-2.0999964645499394,8.528387505306439,11.801991290762198,11.304015556703975,4.932831539092841,4.1948539271542025,-1.0586147488474478,7.6895680353464995,6.18754219954646,3.964575438149959,10.174279660733562,5.209309851107901,0.6657449356254008,4.638717380110829,0.39447804818026805,4.488656715101774,11.512184623234733,10.757770912948477,3.483937980069445,5.458813564449155,7.037087579897871,11.10188846462952,12.526180368061341,12.53550063502535,3.1920081029484586,3.6689686911402473,0.43102975990201936,11.159945673533688,9.30994264933622,7.114606817143035,2.0111439278567276,10.80090987989735,7.1764648101795405,8.603678091677827,0.09166202998118278,9.063835817225904,2.0,1.0,2761.711710693291,0.4329440129943567
261,10.284944113102284,10.903698577344212,1.365034551314984,4.529130461094078,10.50894261833587,9.087205507217687,1.8447269334463678,12.711052354248382,2.4317465501700664,10.239705903741367,1.958924892731632,1.396207147600793,-2.287028320842754,11.524587071336192,-2.557332104313784,8.05940931365338,11.640293580302675,11.771207920205836,4.121935147542711,4.623398771085813,-1.376665535541509,7.260926636952493,5.976748006992689,4.0665959224996735,9.11264043231327,5.0874769665579915,0.7839812722629897,3.9714262573907075,0.4681429044006298,5.06492222955163,11.255822082483563,10.572347638296383,3.370045765826636,5.443495918317972,6.621314688919723,10.250264540627814,12.101311918689861,13.638878704854143,2.990653894379589,3.1087726707929098,-0.30697131795302735,11.67358913923858,9.60811566171932,6.943194586346123,1.6986376388733844,11.710616986803283,7.908082943021369,7.34215944740371,0.7013422119397197,9.21646213457503,2.0,1.0,2511.4981291598883,0.7166597985298638
262,9.92486237841958,10.223490776956169,2.025190570677194,4.466800142921216,9.36531120020494,9.743954051230101,2.0653150539699157,12.823336778193529,1.6885290670891528,10.565815472504854,2.0210272639601747,0.1779459145993838,-2.88615254361366,10.8758665395272,-2.556932003023912,8.486853246191576,11.693600498560734,11.735262873951715,4.099642053726696,4.170347364845866,-0.5173302033607452,7.215118379896048,5.895961022788012,3.8978786824142113,9.620154510719633,5.067083069437546,0.4624580688568912,4.15377996956925,-0.23021547981308585,4.6558804402726786,11.798151568171376,10.141020707914318,2.991057027341388,4.786855976742186,6.7006218130095565,11.022683710241308,12.261304609665773,12.771026390036734,3.1716093915212324,3.399975530493946,-0.060831072357497185,11.53245330511069,9.243290609858958,6.877988293846094,1.3681735851883556,11.26826476872282,7.688197891418362,7.804461938665493,0.21920432798565403,8.957190859174634,2.0,1.0,2329.009801596065,0.7092616865381953
263,9.949140105202067,10.183626615167679,1.6886375090598833,5.13366594634926,9.579273300350808,9.744139485878607,1.6920580271050363,12.887567561736281,2.800536564509178,10.493659471164047,2.767594015391749,0.8336531149351114,-2.6194848986738783,11.26343680291368,-2.119817105210105,7.6016034211481145,11.25353578271537,11.80483674832174,4.632100168625667,3.6955446954095885,-0.8599434401006039,7.696312809913644,5.307883447626912,3.204833364433011,9.243235278067036,5.802183883803151,1.1091503820827955,3.6076311510752506,-0.2386655684819132,4.513838996980635,11.950923147457491,10.206251630759736,2.8660451034090544,4.902134030172709,6.537797388120953,11.301327029514391,12.443807286425358,12.104671787978024,2.6319806931574763,3.3906187328917388,0.20052880861411548,11.3680818514565,9.113043004515506,6.999927258080224,2.299165180706365,11.185568774163595,7.382760489263195,8.204729569749352,0.721056027520655,9.177006193600452,2.0,1.0,3005.2908148438214,0.010909488088286868
264,10.347965442557541,10.747091929133983,1.6499467021588865,4.6943055753548535,9.294042031600238,9.860532958790916,2.0382090196762963,13.352119840786326,1.7661645978702112,10.728230323534527,2.2479316916880707,1.493941226646891,-3.143868965716719,11.656595541634509,-2.5149446843497394,8.23879325103951,11.612423523396972,11.512909250124236,4.113015428667931,3.94731468204598,-1.1420721370545477,7.759405331059918,5.46185945116094,3.5085369167606895,9.104261065379406,4.5946043989507315,0.2536905482483842,4.442437192949281,-0.8759576678107827,4.91117137474042,11.195013620869792,10.34241771576491,2.845058464659709,4.757731999451463,6.950729137489824,10.480148475777312,12.346881688331115,12.80310004112341,3.1182042570128963,3.650428239386792,0.25037029531226335,11.312347035674884,9.144789459195241,7.033134528537592,1.515392467397912,11.18616688475162,7.479871829444293,8.186471753201772,0.6942401338622263,9.251593470044854,2.0,1.0,2430.674940980632,0.6950955761794444
265,10.069927989154635,10.435864680811282,1.5380633040761682,4.5938706841029875,9.472628181856715,10.093356499214783,2.04340761402085,12.975565309904084,2.5389174023935595,10.65482399037625,2.566875364240991,0.5169778624165366,-3.126637516925055,11.571742731392646,-2.866213714539545,8.02736317207656,11.381326503311472,12.246774604869051,3.04632246526357,3.5233949024302684,-1.139965595446054,7.416572611407654,6.111189366191573,4.11009471247338,9.261613695176651,5.488017756655255,0.9150967674645899,3.653625730804821,-0.21294722815828712,5.446990655580476,11.93221453107752,10.400350670623853,3.1227150755756865,4.651929401429601,7.179101413719896,10.917942962094411,12.635467996749213,12.041907675203873,2.962508027982919,3.861590436428741,0.5059849742617473,11.199893162912566,9.512078713732212,6.905219381755192,1.7349536928650928,11.799385685903179,7.5521312126716476,7.768276732400816,0.08533619873642645,9.104194248934348,2.0,1.0,2839.7707390016153,0.2411645126815537
266,9.945090460310624,10.429193737447132,1.6933025699050923,4.449475462022929,9.830197569545751,10.495271218393452,1.855236100632017,12.563994115253415,2.470799452546933,10.448995247533796,1.6034421320266097,0.9773310411234405,-2.1175477427979406,11.612706303071928,-2.217980066067344,8.71251745960252,11.832326271384996,11.060429816067007,4.315798547271787,4.332306605818289,-1.198964375053231,7.791577605367257,5.508404953183899,3.906339172554078,9.332691033274669,5.440809910777528,-0.25789567397208146,4.37974035550413,-0.18742360644926487,4.879757102899629,11.38303065400035,10.405726681092819,2.6195106294907404,4.813735683762891,6.5098647888281755,10.416561300920987,12.626358457878165,12.503608265457348,2.7894722337046414,3.8598768644235206,0.029940050881971658,11.480366319982126,8.867537107371831,6.56506399960261,1.7821073064235935,12.032382106017923,6.775829222097732,8.358339943287186,0.8806857562213148,9.042087993617383,2.0,1.0,2355.3980756284295,0.7583591507390741
267,10.274258354273618,10.503467743112896,1.6512637070844847,3.9391782020050554,9.445851400074448,10.346016259518416,1.9229169366433452,13.18305941219993,2.666297166813099,10.774519223008417,2.4916112270987876,1.03210594860347,-3.1942135280386905,11.323388298930876,-1.8823853948071136,7.936663332678649,12.045217771057896,11.906062939770267,4.777964121801048,4.012464328763254,-1.1165276995158206,7.553796615910801,6.14730866130196,3.614154158585119,8.943753162102546,4.468619832843039,0.21817468601967,3.9453578699769527,-0.9877662283838887,5.221744129733646,11.214816491282349,10.299037175181857,2.7301113803622634,5.039254779482202,7.590934287739389,11.047500505135398,12.117959698323974,12.860355787219707,2.969517241349412,4.0267357314799535,-0.15370248098321837,10.607115520802912,9.341261438384642,7.388098085292345,1.6362874649617616,11.64636582139014,8.052268489094521,8.16440490796607,0.5466257238455461,8.60642261758498,2.0,1.0,3292.4384082416623,0.012861510617982665
268,10.288921915943032,11.303763504496581,1.6959058620606493,4.142903926580663,9.464644743124525,9.742827809049428,1.9383261046641767,13.070999352217623,2.2267351394796533,10.78207347855503,2.2522711842605174,1.0879588047616469,-3.1472874593551827,11.40072587996406,-2.276936393531758,8.1514244851224,10.937844650652302,12.0216857708149,4.140993497829232,4.111342612364838,-0.8413229107414775,7.642897590776828,5.933299393643914,4.026799253775586,9.673419672966782,5.211261720440094,0.8890737007905072,4.675284401519485,-0.10024973905613549,5.352249395959071,11.172872238992415,10.317679627468626,3.599173908065343,4.666433652196634,7.0116441336279705,10.954047654583668,12.37387105674061,12.778353902773453,3.132690863794196,3.665158148523296,0.41824336075366714,11.098003325350598,9.300018177070156,7.407356055769122,2.2955348568621226,11.6362759386107,7.47100797287236,8.174241658463032,0.5101029338370672,9.708031649583107,2.0,1.0,2576.2725798541783,0.7810341684309906
269,10.66794050970036,10.287747024390171,1.7185916698267703,4.607518454122898,9.91528883720121,9.933490943986577,1.5164948576926807,12.433688693738262,2.3978242655414936,10.998463298478976,2.623802239875214,1.5630429297286088,-2.8291128807194212,11.519738750253186,-2.2506158619014025,7.913110788007538,12.03570588836594,11.621149627416749,4.3311055197786805,4.492761825480219,-1.104499962504327,7.244569943666253,5.786086328550585,3.83215208968685,9.176245907890916,5.335657596648892,0.48381473342798215,3.817956257973041,0.07840193420388944,4.7296612820564645,11.189679705150573,11.237854827058104,3.174746877412986,4.556532974492003,6.9848127434580904,10.770011757238827,11.742807384172343,12.664511455691807,2.9788462088590952,3.3531727892072913,0.46547000899551205,11.232226813128856,8.665964185681933,7.169802865202334,1.728979173210852,12.061943380938896,7.437751246898851,7.4364177663078035,0.5488827783697939,9.291810798351422,2.0,1.0,2484.5318208322083,0.6515190912971582
270,10.517869684680612,10.825322316190888,1.5172719365017384,4.374570795480675,9.584075278868218,9.576854197646115,2.0956009647149254,12.473086255378528,2.9123333586774924,10.64977228773837,2.520451435589111,0.7443886129608147,-2.7287986582635106,11.28394336125904,-2.145535697931447,7.998901569744272,11.821349647586093,12.005991455063954,4.108148688073316,4.019484803534006,-1.1611356616645974,7.6967358578691645,5.099988230499061,3.918495824528174,9.50435793273875,5.140983402130191,0.07891047011667152,4.2170422612069025,0.36956668386795083,4.162773937394817,11.574289730479105,10.716436252925986,2.7885844590306643,4.894574603841608,7.146078044316639,10.44019041795138,11.63381829106623,12.721276910033964,2.6302470672763425,3.065318467194004,-0.18470576014777812,11.22501434253517,9.509129807103193,7.316643808521512,1.607566760492911,11.595349624574137,7.912628932585884,7.852379164314464,-0.4480883235736981,9.085682579565601,2.0,1.0,2697.469980733478,0.2545243097287923
271,11.02609114394686,9.900745946440335,1.9176611953096296,4.1187134060723904,10.111817012253262,9.464495324195408,1.8120257570502187,12.002035033201123,2.2045811652383396,9.878991471320482,2.0092987799883413,0.310553185519716,-2.3223328114860546,11.061356279761407,-1.764040332301764,8.058916166288736,11.91973892791436,11.714252830994129,3.8375088775289248,3.928507941908786,-1.659682042733221,7.886199011982926,5.617208937017752,4.170291553871353,10.134687547640434,5.046490167155052,0.46403626690814787,4.149705788833513,0.13469748300506482,4.9676077880098015,11.558848713808704,10.366423360782841,3.0712189790739783,4.581915290205693,7.272419474819621,10.174989766394537,12.111461480517827,12.22264776873916,2.9133826426893905,3.4718919175505616,0.8150065693451687,10.924370977319978,9.456496575883529,7.454465068501114,1.519614860864847,11.66411552299239,7.0183528499058205,7.483786756343751,0.4587108598890246,9.386240562876603,2.0,1.0,2531.4216790327837,0.2387559406546118
272,10.595142982480235,10.666348338599997,2.454706120093504,4.60243449196561,9.386873401815459,9.576753665147754,1.6211068049070572,12.891683628685534,2.4640783961125563,10.890826116779037,1.7666594715246955,1.1225361631435977,-2.992047906463468,11.727966210825821,-1.9657280625541258,8.101014401548474,11.592281490283252,11.29743236235863,4.000436374915296,4.065515197820114,-0.9464056290167971,7.661563128134851,5.947609684025884,3.6440351038037546,9.347850530319848,4.791689368951488,0.6785082321060429,3.914069402372142,-0.27445585703661335,5.328991487529566,11.1203764270713,10.78578295031512,2.755833784243078,4.716998922099394,7.714027457246267,10.948693669350366,12.488419723858772,12.324858165121093,3.0646801772133982,3.845713184663675,0.45413132805537365,11.376403714397346,8.542284024428106,7.381490884653833,2.110093403852012,11.394254734505095,7.428223589568292,8.040299831792018,0.4620617607023005,9.496489210398009,2.0,1.0,2723.011888728461,0.3290334085752708
273,10.501232320767947,10.810828233362711,2.060725075435347,4.111520265173116,9.93518243409661,9.94579750146496,2.4689926979674413,12.485125079069848,2.6342257470347694,10.278573552275358,2.5028503588351296,0.5360596373062243,-2.3546205521016383,11.444917585865227,-1.9838156931367683,7.968076695858366,11.604421499437466,11.985672540293892,4.221323925510437,4.344103572395013,-1.3696125364289857,7.7541047428214025,5.312500430626497,3.82038181505894,9.119627386834544,5.134567899920521,0.416689553199797,3.518858852183952,-0.3205852897810575,4.8324276211838475,10.88934898998959,10.730693302919061,3.0794815526090247,5.014105952358021,6.660035331921456,10.91867627710367,11.982137842820501,12.92342212009032,3.1167495610960003,3.876586180222288,0.09945164881175099,11.633180658797972,9.44402246817842,6.793004464373734,1.747040268761279,11.381984524559783,7.53636004162956,7.748778038962407,0.11212625732537895,9.392209584787313,2.0,1.0,2716.4007888150954,0.27199992883621527
274,10.463931656388615,10.128508575610143,2.1243469655554668,3.742704538358282,9.351871605335127,10.813871628537282,1.253257554522413,12.213614125682628,2.666592355405622,10.78120253036421,2.2721664840486855,0.9561837968835666,-3.1194623445803566,11.144557889787702,-1.632967999937335,8.651156007751226,12.16580031472553,11.66668629737555,4.902192770251562,3.8620471555870406,-1.0714249672860472,6.989574512493703,5.931373466864299,3.5172991687146915,9.687731058366092,5.258288167807157,0.9668339517695663,3.7971078010649397,-0.03815765529379167,5.21783560331667,11.041888206104089,9.991227983172664,2.773507551136153,5.379497383571874,7.194832828196286,10.819935113394225,11.580842064195245,12.499584914409157,3.542754439342243,3.750480732473488,-0.16479826385737906,11.718792137628911,9.343694257519239,6.955905186841858,1.2625278815965681,11.284898270163088,6.940530790790688,8.14203059576058,-0.09764153987507418,8.790621503331385,2.0,1.0,2307.6841105708527,0.7604005922200494
275,10.619092842906364,10.139659141990094,1.4687319674536536,3.9294613625238335,9.243701963674239,9.827435125271471,1.7964931083982631,13.222528990034927,2.8734586803089575,10.873356982008813,2.0821957707701753,1.3830887415145483,-3.0594737836913017,11.611359909694531,-2.2761920134079268,8.192593698113377,11.910213880477725,11.638599975408264,4.204230978362732,3.937298219142683,-1.0011123190496123,8.210554457309126,5.3773170770863805,3.880228763427698,9.381657661070252,5.343103399423259,0.6627528011469279,3.5259374816281563,-0.21614333685982604,5.061485190878068,12.167651422814137,10.20990311401565,3.088732439428392,4.904856955662119,7.165351070751519,10.554975325794109,12.437858296012362,12.579098443328357,3.5092177930045843,3.366958557610498,0.34517932420666825,11.018910106566388,9.880882799048754,6.903669807066264,1.5465485659537062,10.979241859438124,7.731750300972438,8.13021628232632,0.5989438624030231,8.820492707732104,2.0,1.0,2757.5135533735097,0.3507303674456386
276,9.77273632569035,10.551499172118989,1.3811051781044135,3.754605327959675,9.366331267261915,10.035480891193618,2.190044469766382,12.641561390608903,2.2405929393967634,10.613636700762678,2.4661441782287565,0.8507026193782194,-2.7083458153436304,11.12295595406949,-2.0710698052067675,7.220971599646252,11.865653469830807,11.39810069035318,4.5083271560123075,4.019920923835094,-0.9593425605711691,7.40158196513702,5.84151844158726,3.491522408731485,9.47950010550577,4.7805424624242585,0.3160768915254113,3.808312962675449,-0.15596338124005193,5.3818769828591355,11.404334494611062,9.936340128787698,2.9522796966915856,5.14798006468964,6.675410445212011,10.513970901044761,12.137258003765375,12.65646791452198,3.1237695236484946,3.301589977619192,-0.09311507789622714,11.593667018542428,9.48767248737849,6.681581528207387,1.7092058094432996,11.675743052863755,7.608862770675915,7.708309391561059,0.9932549281393513,9.067012429063363,2.0,1.0,2511.4257230300173,0.24620670152749496
277,10.359896577126868,10.525016928297916,1.043474951397107,4.903006935403138,10.242103411218869,9.662249602932981,2.4161787369280407,12.241774957381054,2.4953977991335083,10.5792951612248,2.482344347956912,0.9848703515158286,-2.252328976565378,11.786174399561038,-1.9797899530154648,8.403766666976145,11.542239609488162,11.777840119054707,4.056326628408244,3.9201144158427574,-1.6275816522605457,7.373492076989921,5.708482340882608,3.3384540501777478,9.257291460065197,5.183373464096814,-0.040729206092852244,3.4701993343159154,-0.9950585975120607,5.263025540417725,11.947495789113251,10.37888315118633,2.8648939439194265,5.030237984337196,6.864516087341511,10.268685246098105,12.629982203697208,12.79876964090654,2.7813970852960774,3.4329363075662434,-0.04211940021442043,10.799748418213902,9.589997313295232,6.885566414490295,1.783923570545424,11.696731825568849,8.011500963922996,7.7566662143774225,1.3650299935575005,9.196600328662532,2.0,1.0,2564.972086965712,0.5526128742956516
278,10.360018561037158,10.135587756458262,1.6321898123617598,4.753655487800302,9.537621655855643,9.716163106461698,1.733252592892387,12.492872047995785,2.3860433690870133,10.207749798148512,2.335713713603605,0.944927079980058,-2.2705397371244445,11.48554390323938,-2.331035808955636,8.093507525162705,12.144316152267741,11.826011720166566,4.099657615519751,4.070019184067026,-0.8172348249905321,7.807341149595941,5.753020473974828,3.540135150583115,9.66389613717571,5.082783081417081,0.7085241657234294,3.94025399316213,-0.4276804276851608,4.808001783245475,11.402789474555247,9.875619177920676,2.944709410777203,4.94901709396951,7.095852735308391,11.259214011573913,12.567222142823125,12.866250634152255,2.864634073436486,3.5997604050010494,0.3304406924551304,11.078042966322924,9.65760351338936,6.748780265386973,1.5124290783979122,11.639356162154451,6.944031715636409,7.957662633641637,0.5209309627368703,9.330831607937576,2.0,1.0,2943.094030101882,0.07265964941065449
279,10.525774575000964,10.299903192573542,1.6805985660561045,4.373023896804824,10.050848895879096,10.10492637504681,2.1411469380177364,12.91591109671449,1.6214938475143903,10.642776100409595,2.76730480241151,1.2543490805919686,-2.7248752777496836,11.350341878366063,-2.180499651220141,8.16793359700897,11.399904426357274,11.931334359626058,3.656670708243554,3.7730478552326416,-1.1045280119205256,7.1202987832825,5.560008470805286,3.6461429765308964,9.757464604248142,5.199502556670493,0.9676670070684508,3.5279010913031663,0.06730703222725554,5.039684949758596,11.558823643352069,10.930505348981782,3.5881645421654986,4.909741039685898,6.760758565415055,10.56457704641668,12.224922804498695,12.909556125272921,2.6113789400406073,3.750714056836612,-0.43807692201861503,10.853964703928241,9.360508349900194,7.562656858463528,1.3606324929294809,11.77295318178278,7.645288137154102,7.728585600202325,0.3674429751098001,9.283073800698247,2.0,1.0,2470.9459991905023,0.7605094600807942
280,10.662553605093468,10.505259676727059,1.606458901192851,4.422042530331049,9.273273051070419,10.058023138550872,1.0758703113517203,12.7957270465353,2.45518343167938,10.502858378836667,1.692626727741425,0.965581922594853,-3.218054369744192,11.401023578987637,-2.0356075330402614,7.656103900526781,11.565873848509986,11.68808449583915,4.928939405089116,4.174937861480486,-1.4249471998250927,7.446183805907316,5.860661149962744,3.6472023854073172,9.661122904130824,5.476686070101639,-0.027209580185386106,3.562384447046833,0.014710299998257723,4.641680629556674,11.451991352549364,10.24665956218828,3.5969850686169407,4.8741251431666335,7.0889709558123455,10.29914754328044,12.030328529986212,12.989238749132555,3.0975026365408627,3.4068276039673617,0.170210436850186,11.319157372633857,9.21530882188039,7.108440643584418,1.2065531137457461,11.199248620544825,7.531699996599821,8.096402378625191,0.5329064078748101,9.010088707132738,2.0,1.0,2398.358361303853,0.66728995631326
281,10.418975811121086,10.32286967243514,1.470060127993479,4.533112442850154,9.690047829922825,9.073793392328376,1.7371667097082177,12.23118121021751,2.1211377359507724,10.618476083700754,2.5638455560684656,0.260563518449217,-2.4094652199539075,11.581903743564109,-2.576585882888697,8.100338207286597,11.675402249873944,12.060543989446439,4.020798415843868,4.158182784876093,-1.1671827091015716,7.606787731098588,5.464432734000037,3.8226908850973706,9.775685141371422,5.024467976640398,0.5593472028694969,4.122175087747333,0.24886892504518082,5.045534451479428,11.568340582098468,10.859008740254838,3.273623238670838,4.416485562098956,6.7339550045206575,10.22599893572591,12.33064192564043,13.19239547103059,2.8670408924748596,4.133403675802655,-0.285424056111427,11.420355560743987,9.627428545260303,7.142808235087302,1.4278090352022386,11.797506025651048,7.675192231704705,8.415226138761152,0.260382319812895,9.155959395455294,2.0,1.0,2603.3233275406938,0.575305015681345
282,10.885874731837685,10.962670454339278,2.1755161571515016,4.79186662696644,9.756265611292859,10.074017374394206,1.6571374785988473,12.953070302117913,2.2562863247677423,10.490545173228819,1.5069093753612262,1.311334552328534,-2.4665525962691026,11.504163223689394,-2.621299976476587,7.221196583835312,11.56308534812769,12.070197544114068,4.351792233637854,4.17317160015973,-0.8050777121025593,8.369934697161087,5.482828747506832,3.896831037220772,9.5510306852122,5.345874666495427,0.6923922910952691,4.175521762036958,0.016904871679670974,4.560423971478,11.570271729015486,10.707851090400938,3.293681762132519,5.459146050622658,6.78838362343971,11.176343584105881,12.140840157592427,12.42199941650962,3.2074610742439145,4.265730231199245,0.5282691131571753,10.942174549920832,9.256194805904045,6.974800454131411,1.7684835507880434,11.668050598400551,7.668392156796555,7.996738933221682,0.6909860587309615,9.522514430290666,2.0,1.0,2746.6280293706354,0.5779525195376318
283,10.532846301863923,10.561895148725977,1.6961712860917404,4.63910857913654,9.617687513878078,10.244180858894653,1.6822471178241736,12.911031581143632,3.5762275606688783,10.309212201166133,1.9808738656117069,1.3221699525726716,-3.3137253582479773,11.471646814479714,-2.3266461060016908,8.157730529510529,12.235389175083222,12.204463766799226,4.246889811991751,3.8749977255203127,-0.8111550024023836,7.561689730470463,5.334683817244817,3.66350539892138,9.331578592059119,5.153752302003728,0.08423955567561658,3.693170360756195,0.22846919128900328,4.145154912693511,11.837082931084236,10.358011659387568,3.1793979143884963,5.3991088881282385,6.721671977767619,10.771503053681998,11.63164973047598,13.563135409690101,2.637538359734465,3.825204276346765,0.02874492592561026,10.88466137716283,9.032568720310369,7.120001910591494,1.7022985293605553,11.293808381176737,7.636157789429551,7.305783206892828,0.153897859528153,9.034270941065547,2.0,1.0,2980.8500167952234,0.09148528995212901
284,10.508377351892397,10.732261129557784,1.4522092742420185,4.197580688108968,9.740521066338932,10.310458251108514,2.382021285123362,12.78385718166926,2.4304723228707994,10.0740514396613,1.9610502134769678,1.2280287970880712,-2.7217358613816596,10.836011703270078,-1.9754025446116081,7.777637778671738,11.293009546299215,11.784028884881009,4.261750445349816,4.629613044616655,-0.8639648981080081,7.816512965004521,5.8666158103237676,3.529395895251757,9.509384597854265,5.567559722849684,0.5547725740053118,3.2177839400325583,0.0429255342402889,4.707218073295076,12.024455331980182,10.558108832985251,2.61235694990769,4.773726657929932,6.363786647406394,10.669678996948438,12.115372319968467,12.745689288014704,2.5354323241873864,3.691776619373408,-0.15137897272660844,12.259977447704369,8.792096729314144,7.439437544990775,1.7983936732866015,10.543330729118768,8.05648014912185,8.025815103839937,0.689381267921083,9.440414019043748,2.0,1.0,2623.7600397694314,0.384743341222788
285,10.172038872087734,10.395433853883839,1.6760326183118313,4.8157153739860545,10.068574483950872,9.854912314521822,2.343569918919903,12.835700946585655,1.9690246630240713,10.20249215408387,2.118687565721222,1.644097345493491,-2.8986788192529342,11.551487474488855,-2.2908331265355546,8.235832737564861,11.865673024046481,11.99740176963167,4.576760353105742,4.028717405035659,-0.4912346269549026,7.559707090807025,6.017538718816688,4.334988495194689,8.884301214368525,5.495345836726421,0.4088952550986353,3.972122954983794,-0.5716141426972219,5.15813097744219,11.634599395752566,10.697417354681418,2.8551344832514505,4.462750390649335,6.782584225475566,10.507757053871181,12.634043047531973,12.286091714175729,3.0732360059349957,3.42501058678464,0.26665835480116995,11.422434749863644,10.270199197392127,6.663059180767858,1.8924752623502097,11.462390922956894,7.196011859706332,7.5021978015219055,0.3620607486700654,9.097939417293134,2.0,1.0,2668.164634694332,0.4540432678985476
286,9.928885060533434,11.00226985619241,1.7738472041807734,3.7956144750485628,9.63693501386401,9.212671391081082,2.4571105676360636,12.898279433179392,2.3234135552425905,10.90041419443525,1.2956823343721047,1.074883776915487,-2.2087342698702623,11.310954197278228,-2.192350216602124,8.783779885005154,11.703187371770706,11.465769305297268,4.003176373196447,3.637885342779513,-0.9949648536601362,7.106915466616429,5.744606112779137,3.737081995672626,8.92308016670958,5.276703735724195,1.0703167169231589,4.600323529500734,0.07699627841031592,4.775949737563921,11.378731728796891,10.246210667711141,2.932842354728308,5.005663621921313,7.632967985456353,10.251963464129728,12.07632671073657,12.649353052591502,2.903881007910421,3.5272326143713215,-0.36605260803738404,10.991333477289004,9.496347239017094,7.213025292600671,1.5175637371769735,12.066253577917383,7.317544645682073,7.862322014580453,0.34536593752167777,8.66374435834688,2.0,1.0,2598.297702986555,0.24693952702331012
287,10.515019868838314,10.520397376523269,1.8264663850574057,4.500519543290992,9.53406671644337,9.937866934190955,1.8434375388446333,12.46448422728531,2.230848263931369,10.48415853542045,2.8823517038841144,1.2615248139484458,-3.36387796952416,11.213949983001685,-2.3993826181528446,7.813805919377204,11.815701458997772,12.030195565165679,3.998022369478772,4.044299701105719,-1.229057459255511,7.845360637785233,5.844083002997619,3.347952050307072,9.282390535903971,4.8552511260892866,0.45629232927545105,4.005340352031104,-0.4522788761227008,4.59010769036891,11.530878760724262,10.591196684693239,3.559483079085663,5.066839874418884,7.308015325181158,11.045667385984238,12.43549925524702,13.049005365465042,3.1514658011289995,4.009925792511746,-0.15486717219422014,10.809008268199678,9.363554096690125,7.430819164017014,1.8162440938420954,11.808582451954862,7.158521822331162,8.305504462309962,-0.10830244554047397,9.340722119867872,2.0,1.0,2625.7155525778103,0.6372791310604891
288,10.145222780702586,10.989232941232578,1.27773938587622,4.142424334483642,9.986953348573799,10.204814759201495,1.8377219479742004,12.897888547054032,2.1271859152542576,10.363885164865549,2.6627276428868423,1.5987022575495269,-2.9651893119814066,10.893689548792398,-2.5817772107728914,8.446134451518692,11.810139041907547,11.797803150494659,3.7655921603539753,3.735488975836955,-1.03129085829757,7.547774384094072,5.422751671046637,3.7606584138147015,9.577301334795903,4.774962930436214,0.6224773989719181,4.046157762250333,-0.504886795131205,4.733024020844522,11.65879056740558,10.64332249202367,3.1506626665651605,5.4181793819818544,6.758294252315387,10.923795932493485,12.507749326746536,12.553075221648372,3.2251716404667476,3.6912376173431034,-0.27241517787456276,11.152578926268266,8.933662183767842,7.315472508499623,1.8067972431712376,11.898502770563965,7.620415862089149,8.469072459551194,0.47504440039427154,9.142853290707755,2.0,1.0,2575.4252588762397,0.7054393449269187
289,10.713936208126173,10.640687023364713,1.5956610434538372,4.1235682847062725,9.617207183351828,9.219052413244967,2.1272806614226796,12.631418690779759,2.3096836646416015,10.440008545124686,2.6433485077549417,0.4601882493647239,-2.4754858527172985,11.876444909749727,-2.127086315429248,7.783747661902924,11.408872225802208,11.70907349181534,4.236153522947296,4.566587099485645,-0.7212685469297496,7.404602657439486,5.4808566397895255,3.9723437074016137,9.796425572454394,4.728403348618928,0.4323692605585018,3.9179937737156814,-0.19510370805269947,4.481403977064179,10.842182454798657,10.722196836760519,3.433964864183474,5.023696150668875,6.806165493771581,10.79355817164714,11.689738290029835,12.944708016533477,2.7843502703987077,4.043187658823226,-0.18370117781007334,11.923484048592924,9.652860399498914,7.39494206580073,1.4915605542419534,11.352768992055088,7.612599568862897,8.198309099871897,1.1933055803140793,9.237344365247091,2.0,1.0,2539.434465613761,0.5630814209078409
290,9.803301055548767,9.986097179272797,1.8586353621069251,4.258491358744062,9.874294342350572,9.944256108962861,1.9555036596348316,12.330985251404282,1.983203448657592,10.4171212763488,2.7859285005364525,0.9095776224837409,-2.939611560636557,11.356515852084657,-2.3975355651859847,7.813346117077007,12.104943971586046,12.327236795901788,4.443384124012789,4.253249684831293,-1.0118515926000382,7.687893559316194,5.614924083649702,4.2279335182468065,8.875206065823468,5.205319831754598,1.0068960395940088,4.108747337486458,0.3779031790677125,5.4683691048447844,11.582141855123133,10.065852181665646,3.5428622412580406,4.6527305171232545,6.301174457744516,10.753167296896054,12.099470855785547,12.574645494497743,3.231393635234897,3.043080821014984,-0.02527168553695988,11.607541697002846,9.587142148115706,6.756505837620048,1.3717478918372765,11.565696630500874,7.965930622832263,8.09949320675168,0.8257897215191677,9.598716497477835,2.0,1.0,2394.0395298495396,0.7630607398767193
291,10.421359938475351,10.951428336886776,1.5948884496702447,4.032220296862036,10.169010481996411,9.966902040301514,2.0739946505385847,12.442058826135124,2.2027693006630233,11.03958373681488,2.1686386143787337,1.1877840867727314,-2.9124846866337095,10.981981250199018,-2.8745893598782066,8.670010840285597,12.15148155332857,11.813656679932716,4.231081872448084,3.790153588375838,-1.1727083172725186,8.335591799179818,5.572668027352977,4.077964946599804,9.314449553146302,4.967218269316931,0.3634816316251386,3.9031474813869127,-0.20863976600419834,5.440345741487504,11.482783199066587,10.468242900598018,3.226669493592607,4.732370695748895,6.784605153379682,10.630777056902437,12.358774678812608,12.259557631668061,2.7130726874263233,3.657179211672996,0.10427185584528664,11.36460761399347,8.602635373651328,6.92135112109653,1.4423834326432832,11.859899937726123,7.185545478322663,7.127838111909762,-0.09096151688278142,9.244144668552169,2.0,1.0,2731.2457626060423,0.3214250833691617
292,10.685724405059556,10.974542334590609,1.1704782416138533,4.70587109386837,9.635731601183664,9.132902140687603,2.3424659820711646,12.802407363906346,2.4268929613315278,10.48312218059102,2.1202718666070304,1.131807678803944,-2.3460467510392555,11.156810462379335,-2.4810617039336105,8.423157592542053,11.284075282097435,11.838532043959622,4.121113609470623,3.506707141488101,-0.9865299278486346,7.6069932190513665,5.750792374259927,3.566324710173172,9.292171329616089,4.98893013113891,0.30896561476856127,3.8524047557764485,0.07277011538071701,5.116385755995317,11.149401266263672,10.772477473954636,3.4163189027416743,5.203956995146118,6.683254957145278,10.750693924058702,11.595853878165927,12.442115362545197,2.9268941870986582,3.4245383483293543,0.29182288868228407,11.854455182573167,9.410179712265496,7.006275811053735,2.1174884407887946,11.563616485255771,7.354193400378529,7.887942447360985,0.06669679910247467,9.503915328913127,2.0,1.0,2562.99766994055,0.4169999288890532
293,10.40885870005457,10.566286083339666,1.7723485646960566,4.686096961851017,9.99821936266071,10.38154500755052,1.6166414216859568,12.540062148151888,2.7247773791055216,10.266313044601386,2.865621442623297,0.7745765271952509,-3.370145870130349,10.724400433599266,-2.262454578039856,8.093048223308019,11.449924697350307,11.65105317729565,4.101774969676649,3.404744230158357,-1.5793660057169656,7.422809223857582,5.7417205289514905,3.6193788490079952,9.263494689815262,5.2665235887347706,0.6867922039358743,3.820695404178476,-0.46990288792985807,5.143396455867719,11.417418638107415,10.113575556717691,2.933876269841077,4.8068798151771315,6.876266197343114,10.853370417148836,12.01313443669516,12.798457226228063,2.9182832645186543,4.152435728777329,-0.7500785826614886,10.9850104916084,9.51075884978966,7.127037172348315,1.9149843435985399,10.914381477719667,7.19088475057371,7.6544494136094094,0.3606802222463682,8.757714611749892,2.0,1.0,2316.3144770250165,0.6221130525449291
294,10.479033271249536,10.871465355656177,1.6970042331609592,4.63963667412619,9.597141481045368,9.885784007516827,1.5266648101286968,13.311833512568747,2.3226971290983096,10.814656959877958,2.3614011727289492,0.6702392383048208,-2.7182598554123274,11.317561642954297,-3.1128061098660638,7.679117231773038,12.136208572660577,11.71089238311862,4.447974334943922,4.325681635358267,-0.44788027680485054,7.633988503326293,6.20325505849608,3.9890064853045297,9.03596594810465,5.458228774817451,-0.020114740545210896,4.323831203562817,-0.415516329080967,4.533092989314073,11.935629724197554,10.81918875851935,3.310360361962936,4.1006539910211615,6.793242288372557,10.645530071528917,11.956387250547515,12.988449833191321,2.1642508895779367,3.0644200200221343,0.24305711438732377,11.38170513402891,8.990586817101496,7.262122560180346,2.2628859532368923,11.293045572495663,7.0665425362682965,8.208802824703792,0.4054947440385505,9.077562346562209,2.0,1.0,3363.2823312500923,0.009215376344067484
295,10.160855180711797,10.96502520480725,1.384393561154553,3.9343534744498516,9.09444247972906,9.49249670226853,2.1549043959352066,12.701703488657074,2.7557430599284722,10.906040900671266,2.5351976458051024,1.3089021511005738,-2.9568460247175836,11.761634723635186,-2.3650903704875264,7.593607398327591,11.966101711387825,11.758794116717729,3.7686368222637125,3.7066013234206476,-0.8079355319327663,7.869562969593585,5.678880836696925,3.910066317865787,9.596796672624365,5.236601176315188,0.7464207055567097,4.26288852672098,0.08136690669498378,5.184428909325459,11.511653522462586,10.073334259061728,3.3221710674201956,5.0640628177604405,6.691563543233307,11.122842220647664,11.796887232465291,12.665048349760065,3.354361076510704,3.8849078623498285,-0.14789840440130736,11.088381908882655,8.886579349577136,6.222048301285332,2.0476101672087825,11.558831081531153,8.408171573002601,8.11849781804608,0.9182713540403342,8.878868310086721,2.0,1.0,2577.030926933113,0.45064410248112985
296,10.51766801294509,10.858314580232838,1.5279521810904666,4.6961049031356445,9.930920265344866,10.068880066392046,1.897514008300677,13.412496283333288,2.2035024952814335,10.912239173820586,1.8045232747537285,1.352766086400278,-2.664999985841657,11.424723134123338,-2.2665970464599403,8.235952318736036,11.158088554038581,11.408788208029375,4.26890941794252,4.067129511630292,-0.96456473753018,7.762100400244348,5.5578120077386854,3.357801690557907,9.762649816952587,4.867684974998171,1.0152666568196103,4.336206705638833,-0.2659818887690041,5.010482714072637,11.284480629986389,10.673909706664688,2.9304741808794508,4.633996695410001,7.154508543437719,10.56671316708421,12.577414738114372,12.7671306371629,3.2898956542196807,3.1145941462680664,0.006045974761592687,11.26775661224935,9.482864652119765,7.71616958141722,1.8551246556667835,11.784380745813113,7.882126873109816,7.562915638670334,0.39523915519569863,9.664413047494024,2.0,1.0,2882.249211764323,0.39437825032672214
297,10.39755942812183,10.077438976256566,2.008545285625123,4.430632057421019,9.624865491149416,9.91757800146708,1.4496546488679547,12.842522991862149,2.691132644234582,10.532618567723032,2.1155854651285653,0.7718811615364722,-2.5895169576931893,11.731986668538857,-2.1394122830573026,7.926328813485063,11.619489623947972,11.998134474493314,4.079705950343241,3.9363003197568402,-1.0807277823814894,8.388074517809962,5.787908911565613,4.148671475721348,9.10661812134659,4.8657802646214465,0.22260553966975832,3.338249487228504,0.06853310218259889,4.967686378871562,11.378011386534613,10.453232546624704,3.111821115452956,5.346582674069858,6.668085376726936,10.39175109537843,11.915970758683422,12.976402825589968,3.2930768506104675,3.26300463315773,0.49561485974459474,10.637168104644292,9.695724962415767,7.39684811125376,2.2166978278424825,11.625911341272491,7.237311878981513,8.014589655449209,0.48194540331011115,9.01607773265777,2.0,1.0,2521.390770866416,0.5177966376793725
298,10.498129358650719,10.49896164084364,0.8169471102815946,4.778302683160894,9.563811881604016,9.437487267622577,1.2448061997895903,12.846409273744426,3.303530725741508,10.547044990750694,2.647294272146992,0.991425653400612,-3.1507047572647404,11.662684870384686,-2.916743811229461,8.242180110461053,11.676337644282896,11.655597524437132,4.500011726721756,3.929532637382297,-0.8166981567368168,7.45940651268254,4.929968828755749,3.9918793940279107,9.403481692290837,5.532778527097023,0.13043573066831887,4.208131022862486,0.49303658688059027,4.543104030523267,11.59517626474356,10.465344428569047,3.386404168547827,5.120794888662209,7.1898918739709305,10.196345877178949,12.040892023854417,12.936603806209886,3.4228051011411154,3.6823651821473997,0.5153171552788463,11.44269782850463,8.992899189314132,7.337759363678762,1.5877406277782793,11.690499401143352,7.528081352453976,7.756187489288942,0.6710395876868006,9.845717862825824,2.0,1.0,2527.7340538686362,0.6963174435964543
299,-0.9963055050202394,-1.815616717309553,0.7072649644422335,-1.8261220574209918,-1.5343051873338749,0.4154627557952524,-1.2362773488810435,0.674062869041383,1.6697913954835868,-0.32487965220278836,-0.6709605998090291,-0.8678654593130934,-1.2548709304071024,-0.7315581180534774,-0.07532532473689901,-1.721918128753578,0.8199302863134226,-0.7412922640818391,0.9811294196769911,-0.4071488164671022,0.43290583809219507,0.9138259495416081,-0.31296784973418035,-0.42436714700887546,-1.0711097047980118,-0.23334158368882552,-0.5079144206744783,0.33442415891234845,-1.5998744980217654,0.9654075391023076,-1.6672082744399406,-1.4951042211743801,-0.7084338800047791,0.5717091699402355,1.9978869188755923,-0.8759933950316041,0.3288985929225068,1.4904042414564511,1.157356875886142,-1.1276492247500927,-0.6135114756269222,0.8860025666261127,-0.5843265026885893,-0.15726278147372774,-1.0224093631251079,-0.8693471738526624,1.3051258639985148,1.4974869430687425,-1.4289239917361862,-0.8797126884854962,2.0,1.0,0.8459171954275452,0.4768203936017954
300,-4.415546449937609,-3.853897357269304,-2.54331069709035,-0.2375950573292115,-3.0123669254159684,-6.260023307718896,-2.72744512075096,-0.394693457105631,-0.3902533677792392,0.19492793448653095,0.840035392730799,-3.177034407136508,-6.221875831823415,-1.7890833840159976,-3.0425885145520266,-4.561398519764506,-1.0952775091679303,-3.753072093889484,-4.802049987165379,1.8297058156546715,-3.096831684603413,-2.697954158894068,-4.368962720715012,-0.5415298959434875,-4.1280871795717795,-4.057899771995746,-6.085838363548255,-6.637813835608183,-2.437122878900866,-2.030285693000703,-6.08794086872672,1.8285619066192598,-5.014161732120797,-5.031543147488538,-4.390053391479532,1.6169575870551403,-5.953740351689506,-5.574644557817316,-2.1202001218498343,-2.5182242866040894,-3.108580896494086,0.7010432402505633,-5.401511730395432,0.5090177017326347,-0.26780108462774066,-1.4869519150871437,0.12298483418909767,-2.156220936596388,-1.7448372756828645,-4.608422814039714,3.0,0.0,2786.791954566824,0.8774605353352544
301,-4.905033196724203,-4.249336323176352,-2.635754704656104,0.07178278612783776,-4.243194781185412,-6.031686184534923,-2.9462726714015495,0.510542621507255,-0.7837745404894375,1.0795463826587302,0.32262118753359575,-3.7947479348246804,-6.2574225726886645,-1.7874514276485982,-3.2686542522606823,-4.175161587518014,-1.7224583654555943,-4.581267945850814,-5.354999433750693,1.9720033673535655,-2.9328901668695893,-2.763709354549927,-4.625442460592297,-0.3085861426944755,-3.506309885213364,-3.4823789738815227,-7.204865549203343,-6.417722183181084,-1.4452858394022647,-2.8449695481806625,-5.775611482902541,1.49895834576923,-5.473359398469279,-3.9328997408936313,-4.085209786019577,1.3627810661120683,-5.4725995507461676,-5.888379500349627,-2.1838569395024092,-3.142152313436502,-2.375611654714013,0.5949601454287857,-5.59897275076372,1.297582873975574,-1.0677509780055743,-1.3421651087125661,-0.4041680288622337,-2.134755660572711,-1.7921703344938438,-4.91283569227537,3.0,0.0,3448.267167001689,0.8105195476212534
302,-4.07288203966751,-3.6935355156289558,-2.7836532359297634,1.0896273560257952,-3.8008467206419727,-6.378088591826097,-3.0261696599146,-0.46894198845574664,-0.6908761798637321,0.7202240690756211,1.2670105879239424,-3.561446507142426,-5.916470006954279,-1.774120465495204,-3.048212556677765,-5.087138661742058,-1.9324297309245664,-4.355512395407704,-4.274785229571276,1.4151723592770384,-2.527191882701165,-2.7233827687172876,-3.768733692525699,0.4612737395706935,-3.8964687799168334,-3.6187273869643493,-6.979196562142587,-6.291698444793623,-1.7620740204767735,-2.271428266223316,-6.078437277834056,2.0243105939264323,-4.82213543259247,-3.9292546166762685,-4.253156514380102,0.847380884146303,-6.210042989725243,-5.591108108327495,-1.7115690959597374,-3.190144495772337,-3.612551051385318,-0.011555908404052295,-5.686961733362318,1.2022811433542304,-1.075611551630465,-1.5025412284336181,-0.08668805348430791,-2.8715669257011753,-2.8478220416980244,-4.653968661163931,3.0,0.0,2906.6369955267646,0.949821626722483
303,-4.95817072077198,-4.409599931361441,-2.0599725619924945,-0.03710759550673465,-3.6014607130444594,-6.457813955048046,-2.9292875855356084,-0.14045109694507618,-0.7972630578863465,0.1830092272058621,0.05154921458092565,-3.985423215562811,-6.544733424610598,-1.0778177397555075,-2.8054579000766684,-4.154672344576825,-1.4047919644697082,-4.646922893582828,-5.365169092215532,1.718432697046,-3.0142201971278357,-2.146440815482374,-4.005135073379506,0.27786322011240827,-4.726246511403111,-4.176760658608942,-6.984060817956465,-6.709152231742786,-2.006096124514807,-1.9817946114006286,-6.326124565468724,1.7246358477474304,-5.395982517125622,-4.10057489831193,-4.427774828094878,0.3189159971610491,-5.655560721887218,-5.996760553349094,-1.8233573126608091,-2.6426608522817805,-2.843171222039067,0.4668402998164464,-5.1731794025389135,1.1395853111444594,-1.3204853102683103,-0.6427335168502895,0.09332811290727527,-2.3851312826183118,-2.285387564559201,-4.223284897668499,3.0,0.0,3514.3329234776875,0.8545879851099758
304,-5.072656038583416,-4.231915271216663,-2.7553022086281787,0.0010144653129501302,-3.394401247220487,-6.830614949058514,-3.5761382168903197,0.013765359217607992,-0.3922125895413284,0.659296314052825,0.41271410945013276,-3.9438019877628196,-6.131520119763423,-2.2345536327207416,-3.0080520098690022,-4.272267400936199,-1.3907146712783982,-4.053832541760358,-5.183528036193769,1.1844734374837675,-3.3026097475930722,-2.4517106371690036,-3.9514863996378993,-0.0923703367258274,-4.331483484271471,-3.8167277029388593,-6.515847869122983,-6.605170984132511,-2.402811407610194,-2.1744044961049958,-6.067535248606506,1.6546219669328925,-5.419906493795614,-4.6709373820724585,-4.31562060720159,0.9194660694737268,-5.366443129977144,-6.160113286178473,-2.067665149420986,-2.944598486158888,-2.990299020564997,0.627117637774896,-5.164801200685813,1.5102557703374389,-0.6188471518255381,-1.1112720636126334,-0.5587147285801927,-2.61783757774952,-2.2909796313254076,-4.0875929841936935,3.0,0.0,3461.03864388431,0.8855666115237816
305,-4.082768420156404,-3.906491192190633,-2.346958517548128,-0.15371227849683738,-3.9419307550750715,-6.774274535967134,-2.377216738748152,0.6148635589529003,-0.7116760375137481,-0.1132883635249573,0.5498067207450387,-3.2438554268962987,-6.3199687019370065,-1.7706521545400644,-3.25259771392949,-4.379635342240739,-1.483974088750618,-4.452338996122127,-5.466919998778898,2.1661130556907313,-2.9351568274570043,-2.5612222813583,-4.374489081225995,0.356383059054883,-4.066622111136641,-4.3826227784576375,-6.626368843983576,-6.277906984382546,-2.4643671162299774,-2.6789540738958357,-5.018516784518784,1.8761150720626194,-5.458400149213772,-3.940335769969181,-3.6457455926144187,0.2038134729723058,-5.439866460283173,-6.257920596150592,-2.4581798072016863,-2.880484895791166,-3.4617003758946363,1.2054879175107984,-5.524569682822367,1.8841032267562172,-1.0963832617035365,-1.4941641239437076,-0.3575017774487753,-2.398489996162125,-2.3286452862370526,-4.19211326548961,3.0,0.0,3185.437048751121,0.8577433380147454
306,-4.149331504704559,-4.589267916470527,-3.5175295164463423,-0.0063588125172124865,-4.028738750658551,-6.943090288851285,-3.07838191841103,-0.5628411868622742,-0.7768651152132345,0.828723754139423,0.5558574005025646,-3.567198087629391,-6.086362765090659,-2.644318266426385,-3.0985528931879367,-5.306402504645325,-2.1219580460692056,-4.461064515571968,-5.059319876299822,1.6472982300227015,-2.126280048845212,-2.69148835930862,-4.006077558842724,0.7593084279387313,-3.9589927505504194,-4.200515462489374,-6.500121065976849,-5.7612136060403945,-1.3021627778119327,-2.2826723083790235,-6.059725200317431,0.7427051373396241,-5.163830274307776,-4.282177857397769,-4.607171819060376,1.1413380557415143,-6.097044163652857,-6.5738255724534405,-2.0435372271847743,-3.1747961748488356,-3.489308645424042,-0.13493864869655015,-4.5727345643310215,1.0670607293586223,-0.5363852176325765,-1.664481833940174,0.62738684291678,-2.0558210126917387,-2.5996238664378835,-4.026287548168845,3.0,0.0,3444.1763557516188,0.9000159096164577
307,-3.927449094748764,-4.219086559134921,-2.6151300858815945,0.39203369595873705,-3.2014451360508147,-6.074214999876248,-3.1151919018634104,-0.10003689557335471,-0.4259959859750475,0.13271461940558227,1.1516334585072405,-3.3447141055526712,-6.062798848655874,-2.3374520593796904,-3.2769949532789213,-4.980183863999753,-1.285257814980791,-4.8084772814479955,-5.012762708738997,1.964304155463344,-2.5547360408110307,-2.9267770227786367,-4.503665358264108,0.8163003693867471,-3.8827046284624553,-4.310143131242903,-6.069408462108914,-5.691339006142393,-1.7367844186622066,-2.3164240996657712,-5.453311614325443,1.6876883974074963,-5.124933873520257,-4.009003517749259,-4.08129984031123,0.6097045059656574,-5.552119162839816,-6.205283317780642,-1.87808589982316,-2.3121492737562934,-3.407385143225479,-0.38947107657076785,-4.772660349032335,1.7480643103445588,-0.8653223020769029,-1.11510551183768,0.1891053015990108,-2.652433350862767,-2.7103050223386354,-4.240980655355367,3.0,0.0,2526.645266625706,0.9185243204480905
308,-5.169069691913602,-3.967399619578636,-2.776474972367523,-0.3599776951781898,-2.9390612859023424,-7.027037842559387,-2.664681084857478,-0.0776386935362928,-0.731383274355261,0.07233132010499349,0.6342984982987478,-3.613401115528409,-6.896874646519407,-1.5690942845150961,-3.4758159062446503,-5.191053840201406,-0.8245920647459963,-4.581409200632977,-4.397211506463142,1.196825512578368,-2.5875764117919746,-2.2487491311740557,-4.658169172686747,-0.18580185280519956,-3.916050954306174,-4.595367959783186,-6.292024529658153,-5.768244879153569,-2.237104904493151,-2.2128053190608865,-5.73128961040359,1.6480777701780451,-4.790423862856923,-3.9693403000460705,-4.1084930260397465,1.0872058286600168,-5.712317632268924,-6.87286552978802,-2.2514238472896695,-1.843471379082273,-3.4460840954754053,0.903020411371799,-5.369896604569032,1.5321894000104126,-0.7960112583952677,-1.1590358585471097,-0.21724555614379754,-2.6342210870949634,-1.5376641035223173,-4.064046399995446,3.0,0.0,3069.4238928914156,0.9475873369677419
309,-4.197503210957157,-4.408421002685681,-2.9502982873718704,-0.32685468500757675,-4.205851089806834,-6.748232141259506,-3.159613818617469,0.46990740592056013,0.008646885672462412,0.7873992319216228,0.5758803234839508,-3.817330072580744,-6.778871819585246,-1.3699885921675719,-2.9162366871184138,-5.564764980145043,-1.2225192541953787,-4.187851565135868,-4.701063543533212,2.331722536396086,-2.4942658909801905,-2.2804559851573694,-4.965030476927483,0.47860329874393287,-3.395583793688992,-3.703707407610715,-6.9702790650884445,-5.894599892078271,-2.0464440893782068,-2.56819802124859,-6.485127182624308,2.2923929055264356,-5.257585001729513,-4.1839425052476225,-4.206586688322834,1.6366690605023966,-5.696263263196735,-6.488800898850777,-2.0814349259693765,-2.272323530280011,-3.029576119522719,0.5185106705918137,-5.101681454394286,1.3783017161340057,-1.4662505752349426,-1.7332190849861884,-0.6859748401769978,-2.1231599703456743,-2.171461623377794,-3.89054862360841,3.0,0.0,3571.753910723735,0.930385912619627
310,-4.788880905851829,-3.889689236480054,-2.5371502737268234,0.3480006073124564,-3.527362661407144,-7.014633010706268,-3.007025823556218,0.5067753268335199,-0.9536068079599265,0.6728706569354601,0.8405292728431735,-3.652828522147935,-6.598353393781155,-2.467400354210193,-3.212964833529309,-4.656835739628347,-1.7943511280390905,-4.060629559253389,-5.147941692988622,1.33864645249824,-2.8360084942279404,-2.3643867150569915,-4.149384564426089,0.8546656119360847,-4.360706667787616,-4.628564875663937,-6.9981481950269,-6.010051909790225,-2.9572013472068406,-2.4195493496858145,-5.838252855591822,1.5420255611966038,-5.208695710663769,-4.475920111303028,-4.693742591194469,0.6418948763692595,-6.562895176629302,-6.586436326066162,-1.5111655174766883,-2.551066205535586,-2.8669242789446274,0.5791947250278192,-5.398508195599723,1.4593880556307677,-1.0493778431054823,-1.5325445951944028,-0.3771610966282163,-1.639966800912092,-2.2610299077677114,-3.617424074089451,3.0,0.0,3559.647940321184,0.986378384005683
311,-4.806991058009401,-3.681731557271239,-2.5235327274329595,0.3573592085331726,-3.411233218048141,-6.691957243254654,-3.0001314671075034,-0.7231146814023319,-0.26499361195626064,0.2718168354127444,0.4145006102672001,-3.9825301863140634,-6.011437180849369,-1.2092227199635748,-3.2458693872638675,-4.607990059784319,-2.238083336747036,-4.478518659901793,-4.864783599155453,1.9045230496546595,-3.0570593833739546,-2.4085404023291486,-3.5214029082011944,-0.4603315783024029,-3.7054225230816473,-4.274687700283517,-6.881751902375049,-5.841748131008502,-2.48629534062391,-2.909414591484721,-6.0242269415970835,1.8015602953125782,-5.282574463417288,-4.899409256358993,-3.644451846797982,1.1721745884298262,-5.540291360906144,-6.498936343263303,-2.1157688418939413,-3.177527048543623,-3.2693310077119713,0.3859321107917445,-5.1477420203572635,1.5663354685901132,-0.8064623515882796,-1.4934044394375041,-0.7267534394533076,-2.3193205174831406,-2.054305097446721,-3.9416926770200402,3.0,0.0,3161.1819612025984,0.9141550575210236
312,-4.865984433128363,-4.363934922320811,-3.095782597168327,0.2570634909484328,-3.668605414771533,-6.596696436887748,-3.2465033164837562,-0.21857093417377632,-0.10640809757381875,0.4834994142343283,0.9719559906590534,-3.4844905749691977,-6.33633132927486,-1.790288917138032,-3.0056224549464328,-5.318332895055846,-1.6688981319348535,-3.9856888183998085,-4.315728417537127,1.2103661910450865,-3.7720815225970443,-2.80999047586048,-3.950332109813971,0.39268410860185227,-3.9798337182094095,-4.648479746755489,-7.798880883469983,-6.316404072355613,-1.9971798629422284,-1.8714072850832748,-6.3687209990199545,1.4779462863921418,-4.393106039046436,-4.0231415321390305,-4.388475486529652,0.2404489860397997,-4.9281428657181685,-5.943216044044419,-1.918471400649436,-2.8357154652345486,-3.525913157006138,0.12121366266836153,-4.956025789295277,1.5142498591940816,-0.8950756355189524,-1.3426903041486427,-0.4929508264535133,-1.8828627553144257,-1.9720992533610262,-3.8799343587740043,3.0,0.0,3085.9279021411203,0.9546540187891692
313,-4.553632555740639,-3.8872749804541815,-2.3117120318524274,0.22414532442727755,-3.837797592271824,-6.58346531393403,-2.868891901576373,-0.17506304374750709,-0.7943313948620063,1.1313853127327202,1.0301336945786086,-3.8262811365603713,-6.65696948827201,-1.9863093489117682,-2.9876780387655826,-5.133274867532385,-1.5309481433445444,-3.671242002695369,-4.767710611033536,1.706015532700955,-2.8630976470953184,-2.880709898871563,-4.236301193279329,0.5172044553485682,-3.5808640824970213,-4.34339734257669,-6.530690056178688,-5.812854396199714,-2.786157909736855,-2.326366615936209,-6.351115022026888,1.9978495131920364,-4.984686915755385,-4.418817517582981,-4.433889078374914,1.4590927916626066,-5.2773187171204485,-5.769703603211605,-1.362322468186001,-2.788515351010731,-2.5198244899426143,0.5793718548175794,-5.165659495314303,0.5228394624328987,-0.495579128478424,-0.9992510256286345,-0.05191701210382682,-2.2019494101510304,-2.446567984224018,-5.128423502845505,3.0,0.0,2997.0139017767706,0.9346425789110078
314,-4.242382956099867,-3.4674051273582,-2.7477553064098528,0.25855929601352445,-3.7790488901167745,-6.111561697927801,-2.554040981242032,-0.887520843048164,-0.8266215828321539,0.4600524962723776,0.7225905961572949,-4.019054305071907,-6.720098734260066,-1.8317377300368731,-2.6772009686963902,-4.571107543403762,-1.128630510532388,-4.586450843779858,-4.806354675298141,1.5861671726188928,-2.503528992378554,-3.023529465903179,-4.123537333911344,0.5336026027438032,-3.9371606139159097,-4.294420464450686,-6.034541161979167,-5.785324542440519,-1.6815849939668635,-2.202399797520246,-6.252566537034478,2.7712618517163263,-5.387990857944821,-4.322266843514694,-4.503563673273795,1.0511640504343471,-5.396807517319465,-5.764505005524432,-2.7472726769641977,-2.6666761455520382,-3.057243374777579,0.2578836140728312,-5.161171676492571,1.107571504257848,-0.9084818646831295,-1.5092934316531226,-0.07220188010333373,-2.0002659960838898,-1.137849977017955,-4.583456511437046,3.0,0.0,2861.7477956018092,0.8052315892612812
315,-4.7309432817608315,-4.328481928873637,-2.9378014824111194,-0.04656987069566537,-3.5034762541003803,-6.651966121346531,-2.8473514732565754,-1.0646851708059741,-0.9612015504043536,0.6346831854515189,0.9692964606369043,-3.411025067429323,-6.404104691376576,-2.4565398003467083,-3.451245370496785,-4.641134322011254,-1.5209275709638699,-4.34967396495348,-4.9405706349890215,1.5526261469159635,-2.8276003102420937,-2.332519229632681,-4.162079293069197,0.30354347552874944,-3.8172832030329755,-3.982967196595956,-6.3380409204229835,-5.883182803328291,-2.2503494053762942,-2.6523618284100605,-6.262896431462449,2.0067930808260916,-5.635640929740841,-3.545500559841939,-4.663513186162367,0.8863170335219192,-6.2621536276121175,-6.9523449989853745,-2.118624838224009,-2.498023636853821,-2.4684737753844255,1.1198943678399453,-5.510502860903642,1.1228825839351664,-1.344682406377128,-1.5531700981029684,-0.06831637432798282,-2.3349313824080977,-1.5842742597429738,-4.485036442718229,3.0,0.0,3411.4154516942826,0.9718107712740284
316,-4.123270290223784,-3.724058881220788,-2.496589174374235,0.2456887840431008,-3.675362451989098,-6.410661547198795,-2.8412000965476563,-0.265248454633966,-1.1221637777854359,0.07014888035267725,0.6563898732697135,-3.9914144027412704,-6.551650285836594,-1.9311890259508675,-2.8914959618878058,-4.612698848595195,-1.093885791653927,-4.586702126020857,-4.641569445352439,2.5345386601731645,-2.33301575024164,-2.2493532098726434,-3.663380612575719,0.4192470107638843,-3.8236136295742877,-4.1906529180486825,-5.902206227020496,-5.51262877223737,-2.559754836774634,-1.7815195885613502,-5.704509584413318,1.9401783580270537,-4.074908808606583,-4.207049988125389,-4.544673746592404,0.8093163307257212,-5.6708232618946415,-5.595956447880359,-2.5870492943656282,-2.32043324191763,-3.303183395701173,0.8220781703486039,-5.731333891556382,1.7192801583759612,-1.2262131767815045,-1.0866762664116758,-0.7379027458236125,-2.0551600222897934,-1.9854604591562144,-4.279856984871911,3.0,0.0,2400.9750616956626,0.8854819217381896
317,-4.062701701070633,-3.568531818920197,-2.5890132730205457,0.9017492352314188,-3.4630117670880947,-6.136138533120837,-3.057140708161369,-0.8029640503157675,-0.9907307961872561,0.37457032522785916,0.994494890365988,-2.6772877301439704,-6.122545614355382,-1.5624122998819572,-3.2079861552419437,-4.8593697608616555,-1.7488761165513202,-4.781729807658333,-4.727751392355273,1.6613966393102828,-3.2018588306327915,-2.2760458967752184,-4.058450603398949,0.31868444208182467,-4.104988200433674,-3.862131288663726,-5.934094737724664,-6.5246943600314395,-2.689307231675517,-2.170957012850672,-6.820986256627323,2.242492760106151,-5.569749055677919,-3.897875370134965,-4.025653112788571,0.9924917503104761,-5.652842812071273,-6.45187634799393,-1.6010705525911058,-2.329039362247176,-3.1644016428489876,0.4210746027014459,-4.810716329899331,1.4950082192886063,-0.7781520014905764,-1.1948147630983381,-0.5677702983901265,-1.5181856690208966,-1.666099450557116,-4.008488779915011,3.0,0.0,2787.106454897992,0.8225956842604759
318,-4.2400917081286496,-3.9199452833850246,-3.2140116969136647,-0.2589394707095245,-3.9494498660785777,-6.513982419628592,-2.846985305365848,-0.12480818429563145,-0.4404391612838865,0.29785143875762177,0.1301147512173514,-3.261438177532328,-6.894036485664488,-2.265644830272503,-2.532132304857873,-4.689693796163252,-2.332027234742706,-4.721723095532715,-4.733373507970457,1.3154311840599715,-2.9112744605991487,-2.5707784884210976,-4.071539674224991,0.4393470057630827,-4.548288399673892,-4.389542640851762,-6.485721110703059,-6.4737985341314745,-2.2295690562227346,-2.2613881646875984,-6.132129796587588,1.4511766636977912,-5.490256313450809,-3.896474028304072,-4.429124156891237,0.5872044986869964,-5.397176015281492,-5.82795746805595,-2.1392737315548973,-2.9853943944173955,-3.257867944110128,0.6288453972182512,-5.4118539666509875,1.2153877524064562,-1.471476172004277,-1.2887763630914346,0.19507458623889645,-1.969798684416573,-1.701979757799793,-3.889006075598265,3.0,0.0,3117.8354808398126,0.9587070334299579
319,-4.699045505555457,-4.228231384842094,-2.2859510360035866,-0.01269465293461175,-3.536904618399481,-7.172658025892638,-4.008291840001565,-0.3137601919818512,-1.2943506555790871,1.264106020219388,0.8462144396803178,-3.2470383692377283,-6.724018330089827,-1.8762542862769853,-3.3775906498410575,-4.574469993013207,-1.809336517139803,-4.651383812577608,-4.4672555246525985,1.7925179383049168,-2.4647320983100913,-1.9617008595255716,-4.041497687511697,0.8815717509158735,-3.6148487182415083,-3.9317567121665347,-6.512067719910122,-6.06005214749633,-2.092410430296769,-2.477973957153578,-6.384621231945065,1.2704899930476956,-5.389559549733095,-4.284796302395105,-4.3385977258778565,0.46103703255280004,-5.842930765376348,-6.315034113970071,-2.3740022933311584,-2.775371648950573,-3.298817689029118,0.19773751705175774,-6.027831700672376,1.1688127730998983,-1.154702766998626,-1.5566429320566453,-0.3352500763512541,-2.145292986688854,-1.8335714947683148,-4.037637239283078,3.0,0.0,3729.211305998651,0.838427162994109
320,-4.644400469705891,-4.136121970888553,-3.0478640480764767,0.4468163431137881,-3.41906133250381,-6.724265860769993,-3.2534248933298673,-0.4144457012182061,-0.5700540514654793,0.2224767514613506,0.7403904864399189,-3.8506723171495625,-6.1717602505908395,-2.2550396203395846,-2.5480398667779562,-4.568436899740062,-1.5514923596969001,-3.638600053074703,-4.656475193612188,1.0081622295505202,-3.1607851379209104,-2.3786103553690072,-4.983077842335786,0.5172320201610927,-3.477110517931407,-4.767826467212661,-6.508627854296478,-6.216051899821294,-2.1615176886978293,-2.405637918883699,-6.410385911262159,1.801896177983281,-5.189374447857683,-3.9570298487698734,-4.672630733311827,0.6502634246985484,-4.790050126837281,-6.546483545278989,-1.9952774637039201,-3.0128642305211804,-3.2873359523782213,1.1094887536516094,-5.364384510960985,1.615601444977511,-0.9050420671589724,-1.5714303288533629,-0.05994642971700104,-2.5855484498902386,-2.3062055191797346,-4.4429341627295775,3.0,0.0,3464.940919518009,0.8330985074060046
321,-4.714963995407352,-4.501370463999901,-2.78532474161365,-0.23559386819260497,-3.461704622678032,-6.319434985677033,-2.3929052646232076,0.2042061139151407,-0.5516991882059225,0.8883959972338031,0.35285047898801186,-3.793075174492686,-6.685533092342168,-1.441391760307321,-3.361107340577122,-4.62740811759131,-0.8596533249714887,-4.547373108149981,-5.005582361236686,2.2132667293975787,-2.4654929952563647,-2.3252850646642385,-4.4337256783301475,1.0274278635488145,-4.366509203619279,-4.727168529721649,-6.0606892688524825,-5.79479731313976,-2.096475749476139,-2.0165897197579925,-6.1312866207452545,0.9018617032216373,-5.599699957026178,-4.300154874211887,-4.446943449436149,0.9193129430054757,-6.371132326350603,-5.751235041478717,-2.4024184195677556,-2.669571462867858,-3.109365575469812,0.583540515643148,-5.291080080913092,0.928270781559352,-0.6082125074572449,-1.9017384958548609,-0.5325499314815884,-2.932330671118869,-2.3949406652756724,-4.1672999636805566,3.0,0.0,3419.260124550455,0.885337945140878
322,-4.14247328405437,-3.956930979300313,-3.016435594823671,0.31929744046911557,-3.637584897583787,-7.252644716987809,-3.0788300623303395,0.584334333856102,-0.41811402461382596,0.44452101623187384,1.2772022601733772,-2.970934134934419,-6.220889187961295,-1.2842711019741275,-2.647156007332003,-5.001688334231709,-1.6202079643971494,-4.328786211437228,-5.255509852578887,2.073409679716296,-3.439812949035054,-2.4658995833698105,-4.468219602291137,-0.20460648927277936,-3.379745121941745,-3.891158082273342,-6.199193297472092,-6.702220923461633,-2.31886727244526,-2.67952754497738,-6.167894442239289,2.0808526700659495,-4.918403164596014,-3.5588057338469685,-4.378984784462305,0.2851164170586,-6.480456572304031,-6.043639993818665,-1.5529609736312437,-2.491499783168093,-2.6026340530141168,0.9679683143213049,-5.405670636392981,1.3769820789335157,-1.0151451995510452,-0.8764650066150123,0.010351494086023538,-2.5901033135503444,-2.3981387620438888,-3.937540705036253,3.0,0.0,3162.008630844895,0.9272610083165862
323,-4.477084319908033,-4.630553139992592,-2.261013536900529,-0.48586823687968694,-3.884820710882021,-5.706928107686983,-2.775729173384255,0.08231788859169731,-0.10507962266366333,-0.003144755880377881,0.6732243614258973,-4.166127240167482,-6.204493109202307,-1.759769865768312,-3.0432630216524714,-4.885706655665591,-1.1327321773456203,-4.782757848658015,-4.471663291323489,0.8927075312833683,-2.2310888313113493,-2.2888942935307877,-4.480672194382606,0.6157468462978324,-3.986627090572014,-4.797195288257753,-6.423829151252345,-6.156820902401473,-2.7826245591771013,-2.419074861643996,-6.375085163446375,2.054604334806821,-5.685001632306057,-4.247855373611735,-4.897460173692737,1.1946665594984474,-4.952284529612454,-5.909110561000114,-1.81745576349096,-3.1245921782048542,-3.335162198618369,0.4224419638527318,-5.334189606480668,1.8003939910447562,-0.4598785391247824,-0.8245865349735392,-0.3270322357213436,-3.2305780717081984,-1.9845802237967316,-4.0618162292959905,3.0,0.0,2971.829573069699,0.9819058307263383
324,-4.585801340907647,-4.656087003417566,-2.3201396380606223,0.4291329723864823,-3.6115620508825677,-6.765282188178613,-2.8111631262029495,0.7027511502272381,-1.3596291831707703,0.5692378958378277,0.1447306959891807,-3.8494221966996127,-6.730861186965967,-1.206420944319706,-3.4893145545501376,-4.53467049946258,-0.9579501867600012,-4.652491850741269,-5.015014998818502,1.8702430570045747,-3.263627887426501,-2.3063043239657093,-4.495565283582509,0.3101322088278978,-3.9403778423219986,-4.48284485845507,-6.969146935704348,-5.922844404345445,-2.7497271207800686,-2.7616058307842244,-5.643780567765406,1.9145429131576936,-5.324024437089224,-4.120352122909139,-3.7173171876830606,1.4997141781705343,-5.797477621154579,-6.490087771209714,-2.364515582876267,-3.011260499539872,-2.7876828562943783,0.992928492489791,-4.679306443841809,1.6037509099567098,-1.6175154664389995,-1.5373169635172579,-0.23391760272140336,-2.1508158910308066,-2.5997786993455527,-4.328409128807863,3.0,0.0,3534.351967789738,0.9583333176375854
325,-4.522978051536651,-3.3576825568268402,-2.638864910851632,0.4776302328708565,-3.427943657090429,-6.403744738494995,-2.769496660560947,0.10323625190678426,-1.2612234914565197,0.3293767860811087,0.8713419421927929,-3.1397663143008248,-6.2765005770705455,-1.8811448901526242,-3.118556559508795,-4.221967899315665,-2.049617820024385,-4.278134899047918,-4.956717482646548,1.963781794440707,-2.7915715231061773,-2.3333657555210676,-4.249142873289481,-0.3327368593079095,-3.3575963993403786,-4.202494259970345,-6.496553950527913,-5.135999992508154,-1.8072305925883996,-2.6150237256118607,-7.035394174830023,1.4270755875727936,-4.841862873737419,-4.298902042857102,-4.409327436599673,0.921889445068183,-6.6206057505417535,-6.25253262098702,-2.120328585389347,-2.6048893843306726,-3.1475730601872955,0.5479396873573569,-5.431542607159911,0.7402649427734914,-0.5434434478461366,-1.9358162414123676,-0.10537258607153907,-1.8499050644997501,-1.7843905592138833,-4.415678724051252,3.0,0.0,2891.829713664789,0.8965788933419442
326,-4.4825733655485545,-3.8931318680537887,-2.6955090022051644,0.09981913514532634,-3.2902383551857004,-6.554953789220666,-3.360362588859344,-0.31676123851563603,-0.7321593534964271,0.6019919815463404,0.3225321190125066,-3.3188034019504067,-6.13335356323001,-1.9875297922530728,-3.1073621150921045,-5.331348646700926,-1.7553249380409148,-4.454887648501877,-4.742660792834425,1.2428527022687268,-2.957883930859043,-2.6245738308220887,-3.093760167972672,0.16483869557897374,-3.959710154088487,-4.045116921255071,-7.345589159169655,-6.167210443382631,-2.2247806444179656,-2.734535966473757,-6.402283197312553,1.6287184141952482,-4.557933508663005,-4.655871581090112,-4.195566293874466,0.5470823166626031,-5.657649956644741,-6.035835006266996,-2.2568000964195254,-2.6797526922966655,-2.955036877073099,0.5413117606415095,-5.459466919621455,1.3396142005158111,-1.0124072089849643,-1.3538056403051901,-0.2982525346691678,-2.8930417521050726,-2.1158816400732454,-3.8845003598744197,3.0,0.0,3134.1734439900792,0.9197044740769832
327,-4.838551254541186,-4.109151794612566,-2.440624897010762,0.11343689230471452,-3.136974046702949,-7.230693782766254,-2.507561651604761,-0.3279186883391464,-1.7418434332261983,0.44300136523656664,0.489898661951245,-3.005162069298551,-6.579704669581517,-0.9755347339850609,-3.292614183723336,-4.394218112844273,-2.0994517541143467,-4.005121434832114,-4.841411598184501,2.6479499968349782,-3.3358254316997207,-2.572343402817913,-4.595105704764281,1.1695421185573633,-4.621295012304292,-5.030729107139932,-5.662079672475309,-6.032863009960553,-1.7501525469103245,-2.231519326385873,-5.8549689521153985,1.6408841328639427,-5.857468734126967,-4.185842538526153,-3.5514467395016585,-0.05904966494756292,-5.97603773718626,-6.032946506829756,-1.7150922275803775,-2.809187261997818,-2.806081408732383,1.1947130604456344,-5.752352158315263,1.2684736622792097,-1.3725640570046393,-1.799315248710755,0.6095266999204036,-1.7825793208095297,-2.0535794672756653,-4.574514831224319,3.0,0.0,3165.4011854948817,0.9586565903418373
328,-3.6699846207785054,-3.965560407693136,-2.5615724926033843,0.5487504364041282,-2.8311638278141054,-5.932932389244618,-2.401078687985478,-0.8279929744380227,-0.9450212892956288,0.2457928082798304,0.8553944595857774,-3.61831097289217,-6.899894024456933,-1.7493762926469523,-3.0517796926566394,-4.0706454863671215,-1.8629511959192395,-4.429683478773923,-4.9713844921029,1.4272883996975485,-1.7588945090002182,-2.6469611009939795,-4.330235089797879,0.11317448251428683,-3.9849575798211276,-4.971299529488123,-6.7842198319350695,-5.783584056812072,-2.2075015149944486,-2.6735958624491785,-5.674167380877693,1.6694326465154798,-6.034148684560902,-4.182049417555804,-4.692451546785652,1.241463375471358,-5.062104905266201,-6.21801492487527,-1.3856509357749944,-2.4919083185546533,-3.40907048682805,0.9242541730750407,-5.265755364863249,1.4432386434999547,-1.0752686719098012,-1.05693247520025,-0.5274321231388877,-2.0940929941512754,-2.7362288513279482,-3.9591496986799757,3.0,0.0,2791.286932048474,0.8849930126080797
329,-4.770002134786532,-3.8647978768136686,-2.364012681310218,-0.15320338339346862,-3.2214295487461495,-7.317962271964794,-3.4943132417582916,0.21383593402008583,-1.167261244319438,0.3230314099670012,0.8438944457886489,-3.5892674481377034,-6.353365354051938,-1.8135850168943777,-2.797158158632174,-4.3605437925612724,-1.6132114438086427,-4.673184475507348,-5.434240305968465,2.36216433709814,-3.3496125963385253,-2.7103223833567216,-4.005346653898567,0.4740813393534275,-3.919763814888033,-4.526830827056218,-6.263635970520268,-6.203575205203307,-2.7842832500461125,-2.9210842142864033,-5.874104727088957,1.907808310190547,-4.698699752397204,-4.151690097131186,-4.138312237718872,1.224328616604366,-5.384496254454963,-6.280563336385175,-2.1868039071100913,-2.172357732113767,-2.6877023294150466,0.8397096065527532,-5.013600355667566,0.975137006101521,-0.014328047338439065,-1.5445196095932037,0.22772333543763434,-1.6555484721510851,-1.9674583768308573,-3.632462459792015,3.0,0.0,2967.9101382959575,0.9448351901126271
330,-4.360209845933189,-3.729444013712064,-2.9439931706552636,0.5800307828003475,-3.7104614726074003,-6.847364041016222,-2.1182035754404285,-0.14820987190672252,-0.6410372322177178,0.784440193065088,0.927230955541541,-3.556515708217862,-6.231741548750925,-1.3244119644538432,-3.5840849579490857,-4.070485904620859,-1.8002751317493104,-4.61048832728018,-5.4224100853853505,1.313715797340738,-3.5631621430945644,-2.1750360036172594,-3.8163401976436364,-0.4760052972372607,-4.28776358535461,-4.03208635106705,-6.841556906059152,-6.190212219020658,-2.268113570757812,-2.4892980017758015,-5.499785353145281,2.441300655835994,-5.219400546162365,-4.085366349783405,-4.196685609177944,0.6900887656559118,-6.134311876580835,-6.71157136399223,-1.521550251755404,-2.6889978016594824,-3.751919197254212,0.07643456457463366,-4.935452019382307,1.3597640682327587,-0.6725226230930234,-1.7589057601082168,-0.790178385610711,-2.774986553960431,-1.7718570234116275,-4.409733346365269,3.0,1.0,3797.5038631402595,0.5095377938971356
331,-4.5833863404681905,-3.7090661248835284,-2.4375181897121583,-0.19450304149450026,-3.4227848423174883,-6.760392287160609,-2.8343520760034293,-0.05066016584472105,-0.3627328877959538,0.4227039213490806,0.9342927972050228,-2.729151350250803,-6.42972003362744,-1.2164639026637043,-3.3542475616883833,-4.812407601331286,-1.7495939129661722,-4.923966465126888,-4.9450168379585495,1.4625133494258884,-2.9647245225003167,-3.0046747128535247,-4.644388165316652,1.1228076474243767,-4.250765260148074,-4.27566659660305,-6.627718503833777,-5.97217700786821,-2.4640449155292132,-2.0283318232936822,-5.840870146681468,1.921801449470245,-4.953207820214692,-3.734715312209615,-4.579171680513553,0.738377064499514,-5.014793800338225,-6.442021905325841,-2.349925222897671,-2.3582307508813636,-3.6573862633185747,0.23339982899870837,-5.698733490285836,1.9394459626783718,-0.9733746452184574,-0.9741763698941546,0.021217543353379553,-2.344432194165922,-2.621826237588926,-3.5052698682673107,3.0,1.0,3745.284851304574,0.28983671522698967
332,-4.231256675881364,-3.7554634278733126,-2.7200066427070944,0.1362521945349034,-3.471030766124912,-6.731662028446086,-2.5266852303065224,-0.4521067718173643,-1.3668131249440911,0.03787206211452182,0.37681890504914484,-3.4190705654160003,-6.578470629613215,-1.58146795504973,-2.375055108658583,-4.440568177624706,-1.7653652022295492,-4.509116113107315,-4.166714552874313,1.634897336914986,-2.3307137988017077,-2.67683136170047,-5.004738925209611,0.5447384427920372,-3.8109306108506,-4.089416928312183,-7.017563884872905,-5.040926656215783,-2.357548748905036,-2.581543944311171,-6.007689481676925,1.9204384091340352,-5.118693135242385,-3.8484659842253373,-4.009834721338538,0.4003537759042286,-5.932404504276999,-5.701515892823518,-2.0140777383582336,-2.356713359722609,-3.382629217078607,0.7000945719648459,-5.424326396371717,1.0122637890307131,-0.7472560552691909,-1.9014357466783303,-0.262346278010884,-1.8280391406394343,-1.804886360262889,-4.498812250101721,3.0,1.0,3695.6356808499536,0.01165963959281795
333,-4.6304929337131755,-4.431509247448276,-2.5185025079920527,0.1941877290182313,-3.301147510498556,-6.9104910020018,-2.703140277679001,0.019083337816747592,-1.2018794455018742,0.5623288885112235,0.8379143941865892,-3.612700617044148,-6.440848271968914,-1.7060029005354584,-2.881385090004587,-4.031508737934654,-1.7456437284675508,-4.7431616633911,-5.595941146621436,1.6537119513835346,-2.7213733448968296,-2.808492034300989,-4.857506064278179,-0.23134686853949105,-3.7820855888292106,-4.657687244514495,-6.819898219055814,-5.847109641253198,-2.2457310814881764,-3.3598202280207214,-5.878522194908625,1.8654930864004502,-5.121167059525117,-3.783257788940745,-4.225616018283514,0.628435725798058,-5.6507465093983145,-6.182877220466077,-1.790574113421009,-2.851028236652069,-3.3298048162001175,0.5494953072297258,-5.389203230203184,0.87633392713754,-0.5191825826987596,-1.4511787294543295,0.08656911774784848,-2.5960597547855206,-3.001866620720305,-4.855809124926122,3.0,1.0,4287.4791792363485,0.43358791276647635
334,-4.557006282905269,-4.219582303564734,-2.4407264999957925,-0.20730112572254972,-3.5833021700743113,-6.104682431365718,-3.2802287252473916,0.14561657588497673,-1.1771001935131602,0.4676240300120108,0.7409946695453987,-3.7108261784467387,-5.89973840607149,-1.2352073224446678,-3.398070426111666,-4.782309729222048,-1.7721325853510808,-4.753827736687883,-4.820541512367265,1.1436045733636249,-3.1234865408799743,-2.8886697955260323,-3.597587640484404,0.47500709437865873,-3.987022659042751,-3.9891977341503684,-6.206690183400818,-6.2728725352909835,-1.968912275531275,-3.016533412121817,-6.414045500188074,1.337092850281726,-5.442366597290157,-4.295190467957178,-4.319602625747699,0.6928529166615955,-5.457365236682131,-6.4753269053280835,-1.9820003180071504,-2.570997488330439,-3.466145447051154,0.11904994961487647,-5.379965276117548,1.0747530467272164,-1.3814011432769921,-1.2929683129366702,0.38876248872652364,-1.9046775934218183,-2.5739586403108006,-4.513287640756858,3.0,1.0,3828.922980755036,0.2545243848926306
335,-4.571699465463767,-4.607036877833305,-2.792892123311275,0.8480908963742875,-3.4616688499443544,-6.89150013831861,-3.3448317125979745,-0.07028439545981169,-0.08749352020126178,0.9108390486846412,0.7432452926472572,-3.968630247961917,-6.177164124397203,-2.0993703693170005,-3.9242339572459497,-5.065026536033217,-1.6512811816259176,-4.59514764815819,-4.59312143248722,1.6997787100922426,-2.791718005617173,-2.8702064870980526,-4.192322059620423,-0.237176087153612,-3.774078925233248,-4.245796922825327,-6.865398901578042,-6.255407301252511,-2.1706109876697495,-2.6423551320937464,-6.332139735695815,1.7705550717840979,-4.647394495204099,-4.245444756008404,-3.9211397772430443,0.9847308760142804,-5.576673304297616,-6.19236020832796,-2.5172636870007574,-2.115470244311908,-3.936631981391023,0.5428756216860982,-5.226721641449164,1.2023888764522555,-0.5550132153026067,-1.713246359590767,-0.7106209370514609,-2.4977725079723543,-2.686713097454518,-4.660604433605771,3.0,1.0,4881.547391331647,0.11599227773320094
336,-4.854882005848275,-3.6928772444645115,-2.7507122914621043,0.04149495777915305,-3.3230170713313996,-7.261827535947786,-2.908617732116898,0.5749278688595142,-0.8172327034378339,0.08798606658137331,0.6215928454554348,-3.3257755248487064,-6.171649331295497,-1.8712513769826211,-2.958136912991971,-4.748283061457386,-1.580174334226641,-4.045993296602704,-5.3739765477027746,2.1476944448962807,-2.7136288612703305,-2.5305514338581867,-4.219542662795651,0.42677608341156714,-3.4815372391183526,-4.435757924026559,-6.664523604978139,-6.016101974830298,-2.1252807253581594,-2.710966496868938,-5.816642239854082,2.0714587914339546,-4.114435971336384,-4.03076310661797,-4.475009820863477,0.4031721587723731,-5.404575954359884,-6.016615651273674,-2.1328910926664912,-2.4927239556095,-3.174964427033443,0.7995172252531616,-4.998975592889151,1.0629646139926456,-0.8798109869580814,-1.5241084253756654,-0.16839895832717755,-2.3519074023313413,-2.03049676991654,-3.930662567904933,3.0,1.0,3205.375994275587,0.43911355782366246
337,-4.604301154263578,-3.5877227198461585,-1.9729375077143956,0.6254956142377617,-3.632784431690439,-6.793632809762203,-3.1002430427779935,-0.17223315121018037,-0.9795329836307659,0.5270171202353934,0.7199321562382417,-3.6547416575145366,-5.978962066278015,-1.978696768149335,-3.058597815812648,-4.598697601660436,-1.7319116611794345,-4.724245577265898,-4.678237942329716,1.5426435564378256,-2.6182147033738516,-2.471124014815998,-4.820878127138372,0.34925946153221216,-4.144975145417391,-4.584052909844238,-6.693016798183178,-6.160003541115987,-1.959880161222821,-2.5331813238656844,-5.9132128050768715,2.0737299934185445,-4.96621262498238,-4.16803860083799,-4.53431699910498,1.101323835319218,-5.036748072018911,-6.518859593825373,-1.9337397847527955,-3.0316648281060923,-3.040518111764316,0.2754011225098846,-5.997175759443943,0.9729081287181152,-0.7359284263774026,-1.0442525279153392,0.15380324839435,-2.158940260095114,-2.3870471887601785,-4.438689749739879,3.0,1.0,4169.445203071347,0.14998501851252694
338,-4.57643895943507,-3.927522402088474,-2.839026784364721,0.4768616402425274,-3.4677823877991667,-6.64769337520386,-3.4809816350989164,0.17253273113813683,-0.16127464670104663,1.023798272299965,0.4656244056362945,-3.6713308177181836,-7.167233169956965,-1.8735328764211068,-2.8451473861442027,-5.29619189744375,-1.5782415240105356,-4.119282853481501,-5.123300844559404,1.6069995305189977,-2.8383802213123435,-2.436215405369264,-4.124617146417368,0.18403124625921752,-3.3963018260312525,-4.769283367109407,-6.578123261314182,-5.586117938341007,-1.7907467234408934,-2.310569541107532,-6.565614159675173,1.2070906022912977,-5.140464424862601,-4.4175737005586155,-4.2297918044667595,0.9386926599598338,-5.568805110455623,-6.277210632071244,-1.5392674055240458,-2.6122175467082136,-3.257930923588695,0.4958699208681411,-5.374904053464549,0.9444727379073006,-0.2053652652393394,-2.55472698561207,-0.4804061211393944,-2.4004970037562203,-1.7496100572767215,-4.511095440609538,3.0,1.0,4109.545592643573,0.31918518097272774
339,-4.513158673780814,-3.6238407243367616,-3.349413267634106,0.31829052977016276,-3.92359157074586,-6.749873757651393,-2.601675295179398,-0.034368116825939904,-0.7162066810812809,0.8510596303327094,0.3570935719768247,-3.3787306207934327,-6.243099716704809,-2.226231519167385,-3.3302984910260367,-5.163142733500402,-2.1696360817827074,-5.419608256971559,-4.637206319819481,1.9972602738284844,-3.089329607983929,-3.23885417884516,-4.518830389022497,0.15043602264388878,-2.9950366097625865,-4.7418452624281295,-6.522551525153319,-5.052448646917884,-2.8221701685070126,-2.742128201182286,-6.403202653845996,1.9863367393024536,-5.256366470765088,-4.808035894832914,-4.442003886703438,1.1772020387125344,-5.125993397910597,-5.747224235472252,-1.9886745041018508,-2.6864948433078215,-3.60667947622733,1.1490102734077512,-5.188672354702647,0.9396895485940937,-0.6501170585803939,-1.4147829851186338,-0.6161114243465992,-2.1599676355562107,-2.6072383464240283,-4.107267414785369,3.0,1.0,4285.5926002913575,0.19203056520327186
340,-4.374353879124009,-4.5316858883360815,-2.756836169984076,-0.4822382243773353,-3.372378368199249,-6.27978313499964,-3.828177919842205,-0.13394049720105422,-0.556797162473283,1.300660772148292,1.3206905884946867,-3.098992809017163,-6.525556438555045,-1.9755807348109724,-2.8615568429561327,-4.259941515686534,-1.5153454312727344,-4.524280184644762,-5.058933372978305,1.7167847291418667,-3.2118406637844488,-2.386128418541871,-4.390279812838158,-0.30080098600570593,-3.7096828003194426,-4.027926681068741,-6.717963155328185,-6.897761569865335,-1.6673046506382474,-2.3143224312379678,-6.2718298514838615,1.7718107424789382,-5.155767238404814,-4.161791312572869,-4.023593276645357,1.121766877463347,-6.034673189162922,-5.535288510911286,-1.7296000622628354,-2.734189402092971,-3.259273933363748,0.47972278496886284,-5.021546604616974,0.9839537473567,-0.5060905212438968,-0.9137239211155874,0.22094366578545532,-2.321138471122208,-2.369402115961263,-3.7255946430761036,3.0,1.0,4160.40932895757,0.029323882218866705
341,-4.08826792638597,-4.58637820218372,-3.151073291910258,0.7636893948173281,-3.0892817277285687,-7.028306733865179,-2.8864386986903203,0.27107308689070536,-0.42197454901083065,0.8690250267456905,0.1905871751916401,-3.5728426305339425,-6.669161852912808,-1.6760105962912246,-3.199171674184426,-4.795288020302151,-1.884872210163567,-4.355914580532537,-5.10804687046368,1.719660271551211,-2.9165700778707553,-2.009070630535775,-4.516882411310114,0.3395112635839279,-3.9048920267213205,-3.8661251911718852,-6.820263570459797,-6.02749384227259,-1.9266159871530468,-2.3757766589328635,-6.5725709876670795,1.4445395538177597,-5.695880696994255,-4.135111702711196,-4.202632805671077,0.6335082950342477,-5.965729465662686,-6.306127816760494,-1.6789567689612945,-2.4254260647599777,-3.75040472638476,0.7439110514252982,-5.4315535389791005,1.914495455680057,-1.7944302523137274,-0.9592235196096726,-0.2642000982489612,-2.2911919935285567,-1.893551740230602,-3.7695623242931213,3.0,1.0,4203.596117916695,0.4548358057271713
342,-4.862116419482241,-3.9616110727993386,-2.7554758331174183,-0.07686173984873163,-3.77716948760735,-6.417503032824806,-3.1293840735866967,-0.23817098314778298,-0.9599711625478343,0.9471278200073294,0.9034550066612694,-4.147873558389321,-6.789473114656197,-1.9850580034834298,-3.0175219775974056,-4.617505188647385,-1.718688972146093,-4.19880183652635,-4.948668811408799,1.7836240294991639,-3.3933652461775083,-2.8524919651008984,-4.824882438730834,0.875137150847812,-3.9157537259938096,-4.1685300217024075,-5.590784396115999,-5.316395843521443,-2.0957385984288104,-2.5178663324350175,-6.215641953478585,2.0832017214570593,-5.1850167507718785,-4.008668590539845,-4.764840963860133,0.7852825916641788,-5.75995481392646,-6.541377250967927,-2.174009850223286,-2.5429096860737967,-2.9347582440037736,0.5358225256235185,-6.0345477318213785,0.9082958738262183,-0.34348832517613226,-1.5493924151861862,-0.34428290822346025,-1.9261929030029483,-2.3284846222515077,-3.938504521497955,3.0,1.0,3649.49472478792,0.738211839243712
343,-4.010872669538769,-4.102810852880622,-2.809148742919935,0.23898084098449457,-3.692637752668053,-6.49619278556428,-2.282414155371563,-1.5308539777048846,-0.8394552289733226,0.03499105169153638,0.5873576095439474,-3.879587930002366,-7.200040473976949,-2.2586211347535228,-3.3291010771617793,-3.9730435535610216,-2.2560967126544247,-4.2193762645101005,-5.333410619764208,0.8350731150491535,-2.949705131049059,-2.238450590192178,-4.36747678521125,0.5445334119023131,-3.4150778309018848,-4.335185382365074,-6.376966334707159,-6.044168688839187,-2.82657165314649,-2.2041742087888836,-6.484260733152068,1.680266012487424,-4.843596763709595,-4.222701626709661,-3.4318269209704653,0.968807302482718,-5.554049039243054,-5.91831198864894,-2.06404428617156,-2.9032268216679724,-3.057824487962815,-0.16746075833593654,-5.519225353057519,1.293682093580406,-0.9494672668077615,-1.403343584070283,0.07343402736287591,-1.8848078316291628,-2.64871056457536,-4.199170531878962,3.0,1.0,3791.2407918935182,0.1432440846519758
344,-4.183042893429188,-4.0040341111879965,-2.8529249545608923,0.37441765801311216,-3.39282254065795,-6.30628196026914,-3.3243372341957285,-0.47247418063176827,-0.09514754554931382,0.6389298901106446,0.6754116810756312,-4.345635349330715,-6.8239184838127604,-1.7548911192872763,-2.9496275100064326,-4.184835387348537,-1.4794952314013647,-4.514158890052896,-5.353453107498865,1.471090922571724,-2.5876034180196985,-1.709025568619008,-3.5985338543657943,0.7504835285536919,-3.8811324648990033,-4.098800021742437,-6.495466791755088,-5.909327282691745,-1.9500410752466983,-2.3779267669427973,-6.026502401438722,2.350796173129857,-4.667195075543043,-4.449506194275169,-4.278368338314935,0.9148762341746363,-5.656718133387985,-6.3064351521677,-1.9903314456884613,-2.280828777298696,-2.8811063911416737,0.5737957856212981,-5.290256868760736,1.4128025682862384,-0.8676332096292467,-1.3799277541311556,-0.48271822161045574,-3.1291290088166703,-2.507377178516941,-4.275334593256565,3.0,1.0,3323.134167649284,0.5624621346145385
345,-4.319081287737524,-3.7524687620933537,-2.632947074699944,0.11944412729535875,-3.7698422054088194,-6.8400531198568055,-3.1025002508365,-0.4572979302023118,0.1962861453478394,0.8138920261507716,0.5840659050332223,-3.0636241227198138,-6.260341682705468,-1.2280444358228246,-3.4327318384641865,-4.516727450660443,-1.6750233542723,-4.72837505679812,-4.866093851903956,1.522214338984615,-3.0196357726823813,-2.479705795790781,-4.1656334815229545,0.6238183550806037,-4.150918743427966,-5.295781479672703,-6.8775938483938805,-5.816115473313709,-1.8740529888453847,-1.9738631792020072,-6.333747606242332,2.0663671132300703,-5.056694060555617,-4.106907143693678,-4.551944333145099,1.0023612941871936,-5.54981828183174,-6.220872804553887,-2.2108809868084887,-2.3619219678616656,-2.894063412578817,0.7384322133061509,-4.609533206059249,1.4235737494001137,-0.8912885475928488,-1.2857319832606902,-0.3889533317458857,-1.9753567860336818,-2.3784192554191836,-5.223869307087889,3.0,1.0,3672.819391024513,0.5760102360456112
346,-4.736001930411102,-4.2476527351100435,-2.3274131930301,0.6895351007768208,-4.007385008266733,-6.510926736933025,-3.16968164721827,-0.38215723401463964,-0.7102870648533425,0.3124301570215082,0.8122116786534348,-3.673701782824072,-6.711730137161094,-2.0762663956183607,-3.108944620023001,-4.061582894684047,-1.6575905117541363,-4.176945568620344,-4.7942761726659215,2.4889498085518453,-2.8662210964034727,-2.2574091222060386,-4.132592875242255,0.2916235631714992,-4.162109771991124,-4.317681330410861,-6.2806128658896565,-6.298575539694096,-2.4636397944900668,-2.76989982950239,-5.87185615574426,1.847568626810763,-5.423924302214132,-4.18543464503581,-4.543131978655018,0.2186438276059327,-5.080854562232367,-6.74952599480976,-1.7433030851664666,-2.964056778586512,-2.9877733744178334,0.28081171736818666,-5.692241968937254,1.9533885564906985,-0.6213454588240226,-1.3493351152051034,-0.21139143394696683,-2.444490731125079,-2.2217339195212813,-4.815386699689205,3.0,1.0,4897.409352097488,0.024851214888069784
347,-4.468696484585678,-4.417295199126918,-2.2019997235505744,0.7147862498125409,-4.038043651735524,-6.917459974861405,-2.9058543601790774,-0.6851623093646405,-0.9015850941537191,0.707379514939463,0.495583149972679,-2.897590166921955,-6.338718342756951,-1.9943414789151124,-4.069842482903338,-4.078843361634507,-1.699552566019977,-4.375445518482724,-5.337783083393335,2.004535493019187,-2.7771804171982555,-2.4627358726411277,-4.829745223079411,-0.8097239693823521,-3.2826367365438447,-3.8980399338584744,-7.144824376291976,-6.555763876277183,-2.256982774539974,-2.541117734906746,-5.990270152909425,1.7960847649114635,-4.378499572767021,-4.649409987793767,-4.891576405943713,1.1701496738612935,-5.353460575641979,-6.343406946368087,-2.201070226809322,-2.941659792537557,-3.6532316517301338,0.48151170276409183,-5.492170537887595,1.1789576702241484,-1.0335783026283654,-1.339129541643936,0.3148574977007509,-2.6231111378786487,-1.9852881247827066,-4.322236646466905,3.0,1.0,4278.43654609481,0.46626024547101025
348,-4.456245996023866,-4.097804694983615,-2.5553332176497583,0.009230515982925541,-3.5793709572677965,-6.76422407793182,-3.1557352171339623,-0.5012864528175165,-1.1506050599767608,0.9837511846441166,0.9128980559088699,-4.2094521888520955,-6.342787709070694,-2.0508367091491677,-2.682108368035091,-4.8698851254109154,-1.914514149380379,-4.536345782314807,-5.535232271142135,2.151908995559316,-3.2490424988316255,-2.725857839275612,-4.119673768461985,0.7257944647141223,-4.117553295892385,-4.0678829321977314,-6.477483188676562,-6.218482898535739,-2.1410409287585397,-1.517013592055044,-6.581166691664838,1.9132652738810723,-4.733016072612039,-3.9503203610185933,-4.360553677801082,1.102678148476786,-5.775972981243471,-7.639076152694101,-2.1310431254492697,-2.693869522265499,-3.7939772386791883,1.4564821659959528,-5.386856121556667,0.7220838822777211,-0.8078736113087458,-2.1577216043309817,-0.020913305009043898,-2.5224153046110485,-2.42715297075409,-4.262810663826498,3.0,1.0,4739.091909029938,0.5581420764169864
349,-4.691143423113612,-3.988116261149979,-2.5476999716149122,0.5476887205114926,-4.001326183527356,-6.987870296089315,-2.573830979833285,0.20868210126139353,-0.8528863715827948,1.044039396449953,0.3522076010054191,-3.124823625653713,-6.520405734671015,-2.106288513469264,-3.085445317395137,-5.269814012178331,-1.7717651871987061,-4.648648701227214,-4.608121029647892,1.8859389065474703,-2.656164870342074,-3.1359701371192132,-4.254599051687563,-0.06773285689021269,-3.6994170306062895,-4.399134944242851,-7.301470064765378,-6.6502647604253875,-2.2159424147438243,-2.4756288406256886,-5.599243690387711,2.5236425943482894,-5.6191144283909065,-4.525833717827258,-4.4707327768849145,0.7214399508392577,-5.333729243611681,-5.8924394898033965,-2.187455048646158,-3.1161339301005304,-2.9870989722224772,1.1446998220852476,-4.817935111300201,1.217119063709205,-1.4983750944538254,-0.4062675477014811,0.09179059743646323,-2.4656118228511885,-2.052223491368522,-3.8698572613148743,3.0,1.0,3888.2369206295048,0.7278827742521692
350,-3.7740698738016984,-4.19103246748202,-2.5356031865872923,0.4625476664991725,-3.114936017119387,-6.5602129351115845,-2.8692430895932253,-0.6161396640542397,-1.1597700865254552,0.4495642846143654,0.5866092825208908,-3.309105386726261,-6.500076569918305,-1.8045674095901054,-3.9211710171041068,-4.640944580388841,-1.8122392006504378,-4.086678605809058,-5.36296191866963,2.233413414941352,-2.823269083031756,-1.7097448334815994,-4.393255670577281,0.1900026051285239,-4.002650233024384,-4.257713865151438,-6.666657326228234,-5.945831515672871,-2.0339838625015365,-2.215020693182287,-5.73193252710793,2.1058827384454535,-5.166302477923873,-4.771452773444012,-4.8778281955601965,1.4646429376129675,-5.317108295237442,-6.016597032280929,-1.993174704429388,-2.7245092995009492,-2.4106023792381945,0.5494984286798185,-5.879016300541044,0.9200554392486215,-0.6076351462232664,-2.1051507113199293,0.25506775771114976,-1.573825624252556,-2.607726340207635,-4.229048972064481,3.0,1.0,3302.760410109668,0.7733583945704599
351,-4.111184684765417,-4.329775442590004,-3.060012131318227,-0.7695921412481721,-3.090695267031596,-6.917856492927323,-2.767700599008598,-0.49669693976211604,-1.0137669116627395,0.7058186403839594,0.6539083114166497,-3.6244484235392656,-6.398453525024856,-1.7641460928199775,-3.5887515775828334,-5.146945074233456,-1.8445247174498198,-3.934304034830244,-4.335752512076967,1.9652651448073448,-2.410171546522754,-1.957231686061825,-4.6638295164574375,0.6395182614237043,-3.5389435590876257,-4.455986579211531,-6.479724507000645,-5.168035488322696,-2.9319383069034997,-2.4906140546163935,-5.916139389848933,1.410331993130951,-5.142189809202011,-4.265047357511222,-4.189846452439145,1.5023216550223433,-5.400691408257004,-6.20920303726264,-2.475423291235857,-2.771335235564027,-3.1468234116635476,-0.41183739261791075,-5.50443633745284,0.7551878133106137,-0.32846577423813494,-0.8251850650280147,0.6842271172196154,-1.6283877107526532,-2.3828180855394243,-4.52979992090343,3.0,1.0,3124.4102645729035,0.6685836254880497
352,-4.269843689008405,-3.9144656884676983,-2.1627039260408845,0.5752151435476305,-3.4102183232596377,-6.124484909567182,-2.4313606765737883,-0.412508059425155,-0.9800634999565918,1.0072737560834395,0.73357361720776,-3.339344254025889,-6.2938140419831,-2.243030940520359,-3.290262163751205,-4.398031850129028,-1.7547628900356065,-4.630117638302925,-5.3688036988705345,1.461864334575159,-2.9588711622751442,-1.8796693303015095,-4.325107694376078,0.2420946553794246,-4.26814051470592,-4.559215926485599,-6.778666404997757,-5.7759214431149415,-3.1349895603740285,-2.981452964074225,-6.309649609861045,1.5158347736983706,-4.761955097518972,-4.24194836329478,-3.9764537732027865,0.7067887442590246,-5.5039242463926605,-6.51304008787751,-1.966915985616797,-2.2192524252984054,-2.5514837440242384,0.2646454814939883,-5.3532354730717895,1.5858766359057535,-1.1802737319593817,-1.3255525036026128,0.46701737968481905,-2.296750604838447,-2.3781399081368564,-4.641528573987631,3.0,1.0,3257.8595424862506,0.7608970956900588
353,-3.9019624168845572,-3.998055870717171,-2.965539810855024,-0.2778851317550898,-3.4015589356200366,-6.199471463527667,-3.1149728736696365,0.39682244679131684,-0.5214096133212134,1.2687970275965639,0.12493329691187016,-3.33552000655537,-6.5562992410958785,-1.6824828333959259,-2.3241582159822887,-4.454987161334225,-1.6022918470170466,-4.430920523722165,-5.181043370500774,1.726396739224393,-2.3481374293788084,-2.429599857576521,-4.44729093986395,0.842582941566583,-3.7221395473678527,-4.529537713215161,-6.891233560603663,-6.377691966101365,-1.2606592779786774,-2.24736611560089,-6.34132358619186,2.0043141873432986,-4.520846059522734,-4.847210288337801,-4.108757870430321,1.359921654345442,-5.874487676137743,-6.766333656778682,-1.7660580099141816,-2.175220346605955,-3.391891797620504,0.8419477685857627,-5.450457174380007,1.744932069848845,-0.7330686024584403,-1.4115581809845377,-0.44360095975910285,-2.547060287807651,-2.4047459532625797,-3.9836211327374036,3.0,1.0,3704.7938686442258,0.4050604234056402
354,-4.163165381314877,-4.32597575719185,-2.175388708658254,0.1900423940917686,-3.4582900600377338,-6.296202042276828,-3.602116984277691,-0.66849650788033,-0.6583428326212648,-0.06410051042436549,0.020824777182096077,-3.0765565603953973,-6.586134742545208,-2.220986688430238,-3.3933706122990874,-4.826669846735449,-1.7514111915819852,-4.4598792990665865,-4.833538472773604,1.5943167912173435,-3.037410307649539,-1.8188536132059423,-4.543342161587943,0.7449498785520196,-4.992557620489262,-4.307667593237637,-6.410445112346895,-6.019507137212014,-2.2590914377079225,-2.9304235225628723,-6.051681170987661,2.200781993206233,-4.770902591842424,-4.708744807822269,-4.334060673735313,1.7383203010636392,-5.649216143363842,-6.276718000023558,-1.5046282891668818,-2.5420170662271655,-3.013790702625303,0.10851072137647455,-5.161783954072518,1.2698448354642629,-0.6155068089487913,-1.3059210145774527,-0.00163477756871247,-1.7501940037603583,-2.309695171480021,-3.8826144062173,3.0,1.0,3974.7042946096904,0.15559870538423662
355,-4.118960724169187,-3.934479726158978,-2.7339665233290615,0.4857843981027215,-3.716973946127065,-6.394044582597222,-2.2810282728771027,-0.3203172183468594,-1.4738726890157554,0.12874335680934446,0.9509474986250159,-3.7075981798337576,-6.772577349402004,-1.1218348162403786,-3.3561435623715967,-4.521096581333972,-1.625867270231888,-4.205990765884201,-4.710203762035044,0.9551621376406922,-2.8436678296602276,-2.095801645063592,-4.653358918832976,0.37936295556751853,-4.73143721044848,-3.942242195610996,-6.564539162778887,-6.852318626708117,-2.2694658446711884,-2.6076633076452125,-6.120315506322654,2.04139622263312,-5.968174445038521,-4.378576630933451,-4.09663930795399,0.7381036786659725,-5.295300559517281,-6.170424357959946,-3.1999381362809087,-2.4139347122921633,-3.4809419020170327,0.2673118578765061,-5.360782936897818,1.060197503094682,-0.5970190536672427,-0.6444323489206867,0.03500969280158578,-2.010494448603409,-2.353555406165337,-4.345724237424136,3.0,1.0,4551.338262826237,0.05571580305505917
356,-4.60327243711623,-4.035923746340369,-2.3163772866702916,0.7926559154481468,-3.364357499532851,-6.87258676606552,-2.225779903334202,-0.3650407190882383,-0.5020872660528185,0.6188801960531717,0.23338598852600573,-4.437781031727832,-6.3584661713708925,-1.7915168267313997,-2.805647381361253,-4.220224028334248,-1.4194788705667876,-4.616966782808997,-4.361958032832835,1.900487782570649,-3.2645005590344427,-2.2974526228039416,-5.103713450653374,0.6526788888019587,-3.155743250545499,-3.957629171299266,-6.249061036659993,-6.16887500197434,-2.585495296956136,-3.041232468417541,-5.547958230807783,1.8851380232687254,-5.174292149627346,-3.7627851962866203,-4.288447370566894,1.1778916219901068,-6.024151674551776,-6.37159527633433,-2.1299349970676875,-2.4855504105753163,-2.4407520346134675,1.6318791717476266,-4.91302040594649,1.2962129698048934,-0.9923117013097544,-0.9969817515934062,0.19946510969352116,-2.628561485204632,-2.529236794794619,-4.124478867597567,3.0,1.0,3107.088355458421,0.7406365363182519
357,-4.066346841803884,-3.9167216477248954,-2.7651010039798796,0.01060216212995646,-3.6753970634413355,-7.080140180221987,-3.024863097950268,-0.04268755870813615,-0.4932240092749688,0.5114583383027443,1.3021763742935952,-3.5933970018749024,-6.47192429889745,-1.658731112599014,-2.845469971775485,-5.102647097055924,-1.8636741289085617,-4.575657958968409,-4.972940409786732,2.081433420790963,-3.0579434460032724,-2.9679612993339193,-3.8139953676668603,0.7423096056685787,-3.911412264919942,-4.576392160215372,-6.808432838478867,-6.280820716958855,-2.8982453745158483,-1.8952418531168282,-5.545862996419786,1.6461685786622209,-5.44508879031517,-4.881128334227611,-4.78558786038371,0.4142884742677556,-5.7863499138812715,-6.214566245692399,-2.015600241076327,-2.3437760028515378,-3.1785536687524103,0.05406854030300168,-5.451251288273035,1.2955772751793933,-0.5950765402156399,-1.9878796882069778,-0.10918459586724344,-2.5671703512908226,-2.3330426483278,-4.583949044473927,3.0,1.0,4599.626341116036,0.3130611847140714
358,-4.1593499516417545,-4.355014752006861,-3.0992053464195157,0.42885288337837724,-3.976509317564122,-6.742098690148271,-2.890561930020264,-0.5392875694828823,-0.36902495183430484,0.5800192795579061,0.9258648074190083,-3.5388864185560465,-5.814971296111425,-1.9990687557560833,-3.395355638956472,-4.510251401750808,-1.9888090033303614,-3.918680668914992,-5.158077795628701,2.409734492887267,-2.983908860298104,-2.3745603839322116,-3.826478007314725,-0.031720990988439834,-3.5051400589299253,-5.24335194704345,-7.165723058431133,-6.100372274610673,-1.8965962401599448,-2.6153369978441185,-5.9029299916149345,1.8249911357423951,-5.203086481270404,-4.277616653528788,-4.009495924693457,0.9116706492931347,-5.43156281951473,-6.42216474940711,-1.9897755833511692,-3.0307618630098045,-2.701217058788793,0.4919112161150088,-6.725532601548062,1.1715595077405068,-0.9245989253127345,-1.8002553261816976,0.15477338047811312,-2.0301798209439994,-2.590376918469452,-4.497117650012964,3.0,1.0,4409.5062689218,0.32653658268656865
359,-3.898772654946231,-3.9257606794973476,-3.1466799396635254,0.4418145267871495,-3.2169700051306367,-6.493278653968555,-3.376248144233343,-0.41660501139869255,-0.5395042873703666,1.0788241409274506,0.6166197117925212,-3.157448101679967,-6.8006301676681655,-1.689692711177899,-3.2973837621066404,-4.5518970332769575,-1.525214017090117,-4.364439909898176,-4.579660623156532,1.8012283565641312,-3.1694935611935158,-1.6570105333510354,-4.026896783686433,0.4150687106827105,-4.379317421100532,-4.647521129934546,-6.721801658283261,-6.175774511127835,-2.2705647431220206,-2.928107028670956,-6.259917918563563,2.390126952568713,-5.16476513993007,-4.469051392972225,-4.471945608310118,0.9114817501812283,-5.589147405922663,-6.200469835664912,-3.0110562107462804,-3.063050646336242,-3.081057554059077,0.20133487005333806,-5.827904242292014,1.3923289840212567,-0.8420166031245763,-1.2076488369883258,-0.7186576964944829,-2.460343017540212,-2.360532962430086,-4.300223837016114,3.0,1.0,4628.895385825779,0.13672404056542914
360,-4.834680336885433,-4.140243722307888,-3.028220697088012,0.8176680042113349,-3.980498751068099,-6.750247423978571,-2.603127279314301,-0.32762416336218886,-0.501642140150351,0.23369894469957292,0.9672485441543239,-4.523400594618374,-6.475392493031915,-1.0219555599797816,-2.788117056342327,-4.000136825903149,-1.4839534402395225,-4.940471567167197,-4.1530445408088275,1.8555380379103128,-3.0408460383598634,-2.2450814985421723,-3.6612217001266396,0.3701290264072688,-2.9877765405636696,-4.300575637332864,-6.337763541286495,-5.271500806668872,-1.7466472286884076,-2.9498991890629176,-6.135289238786016,2.2249396241385706,-4.806174290859275,-3.708385059245404,-4.149663889615766,1.5108689383811238,-5.293962434475488,-6.415617993683114,-1.9331163674620766,-2.550159796952046,-2.829114440412533,0.5457136064928879,-5.323870913051509,1.362191554205599,-0.6412544592654157,-2.1512227185581914,-0.5270021528035287,-1.4613904000957967,-2.633506295544453,-4.3516361324573625,3.0,1.0,3391.43877680175,0.10587611298157365
361,-4.418807252404949,-3.847155817154068,-2.988411359801396,0.5924926547207425,-2.573598357659434,-7.523733505604428,-2.9125361911991683,-0.2013516618112754,-0.7601565513324551,0.17569438203075533,0.09580302382914396,-3.142030281641648,-5.767858470815022,-1.5547207408837753,-3.316202765797658,-4.541666196293063,-1.6706658735618247,-4.401004293504925,-5.089387040701554,2.3503789999177958,-3.4080994529874404,-2.7400339520393673,-3.9046258677556995,0.48793213461159657,-4.213651929185114,-4.4412561347149415,-6.201235979715081,-6.04202222532949,-1.6615863795511259,-2.2844850892782715,-6.4313112026116634,2.010831269069753,-4.937685691962652,-3.726072353479784,-4.629757070671731,0.5274983348397058,-5.784558261705095,-5.141546742415947,-2.1656201805014783,-3.197018443245031,-3.6812846823362233,1.1388179928773097,-4.979570375122579,1.1642617590196158,-1.0021056394013843,-1.1007834324464811,0.31779769907695365,-2.918066657814583,-1.9295082611977703,-4.175398441643484,3.0,1.0,3386.326121568375,0.40798446566517416
362,-4.834593825303603,-4.632592130471909,-2.226128848829548,0.5205198027691892,-3.8941501718826457,-6.765385608253503,-2.6578229696705606,-0.07169677703021099,-1.618350179178858,0.5522532766525785,0.1675126653213705,-4.548757183274946,-6.459667533404637,-2.303798688221293,-3.315740768622837,-4.048096457264265,-1.609112346349905,-4.442510057766626,-5.115128888133046,1.8272402972190518,-2.4158244822699997,-2.792928771124659,-3.9979106419108756,0.2931142466510519,-3.6276251496142384,-4.464804978699572,-6.572498995789525,-5.831458295701473,-2.4679811817843675,-2.75680586357829,-5.805083053509003,1.5127778303401143,-5.375304192331241,-4.484294847538664,-4.53818109178789,1.419411165846861,-5.599814615298462,-6.143656277569289,-1.956670770529338,-2.8607663443706666,-3.3970664082302635,0.9758483692252327,-5.400834058919977,1.0889680179641186,-1.3836926601064765,-1.611567776817246,0.06389631160941184,-2.3842457222605327,-2.486233135372563,-4.4747791229345975,3.0,1.0,4436.434956638126,0.2725953189008234
363,-4.8065603211172405,-4.6786232995511154,-2.6147468502722426,1.290550105014264,-3.647088019651457,-6.765171486765039,-3.0888230595452755,0.0024705433071268157,-0.33431452322619065,0.46893470305705554,1.029573695135458,-3.7916117260281292,-6.151746260224345,-1.8562710964291353,-2.811003960783642,-5.070294906842087,-2.11725531065826,-4.362173067574426,-4.500299216194803,1.2789853991970768,-2.8114401711893726,-2.237293303718243,-4.676964134558163,-0.5071455551430597,-4.062853990483686,-3.6159836725885803,-5.8257630335418495,-6.462096630451685,-2.477738503719615,-2.920821194619778,-5.628677628658277,1.588100012068692,-5.519655528199732,-4.351183217179128,-4.726194542868052,1.7411607566272727,-5.389078676188516,-6.913096295317974,-2.5797803190548616,-2.871570643599441,-3.0952740129616054,0.7860485631965572,-5.551231038932671,1.2297710056146764,-0.30867616353527305,-1.7070568862565905,-0.28879242110032033,-1.9220564731522138,-1.9067447077329551,-4.220958237929091,3.0,1.0,4132.77636565307,0.3655356009528709
364,-4.346036489353587,-4.027989598156188,-2.659423145831151,0.7832204480845153,-3.9764447192403383,-6.630771880929365,-2.6891223220627296,0.5388893100315205,-1.528704389988611,0.7397937925773288,0.4295193301794079,-3.029176687949118,-6.757252824756214,-1.4022904891596886,-3.2672579891446683,-4.334531467216707,-1.7028474432755007,-4.699261906910793,-5.099686644888455,1.569704338313855,-3.137214329454328,-2.1644403355829365,-4.499167960379935,-0.1564588997625982,-4.223327588694925,-5.010376353883409,-6.813562964232269,-5.498145644457489,-3.213620033919504,-2.4620212841050457,-6.501526765975099,1.7453310637331607,-5.543888811262373,-4.517924319796008,-4.249382029557931,0.7929454385215704,-5.50099871649067,-6.106620815391717,-2.01833770809833,-2.5715684665735554,-3.0377220214376317,0.7216915414070568,-5.514573390622348,1.2681154586899037,-1.2136989375595102,-1.7063662476385886,-0.1766579043104754,-1.9431387837493321,-1.9377090345774635,-4.134832269662495,3.0,1.0,4897.8743768911845,0.03888077974676527
365,-4.667086486487518,-4.387363869352706,-2.7886149658329664,0.6672482250839237,-3.770231195392107,-6.361930413454563,-2.683119502374258,0.10408159049265064,-0.636406310571424,0.6550314601590198,0.7978037605889208,-4.157276810602713,-6.737355661559425,-1.5002700748289597,-3.6728685274207944,-4.578669893224793,-1.9696952967860668,-3.8518671866890752,-6.3313975840168295,1.080203940561979,-3.134781904724882,-2.5603094615394295,-3.749386357908309,0.5381602108130807,-4.041632422352654,-3.97875146874678,-6.049836846815932,-6.408986664475423,-2.448041522301703,-1.8433104720450504,-5.650280478064563,1.8122262778986842,-5.223278573153134,-4.640094636693775,-3.985680439244172,1.298466967571394,-5.1677679507914105,-6.985570050129181,-2.1981202275828644,-2.3277393639638717,-2.742563614037023,0.5918409939855767,-5.090464290667593,1.1204117698334057,-0.9601714723053483,-0.998282167804605,-0.0932199555948959,-2.4260287994157204,-2.6408107362884694,-4.30503422963548,3.0,1.0,4150.235516193001,0.20527991674654703
366,-4.811236448253634,-4.395066811246787,-2.6093601020027077,0.5005149844086882,-3.3573456309196366,-5.897839270836409,-2.900401250191982,-0.3711598895518684,-0.7150621439326151,0.4173608999849122,-0.314673111341488,-3.6257067473052516,-5.572159156101849,-1.4529694165569556,-2.9243527845343973,-3.787521868545716,-1.4489256217826516,-5.221740153022213,-4.865532868662358,2.014254719965404,-3.2029078273010083,-2.127290993119367,-4.4454218441348905,0.30288357917050857,-3.9595593817843096,-4.033262393797517,-7.404291850457649,-5.570541716410083,-2.4185693825729064,-2.4982953607124,-6.284423396594773,1.8184339600815311,-5.804329017962255,-4.4532568353703805,-4.758448330309754,0.719521293480957,-5.178286740230195,-6.4524441299934745,-2.397924752394873,-2.3297180264808506,-3.292252943356359,0.9157034994547264,-5.834716830539753,0.7276341669292197,-0.9057231693428205,-0.7292410760576703,-0.9896162820554811,-1.7446824921274382,-1.7224201740609693,-4.3767483560867,3.0,1.0,3398.5575016091902,0.7368749140817877
367,-4.431146103877401,-4.309302576916945,-2.657902399534515,-0.0887255364674071,-3.8011503597321536,-6.070184052205184,-2.822250152411743,0.3436751421241827,-0.48932082801755983,0.7932436097208109,0.7108962209101686,-3.5624581321483877,-6.815385717973863,-1.787045071701439,-2.5368414369530017,-4.683401046608474,-1.2030996924939883,-4.245287129810731,-4.331870030933064,1.64493267045351,-3.1077181536757648,-2.401856829661089,-3.7076793883984664,-0.03450261376579794,-4.408666151022841,-5.155850800195437,-6.854573149468769,-6.0721234063108325,-3.3427254390086785,-2.103402756708441,-6.478660380848266,1.6952395301667278,-5.676618271385758,-4.19284981412849,-3.5101367978915885,1.4480671322719143,-5.7653350615987655,-6.040507574549016,-2.1900266851349595,-2.137046002857436,-3.504305073770423,-0.09263966849762428,-5.28770709047591,1.677992068779631,-1.074101418785175,-1.1749742877405314,0.48428882675412865,-1.9686193818233302,-2.1081594732962596,-4.879811400344512,3.0,1.0,4420.087068577805,0.07068296218320107
368,-4.414214081323172,-3.3852006303845705,-2.6063540791491278,0.1465166673817508,-3.779449676394283,-6.766686080705871,-2.804457177802113,0.21427933053180087,-0.9968833376305647,0.8019665126675418,0.43453014458910466,-3.497964809072522,-6.761200161200994,-1.697743325245472,-2.9924296875984195,-4.435416228258727,-2.4817840308130386,-4.111777384554561,-5.067380353365088,1.7591074777622737,-2.7899390359134824,-2.2989718860131707,-3.954796004981361,0.44197889981019145,-3.5661198380905974,-4.298321812764135,-6.079885695914774,-5.229276847361371,-2.3179096709614586,-1.9527082555366144,-6.527093431549366,1.7167659798589698,-4.673111302761779,-4.623346570524293,-4.179043450721843,1.3401570754267562,-5.469834078257709,-6.13519519466722,-2.0016100154486747,-2.554559832563357,-2.8438789023930675,0.4741887436973984,-5.335330706520262,1.7002292576572575,-0.3128681004327106,-1.1866250808181333,-0.1868930042662026,-1.9572608807285863,-2.1503323585821623,-3.607782858012831,3.0,1.0,2930.0984018403683,0.490413505806236
369,-3.9765611070558378,-4.558395406965636,-2.5801587647080195,0.6830073124735905,-3.2590906983465056,-6.546527256144872,-3.2915459457852903,-0.5216236299291511,-0.7993266316561219,1.0518319542335106,0.8635372545320066,-2.9493849141977355,-6.393803803951689,-1.560319099848559,-2.9620373555544197,-4.710597182620407,-1.2140830685593922,-4.574276684976755,-4.847857899267692,2.1995324484947956,-3.093829719273109,-2.7589210345830923,-4.124783010501088,0.2172197146429341,-4.14020665229174,-4.154681827533676,-6.547838443711301,-6.219234116282133,-2.111620487665754,-2.671611085848477,-6.507685841327752,2.779292778228174,-5.1631974235587625,-4.750248942238076,-4.210025671396467,1.127650725681559,-6.198523640723875,-6.266649129602807,-2.1792545213290055,-2.914809494931992,-2.7893462662423616,0.629176677298092,-6.067473191737757,1.4259264606160778,-0.9670702533666579,-0.6951066559912464,-0.2252945636525447,-2.8092265262293026,-2.1055532512219592,-4.088393299014727,3.0,1.0,4172.580543037493,0.6010632175659596
370,-4.14984796950116,-3.937656928103964,-2.8126227691648014,0.41402252562522984,-3.64154317247212,-6.958335899150026,-2.622851812227992,-0.47613124429230713,-0.20522270481096383,0.6491982564033268,0.7441980251809149,-3.8946854945160054,-6.277970917274754,-1.8325921624674448,-2.840701233645332,-4.611534520761023,-1.4616003351928322,-4.129899619401672,-5.105306272873209,1.653039216450974,-3.1592269915849585,-2.236804810016244,-4.917020853702163,0.3169208717498858,-3.7613355205512375,-4.379472224752968,-7.015381614548926,-5.75840929348837,-1.7754123944716018,-3.3261962079296654,-6.063576438014838,2.1772104699568757,-5.609099375966663,-4.359912090833488,-4.023812541673209,0.7468058476373779,-6.32437340521097,-6.201102028912575,-2.581782137793155,-3.247195035535529,-3.5401045769132624,0.6208484336205198,-5.093869394739753,1.5954837769228505,-1.1072652316979883,-1.2338827176700309,0.3230469556745649,-2.3289156760060252,-3.256756319384665,-4.32640966422187,3.0,1.0,4554.121531136389,0.37459401541447745
371,-3.5630043768705337,-5.005265760027662,-2.3502930764580596,0.11858386032717358,-3.032159508807209,-7.088076750815244,-2.9502962571894367,-1.0200543441447607,-1.0224645436142494,-0.2408227672868083,0.15396977856472194,-4.395635496150235,-5.8086245851680465,-2.0896135853090274,-2.400188329563548,-4.542235633820518,-1.3479901802270362,-4.466770365681122,-5.417814207815676,1.5479881853522781,-3.7348987662119257,-2.0180316039580526,-4.319785825424134,0.6076695359840516,-3.0334935748678777,-4.488583614051959,-6.5706766496500695,-5.836162754390482,-2.046615987156681,-2.396854127318697,-6.081406188277273,1.7730503949595084,-5.282741143508087,-4.720939968618167,-3.8779260238518116,0.440578512506163,-5.772838557198029,-6.7768693668172695,-2.2548453364293897,-2.777724453518102,-2.385736211823381,0.2736953779463865,-5.154645015165738,1.7546260600214036,-1.2088233375499915,-1.154478697744342,-0.7095741184557923,-2.754529527932313,-2.2096748140383937,-3.9793551990784755,3.0,1.0,3592.368019770182,0.5067542157196258
372,-4.060620450929594,-4.1212242656164575,-1.7301670126762758,0.6771368586334703,-3.8692522860743384,-6.958451984080008,-3.170750474015948,0.0072233680294337965,-0.7228229514158666,0.9275432425749652,-0.12620596155021913,-3.458038314733151,-6.5819449658991775,-1.3198787390199915,-2.6330772602704395,-4.493624778901283,-1.7261054597559664,-4.948073185222023,-5.22968173886685,1.7061905375149518,-2.9112781072803493,-2.2774187799767236,-3.9382719049729373,9.297654414708312e-07,-3.9420547023846835,-4.782802232917076,-6.323025755968804,-6.108252216699169,-2.5190655691824757,-1.9795641749217399,-6.587710373837335,2.2572851387669326,-5.646916597776173,-4.564958826144284,-3.3680010487911876,1.3339748257953863,-5.337564670665742,-6.658846967087095,-2.0801419918590645,-2.3460728351249758,-2.8024390472284497,0.795657822814672,-6.210286740524384,1.6703627306451623,-0.5269974460613163,-1.46608709549807,-0.23629615470163443,-2.111923580097106,-2.2058055270652486,-3.8520510264299244,3.0,1.0,4113.565200101423,0.3429654837166318
373,-4.169059142568324,-3.9543932533489725,-2.185097137054269,0.11027793665814353,-3.2361195513010865,-6.532316867598986,-2.1916961768149497,-0.4622300080944868,-0.5263537137021836,0.2205748767184889,0.7238740523770382,-4.135243074864359,-5.845907256639911,-1.6467151386494985,-2.6539630570422217,-4.647128019232552,-1.7120873846496654,-4.153361881225945,-4.974622765273366,2.027876683622789,-3.399955351115022,-2.170560927675677,-4.6716329018028535,0.20362857219321456,-4.205584089037767,-4.3868802086084475,-6.625347925459591,-6.5646020517746315,-2.5723312500076148,-2.552946738730823,-6.8544778798159625,2.1936730932595805,-5.273200345398771,-4.221889178348388,-4.585046323351238,1.2993137268073855,-5.922168631272293,-5.967684846029713,-2.0200174462567477,-2.3104237705320654,-3.211987863803241,1.0921582987574527,-5.169048874048626,0.9908371443188528,-0.9462150966108607,-1.4802555135279483,-0.11143093528806544,-2.448543951226742,-2.609876241212594,-3.972462766264581,3.0,1.0,3585.4899935517014,0.7665139963611405
374,-4.212130239809044,-4.7422681295026115,-2.111632906279861,-0.31559378165768026,-3.909668879314418,-5.529951205715477,-3.5955062014775008,-0.775743852146572,-0.4889799735908501,0.8009608283226988,0.45750325796571906,-3.650125481614271,-6.729070486190039,-1.9935406414176442,-2.248839036815718,-3.858375970034137,-1.0638629644018314,-4.521695467659328,-4.188423143685128,1.4712458796054504,-3.05563800448767,-3.053364396242286,-3.957019873670662,-0.1463411227138976,-3.549594473665061,-4.244020348671324,-5.9900958922447485,-6.243307840698295,-2.2462119084119907,-2.1079159342663925,-6.678340764844603,1.3398120904356294,-5.626508689629549,-3.799971496006587,-3.967515366478817,1.1852972519118956,-6.385545082900197,-6.457089895614912,-1.5281093839936242,-2.4560377989401605,-3.5171173802289557,1.1910139194549823,-5.284897912911411,1.178938696255165,-1.5056818109213683,-1.5923610637490366,-0.799435292013817,-1.9944550121728732,-2.852095229574587,-4.667116847804281,3.0,1.0,3223.8640927857105,0.7038854852262568
375,-4.032965534201436,-4.729392564500447,-2.8686718975575367,-0.09994557624771883,-4.034572422776537,-6.668989967113456,-2.9682318149503053,0.3892506848998566,-0.2501113168524314,0.9073716232507684,0.23814397306673274,-3.1571781122121125,-6.65980166263485,-1.454524097714705,-2.991570151468673,-4.387878115853395,-1.3589887576302044,-4.554126758756047,-4.994360000547308,1.5581383232067618,-2.9744479517141875,-1.6434981966136477,-4.596789085239689,0.272733875694975,-3.903017590306135,-4.146084155061449,-6.341218560579692,-6.556428354544422,-2.4517320707400887,-2.288453839685064,-5.378421372421953,1.5923163817501806,-5.2625183414079615,-4.348039053650539,-4.001557967672656,0.8793480425211889,-5.395947978621216,-6.365275580963476,-1.5668341675751527,-2.8988910607348366,-2.928245984730048,0.3828597613851221,-4.6646060147961155,1.118622475105842,-1.177722973783338,-1.9453026857722229,0.1141863023692174,-2.008097006255996,-2.0477476905369407,-4.632624552000735,3.0,1.0,3788.828008971451,0.09456099224018458
376,-5.010253860291556,-4.253840659984487,-2.9698545983955498,-0.30185193349781314,-3.892972299902776,-6.42875940919563,-2.513797846098651,-0.2815929149382751,-0.9808817286055256,0.6074724746678452,0.6814894058690131,-3.771924654068573,-6.254354008543781,-2.0184844082214974,-2.7547154272252534,-5.509810676054562,-1.410442687794602,-4.831831412688978,-4.643219980496271,1.653542804797439,-2.926216389111158,-2.5776191688587824,-4.06077551973414,-0.17610556134417882,-3.7900388670400997,-4.795673571885332,-6.741525420062773,-6.230369234554013,-2.3822422435862958,-1.9184972649922327,-6.25982384037204,1.276433055426829,-5.420080396909477,-4.067304668764023,-4.567292671756993,0.8320002111871865,-5.743051297915772,-6.275937010922082,-2.01191149171798,-2.974372195243885,-3.434344766806874,1.0465318770810523,-5.118646173378043,0.862177019939775,-0.9899025671546193,-1.1410523827418562,-0.027711995024274072,-2.4952731201685583,-1.5924364906423059,-4.347968097058428,3.0,1.0,4808.014328653066,0.061959526875954476
377,-4.33225960184291,-4.284419721182171,-3.3597164029475852,1.0242080208927509,-2.881717733778128,-6.859729778690168,-2.2526804860610867,-0.7432265246231943,-0.6866584198858569,0.5678182804746857,0.7001957505759495,-3.6170011015361525,-5.727791119296528,-1.2526657121493567,-2.6493145327567778,-4.144036575016412,-1.7838888464515663,-4.3933460899234955,-5.1651452330683885,1.5382961762849348,-3.697832428050943,-2.610054577825251,-4.214392376841677,-0.3528536773750073,-4.046623309562852,-4.330524397378179,-7.1535296130795825,-6.620789223254128,-3.3511459415670393,-2.05573508956648,-5.632635201183591,1.787437721646509,-5.520984772682167,-4.203261512336883,-4.348932284979505,0.548768733363576,-5.174102398981997,-6.111621130853533,-2.4072491306097334,-2.8227065173398866,-3.3754600303326767,0.12979364185240105,-5.000491641802417,1.0977184779518796,-0.9036259281835041,-1.1168166355993632,0.4372145434901802,-2.439435470828194,-1.1631476224479875,-4.1983328796238295,3.0,1.0,3302.7606274924347,0.7161124837277161
378,-4.3321187469560245,-4.734093795566003,-2.6799270360398344,0.8517518239380355,-3.6951831959744057,-6.797475827139646,-3.041255672252322,-0.4532845789048988,-0.8129300391347009,0.13879464969818173,0.5308812781452943,-3.6631236186831355,-5.748819094318378,-1.5998039081051967,-3.054898311714374,-4.502292973105476,-1.088670738358468,-4.33772231618504,-5.115110918922228,1.7113912928591142,-2.7621245103283405,-2.109088820111741,-4.162964170581685,-0.11997240215601013,-3.5771166699958226,-4.446676166414241,-6.288366341260852,-6.078016855616728,-2.6959940634032833,-2.581151266948627,-6.261607875862296,1.2063185407697774,-5.428821810130501,-4.297047318172092,-4.081807733025298,1.6925328321386273,-5.246571475062017,-6.03370079162234,-2.3111353355909365,-2.630074642217283,-2.9452646907485223,0.4511405063819004,-4.922426726155951,0.9397714379394493,-1.2171207644332374,-1.1830683450338362,-0.7953927722096387,-2.207344797291504,-2.1378292277819737,-4.043335949177603,3.0,1.0,4047.956766530565,0.009665710851025812
379,-4.140720188392419,-4.544358673019669,-2.624029422086706,0.41223632089140605,-3.1025594256084283,-6.348570671602341,-2.570259852334229,0.035198838406036104,-1.6957557833122077,0.6411197551281886,1.0292397407514697,-3.3058338679901773,-6.2734405876831705,-1.7559217590163814,-2.8810741293316546,-4.4163531478751406,-1.9482433590431119,-4.216106207697642,-5.626628139249012,1.3684783395708493,-3.0938621079490947,-2.9024170103832265,-4.385835234555213,0.0024348915383070047,-3.469073110691964,-4.311900125499783,-5.989133962842627,-6.554160973395521,-2.124431776951438,-2.3136265898425163,-6.0814351371470465,2.4243961704228636,-4.685823823493543,-4.342399399198793,-4.468741151408881,0.8904351544934397,-5.641824705312097,-5.983695917710528,-2.6035691744704668,-2.4557683791724445,-3.8326723939352947,0.19239721615567346,-5.265482671386764,1.8795551781392188,-1.392400363397767,-1.02880379454314,0.014348395258749647,-2.4718601711341988,-2.3150618897296997,-4.098481914908667,3.0,1.0,3406.480075118955,0.596594226757576
380,-3.9827813687056146,-4.3072334302079325,-2.709638533019562,0.4688381634147526,-4.000426672239708,-6.40272986403593,-3.8003353466683105,-0.10357774904047594,-0.7330939716357193,0.4795566866991296,-0.21169161065445463,-3.639273460795693,-6.84291475072662,-1.6973995720226736,-2.7137671224624373,-5.007363173961614,-1.7565983779288832,-4.496986956373065,-4.157538790038372,1.832540946154476,-3.4638503167295407,-2.526117399308616,-4.038671424066932,0.003658191538274097,-3.580318923685803,-3.991836173310986,-7.137918493765545,-6.514343023953186,-2.1851652519732507,-2.773202392656943,-6.20479444085322,1.6347590722440224,-4.675638756851274,-4.383525094084447,-4.089754127514388,0.5839435643202862,-5.866522818857182,-5.891686349040339,-2.0422418804027105,-2.852854251441899,-3.130282653160197,0.7295554411601276,-5.4331446445636455,1.3550714702777231,-1.570315905494366,-1.6912607602752399,-0.11681189179277726,-2.0471419390643946,-2.1240011748338636,-4.41369794941827,3.0,1.0,4398.163004845294,0.10697773694184542
381,-4.2640407785427525,-4.517839266358805,-2.867138269867146,0.5970906511983005,-3.519176610715941,-7.539220481887918,-3.036736039457803,-0.7554591301763904,-1.1188167163368143,0.6130605127518642,0.7943052394609199,-4.453358591629939,-5.909236424136157,-1.488537148604093,-3.338435114283945,-4.49440558077952,-1.630125873906102,-4.066907778580264,-5.206169679244126,1.813193850178798,-3.1662095205160377,-2.340667960424434,-4.496196589300228,0.20629485660974595,-3.448033846666153,-4.514012649295519,-6.46062106058207,-5.867952469756652,-1.9147821615654235,-2.306872167056221,-6.070445922852858,2.341838997833571,-5.049024835981339,-4.91196176472695,-4.499691237604123,0.49947882779537744,-5.519750779212754,-5.657101172889313,-2.308356180351545,-2.0138764701202048,-3.6564040474871287,0.8464090434538996,-4.957269778100151,1.394755746688903,-1.314831573868957,-1.0004526125097097,0.04887866933607482,-1.6789959715873009,-2.4386848860402712,-4.2452609870784626,3.0,1.0,4232.193018844006,0.11820235930875125
382,-3.7249123434226057,-3.7790609590386297,-2.0525478131954884,0.8958742469052597,-3.4427149029176833,-6.384261311296667,-3.1291458357058706,0.07810659289111299,-0.9627605680686633,0.46533862155457356,-0.4261395374342396,-3.2400327130961695,-5.975155248301972,-1.57830416875731,-3.390066502223022,-5.509550886690329,-1.7598182608215915,-4.055760813808279,-4.823970939637207,1.83050144325648,-2.7480866855314607,-1.4594617478495746,-4.4749547025998995,0.2919045301821567,-3.707442468142503,-4.142884171481224,-6.306993825579056,-5.80635303623368,-2.1826311788712114,-2.8670294994872862,-6.068216026468086,2.1672971781671304,-5.025863248141043,-3.7080011372818573,-4.436842482035054,1.596842304925571,-5.738914982963118,-6.54667791180993,-1.915272813187655,-1.8610789253618893,-2.7168321068571544,0.29425317281366764,-5.385933576799365,1.2007570715672309,-0.9214545273099375,-1.1499348640519744,0.04102661917861511,-2.1622233731285574,-1.9414665168834613,-3.8219996910084326,3.0,1.0,2945.1328709381364,0.36456782562109213
383,-4.13255446157649,-4.2418364201994185,-2.606047593877528,0.7194844468343103,-3.6027311066101046,-6.187773444131511,-3.100151721773878,0.02956445914933603,0.561376287655353,0.25595334108788037,0.121147514630638,-3.2275210706007096,-6.9533860926592155,-1.6158508839778873,-3.0498295193501286,-4.428134635408711,-0.983508669881606,-3.9007235341875792,-4.945101822389249,1.4861999096797178,-2.7551041359125548,-2.392742646029558,-4.646017733331605,0.02248329002016644,-3.9608439182548207,-4.364727969194485,-7.009228116584943,-6.363324458980563,-1.9383377451164752,-3.3465409052379815,-5.760128987793685,1.7633373988297005,-5.157826868659119,-3.777326081136926,-4.513874455208783,1.129372726487373,-6.326877443292039,-5.229007566120484,-2.5733628784662805,-2.3697544826000825,-3.2936329547869003,0.2278426812661032,-5.644154738230028,1.3684212715151407,-0.9978784071849004,-1.5820725537645575,0.003805577825620271,-2.9600703223167115,-2.561642549660087,-4.385774710876844,3.0,1.0,3547.2666492836042,0.6590614787727295
384,-4.160808771282187,-4.045114730411422,-2.887750660304487,0.20965195335531858,-3.4608951374525194,-6.111242903659793,-2.292122114049612,-0.11728388839178008,-0.7616279022809361,-0.015586916827424524,0.09825713283801196,-3.336225913522422,-6.269815501912817,-2.34981908910441,-2.6442483899107545,-4.867027939436313,-2.071674934596137,-4.386199918691962,-4.927942241050035,2.357554624909495,-2.816083750915592,-2.0984981199215387,-4.031795574542192,-0.1323730260689216,-3.755531227636102,-3.886904317558329,-6.465903386994429,-6.912253414928332,-2.152585105803481,-2.6975262710882104,-5.543769975601724,1.994389712911112,-5.812589375628196,-4.499455279039727,-4.927124838854925,1.0117964333571703,-5.76832270877886,-6.172913042915097,-2.691264772684263,-2.5238234699418998,-3.501622117535587,1.815920888362055,-5.921827875698498,1.7372737705335086,-0.8869172927578632,-2.4486495026374904,0.4891520328551555,-2.1286491032616515,-1.943319569695614,-3.9168010800764073,3.0,1.0,4020.7643557147135,0.32135712600332184
385,-4.549178994990289,-4.4340493669729435,-2.62930172440523,0.9234124079284792,-3.0820916795188587,-6.637262041892927,-2.336521927306164,-0.05741986513121139,-1.2944617635397988,0.13272364526613278,0.28028106834313155,-2.85579133667601,-6.474131630629195,-1.523658830880776,-3.0084762526796163,-4.337949973719765,-1.4104201085312345,-4.139818133794837,-4.564200130969469,1.6637001063755734,-2.3856919061448565,-2.3950320011163417,-3.8575248108516544,0.7978451827995233,-4.47731534707901,-3.9702897307433185,-6.63434800567329,-6.041217748243666,-2.862194401618636,-2.1768568979073857,-5.993936835054099,2.1552493379144937,-5.532254027169769,-4.858539742291803,-4.4435390499865255,0.8248250785104463,-5.16941334041972,-6.703610608864759,-2.0702625718279553,-2.831858351393447,-3.0189141903766377,0.8488098842497589,-4.21506216002915,0.8407892553793035,-0.7782812312145394,-1.3874102020096677,-0.5044311641912165,-2.733270284152973,-2.3212767494973403,-4.312256687099062,3.0,1.0,3217.0762331230344,0.526820862669622
386,-4.829948832101007,-3.733335508399324,-2.516355169441019,-0.2544986492758011,-3.580506008013894,-7.378857981959136,-2.2054164791056836,0.014839547029535605,-0.885248718899448,0.9386146010066152,-0.6700435153846345,-3.5130625507658064,-5.677452288005194,-1.8014027355740134,-2.894757983558329,-3.7052351075670833,-1.5980423786929765,-4.75369442658166,-5.226517861376445,1.2124061136725295,-2.967349470119292,-2.9178707333428386,-4.1726802379844665,0.10744222590094352,-4.432537269933009,-4.22275588248296,-5.870604287608922,-5.315834206638799,-2.113243599167369,-2.618161781353274,-6.289387367841661,1.634240733549597,-5.442524706139136,-4.23163754184883,-3.4616004645077396,0.5294600827220307,-5.813408694780278,-6.284152545823698,-2.2658168792241486,-2.713822521104887,-3.749505879804771,0.35101701271184327,-5.1086294329906385,1.4758354208029958,-1.2111917711766615,-0.6901296692196671,-0.3640971907942977,-2.3174346614508643,-2.3405542569185234,-4.813621955425911,3.0,1.0,3448.9513802219412,0.3068529845727437
387,-4.153138653388543,-4.289753920103425,-2.4555957729536964,0.5594556125299956,-3.6992880864276643,-6.541474297899933,-2.9140250558399745,-0.48606401076269956,-0.9921339106117475,0.45796396743881673,1.1620844598207507,-3.297548044820187,-7.011297339900949,-1.9134135540241937,-3.1338184090908947,-4.825264567891535,-1.4681223015966343,-4.10195112043622,-5.232469192244053,1.681692992036857,-3.237656327830873,-2.065187696630662,-4.057814219292891,-0.34188633151215053,-4.017641393178999,-4.7094074377297295,-6.5796185786037205,-6.00286160198958,-2.7243979050574048,-2.8327536933028554,-6.11370310816232,2.032596273092138,-4.718942324353334,-4.160997290153861,-3.8368234762752773,1.4459504286011557,-5.3986719642630145,-5.822673804984109,-1.9799305852001403,-2.156456448434147,-3.5056499433388124,0.14048599561628872,-5.261965745928665,1.727322121383149,-0.8663054025321384,-0.9876626570933766,-0.5477209305321842,-1.8056916504573657,-2.8644053830860345,-4.031915369726843,3.0,1.0,3333.3137670622896,0.7458081651792664
388,-4.580143550149948,-3.748389241122246,-3.0892111343314426,0.1459628821291169,-3.1763396484818913,-6.233229500641093,-2.920624851695219,0.014388190610137241,-1.1118328804388662,0.319084241706385,0.9084844383461631,-2.908209069164679,-6.550931332390631,-2.283218449827231,-3.3444295433867275,-4.095114471395197,-1.4745452276054065,-4.370294766772101,-5.500856479856059,1.3251090813117283,-3.009295127231304,-2.4088107039821103,-4.544325735132738,0.1346659286226523,-3.6771077349246286,-4.802116260475831,-6.387724589154616,-5.955729716434189,-2.785144297459537,-2.6677281295594786,-5.966003276122339,2.0927859708800387,-5.191007474791186,-3.755305371616997,-4.471586695071803,1.3052253956423219,-5.315244767804584,-6.395324609047717,-1.8948224128351479,-2.52444585587648,-3.6413826887833114,0.5372072194593998,-5.7583621692249105,1.5941312761569708,-0.8772136860877663,-0.8838316167842122,-0.014371634149468515,-1.6168195959812985,-2.1908144660233457,-4.260394613286502,3.0,1.0,4006.806589124146,0.11312518185927455
389,-3.9234498493204226,-4.1508554001341595,-2.722106825164144,0.1241897912994831,-3.6032857445273643,-7.37148981223109,-2.5862712493838567,-0.29330469589160696,-0.9011026309682981,0.4069839498748582,0.886107340576033,-4.222851807367991,-5.9854704843321835,-1.1484303054347076,-2.8193977217372783,-4.859972853979828,-1.937888236195969,-4.472750951419316,-4.957499021129077,2.284778532134857,-2.6513121973853018,-2.5741311738308483,-4.477231896442815,0.37909905109442954,-3.4240848597284264,-4.855878634666965,-6.607242558930865,-6.103720742995984,-2.4274376000292,-2.958273929579652,-6.90894110339442,2.18386221921199,-4.863878274677294,-4.2108153711956815,-4.4163097467894525,1.1548397830757382,-6.259802552301528,-5.9431060099469155,-2.403839086181793,-2.118048953496783,-3.5389445851470684,1.4273717792470049,-4.927903602318843,1.6858948167573202,-1.2412176605113032,-1.5139907046401555,-0.023397112145952498,-1.9294701931763585,-1.3614378948730272,-4.151285718643894,3.0,1.0,3924.763435029827,0.6932234083403359
390,-4.974960750268624,-4.906710645524685,-2.4184502378355064,0.27998553753070193,-3.3064270636211233,-6.534096714351014,-2.7846222458294583,-0.6402153500856014,-1.2780895121352083,0.38055600829731184,1.0507445350029534,-3.7039416562855476,-6.521396689142202,-1.7487926682395805,-3.131685616035647,-4.82579550185512,-1.1341338165887866,-3.7589574513843993,-4.718209734510095,1.9229676507391138,-2.9868485966646667,-2.247015016915869,-4.3224241468383395,0.674228743281625,-4.487817520000625,-4.305182914828266,-5.943836177865268,-5.883457500212107,-1.7657862389762413,-1.8186247651698397,-6.054509585460957,1.425980692611596,-4.738134414741204,-4.6391695879710095,-4.999423167966601,1.1082004182550502,-5.786684138031895,-6.370417403375561,-1.8876378721265732,-3.272872857550731,-3.356005965124153,1.0625529757691359,-5.003788502572377,0.9486921603562688,-1.3795654062946352,-1.268123045890985,0.3845944460985836,-2.0435729581626996,-1.7858086548864245,-3.7340091230017975,3.0,1.0,3575.38788311457,0.3945353166626617
391,-4.261287825403218,-3.792042238113557,-2.722998939622007,0.018710220555881757,-2.966118178503017,-6.507947445242173,-2.647800634839804,-0.5119586335441897,-1.0245567046148376,1.0993137465183698,0.3379595711205688,-3.382696502190462,-6.490073273126568,-2.1812679746785855,-3.6825398896026202,-3.8366042847556487,-1.0803968458958269,-4.351988687794765,-4.963355258690988,1.3882303388406694,-3.1725899432459026,-1.499117510638049,-4.371217237793951,0.5010599528608635,-3.9806228287093686,-4.580118917163981,-6.68678714114789,-6.120863764740949,-2.443067693433328,-1.850983357925689,-6.1692390791020895,1.89062147240162,-5.103242350702095,-4.547209030835362,-4.441205483447617,0.9668763422420542,-5.4872658739787505,-6.734249528221764,-2.4861433496143768,-2.5637731152400915,-3.2064219681465183,0.7820368593275404,-6.140599005084414,1.1390390979358427,-1.2980025092972296,-0.9284063286450337,-0.5165167004098217,-3.165543619295604,-2.844381803429001,-4.143433404756381,3.0,1.0,4379.657313981417,0.1064605591199082
392,-3.9560260335100943,-3.7653524925208446,-3.213065635358372,0.7965751585387081,-3.5818955892837803,-7.470967578334596,-2.3377966437797393,-0.09586398297558382,-0.7657609929773869,0.45676728795932003,0.28211046142892926,-3.4473324906085576,-5.83600708393722,-1.9793925892495547,-3.2281332934162705,-4.121645862825787,-2.0819913342799565,-4.323265091560516,-5.090335671155694,1.060934574017714,-2.957609656743562,-2.3404306833747306,-4.165536958522044,-0.08973130359745585,-4.0063475054138395,-4.555048218628926,-6.749736815162472,-6.179456417322182,-2.1181235518929253,-2.2250601275868513,-6.5541953763955325,2.2419212980500896,-4.8842540758543596,-4.00266807702911,-4.558234609604327,1.1053444133081474,-6.368210933226201,-6.523450018092641,-2.2392435488256726,-2.832403645392009,-2.9898566895560523,1.3476641104902836,-5.208127122521519,1.2371016831511181,-0.5184583929290787,-1.2705249907254115,-0.3217788540153708,-2.2878507339256737,-2.6623336610808597,-3.843476083382448,3.0,1.0,3722.3788379289413,0.7010481813279487
393,-4.275723012138103,-4.236766205637004,-2.5180856492608577,0.7737419576522871,-3.163330775950347,-6.029158987724575,-3.175906654425422,-0.3987941448484773,-0.42179369539896655,0.20641766190655048,1.1427660181356596,-3.8598274936969554,-7.018534888105424,-2.478696682282488,-2.975707527453211,-4.50282332920436,-1.890484925197581,-4.539747039832137,-5.1126660089373175,0.9431979454105426,-3.642157795028768,-2.5531080417858343,-4.176012223183789,-0.028469660921637885,-4.039460436830761,-4.234510903692429,-6.31346024923698,-6.216071222684018,-2.7447483609795316,-2.193870857902189,-6.244715572832569,1.4810868994774675,-5.441330843801783,-4.461173310517414,-4.335364426634639,1.2239050151582191,-5.886376847637303,-6.11198187625097,-2.2491865857647455,-1.9919001483038854,-4.1929408794548415,0.3437158577422836,-5.091988338272645,1.3765448920533812,-0.7522899829786701,-2.020197003462008,-0.5103514398669842,-2.557465265706423,-2.32287084410203,-4.70511445322982,3.0,1.0,4748.089036703924,0.09017260491484916
394,-4.194692396998741,-3.8843755355909404,-2.6050857894482595,0.7200942384031745,-3.626455621783593,-6.601614481370915,-3.279802696232131,0.49237066514936034,-0.8860759765539581,0.8395906760933955,0.5605426010269243,-3.9803058173517667,-6.265801755948619,-1.7937731144945446,-3.957608899064555,-4.980789667981661,-1.0980325648958131,-4.470650676652166,-4.712909415476643,2.0066048630084694,-2.335630614685509,-2.3092592140887716,-3.6430780534380363,0.3983395697098209,-4.30218799738076,-4.013148822112662,-7.12972607861332,-5.635100044257046,-2.6819481721961225,-2.8985885993064064,-5.646336952730189,2.2958588434853486,-5.006604459937449,-5.276652649887643,-4.431232179021291,0.983911656173968,-5.951902854033496,-5.892597310702416,-3.1198681750641777,-3.248232472968592,-3.046166555388924,0.8017793749174142,-5.692631264467498,1.5325280621101975,-0.35056780702625623,-1.5829533693592754,-0.6539294616687136,-1.9173530834633647,-2.2711234916613887,-4.335786101642654,3.0,1.0,4182.690766632053,0.4194021464941611
395,-4.5620928094431505,-3.7763419274055154,-2.9660575007171563,-0.09429665197293391,-4.2069224292462435,-7.055743544478848,-2.5543741082701965,-0.21214680194279462,-0.3860376070814251,0.945111761726646,0.7612254820563737,-3.2428414081036494,-6.541297334095241,-1.28100168915259,-3.0942211322495172,-5.0795279186978375,-1.2944550491894633,-4.415338519075977,-5.497340807109702,1.2917524935141058,-2.751386611627992,-2.0372412510615248,-4.248573249661722,0.3071873158685564,-3.654596457838221,-4.269062329422927,-6.244607186312653,-5.705470586016586,-2.1081968323340075,-2.1464906618035147,-6.135902501133546,1.434620251409048,-4.992966631987312,-4.164203958972474,-4.548640680775311,1.5350642517363433,-6.1360776107845405,-6.266029177733138,-1.74564730148228,-2.300814719699173,-3.497603103416496,0.463078888921892,-5.812728743213339,0.3315537554097233,-0.5991468730529315,-1.2760506989825897,0.8952503093536244,-2.0216283232693666,-1.6790200640240416,-4.565218212533645,3.0,1.0,3989.7167598658198,0.22711336573886484
396,-4.150080839962741,-3.8995607430523735,-2.800290284988175,0.7852981328417148,-3.2410410798533897,-6.390193363612582,-2.851582927445432,0.6086060207459222,-1.0237100843942228,0.9522689110691864,-0.08248460757656872,-3.1921916983976484,-6.204302555881358,-1.6700336829481297,-2.980490837968102,-4.337811893277028,-2.227468276998154,-4.819490530274337,-4.919675771542997,1.708054586540678,-2.9322464396572396,-2.161328337744706,-4.388371491640746,-0.3305129466116692,-3.463085742790529,-4.6950500657005145,-5.9341706216483,-5.620810045347155,-2.509280673461659,-2.347346427110971,-6.3982191623809825,2.1281050440935454,-5.445259237757387,-4.660801541989204,-4.014077839799293,0.8929017341782793,-5.234802079791732,-6.148154705510099,-1.82008555930857,-3.1902963823797057,-3.3198434459166357,0.6702029554710349,-5.12419778333973,2.0568164019819113,-0.8214099968606831,-1.0156083802049505,0.2878262111758736,-2.6631593649084597,-2.282965625619626,-3.6581492813284444,3.0,1.0,3475.6523039984236,0.14499739136696094
397,-4.28877028752213,-4.801238223370999,-2.245349168440651,0.47875649496996503,-3.5944426923904156,-6.564901939439332,-3.368726370900583,-0.04954244577759631,-0.46064328886806705,0.5139207928284847,0.2766990711186845,-3.862939833874276,-6.117142262639826,-1.3152363143342196,-2.8336305231934382,-4.695334321485198,-1.6946882131650185,-4.138972079096624,-5.138149117443106,1.5569860482486808,-3.0663799700868197,-1.4385156871802156,-4.122678472912394,0.5827048201044391,-4.220605894900626,-4.697249435797974,-6.8494568403735325,-6.773151782725022,-2.1230160333139123,-2.396763378408311,-6.290219147439729,1.8732890085873721,-5.235857834771934,-3.8379781287891612,-4.575750932280374,0.6908729357836663,-5.9985717989483645,-5.906507996865559,-1.8164122301234387,-3.0189267132670845,-2.7545379908530334,-0.0579379337562943,-4.878407868441362,1.6880957284681102,-0.4039012602859096,-1.1985930869446464,-0.4567420096990912,-2.1416111345619733,-2.182845874241069,-4.406782418420148,3.0,1.0,3764.741732149922,0.5333590357959815
398,-4.172642134595659,-4.314505775633247,-3.621288223041557,0.8802119536904504,-3.6649413282024867,-7.119262968280469,-3.605264985337525,-0.04505495399583795,0.24649310555040094,0.5305789912654119,0.8906635168438515,-3.609431690920555,-6.765146116936963,-1.3952591379734902,-3.7312156572729958,-4.330620658819238,-1.629045773478488,-4.534499679741285,-4.652821811174924,1.5491714017672165,-2.761504819206844,-2.5108491326764346,-5.113342348430083,0.4016569189594231,-3.877817369706119,-3.927066183019401,-6.955885368449808,-5.768699105202294,-1.6328416309892733,-2.8870288446324146,-6.039458745654794,1.8872746051892912,-4.918796635533467,-4.098695406158832,-3.973220688982942,0.46523842512661073,-5.854325146800399,-5.952463945970705,-1.6666149493927012,-2.5346908615736945,-2.7317877395923262,0.8722076720657275,-5.689961167028635,1.6198659198311038,-1.130158477817552,-1.1240132194388934,-0.120990342136188,-2.4399882549455976,-1.96449871773692,-3.4487965134540657,3.0,1.0,3858.5633934878883,0.41571559782664863
399,-1.5397817344408842,0.4362661571179256,-1.4664361432560469,-1.037641520138605,-0.6914437767554409,1.4365499637943908,0.664360852392103,0.1646488491336151,-1.8839447023025584,0.9349931851211317,-0.4201999262759766,1.208188474514666,-0.9823154965604828,-1.7724602533953928,1.466594563596801,-1.1158840164625148,-0.3800422078109613,-0.7356141159271652,-1.693349200014211,1.3728987769188183,1.3957565909794458,1.8858603657415518,-0.4584923424194476,1.8179525004346608,-0.21696655664112452,0.6788986068872309,-1.6699998012113784,1.5883943199261372,-0.8079859972449492,-0.9507807096144743,-1.9794818037421722,0.1728100611216239,-0.09761453197098735,0.5454947102860905,1.9128165363280245,1.634651031324351,1.6406123031206263,0.10102268442858175,-1.5839242005809484,-1.276341618968396,1.8121608839469663,-0.35218806645456535,1.4600684824287269,0.6887091179047045,0.5151431835286449,-0.8977648934041915,1.5869890789634504,-1.1724345146265391,-0.3823790276983696,1.974289969576414,3.0,1.0,1.109437275196783,0.23168139650840677
400,-2.9005467498647404,-1.8883001090076272,-4.279957590984092,-4.696326077063111,-2.7308580156010382,-3.015922578905526,-4.2155261200903,-4.793973837718303,-4.09164866340786,-3.9962487890623333,-3.0413639260687257,-2.100824310521795,-4.094058158089869,-4.782326076190078,-3.2795994481050768,-4.695199032126,-1.3348372893386884,-3.8288836412016085,-3.492360720180966,-2.9300127133465375,-4.211355395018916,-3.1409375177349763,-4.794382124230125,-5.934413931799862,-3.225893071884448,-2.0842104062697624,-3.5200108252780327,-4.678770755582787,-3.128952169152642,-1.596779184018588,-4.877030755695756,-3.9126609243022625,-4.500323026291934,-5.00807357709997,-2.6056498079871075,-3.618820456026162,-4.302088322801569,-3.4280119467968224,-2.776213692265638,-4.719015396781588,-1.9012351106488992,-2.8613501535668284,-3.674849758842791,-4.618823656048487,-1.949607358755908,-4.776235333272368,-1.4668792754265207,-4.683257727998548,-2.254532344669098,-2.4458823478901293,4.0,0.0,1536.5220921597188,0.8476754885115386
401,-3.4478095698147655,-2.330414313367818,-4.3833131334988575,-4.350431132711986,-4.106965392651429,-2.760633914292472,-4.460182759392548,-3.7818891339864247,-4.531618709790579,-3.007215296930627,-3.6198505937412113,-2.7914490297877714,-4.133800622566503,-4.780501493503168,-3.5323486265551725,-4.263373014163933,-2.03604680376156,-4.754834753036051,-4.110576995523791,-2.7709192140312786,-4.028063206025258,-3.2144540614151262,-5.081135190838662,-5.673974898200498,-2.530724923358791,-1.4407585927455946,-4.77112125317556,-4.432700807529161,-2.020044647692134,-2.50762342419558,-4.527835886658944,-4.28116890814559,-5.01372162482417,-3.7797529070108937,-2.2648242958298144,-3.902998445582716,-3.76415655397257,-3.778778276006441,-2.847384178016871,-5.416588137313881,-1.0817505856305376,-2.979954659209354,-3.895617891067772,-3.737180991136466,-2.8439785288491803,-4.61435876262304,-2.0562540935847275,-4.659258819826179,-2.3074523132112703,-2.7862262923707757,4.0,0.0,1717.2693693058563,0.8087582059277962
402,-2.5174362924478317,-1.7090101195551899,-4.548668718348998,-3.212446308301551,-3.6124052261062682,-3.14792357942879,-4.549510308148899,-4.876986219382495,-4.427755185111896,-3.408949856432791,-2.5639911454896707,-2.530610104015135,-3.7526040655239776,-4.7655970247129344,-3.2858873183558135,-5.282994380107099,-2.270801927020097,-4.502432374491714,-2.9028608001207843,-3.3934752070507033,-3.574478735147446,-3.169367567803995,-4.123305669680154,-4.813245383253047,-2.9669358286503615,-1.5932007528843048,-4.518815655434874,-4.291801984622655,-2.374224601367691,-1.8663847770160797,-4.866405418062583,-3.6938072386396685,-4.285631096685395,-3.775677534242667,-2.452594446436226,-4.479233366828322,-4.588643383531785,-3.4464187558427035,-2.3193503164627716,-5.470245028359627,-2.464690873132846,-3.658060222116928,-3.9939925642485274,-3.8437315651578148,-2.852766917332879,-4.793664715454998,-1.701300690364727,-5.483038857533613,-3.4877068021473967,-2.49680415302141,4.0,0.0,1517.2842668691344,0.9285950858110061
403,-3.507219127778196,-2.509594474478443,-3.739569127885701,-4.472174280427385,-3.3894848927311036,-3.237059245276359,-4.441192856092591,-4.509722237678811,-4.546699330698168,-4.009574308904082,-3.922918272899789,-3.0046304744674295,-4.455023920351913,-3.987106910876758,-3.0144793613484784,-4.2404653441519295,-1.6808849703754865,-4.828239216130041,-4.121947019341459,-3.0544198419852306,-4.118992944160035,-2.5243268545516098,-4.3876104484621195,-5.0183045779016835,-3.8946555355598034,-2.217100917436263,-4.524254058764764,-4.7585295071641776,-2.647049607688475,-1.5425645066384603,-5.143328224219415,-4.028853790437791,-4.927211641538493,-3.96721943207354,-2.647823656227539,-5.070075072338708,-3.96871336192975,-3.8999519769963484,-2.444333342276308,-4.858139706652555,-1.6044980736651429,-3.1231970012373385,-3.4195664555688188,-3.913827636521299,-3.1265441024429284,-3.8323704701155696,-1.5000364978144805,-4.939187275227558,-2.858885940261416,-2.0152850670307956,4.0,0.0,1791.0894657230892,0.8082592022725029
404,-3.6352176043042155,-2.3109369851571073,-4.51697130620985,-4.429552520709787,-3.157985372247505,-3.6538634276198088,-5.164393847591486,-4.337302998064372,-4.093839139929375,-3.4770691574065045,-3.519123644892733,-2.958096527133537,-3.9930374009291,-5.28037695521885,-3.2409864620168354,-4.3719406140706685,-1.6651460781180045,-4.165144044392886,-3.9188661449567044,-3.6514044427835337,-4.441422263580472,-2.8656288909368812,-4.327629407767649,-5.432238278222597,-3.453297053724833,-1.8145718359270262,-4.0007760679961155,-4.64227493814327,-3.0905907780456547,-1.7579089043071412,-4.854216578839838,-4.107131688872728,-4.953959460601604,-4.604904074825622,-2.522431425287079,-4.3986396795469265,-3.645470067428766,-4.082585884454775,-2.717477807492147,-5.1957162438098825,-1.76899195310708,-2.944001489773438,-3.410199341132444,-3.4994054645180173,-2.342088793500025,-4.356212490435352,-2.2290425567185297,-5.199360822580314,-2.865138060973394,-1.8635768957674532,4.0,0.0,1912.3273835447433,0.822120503601641
405,-2.5284896018601284,-1.9471018040483745,-4.060429180490766,-4.602542279257726,-3.770141971872433,-3.590872930843436,-3.8239588851862787,-3.6652547801839415,-4.451010132925774,-4.340845086125844,-3.3658494458585504,-2.1755324817761696,-4.2037293209308935,-4.761719335181535,-3.514396870959234,-4.491981621751249,-1.769413276622962,-4.610687805105553,-4.235707991265417,-2.5538979849246783,-4.030597409602948,-2.9880666313043998,-4.80056078311549,-4.93051672917283,-3.157173036253125,-2.447261764423209,-4.12434227436003,-4.276382663128572,-3.1594121524841574,-2.3220124812867096,-3.6813782811635543,-3.8594948690639397,-4.9969966757103315,-3.7880666402586907,-1.7734883907642898,-5.19876360657263,-3.7275598462781163,-4.191937781351802,-3.1540864679960032,-5.124035070637982,-2.2960346907083826,-2.297363858945914,-3.8124327322420717,-3.081431301634128,-2.8759903951990315,-4.784298827907969,-2.0040796383769335,-4.9541227710155145,-2.907249543373138,-1.9804341227699878,4.0,0.0,1535.6403682328466,0.9147344809002745
406,-2.602909392780999,-2.7104693885206106,-5.369167343503886,-4.437796095932405,-3.867196261430014,-3.77961468040432,-4.607885387777303,-4.981968714717363,-4.523893737489057,-3.2876435207628014,-3.359084580234595,-2.537040566488593,-3.9425499435629154,-5.738507743089411,-3.3421695255792927,-5.528138808976869,-2.482701025182305,-4.620443232419974,-3.7799972005151905,-3.133950593888887,-3.1262456784044392,-3.1337085340340005,-4.3886641792439,-4.480032471831097,-3.036839752930311,-2.2436595955706737,-3.9831929675443587,-3.698701904380038,-1.8600282002601982,-1.8789559983170974,-4.845484679398875,-5.126685699271048,-4.667657543503623,-4.1702577127890645,-2.848395589606423,-4.150579257748091,-4.46230685529402,-4.545130282073616,-2.690501970354148,-5.453085083896911,-2.3269016744128264,-3.7960063193890416,-2.748248718082963,-3.9949125839777366,-2.249893548294237,-4.974719816570066,-0.9029406856752508,-4.571007200605247,-3.2102128062608557,-1.7950353345965409,4.0,0.0,2017.7973155991108,0.8362768259281504
407,-2.3548373169446823,-2.296594049017834,-4.360254108703947,-3.9923797305929623,-2.942253881622808,-2.8081825753453424,-4.649040200402386,-4.4645377869170435,-4.1316101253976845,-4.06580538987564,-2.6929866977019383,-2.2882959125743976,-3.916204684080764,-5.395420893612443,-3.5416738137835644,-5.163415280971331,-1.547241728430566,-5.008862512794982,-3.727944704762264,-2.7795271946111337,-3.605274040105777,-3.396769256961015,-4.944984251384272,-4.416313544207372,-2.9515470394980654,-2.3662270553445337,-3.5016416370370376,-3.620579726743774,-2.345949966977054,-1.9166916481568739,-4.167493679020124,-4.070162295715486,-4.6241700453831385,-3.8648395162077236,-2.260452843633715,-4.744963635957258,-3.8530621830654757,-4.133087515058907,-2.5055217628800777,-4.4886165281856805,-2.235308414477406,-4.080582224991448,-2.9717725406065254,-3.233527433975068,-2.617656388863288,-4.3604984158450675,-1.392954345510208,-5.238040072788003,-3.3339581004720227,-2.0350695255813958,4.0,0.0,1339.1675329884367,0.9270179862794657
408,-3.7430113457069125,-2.0151994960694664,-4.540643175706209,-4.833154025811138,-2.648899819057757,-3.8734708987223847,-4.145353794690268,-4.439495835752721,-4.4730434935389285,-4.1333159708465566,-3.271384766783608,-2.5886971220628547,-4.8487297752858805,-4.536370785793587,-3.763962396874894,-5.399175081571662,-1.0322017622150959,-4.754992680683583,-3.0397375388019965,-3.6375944029961795,-3.641990691065628,-2.6387110288266635,-5.117724767300288,-5.536697888819767,-2.988829365191272,-2.6851181080879307,-3.75053396699893,-3.706563106704751,-2.9053252754039103,-1.8008423295677944,-4.478282526760077,-4.114448323273714,-4.250176483884442,-3.8204946907123714,-2.2908557495405852,-4.211100927511932,-4.03216951683293,-4.879467118367994,-2.9229262774377585,-3.9646187121643823,-2.278575158421833,-2.6355328113017333,-3.6395029736102704,-3.4748829210469796,-2.5401642862314913,-4.409614036603777,-1.8472684158243413,-5.21767814288352,-2.0229056966364727,-1.8372510143148513,4.0,0.0,1520.130575311099,0.9743150912854704
409,-2.6567669976674795,-2.5082763921486313,-4.734983549918248,-4.796121374630684,-4.065213876424792,-3.5617566484118677,-4.698705413178841,-3.827320686152529,-3.64566462192791,-3.333845741171152,-3.336698271787284,-2.816696627337683,-4.716798604004917,-4.313763854395475,-3.138333810493636,-5.816996838003115,-1.477097885067224,-4.314981867665773,-3.3794544437972274,-2.368740956636872,-3.537666357290099,-2.6741603692563385,-5.460806135273554,-4.793870347087313,-2.406929389593112,-1.68821130433161,-4.508845590633766,-3.8478323058035,-2.692160003782643,-2.198183449967316,-5.321098554499544,-3.3940821024882246,-4.772478515367107,-4.060427250188386,-2.4005277980540307,-3.596782358743788,-4.014220186542287,-4.450069807103473,-2.7328728856907385,-4.444089993351962,-1.8129050847213055,-3.065427770499168,-3.3396293194172473,-3.6469345820708017,-3.2895146230547576,-5.051570399532745,-2.3713236868958627,-4.646294444029337,-2.731512865820282,-1.6432746033416163,4.0,0.0,1550.9961159960299,0.8795682165203675
410,-3.3179473607482883,-1.9283166464864767,-4.273070028278581,-4.041610220329141,-3.30664075250044,-3.8596018750858705,-4.528106848425161,-3.786101097477297,-4.721496957209049,-3.461892580688773,-3.0408117513167237,-2.6327783027517473,-4.514972868360317,-5.540707504013037,-3.4700859635997725,-4.801901087725572,-2.1164253558750357,-4.1727433409722225,-3.8790794037180314,-3.479033771849306,-3.9197462031249537,-2.767997777984703,-4.548886282312073,-4.373419899050579,-3.485969566155359,-2.7222333883642817,-4.540004225141846,-3.97691158567522,-3.7104175735357066,-2.031989182777613,-4.59787107042751,-4.233018297496972,-4.717818626269719,-4.386868137712157,-2.945184655284661,-4.7089737077355815,-4.983144121495254,-4.5592295332363895,-2.0952923042516156,-4.755733778402769,-1.6310547986222699,-2.9975809350645655,-3.671491704854795,-3.5562772984901088,-2.8234367395509907,-4.827209499270484,-2.026059425415231,-4.106068057470805,-2.8316532520822264,-1.3379120738174168,4.0,0.0,1811.821439303147,0.8631293715090712
411,-3.3381951264018856,-1.695812892909474,-4.2578451486786655,-4.031146986077224,-3.176804087730469,-3.4988393997290097,-4.520398723584941,-5.161159929108868,-3.9516039989752576,-3.9102843844692035,-3.517126276258322,-3.001395969436882,-3.8587805937542097,-4.134022145040384,-3.506874373059656,-4.747289957456353,-2.6125330471135806,-4.639957559025265,-3.5624990306229165,-2.846364502790297,-4.166888610433583,-2.8173631010836084,-3.846781446341189,-5.84363145284782,-2.7533396200851814,-2.3265866784461644,-4.4098692137925966,-3.7887422405622093,-3.183928652669509,-2.579675173015976,-4.805796419608088,-3.9428496434941462,-4.800417582894603,-4.860343395751361,-1.7720419389687108,-4.116102966107361,-3.839838298491429,-4.461401578447761,-2.771259370661283,-5.456138293506667,-2.0809591986858207,-3.2136551065351564,-3.3911265977049125,-3.4367064557926894,-2.551848963640871,-4.783449474809307,-2.416915546900389,-4.8656086029808,-2.6005278878254843,-1.7004553933782591,4.0,0.0,1750.4867845090237,0.8537763906826281
412,-3.4041517248959567,-2.4585394422744486,-4.897639953100506,-4.143281007263024,-3.4645549514264458,-3.392334580415086,-4.7958508250587615,-4.5970628708961065,-3.7743000037723022,-3.673616066520444,-2.8938722137687285,-2.4445707562095342,-4.222023294439862,-4.7836739031950755,-3.2382701370358684,-5.541477390954888,-1.9761646422399906,-4.088957045555822,-2.948636675874381,-3.6224554642396543,-4.966307664793656,-3.2661979280777818,-4.326338872511629,-4.889930921952024,-3.060140663131499,-2.7444988911262094,-5.435250586724294,-4.319423715950356,-2.6370809241977478,-1.419147723888433,-5.190952484729216,-4.304661104702806,-3.8059616525281745,-3.8806462968289224,-2.603885656622124,-5.157803857767881,-3.1554354747091713,-3.840087395682788,-2.5506741254565415,-5.073981325618705,-2.367826762503199,-3.5096193289862243,-3.1767813351825827,-3.4949399374222034,-2.650921626930108,-4.614945948971309,-2.1555162789080806,-4.377633990222459,-2.508618960063803,-1.6314074944911583,4.0,0.0,1752.9009605987508,0.8353936308056626
413,-3.054931709526642,-1.925617426192007,-4.021022411498986,-4.180084636281004,-3.653717556502376,-3.377541735243501,-4.373668428652369,-4.548419570620732,-4.543421631793394,-2.949257611167477,-2.8288275633992375,-2.826704221102381,-4.580507654288868,-5.002831408407543,-3.2182076698374043,-5.3345762262926435,-1.8219318662483648,-3.7373948179440846,-3.453968130513098,-3.0683026537668843,-3.9500327967571236,-3.3452646466689537,-4.646062027557555,-4.750712941998273,-2.614079049925885,-2.4034063938847803,-4.017370137591778,-3.7564380629840586,-3.5191851968916454,-1.9278077192809222,-5.171268404045819,-3.723391626279778,-4.46736917978324,-4.323025497087368,-2.654659595856343,-3.795318662902062,-3.545825944627603,-3.6460945893607466,-1.9288807161554509,-5.0212099936436,-1.2429854370301021,-2.997382897939193,-3.4111589436994585,-4.6033704578012244,-2.204270953671936,-4.2309691625141985,-1.66242548427712,-4.734383715686289,-3.039091127767654,-3.0272607921483603,4.0,0.0,1450.796292573707,0.8602509893924599
414,-2.706944078143462,-1.4561886595792743,-4.508533613019989,-4.141608646359707,-3.5880345106980864,-2.849937453134557,-4.02165439832939,-5.3449716057888175,-4.579523159447143,-3.6998305177333353,-3.1726712004397206,-3.0422311756172884,-4.651088296987668,-4.830015084809315,-2.871083752772565,-4.706054050552265,-1.372127078490974,-4.760629409080944,-3.4971735078243613,-3.202297193834566,-3.5480228194947063,-3.5049417768688444,-4.519988200081534,-4.73237925585787,-3.012430682125897,-2.3486485794770458,-3.4626588103960376,-3.725658750775965,-2.2842351340082203,-1.7892086028146892,-5.061087848284496,-2.858690344491082,-4.918276694947854,-4.21507856184231,-2.7325581611056706,-4.251396860583217,-3.6794184845250486,-3.6402823804526503,-3.4773021222957383,-4.8849896207785,-1.8438380164716583,-3.3568176780752306,-3.40614140972141,-3.9496201607298063,-2.6659102467966287,-4.8012139081533505,-1.685104656157874,-4.508894803792106,-1.5758999140222456,-2.4179691730069304,4.0,0.0,1410.5614971258144,0.8914220470749974
415,-3.2531711277871374,-2.41890179059758,-4.721011697221351,-4.4827534256995145,-3.2799349372623543,-3.4541279661874875,-4.349585497658604,-5.543047345816076,-4.72998813739772,-3.5045874717522367,-2.896845658727592,-2.362433821779193,-4.297796216801434,-5.528565035657012,-3.7364917027869864,-4.784346369158105,-1.8107285257400423,-4.495904810802938,-3.6472315125914516,-3.239797200587975,-3.910345567645114,-2.732368846144332,-4.563079420413024,-4.989593179506436,-2.87840366227544,-2.000433240108233,-3.8019818559136076,-3.835067612528448,-2.9201330775552923,-2.292281446996432,-5.072637021355166,-3.7133924136842205,-5.195157892532155,-3.3466274553812276,-2.9113871529990845,-4.43570142843534,-4.646904847864749,-4.968327866338437,-2.774452471630044,-4.696430383765955,-1.1855735928074531,-2.3930603566956807,-3.7967055472232456,-3.9325018532461065,-3.1535972783216346,-4.85026951255732,-1.6807605286375475,-4.883062080560686,-2.075017435512109,-2.3079321910041934,4.0,0.0,1949.9402506341014,0.8132088888842051
416,-2.5737720692033914,-1.7431362797378975,-4.227721340581326,-4.155998316195253,-3.4721095486989313,-3.184341250649499,-4.342708049420428,-4.649249925281167,-4.909949378514659,-4.135756012668045,-3.2466858587078495,-3.011328825365909,-4.462757206298042,-4.9412050138663846,-3.110672838779494,-4.752554543392757,-1.3332813018552947,-4.76091035116715,-3.3129380199011003,-2.1419856367875925,-3.357383219253695,-2.639386409343565,-4.005517345476592,-4.860232694495034,-2.8854812943119117,-2.2326329356704244,-3.3147038552132377,-3.420775611100513,-3.26605886616246,-1.3186502240064857,-4.448341547483348,-3.787869937924698,-3.4502063337703364,-4.086262201440186,-2.7785206203558768,-4.521790831319119,-3.9857774004127053,-3.4518393642518057,-3.2981669347580587,-4.497878286151776,-2.1188073190580967,-2.7260289878912514,-4.0436021452636774,-3.2657090942133027,-3.0211446530127124,-4.328713553184282,-2.4293808503733754,-4.570268190869635,-2.5235572422735055,-2.078534583338733,4.0,0.0,1177.5941403915797,0.9339466885998876
417,-2.506054327879541,-1.569251737915414,-4.331054624247474,-3.422500433092122,-3.2346942654452904,-2.877415190216276,-4.584136992755999,-5.250434237534318,-4.763002837845155,-3.795402490393239,-2.8686729578273504,-1.542090539879323,-3.9830035988506904,-4.528900099861433,-3.4645196320554468,-5.028341007342603,-2.065582747392917,-4.9789579279849425,-3.409292365866911,-3.118188093118064,-4.32877931402116,-2.6692297405517027,-4.447219023152072,-4.972665064277572,-3.2000676281026212,-1.8653345879785466,-3.350356294031111,-4.5522993370984235,-3.4109028469855955,-1.7540545008531614,-5.696600414664981,-3.4498721611116654,-5.121488537747381,-3.740594470068127,-2.1982379109006778,-4.31699448631984,-3.9656746463771673,-4.408786904226194,-2.195809189269287,-4.5075002211914805,-1.9636446023510659,-3.174364606130742,-3.0143204206910434,-3.5164527448358114,-2.52019702999823,-4.449616067972289,-2.239166991553533,-3.969912612828015,-2.166500779978266,-1.7751357067308708,4.0,0.0,1383.9845119757224,0.8597886174561127
418,-2.7043823850349873,-1.962143935291445,-5.029824105075095,-4.720189856692229,-3.7785485935395364,-3.2998574977733037,-4.349176109511181,-4.492232929653686,-4.14775808629844,-3.8811768130460087,-3.83507933259589,-2.1951905946029644,-4.845556614984542,-5.315137970832657,-2.7088920558985694,-4.83863751173586,-2.7175655181083926,-4.911868384275371,-3.415578082213368,-3.5049892310212427,-4.003896111724071,-2.998750795604139,-4.461853049216741,-4.837760216912227,-3.695692318072785,-2.454998405777313,-3.967093328111784,-4.4953960738567655,-2.8968999409035225,-1.8551596022486474,-4.926435478970624,-4.3345904527411,-5.032612950078538,-3.7390277222713313,-2.6493322516838664,-4.7701194088419205,-3.679830477771379,-3.7112243902327666,-2.7975386362040484,-5.241327455844816,-2.068143103963758,-2.942069795991383,-3.686412730496183,-3.8290779307601692,-3.295357017854375,-4.554668330401893,-1.3862804823942931,-4.47483131380221,-2.206616183002368,-1.6415499822369959,4.0,0.0,1829.0111856635092,0.9416036474346572
419,-3.2175083298239917,-2.3068182749796473,-3.992220742555937,-4.444879780866352,-3.3173089847370623,-4.03627921313695,-5.6475562865912705,-4.703487696489411,-5.102460160304686,-2.8008713491864503,-3.0344555415610825,-2.179091119498119,-4.655470538347502,-4.879786107747857,-3.654143221662004,-4.709813383501083,-2.1331795302242744,-4.833226675187265,-3.1180491318464245,-2.9715900241930258,-3.5046465732682357,-2.3177813047117457,-4.428265086981707,-4.343337921165147,-2.652075027783506,-1.9431781779357924,-3.996549732693591,-4.032813550876218,-2.7435519352680604,-2.0973098797059437,-5.20872948556853,-4.536604291841965,-4.920030545685016,-4.173185223293759,-2.548120624930685,-4.911178924254403,-4.1781994390241435,-4.255792635491052,-3.0599731464002877,-5.006514888002341,-2.113926310613827,-3.4240630588354395,-4.375096773445238,-3.8811503406502244,-2.941193584326021,-4.854152258954816,-1.9792014802424014,-4.671039908574569,-2.353740217571811,-1.8077246750240654,4.0,0.0,1896.3818199658217,0.8756604312178127
420,-3.1564133224277207,-2.2038368194957534,-4.844065386524237,-3.9311308690799223,-3.185556185759731,-3.534961532240678,-4.803589383228458,-4.816057517990247,-4.292671938969545,-3.965448275334635,-3.152770318107728,-2.8539743900268335,-4.038027234905893,-5.303280985669826,-2.726677250803366,-4.703068180164409,-1.84490099840253,-3.7009000088091177,-3.3296031530832493,-3.8485263658504545,-4.282857529525808,-2.78390029129729,-5.480983703207426,-4.750682123600977,-2.498079038287571,-2.87793258104316,-3.992703846020805,-4.207226576212094,-2.820816199029768,-2.0164357303087055,-5.2375352727542825,-3.942474115252068,-4.696216797746946,-3.8067311877687335,-2.9215808806062107,-4.699617386266941,-3.0010430990407744,-4.514560966371257,-2.636545914493522,-5.272039666274237,-2.1010893387882494,-2.4046941870320584,-3.633340265607303,-3.381625419702629,-2.662064436250203,-4.870685071178677,-1.6714026460785159,-5.163260480166545,-2.882161121103426,-2.260860410973016,4.0,0.0,1744.3824552309973,0.9155630273093793
421,-3.235305742527981,-2.6121970491339233,-4.550537518515973,-4.694088679590468,-3.2332328335666354,-3.0823468541913854,-3.8414991903479727,-4.124383761469349,-4.272150577986504,-3.220927924798338,-3.5860532184393477,-2.789578826881569,-4.6124427344805,-4.393595023280138,-3.6357143216578485,-4.769000006080079,-1.0714014428356011,-4.716939172443358,-3.7199168322036447,-2.5011785750260005,-3.505497281916105,-2.7242808038293895,-4.866789312055815,-4.180265829774585,-3.492456998436098,-2.83247562501574,-3.4918932826218687,-3.7362496303853505,-2.7480971002857126,-1.5814666204242285,-4.925492779720402,-4.948743249082245,-5.154974663448429,-4.190356628603578,-2.6692548264045555,-4.398810880143009,-4.76874673710411,-3.6254461096200514,-3.091743341361411,-4.888226683945803,-1.9021124084140186,-2.9927221934486377,-3.5513834212878197,-4.150084462914145,-2.3301988996380056,-5.2399808286480285,-2.1997894242535456,-5.550974790194339,-2.981370030435372,-1.952692007974357,4.0,0.0,1671.883194552556,0.9384067326032264
422,-2.5952416689917412,-2.0034952004223054,-4.8089273075737635,-4.073701336444755,-3.429872958861945,-4.12570705242899,-4.6083864279109426,-3.6993874914923586,-4.122797824697825,-3.717195240314209,-2.5525965095126035,-1.8703972011092544,-4.092955056717227,-4.217928786928868,-2.837492464776502,-5.187458009600718,-1.9217273800149108,-4.472551592423138,-3.99934426224722,-2.6575435101359575,-4.594820106157906,-2.881492615053927,-4.905354691449557,-5.557722111536608,-2.389221216243037,-1.8977875298185256,-3.64674549419738,-4.750780068919345,-2.9967383817750433,-2.3226536414474412,-4.966421568404822,-3.6305912757212035,-4.393261693085224,-3.3615030921450817,-2.5932747291337312,-5.10786415169872,-4.890974959874496,-3.9523647848149075,-2.142021044807714,-4.6891364936076805,-1.3355693431375704,-2.5629188483061562,-3.6794995571040654,-3.6484099813137685,-2.78516348053237,-4.093690219913678,-1.5928071779281843,-5.168352972552665,-2.9849456113215487,-1.6958133475800479,4.0,0.0,1487.9623587786775,0.8801340271376265
423,-2.969348180086946,-2.756627671651416,-3.9643397709642985,-4.973903930295548,-3.706291001365594,-2.3975433462554254,-4.269509332048913,-4.260658940209364,-3.772814723669547,-4.217700789135671,-3.227864328766029,-3.2066637158793485,-4.074623683382459,-4.749552566459324,-3.2803535699690274,-5.057786550891533,-1.3767128813986949,-4.980107312764415,-3.122977164798959,-3.977608642673994,-3.243425459521075,-2.6835946848253727,-4.919277112655857,-4.640539199584316,-3.0677358843311247,-2.9107679211810873,-3.8978960138155556,-4.141004307909177,-3.5152347908716726,-2.0314586890196047,-5.198067836867947,-3.659937806689012,-5.250344835708641,-4.131884009337962,-3.1729478366236856,-4.090956177978663,-3.182426675487958,-3.801956306436521,-2.4377352097181384,-5.396955309277855,-2.154560707639056,-3.172835849888708,-3.599581336111252,-3.175021072331818,-2.1643564813561618,-4.035688325334114,-1.9700136551040317,-5.884425521109515,-2.522573109223504,-1.8347576076721466,4.0,0.0,1633.343093031053,0.8748425605170784
424,-3.090897504720151,-2.7851753988246357,-4.0304447616835475,-3.9509014785887153,-3.400778531765954,-3.5808191803772096,-4.309125695655974,-3.5669934659498734,-5.175443772887736,-3.577757529943924,-3.8187382095632936,-2.852576712873758,-4.663121084915178,-4.130889664641687,-3.77905434448261,-4.66531619697645,-1.1813006753026087,-4.83446549951507,-3.7304628416236754,-2.884690699707188,-4.397839218969549,-2.7030596905967856,-4.935928092578832,-4.98222675173518,-3.0160276528334764,-2.559313456283549,-4.507579831502683,-3.8794106305138634,-3.478454336600984,-2.4144199547178213,-4.380444442767624,-3.8165312366053668,-4.846760062292615,-3.9893310413763614,-1.8535078666800757,-3.749902572116053,-4.127381278888655,-4.451508574139946,-3.0493666816702905,-5.270246640528324,-1.5424601947823957,-2.5350125207485354,-2.867399701620983,-3.3948747206407557,-3.458633912725448,-4.83254516926227,-1.8659083305601258,-4.677214703345486,-3.210385914714207,-2.1328175304858052,4.0,0.0,1692.5583488882419,0.8441222890220945
425,-3.0206589319183075,-1.3335150963922064,-4.386790449737479,-3.8966798930059277,-3.19548692654668,-3.17660802342497,-4.262541170877134,-4.237271499034078,-5.065422864864759,-3.845930403231205,-3.006362139699737,-2.059157316035615,-4.155130479902965,-4.885253969106333,-3.3645343044256237,-4.315704061641731,-2.401822193710345,-4.4159217035971015,-3.6652842370837333,-2.78011121198884,-3.870064159053725,-2.733315290859905,-4.6604194622815545,-5.700976220226984,-2.3644581915673166,-2.2458719584112528,-3.9792048112306535,-2.9996918342218524,-2.4247111838039244,-2.250536178992607,-5.936315754672707,-4.361536275014296,-4.307687046396511,-4.188955920566756,-2.6271988455321234,-4.395930263264818,-5.047666504639638,-4.185913841988387,-2.776357318869128,-4.815909921678239,-1.944829674952807,-3.0325251294998004,-3.708425299777437,-4.36028138076017,-2.2577848895734185,-5.278080906441292,-1.7221906328611565,-4.340786171700941,-2.2987542600234385,-2.23038790415236,4.0,0.0,1612.580292301049,0.8839162747747809
426,-2.975485119678848,-1.9321656255966555,-4.450120469132582,-4.3190855415899785,-3.041527718586128,-3.345664881542877,-4.923149361509001,-4.7068429685160025,-4.4739111763967125,-3.5411373488513793,-3.619950175375117,-2.2593268652746414,-3.9950872530411945,-5.0041959055444645,-3.3520185350825926,-5.556029443683213,-2.072792749005664,-4.613537285091621,-3.4259615823544864,-3.5861344405157194,-4.05600708367226,-3.058895816844885,-3.368662327723558,-5.14466983789236,-3.03764183446952,-2.06991874466857,-4.92845503213748,-4.152620167853621,-2.8915463337536593,-2.3841549263478714,-5.228476163157504,-4.1360927412627895,-3.99024436583914,-4.588059997259617,-2.3882066224913245,-4.814977372048003,-3.9710491973991395,-3.943638543450371,-2.9289371066969236,-4.89960964449447,-1.7295676781669613,-3.0399353768430615,-3.7396456302219168,-3.690188539472236,-2.7821023140186147,-4.62737327259071,-1.937836971141638,-5.507048443355673,-2.669372555391645,-1.636512438914092,4.0,0.0,1870.126502349271,0.8708740650179623
427,-3.3734804988160483,-2.173683245736625,-4.165151376333136,-4.30386042623524,-2.870173012440163,-4.101165161884479,-3.9696889280206107,-4.719317376646458,-5.602772295434256,-3.718894261778,-3.432828691790039,-1.9086651950930547,-4.4941229608582995,-3.8727510339538966,-3.5591366442985377,-4.508285654936142,-2.457538225816045,-4.110683371217479,-3.536368339152297,-2.0151879076901276,-4.478558527371285,-3.0005004230892625,-5.047217666714532,-4.021377262389159,-3.7773161923970697,-3.1718666682139247,-3.046234205630312,-4.002415170986425,-2.3608959887244176,-1.8217652258228436,-4.616560234500092,-4.12249105429362,-5.443168917485607,-4.062551551973539,-1.6680590678840899,-5.492653529156494,-4.3270175576472,-3.9404091029030512,-2.3232892973614865,-5.044321892739576,-1.5630304017518823,-2.3094105153686897,-4.067101281884719,-3.7697260791987173,-3.184769911385642,-5.125468157102787,-0.9229089325891329,-4.265513701937411,-2.5997166086309815,-2.4079720706125705,4.0,0.0,1564.4101710449906,0.9108851475483366
428,-2.0669832841503206,-2.0131431946689653,-4.300374899063264,-3.8171650881689194,-2.52826679361539,-2.6502238146398622,-3.8506373554714335,-5.278417425404841,-4.711898055531318,-3.9393801313279506,-3.024191967289378,-2.5941865094754535,-4.852105542444916,-4.737932198445087,-3.289875497622688,-4.146520460705613,-2.193122563395592,-4.5853581666775485,-3.6816824521692513,-3.3799290620515055,-2.715496157882508,-3.083925545812386,-4.75108331656101,-5.202432184100696,-3.065869314567051,-3.1054223804621515,-4.300825044047551,-3.72371282868643,-2.872227679762159,-2.316021818770438,-4.414417932636952,-4.090572845702911,-5.640703107201393,-4.05831071380525,-2.9437412237546177,-4.038635747155675,-3.3052095881261288,-4.147321884522111,-1.954962735825396,-4.689593250055461,-2.2371926859078033,-2.6117927440084934,-3.5230695279886555,-3.5743328901506874,-2.852383566151124,-4.295458983655628,-2.1940675405784984,-4.613796576693814,-3.3629418224006145,-1.71997293693641,4.0,0.0,1453.399230532023,0.8190059613439662
429,-3.296840253031458,-1.9004872603532597,-4.079496315226489,-4.601973317235451,-2.964597134261397,-4.1987342989553005,-5.072910744265264,-4.113617295286473,-4.960369878906184,-3.8530247493981786,-3.0370493735856603,-2.561714861646861,-4.2410679131058435,-4.809719734527978,-3.0051999683156976,-4.470636620311697,-1.9139050321939717,-4.857600557319995,-4.199170983961447,-2.3347059887732247,-4.4939730460459595,-3.1547656130647113,-4.387847002673786,-4.7989260513816445,-2.99298046951728,-2.608491264207718,-3.718794592991139,-4.193277207561931,-3.517089263640056,-2.592722207944148,-4.637954681321601,-3.8240607516233722,-4.147625810802625,-4.0243679616951775,-2.324194641715576,-4.057792989958005,-3.665654074198101,-4.2172531345325,-2.850678987966005,-4.332324833289589,-1.4306785675181803,-2.706316442944537,-3.241151657274339,-4.097686430951615,-1.6662158878347992,-4.840597972384113,-1.3497780710999334,-4.123488895517526,-2.5034303023654823,-1.3547255001688137,4.0,0.0,1382.2939050842326,0.9408568581073596
430,-2.8386785457658053,-1.7491570408970651,-4.727934215126047,-3.782192597718076,-3.5113514467220264,-3.6725894817092244,-3.5343733650746167,-4.518396811796993,-4.372033547680125,-3.3371540471867895,-2.9438763231781397,-2.525097303225781,-4.105088364938211,-4.262807635518926,-3.8850108766101723,-4.146342042889307,-2.123048593372542,-4.787504132638319,-4.185944395255117,-3.5069070916771956,-4.732728697601345,-2.556297246801109,-4.176531360487604,-5.861155203347104,-3.404416720751073,-2.0553501243055723,-4.364929841733748,-4.178336934818534,-2.939994018233604,-2.10997054648371,-4.219452898604988,-3.2275981764538555,-4.729786996201126,-3.9502157578990977,-2.389458055044741,-4.655091301463055,-4.503973425030472,-4.699134758821241,-2.106902790139356,-4.909945990991809,-2.6205091971633223,-3.5596838826405777,-3.1537791611431634,-3.667660302495874,-2.402099794739242,-5.080288975377148,-2.487826792438998,-5.37505871928136,-2.2847413409973027,-2.2237407698234755,4.0,1.0,2189.1327548412746,0.06655834511201189
431,-3.0881974521459923,-1.7263738685677954,-4.1616779719801995,-4.648147738716155,-3.189719196288867,-3.5753521048374584,-4.335051729696325,-4.409332924827114,-4.060879831399836,-3.7415874939289533,-2.9359809441751974,-1.6000758299383742,-4.326435040071362,-4.142118033417876,-3.628044855704929,-4.975835716802556,-2.066385268181724,-5.137983345480964,-3.6522025186322655,-3.340546371003215,-4.063655097630363,-3.4838615221098452,-5.10231713266131,-4.073627989562088,-3.363051335643344,-2.3276811178028645,-4.125851239945808,-3.9345661580058384,-3.159051921149504,-1.59459469127655,-4.600797290824186,-3.808415946299359,-4.43217448103364,-3.558175979701184,-2.817090483021368,-4.601103342096995,-3.2523141647713394,-4.397769302383083,-3.033054163306123,-4.540137185863309,-2.5148181639670315,-3.3841913819613474,-4.007153788596322,-3.0195562418427495,-2.7384625810596126,-4.202934845146848,-1.5806585655238492,-4.8936843110266475,-3.235035811838561,-1.212519859727012,4.0,1.0,1850.6217716778472,0.10097915576512398
432,-2.6945045186908207,-1.7782476302967014,-4.477509663857916,-4.278352142878288,-3.2436597789242048,-3.5432306990890443,-3.9910697389957135,-4.858163874972815,-5.183475663963509,-4.171842592507005,-3.559255703446162,-2.3714289619847166,-4.492743262230261,-4.5502049700169005,-2.5332744116902273,-4.560106602741425,-2.084018105624586,-4.674166551678223,-2.782034110386378,-3.1478152138741673,-3.3548095593033995,-3.117321512535063,-5.5052015300934904,-4.719929008190662,-2.871301248298877,-2.1194476582602824,-4.561711626304707,-2.8933966128231328,-3.0399855871921018,-2.2131046455625225,-4.787306977329762,-3.8099398717232784,-4.617192687873585,-3.6853530972579027,-2.1805524116121906,-4.979024867735539,-4.278234120215605,-3.569858411531831,-2.6575652605548776,-4.5384406909735935,-2.2076304476222215,-2.8624107969543098,-3.7003573308462534,-4.056177425743839,-2.4856543120081325,-5.239642344778601,-1.8976925557888995,-4.3163393256296905,-2.3216692622228825,-2.3233340118814088,4.0,1.0,1809.681107637453,0.25831322399904416
433,-3.140864224488102,-2.5340898345337903,-4.252221192372861,-4.2135782461695355,-3.053724525014452,-3.7431675696975883,-4.188352479444617,-4.331357317239089,-4.99907420445753,-3.5854820349635896,-3.0437352745312416,-2.587913940948383,-4.338876788772039,-4.6894392718570606,-3.09936854035816,-4.10276424574896,-2.061968827650432,-4.935837431811167,-4.3799580198209,-3.1267798354131044,-3.791580209867352,-3.2645226194841155,-5.340590187311263,-5.587618764428854,-2.8390515332727246,-2.7547931865721167,-4.34071469351232,-3.79473659124681,-2.914969634477321,-3.0832439833877565,-4.642893560488197,-3.8713706100622587,-4.619958619307273,-3.612448118584688,-2.421803235733208,-4.724021495533888,-3.9633309087380924,-4.108036736705985,-2.407680611266252,-5.091101524525451,-2.1485709720047197,-3.0307858936089174,-3.6610884372773227,-4.208151631426486,-2.230660417742173,-4.736239695849021,-1.5075932841325157,-5.175012476305583,-3.659933877276976,-2.7224686518125814,4.0,1.0,2143.737478471005,0.5143418339880471
434,-3.0587036511654677,-2.2971483081400987,-4.165264971923759,-4.6624564318739985,-3.369183024504302,-2.8422461993004777,-4.833556978340989,-4.189888856372226,-4.971370158518349,-3.6913652856654586,-3.152094820860373,-2.697621653761644,-3.733897567050821,-4.163073813798401,-3.6770403076145377,-4.9421852727953794,-2.0915842699693505,-4.947762464283468,-3.513034873860499,-3.6970972219514544,-4.241156430301356,-3.354164081675587,-3.9319585664576286,-4.7978910257981795,-3.0681781433262865,-2.0073991928622483,-3.6551272674754776,-4.270753977929576,-2.6054768006923434,-2.6994376553230532,-5.241626817558308,-4.462140033706462,-4.9790706196993435,-4.18480625367685,-2.526883457365461,-4.652000886688664,-3.747124073053686,-4.435005424380905,-2.621701614330949,-4.778017630006801,-2.3010044313437814,-3.5120384337219224,-3.6507600906230704,-3.9863123117073975,-3.1946500741996475,-4.559355072808001,-1.1697308242034508,-4.4020237206856,-3.1815182111218254,-2.339517990634285,4.0,1.0,1857.5776842971973,0.7995773837751186
435,-3.075131128668775,-2.7303356912689805,-4.558998108459761,-3.482492279714254,-3.2331928384345137,-3.7219351386240653,-4.905785313973721,-4.431273480539817,-3.7531528633869438,-3.1958358304650383,-3.1495785477366294,-2.9858553659176543,-4.044068949492323,-5.129237472023338,-4.265309019063331,-5.258272272001104,-1.9564682930164823,-4.770352731969429,-3.2587714948303934,-3.0752756334252287,-3.8702279314797754,-3.3335214753083333,-4.596891861331124,-5.594136028967295,-2.8300998112359523,-2.2942858072864993,-4.39158600308349,-4.251227252653091,-2.830982816350239,-2.281093620399694,-5.150053388981418,-3.977514537227775,-4.09026478945918,-4.129188856923559,-2.081388449483157,-4.325671407565402,-3.8805145477798693,-4.118639039450474,-3.2201442537985785,-4.268722688392517,-2.827024367984899,-3.0381869270415294,-3.479428498504246,-3.84361111589251,-2.2707202828316846,-5.029240213692695,-2.398878860891535,-5.065123993707814,-3.307581526591545,-2.5042231721529973,4.0,1.0,2221.175959069663,0.2248013209936792
436,-3.391738833839195,-1.708274150019527,-4.511839622812633,-4.384293954251238,-3.0781754373446044,-4.135973756138783,-4.418083257427994,-3.7099042390725296,-4.569026073168019,-4.115813432200701,-3.285590118511689,-2.267121935648682,-4.037903223363692,-4.874192685114124,-3.185179687156571,-4.904142301710587,-1.8769684207912392,-4.156379501860487,-4.131794053930598,-2.5744906178184297,-3.782921613947609,-2.953775581335508,-4.627325420875302,-4.8518149353711575,-2.503028263033296,-2.5066686631664363,-4.1670005939845804,-3.983675764024169,-2.780302042366933,-2.3578034582328757,-4.573709667514903,-3.641093951317966,-3.494399045181102,-3.889167476144166,-2.7006339836011874,-4.975873819895643,-3.6881038611756995,-3.9221506513259867,-2.7904026289888937,-4.690505160005265,-1.975454154085117,-2.7512528913262764,-3.2248006754106666,-3.9994921801787395,-2.6338552310127326,-4.81777757467827,-1.7926562592305637,-4.902041847828567,-2.573909368431452,-1.6881233564879492,4.0,1.0,1594.7231717877462,0.4657797185845014
437,-3.1115809248376114,-1.590707817425371,-3.6422609789900946,-3.7313613708782625,-3.4245058748313473,-3.6125161389098497,-4.632326867851856,-4.54525565457949,-4.750483302807348,-3.6249617920988277,-3.1756434266262716,-2.6349172531166873,-3.8224723118748893,-4.994320284373039,-3.297498391050588,-4.736900673434816,-2.0466159096865177,-4.91468860458907,-3.353934645838068,-3.250958076038304,-3.6762453424113963,-2.887333706982658,-5.299638908651165,-4.93848115332535,-3.244774391700689,-2.6724674976717853,-4.1988569524358335,-4.144562606165914,-2.5953785899052177,-2.1590335921194583,-4.681678841746771,-3.638554670303878,-4.446714294780973,-4.042646144504588,-2.766941424652036,-4.1953165162135475,-3.276859786708595,-4.483676449742536,-2.567744697837386,-5.293059373382978,-1.8251386039520487,-3.337232508244392,-4.340822389194731,-4.100178391623019,-2.4729896378951675,-4.281282371615541,-1.432423240865676,-4.68629802409653,-2.972544855401651,-2.256115012988243,4.0,1.0,1726.683332637507,0.6980808482912902
438,-3.080430044018167,-1.9706154115386934,-4.610578227576969,-3.8975392056879024,-3.240027981547703,-3.4493508907746815,-5.058005554895438,-4.159795679952724,-3.835642670541959,-3.0695435791203067,-3.45996813540178,-2.6534644980691815,-5.150999793637306,-4.876743479031665,-3.058853555767997,-5.516723003079734,-1.8748074732758302,-4.238319717471399,-3.8515300976625317,-3.1790059096364467,-3.922397874617355,-2.848304695121214,-4.5211954671647465,-5.123211913901042,-2.4077321741567808,-2.879561444645929,-4.070402073128606,-3.502938996609267,-2.406281657830907,-1.9101460526996359,-5.411085730494143,-4.607486965573654,-4.641533729647905,-4.321634867378342,-2.426471906615829,-4.377143697895684,-3.8717176396344475,-4.213504697155297,-2.1267111702366055,-4.824103056291408,-2.0682135171613893,-3.0907408982210143,-3.645101471672387,-4.131970125032896,-1.8798019905642256,-5.970044154459051,-2.1414908719880446,-4.9563666737213925,-2.25986847671191,-2.337067036359439,4.0,1.0,1939.8247471010657,0.6314713751772284
439,-3.0096805338389068,-1.6310889740516867,-5.181207663270671,-4.074827096829821,-3.749638140466425,-3.5635920313344864,-4.074911180342148,-4.3911178602777365,-4.456075546425186,-3.2626712520101977,-3.5813092962604287,-2.326327532792398,-4.1177871827605825,-5.271072549407961,-3.601268980705453,-5.367969515616314,-2.5360066896268316,-5.692127715008206,-3.30805989725807,-2.742681134141642,-4.2029678183721275,-3.7456821245557936,-4.9619392712125885,-5.160772515762633,-1.9591040238653348,-2.8488847110253834,-4.00827098328692,-2.9062785900461416,-3.559448126208338,-2.3926433028025733,-5.229504146813072,-3.736263298793124,-4.7711161563325355,-4.758184871898872,-2.6637322273798234,-4.110482105814542,-3.3766390943925613,-3.6209618921825415,-2.629163581232066,-4.907147598482227,-2.4581262525387158,-2.360507784657641,-3.4368881026739486,-4.137317893259686,-2.377049612076994,-4.695548016635862,-2.2932140134273094,-4.687446664781243,-3.2187260536920217,-1.885573577878247,4.0,1.0,2258.8927313305103,0.17447015504998148
440,-2.854492055611149,-2.6460907239251488,-4.518686327143173,-4.969845452938332,-3.133363044971634,-3.0380147374172246,-5.4461828020061205,-4.502443165877848,-4.277850286491185,-2.7600018940796147,-2.503975080335465,-2.0135711512880077,-4.433583398140022,-4.9908364531906715,-3.0771998862206584,-4.358159855420112,-1.804487503835403,-4.6911204990649225,-3.7795650766649693,-3.0562623261144206,-4.339939342754743,-2.7923057414541206,-4.818215357765116,-5.665270828414711,-2.758102754838534,-2.0506994718654794,-4.226747827619445,-4.969401157780808,-2.2682692247958096,-1.914341911421507,-5.082624888574884,-3.9761106547122664,-4.6586427953116,-4.0356614638866635,-2.1959349440813103,-4.172460500262965,-4.39257398590282,-3.3840105486930465,-2.339509549639639,-4.960471736282454,-2.0697150477371222,-3.108793944977371,-3.2500358336828454,-4.087829014558312,-2.216023048052834,-4.135346952709248,-1.3573579722035656,-4.867641136939248,-2.9528170642784968,-1.4588504465269094,4.0,1.0,1881.2608664281292,0.2772977048746156
441,-2.5346382367461255,-2.7072385897301854,-4.95945682908358,-3.576856027156462,-2.816851378824504,-3.8748895623302895,-4.39328634421946,-4.049624212957847,-4.127114022188074,-3.2425853281991195,-3.767469107210541,-2.5433513573068387,-4.594139132360513,-4.65590685631108,-3.4546647426399497,-4.956695443338825,-2.217631002388621,-4.502882031131047,-3.8344756361600005,-3.053047371964682,-4.009816791825139,-2.3707423187404526,-4.9597613659208175,-4.949379969960594,-2.9763533048734065,-1.8697999067304223,-4.341123168799811,-3.996412259019984,-2.5581881126875174,-1.9830498267367755,-5.418863700642983,-4.342010967174043,-5.262507999795854,-4.005832753254727,-2.3961072228618376,-4.7183501907175405,-4.315492559718581,-4.245835092496836,-2.2828886264262866,-4.6152638306643174,-2.6188159672563036,-2.8134224836501622,-3.70843752192285,-3.0474517567034076,-3.656430656445804,-4.186217050300108,-1.8997651898241021,-4.83415995714621,-2.4208001706522095,-1.5080078085340556,4.0,1.0,1828.4691753934233,0.5772005133252226
442,-3.3998271541706453,-2.0087277040247433,-4.517165424290099,-4.516620764995407,-3.585933274814008,-3.191990264112923,-4.664907530763195,-4.618976391830208,-4.728612521954787,-3.1552637507163004,-2.9704586421410637,-3.1862554792315407,-4.728651212219006,-5.001432361686994,-3.251574207809555,-4.757928194932595,-2.0318324939245715,-4.3272246432663675,-3.656285549075656,-2.9815337165306994,-4.542889995663815,-3.3137160376210573,-5.304115865113081,-4.350532022745252,-2.98849705383563,-2.207898785625698,-2.9665236634232865,-3.2013805270841718,-2.7472729403599567,-2.141910911162559,-5.019804908848571,-3.6279649564246226,-4.69134474429234,-3.8644650562038407,-3.02467505246968,-4.548661368466669,-4.085429505054308,-4.508851955774929,-2.8363747975125566,-4.746614512414589,-1.7068954771500682,-3.0460725281654115,-4.382605524539326,-4.172417088681931,-2.034228266203699,-4.846045934657638,-1.9893004932901912,-4.42607856807578,-2.90706991557653,-1.6968909271431474,4.0,1.0,2030.0091513029417,0.28313469946228215
443,-2.448107709022927,-2.1665938573596284,-4.57717356172442,-4.163498024529374,-3.4914239220238774,-3.279968082241981,-3.717966374749956,-6.064239916424044,-4.593871612032558,-4.175063660081846,-3.323866275873603,-2.886303028001801,-5.187679474610898,-5.307285240515807,-3.5999302313066126,-4.037398182460709,-2.63267261363017,-4.350227553051288,-4.086439967710102,-4.042045878945605,-4.046862907497517,-2.627196909974391,-4.792720797831829,-4.720158239694117,-2.4287243857750807,-2.3942251432539314,-3.845501792109487,-4.015055304238629,-3.564369135636235,-1.791192454923047,-5.320129834540046,-4.078460774333711,-4.309625594318157,-4.103761265357031,-1.5343200450381214,-4.343474503996046,-3.8552198504783823,-3.8122438152929314,-2.713429559310674,-5.149461316737882,-1.8444877207640633,-3.832367143351726,-3.806457589917883,-3.741542196200913,-2.711733319414549,-4.682758377452865,-1.522278761628217,-4.379808651653047,-3.265093403174061,-1.9883243864609461,4.0,1.0,2176.7565328581372,0.3685474437052545
444,-2.6405998711830945,-2.0561581028493046,-4.62611685423772,-4.012075059763279,-3.1562203246523266,-3.067641324730471,-4.882871790538309,-4.880935330290083,-3.7617103238768195,-3.4998395116031515,-3.2254188310533656,-3.4073598831800704,-4.767162305691081,-4.744097962071033,-3.1756658853947695,-4.2741886511748195,-1.7644057618757345,-4.679804547701067,-4.108848150216551,-3.3309563526851824,-3.642020884946131,-2.03528174136094,-3.9330164657376496,-4.48989900929087,-2.949789307198252,-2.1299382756349226,-3.9779893307714675,-3.8642980290749604,-2.58437815736568,-1.9854537205713652,-4.808340461051075,-3.3287852642535443,-4.112402511275092,-4.35733648069899,-2.480782122513748,-4.403771271414074,-3.970007387326578,-4.246178703928039,-2.6310160982432698,-4.453599148601565,-1.6469108820908323,-3.003617132824257,-3.5504630421215335,-3.6083614567237703,-2.6202400620516673,-4.656578683706133,-2.1440758789000958,-5.771002020669961,-3.1070778738156384,-2.073478395802339,4.0,1.0,1730.8290565902967,0.19551812737497842
445,-2.792695419794774,-1.7748994921697612,-4.3801741077800385,-4.297144133337293,-3.5777411242708888,-3.664415623363926,-4.634850503180947,-4.86396776648817,-3.4358775519869713,-3.3042258967660065,-3.3275465133975146,-1.9740277578701382,-4.13706428678219,-4.1550654630976185,-3.715792944722731,-4.6452552585538625,-1.983012849001906,-4.919305503061941,-3.563963937729595,-3.273798635514556,-4.12504774169866,-2.896928429796473,-4.567053123906748,-4.631514978424684,-3.251419536291978,-3.4682042295043627,-4.405220368114595,-3.7600840580374397,-2.499420894028948,-1.533696895860936,-5.151851042901933,-3.646786620609685,-4.547875615102734,-3.9742990976354395,-2.7866493832399377,-4.3059600008122105,-3.8504897198943784,-4.150517091138561,-2.8775979814186528,-4.544264091907138,-1.6613972724505195,-2.8195480108862276,-2.7893908502749523,-3.596318910139477,-2.6466875339103404,-4.551264610276456,-2.0392435450801156,-4.481045460323064,-2.9628985326737496,-3.133972445374914,4.0,1.0,1745.864019651305,0.22613056522946753
446,-3.258826868915284,-2.3285320046866307,-4.038576843358464,-3.6597630483055026,-3.8433220516489515,-3.296441140660826,-4.709961587747445,-4.779957914212024,-4.4494572142819955,-3.864877310514575,-3.072471784100478,-2.656115317643705,-4.641731920992864,-5.103406444153075,-3.353787829382699,-4.136388175177774,-1.9635223385460747,-4.302788592880229,-3.4836693313483353,-2.192955522408303,-3.9535249192457775,-2.6483931931426903,-4.530112603076023,-5.002920046664761,-3.26393148659466,-2.3746550182282773,-3.7377753390375648,-4.299490810465243,-3.1585989820581806,-2.4236929271873784,-4.635440702132101,-3.8914107651135033,-4.958451506973794,-4.062095513187546,-2.7767968713991142,-5.1821827660270205,-3.3261723418917035,-4.741569326105694,-2.354829994994517,-5.217471276107001,-1.7661681948709953,-3.331183279293455,-3.9998960470899125,-3.003967948069234,-2.3448819856386622,-4.622375073581254,-1.8407233082339893,-5.005553156211573,-2.7877190016012015,-2.6772750064900066,4.0,1.0,1819.6789329389353,0.661025172799703
447,-2.9599702951045157,-2.518198045392778,-3.898360321833307,-3.6315314054285786,-3.8775994570960255,-3.750959118221302,-4.414993713677953,-5.118727887217047,-4.66333491302069,-3.423310504527354,-3.4264732409734338,-1.7883961520015348,-4.224692056644444,-5.0118116027533395,-4.428104299800052,-4.155685963890082,-2.010437341453052,-4.524718283591521,-4.091328530662038,-2.7345471918108313,-3.853974413512969,-2.877955478928687,-5.309552623294752,-6.2342640214857985,-2.2806507407755605,-1.905481673796236,-4.7039931811362425,-4.587036112275182,-2.927549409740212,-2.167906769412055,-4.767831575706488,-3.9489714725890255,-3.7896311267722593,-4.580835716332825,-3.1663695842983666,-4.118366889419295,-3.630955130421259,-4.287514426469137,-2.8666292182841167,-5.192430684458713,-2.5101731670011,-3.106793874079225,-3.776209386998562,-3.8698080008529416,-2.8057723162909443,-4.610964895465181,-1.2523591161085206,-5.205256842046396,-2.5233645665864937,-2.1259164854336556,4.0,1.0,2058.0021395124454,0.6994973886137485
448,-2.946050225715869,-2.1609968026777255,-4.293399177599955,-4.420366696807463,-3.36478779496961,-3.5796361771574503,-4.694369004891465,-4.913148429886863,-4.941747698688188,-3.1143175842699913,-2.959900992124807,-3.255102481069592,-4.229241746495882,-5.0749751903572635,-2.8765703920296004,-5.040097542312771,-2.2507716979254755,-4.704610247354614,-4.312083433616257,-2.5697786069298476,-4.381532258781354,-3.1721347808127565,-4.515668602591391,-4.517502221813925,-3.2141158318973475,-2.0953719186907174,-3.957883051289488,-4.2099445154014505,-2.79792248543817,-1.0229235296842742,-5.428473989869709,-3.817959680741991,-4.185992623171636,-3.7992297524157013,-2.5726681254362096,-4.1938023480719755,-4.103338360552209,-5.736116637318222,-2.7883365388299444,-4.915392740213029,-2.6675315169766973,-2.016743758158775,-3.6584642900352273,-4.38060842434596,-2.553426799975306,-5.526178644470183,-1.6277622859679066,-5.092675477927726,-3.017384482816237,-2.0594762170268184,4.0,1.0,2479.900494392931,0.11421520165276276
449,-3.208673533072105,-2.0383614054789776,-4.284864949088507,-3.818352122623282,-3.836548079658449,-3.829680250512904,-4.043780289391723,-4.119379455483023,-4.608888085977695,-3.046913314350114,-3.5867719778745055,-2.042450882244837,-4.42782473613169,-5.13697219232464,-3.3275148103328274,-5.4872316308016496,-2.091173506347592,-4.830168727734509,-3.275541554273581,-2.867142206435926,-3.7186749189606023,-3.630654269006223,-4.666519655179293,-5.40469273836924,-2.746625275378549,-2.4657229269989505,-4.879128385040633,-4.692691312719791,-2.8816648925775916,-2.0946879597201837,-4.330650700106575,-3.1355370904975555,-5.176680702307807,-4.442673246307335,-2.6958521030617772,-4.620039610840482,-3.6088948305680764,-3.783317482209722,-2.851406986334814,-5.387498700411941,-1.7654141902944998,-2.3653270157430524,-3.0223912636545722,-3.8271422658785896,-3.325430927413718,-3.5679934794245183,-1.5017554923690772,-5.029167254640868,-2.5982005814788693,-1.6201409570239056,4.0,1.0,1994.3667596417065,0.22405746230290077
450,-2.183354134757883,-2.2652286210263854,-4.271340332273027,-3.9135427148470465,-2.845533746320665,-3.3515447854007188,-4.374061068791651,-5.04155822376659,-4.951994509877423,-3.7115566948481957,-3.32470293092008,-2.2484841546306327,-4.405096038975264,-4.7996377430646024,-4.2618845478792435,-4.784134231575167,-2.136424829047748,-4.20186706039599,-4.119479324298071,-2.4786538958274056,-3.905503108410959,-2.0360859039242314,-4.821542467863139,-5.116535731726135,-3.0856503021994564,-2.307609353849064,-4.169386166864705,-3.9051110022811035,-2.6782290466269902,-1.8033191931333172,-4.479001329487465,-3.6026068085321845,-4.670421551173529,-4.717283698771515,-3.150998617805111,-3.789113411087036,-3.5903120453604203,-3.922129834659262,-2.634194958154436,-4.949649052569987,-1.1208714049395572,-3.0307824037216196,-4.208716098048993,-4.159269494846757,-2.329553390154631,-5.467402599264893,-1.3192060775954135,-4.032119973909532,-3.2192716473283927,-2.021729498119187,4.0,1.0,1784.8708605440743,0.42013531708925084
451,-2.5602599515263167,-2.420347982897393,-4.857647356486677,-5.291116898800339,-2.8184317638097225,-3.7514024388961524,-4.260533113015722,-4.908017198299114,-4.788757997915512,-3.4250556153325817,-3.2494603292047604,-2.601048387903181,-4.291478020744131,-4.754445337045573,-3.89022831597327,-5.349859982017679,-2.172521134173813,-4.031507111020492,-2.971024294163863,-2.7784527758617146,-3.4436460219250433,-2.312784616877658,-5.12405322402393,-4.613961949512907,-2.5672104799279953,-2.5292849872099374,-3.960388921355421,-3.0355086073889654,-3.682172635817413,-2.1114419382904823,-4.684950862992893,-4.3802561826941195,-4.643462767983022,-4.15110523167163,-2.3818116453563762,-3.746987324370852,-3.6837608066018146,-4.137469894666147,-3.173365269230672,-5.0020020406435375,-1.9439915424236407,-4.105588526535276,-3.7899229678117,-4.343597104289953,-2.017432543657291,-4.036357502278306,-0.8393913270748137,-4.093122241113753,-2.967816574258916,-2.357979281069912,4.0,1.0,1657.4111080632956,0.7206863715992519
452,-2.7376461108911907,-1.9560175619292928,-3.85442628460244,-3.7875766460801716,-3.1756694008619166,-2.8643860429911934,-3.884493647960101,-4.813891168607594,-4.751076438091208,-3.088018549898031,-3.160391809606145,-2.2822922360529145,-4.1744875221382305,-5.289854873471917,-3.556507006027476,-4.512549542844661,-2.0721643602324202,-4.809450369537491,-4.126010633117489,-3.341271991665534,-4.057110841950223,-2.226067266890114,-4.745350714205675,-5.05829504900196,-3.382477460802197,-2.6446989060988115,-4.2946161239775975,-3.7151457661303775,-3.9091908386557344,-2.6602165220652703,-5.124908663886883,-4.262300488112123,-4.218347436618867,-4.1252797710317095,-2.143231377019723,-4.6364201577733795,-3.7991786283925943,-4.477170044295094,-2.6048368180209334,-4.384754694162013,-1.278381559151827,-3.3492576804709566,-3.6208752623053226,-3.414858766553955,-2.969782792277279,-4.595785305468432,-1.0822391963261597,-4.840374673520917,-2.962586212917443,-2.482895712735295,4.0,1.0,1795.8613880435048,0.4819655559732312
453,-2.3263423448321796,-2.049474226810002,-4.7520240912127445,-4.741371749680505,-3.1659879111590823,-2.9482235590182433,-4.6487953194372515,-3.90903215452542,-4.238285803760614,-2.7956266434972905,-3.8408723746205724,-2.2780165973994837,-4.467954896290101,-4.663143037377384,-2.4763699557563745,-4.576227516611898,-1.901696551837523,-4.5867412249752935,-3.916088204261255,-3.0455157721419495,-3.37428977049602,-2.8409082878347283,-4.881955735516888,-4.386928735198543,-2.772029821427916,-2.6115176549370935,-4.420470029961898,-4.387945664256999,-1.8136258767945432,-1.8394824747777883,-5.160321245983594,-3.7161639008524743,-3.948779337144283,-4.801983175325999,-2.2911518545709777,-3.9061953651256354,-4.213481137835331,-4.7603608634583665,-2.3802707742739084,-4.335525333588544,-2.2179863274915954,-2.7038141017193027,-3.729572428812,-3.237029385310215,-2.4697922575519278,-4.691942576006882,-2.1003414506034535,-5.1202294067936975,-2.9923326756742155,-1.7473328319660664,4.0,1.0,1517.7276793554765,0.5534365520656283
454,-2.6183761370275067,-2.4160998054756995,-3.868608302708563,-4.218212871512073,-3.229415236478067,-3.056371633811255,-5.193438992516395,-5.10009495470783,-4.391381797127015,-4.2858513945257455,-3.957269238196899,-1.988486662748831,-4.501312000981847,-5.26520865037859,-3.6717857560312788,-4.991781391920301,-2.068417047441231,-4.61911812008293,-3.5275659173452234,-3.19318564324615,-4.144920275926165,-2.158073228127072,-4.989344266065264,-4.496085818074585,-4.192400407099802,-2.363459319714204,-3.88293220341251,-3.9874828513041396,-2.9299069668328035,-2.6031638720286536,-4.83649118120169,-3.4965062162025977,-4.2283510393866335,-4.6471740618410475,-2.5430480464265903,-3.4831328167977267,-3.961619907496323,-4.212953917782037,-2.087983460809034,-4.745616533087023,-1.795256452103408,-3.5238216491076484,-3.40682595686634,-3.7681930609733656,-2.3383541766297435,-4.573836633488532,-1.6062082370365685,-4.229305816739996,-2.886062670984065,-1.6344038786242248,4.0,1.0,1964.6197561113959,0.22607593039204527
455,-2.5689538278775896,-1.9783939363202647,-4.493117284872166,-3.88756325912682,-3.518632613467845,-3.165762919435087,-3.7164169110167364,-4.710818674830619,-5.3031718954163765,-4.070245396436485,-2.9173604219151636,-2.694012641596694,-4.7097611723988795,-4.036319498472247,-3.6301646489114545,-4.650140095148158,-1.928054676290879,-4.3352621106311675,-3.3896735187468763,-3.9077822700125107,-3.928309600469487,-2.4677105408613134,-5.112346739997258,-4.904824423813747,-3.900458913517897,-1.9549013048151747,-4.055214589259619,-4.918594402782209,-2.9415059064308577,-2.2423069815344885,-4.91322670090147,-3.6747049250264303,-5.566941665033445,-4.278034818075762,-2.27760288982765,-4.601408996750938,-3.5659302556076047,-4.094114013166902,-3.9833974913449044,-4.602416108028597,-2.3175473709086405,-3.3462765810485013,-3.6293135833916823,-4.002585904213303,-2.317684237849282,-3.834269822111452,-1.5652384736628366,-4.520330561361244,-2.9350999041167958,-2.152176410437694,4.0,1.0,2116.8930638468887,0.22120598328616597
456,-3.1104307841020655,-2.0918117988384908,-4.026238324951538,-3.5444704725553815,-3.1243954411833017,-3.700789345603233,-3.6546473560447583,-4.760821068755362,-4.21668276277212,-3.522255751023443,-3.719618579224558,-3.5103818880166004,-4.2467708002388385,-4.7850467478555725,-3.0146912078648755,-4.313754354612512,-1.6973054305815993,-4.794747266114141,-3.000322957061814,-2.8508760685439043,-4.398814895488246,-2.6931631878396725,-5.615858413560009,-4.599247920790747,-2.1387795104784515,-1.9721044666187288,-3.702499321551569,-4.154481200935417,-3.294837575531443,-2.7270520397517197,-4.273311813167556,-3.849406902936681,-4.679354275696967,-3.589559064159545,-2.492050823145145,-4.109711128272143,-4.38081057495443,-4.319029937457494,-2.787097613635437,-4.682484892837219,-1.1545797443982084,-1.8206439442034428,-3.128699854899421,-3.7387125905606173,-2.759634853416546,-4.228432037013026,-1.3813717279436193,-5.211350515607337,-3.1315176677951126,-1.9048165671180493,4.0,1.0,1657.8752352984548,0.1250296680072772
457,-2.510129719113092,-1.9585398010560744,-4.527926692461857,-4.418833149794544,-3.4721482454789325,-3.932841117111245,-4.548049527464368,-4.400419279069461,-4.206773340443466,-3.6423570391230773,-2.5246746010872814,-2.566331843083418,-4.373620843113449,-4.636587806235138,-3.059214217468053,-5.300333337900331,-2.193930827049243,-4.748562597025082,-3.6834220210234725,-2.648572694897551,-4.167877022501344,-3.442814677951896,-4.173909760875729,-4.499037732897847,-2.983643152794211,-2.6639025192074093,-4.32789600833334,-4.279640315183014,-3.644502792227367,-1.4457955810571175,-4.270969269907379,-4.116582864279438,-4.982114124025246,-4.839904703462786,-3.047870787944116,-4.963445401342138,-4.114940123940238,-4.143466143979367,-2.6592674703416703,-4.523976286267149,-1.9794670483207613,-3.584689857969467,-3.730460275135343,-3.739423318758392,-2.315512441786786,-5.336289609529138,-1.7264525893782015,-5.142713141283801,-2.912165943651434,-2.418519841682746,4.0,1.0,2090.2619558618503,0.5310307274436725
458,-2.614110356971271,-2.448566388678014,-4.901466703098304,-3.951214627619652,-3.8088019800173036,-3.5548992416011713,-4.3978962569898155,-4.955634969929192,-4.067914572854104,-3.5657035764991214,-2.9454037232127983,-2.5053871581863545,-3.6391250569873694,-5.0170968589357745,-3.6740050833028093,-4.6380148157600845,-2.333835869830765,-4.0140396569085635,-3.8904119109830972,-2.2815209377508534,-4.085103839339948,-2.779372285577486,-4.187865776271359,-5.364430248292755,-2.529417017812974,-3.4095862300105866,-4.7273586180879,-4.07789282342077,-2.5246250152155567,-2.250886427996003,-4.67018230679635,-3.9166531675086356,-4.711547317157241,-4.165158131833927,-2.1801736254477158,-4.407355224265416,-3.718276093668629,-4.375568327146035,-2.6303946252571113,-5.292049827714673,-1.4457884943067858,-3.095166864686442,-5.155150094605676,-3.878079397963947,-2.6839296683792697,-5.12651919566736,-1.431338600222452,-4.542339476719221,-3.199874404139948,-2.3214393913848403,4.0,1.0,1866.2352521225814,0.7542467804627582
459,-2.32277608256911,-1.9686457458030657,-4.954544911947183,-3.9367230697385884,-2.9596112129249414,-3.27670998407027,-4.9409099523473,-4.8184717001642845,-4.258516264362918,-3.0080227877342915,-3.2911502509774224,-2.078926155307345,-4.741125176700671,-4.671203925792362,-3.5644691950430785,-4.684576047289274,-1.815520918200132,-4.512413639127119,-3.2437218524826017,-2.9618514805229963,-4.292593842733002,-1.9771271640053227,-4.411940780238592,-4.864904176000983,-3.5067770209154387,-2.7434271249382083,-4.2310394043891355,-4.162195086674717,-2.942734512249073,-2.600573953122759,-5.06930694269828,-3.2848121160368775,-4.668702755044262,-4.379188677159169,-2.697208089817778,-4.407566419892972,-3.8944610173757925,-4.127705878449283,-3.7722210787366626,-5.328149784929011,-1.870463078322557,-3.4200410959101415,-4.151571079691613,-3.631251619803555,-2.591599825303014,-4.463964998795422,-2.40786423110824,-5.0232765512230895,-2.9429010491792,-2.101305416279797,4.0,1.0,1955.8895137546854,0.5450571941457608
460,-3.3691526813092643,-2.2084450776757487,-4.82210345246619,-3.516506107188508,-3.8132623022706076,-3.564009802988723,-4.076534547956095,-4.718988087711684,-4.216185096883889,-3.952901481865983,-2.899135298961238,-3.606107469430134,-4.377498402035364,-3.924651095201839,-2.9950917086598845,-4.067689381805665,-1.7693901908857401,-5.1564366105498145,-2.7667505722705443,-2.901131410859789,-4.1487615396365,-2.63461049088597,-4.003103607979786,-4.915148270464615,-1.9509870197402694,-2.355530271965953,-3.8016717366112442,-3.1511863499568173,-2.3569769238109304,-2.624938329129262,-4.929967842733957,-3.4694971637325684,-4.267785997728429,-3.528737861954813,-2.33688617436476,-3.7374311710642587,-3.5644341863296836,-4.368248831730565,-2.5670476961171875,-4.754720382798677,-1.588782114034243,-3.0350139635679825,-3.588044686137963,-3.664946290671025,-2.3671409248141764,-5.5189126692872,-2.193586819129413,-3.9064135717695625,-3.248094513623409,-2.158786110022763,4.0,1.0,1286.4982564262152,0.6903861895266591
461,-2.9041924378538257,-1.8807628380222727,-4.777595260310145,-3.7682598013476265,-2.240299843654121,-4.428793532071406,-4.422464227865498,-4.5778111391332885,-4.505212995167146,-4.0177525544322945,-3.8734410100286265,-2.061688508472075,-3.5864513169999546,-4.52030067547499,-3.5855094808040455,-4.67313762380792,-1.9781410374622725,-4.553293862777153,-3.8136133122616576,-2.3478823963097275,-4.559363339674589,-3.1879841567109857,-4.275237740392451,-4.783440391511796,-3.32155737019103,-2.512815849593356,-3.6490292823732586,-4.012655485079177,-2.261876003363522,-1.880982748976613,-5.260930459707523,-3.708877581974837,-4.414820214070124,-3.5485128580778698,-2.8736466685523863,-4.8368729293610615,-4.112936995911255,-2.9437938687247645,-2.8269948616091902,-5.4779303352709805,-2.5415374087061497,-2.3719031007135487,-3.2031049823885462,-3.8862385290752592,-2.7705848090867002,-4.344485844296133,-1.2490718710361568,-5.535027138504167,-2.461000783210702,-1.9617463815940515,4.0,1.0,1572.3401127861607,0.7292052724536788
462,-3.3690559584203577,-2.7589073323100304,-3.9253375040140037,-3.8487278960967273,-3.7167216558610088,-3.580934807536056,-4.137686188812533,-4.432852571140607,-5.464702640028003,-3.596746911479006,-3.7932671935192475,-3.6344569973869323,-4.359917362700348,-5.357795280821339,-3.5849929522598893,-4.121309879755308,-1.9093221019119049,-4.599698717950775,-3.84239357262328,-2.93276924675745,-3.4499661962266837,-3.2471223622771186,-4.379533288530796,-5.001253411868153,-2.666359512313149,-2.539144257563941,-4.064113953110286,-3.777237854950312,-3.1634528006115357,-2.4090534282367018,-4.560786104298812,-4.265718254688337,-4.904092571587966,-4.396231377470414,-2.7712616116072093,-3.8396840692929213,-3.9063873200230477,-4.064186389476559,-2.5933823193311007,-5.1019890599409505,-2.2237717180318524,-2.5541086790903496,-3.674092099100026,-3.9704194907154386,-3.1972120679008036,-4.915560102223979,-1.532942252015625,-4.938197188648472,-3.083438114920629,-2.2964641588526162,4.0,1.0,2001.5946709745656,0.6522723858229987
463,-3.3377135479162416,-2.8103717438824765,-4.359825638266992,-2.987807845819379,-3.4404977723328396,-3.5806954124342316,-4.6195589384467235,-4.349930986148962,-4.029107133906155,-3.6898999086529605,-2.829453661810361,-2.787942641757411,-4.01565091342564,-4.857444222294318,-3.020680045722545,-5.264162489630759,-2.47744320715277,-4.509879232362029,-3.1549931021043767,-3.5457368572446253,-3.8922779829212475,-2.6259030243618113,-5.13873817348979,-5.895971070104224,-3.15296014928941,-1.5901331869567739,-3.229237766695526,-4.482312947809684,-3.174361818174317,-2.5924281430171514,-4.363558843515834,-4.181505495408991,-5.065482271410391,-4.247408050430539,-2.9814670402569967,-3.479957090934051,-3.6707773774469996,-4.92444648162391,-3.290039973297238,-5.1140686337033445,-1.8863575625752493,-2.7663113132885457,-3.842241034559556,-3.8129969648045834,-1.995307086267363,-5.022320172132624,-1.9272602426342325,-4.4214538989105785,-2.435550356732313,-2.012683782361882,4.0,1.0,1794.3839007233646,0.6637982913322462
464,-2.822832251375139,-2.0829411514967986,-4.409775255193288,-3.555019645767662,-3.808729756895697,-3.4304320850353593,-4.172679928612839,-3.750196572747789,-5.364475600764999,-3.387070240407444,-3.500334836928959,-1.935514354971256,-4.692627832983451,-4.349878473133759,-3.530787556934231,-4.441553956450053,-2.0141211262134866,-4.886756011968339,-3.825128619813283,-3.2207032021387563,-4.256504564517855,-2.544450929805225,-4.939956007688834,-5.503891469987847,-3.3323750863865698,-3.149111598308492,-4.333631663292206,-3.4045829819791993,-3.997102380631075,-2.07947424902627,-5.339433846087065,-4.005715835561224,-5.09257590553342,-4.433830270477846,-2.448374444115019,-4.5400940452295195,-3.795907786527066,-4.022779483972972,-2.6623280515153516,-4.778656003089441,-1.822012479931201,-2.838264651063925,-3.8012565378009753,-3.7701265629864538,-3.0071533082191757,-5.021548014683755,-1.80189004155114,-4.44502463871954,-2.4701695265832346,-1.9163920225258333,4.0,1.0,2494.175930827811,0.021677639949927132
465,-3.1817770602589306,-2.484733801376728,-4.554216101023775,-3.6846805328332057,-3.578176028293487,-3.1298581868131317,-4.1659685721727895,-4.236326381763077,-4.3668560198803315,-3.4818374090168307,-3.0885803262037284,-3.1967686348109003,-4.670382128249737,-4.459422980115637,-3.9842739249220807,-4.714509014686994,-2.312466096263252,-3.939339912873251,-5.2022233140738585,-3.7679812843319462,-4.2537850309952585,-2.9870460677212978,-4.1016746919861955,-4.7272836951290165,-3.1292337148243456,-1.9957199130855345,-3.479759905924747,-4.422934200706872,-3.1411595835858175,-1.3877345319361467,-4.387711563405906,-3.9309247124394653,-4.734122762186095,-4.570420837185895,-2.1535471032568365,-3.9749037937069995,-3.4233444643781406,-5.005474602795166,-2.863331018882151,-4.5060467789254295,-1.492015348392032,-2.98344197653892,-3.3270881491134316,-3.9352643073917575,-2.723700984983415,-4.229885946536667,-1.7086035789355516,-4.98491208906253,-3.2562611266440293,-2.106683598727479,4.0,1.0,1919.1880162178848,0.19275819941241581
466,-3.342941616990446,-2.493345952227675,-4.353803070612813,-3.8710939629625356,-3.11655593374908,-2.61098851548826,-4.408896951367988,-4.767662509316655,-4.454795914991591,-3.7475611734167105,-4.3323672807200895,-2.602455236642405,-3.3676528315755645,-4.406539236477292,-3.147407883260711,-3.8299786329634458,-1.7302278992991975,-5.47090444950334,-3.5633367393983697,-2.7236807657405864,-4.329952127950312,-2.502916702271245,-4.879866022963573,-4.990330966064001,-3.037473265908887,-2.056664980050457,-4.994086636228549,-3.4855242510741817,-3.108208729647837,-2.1200298995838094,-5.0967049000477385,-3.923984312767685,-5.383756908660937,-4.361529824923039,-3.0175278708827333,-4.622184734979828,-3.4351048284912054,-4.409421703799885,-3.086719268727998,-4.508258990871678,-2.106586701824184,-2.6213526877427116,-4.159187784903943,-4.374403017458347,-2.662825931641557,-3.9290888615932156,-2.7108051393090324,-4.2231437594050005,-2.2294692631265587,-2.1868624295734507,4.0,1.0,1980.6639963239893,0.2130614479645738
467,-2.917987693182164,-2.3974586232278012,-4.408075009145383,-4.529884892850702,-3.612744704929403,-2.8036758388422207,-4.321521367791565,-3.968452647553722,-4.202409451133431,-3.3273115281485643,-3.1857459094432032,-2.5317411351556696,-4.75762238346515,-4.780047173742713,-2.714157025638436,-4.831602003850929,-1.4553861550384437,-4.379196781135313,-2.9666835482843,-3.1365953698896556,-4.22352683745928,-2.809890639674438,-4.055044882506436,-5.367540197101722,-3.5395898984952203,-3.3117569737799113,-4.379482444271542,-4.046309628517829,-4.141446611652096,-1.6785265464014305,-5.313868450315421,-4.061719872637102,-5.2409719532597885,-4.07038592426549,-1.621873149090758,-3.8076457248492357,-4.0914448048198375,-3.9488626336044246,-2.8542821633360034,-4.292845119779477,-2.3436681910139328,-3.7487146218371836,-3.5476123033353217,-3.3118705817125504,-2.8510785374843173,-4.427433742169306,-1.0629291314677767,-4.473512813419944,-2.66073891046818,-2.749304011537678,4.0,1.0,1828.331820426426,0.3041691277995157
468,-2.8990571164682564,-1.3642812379346687,-4.350442234891551,-4.266876113358912,-3.5884826033785653,-3.5823887799392367,-4.301628217417035,-4.113121562915882,-4.769881588295966,-3.317559026173553,-3.4947325761076002,-2.459635407909424,-4.697041089293747,-4.680204785950217,-3.2235201747351194,-4.554346548241941,-2.884998706161312,-4.229928348109574,-3.7890090878396965,-3.0089440546594877,-3.8682389828860932,-2.694861775745448,-4.331329659030987,-4.834817669912771,-2.597594483541068,-2.3530104194934336,-3.5133555405400694,-3.103978528311439,-2.995667750768476,-1.5100449721736178,-5.368018247178098,-4.03765257022406,-4.119017054390806,-4.551695929962582,-2.369733522255909,-3.9282928361300558,-3.761064661735521,-4.054726611210414,-2.643625922579675,-4.759639772163832,-1.605289284354086,-3.114981191214013,-3.6008571247400822,-3.2870086487331127,-1.999993814197393,-4.440459724825957,-1.8133332311798958,-4.460813623134768,-2.7078896296214694,-1.3271328665508733,4.0,1.0,1462.6892901663568,0.3834013570693564
469,-2.4097462159598937,-2.675952873576139,-4.321154983000401,-3.667061337499878,-3.00670357956999,-3.3362437311568134,-4.846210015560539,-4.935886085132896,-4.54900647631107,-3.038200969888799,-3.015088045776073,-1.8463044398945683,-4.286279474546125,-4.526559831078842,-3.1895405145125553,-4.8620082082749345,-1.4676659427907874,-4.747018285754636,-3.543575522865019,-2.516533967886351,-4.207999095746588,-3.209100556943195,-4.521380908847858,-5.086106078213496,-3.2394430543110904,-2.192416033862248,-4.036542617705495,-4.210784402374872,-2.7650294323324207,-2.3138027710707783,-5.346319901670603,-2.849711495689684,-4.66694999485642,-4.693577094791564,-2.4043726980170885,-4.165882157970358,-4.575764359819984,-4.201696578423318,-2.842238518068566,-5.162411139127641,-1.5443199436414656,-2.9416994136023256,-4.419417307821059,-3.593688499034316,-2.7314140566909026,-3.890925419772687,-1.8562674797948235,-5.413340172051813,-2.6578250656068816,-1.864471674939069,4.0,1.0,1910.605555942699,0.2571352766241941
470,-2.603486817977591,-1.9819461560838816,-4.58105764114399,-3.967795471652991,-3.434298444723917,-3.7966597908975483,-4.098587246165818,-4.8850240517615875,-3.8847780932484017,-3.488359129078999,-3.1485133603818123,-2.903182618275394,-4.156774370226295,-4.830970369307784,-3.0538826061550948,-4.751252785300106,-1.7443986596894434,-4.250189622620753,-3.8314115549043684,-3.1275319759331266,-4.281115468962768,-2.6253568717996862,-5.407129744720571,-4.97463679585023,-2.81585225166907,-2.443739338298006,-4.559271773909857,-3.6955665876317974,-2.389137356848567,-3.045651186087546,-4.84979049404333,-3.5228599803619876,-5.165483533298391,-4.257167227859617,-2.196180089834992,-4.591679676065062,-4.7164686739927255,-4.128412691987627,-3.2922780746859663,-5.534029470891403,-2.383693252307986,-2.9510106731004426,-3.330895171201337,-3.4041176563621276,-2.8881568075173853,-4.493295369054378,-1.2432030237443576,-4.876336316336828,-3.944909223765949,-2.1305820611193633,4.0,1.0,2122.9315927988555,0.34964504318633144
471,-1.9473757353364545,-3.1755691168641493,-4.064157330689559,-4.2981059410471225,-2.7529867965576114,-3.94171447278862,-4.464681265060057,-5.4931485646628335,-4.798482246058938,-4.483432884266546,-3.8084086012189715,-3.4632617467667783,-3.6320292184359007,-5.118329055881532,-2.5613742069087375,-4.673774274318084,-1.617378644970541,-4.62682256677672,-4.180806047924087,-3.2449825992546906,-4.924736079359686,-2.3807609915988435,-4.739400683833729,-4.649569907052802,-2.002100217957219,-2.565729580093999,-4.062076508187107,-3.782497599663295,-2.6923521913415676,-2.006615152788939,-4.869724760847655,-3.9747246811047505,-4.800603936901363,-4.660808666109131,-2.0330740044103024,-4.934052245026065,-4.0998339679342495,-4.772140145377121,-2.9267516185881037,-5.009145403477724,-1.093070184599851,-3.3391395886425084,-3.398844380524952,-3.226191174810687,-3.0017022216929843,-4.404518975934084,-2.397708482121522,-5.352187068873183,-2.7742365117974126,-1.7425633731416321,4.0,1.0,2169.2662216768763,0.4466153391131853
472,-2.5037274194827686,-2.187180678647173,-3.3708353140718392,-3.67362470442252,-3.6888849732793076,-3.7967895777948497,-4.7111565724353355,-4.344617166566852,-4.463472761538011,-3.177159973940988,-4.121654601490633,-2.414996230186377,-4.496627688286314,-4.257739335405214,-2.8217519470426615,-4.619425686296189,-2.0401243791495522,-5.164935477904605,-3.970467553251865,-3.068106992436641,-4.0039001888376,-2.6707646706335693,-4.3128551535880675,-5.328964062701484,-3.0179024393779352,-2.894675996108252,-3.785194391707166,-4.08670286650509,-3.2205668820170876,-1.540070802845315,-5.435790048950137,-3.4333337789944522,-5.207764472641516,-4.486416447219291,-1.4629605505800825,-3.9352048013448635,-3.613182968375888,-4.64018709104496,-2.731427341410196,-4.5265442228153105,-1.5589581177911709,-2.755567834428772,-4.579087709418499,-3.320400441058552,-2.239397700598948,-4.7529077558026485,-1.8685676325180325,-4.6337317778205795,-2.769910517449209,-1.600232981210867,4.0,1.0,1777.038589742437,0.3149203926789487
473,-2.6249655624304378,-2.0006579365545742,-3.8794626556326524,-4.30739224601706,-2.9810210564126396,-3.3203560337691718,-3.6165405913329787,-4.869481997206784,-4.24381347603033,-3.967574635939499,-3.171236252762975,-3.1721341693562874,-3.673712512332841,-4.623153538951646,-2.8451029777156367,-4.791047526369791,-2.024451694723859,-4.276421228793239,-3.6853029516386884,-2.708450947378114,-4.550257956973383,-2.5512939597961832,-5.132777674067418,-5.101301437418224,-3.3125372506904958,-2.4520217160365423,-4.123200852750472,-4.596917492879866,-3.2801197236134967,-2.1811319977404255,-5.734045187728284,-3.5044542079655776,-4.789937000335347,-4.102852920475024,-2.8236585333856676,-3.9739570881008732,-4.266790066291817,-3.867444347966338,-2.6642060558686627,-4.486687356933296,-2.016847614774084,-2.4240702246442223,-3.4149483843251773,-4.0801331427965675,-2.7080972825972145,-4.768748528726869,-1.7289640732009492,-5.010084794049117,-3.2216753097243847,-1.734857398990523,4.0,1.0,1810.9520784915214,0.46261029685991534
474,-2.673120513078314,-2.881528826976456,-3.7973271486694986,-4.783531301941473,-3.7340720982311963,-2.1996771546276235,-5.186047912653539,-5.220001130800649,-4.202028364299154,-3.318683415453041,-3.4690478545251406,-2.6297562115621425,-4.661119020584009,-5.010916239211705,-2.3921605534434054,-3.909195926669835,-1.2997147605490849,-4.688230697623909,-2.8063050527607336,-3.3307831054546804,-4.165299460527825,-3.5382982430399514,-4.333816019812143,-5.492579451356806,-2.5791185644368393,-2.292299536998789,-3.412967488193801,-4.237699644507939,-2.915507215320851,-1.6835724323084835,-5.537117906509956,-4.459099830790825,-5.184947737694306,-3.631134611162309,-2.133237934497055,-4.10143138231148,-4.784860688798135,-4.414615827668417,-2.114236122918391,-4.649488789932339,-2.357992785108852,-2.313546280725417,-3.544471547337779,-3.8698292143951667,-3.3336000847705893,-4.894086344201554,-2.4981763284283467,-4.502397926271511,-3.492484371433708,-2.511504272575749,4.0,1.0,2021.1516892250986,0.3024955568830632
475,-2.4728082826246403,-2.8671335076796787,-4.643722471726876,-4.542429278680216,-3.873718505137145,-3.4731612043741453,-4.484733828243895,-3.9174976416747938,-3.93496508721857,-3.199712529953564,-3.7142989907900787,-2.078624297905679,-4.583674121488589,-4.408277422853325,-3.2225591841275043,-4.501197322811768,-1.6296754283351798,-4.724489983369082,-3.7073698515189095,-3.233634400142881,-4.074526221978674,-1.9620199122654896,-5.049099743302037,-5.024039359300379,-2.9742576212514784,-2.1828035438141593,-3.8055345656128234,-4.587779021562741,-3.1452857421770606,-1.8854199468242725,-4.083763843146321,-4.176791450795951,-4.777994156805661,-4.243892768739389,-2.1712987196972247,-4.4434929972414485,-3.67845749104576,-4.311964303234335,-2.1575317471695237,-5.1446137886475425,-1.6996145499384916,-3.2170900975970755,-2.8509641222986906,-3.937264799713065,-2.96693095793938,-5.288687073667995,-1.4767163330522444,-4.517650139330768,-2.593196484022286,-2.4729407135173687,4.0,1.0,1903.4448944730714,0.16295735644463907
476,-3.565449848001885,-2.3354503150160895,-4.756848170337286,-4.768167448630501,-3.715404754953118,-3.2045752754856656,-3.9766612054252346,-4.667523587429159,-4.751991245531285,-3.5350099712664274,-3.2186237281600967,-2.765931826167662,-4.130369863555864,-5.038804218305863,-2.9577475520273775,-5.7555560582018614,-1.6872026711137396,-5.034973225300126,-3.31478337429153,-3.1269689470454405,-4.020601695657969,-3.006398908839647,-4.449818358635816,-5.5258571054015215,-2.847943568634483,-2.9090665905554824,-4.253091240444637,-4.223233843071583,-3.067593753546765,-1.4717959219561976,-5.069201760082558,-4.529959746104833,-4.954153890193653,-3.9300221846254697,-2.803809347478878,-4.4964294819664605,-4.0665307996249815,-4.212080745421743,-2.6551433231830592,-5.229004262538061,-2.265450189965309,-2.475082114863473,-3.3585964518506777,-4.223979534849165,-2.7569413595476466,-4.389507899417643,-1.6353634524839085,-5.0623295931921035,-2.084143087081587,-2.154685121774816,4.0,1.0,2410.9325248770033,0.29137693511809565
477,-2.807429222879018,-2.369638744779163,-5.192726918741831,-3.2855873485017146,-2.584787778747234,-3.68641479672466,-3.684723121850594,-5.1836456534062005,-4.423039586100242,-3.579344708170868,-3.19770939897247,-2.592722028778536,-3.541654656163089,-4.182592886877084,-2.839905769566981,-4.228574192286875,-2.1047281694603117,-4.544731730880349,-3.8983135462540317,-3.255818594811253,-4.883294653457211,-3.0426627985031622,-4.621567226126977,-5.723467506571498,-3.1348136963593642,-2.3890140036175294,-4.713725931744902,-4.659736660325663,-4.150861019714698,-1.6252324743723014,-4.367983544112078,-3.9586391608614355,-5.066968411921111,-4.082026556743079,-2.559675013265073,-4.81309190085712,-3.430426592755192,-4.028370006613754,-3.0971442404961715,-5.059436879714597,-2.199615053168576,-3.5000266206357016,-3.2264956696243057,-3.9606361790319258,-2.660481144742836,-4.362411510369586,-1.1155597801529114,-4.999901203377678,-1.6041835414483652,-1.987387862768955,4.0,1.0,1841.7417304107723,0.5624181910931403
478,-2.8072717423279987,-2.872389643799936,-4.432699301348192,-3.4783992382676328,-3.494269814156815,-3.6168127629571876,-4.566376982697172,-4.859480703328869,-4.564215548234936,-4.059007709355885,-3.3870087339371997,-2.6442885705955628,-3.5651646469521014,-4.570705188749035,-3.2933622197271983,-4.629117022037562,-1.327450695017829,-4.482542461258221,-3.8423734824348332,-3.0622923711946948,-3.8371413979009508,-2.482566054179613,-4.564068743547867,-5.46309832553324,-2.6098893153796787,-2.5188756292532744,-3.7464439880334974,-4.0528987051527965,-3.4183789521342898,-2.2126656189245857,-5.071196372397801,-4.608350156596119,-4.963927087284464,-4.186882275329142,-2.2610206849506818,-3.5343247633147197,-3.5114494829459555,-3.9412524189383578,-2.9896857508774164,-4.844067896010901,-1.7186420417116883,-3.1407499039135134,-3.139216440602664,-4.137226338188262,-3.0109790269676204,-4.43648317333011,-2.493656653887081,-4.740415941891802,-2.693910704421073,-1.8140960263781698,4.0,1.0,1743.1219196734314,0.5898137138426948
479,-2.5932816484561503,-2.6602593279335083,-4.3702038690585745,-3.9697925092562723,-2.8316962963465393,-3.114921541341422,-4.03978764746962,-4.313339639834545,-5.551244736368807,-3.4973911680827627,-2.829827034162352,-2.244826485488859,-4.151709307762666,-4.745250252318328,-3.0990208757566573,-4.5330333764428214,-2.288482100742082,-4.3465715183898155,-4.414267120591046,-3.44568070815358,-4.20803530738719,-3.3695339351365776,-4.8132461681791225,-5.3262428107121025,-2.4890929438124494,-2.368191434641764,-3.411892018427451,-4.585244012372819,-2.779352889193523,-1.913563937090613,-4.869757126667998,-3.246497965708062,-4.133230084651606,-4.2375874433775325,-2.6936253980867106,-4.431097229219397,-3.953356028528734,-3.885345270301799,-3.3166367222053417,-4.649187569474791,-2.7107940157529775,-3.4300336967474134,-3.5227646474134353,-3.086516174570419,-3.2069475761444153,-4.264010162622287,-1.588338506567402,-5.03615312039482,-2.8920628443952503,-1.8757510904079364,4.0,1.0,1706.011172645568,0.5460692001543669
480,-2.4167006799032618,-2.395145246879416,-4.465917764828167,-3.9065097254893018,-3.835542395465595,-3.1754733592854207,-5.415053858863452,-4.4684965814424675,-4.4749561112429435,-3.678024169913176,-4.217230462739515,-2.617623283440351,-4.788400777760142,-4.679820458163386,-2.91196595552086,-5.19380267329946,-2.0742164980830426,-4.660605742194456,-2.771775295663088,-2.926842941085215,-4.621694700240422,-2.9488181800017967,-4.425105228389298,-5.324875119733702,-2.6134695438456768,-2.0103490575210676,-4.696272169749378,-4.540726191533963,-2.8472549785228027,-2.4273853050441616,-5.0076770210400205,-4.129339080249844,-4.121842833967866,-4.283567368070651,-2.2699050240774996,-4.7737652442989855,-4.204576156680121,-3.78247544523831,-2.689053728624583,-5.093143071124441,-1.9254984122171908,-2.82947254385587,-3.710216432046061,-3.672906786505142,-3.4058631993352764,-5.004659566394899,-1.734980165465202,-4.561303701299013,-2.6784504712268524,-2.228173330788633,4.0,1.0,2470.883779724572,0.08016718279217479
481,-2.7311582597569184,-2.6306097299251823,-4.642007823842931,-3.7631190850055645,-3.2974884695940454,-4.446108497939313,-4.561323879616231,-5.1973221221856445,-4.906207250052666,-3.528762354758065,-3.092491791735193,-3.5277981294489433,-3.7445166740728797,-4.446305169808741,-3.610366002061447,-4.620298649334538,-1.9328159399432654,-4.179762603568495,-3.9441802714481464,-2.948473651969629,-4.288922173635144,-2.741479404134685,-4.936633913828533,-5.098320440816868,-2.4655703315333097,-2.5941601057974193,-3.939030618957192,-3.8180395819353574,-2.5449574934636163,-1.9060122628411482,-4.857470811577438,-3.3387996906779827,-4.539301161361337,-4.874377526750803,-2.7282286464077306,-4.868199690584638,-3.816873230009525,-3.520201245044582,-2.9865785608597646,-4.15513739580081,-2.5137200132831867,-2.6988262447835702,-3.178172156948057,-3.6285384166584973,-3.1202230329850194,-4.232312577487677,-1.5497324865081032,-4.149703996838409,-3.0302775560615727,-2.0398550819309413,4.0,1.0,1929.9407422401298,0.15075690600112
482,-2.128394344991052,-1.804630472190111,-3.731268006372719,-3.4290688697242766,-3.2120016814377306,-3.154824889599905,-4.664641172715023,-4.265367311939293,-4.73173117213548,-3.69392044999905,-4.456990533696263,-2.171258557818362,-3.818216159988688,-4.546667749408834,-3.6680916486636668,-5.755265604862732,-2.077816436596885,-4.167299918082018,-3.5168690901102404,-2.929123174645328,-3.8214466326499235,-1.756260907378427,-4.912884762512393,-5.002605915997129,-2.7555979873186254,-2.179225853408026,-3.7672701486261544,-3.749169321568935,-2.8444217986647455,-2.532287199546553,-4.854977711627873,-3.5339433775233178,-4.51340571892247,-3.5283086241505406,-2.657961601530877,-3.6413100251403137,-4.061906258919739,-4.514778274759124,-2.5470979959582807,-3.98430454736348,-1.4632466487831768,-3.31615527524714,-3.6574328536404215,-3.8454355292169753,-2.680414124537985,-4.39943881542679,-1.558511345465512,-4.689968656056827,-2.4743705195134664,-1.566634566802316,4.0,1.0,1418.0715299939413,0.4120005956761829
483,-2.5841520883330946,-2.3220291669272797,-4.3500995739408514,-3.626278661472397,-3.3909052359165837,-2.9351447757322866,-4.6322247678653685,-4.319639067349043,-3.0276943639296348,-3.9280203103047424,-3.845105007884997,-2.1572701162533496,-4.911911492823596,-4.588646253191352,-3.287695137582056,-4.546205479943387,-1.2098759281334535,-3.993962969942755,-3.6522975341143025,-3.314063991562861,-3.8292923806903523,-2.7997006725946783,-5.104139045089006,-5.303828019789382,-3.0389094213427077,-2.4272547594448075,-4.5523919540364215,-4.371882302962337,-2.5712934364985296,-3.068397249169072,-4.5105259308965895,-3.985584140910472,-4.660945531940171,-3.6058162676486853,-2.744085965759577,-4.163956902540804,-4.7192682736764855,-3.0415780423104994,-3.282865056598421,-4.5530211096020725,-2.1081296015083923,-3.3904044620069045,-3.9461328887343754,-3.6579812549786537,-2.765858619790333,-4.882583440345313,-1.6001257347948257,-5.581988663069594,-3.167748403165803,-2.1969542010233476,4.0,1.0,1714.6554016399216,0.6843168078647841
484,-2.61574136691273,-2.1020876314199866,-4.665053176941261,-4.196288717751019,-3.232327801571122,-2.8495810303075064,-3.7288202025133943,-4.483820511091769,-4.5068580155369276,-4.231611547967966,-3.8706972327446145,-2.2788058253815433,-4.147656338659276,-5.4092476531845595,-2.834241649673265,-5.036903111280987,-2.426482797495315,-4.536742068554068,-3.633112538944342,-2.3398598036784843,-3.8974696628846304,-2.470725291402307,-4.417417794919109,-5.47696264454958,-2.8093628549092884,-1.8930316762869959,-3.9449364394258812,-4.985603533120936,-2.81082926774656,-2.34277682899355,-4.268629201493624,-3.727259800588138,-5.39299226929069,-4.4131812551727165,-3.2061139405398973,-4.295411194531591,-4.0947850959135765,-4.096896447534052,-3.4146833816721207,-4.725275474062501,-2.3406685547530577,-1.6148790496806358,-4.256580894186947,-3.245591624240781,-2.641800322431339,-5.851445923052433,-1.0574919017525328,-4.652431481198165,-2.476442295540402,-1.6726257419610147,4.0,1.0,2276.681609132198,0.026088341511376536
485,-3.049952477236788,-2.536929774497855,-4.376098482249649,-3.3982802697126497,-2.808812660545298,-3.437688305585079,-3.778460702828368,-4.416890498383138,-5.102584382781182,-4.065795298656767,-3.667188286083872,-1.7416636390965814,-4.376088715013986,-4.485572404336147,-3.241460779898585,-4.445375962911235,-1.6871774267298538,-4.261278858830217,-3.2264364967346633,-3.115612738647103,-3.41627695195018,-2.80226024939402,-4.222577157867686,-4.43694707008061,-3.6163420329863727,-1.9862594023937679,-4.133263248330864,-4.011756052354055,-3.604196579200782,-1.7606507728762848,-4.771931050970177,-3.547413272416795,-5.079567821466123,-4.81464988992055,-2.665448592108596,-4.504451524172846,-3.425184065907327,-4.690234364012613,-2.720381814026279,-5.069668941245876,-1.800984685550344,-2.6961420231722224,-2.348358813235577,-4.247891782571153,-2.5203415132219775,-4.664944314753359,-2.1683516867011607,-5.328418511752761,-2.899011268850787,-2.1147585516540635,4.0,1.0,1803.26403874604,0.1536464508470668
486,-3.3638626981423423,-1.7535078642244615,-4.249820394887452,-4.715224867391357,-3.366056820282703,-4.2668177724980305,-3.631880355629942,-4.336102019580336,-4.645070290233442,-3.1647818189127706,-4.72968347103611,-2.4765151962758822,-3.4853741318254294,-4.796099529951298,-3.114319889879178,-3.737979237365195,-1.8969455018170964,-4.947613419053666,-3.9669302306813523,-3.6201747614077533,-4.066589878287065,-3.3868117226581482,-4.5749316371411615,-5.20884104182665,-3.5662786207862798,-2.2685251410475753,-3.279371812840682,-3.20075259796004,-2.7668441261587575,-2.254044631970099,-5.102254788620935,-4.129918600527896,-4.979247390766424,-4.113751922203207,-1.5676078786783192,-4.834679628551264,-4.145192760679463,-4.221265992677511,-2.9390181763416683,-4.937700871092952,-2.617811026229204,-3.252691372909022,-3.3473973956410763,-3.537888585202176,-3.0043502109877,-3.885360979400503,-2.011453534667082,-4.863500151838826,-2.9205641773660482,-2.6753019624221928,4.0,1.0,1797.2807599481703,0.6636558867688173
487,-2.6071659144099173,-2.375602560475879,-4.1818893244786945,-3.8051963374046456,-3.498859221203653,-3.3305943520952384,-4.424128829138567,-4.896129222277802,-4.764571567461841,-3.7021655639557403,-2.6813021230169647,-2.235562653560039,-4.976658235570753,-4.921331432086293,-3.3815975709896,-4.990210242409135,-1.7516904398023792,-4.218942250842836,-3.9735840208696347,-3.0954960809220973,-4.368802132600795,-2.433483105983461,-4.446507524091599,-5.711205641130448,-3.102410928783109,-2.812618120491461,-4.072073888682275,-3.968872577164525,-3.4501354125146677,-2.4939656832405555,-4.9058338150110705,-3.6845435677125327,-4.170257694269295,-4.034773719834384,-1.9871199591955278,-3.8100122714972553,-3.6815029995781576,-3.7053170753333453,-2.619387582705081,-4.314546657671021,-2.3451718009018276,-3.488072205707937,-3.5188326052153793,-3.2567179062349974,-2.618755528586597,-4.218012972617621,-2.216751116835404,-4.291354072042884,-3.506247541466235,-1.8013274303810012,4.0,1.0,1650.8963770549399,0.6133918052097501
488,-3.084571902351809,-1.770338449066245,-4.890292834293063,-4.267495264093825,-2.914185093216614,-2.9859661919045344,-4.431507625223541,-4.336606651398263,-4.8983990841469085,-3.8574378176728623,-2.9648355665732566,-1.800268445632113,-4.461953391909127,-5.334785874800203,-3.617067977541509,-4.1738776176372125,-1.7588714893874122,-4.518959568111433,-4.27365013056825,-3.4941690129541496,-4.113486548618743,-2.817665307518835,-4.990443934718781,-5.178404016884157,-2.7216827245413815,-2.9162697353785925,-3.8575298862413634,-3.916177527159728,-3.5180519439141897,-2.3094614939628477,-4.74070038265772,-3.617249439813075,-4.698042577363145,-3.5811963659490167,-2.69680681261833,-3.967347641413181,-3.588228558351518,-4.3455601379614155,-2.524233753280635,-4.725971322691482,-2.4969256236951147,-3.0445243933928836,-4.073820678354463,-3.405629798188191,-2.63095136036071,-4.101926340464715,-1.6204484756036865,-4.080188695613619,-2.7531500016769375,-2.056774990404566,4.0,1.0,1762.5505098552662,0.4212702176513384
489,-2.350366024626444,-2.2203092941631843,-4.479857739227473,-4.291838319681494,-3.39152533995953,-4.258579908307197,-4.057688933578473,-4.680617756603777,-4.662795502781068,-3.7591629563393125,-2.9898539224498415,-3.270083710006645,-3.829748944472443,-4.066054159338938,-3.0300645557621526,-5.029015285947101,-2.2769047214412956,-4.633509064904654,-3.6661580236707167,-2.421225948968946,-3.713249465658644,-3.0024992118458265,-4.915430742627744,-4.905119477984444,-2.4387945501408046,-2.9763778970401695,-4.102958437592582,-4.081636524885802,-3.1181236981835982,-2.6343015736739313,-5.794936922825883,-3.515423098610128,-4.332301012923248,-4.090472027693436,-2.635005305644292,-4.135483867681595,-4.644276265757399,-3.8399643738218576,-3.093331694922587,-4.271605772908308,-2.382396342086711,-2.0492901599697535,-3.1453397743049507,-3.3030350408689695,-3.037920175806272,-4.80646561900729,-1.63053926676847,-4.429742689880648,-1.8258788056580357,-1.9347875377191996,4.0,1.0,1565.4123348749786,0.7275122310682544
490,-3.525990951427558,-3.065381149084684,-4.1403593536862555,-4.117653380092339,-3.0596272448508928,-3.322345962932705,-4.279452089307065,-5.068475659052124,-5.084279649238492,-3.788710293275706,-2.80578394326812,-2.6899245239891303,-4.4289326569117815,-4.737279686520981,-3.379213035862863,-4.990803844626205,-1.3782799617125208,-3.8354636709168677,-3.39862446808698,-2.8257428118689436,-4.08839056451573,-2.636772230145635,-4.742350416848057,-4.575154451029865,-3.6280838192684683,-2.360681364801415,-3.3612475552076795,-3.835374732981159,-2.378374987823762,-1.3601350726133443,-4.839653444717108,-4.362760404795026,-4.191715103638093,-4.569386601272593,-3.286945929816576,-4.1876282627648305,-4.115313797900496,-4.317713035455162,-2.5162011925748913,-5.562738148661469,-2.1778647470460895,-2.4571699819930792,-3.230181672021297,-4.127252667322056,-3.192597657858967,-4.531577219791357,-1.1743908375280463,-4.557313459345719,-2.300339739184639,-1.4682581210814893,4.0,1.0,1795.851912851583,0.34793865762949167
491,-2.728080364577483,-1.8191439834133272,-4.480855153513219,-4.40976806489159,-2.679150344615267,-3.293110191288052,-4.126480877825115,-4.925080290673365,-4.800821353167533,-2.985114712267564,-3.6027017595584923,-2.3307615229896275,-4.3939120131625495,-5.220801778414815,-3.995086836558872,-3.8848544425361187,-1.3182002020253347,-4.49849274961403,-3.6727054963111265,-3.423597301624158,-4.296055703109726,-1.8005973980257446,-4.796902750952596,-4.768763044510984,-3.061022915491333,-2.668069160143764,-4.191891984132126,-4.100803005866552,-3.1355986738567494,-1.3963130791424998,-4.967924918119959,-3.843276220430524,-4.599918185604689,-4.466571572770563,-2.662839585403087,-4.345633383176033,-3.7805540018365895,-4.724489717232312,-3.1853506588592406,-4.769940535344382,-2.010624754252032,-2.770796534566906,-4.501174452597603,-3.914438321453637,-3.101407566794961,-4.151762383363846,-2.1818637269658296,-5.811714792872497,-3.4838604988332302,-1.9260083839026265,4.0,1.0,2085.3671710389303,0.39394207304602724
492,-2.3867873057742734,-1.7893039406895874,-5.028766376100829,-3.540088625569961,-3.367610419372566,-4.369799431935829,-3.7798858791718444,-4.459872328800653,-4.511478951414146,-3.703503492287457,-3.6651429624351666,-2.403026754937503,-3.6626437827567395,-4.995098236013174,-3.4870448173103847,-4.20354061502544,-2.4380168829833533,-4.466378792745012,-3.814673913352149,-3.7895250910701144,-4.055700435888919,-2.7412141203283658,-4.566945207911034,-5.429287749487641,-3.089783978396534,-2.640039267059871,-4.262271859261155,-4.166311582943385,-2.772300079169422,-1.8145436220254452,-5.3983191426773365,-3.4505110751136225,-4.355081851187218,-3.857756278148886,-2.793682126119988,-4.1908213733675055,-4.76548052029653,-4.488808700096124,-2.9093082897618916,-5.0702785984701295,-1.7684974120048016,-2.1384060428037857,-3.458639194338686,-3.804801018158276,-2.229850748965365,-4.534262675755348,-1.9641401958008773,-4.830424315344949,-3.2803244880992293,-1.5906459034321943,4.0,1.0,1918.5270163969155,0.38694556406137526
493,-2.744219393981037,-2.3163604947162453,-4.251755130142878,-3.5656169202329338,-2.899640731571032,-2.7578084223622423,-4.716921357385254,-4.798558545992055,-4.126911821703023,-3.98340288328528,-2.702900797430579,-2.8642101885798246,-4.98475006045857,-5.553337182745933,-3.204824231327458,-4.629709978182255,-2.223906208565816,-4.70841296886348,-3.8396399899722704,-3.9211586435737553,-4.821048521427241,-2.9789946356695234,-4.578656909844015,-5.360795150769425,-3.1268053611877966,-2.2816676542982375,-3.77449983006137,-4.20724817982938,-3.472887913922162,-1.7796729584337057,-5.052310203462303,-4.301149792527899,-4.977912612095375,-4.370380713208517,-2.5445056864809685,-4.058266590772481,-4.2267736356699155,-4.028773332229373,-2.9204249430111706,-4.13056712106246,-3.11358642763928,-3.26085431232212,-3.3287920861363536,-3.648898771105194,-2.49128241428424,-5.372421466409407,-2.1749707561294382,-5.131862525736716,-2.900793520800113,-2.5539868869326083,4.0,1.0,2522.36045505414,0.11852887415123102
494,-2.6536244121259185,-1.9223757482863972,-4.349024243898399,-3.6255968937723537,-3.417430050247156,-3.397833121305451,-4.833080663421735,-3.8022059988366306,-4.645995192408638,-3.2754939326651678,-3.353846366804252,-2.998909049333514,-4.143168834249097,-4.787569354263169,-4.302623338389081,-5.164092590413624,-1.3379175352833617,-4.631160886329266,-3.392698531256362,-2.7322335658275145,-3.3603067265779143,-2.7063633581873905,-3.9828183943020576,-4.883607924211262,-3.420543703664041,-2.0341773232716314,-4.687112771159241,-3.5577026558639444,-3.4026751683624004,-2.5675713457986804,-4.383302568046581,-3.390207066047261,-4.491873739128716,-5.282114331747743,-2.6516890920743035,-4.326587323191129,-4.3000339379679025,-3.7834939313389606,-3.8938765532267126,-5.535189361202769,-1.8314537559078985,-2.7487237311140027,-4.000331292724393,-3.4745042853087185,-2.0421433675348757,-4.883568222118029,-2.3354958645412456,-4.4161953493761095,-2.842938221943656,-2.141065236849186,4.0,1.0,1820.03286220571,0.4501955651383269
495,-3.0643905607194974,-1.801590502407803,-4.752602886074239,-4.536113589341133,-4.066411670331541,-3.9055648491392665,-4.022026845669449,-4.589880472713645,-4.086935299659268,-3.1575177723974055,-3.1294760848530765,-2.174398774300757,-4.451182254367323,-4.214273472271135,-3.3373264696190006,-5.274485310704019,-1.557524548878355,-4.569320014167997,-4.269719488944502,-3.5314628118606115,-3.825136062186208,-2.402238029972416,-4.659782603704926,-4.985519242156953,-2.6965143516286108,-2.320297322624702,-3.697519765482437,-3.636379313357855,-2.7612016693057635,-1.7267002888017526,-4.9306534908825155,-4.353101084411671,-4.476626183947739,-4.038358884564259,-2.7829557876034996,-3.710379988364669,-4.505947575885314,-4.201003451161639,-2.357450908512578,-4.475944111502497,-2.3361751603666483,-3.127402386463104,-4.134604355925411,-4.817234379815189,-2.3200632122444027,-4.540440605398789,-0.6034602258544919,-4.532778611664265,-2.180946464989788,-2.397578134935948,4.0,1.0,1773.0072096341653,0.4249614206918387
496,-2.603747175068616,-1.939353326354498,-4.567269504668801,-3.5526967235912053,-2.9865234926107176,-3.1614571257121407,-4.354316407263584,-3.6722509205852445,-4.799874802985322,-3.1495158361698863,-4.072772641713926,-2.117770677329132,-4.074410638292968,-4.649224464045687,-3.2101721350618506,-4.445221584283073,-2.6006650495217203,-5.021175699309392,-3.623870345068509,-3.066022922269183,-4.027343497122368,-2.5409716104491675,-4.816081789804957,-5.698489810244575,-2.4823988629954954,-2.796566090573672,-3.350441134836936,-3.5417259513834884,-3.2096270360248407,-1.951263861251861,-5.223932433972543,-3.577761515509229,-4.98230469005894,-4.59357186110801,-2.1852963622696064,-4.428339509295785,-3.498290899006745,-4.069215784810326,-2.4406754108256985,-5.4704148427491015,-2.137433821453264,-2.895830640173067,-3.3648033404801265,-2.8883321014268857,-2.568560939107195,-4.249257240896553,-1.2825810132029705,-5.250032121054896,-2.8561781302082947,-1.3834442397094944,4.0,1.0,1512.7375719005356,0.708095147848214
497,-2.7588066913209586,-2.9474593962410855,-3.9468264746138533,-3.8954206936988838,-3.3816385071061337,-3.3567872516125354,-4.932500354105602,-4.40808327580216,-4.170346987650593,-3.6396039312675486,-3.6711930807284117,-2.867689890682621,-3.976962467979528,-4.25254894681631,-3.045977311545268,-4.844943810760201,-2.0049988296279357,-4.2603329409212725,-3.8681309714207432,-3.234922682710401,-4.177309343173657,-1.7328424996196663,-4.519027964293097,-4.677481307925693,-3.3293321402175753,-2.7990250610964718,-4.373762236806117,-4.8300831804270485,-2.777770039687413,-2.0065136924226854,-5.103184746482725,-3.8626545040836304,-4.74818680422929,-3.6736273184111625,-2.8132659702297182,-4.6542145726072635,-4.352211404601822,-3.7990465512761875,-2.4365685039448546,-5.278817728040368,-1.5054031086664303,-3.7099169029277936,-3.090001861531807,-3.300574346770069,-2.101771981016572,-4.453840362452966,-2.11503359108422,-4.6669234727551645,-2.7442408452218787,-2.2204415320824786,4.0,1.0,1965.2344175712813,0.09925366182751852
498,-2.628971469298418,-2.403275976242847,-5.485173104106064,-3.4465798458802004,-3.4604583781045295,-3.9765817238952876,-5.19695856469791,-4.403066107465919,-3.379744464008694,-3.6209794992237234,-2.984759962523685,-2.584259170435493,-4.701452801924662,-4.342017183520753,-4.049507999242845,-4.4371815397381935,-1.9316083509539297,-4.7025462419306985,-3.3255185473444864,-3.243659723086743,-3.8364485621645916,-2.931747738957722,-5.626623848548569,-4.879899014997653,-2.9460829180966654,-1.937934006924075,-4.492752948568015,-3.7070709468658007,-2.229738397473301,-2.5546471471715466,-4.822826094254587,-3.84701813172974,-4.393701606966882,-3.9651180959647885,-2.1396166789734457,-4.906481624556802,-4.190938744737013,-3.850426864361001,-2.2690900526655806,-4.737425587275904,-1.4799675545043596,-2.669982501132411,-3.9973460330344706,-3.3768575918721426,-2.913752234791874,-4.37045753570507,-1.7396518149694389,-5.000519234809376,-2.5001213029033478,-1.149380729587072,4.0,1.0,2037.3513509261584,0.047096356153767
499,1.9560460539024005,0.19817890737890176,-0.8742107921797486,-1.6908417356833092,-0.2221220161127877,-0.10876812097805866,-1.8059119963742165,-1.346702207166933,-1.5361971540082222,0.5095667308177041,1.4247281943824976,0.6004096843502102,1.9628867390312004,-0.11859700638485826,0.47317793426943267,-0.8693311738753304,1.9040132632701665,0.692271996526701,-0.23787644490182203,-0.8412506389916206,0.03879873618856511,-1.5501564168160216,-1.0921808426308566,-0.08579078135322149,-1.0289673728795479,-0.4480699295713322,1.275493710261506,-1.7018368593538136,1.6925981561106767,-1.1004156719621685,0.8254859384319846,-1.5577381729099549,0.4040164940927453,-0.37282984764682503,1.3473178017282255,-0.9998782886241635,-0.16904803415741387,0.22973081072830315,-0.9921992008337792,-1.5590347109370701,0.9065487852320966,-0.7597042499351105,1.3030158619888215,-0.1933338934137856,-1.62344428359803,1.5488129504394466,0.9670165118424383,-1.512270898260804,1.4234762867345157,-1.7322469152466025,4.0,1.0,1.536141461365398,0.2679956716363444
500,-2.201781153810516,-1.1137320831536788,-6.049534017648147,-0.5391583080053404,-1.6803408293647555,-1.3020724735366265,-0.7987934457924661,-7.177311012207557,-6.790208310646969,-0.946024022904304,-2.5555948715737724,-4.770898313628196,-1.0648385188147433,-3.35923750948935,-3.515728873913246,-2.48916208548664,-2.552321454238291,0.3276301628170165,0.07260037681476394,0.03542634562110264,-1.150860661998153,-5.803330284509155,-0.4860698118347877,-7.016809724090238,-4.096769794681054,-6.929893797753527,0.3177129993576089,-3.042913984954537,-3.250376434741208,-5.695967249593583,-3.9463800610532527,-4.357405603033205,-6.836401898118395,-8.301000238875645,-1.4493735793644795,-2.9851840628044752,-0.816505504632727,-3.7729241737188874,-6.391617704479952,-4.719174757386053,-6.350461626472198,-1.0004702499144151,-2.7150708212331502,-6.548667381826407,-6.387299470935377,-6.563034151316159,-6.3240019122586855,-1.7418826160129914,-2.5240861159530996,-1.6988459465807266,5.0,0.0,2952.0027954374796,0.871162622580999
501,-2.8012775365515497,-1.5980439285967294,-6.162754341805189,-0.16024938090912944,-3.187790933284288,-1.022417752968746,-1.0668013661709588,-6.068627767527792,-7.272171348707788,0.13740788463298292,-3.189295265774202,-5.527439788653492,-1.1083742073841438,-3.3572387792980427,-3.792601726769278,-2.0161203835757284,-3.320457991411593,-0.6866984593804095,-0.6046216220294168,0.20970454227590274,-0.950074128945499,-5.883863623156019,-0.8001920578653416,-6.731513056975802,-3.3352512422678466,-6.225027651883939,-1.0528098072212235,-2.7733578624083473,-2.0356291073590795,-6.693747123030766,-3.5638562475802047,-4.761085873776684,-7.398801884933683,-6.9554423611603475,-1.0760179370008782,-3.2964854532576595,-0.22723077626013227,-4.15716943556167,-6.469581065429052,-5.483327408366524,-5.452761306714271,-1.1303949762387349,-2.956910193228961,-5.582876231363842,-7.367034000220128,-6.385707252763727,-6.969629677720196,-1.7155931292899886,-2.5820570369791227,-2.0716740579853985,5.0,0.0,2803.1383749280635,0.9806357182178841
502,-1.7821046747237894,-0.9173297400377524,-6.343892309468953,1.086350535947172,-2.6460274147636946,-1.4466723247363127,-1.1646547930919506,-7.2682465201869695,-7.1583945579707695,-0.30267027610449,-2.0326591910495475,-5.241705061611316,-0.6907943011131519,-3.340911751769958,-3.5226168906632345,-3.1330596280583327,-3.5776193444088054,-0.41020550678702583,0.7183651845436716,-0.4722713790976322,-0.45319723607785367,-5.834473843976761,0.2490576121004313,-5.788631114481404,-3.8130963475837323,-6.3920196715295114,-0.7764228726864277,-2.619010935144708,-2.423613807447554,-5.9913053794221485,-3.9347405868476586,-4.117663402172109,-6.601218672598771,-6.950978013969547,-1.2817098312274262,-3.9277191828345224,-1.1304108460911313,-3.793087822771126,-5.891148951229572,-5.542105587549228,-6.967696489009659,-1.8732224025871682,-3.064674248405557,-5.699596537177075,-7.376661197453409,-6.582127082885769,-6.580797706106553,-2.617998947439624,-3.8749610513532184,-1.754627989259296,5.0,0.0,2983.658588937061,0.939078848944167
503,-2.866357446607513,-1.7943259607921282,-5.457568115539074,-0.29361231735994486,-2.4018304245313957,-1.5443155544622256,-1.0459989693665017,-6.865928985510425,-7.288691341212329,-0.9606213985199208,-3.5212892744259845,-5.760968360838669,-1.4602566997706796,-2.4881185594842803,-3.225304369984615,-1.9910262883648113,-2.9313976959907047,-0.767109019896677,-0.6170768590780318,-0.10085483571861564,-1.0496826663944092,-5.1278671456616545,-0.04047376669015834,-6.013262207547206,-4.829362368616498,-7.075468059042096,-0.7823803450476111,-3.1302853197536944,-2.72247862787432,-5.636578046095661,-4.238094322087112,-4.484688510640417,-7.304034946343764,-7.160801650268186,-1.495572715400647,-4.574953842880248,-0.45131153227893206,-4.289908574378787,-6.028060996316221,-4.8715778030133885,-6.025402488865701,-1.2873091000759296,-2.4354219737179763,-5.776382936133619,-7.676569077483491,-5.529081997741149,-6.360323829550887,-2.022239388311817,-3.186122309983634,-1.2271502587266379,5.0,0.0,2926.973508234703,0.913745111997437
504,-3.0065727524467056,-1.5767075845548537,-6.3091695341826535,-0.24692251888415767,-2.148235405690403,-2.0009016599262335,-1.838225962674596,-6.677053171740991,-6.792607857452007,-0.37729123159406264,-3.0789544217082407,-5.709992975549609,-0.9541758238683339,-3.904824911948021,-3.4734304669269203,-2.135050230541959,-2.9141566033515724,-0.0407246532302733,-0.39461290728122517,-0.75481870039951,-1.4028862892896332,-5.501744794162979,0.025232171331834807,-6.466703857501901,-4.345878375722003,-6.634519543053207,-0.20893893724467189,-3.00293482002211,-3.208353636248058,-5.87247601456666,-3.9213883824634554,-4.570437652094245,-7.3333357140736295,-7.8593501770880625,-1.3582124085566727,-3.8394332218014475,-0.09721624435798304,-4.48997399613937,-6.327275766429021,-5.241374371584486,-6.20559650554947,-1.091010252411022,-2.4251608139669067,-5.322406192260653,-6.817241341358067,-6.102922179937598,-7.158909955590262,-2.3072452298143022,-3.1929711650760253,-1.0609622836090584,5.0,0.0,3479.9084125341747,0.829643541684063
505,-1.7942129685241877,-1.1781461127403927,-5.80905269276725,-0.4364233048323153,-2.8188193623708666,-1.931899027940482,-0.369853031118753,-5.940861234412475,-7.183869076953301,-1.3235103531731758,-2.911050949119124,-4.852737014880157,-1.184977258406446,-3.3366639557152595,-3.772936563795848,-2.2665485660065676,-3.0283755966096404,-0.528793389426297,-0.7416957600509586,0.44743938755426604,-0.9528502098751214,-5.635868618741481,-0.49283819352807523,-5.917095437499917,-4.021490767345386,-7.327596634540587,-0.34429893438638115,-2.602119914737242,-3.283743674685013,-6.490420522328782,-2.6366083985769366,-4.2991651075380135,-7.380480621128133,-6.964549599634146,-0.5377864199676687,-4.715925069064637,-0.18714109159078246,-4.609762997412331,-6.805556590749175,-5.1628515805951185,-6.782942897856489,-0.38265421853915693,-2.865785417351989,-4.864538437328964,-7.402101242835436,-6.57186726712464,-6.912475425634493,-2.0386004042129917,-3.239101982756668,-1.1889729620826384,5.0,0.0,3210.855358069921,0.8296389588638785
506,-1.8757357649485458,-2.0143734041077406,-7.242703520267567,-0.2559529030919947,-2.925137009757517,-2.1386552554954554,-1.2286014889092252,-7.383249081863145,-7.263709065536496,-0.16978584327499602,-2.9036404101176614,-5.248749280315122,-0.8988695853272543,-4.4066820455566615,-3.584270959628194,-3.40160189513572,-3.809743176365691,-0.5394799246227168,-0.2424896004661278,-0.18797640938457458,0.03781747631742194,-5.795411329627432,-0.04162807092759596,-5.423614658405859,-3.889672259956255,-7.104561633265568,-0.18967761574805886,-1.9693023495306978,-1.8603398716984578,-6.005076462386063,-3.911823065876091,-5.687303112274278,-7.019707677570553,-7.383218943038104,-1.7152882600287231,-3.56769664451451,-0.9920161133857065,-4.996665996986326,-6.297725217412886,-5.523307810213698,-6.816755984370626,-2.0243347809786454,-1.7000302375693073,-5.8652070457256436,-6.7162465103702065,-6.7804630089499724,-5.706238138949841,-1.6189183241226668,-3.5709816091146096,-0.9858787652492007,5.0,0.0,3876.5246158879595,0.8110358863119579
507,-1.6039864213031798,-1.5609956852261813,-6.137494445736702,0.23197627846475466,-1.9119133981316823,-1.0745047014443945,-1.2736843273585372,-6.816431899649022,-6.833983898972393,-1.022219461481965,-2.173966738578536,-4.976263164299881,-0.8700097995238518,-4.030849232272832,-3.802816957565177,-3.0020672880527197,-2.784998859447998,-0.9649719278853481,-0.1854689482694883,0.20027497199959665,-0.4869318024597107,-6.083579913508916,-0.6510461763359633,-5.353814070406752,-3.7962387736809258,-7.238827558334068,0.33783543688291184,-1.8837237916650826,-2.392640497325628,-6.046413795664786,-3.1691211364902205,-4.529939710955247,-6.972069510190447,-7.048650071557809,-1.0712292510471597,-4.218812108062195,-0.3246220133468765,-4.545295760684723,-6.095089552761817,-4.466785442278759,-6.716420595206498,-2.336072066620443,-1.94488831704118,-5.031151402513811,-7.119110517553898,-6.107617175990969,-6.24302120890438,-2.3496162255065784,-3.706537787163749,-1.2488230471990174,5.0,0.0,2440.1855657523733,0.9645734676972377
508,-3.1246548798949774,-1.2527433968083759,-6.335100767985601,-0.6890458160582508,-1.5905601233263615,-2.241469591365323,-0.7219235147240866,-6.788999816575737,-7.208005414204244,-1.0961735976180644,-2.80757007788546,-5.305336201777207,-1.8915398553090617,-3.0898069881135672,-4.046321900035142,-3.260329209936162,-2.2208008444221745,-0.6868714604504227,0.5684242297967919,-0.7396905597763546,-0.5271528783932193,-5.253168730605753,-0.8402739306605272,-6.581133627646453,-3.8370795152377726,-7.588155204282326,0.06518754986261721,-1.9779138652154125,-3.0054054463992252,-5.919507225539103,-3.509573261546642,-4.578452623507122,-6.562380090201383,-7.000072749092939,-1.1045339658049593,-3.6339948120095786,-0.5208242671849591,-5.362913651073011,-6.552333289217288,-3.8927745944421455,-6.763816938502823,-0.7530997454455004,-2.6763503580188663,-5.295543091807676,-7.034222172274016,-6.161420642821797,-6.740697337910457,-2.3273108488605296,-2.2703518358595423,-1.0321237253734645,5.0,0.0,2946.2974385792963,0.9142118522312097
509,-1.934733815127597,-1.7928820739427542,-6.54798998156546,-0.648478579226741,-3.142054438789544,-1.900003738583559,-1.3280898420804546,-6.118395539415488,-6.301657271035193,-0.22039783992395473,-2.87911743788594,-5.55509714605529,-1.7470164982117389,-2.845953312546065,-3.3609801212729735,-3.718030011964035,-2.7081601288875747,-0.20486376477833845,0.1962830057333369,0.6502687497019737,-0.4128712965821084,-5.292001537409779,-1.2161007392579033,-5.767406825760502,-3.1996400295441365,-6.496098515986899,-0.7655012139037175,-2.1326665192695593,-2.7718945909118573,-6.354772614873491,-4.4328319619862535,-3.789330965929203,-7.134533299149041,-7.262905699302865,-1.2246736756021894,-2.9610425367923767,-0.5011617610003677,-4.8925324640497205,-6.34414022963687,-4.4180090672068255,-6.253700931061079,-1.2240260784658967,-2.3478552284128216,-5.484016243405636,-7.855094338178411,-6.864648604642134,-7.314771124601171,-1.7013913671541798,-3.0465920978032464,-0.8196332135455978,5.0,0.0,2781.821290086001,0.9345337897812487
510,-2.659020614005227,-1.1575680036545122,-6.041989070728067,0.17804697897369123,-2.3110792158084843,-2.2262768371727404,-1.1412084776932623,-6.07324174235847,-7.480172547289074,-0.3606661247660444,-2.5549899944390595,-5.353624715826742,-1.525927482016495,-4.190002739912573,-3.72439639678725,-2.6060483310547506,-3.4085082836759026,-0.049049265545621834,-0.35102871594914087,-0.5659960909535566,-0.8314187972458008,-5.394795268406494,-0.21714259105030848,-5.306826436354757,-4.381669319859137,-7.628812956753293,-0.7996337878659864,-2.274065785854086,-3.8873398715201435,-6.172715916737809,-3.6405759475183306,-4.708339522556891,-7.0746563906503015,-7.620503774880417,-1.8213153692123636,-4.179387117002189,-1.5625647523611845,-5.012110952797889,-5.645705696273936,-4.7593977291640615,-6.054493923490659,-1.149703594020151,-2.711392257396059,-5.384706164967059,-7.344531597479854,-6.618873552450522,-6.9365530759745635,-1.1096030109989528,-3.156290394749141,-0.48512532227111493,5.0,0.0,3459.9334780318204,0.8039110539162025
511,-2.681200929980334,-0.9028729025770186,-6.02531105074372,0.1895088778221625,-2.168850275636986,-1.8310813458640318,-1.1327646499911537,-7.579543222321089,-6.636797067111013,-0.8518547358279882,-3.0767664139948008,-5.757425138103479,-0.8071048602917161,-2.649056135069424,-3.7646960802190796,-2.546224835176142,-3.9519670305622214,-0.560856798375199,-0.00423229273394872,0.12705836925429245,-1.1021497400439326,-5.448872270446096,0.5519747217391273,-6.917362500993694,-3.5791134243262777,-7.195403701103581,-0.6570780253916366,-2.067936595955345,-3.310600155050206,-6.77267585930402,-3.8683467555650126,-4.390475688000372,-7.165139014189981,-8.139169933377719,-0.5362019114141038,-3.5299297592530006,-0.310135973588777,-4.904945797613235,-6.386190517080271,-5.526652433765807,-6.54733950076193,-1.3864009896375147,-2.4042676703493724,-5.253722869436502,-7.0470220950625935,-6.570936847421792,-7.364714504927364,-1.94163799123016,-2.9031052435191094,-0.8822716306636698,5.0,0.0,3640.7565052492805,0.984282871910779
512,-2.753452763603362,-1.738397975167567,-6.726171143856615,0.06667221208771319,-2.4840655536127474,-1.7144111618215363,-1.43450730896998,-6.9616058555102205,-6.44257027169412,-0.5925975830533075,-2.3940257958302307,-5.147453678358995,-1.205017302320974,-3.3607139799978545,-3.4704548819957393,-3.4162135796047055,-3.2548603700965297,0.042734022473086886,0.6682202250640742,-0.7231066832690786,-1.9778694379888542,-5.940546189123371,0.026645881873790356,-5.872635913241134,-3.915197128211441,-7.653203592987095,-1.7803270413922514,-2.649269025795767,-2.711558482241319,-5.501381734321852,-4.290264085618554,-4.786820285736148,-6.075767123177021,-7.06596553217334,-1.447441048369569,-4.671055912324425,0.43958975642277487,-4.224330211216708,-6.14455148777738,-5.108020450125779,-6.861587172200592,-1.7106135513393683,-2.1694641995936785,-5.317514452417597,-7.155550760093852,-6.38635048318054,-7.078365953737913,-1.4070885854349764,-2.802424057576738,-0.8066334471260675,5.0,0.0,3020.9246485652225,0.9581641017520801
513,-2.3709014037032135,-1.1546111559685985,-5.7658847401768645,0.026355856465313993,-2.691282805285804,-1.6982064118412192,-0.9720296651832415,-6.908319789845581,-7.28510080195862,0.20089734837952966,-2.322772951325417,-5.566059915757836,-1.597717243125174,-3.600788998500703,-3.4484775503081266,-3.189564709485502,-3.0859068290620204,0.42785114733251506,0.11465735161902649,-0.11606269406743597,-0.8645960982904646,-6.027159439763967,-0.3235932864769599,-5.720130257179191,-3.426561113031723,-7.279555483117297,-0.2271168297213816,-2.032549142432934,-3.677855298693591,-6.058590841475732,-4.268701255590457,-4.150071475093039,-6.800302767939647,-7.550567666078632,-1.5030611120735262,-3.1785281613347633,0.011938423204040816,-4.011821739184083,-5.46341093501288,-5.050212352301061,-5.629385237049341,-1.1494866552185716,-2.426212005911294,-6.531739251295156,-6.666269461957111,-5.965724988178733,-6.538212051502865,-1.797888329475606,-3.3835272023368637,-2.3357141233157126,5.0,0.0,2868.7906916272977,0.8403444310288725
514,-1.9897000528204922,-0.6403777067373555,-6.299926504395865,0.06850419166978577,-2.619330633620495,-1.1202448783464436,-0.5864176152508351,-7.780898825621998,-7.324648044071329,-0.6213140755771459,-2.6994347838487998,-5.802157865234245,-1.6750344633838639,-3.4114782010209797,-3.0682223510561966,-2.5010531623950385,-2.5931703716049275,-0.6930461870379522,0.06732823210122449,-0.26284635842263404,-0.42421623251293494,-6.202076972020306,-0.18548632803769732,-5.7000467102565535,-3.8629334625816183,-7.2195713028157025,0.3805389838960904,-1.9988320952312,-2.32503528502624,-5.906763116398049,-4.148004504012592,-3.2028386800144393,-7.294247202748169,-7.432317723184097,-1.5883947148422155,-3.6781367950473007,-0.13440487202843876,-4.00545478332829,-7.1596216003466875,-4.900990410281101,-6.287586260039951,-1.5432277292834065,-2.4207155728256424,-5.815591681931718,-7.171969970507377,-6.590396809149452,-6.563055839552116,-1.5508776024521291,-1.7806815349134169,-1.6682685955104977,5.0,0.0,3251.9885662306824,0.8345467437693491
515,-2.588061806039163,-1.6949771032676602,-6.532684583781,-0.30520119036928367,-2.281824460963555,-1.7821024244058623,-0.9456481360709909,-7.997879927436914,-7.489474169147426,-0.40743603461741396,-2.39728304158517,-5.057477174775354,-1.2880223799720154,-4.176701332267797,-4.0162292623906,-2.5868181003546393,-3.073634184430381,-0.4030549190312379,-0.09705207618908178,-0.30392555763351026,-0.8211209170314179,-5.355765729068923,-0.23269039484966172,-5.981810446430016,-3.716114218407043,-6.8381205103324705,0.008829211273439441,-2.1186834983767984,-3.0216265809299965,-6.457851806051293,-4.160655989235266,-4.139117886501285,-7.597555358080103,-6.480977200985986,-1.784292060434078,-3.8800323335749995,-1.194233082588025,-5.460255723353398,-6.389688383938235,-4.694434115205635,-5.566493712751906,-0.48748447952273544,-2.848557149350252,-5.796839515621454,-7.706204346845336,-6.644134531357659,-6.558297086280993,-1.960757317984988,-2.327437385645552,-1.5477291211051194,5.0,0.0,3661.191528475531,0.8348468568721524
516,-1.8438174261709803,-0.9547130755039595,-5.99231207231798,0.05274109814182535,-2.492341200290762,-1.4865658847750907,-0.9381142689947444,-7.018773909303114,-7.686611831620174,-1.0988465295118348,-2.780513779687781,-5.768306036609034,-1.4687280900833453,-3.5332806656448916,-3.330679044932278,-2.551991900122729,-2.55061695535059,-0.6933539436738873,0.26914809735830575,0.8986667571334722,-0.2153810137013965,-5.253908572893765,0.37808825645447686,-5.840103135048909,-3.7238673758472363,-7.09248253254296,0.5426155167926612,-1.6648493492247134,-3.400569296215815,-5.391292239005421,-3.4767745620593224,-4.22070392660858,-5.686056697104805,-7.29120647044818,-1.6387440663017152,-3.974338549418191,-0.47000424987743394,-3.799025801773261,-6.963388834232077,-4.476931189799127,-6.588800039336063,-0.8522333400176005,-3.1190188215863133,-5.066404645014707,-7.561109765480383,-6.0727986034579375,-7.378369560723968,-1.6181087795178457,-2.818788125850002,-1.2964366323929342,5.0,0.0,2773.0222919058256,0.8578060261623122
517,-1.7696363572382348,-0.7642321035887103,-6.105508013128039,0.8562477710575698,-2.232265788021767,-1.1503452312041507,-1.2025864255938021,-7.6773383273816735,-7.525639961476098,-0.7260079261593384,-2.3664213940073533,-4.158836133986597,-0.9431843443965593,-3.0816232617034127,-3.7182987860884906,-2.854100834842561,-3.352812996579783,-0.9322130965387785,0.1635971997600429,-0.1707094549148298,-1.2794921204545302,-5.286600304281356,-0.10577168864699588,-5.963266625296225,-4.068479438447279,-6.690127351812526,0.5035602268514167,-2.904371487387414,-3.5592379274471693,-5.868253727131718,-4.844173640381774,-3.8504459131143913,-7.516854623255159,-6.912546442699954,-1.0030762069040575,-3.74999539371676,-0.44798278617094944,-4.847309309759359,-5.755816426942599,-4.487471491535318,-6.418827799287614,-1.3433604029031874,-1.9914971844338107,-5.341080552208992,-7.012349138973131,-6.205240672674924,-7.170000718272507,-0.9604521942829486,-2.4276523684458113,-0.9640798151132288,5.0,0.0,2780.0334778856673,0.8997037220101253
518,-1.9868938586186584,-1.1946239419299582,-6.870971627418963,-0.5652997688257408,-2.828028355009835,-1.6131075933911891,-0.9451996738247538,-6.84677040846939,-6.851673103858503,-0.8199689889026353,-3.425066536362394,-4.874271398546591,-1.8880638323578147,-3.942903696694964,-2.890550249020342,-2.64629106727977,-4.0670243378309525,-0.8587201836138563,0.15671154249397606,-0.594428871911305,-0.92360040354927,-5.647572534331598,-0.1218024610124723,-5.815485769258644,-4.611409083953605,-7.336071700518527,-0.17204134437821714,-2.8420370856411927,-2.9961759548784475,-5.979008816558028,-4.000500223823144,-4.819606243840142,-7.419496294899653,-6.910830156479501,-1.4972252989238077,-4.246368876583009,-0.13485618801754845,-4.083167861390933,-6.414978010145153,-5.291338950997855,-6.533300172405137,-1.0888941878937743,-2.7277374220458617,-5.6835442849590265,-7.861494361021613,-6.320319660374216,-6.235710358155803,-1.513562918742494,-2.4715965907252344,-0.8177439857812976,5.0,0.0,3567.7474916499973,0.882069553542002
519,-2.5489951682228345,-1.5721957636108117,-5.734334092629056,-0.26371269114915996,-2.322765678697888,-2.419817164073825,-2.367503896233387,-7.078188410822232,-7.897496827118879,0.363446354201289,-2.5480271155122614,-4.856635307188757,-1.6798349682742906,-3.4659996249680725,-3.926021021013718,-2.505171305309519,-3.426861562122808,-0.7725725075572263,0.48263817774759565,-0.01011931644094876,-0.37669993547666203,-4.901607832062453,-0.08500869185895121,-5.273873280630311,-3.468183621365895,-6.775400732166058,-0.20430921888312578,-2.335303320552998,-2.8281916312085036,-6.24427115509702,-4.309737814347515,-5.040901317047668,-7.296168449970652,-7.386425870119613,-1.386353516814786,-4.400891833667338,-0.6807920320946634,-4.67971248544887,-6.702460612349752,-5.034114670611784,-6.583453162479463,-1.616891353144187,-3.4821529926799695,-5.740586751999903,-7.473527757847691,-6.648387866931619,-6.885222768835565,-1.7284986654089158,-2.6327628956949423,-0.9997792412332356,5.0,0.0,3679.8611994383955,0.855333536637628
520,-2.4820689408190693,-1.4593852312643263,-6.667483146611846,0.2990710446091585,-2.1784377186692327,-1.8706511594676951,-1.4429844747141978,-7.201502471882908,-7.010418275864393,-0.9122837506014883,-2.6776344595138233,-5.595932889091634,-1.003459717723338,-3.9299150202195907,-2.910032953898308,-2.4977823052646078,-3.1110682526763274,0.4678292077226487,0.2508923586229242,-0.9707549480846109,-1.2291873259565393,-5.412215598931153,-1.2382041574838518,-5.720096497316421,-3.2994894669413903,-7.799372876784423,-0.20009626111453876,-2.5263632171513564,-2.912830391511136,-6.155677963209199,-4.341292973204174,-4.3900643174220395,-7.050992773119738,-6.984995587027901,-1.7954587295450506,-4.169137780354899,0.6087181301435602,-4.9631789894309675,-6.238619319595139,-5.324982491883934,-6.5693909644016095,-0.5002287021335794,-2.66959944964178,-5.193384617521938,-7.167757096131041,-6.666498655319632,-6.548046039544861,-2.26769928606694,-3.211618993137996,-1.4961645696151256,5.0,0.0,3438.40086389702,0.9162520499972522
521,-2.5684912570292426,-1.9067214499859568,-6.345939477482795,-0.536707361873597,-2.230664869609374,-1.3748366214166232,-0.3890674727239213,-6.443811834121244,-6.987938251222157,-0.09670256958072171,-3.1522720960996047,-5.525391084015815,-1.6327003707185606,-2.9334039765263342,-3.9058331725291517,-2.5700070018876398,-2.2637419430678722,-0.6451859307396636,-0.17667485449122322,0.5051906075940004,-0.37763184010926787,-5.3469057226250225,-0.5653879120300751,-5.095236754722002,-4.388775945860033,-7.749577276360946,0.3485142241063982,-2.010433822562964,-2.8331706100240064,-5.679193176605857,-3.9994675485345645,-5.4923769244619844,-7.5535368360749935,-7.405236202184116,-1.5190493860800152,-3.8396207626581127,-1.3277041849589135,-3.9892024629197484,-6.73726311722284,-4.904536435314703,-6.351422658023407,-1.1443811092518854,-2.5798202248903404,-6.0351893224935065,-6.804216615208927,-7.071041888833474,-7.126864754532745,-2.692419033006488,-3.320296908231179,-1.1585829979497089,5.0,0.0,3569.8387368580297,0.826503833523888
522,-1.8673361943803546,-1.2399219833170567,-6.628991309674703,0.1428929225896125,-2.4460733342791405,-2.517780453772219,-1.2291503508760444,-5.978251746277338,-6.824330507218731,-0.6403361761018738,-2.020176992731148,-4.5184780622562775,-1.063630131804722,-2.7409712560430854,-3.031424938714004,-3.0284047776813003,-3.1952273371175295,-0.37747275003731695,-0.4827722677323495,0.3339014032688903,-1.5709252065942074,-5.519122633252868,-0.6076341684954697,-6.604164509718505,-3.180241697552041,-6.725677768418845,0.17888212538745818,-3.1217962354843176,-3.1055434872214027,-6.491122878094795,-4.044302790162202,-4.048413784402403,-6.719122083650611,-6.497272644611619,-1.4358173596866806,-4.616349705265911,-1.4615984945091276,-4.347323928667603,-5.696894466846699,-4.68644405886233,-5.730805824723342,-0.6735551344004542,-2.720164420024247,-5.485632462299034,-7.302605342852381,-5.8153434411132086,-6.46194901789763,-2.2732778319745424,-3.324213760846266,-0.8771865242703647,5.0,0.0,2407.3231898933423,0.8555074832216915
523,-2.2771493444531554,-2.0649372698806454,-5.7037920184972535,-0.8432296113638684,-2.748874128640481,-0.6246719639062366,-0.8579290916250962,-6.593093812969154,-6.440943228861135,-1.18861253459391,-2.7598958266559928,-5.982284688213059,-1.0435491184337193,-3.3233359283530537,-3.516554973025233,-2.88635681168206,-2.5981938669985905,-0.9334721844807186,0.4772397881231323,-1.1121574976653685,-0.09054654248477678,-5.302336312313344,-0.6228854167950273,-5.599440969249415,-3.9235172761719936,-7.835342189738218,-0.09623948446057906,-2.4538203568340213,-3.673527845716704,-6.1721347899420556,-4.298058563360505,-4.0805612983935875,-7.658009625395137,-7.341182657047738,-2.0708174335894105,-3.5023828330392193,0.4100223773813899,-4.182559695771863,-6.020833104237183,-5.461820722800621,-6.627965914202141,-1.34168573434581,-2.6326183952373534,-4.967060894454685,-6.622545348240581,-5.751805549034681,-6.875158010670169,-3.057696007284142,-2.817710062107858,-1.0293923352469796,5.0,0.0,2951.7499898555684,0.8696087502258014
524,-2.410299958355405,-2.0962097381571967,-5.776206407658458,0.2774134270019746,-2.414201986242813,-1.920885696104721,-0.9013266436129237,-5.833221357740269,-7.977446368998787,-0.4875898174285195,-3.4071657329625533,-5.594401810481936,-1.6882157221390104,-2.645624674718806,-4.062854300318006,-2.456427079699406,-2.3841305204172407,-0.7739295716154764,-0.1882274289932488,0.08507412406475962,-1.355143455973321,-5.323659157799285,-0.6411256514117853,-5.9737409291129175,-3.8668737465720717,-7.45034311301764,-0.7641146442467933,-2.1672588408137363,-3.6332368767580174,-6.591647837689341,-3.4023970103751386,-4.252100806238171,-7.215904656864001,-7.185023704663979,-0.6254433639653032,-3.128777326540363,-0.6251235268204298,-4.894108554371463,-6.690841812373747,-5.323018330589485,-5.957443397497993,-0.6429852841995807,-1.8305536004347074,-5.20789849951191,-8.040355237902187,-6.62471848607833,-6.761116341451982,-1.7352628141769084,-3.5711712399242,-1.3559006216735583,5.0,0.0,3366.758242532502,0.8866532970012369
525,-2.3333574568943276,-0.5059955512031706,-6.166563550892133,0.33681019805675383,-2.18931630015273,-1.4780945587887153,-0.8502958535088672,-6.567474154781095,-7.856924502756017,-0.7813584814493562,-2.517252335679228,-4.725254408061148,-1.1317398954072388,-3.471989366982769,-3.608770347363694,-2.0734461738986565,-3.7211448555219886,-0.3154378149592567,-0.11682784504677902,0.19963521301610726,-0.7769948447642452,-5.356802507309225,-0.3393210682094448,-6.761091523288537,-3.1531151631381427,-7.106985155331911,-0.18530880939631267,-1.2035751828328838,-2.4789190875508926,-6.412122156141706,-5.106768638586279,-4.849123913219251,-6.625379754966726,-7.403701803407624,-1.4729793672763412,-3.8364652049706818,-1.6332454817855242,-4.60316410246356,-6.39177503954113,-4.825317391355337,-6.3982170789799175,-1.1879830411122005,-2.751850983533838,-6.265448509338163,-6.724891041625366,-7.1127784329336174,-6.603681491567114,-1.3667238226367928,-2.572528797104412,-1.4627836108763184,5.0,0.0,3159.1590298066885,0.9491834326646726
526,-2.283872024950218,-1.1617843490185344,-6.2359381112720085,-0.1259120062374157,-2.020662437881483,-1.6632870681729715,-1.573955868872359,-7.081863927173293,-7.208955913152181,-0.447474418939898,-3.1894043519886086,-4.94452916294886,-0.9564213243510211,-3.6022837302237893,-3.595060008976274,-3.4321545546793226,-3.3607111576256834,-0.531914838357355,0.14533698798767886,-0.6833189952585196,-0.9806851132083543,-5.713458104041966,1.0757279746218564,-6.151688414311003,-3.8905508962602218,-6.914238066867121,-1.2251603268111741,-2.4665448938668075,-2.9903113720784456,-6.5584941602058295,-4.3313692158500405,-4.602162895460497,-6.277638721254369,-7.840898414601528,-1.2111765040208384,-4.295508313246425,-0.4538703118333427,-4.337764810192421,-6.558917822766402,-4.917005843842095,-6.162409376153493,-1.196100560365394,-2.7860511420082514,-5.531398579745901,-7.299252002948655,-6.3999639341320655,-6.839910219406333,-2.6443001309418217,-2.9785207982989705,-0.8122256335565694,5.0,0.0,3596.754917426191,0.8379380186100884
527,-2.7198541188227487,-1.4263536461897848,-5.92377011063593,-0.10923372799659892,-1.832952762099855,-2.490896159662116,-0.5294922946518685,-7.095528956622446,-8.445561311526955,-0.6421973608646814,-2.9844230368818487,-4.5603985493270764,-1.5030875526949923,-2.3628479727364096,-3.8219465299470574,-2.2844087395139256,-3.7821787107199363,0.018934025159900836,0.024392445589383638,1.0375667100676937,-1.4435670280490143,-5.6494891552132644,-0.763037271750319,-4.921183049748646,-4.7008235583503595,-8.121361536710658,0.8367092829568128,-2.302003563798495,-2.409013043837615,-5.942427110033565,-3.6610489010052674,-4.58726299391422,-7.869237823834068,-7.2652327553162195,-0.4222943832397066,-5.037865349109897,-0.8438141131653185,-4.334227135320643,-5.895463888613188,-5.0755301692643595,-5.979976930237469,-0.3958506694696937,-3.1447608360047936,-5.618527589099216,-7.740352255457312,-6.945599542182457,-5.728112257486973,-1.2842669633395707,-2.9022165316885817,-1.6573173185283379,5.0,0.0,3477.801245278227,0.8977045432985863
528,-1.2886581272425723,-1.2504908314842078,-6.071900058045138,0.42391430258645435,-1.458413264896604,-0.9014695486564905,-0.3990778310685744,-7.707992373836855,-7.469657477336739,-0.8837275295919801,-2.536783933213777,-5.311349524402737,-1.8952378229528395,-3.3106064529772348,-3.5269857221589174,-1.8881148247133286,-3.49252586498923,-0.501046160745361,-0.13479118965709844,-0.45743232073103957,0.487771032066008,-5.740876798369447,-0.4386383444878826,-6.214963894296461,-3.921472551442113,-8.048575466272638,-0.5376261223240688,-1.996700444384028,-2.9691488469348815,-6.483858080339657,-3.4396131038923468,-4.552298348233647,-8.085625687005749,-7.260587149861217,-1.8197341691939255,-3.445068672678941,0.27552043552516514,-4.560888731178442,-5.491982356049926,-4.686944410481801,-6.71848471114028,-0.727093804699104,-2.548803908788847,-5.404485074650261,-7.376241257274022,-6.036370047716002,-7.120596745012257,-1.6657917371332283,-3.7382878637652426,-0.9036520284114473,5.0,0.0,3473.8583614705767,0.9125587680837881
529,-2.6358989359648284,-1.1270824385611433,-5.829939692370742,-0.43580003816438806,-1.9363892050880662,-2.5977777942421207,-1.7380112440299005,-6.432017761335289,-7.7418447224704465,-0.78912994830216,-2.5508685161327427,-5.27577861641257,-1.225879636805858,-3.3892457586978657,-3.2151393042165943,-2.243166288449723,-3.1866583844091703,-0.7992727576733633,-0.7016714738827281,0.6875521889877394,-1.4604527872314217,-5.81847820398801,-0.04073289884576442,-5.772945072332664,-3.8416268221935965,-7.504214702475086,0.09995629207293827,-2.5110824494060564,-3.6755593188517497,-6.7869681699814555,-3.684485343264237,-4.2603489766830425,-6.450041456332886,-7.223404727872232,-1.1410548923779096,-3.4660543807238207,-0.11932671597478622,-4.637494577388888,-6.473190348892718,-4.295576468588151,-5.8349927599635025,-0.8306393289513005,-2.239978354480735,-5.977790154343998,-6.076859668479257,-6.633539889920293,-6.195723970017299,-1.1286865829366195,-2.796740167847652,-0.5035435080343387,5.0,0.0,2785.9580026120116,0.8088255784167996
530,-2.1340079318558756,-0.9613084889044134,-6.540267822203271,0.4622247464105763,-2.535328545783895,-2.021415024401903,-0.05262798773470656,-6.875431505352982,-7.0973545624457595,-0.22402190758774393,-2.4488025532132127,-5.235666090916593,-1.0769215050243126,-2.790133571498352,-4.17892386584058,-1.8879193777880254,-3.4157636768380994,-0.722485971676132,-0.6871824718961282,-0.5965297829981393,-1.721996499408879,-5.162888955676333,0.19075178911236002,-6.936558807874794,-4.292332653745819,-6.898278942858035,-0.6078494097981386,-2.494716200612381,-3.0433831513755623,-6.258140220671497,-3.226039609764209,-3.606956962427112,-7.087767083026297,-7.142175058456566,-1.2125473796982433,-4.120361898265947,-1.0376595536627407,-5.165369448729234,-5.658424346322557,-4.92832874411966,-7.138386910897942,-1.7654565220752025,-2.1442665804075793,-5.506720132600351,-6.882980099512446,-6.896108228260941,-7.442393882451931,-2.499712632473054,-2.5571784134101962,-1.4555020400469247,5.0,1.0,3802.2576553979993,0.48603588152115074
531,-2.407342198952772,-0.9363507740718766,-5.91996518680505,-0.48638158261385267,-2.1829980682171115,-1.9148968149113081,-0.9297271909540185,-6.755958003147789,-6.756502743929206,-0.6670565511682385,-2.440153598853284,-4.222355836724242,-1.319394639022702,-2.657924736444217,-3.8974316935162885,-2.7965841708082673,-3.353692114057576,-1.106416713297274,-0.10249754047317805,-0.4142907442062286,-0.9890630927382886,-6.178984709921386,-0.8233957125613942,-4.97842085358597,-4.247019144699036,-7.196602599350554,-0.34595192336603947,-2.2276786939706392,-3.283349061029193,-5.693574257690542,-3.643781461357313,-4.243210951115564,-6.761748907120137,-6.712716998539927,-1.6809952339452474,-4.061221051909021,0.3334644686455729,-4.835240131641195,-6.672972343818204,-4.523223495053838,-7.02260818488267,-1.5732141194851923,-3.079091647324904,-4.796757705339525,-7.251447070658361,-5.935014932166019,-6.448640879785147,-1.97239338845944,-3.5981738493145814,-0.3477650338854513,5.0,1.0,3215.841970728622,0.13641929894983323
532,-1.976073198185216,-0.9931756329550165,-6.265941470837942,-0.081290803600926,-2.2420870159658026,-1.8797095778969433,-0.5529137995895044,-7.247627674950344,-7.986244864842037,-1.1383773971138542,-3.1229168892059036,-5.067330857172328,-1.5015761685727216,-3.104961577641149,-2.698170758562691,-2.3411757436424288,-3.37300791969813,-0.5983308722663061,0.8507241915760956,-0.2031643396189245,-0.21256171048114725,-5.777460246976851,-1.264733457642357,-5.686408147268843,-3.708333913711636,-6.96849427331293,-0.8234130544294106,-1.0871346018027144,-3.152918427133368,-6.371117965698374,-3.8480925863419553,-4.244880327776837,-6.964426197990925,-6.85203255070853,-0.9837027131019658,-4.475213341027016,-0.7903745349374655,-3.9283091905943377,-6.2616448595587615,-4.5213650780142585,-6.686100901621568,-1.0016321265319994,-2.7430129663801175,-5.932319317360201,-6.974509487291699,-7.070671098332199,-6.795934215713229,-1.3399436445306319,-2.5976309243242444,-1.564600970547329,5.0,1.0,4075.572306342402,0.05204127438822362
533,-2.465035757438297,-1.8211592833051773,-6.019150315281495,-0.010334554871139587,-2.0340233699021173,-2.0987294461155255,-0.7690262138901075,-6.670540004725525,-7.784243186825438,-0.4960515887181849,-2.558192553663022,-5.304478269851191,-1.3330238918590447,-3.2574851134338263,-3.3182958064480084,-1.8401822927877216,-3.348854145851839,-0.8849769596483934,-0.8997137491721634,-0.1801212370413597,-0.6910199860213141,-5.938710980508304,-1.0844107663162754,-6.636914652084476,-3.673006120925762,-7.664480428645788,-0.5813230439697239,-2.07450307813045,-3.015970312433599,-7.324307852697352,-3.6898956143209123,-4.312174330001751,-6.967456124068413,-6.772169147961024,-1.2479797498775511,-4.195871142637555,-0.44541535022335904,-4.517854007910808,-5.987909941179467,-5.1267746883861784,-6.621404487561304,-1.186077803651682,-2.699996048748172,-6.098798718582832,-6.695177671460593,-6.51922112567903,-6.368601874208156,-2.2805729528290697,-4.063626359476434,-2.00183106209134,5.0,1.0,3817.0276138423546,0.7591084298026667
534,-2.375033358745569,-1.5616028456741162,-5.923894548370764,-0.5020559706357939,-2.379590842156763,-1.1118195319055966,-1.4758123303888275,-6.515569070340891,-7.753894925035341,-0.6120408784609618,-2.676894489354005,-5.424657047931434,-0.6703023587417846,-2.6808806436932917,-3.9511035219683928,-2.7597219563026774,-3.381296237468968,-0.8980401782165159,0.049952976159546636,-0.8048726321302545,-1.1835060605205512,-6.036908282368335,0.4586678615969251,-5.771811258613347,-3.9240017466278134,-6.84575132924825,0.16970035279484208,-2.5959539990320692,-2.67693789953314,-6.90386908550882,-4.345775035972591,-4.959329809230263,-7.3608436106394945,-7.399156071084157,-1.3630893653488054,-4.116976518497984,-0.20857262824103462,-4.876030259585637,-6.2223582034963005,-4.783808465547313,-6.788386975958405,-1.7132635478047873,-2.688681911859638,-5.855785919479342,-7.751175431547421,-6.3254537294482995,-5.998492092933487,-1.4338061965272433,-3.5395482550423596,-1.5823296310135984,5.0,1.0,3870.994761956285,0.7725056264596475
535,-2.3930287587285095,-2.036135848406759,-6.355207589406824,0.7905299957349062,-2.2306210571372667,-2.075470483216241,-1.5549345078230299,-6.779992677723882,-6.419404740062542,-0.06921555741793028,-2.674138050252569,-5.740401259894029,-1.0100780844533295,-3.7392599033963108,-4.595519608238396,-3.1059779155008638,-3.2332841005560997,-0.7036975535978108,0.3284845526440965,-0.12370121057123572,-0.7771742484683356,-6.014295440062246,-0.2697300680799701,-6.644053957686341,-3.663200000749649,-7.1600198695811486,-0.6370497715336411,-2.5745635432157963,-2.9239673627910254,-6.445596156058314,-4.245461370973289,-4.428449176503228,-6.387205605710205,-7.338230265501172,-0.875074035202646,-3.7595004847085405,-0.3546945721687408,-4.529468248660118,-6.877919269515004,-4.225903809656473,-7.364612945949962,-1.194185229571465,-2.5009975562261286,-5.69946459161779,-6.739061054980871,-6.8401871116463795,-7.344956305347989,-2.160196151371445,-3.6776436981556704,-1.762755117525162,5.0,1.0,4240.38629784133,0.646717878493169
536,-2.739855122732077,-0.916523525805114,-6.303548056673392,-0.19734424334476985,-2.060808002371729,-2.5290270641983694,-1.02068367239952,-5.989772266039833,-7.313149062185021,-1.0770005271581828,-2.8231312610429895,-4.953068234711265,-1.003323869885229,-3.4598723374677625,-3.412297208021762,-2.7180479694673627,-3.1461963538830116,-0.031123577927855584,-0.6278637450160419,0.4248812884456053,-0.681534969418183,-5.598304655564483,-0.3030683622150162,-5.830881941937324,-3.304911071012183,-7.392673631566769,-0.391028782233644,-2.281475571983501,-2.86844935650607,-6.529627573185907,-3.6141084567259196,-4.059918889079413,-5.734467386938789,-7.0753000164283515,-1.5534235305442068,-4.471761541063637,-0.14391922545241953,-4.3142260037328946,-6.407160905900633,-4.687943357781642,-6.431764515045142,-0.8798647418169907,-2.2220667512725525,-5.870223742012752,-7.13685546005533,-6.608541396730835,-6.680872717749624,-1.9815486113226217,-2.8739461164801092,-0.8687625610940524,5.0,1.0,3268.9310340194484,0.24369101533869655
537,-2.4329575098847833,-0.7877360610751658,-5.350972379180683,0.5179075655422324,-2.440193988295972,-1.9556079744899868,-1.255375788860517,-6.9048538934739,-7.5119254979767325,-0.539299495813776,-2.702690694505563,-5.355967818555265,-0.7673311302725963,-3.5914655292538584,-3.535336183526755,-2.5348439447462945,-3.3320358668671144,-0.8618095801797507,0.22423854374374846,-0.31615168412481215,-0.5646769688763233,-5.525521228872523,-1.0395508881546438,-5.925820027031666,-4.117453244238704,-7.5742971549000595,-0.4259256744810864,-2.457718277277115,-2.6658758638560385,-6.311886094340706,-3.732382761209918,-4.057137246096892,-6.777676475062813,-7.2434274739420665,-1.6260596929321942,-3.6167038557594497,0.30657608699951555,-4.92934669656058,-6.163251362902407,-5.348008427355152,-6.267102079941782,-1.5217732506655663,-3.4446072858827645,-5.9805199604882855,-6.960636031901454,-6.020840347309291,-6.286257217516381,-1.7452130935217114,-3.310629413351378,-1.4909662465739253,5.0,1.0,4003.481391817152,0.07813769120510711
538,-2.398833429662854,-1.2039039792019328,-6.41171077892542,0.33586886817701844,-2.238108581271007,-1.776869400480868,-1.7216834271464205,-6.482603647237003,-6.5097677963486476,0.0691306723813131,-3.014152807810429,-5.376285307435375,-2.2226600703262136,-3.4626665922041306,-3.2739138644939954,-3.3890965063317973,-3.1438291544834636,-0.12088458684172332,-0.320849963208719,-0.2373320349254868,-0.8343235578287642,-5.482767088485224,-0.1868088228665154,-6.128182436296451,-3.2005194359728137,-7.8011572074610935,-0.28521040444474216,-1.7548548285129884,-2.4587305533517942,-6.0392434550963205,-4.531407974343112,-5.118549395725918,-6.991090473296866,-7.549044307557092,-1.2530940225895089,-3.8158855537092418,-0.3450580421136443,-4.633388369975109,-5.680123339536357,-4.834292520643955,-6.533377306198514,-1.2517552205744253,-2.6824832053724066,-6.015346059549846,-6.310831521348302,-7.870786192741354,-7.063001890241328,-2.0410584764707043,-2.529931555732448,-1.5796447451261044,5.0,1.0,3768.7847712954645,0.5473864212097256
539,-2.3213312243476096,-0.8319714018399305,-7.036804006737189,0.14165971387512072,-2.7963585404181597,-1.9020142998403151,-0.6447574969478809,-6.736004399667577,-7.1894179594267404,-0.14243009345923102,-3.1470753897227186,-5.017924716883617,-1.0908323629742365,-3.894632446054409,-3.8681001920479847,-3.226145225149243,-3.868136606083828,-1.713451455906371,0.2744918129780343,0.24063780894827658,-1.1416725321336534,-6.465794809879863,-0.6696194699817952,-6.169328014122579,-2.709071920279928,-7.7675525294719945,-0.2171492055873999,-1.101246100823334,-3.7219611279295686,-6.567792710727502,-4.332495315523843,-4.164171685869797,-7.13304090959973,-8.027260877466844,-1.5129996819562115,-3.523772415303078,0.197273331818002,-3.984290248833184,-6.230532378686498,-4.925263258715157,-6.960505307447923,-0.45182492350264347,-2.454396887423224,-6.0212042461300905,-6.8555389992849705,-6.474645624463407,-7.229206264364992,-1.7464713663486828,-3.580307404425955,-1.0850584415737625,5.0,1.0,4858.942549028933,0.35212199499168106
540,-2.151330763967125,-1.9438501104657533,-6.311048245486202,-0.8387837721685258,-2.1212629975558652,-1.3262732206583012,-2.146910296251977,-6.8579551618642505,-6.994181969060593,0.4082165991512062,-1.9669148856542307,-4.675317266576325,-1.436769784450393,-3.587649183403614,-3.2940112625667286,-2.11995416579707,-3.0667974874722717,-0.6169029911112083,-0.24201623250532334,-0.10287317595742086,-1.2917173194141083,-5.421423308244917,-0.5121778110855929,-6.721978226248252,-3.584331177023974,-6.893184408360924,-0.45647859745433667,-3.3612836393158476,-2.307545507772806,-6.043839788036468,-4.171597149590478,-4.426911300259565,-7.009832515700553,-7.235776139679254,-1.0005534331517507,-3.591666344737786,-0.9156275822554636,-3.724723057112481,-5.913232284735526,-4.9836769249805535,-6.53502215053274,-1.2715313424547294,-2.249710482128323,-5.966991895709331,-6.679143236337806,-5.860976105561406,-6.204027335653534,-1.943864520626035,-3.2890187009355745,-0.6176066718730276,5.0,1.0,3301.926468249093,0.09763058787582307
541,-1.8009484605740353,-2.0108342413551883,-6.793888138677474,0.687159689565271,-1.7745418390312104,-2.2430236594844453,-0.9935200149578967,-6.361916851903942,-6.829058664674844,-0.12042706633991568,-3.351003245239266,-5.255662405288821,-1.6126497791891277,-3.220752192629485,-3.7075032956193175,-2.775617051742462,-3.5193735147606726,-0.41069808095601523,-0.30216773666663943,-0.09935137013910733,-0.930086183643523,-4.959623716166194,-0.667233694268969,-5.937759082474137,-3.8234126759079934,-6.695018863426232,-0.581770506228009,-2.2954277032090205,-2.6251357372630055,-6.119105538231122,-4.539928313747354,-4.827735010126573,-7.671333704077545,-7.203100424330442,-1.2198311781023654,-4.189658539480752,-0.8311891104839084,-4.668804543618351,-5.851207170994083,-4.6055206111082185,-7.136532070467709,-0.9479681180303754,-2.7518643722233254,-4.827315710824331,-8.2570307145756,-5.9167015054674135,-6.798204672542297,-1.907187725776968,-2.706223393709687,-0.6714558639505502,5.0,1.0,3717.060407068444,0.39614152808901615
542,-2.748715433727803,-1.2456539038276213,-6.309382179885398,-0.3423010017593667,-2.617028845035797,-1.4949449592082469,-1.291066116890541,-6.9856109149701595,-7.487967257930332,-0.02477107085136565,-2.477922024666794,-5.959928585071244,-1.7600003799799935,-3.599256419605006,-3.4850287613345263,-2.557878440451812,-3.315841446287523,-0.21827505350417742,-0.10697027622682893,-0.021012085637419034,-1.5140386207315082,-5.992599670097078,-1.044455148240964,-5.281754024063125,-3.8367154863865722,-7.065387628702531,0.9240278070323231,-1.4245140761817305,-2.83226778805935,-6.293129137130591,-4.102781309674241,-4.0455367957585056,-7.045655705962821,-7.048239871175788,-1.9083927364989235,-4.003773748074178,-0.5791676611075762,-4.956925081661678,-6.45752089333631,-4.74940807378483,-6.137573224303004,-1.2028234728015417,-3.4903784173858163,-6.059653488296182,-6.4799970306268015,-6.639507833579587,-6.896285683345192,-1.4601569615931347,-3.2389052103643543,-0.8783669535387971,5.0,1.0,4545.968636903823,0.027510816892174716
543,-1.706159016680391,-1.418587610323793,-6.3751178008986935,0.044525579283210555,-2.51349903619906,-1.5913198303069909,-0.25374405333360217,-8.568817782889091,-7.340365986363979,-1.1419058998538314,-2.8650606906464646,-5.63134713763625,-2.262840647668873,-3.934301461629876,-3.8666336655588025,-1.768577358071151,-3.974028820321245,-0.24347347865909152,-0.5781808328200417,-1.1827449533638714,-0.9706681700869377,-5.240555645355383,-0.4842499199473361,-5.6866592577995085,-3.223515251643344,-7.269497926964048,-0.03884449023789785,-2.3158501360227013,-3.727351823668277,-5.908936317499053,-4.431770782438807,-4.5390302388196,-6.627503327817706,-7.3103757345331415,-0.2757906239768353,-3.7790027997255486,-0.32698561957416233,-4.193829097094243,-6.322841132734276,-5.190704637678304,-6.2882979754332675,-2.064166067966319,-2.859239976881465,-5.587653692147248,-7.222166631561443,-6.460635276697648,-6.3846890087924155,-1.4094708076759157,-3.631100290912032,-1.197616312899042,5.0,1.0,3811.8981947919456,0.7274563216630257
544,-1.9170236153965237,-1.2976113025229785,-6.428732491594909,0.21040112633661096,-2.1463018929245044,-1.3587275210050236,-1.5298340005080333,-7.272572554439321,-6.42877896835307,-0.4022349048658349,-2.7572169181328867,-6.202136324283932,-1.8021871691976852,-3.317360708621585,-3.4018753603566196,-2.02796832030503,-3.022890139041448,-0.6045069874679782,-0.6027277668829918,-0.40378540548688047,-0.5271859541321195,-4.592145065397261,0.4575089909984529,-5.434422908668233,-3.7943132744195993,-6.979986168869423,-0.1839773172649068,-2.1507038153923923,-2.6538254937676014,-6.121738871989227,-3.871133613336117,-3.7178018634594023,-6.411456264930903,-7.588153465467183,-1.3125878832900408,-3.845054599044541,-0.45272906607858676,-4.669180951082124,-6.232561709396895,-4.428425824872878,-6.071863392669492,-1.1563159173692417,-2.578812000028675,-5.4417615016735486,-7.1219407897268905,-6.431956859070324,-7.065833623435402,-2.9334467878002606,-3.4580029511805757,-1.2908978564556153,5.0,1.0,3290.472108504261,0.20702398528001353
545,-2.0836359411380045,-0.9895079313994799,-6.159315711415617,-0.10187639775056331,-2.608054793741908,-2.0124610112067587,-1.2581402928538372,-7.25398551955889,-6.07184705007606,-0.1879509260629718,-2.8690921888641117,-4.631999649425789,-1.1119493724062512,-2.6721079350388304,-3.9935549089823317,-2.4344514227018594,-3.262362204740451,-0.8668671390583558,-0.005837018067903904,-0.3411722634271753,-1.0563153647804726,-5.536031721108795,-0.23704336893036101,-5.5895554302633235,-4.124732635419769,-8.445983070620343,-0.6519854701032322,-2.036543129903512,-2.5607594746607316,-5.6268640651876085,-4.247430602178997,-4.066154895846397,-6.888493149237282,-7.168557035323875,-1.647648679894137,-3.737907720470776,-0.32180402113255385,-4.564388904657881,-6.502678628771417,-4.527744294119656,-6.087732438223144,-0.954678296917986,-1.745099185300131,-5.4285695528455,-7.150912543578847,-6.3165910717899445,-6.9509955554571725,-1.5203701751927214,-3.3000623962412856,-2.4526108825574173,5.0,1.0,3160.478786420865,0.5300178274831856
546,-2.5942573600297543,-1.5959819627469816,-5.785114656804111,0.5963395982474958,-2.8989841232781206,-1.6093651616811941,-1.340420363525335,-7.161957337270245,-7.182167939810967,-0.8021137784774774,-2.58967182269309,-5.37918913478906,-1.664785067006156,-3.7109634301001355,-3.5969981737743413,-1.8770154620279675,-3.241011420272552,-0.1915067014785356,0.0821213162541245,0.8428320449176295,-0.8684215268116782,-5.263775010208471,-0.19657705584040638,-5.996409297956996,-4.1384387902580935,-7.248059929104554,0.07916392653712906,-2.627433621854137,-3.2828528911142056,-6.6018058700827424,-3.681731417041862,-4.334127219956686,-7.338256504328443,-7.264733189855848,-1.6368557939275254,-4.6977616682861845,0.252556889315502,-5.211854188168564,-5.930014991759309,-5.265205815441257,-6.202503233383781,-1.5151466523616832,-3.0711411898457,-4.779681585073982,-6.8203011300416225,-6.394488681443307,-6.733527531773389,-2.0949395684391137,-3.108162834678062,-1.952323904093216,5.0,1.0,4078.4983405448497,0.24936886087152876
547,-2.2668763861600234,-1.803750700521881,-5.631515153255636,0.6272658135257386,-2.9365331396303462,-2.1072646598841938,-1.0172992467909272,-7.53306124931078,-7.416459220103921,-0.3184015779080611,-2.9774609893311106,-4.428650413585504,-1.2079407848411075,-3.610626308528649,-4.773852903268173,-1.8981551304033668,-3.2924042310276964,-0.434618497043974,-0.5835359852251607,0.24954809634033925,-0.759369411609865,-5.515247894763347,-1.0504108184325676,-7.345279040072106,-3.061308700566845,-6.734106280853414,-0.9792746886256914,-2.9424237180660064,-3.0297507657932603,-6.321606173060502,-3.8267583527708755,-4.3971818157772855,-6.057877928512154,-7.832984611350811,-2.0636113192143344,-3.532409762985817,-0.08131592751842626,-4.714461966415192,-6.490662950777984,-5.2377752216431706,-7.017519845647103,-1.2693403745596816,-2.8261047307556533,-5.728161841276182,-7.325181191310161,-6.381989457564657,-6.0890068516625435,-2.313703995536428,-2.818577060209884,-1.3483409055827147,5.0,1.0,4065.6038020051164,0.41605441694224865
548,-2.251627714147626,-1.412456344114057,-6.0642585380444824,-0.23685995296301188,-2.3747761094336353,-1.9195897810065945,-1.323339544805358,-7.307860237031955,-7.7214451461198,0.02008320716064349,-2.466356698530497,-6.035346696917844,-1.212924720363678,-3.6798185520158952,-3.0742326632281403,-2.8669794736450793,-3.555677327794564,-0.6316802699778702,-0.8253608652809394,0.43004303775537783,-1.337280076094494,-5.837505173949402,-0.18075444606830973,-5.464660712985205,-4.083868474668882,-6.942120622011189,-0.16195199162533996,-2.5293405703592318,-2.887751584792774,-5.067339876332,-4.550455858134608,-4.253665588389701,-6.4920701935210365,-6.976778176314856,-1.4132439563292767,-3.6150451676654605,-0.5987858293781776,-6.30132618188299,-6.404897617528841,-4.9342953589467315,-7.189897281433956,-0.07525029995817789,-2.6971214394707506,-6.2877156699368175,-7.048750528167436,-7.384555888102479,-6.500240420244402,-2.1903772901714316,-3.3597487641615698,-1.2755592381164698,5.0,1.0,4329.916570774679,0.43736822347462373
549,-2.539317133278871,-1.2781159973253367,-6.054909759111235,0.422613971492074,-2.891563608751907,-2.193499339701111,-0.6106553145303188,-6.438329891574508,-7.356815709391859,0.09392088537521137,-3.1530594576117155,-4.706953426775797,-1.4304614862843708,-3.7477328649663435,-3.5682175233995856,-3.356790326634819,-3.3808462684660885,-0.7692226939581469,0.31011387294862397,0.1042975352945553,-0.6111562412391078,-6.339788107427972,-0.3460034947198941,-6.436529230429219,-3.5717582282169023,-7.3478198249015945,-1.171125692209095,-3.0581631912684903,-2.97948679561286,-6.241398985656671,-3.3478506982190104,-3.506109095533737,-7.577314610309724,-7.681635208483626,-1.5481852428667469,-4.081964695000596,-0.0571500798085946,-4.162141886823079,-6.473987831149565,-5.451461526813892,-6.201677262753763,-0.4571041266532627,-2.000338349932224,-5.681423870320203,-7.894438678337658,-5.239471514767504,-6.362206893738449,-2.120807517208857,-2.9005558071505773,-0.7942915736944847,5.0,1.0,4161.23976413933,0.14788356442042164
550,-1.4161360070702238,-1.5266365803527409,-6.0400942836883305,0.31833790224561065,-1.805961798391811,-1.6697281801307746,-0.9724597809057751,-7.448526118456987,-7.732669965381481,-0.6341594590153659,-2.865977200330077,-4.93265156854041,-1.405563446013815,-3.378201490399735,-4.591768288008294,-2.5865857152756986,-3.430416608865731,-0.08095270171931879,-0.6143736345974169,0.5298651573892755,-0.8158162687187256,-4.593025981348893,-0.5158224775895742,-6.12086904514603,-3.9431415377141112,-7.174615083577723,-0.3936420463916772,-2.1954121875201094,-2.75663399194828,-5.922220493632502,-3.5103606704830153,-4.017758336524024,-7.0227354962704025,-7.9824558871662905,-2.0467732690563096,-3.171730648546584,-0.03679365852958155,-4.314203200217021,-6.236043975957884,-4.97182126897643,-5.495616017121538,-1.1860739806716898,-3.299892094585033,-6.0452510208553,-6.803509494998671,-7.320169956502717,-6.162234029076645,-1.028596944097381,-3.5809050723096982,-1.2342097792814366,5.0,1.0,3236.130793813907,0.7756677022116469
551,-1.8290156428681836,-1.6965613275578557,-6.682361449259417,-1.1907190081303682,-1.776273064043104,-2.1077502933518417,-0.8480961363339242,-7.302239254455168,-7.55385332576148,-0.3203132510148,-2.783553059840362,-5.318866335606186,-1.2811011429653663,-3.3286956899906257,-4.184639284303747,-3.206307225033503,-3.469958129986001,0.10566727261747766,0.6436958179721447,0.20145193877012363,-0.3098771794948254,-4.89613423478337,-0.8472064076639947,-5.570327050488283,-3.375219166980015,-7.417448573259713,-0.16469703474791691,-1.2428104920342309,-3.8563990924728677,-6.259752049638492,-3.735967080900193,-4.869630544640558,-6.993203628917738,-7.362238451157682,-1.2041711575577565,-3.125583832638838,-0.1391616475352338,-4.550096417017594,-6.826675459384948,-5.029171094017795,-6.39729895079511,-2.3634650974911047,-2.8411272058667048,-6.247171800181381,-6.461598238410271,-5.752538595649273,-5.6366233045089515,-1.0954215797107993,-3.3054498408711734,-1.6025529614380933,5.0,1.0,3376.9832715283546,0.6201062586888917
552,-2.0233324446148795,-1.1879128361576594,-5.583387826788401,0.45632681693333915,-2.167607288449764,-1.1360725155236837,-0.43616554128764623,-7.199129355034275,-7.512575245125977,0.04889235589289631,-2.6859833851448567,-4.96968646618232,-1.1529444727649083,-3.9152074511988104,-3.8190659055487792,-2.2890795946942646,-3.3600227922137065,-0.7465268696801897,-0.6215283249382721,-0.41508562181611636,-0.9818942198221011,-4.801140137352873,-0.4323585932414346,-6.057069573760966,-4.268299398607881,-7.543878186910729,-0.5308245911639482,-1.9873156975570125,-4.105085073790532,-6.860904486676412,-4.217916704700202,-4.740416555223059,-6.527513115858876,-7.33394807645679,-0.9428195680705154,-4.099908685119435,-0.2655955366010765,-4.922219286496903,-6.20388374476285,-4.353010503561519,-5.668159746117894,-1.5349461668383144,-2.6559447226660384,-5.229789924985667,-7.504845666039911,-6.365361049854859,-5.902649816571007,-1.9139956064708155,-3.2997202670899184,-1.7393920562904586,5.0,1.0,3234.924648073463,0.7515991532513513
553,-1.572771743300183,-1.2902894831663898,-6.566656959283647,-0.5885033700264203,-2.157001747848771,-1.2279119129101157,-1.2734160737015225,-6.2079059682848925,-6.950841249725478,0.36919164142814576,-3.431412495949382,-4.96500273870587,-1.4744218741944841,-3.228679031829898,-2.635835050287631,-2.358835319991341,-3.173284664240999,-0.5025612252014003,-0.3915698257166068,-0.09110091590508246,-0.23390121267147335,-5.4746647302546165,-0.5820018965226857,-5.321624624922519,-3.5995875140857363,-7.507529947415693,-0.6686906376794203,-2.7243310593392693,-1.8095086731328767,-5.961835383852681,-4.256709244767947,-4.142153898581063,-6.232216058126824,-8.075239515001831,-1.1048583326140329,-3.299987503154032,-0.719441196706645,-5.232439285965085,-5.957883969142975,-4.299082441006229,-6.697445199636108,-0.8278981514800289,-2.775016502731243,-5.034987597996902,-6.957133477223621,-6.470696062138931,-7.0179249576000755,-2.2205611069470024,-3.3323058844056614,-0.9336232917688798,5.0,1.0,2772.6809337999216,0.7158618803421191
554,-1.8926787343784963,-1.6919076823535648,-5.598923449243742,-0.015411532562525226,-2.226482901527624,-1.3463821931398925,-1.8700433247973538,-7.512649894415241,-7.118549507786356,-1.2632677823534633,-3.558918871556593,-4.647838586143552,-1.5109627515799464,-3.8882088665077714,-3.9453474491049416,-2.8140517827215437,-3.3559178167221826,-0.538028336786262,0.034035015558202514,-0.2528651548403843,-1.0780846353228695,-4.726656399740076,-0.6996401377200422,-5.441200218127857,-5.155525533664368,-7.235795655858184,-0.07984745145262234,-2.285646027146763,-3.0323333401936976,-6.798406439895406,-3.9019711822091305,-3.9015309609568756,-6.53847151364333,-7.905654627875661,-1.380796785471969,-2.8365457012444018,-0.44354104227128643,-4.632785021401222,-5.637699259428384,-4.748314842205565,-6.234367822673192,-1.7261714135381954,-2.4214654566515503,-5.616848251773033,-6.813150273551082,-6.341317484353514,-6.4766291426338745,-1.2446032123752073,-3.215892926895711,-0.8099158214873299,5.0,1.0,3253.4192009551534,0.47831998304886814
555,-1.8385393072476894,-1.212424926175892,-6.283038763034935,0.3467969701049601,-2.543304664327178,-1.4662143426012193,-0.25204670085616054,-7.086219095234355,-8.117365516872228,-1.0270832449796565,-2.419755838704589,-5.420703573185326,-1.7393073781366857,-2.5420282481627776,-3.8997538106292087,-2.4398024930867046,-3.202158542914262,-0.2270796578660026,0.18508856999981954,-1.0356665388344557,-0.8407995290347625,-5.065847081399727,-0.83438259692303,-5.888950927100957,-4.835719650651249,-6.788242774238723,-0.2685733494311628,-3.305627627743105,-3.0450393419156865,-6.4031075219857545,-3.9860307324120337,-4.096737866039092,-8.004824075506754,-7.5012828465343695,-1.0900161853725074,-4.061555879806562,-0.01008474604965054,-4.502602428422279,-7.714021300100947,-4.59144663610791,-6.806508858292641,-1.531680536038626,-2.66518844027898,-5.873612746893604,-6.790507490086463,-5.531162633606724,-6.431749015482991,-1.5634048472176834,-3.269610524384584,-1.3771072121489265,5.0,1.0,3926.8738938524375,0.7374993880184935
556,-2.431697593834455,-1.3366679696263963,-5.771598487088778,0.7226362871499248,-2.1114394797925886,-2.0523064275485505,-0.1843815436057452,-7.140993973398038,-6.927176304005264,-0.42679066483569533,-3.298585618106356,-6.314991276220678,-1.2321268366571525,-3.362217855974864,-3.2255364362161343,-2.071310376857798,-2.9493854089097127,-0.7304204268595886,0.61160074082425,0.12211619658845516,-1.356212256049557,-5.312818082198319,-1.385952000078023,-5.554208639602471,-2.905896554377371,-6.807087893799159,0.11780686756918218,-2.4685835534651335,-3.4320947928103696,-6.93411912803522,-3.285039094621533,-4.288114294323519,-7.032520805713334,-6.747095445103795,-1.3249321263492186,-3.5229278517204734,-0.9027414111961902,-4.748985478974442,-6.403540442976654,-4.679157595291328,-5.532541652916628,0.13956628329362575,-2.1167935768950237,-5.5845540144711805,-7.274640132985431,-5.962945706442305,-6.230333087072027,-2.3203792804712284,-3.48477540410725,-1.1061380801347005,5.0,1.0,3372.3588499143148,0.0707940016415356
557,-1.774100724656784,-1.1906758106879802,-6.321170558535465,-0.23518003637907176,-2.492383590489381,-2.3065064070764967,-1.1630545880269798,-6.7461935934456365,-6.916321075722766,-0.5583550341908879,-1.9895900745448627,-5.28083626617334,-1.3710840964629967,-3.199589233597155,-3.2743089495914934,-3.152053504672299,-3.4934112734602625,-0.6798276567176108,-0.13669679186067932,0.3437284389994627,-1.103232491215178,-6.134020145001971,0.19362360760070163,-5.444433878800925,-3.8313983042020063,-7.56491469108109,-0.567280877909556,-2.6056884937666833,-3.8151338463289486,-5.53057299928278,-3.282472967050471,-4.580790896024632,-7.364177602585817,-8.116780467753001,-1.9338023916134661,-4.458146890671897,-0.6114949244070997,-4.556664979036145,-6.263509536954427,-4.505520116537051,-6.436160420432632,-1.7928491955953034,-2.775989089649029,-5.585332578203533,-6.788128406699003,-7.176542872382285,-6.608350231014097,-2.245190804061376,-3.244487629424963,-1.668871822821409,5.0,1.0,4352.3314180576635,0.15678628993531618
558,-1.8880058064541845,-1.7274730423236164,-6.730363138448069,0.2770703894257647,-2.861169279439425,-1.8924918257911432,-0.9985699213828063,-7.354401909775015,-6.764208917090643,-0.4743853730108487,-2.450475736119846,-5.214074708817007,-0.5664842755555083,-3.6164160165952763,-3.947778600323149,-2.426519915012903,-3.646669569140592,0.12480190989605688,-0.36344285567347645,0.7458134933217714,-1.0125590120671724,-5.407255417184656,0.17833555871055018,-6.3924238823567805,-3.3338185035267864,-8.381770269423209,-1.0048702423944667,-2.3846851894501464,-2.588369206092731,-6.412505834701514,-3.7197889381589335,-4.3617788863515585,-7.067786515718318,-7.377632631992198,-0.9832877736484581,-3.8489806226879706,-0.176971250145755,-4.810920181769305,-6.231880919850097,-5.346902525484428,-5.851544855452245,-1.2566036239181775,-4.336658592792758,-5.737222702835744,-7.191709257855393,-6.946750897243704,-6.2850690532222195,-1.5875144060332547,-3.559656457014249,-1.562525517779565,5.0,1.0,5124.835662506116,0.03618183112843045
559,-1.568865098725258,-1.2017463184936363,-6.788507403045071,0.2929450957154651,-1.93092740191622,-1.587750762580566,-1.5934116213458716,-7.204147075952203,-6.973002608966681,0.13652332277669343,-2.8292220809913875,-4.746910086470789,-1.7736649234362465,-3.2375092926667297,-3.8277880466107095,-2.4775251886404184,-3.0788839873399985,-0.4211394343735062,0.34497060983663724,0.0005487236496997186,-1.2398529226975696,-4.528439917717559,-0.0671263097812766,-5.845220486644461,-4.404462744531864,-7.652029531952017,-0.4611797842623867,-2.4770336919159965,-3.0463852121575234,-6.795569325881671,-4.157008070837981,-3.6696316930538293,-7.020852649446898,-7.612091347331733,-1.5496706519346266,-3.849211975906488,-0.36997216415923506,-4.539400473149948,-7.482689130503843,-5.386448047266956,-6.316752553981366,-1.6124855135049163,-3.237292863378266,-5.466836419001089,-7.090566982287839,-6.220959138850747,-7.354799285258439,-2.114354574925878,-3.2781562506346815,-1.3213808301029386,5.0,1.0,4487.246454796418,0.2602642646106115
560,-2.7151132322762863,-1.4644333251763084,-6.643425053231779,0.7532697145854307,-2.8660553176631787,-1.902471945758138,-0.6465358070704457,-7.09516823866742,-6.9266311383390935,-0.89853942698721,-2.399791216794249,-6.419853396761658,-1.375331749442173,-2.419701641299205,-3.2040662605553774,-1.8017597044213867,-3.0283503074515745,-1.126631252372937,0.8674664687451601,0.06706422734534717,-1.082292528889822,-5.248676816349706,0.38073237340427046,-5.900260134482766,-2.7001801877626064,-7.227109819235679,0.009168929948284055,-1.3695291100456073,-2.404719923322727,-6.822259162558269,-4.004369734452127,-3.8719440263675247,-6.581670346119485,-6.680469156259566,-1.1549577698204523,-3.115115591180841,-0.008445884267434978,-4.802902076272088,-6.162487835772861,-4.758287609899986,-6.008186517660333,-1.1907094222342618,-2.61998062838053,-5.50374708160474,-6.844684576226752,-7.3765964110824935,-7.120070141049176,-0.8908924799476265,-3.61247894039317,-1.3843477752710762,5.0,1.0,3349.645482622399,0.31094183175158563
561,-2.2057748049090113,-1.105475416472263,-6.594668771556498,0.47748736013301907,-1.142961276277107,-2.849795057322182,-1.0254827850642887,-6.940516639995153,-7.243245337615192,-0.9695802176331564,-3.4670896485096874,-4.7280271904508195,-0.5087830843969704,-3.0722030642673834,-3.8508365248659824,-2.46499502351435,-3.2570254025881082,-0.4659214756714658,-0.27931420586443634,0.673118157718492,-1.5320842649559956,-5.854867295353079,0.08262436742524115,-5.755981381875527,-4.201564782941892,-7.399407536909195,0.17638036078647318,-2.3132212658475715,-2.3005420845856275,-6.007296656495373,-4.366921116466855,-4.134172136160148,-6.742738260150368,-6.702131579161917,-1.7429494311088192,-4.319493694545445,-0.6093006075930097,-3.24248984549516,-6.447245688371858,-5.550524419462625,-7.051877651008902,-0.46430786681008596,-2.1983003103347065,-5.74616058315436,-7.286635208433882,-6.090076282708935,-6.085405855106181,-2.6749492558666024,-2.7502609583573108,-1.1685015673008816,5.0,1.0,3624.0454861983853,0.21707922541911673
562,-2.715007277660124,-2.067434513013006,-5.661067175692224,0.38933897882592794,-2.7603003381538436,-1.9210123593110415,-0.713524073321497,-6.781722484808677,-8.294313581981015,-0.5083916426681926,-3.3792636328627537,-6.450908748674781,-1.356072685785825,-3.989632438541547,-3.850270696195523,-1.8604980169647445,-3.181638035819247,-0.516755447584172,-0.31084140148630107,0.032406714561756075,-0.31680058355957064,-5.919649953750977,-0.03162568130023358,-5.994583591010545,-3.4838314901643326,-7.428248862806572,-0.27832211408807467,-2.055334172935597,-3.288169982937625,-6.5857691024710245,-3.5999514025323243,-4.744160530923218,-7.2787092741028765,-7.630760690134271,-1.6307922206281704,-3.227128029041078,-0.38303677413430554,-4.469818359246826,-6.19133597012818,-5.13870138587159,-6.703782777441859,-0.6639040775705847,-2.714240846569098,-5.838376206359967,-7.75398195503204,-6.715656788864145,-6.396370277246262,-2.0211548028053197,-3.4321068927790157,-1.5351665213058927,5.0,1.0,4622.66744213567,0.6629900073215436
563,-2.6806733871807413,-2.1238109512669228,-6.1370250798896135,1.3324296423166986,-2.457712234293728,-1.920750115116191,-1.2413892229648678,-6.690886439600665,-6.721697497669052,-0.610435638370972,-2.3234588077713982,-5.523598733014303,-0.9789476856658932,-3.4415253156878736,-3.232096879391907,-3.1124303256296164,-3.803983525289624,-0.418363130863239,0.442168085999435,-0.6390656600059765,-0.8013288696056229,-5.2391382646817,-0.8632929638205448,-6.974697679038734,-4.016875780900894,-6.388659321419225,0.6362389259584289,-2.8277052391238526,-3.300120212936336,-6.786646037993681,-3.383899763160743,-4.651910075149117,-7.455502832386336,-7.467732903528855,-1.8610607305912328,-2.8330668678604263,-0.1249390134915091,-5.41218607482798,-6.954486193999944,-5.151933895941012,-6.334164089111586,-0.8963604165953233,-2.898438776512428,-5.665928469358333,-6.437361014195105,-6.832606585923732,-6.8283239938301055,-1.4550908903475763,-2.72238141299663,-1.2243006941433252,5.0,1.0,4175.827340533404,0.2854026613548714
564,-2.116649186074604,-1.3269506623289602,-6.191742143748162,0.7110802468871344,-2.86109016297367,-1.756144887151898,-0.7518577946416837,-6.033910306136763,-8.18452036142841,-0.27870235761122203,-3.058372313807457,-4.589810330357784,-1.7205387451702403,-2.8855148952233796,-3.7908916606788265,-2.2113078263909975,-3.2964396150482638,-0.8312109580437979,-0.291928593269706,-0.2830091303062988,-1.200319099172539,-5.149911965592328,-0.6455380113427136,-6.5451959963960435,-4.213414997303864,-8.096434606541033,-0.5735639731156299,-1.647111212754596,-4.2013873430004445,-6.224733200595843,-4.452917267588093,-4.459342150999554,-7.485182421534285,-7.671948213809058,-1.2770870502993272,-3.994388715685329,-0.26201250885751215,-4.424459366885227,-6.266862235650229,-4.784507768222246,-6.2636775826542275,-0.9751813489700507,-2.853542509747084,-5.618966297108132,-7.545783015173878,-6.831760729818349,-6.690987819485769,-1.4809113421284816,-2.7603048134955346,-1.1188183562151774,5.0,1.0,4659.532364158878,0.22474760774990463
565,-2.509853523524671,-1.767092457886985,-6.3499691627211305,0.5690438615432781,-2.6085312072289613,-1.4268826786447457,-0.7445058720143396,-6.566438830683466,-7.091682864909645,-0.38251458952773504,-2.6073178464500337,-5.971445169993996,-1.6961697965897313,-3.005514890272892,-4.287661087214895,-2.5103151115540157,-3.6232601550771837,0.20663137959206168,-1.800460249004101,-0.8825222319970518,-1.1973399994601037,-5.634750647349814,0.2727531609481765,-5.694464803147893,-3.990884774169526,-6.83295731927001,0.36180567233784067,-2.7626590806746436,-3.263748987248937,-5.466970306650838,-3.410357742178536,-4.377412580529686,-7.09251667669436,-7.821575682865884,-0.9541198799847455,-3.375253815603523,0.14611016242254915,-5.500947934343497,-6.48704995435477,-4.485879325305023,-5.902183836942223,-1.1342151409718988,-2.334117064666994,-5.799865632520747,-7.235276552346934,-5.964538384527645,-6.588797619716928,-2.0723284122620944,-3.621425016732788,-1.327272333792887,5.0,1.0,3586.4710621998574,0.4341568665265988
566,-2.686400449909015,-1.7765265964663874,-6.1304276875730235,0.364838180135784,-2.1028517296696827,-0.8584894318648983,-1.0106205783010975,-7.148488396040539,-7.188016193423795,-0.6736003891817394,-3.9698181898885596,-5.320407461185128,-0.26910135236716326,-2.947583651640809,-3.3709202699589143,-1.5413606258167296,-2.985450166440486,-1.4711135103824322,-0.0051499567198203255,0.2614516696966095,-1.280776873744035,-5.104413498934502,-0.5797127311143806,-5.982618651110422,-3.8903662386539324,-6.899719295160711,-1.2970561469030286,-1.735777930587431,-3.227653135267157,-6.269159689885165,-4.187021029377706,-4.369809753613016,-7.804155228994132,-7.592747043912975,-1.900563391343411,-4.0843145607601326,0.13322732900414924,-4.848004697851369,-6.731759521399111,-4.488302682074908,-6.575413023884763,-0.7375661983625272,-3.245636545895586,-6.2809179872751315,-7.168591272537602,-5.635031687216993,-7.68665442328379,-1.2378530167691735,-2.496630885710219,-1.415103842370346,5.0,1.0,4474.84166880665,0.11273937997981012
567,-2.22088674996876,-1.671487290322087,-6.189879617520669,-0.35683112582332227,-2.6463992951821473,-1.0695678189574114,-0.9149054221011278,-6.272997857104251,-6.911540674495643,-0.21323996818792418,-2.713757409956847,-5.242944044149138,-1.79173670799771,-3.3567410969358003,-2.896317734402556,-2.6385840545356047,-2.6843761202891243,-0.2752076780493571,0.6484508668414136,-0.19087361633491315,-1.1641938091620787,-5.440686599098317,0.3238335579566416,-6.395830660587496,-4.4404074509860685,-8.274603688580221,-0.6237909871588518,-2.3500875328773,-4.359508525752345,-5.785516998380847,-4.42491177967674,-4.5206914998351815,-7.647742147102976,-7.273814880172609,-0.37170024411528757,-3.1920317811272243,-0.5857570918510481,-4.343487514232052,-6.477137429750308,-4.252328609281491,-6.835122783077048,-1.9725293219149167,-2.5756891721511486,-5.116972020997369,-7.37481166999602,-6.180941152234479,-5.8814967003513585,-1.5121185739396013,-2.9690631141428265,-2.031227725811742,5.0,1.0,3419.1034088205147,0.6417575846032317
568,-2.2001493421831815,-0.5396981706635773,-6.126746076499815,-0.06871944312421144,-2.6198214945583973,-1.922605106277466,-0.8931135677011822,-6.431474713731573,-7.533175255054815,-0.2025566375402688,-3.052235344557686,-5.163956177472971,-1.7253732252366423,-3.2473692409575423,-3.454297107846797,-2.334865920078776,-4.250438205774129,-0.11169230226606447,-0.2523616284127814,-0.05103860664138194,-0.77499546444738,-5.314678792022117,0.021178749161099686,-5.812262370522402,-3.4085031753124113,-7.22434945915411,0.3250034985128135,-1.3178155324338985,-3.10437066971528,-5.6009546809237385,-4.484229910128761,-4.4943270909753394,-6.418702133875038,-7.801063574719084,-1.1909402366088557,-3.3241940698199066,-0.22384377801291855,-4.459455691356096,-6.246375079867349,-4.76367653094888,-6.026269216749848,-1.2783091311200248,-2.6340159516585913,-5.089737137965329,-6.442495067411438,-6.195210401303917,-6.703523205664726,-1.4982073079771179,-3.020714139108522,-0.473317292327296,5.0,1.0,3335.562820093493,0.05964051494381666
569,-1.6641361064999887,-1.9765624564246385,-6.094663499483578,0.5883447230015844,-1.9825145049118138,-1.6529667150047804,-1.4896730382010266,-7.3327680903980115,-7.2912186926036,0.10346478055564623,-2.5268110868645897,-4.492085764676539,-1.2754064209276035,-3.079059625697712,-3.4170742550462787,-2.6718923826378873,-2.6978279537957928,-0.678135948480345,0.01649737139829993,0.48836961749606456,-1.1471840203557677,-5.877999152834056,-0.18701196405239892,-6.087535029854153,-4.111613056738796,-7.048427123916343,-0.24811922940458492,-2.530260620441427,-2.851719050450306,-6.48142723537709,-4.46046056353877,-3.1930028439565312,-7.018932596861342,-7.9564866036429684,-1.2288855524844247,-3.584460131808484,-1.116302582479936,-4.6204532239927,-6.463944277375177,-5.2048904573554164,-5.959480650300808,-1.088488454314995,-3.53070370555661,-5.4256880818498825,-7.243725799070626,-5.593225731302714,-6.750555318576588,-2.5416478629059442,-2.9658711570236194,-1.0619424650816178,5.0,1.0,3236.9132065727435,0.7895095492804138
570,-1.8763683025594364,-1.216316187963389,-6.379372596725173,0.25890698482669494,-2.450921211148185,-2.1573272385200735,-0.6706933275970828,-7.2770515244019185,-6.5635929551263885,-0.38965877591130216,-2.6729711959681635,-5.649837802344834,-1.133540687031543,-3.412524662758273,-3.268468462023579,-2.5505658955792088,-3.000973456685963,-0.13388741645321878,-0.2988112038231625,-0.18094516569981914,-1.2272789942227045,-5.238539984525469,-1.1573011994352504,-5.965426549015606,-3.6475925812212893,-7.323738010048749,-0.8207403300421272,-1.9658677821148274,-2.439949912590423,-7.2831270065352625,-3.9165398494945,-3.930400063167414,-7.565048726216415,-7.478423546770057,-1.0008219768700868,-4.0508979429888505,-1.2704364361013447,-4.540174748587751,-6.956937911233124,-5.611977943534319,-6.878968040949607,-1.0986884280468012,-2.3382874484159264,-5.218023628296241,-7.415428879776778,-6.253088949672364,-6.078976855009638,-1.9533896124212522,-4.375801210686156,-1.3534517876763346,5.0,1.0,3982.258786425454,0.617795815437326
571,-1.1576346221760627,-2.5238646295143026,-5.813136676690542,-0.10293000530787569,-1.7045816943647674,-2.316226681207026,-1.071729232229278,-7.943218551377626,-7.564505705887344,-1.479707460106487,-3.395850213961796,-6.263373747669964,-0.5587111738773999,-3.72731033222127,-2.728952541967599,-2.465692439205678,-2.8618300020536007,-0.5464681352808322,-0.6815536944131254,-0.3096058772723454,-1.9323300478019774,-4.970598622407804,-0.4258406615363236,-5.609333613630857,-2.7561718910619186,-7.457371624503098,-0.2760902049998767,-2.0610959345876356,-2.7721051218344472,-6.14492005953859,-3.938376744686609,-4.425393042241679,-7.165343154776349,-7.920590588516232,-0.8221482123631528,-4.425948301170719,-0.5949469596037558,-5.245342842801314,-6.556523740493682,-5.036996255939251,-5.465161306109081,-1.5238623525716148,-2.412722077838295,-5.02311493324974,-7.539811649067263,-6.155839283500501,-7.3436742196416676,-2.474657994761192,-3.0933935070843246,-0.9283986113984105,5.0,1.0,4388.863905452888,0.15897254522733795
572,-1.7670873568019139,-1.4411393431368245,-5.053640460457549,0.5811549147681561,-2.729806780201626,-2.157469412942715,-1.341729403664197,-6.685065441897397,-7.197521202586765,-0.04875718162002529,-3.738994014755913,-5.115056408298181,-1.505831344120444,-2.7845815268973806,-3.0141820654547353,-2.406156543949385,-3.324924751451455,-1.1359412950998626,-0.4511394179258128,-0.1158483578190247,-0.923604869803368,-5.2882817359414185,0.04141655590077847,-6.3535726226027744,-3.868927472333886,-7.817714369026068,0.027218956931796934,-2.394336108109895,-3.350735324411639,-5.633846330457176,-4.558470199315391,-3.832329023213916,-7.61136517467789,-7.729553484237544,-0.19762021436316957,-3.3317657483495893,-0.06184749942265311,-5.1007955140224555,-6.342556715216219,-4.508333150084391,-5.975515966665773,-0.884591525160167,-3.7056138669982643,-5.126316013749672,-6.70474888528451,-6.53748007053193,-6.764029460791108,-1.6876296558242916,-3.088654617708023,-0.772483478840348,5.0,1.0,4302.2041744939515,0.00441769369888192
573,-1.8998970882468627,-1.236813916473155,-5.6108137971310335,-0.11310264272369022,-1.9543807103779547,-1.635562614512726,-0.14263767435337815,-7.260026056662635,-6.956896511310717,-0.9146130619388373,-2.697862877426014,-5.9444594651508496,-0.6043729345543433,-3.1848727311277107,-3.0397618379359024,-2.594158850287097,-3.307756185858231,-0.16262270129374345,-0.1387572481147906,0.27813509982427437,-1.52210981795566,-5.157408129367792,-0.8567635638452851,-6.104180711865799,-4.191683737098222,-7.332810900283099,-0.3430485696600226,-2.9532482281789654,-3.4159721938234098,-6.336093684827712,-4.885192334116639,-3.9102375497077744,-7.153658111222982,-7.309380692569402,-1.6881901726319608,-3.3742167515719395,-0.7778382019707373,-4.2542982509572935,-6.268919486345031,-4.464672141054316,-6.477108779350243,-0.521454087884081,-2.4303631301333595,-5.9585614905821815,-7.218183552791896,-6.5548327678497555,-6.611101423699154,-2.0999037289712468,-3.5835381525395213,-0.919957139658182,5.0,1.0,3504.2753001108017,0.6523691427638674
574,-1.952648193697642,-2.2017596303406073,-5.520838857259349,-0.634686845601719,-2.779306795491534,-0.40792041086186237,-1.861946802466937,-7.644000529275689,-6.911123214784639,-0.20378834428385417,-3.02409914176978,-5.350314180795974,-1.686022570547495,-3.6096454869108068,-2.543588271885949,-1.6281388232317326,-2.51384665164891,-0.6137373722393006,0.8241367063154107,-0.4035956226545378,-1.1004089135426511,-6.238617149941453,0.0184550773892303,-6.532804300845764,-3.3882638199843584,-7.157844019497386,0.4349731000609347,-2.5597447909554147,-3.016559202742567,-5.791044489448628,-4.669469305893757,-4.955999433797688,-7.586370693839482,-6.792639174971855,-0.9318723002769222,-3.5138578444543387,-1.3453561346256455,-4.853694575469912,-5.666457609892096,-4.6430121755498,-6.850814589702833,-0.40038117342654933,-2.5722486463362007,-5.7281850795473845,-7.9033875418579935,-6.692133465537566,-7.453731231094087,-1.543760629709373,-3.880194616289531,-1.7707311634151646,5.0,1.0,3998.773529021107,0.5654858750780937
575,-1.7332171393703413,-2.1859903481379384,-6.448018479270145,-0.37057281200106873,-2.932281769765401,-1.8029522922002648,-1.0936957146124497,-6.217179444828857,-6.618570052508063,-0.0734622689349988,-3.29275830094194,-4.746579418254704,-1.6011859341509493,-2.9494877394154115,-3.4532443953801146,-2.2766438607147097,-2.8753004533207345,-0.653457429682615,-0.16293032579200117,-0.2971745479911486,-1.0009718128003162,-4.511890752597927,-0.7650989833541761,-6.019544345816058,-3.821116969521745,-7.037897168650079,0.004937412788383555,-2.9432375344159585,-3.268268967521472,-6.012157363201926,-3.0773996968016464,-4.646746098005823,-7.140575381619054,-7.4638821053724,-0.9735658014979056,-3.888567569561918,-0.13335215641599524,-4.741245464480232,-5.713885589979323,-5.185394436711866,-6.129597368156338,-1.3901638338163982,-1.8125493253537375,-5.802057062061739,-7.501721638045641,-7.124396907011091,-6.33477786898086,-1.5604685919982322,-2.895074093036728,-1.7284869010272494,5.0,1.0,3023.434539967995,0.5832057344327899
576,-2.9301460046200862,-1.6035605920015126,-6.57194147319505,-0.6178565875444797,-2.7588577454873424,-1.508731148438867,-0.5371300418752607,-7.03879170323648,-7.513577366467384,-0.4407622130966381,-2.749773255862463,-5.49948709259912,-1.1046159991851614,-3.640195237377014,-3.1631577865981173,-3.650725009868325,-2.938318390402521,-0.9935747803485476,0.2671266129058467,-0.18032839845519372,-0.9419004538630532,-5.655950622614481,-0.10861911800493568,-6.5692581444080504,-3.6827468576252986,-7.833478475415382,-0.4853363603463946,-2.5438982994372497,-3.1831616581009765,-5.55905494570928,-4.156892849055405,-5.033622581878464,-7.333548701020453,-7.120054107259366,-1.6664464788934361,-3.9465565831597518,-0.5584651665650006,-4.631828509004577,-6.258991760095943,-5.277839569088642,-6.749439255922459,-0.5773348138322025,-2.3686326809827767,-6.116137318068061,-7.271689558284435,-6.139395473059518,-6.508567080972736,-2.1571350389771276,-2.337434036078623,-1.3798553677281478,5.0,1.0,4285.065937801423,0.6170162773487566
577,-2.0997760137521633,-1.6410121403753453,-7.049422718871626,1.0062285407531282,-1.520328901954854,-2.036559898199041,-0.21732789433794275,-7.604175099160072,-7.153228878069106,-0.4893284840638763,-2.726862756120159,-5.309745266177272,-0.4597108011144516,-2.7022627169468656,-3.034068581657766,-1.9780001841423918,-3.3956946579585283,-0.45654213011103706,-0.3720986634316147,-0.3214761156710548,-1.8869332402380479,-5.6956757233976525,-0.29676057590668603,-6.785729493044933,-3.9969973376839105,-7.263789409505715,-0.9899363827355614,-3.022063178286479,-4.369821493075237,-5.727136267517529,-3.388746779814282,-4.40777223766874,-7.4571308177490225,-7.286566554155815,-1.3990107150726236,-4.293442883040879,0.13835207948803196,-4.4305834776024255,-6.743179505796677,-5.092087807909591,-6.677320476922441,-1.7001052658370694,-2.223923524403854,-5.827659125367639,-7.166022687183658,-6.109712866042407,-5.939150687353314,-2.088748164316954,-1.811664696412132,-1.196590402595559,5.0,1.0,4573.50641747268,0.05923572138727229
578,-2.0996035024518402,-2.191748156774704,-6.216854178124823,0.7950136979931426,-2.516616554833933,-1.960314690313679,-1.1831313093323257,-7.249070188140291,-7.307879396146439,-1.0147729755631982,-2.9342297878819767,-5.36623358250871,-0.485464705678213,-3.127418442107909,-3.5308052348557015,-2.4167728703451967,-2.5442298455729424,-0.38841719849741774,-0.3108193937875078,-0.10947875938389928,-0.7409297668867869,-5.082120480895229,-0.23377414404489244,-6.500509345577333,-3.421971488789891,-7.406045692935693,0.06966789734079532,-2.3573055046895033,-3.5674275903116097,-6.370637036112487,-4.159077837372476,-5.119494974114798,-7.3442547020316145,-7.401430238861816,-1.0718512900439319,-2.892623668984312,0.04959595022454133,-4.335150941751929,-6.625464628277423,-4.856162906786637,-6.150440941070185,-1.3065373415667971,-2.1283139193302283,-6.021103952574345,-7.549973880088265,-6.190854307393203,-7.448780175696421,-1.8044963022050735,-3.0054009937846526,-1.0067587069501036,5.0,1.0,4318.444485476673,0.2867725828354181
579,-1.8651890994593217,-1.9593710385132268,-6.148393862112703,0.25671933973968897,-1.7908036314134554,-1.410520403328121,-0.6062815944407649,-6.650802628028885,-8.389115698660303,-0.399552878916558,-2.3238678166904663,-4.92864479274673,-1.127992189098538,-3.318622979344059,-3.31791495895863,-2.311518510146054,-3.596987004345088,-0.23946849334887382,-0.937297486011218,-0.5294596402574453,-1.1472236882205724,-6.053745113260602,-0.5067343366280568,-6.350591640404295,-3.289645693645597,-7.240979428039247,0.4361512181628239,-2.940460570982352,-2.8674096112988616,-6.042987559856087,-3.938412199666397,-3.6276606442403576,-6.434271728443725,-7.456974967506203,-1.5457460097792408,-3.8749886860353597,-0.4344884164252041,-4.273907728883854,-6.983621472666482,-4.642682205071038,-7.237288974381573,-1.623431859278354,-2.5484699288520605,-4.870108636547472,-7.764646669979648,-6.001919590342195,-6.457053833684874,-2.128460149723143,-3.222465787548209,-1.0742984456571607,5.0,1.0,4157.016440652395,0.09269524762010378
580,-1.671754340054267,-1.6689531135020679,-6.2532431816721115,0.32604215608147197,-2.8904619369156026,-1.4768515964998687,-2.1128102475509047,-6.820768541773227,-7.210100581924989,-0.5974264183813365,-3.8436921250739062,-5.337023223954185,-1.8254527496760202,-3.246948230960896,-3.113006560347679,-3.035355008536471,-3.3622707965974983,-0.5834757497617281,0.8619621600505198,0.03889865716046402,-1.6003648493997842,-5.592874094490323,-0.08154724019977355,-6.349093410003161,-3.4258934325735897,-6.848982744078695,-0.9708167444190121,-2.8916937416135227,-2.9417926233536162,-6.605850667368728,-4.08949587421897,-4.59476463049543,-6.4217976203088245,-7.507343451399822,-1.0815835959404996,-4.250362689224582,-0.7096862786009108,-4.1612194815360875,-6.296138748084879,-5.1290110906351085,-6.377040741649205,-0.9655500780783397,-2.753813070627839,-5.5124673678792835,-7.982547817703312,-6.813260361640217,-6.617691722581481,-1.608288673209147,-2.988465156855123,-1.460357667303192,5.0,1.0,3881.3307216046146,0.6904827407004749
581,-2.0162253597829265,-1.926891531212986,-6.446140176621715,0.4831187327375847,-2.301053392207482,-2.8687626520987504,-1.1775959122466653,-7.619156920075104,-7.682512535276742,-0.43391829211209487,-2.611602642259008,-6.334069812819579,-0.68193500765487,-2.991145049052571,-3.878065479653553,-2.407112827045329,-3.207374245923545,-0.05673848246768359,-0.42234314348702917,0.015203400587931862,-1.235830810720387,-5.365745845314473,-0.6418988398518415,-6.100915193700981,-3.2638779629321313,-7.488515705002086,-0.14130018672086336,-2.1000302254453507,-2.6106423200656215,-6.034715115189361,-3.924953215818966,-3.7287721179656836,-6.879100305772386,-8.154543553624475,-1.5836519691159916,-4.353810442096906,-0.2849790015043969,-3.8739124901406266,-6.622060872151178,-4.101477355749869,-7.0214052210805065,-0.82243422796541,-2.1709877685025174,-5.463864253869804,-7.669644692824184,-5.967196625548861,-6.414763057600925,-1.1574037876180818,-3.373872418265643,-1.2540653615247337,5.0,1.0,4048.330026805308,0.49863850146204636
582,-1.3559305738481537,-1.0220765882272418,-5.44847469252857,0.8490524092356211,-2.2074073077237237,-1.4542323312504315,-1.290774336267828,-6.598251575780358,-7.491383568036198,-0.614839920748243,-4.106336123578007,-4.848055165758651,-0.7626687494801154,-3.1010867466053287,-3.9413007572347674,-3.6504068341768376,-3.3662143316568245,-0.043086294531611835,0.04575280269887444,0.03640078644595514,-0.723737012961315,-4.286493055825008,-0.6158829480569337,-5.996065185051663,-3.5815873416800534,-7.033978005171661,0.04685398145514863,-2.0245866351574633,-2.938689030318162,-6.720764935256701,-3.9222221616579827,-3.9425413164455123,-6.850733269851697,-6.679998949803698,-1.5066782780594306,-3.0098201514292597,-0.5533992360402771,-4.963417038842907,-6.140634034187866,-3.9143393464458955,-5.870669305490503,-1.4986842987407918,-2.695991557510617,-5.701463136281835,-7.1878581725278545,-6.150274246489317,-6.424379815761183,-1.74923406937162,-2.76490677067915,-0.7356782599044079,5.0,1.0,2843.9495250854966,0.26471841988211936
583,-1.8551881674203272,-1.5888584608897953,-6.126370710235267,0.633019906232938,-2.403386332535568,-1.2135848236492355,-1.255263943929076,-6.657703305127004,-5.624704770689307,-0.871283469144715,-3.436049113382526,-4.83273159577965,-1.9607519591437141,-3.1470718935093314,-3.5245972574034434,-2.3259478265801583,-2.4154331415409747,0.1467948185583433,-0.10260162471882595,-0.3852807510144431,-0.7323315993258048,-5.429524049438679,-0.8253915176302911,-6.326037467184022,-3.891939468108306,-7.30568005867101,-0.8132038649696205,-2.7067345286783855,-2.639491900212408,-7.308044070223637,-3.544894141099288,-4.437288984437508,-7.012355037291477,-6.764904319249703,-1.6010227921371303,-3.582351120153031,-1.273503243898904,-3.349607040774976,-6.946626466551619,-4.537337126375632,-6.577103185806779,-1.5800202076702659,-3.0122466006576003,-5.496117267279659,-7.281457927456562,-6.6795326656998135,-6.469966095266118,-2.7263930285452376,-3.5244641861823043,-1.4261588241069365,5.0,1.0,3773.8920715271656,0.050846680228818913
584,-1.8897924883270891,-1.3479245802304594,-6.471385096096969,0.008605174575757032,-2.2296734567309606,-1.1198544367016727,-0.2656338259362241,-6.8375550656503155,-7.2450473671433615,-1.203851007402834,-3.4640839910872403,-4.965867294643447,-1.1235523838929424,-4.04599568850253,-3.027863849189362,-2.8634801497760733,-3.748159193471439,-0.44778989354513077,-0.0815855154783959,0.6819064676261055,-0.8070160700602078,-5.069149575152833,-0.07312607875788801,-6.515696946116727,-3.6404838032414224,-6.720467991900026,-0.1477696889034174,-3.379032452233755,-2.9018902564230022,-6.513166725590617,-3.279909550537833,-4.154308847743141,-7.814272059681353,-7.64932835086328,-2.1071490801083494,-3.726352082161481,-0.5894161974123971,-4.50565043255761,-7.0910262068224466,-4.726032328463018,-6.8318368461882635,0.36497043183925104,-3.3523253516953213,-5.044367060806941,-7.145558871638153,-7.7408683394981095,-5.875540513620606,-1.7081141545414096,-2.767176287607252,-0.8517857749662087,5.0,1.0,4284.938698882323,0.24878585737252978
585,-2.365446928014791,-1.8242702816657346,-6.1548510873377404,0.8827796307163648,-1.76573586436131,-1.764093678506526,-0.3200122695129307,-6.764236910181068,-7.897632906023931,-1.0222084071055457,-3.241151109606832,-4.377457510611615,-1.3737875146809106,-3.034160149295583,-3.4739500561334444,-2.215494624698437,-2.9382907365655124,-0.14603506608807143,0.36390576835193233,-0.16788829544019565,-0.27989586548848466,-5.432327925340011,0.14031114530559374,-5.376416965530029,-4.524485201781017,-6.822593849047211,-0.35407137174386444,-2.3122359866625564,-3.7709806021644106,-5.875479581096728,-3.831249102922589,-3.957296847006275,-7.4709327793871205,-8.089115205627662,-1.5148798653139213,-3.9553442901071434,0.14409497991383613,-5.155619554714459,-6.330456946200794,-5.103296469730517,-6.240642788020276,-0.8194938105136538,-1.2619727947622912,-6.1423318730240295,-7.012507412414786,-6.441120948734986,-7.092426438504009,-2.448620844972782,-3.2300774051750447,-1.3361180015302518,5.0,1.0,3960.4211784296126,0.26014665762139766
586,-2.7093183460575947,-0.9660745770646828,-6.016520373403974,-0.5598608955500223,-2.3761662570136877,-2.6723595027474403,-0.1594415442178967,-6.675737565727422,-7.396451328294124,-0.03519759216152385,-4.40505626968476,-5.182447059181416,-0.3980585756585422,-3.3743255721289,-3.334674189243619,-1.4405803373247232,-3.1680801497049527,-0.8978769073476136,-0.4472644751957289,-0.7206082984930821,-0.9922779838722999,-6.072671981199293,-0.24567384776654386,-6.221984446185154,-4.469643481445678,-7.1318004735903076,0.5813198300130152,-1.4238262142901283,-2.853706947937606,-6.415965473817143,-4.193100627704066,-4.595399463153071,-7.3610372536414035,-7.321319950771029,-0.3122556187272665,-4.317091053887603,-0.6446350275392658,-4.641890443241069,-6.569961081262816,-4.958732691944155,-7.135431212728698,-1.429163076945008,-2.356364729565243,-5.364562338824467,-7.542712376004759,-5.587130192279239,-6.920553124304129,-1.9393282987264466,-3.253687433522352,-1.9501625426074294,5.0,1.0,4038.592300744882,0.5836849426704512
587,-1.8803985507738799,-1.6475451731471342,-5.942105614167279,0.43702541214395424,-2.521643998364186,-1.6467781303089366,-1.0273062643973123,-7.289216629195262,-7.5273584186714695,-0.623871990554803,-2.161166928318908,-4.918496773314027,-2.0316784621989177,-3.5115102475661324,-3.6274622193673203,-2.8123306746645853,-3.0089612015904077,-0.09965763568218788,-0.45455333715378626,-0.14585160100500327,-1.323334921556535,-5.028352805063449,-0.10499228047686626,-6.772297292446622,-3.961501884229686,-7.727824470033529,-0.28704178662620794,-2.2652594932515187,-3.602215049705314,-6.678785817419508,-3.9779322316775665,-4.107515559107915,-6.474833442519932,-7.234803664793804,-0.7718080780176639,-3.1946242030922414,-0.13668834386053258,-4.076696722141534,-6.219823308855764,-4.276101452952994,-6.836769905183623,-1.6870098604016435,-2.5441625924341857,-5.056555292065733,-7.120314564794509,-5.95153219324738,-7.145445357813849,-1.3125736705416697,-3.89527141366872,-0.9927714108394647,5.0,1.0,3559.0241977729315,0.5100459770841705
588,-2.4033706081415063,-0.9845115590123816,-6.718122778449601,-0.06939768877222707,-1.881165580987858,-1.2692568957330317,-1.0353893305232547,-6.67629036218725,-7.6739591180780895,-0.7939642223858694,-2.471762254004706,-4.4416558596470885,-1.4678475555376331,-3.964426897116404,-3.8854071259541065,-1.918083088634621,-3.016827647278979,-0.4283101403025774,-0.7832592912032891,-0.5825759168863611,-1.0436507122973866,-5.44920332100929,-0.7008447643746668,-6.188642355896452,-3.54443503274643,-7.84136912522457,-0.05202060719754617,-2.207534958138539,-3.6766138822553662,-6.4766716045763015,-3.7970376198811997,-4.033798535431574,-7.05299281448139,-6.7379345682007665,-1.5492310747867264,-3.366976465484986,-0.03451131286349196,-4.778047857516708,-6.115587511238228,-4.726794592444421,-7.003007889046673,-1.2011275761275984,-3.152121566043392,-5.219680096672805,-7.133674429134951,-5.824365659137478,-6.492228542408806,-1.0812535904729137,-3.070294392580234,-1.2726001926085875,5.0,1.0,3243.1171507533213,0.7097701940610612
589,-1.5990883659753823,-1.4774299231708947,-6.2685136585312,-0.09606417010016433,-2.404065622480212,-2.6633353746614725,-0.625891470861111,-7.053135646893935,-7.4158683257919416,-0.6863095056097144,-2.4991684897353013,-6.05175781097379,-0.7753022819053114,-2.5746009371556826,-3.2423770950715607,-2.854839470046014,-3.58430462074542,-0.5537928269916036,-0.11778503029505161,0.5927743212404482,-0.6052129549227607,-5.65167871859258,-0.6186719295372088,-5.88927414275091,-3.234546564005127,-7.907214317288995,-0.3208741148593012,-2.3887862089320726,-3.238514439115138,-6.832516083055375,-4.951895887873809,-3.9222533673814297,-6.652343004359468,-7.295818104052345,-1.4815309158717394,-3.5511604732069912,-1.1913536151591249,-4.2241954475201124,-6.7390030713723394,-4.229062070505459,-6.877547346983104,-0.11090309683317745,-2.135021695321977,-5.1072931709417935,-7.579486429976332,-6.596149770149847,-6.503282450296857,-1.4641708059250806,-2.0545196906115404,-1.138969633471849,5.0,1.0,3875.1149807512907,0.37777194012955945
590,-2.886920949124042,-2.4031597584773716,-5.896611810536179,0.09474587108114645,-2.0404894755122207,-1.637742472694135,-0.8688208364932726,-7.4780126914491305,-7.877581075083025,-0.7186769915182508,-2.2975299302206302,-5.416225264722533,-1.4316751526907403,-3.309891661977487,-3.624850092011166,-2.812980933313534,-2.5999105174732,0.32042210140881344,0.17528329627049793,0.1496482998373416,-1.016159439105363,-5.251044883061632,-0.42907193215745376,-5.527815565849264,-4.537347684205235,-7.23275255871925,0.49162944799924335,-2.1190199319764402,-2.4281603280162622,-5.436736613758748,-3.9054352683294704,-4.85046488020769,-6.498338856793759,-7.820442734186889,-2.195696087898055,-3.6082817960760907,-0.6119042637214716,-4.74754288510904,-6.106788281852097,-5.643426724355944,-6.653494210330584,-0.5577130553799137,-2.2279613377235545,-6.010178343545237,-7.748927122093056,-6.295024616055742,-6.003596881765798,-1.6039175821537017,-2.5742656025064994,-0.627912263007449,5.0,1.0,4142.762159009979,0.09567539675064136
591,-2.0128536945441002,-1.0379753431983616,-6.269606271138161,-0.2252497334049764,-1.6236979137748309,-1.6057162894624426,-0.7012492701381582,-7.320930935643512,-7.56706806934294,0.16161786214100804,-3.1705096591406203,-5.022781909785176,-1.3933119595711274,-3.8395635755421647,-4.299506038446456,-1.6014740633453517,-2.5340964382128774,-0.4058898639597942,-0.12495742721465256,-0.5052684804520027,-1.2436452007360999,-4.335061247921313,-0.48883102006468293,-5.739903153802176,-3.9161635872492275,-7.569479017540822,-0.4182959339765886,-2.4097820368943728,-3.257657315851216,-5.476367634281923,-4.045949627263801,-4.28139846812047,-6.945502928866229,-7.707814513464691,-1.512021841663342,-3.7813677333771625,-0.24519328042140917,-5.193144414061932,-6.839804795905059,-4.7749604516558914,-6.47029197718997,-0.9012737303344435,-3.620264170419267,-5.777051907959559,-7.649033382299643,-5.878958308882777,-7.107228137005762,-2.9780453952280572,-3.8707476371768665,-1.1293525523095596,5.0,1.0,3969.158067335818,0.5705958297783961
592,-1.6389858804911903,-1.0052872141649414,-6.869812943381097,0.7274363600248267,-2.3778681395473624,-2.7851702585142335,-0.32157347197642017,-6.8113211463461365,-7.250109348776836,-0.6253376176100162,-3.238910569807242,-5.101944505107565,-0.5922477488108328,-3.592317732577759,-3.742973890240715,-1.9505772742201186,-3.7607941510754226,-0.37071078678397573,-0.2804760361479902,-0.906122289847105,-0.9803491973920635,-5.36545524146475,-0.2369251528800252,-6.463471715212496,-3.947669753111235,-7.53877380808781,-0.4953932243817205,-2.4815430876444684,-2.8596836450108643,-5.934516239431164,-4.517422878083841,-3.851145808336747,-6.6772981623515735,-7.040890773027799,-1.6553526637272116,-3.611779673487479,-1.3241262237124842,-4.934968795139428,-6.537415531141488,-5.103964315758655,-6.205054762914807,-0.20852465535355136,-2.478224014533502,-5.65695025964175,-6.6942907237542615,-6.297966385673072,-6.8687239583683155,-1.903095535214349,-3.6477851084896145,-0.7619813613204764,5.0,1.0,3610.596364712242,0.608628038893518
593,-2.030533115465231,-1.5826487416076231,-6.018639769688369,0.6994715143417287,-1.8652330310722616,-1.0193225816362745,-1.3480444091766703,-7.1823333084897865,-6.828837165141241,-0.9319520381729478,-2.184827090696001,-5.607145644614738,-2.040542612243797,-4.203837859784673,-3.4338167279703646,-2.4174224212573163,-3.5262476587131637,-0.6358459426785027,-0.30782500282247555,-1.0503196219086743,-1.8187460189775295,-5.62593074543986,-0.2497546795509664,-6.388441832532264,-3.9882246460408513,-7.146197375529703,0.03893426224386104,-2.5263868827283775,-3.627139166226419,-5.896317341342424,-4.138389075870826,-4.78297383596687,-7.359575076866583,-7.602442706248803,-1.3823935501489815,-3.466573184422503,-0.734002398525825,-4.431025298677814,-6.5495932146386755,-4.074561968313281,-7.678525954345654,-1.4381051290492115,-2.3359836341550393,-5.486167904688317,-6.98067476443684,-7.216123338498028,-7.09967726577513,-2.2333045502654665,-3.232029764366652,-1.8172685357852543,5.0,1.0,4494.179970707646,0.449021758055597
594,-1.9312912851475919,-1.1510600757424616,-6.125192745193238,0.6337667453295223,-2.4324428108205502,-1.720434511579571,-1.4752905535373233,-6.090883777880276,-7.397464507863805,-0.1564766363440555,-2.8979022348040107,-5.754700853624824,-1.1186365691082232,-3.3649812328411595,-4.636395397063724,-3.00280924337263,-2.5556956946114138,-0.5512205262420228,0.18177483482345835,0.2520825466217246,-0.21858355551840913,-5.3272781443230315,0.4029537116344789,-5.865709416253795,-4.3099988783976855,-6.875085301394318,-0.9607831259770141,-1.8148454115236148,-3.550224957091515,-6.759416780905905,-3.405527929750059,-3.7850860761894625,-6.827146167770128,-8.601196844868293,-1.4998070882163712,-3.7605038200065053,-0.8142550388023353,-4.162335177159751,-7.615956025748233,-5.613248539709853,-6.274019982302366,-0.8770941856173771,-3.0716179775498214,-5.295128317137829,-6.488667589714851,-6.680611440082086,-7.275523711621347,-1.4493304379480025,-3.168652459856883,-1.3649355313193634,5.0,1.0,3948.53632430127,0.6167737439636488
595,-2.3812630560360364,-1.0187464681794336,-6.567290997287265,-0.36365432096664646,-3.143366556273481,-2.2766267525708797,-0.5868256108701014,-6.953737932507185,-6.785045079353307,-0.027240227891059288,-2.652116905487104,-4.851495100564365,-1.4560483655343597,-2.736967059457445,-3.5789656576347704,-3.1237384095474447,-2.7962631248760563,-0.4834772449249816,-0.7789534890376978,-0.6234292267186224,-0.7277785805240127,-4.994125539179024,-0.3386234245927245,-5.977347671661668,-3.5168644615863767,-7.188514056992399,0.12326169794003261,-1.9010313716406606,-2.847525946141337,-5.838288689165045,-4.005120824367081,-4.839883624879425,-6.810443307931277,-7.238731015983653,-1.6436025485973773,-3.0854825052373234,-1.03982212757297,-4.619693941119814,-5.932886058669534,-4.45290350532779,-6.826914579257857,-1.2919158687782317,-3.2187067487108503,-6.766015439942304,-6.793113525966333,-6.304733968521857,-5.378173732198142,-1.5770410031135311,-2.4434768235246613,-1.6459313324656502,5.0,1.0,3053.594815702011,0.39503647709151263
596,-1.8766535094629573,-1.169658080701869,-6.364268449978332,0.713624880637883,-1.9604083272317951,-1.4614975819011753,-0.9508305878873213,-5.948525122239008,-7.566031175569726,-0.01847454593999931,-3.685446510706388,-4.789462128364467,-1.0433157392311596,-3.213431998665777,-3.4396750629917507,-2.215325511384355,-3.938966290575263,-0.97846034790277,-0.07146119934513609,-0.11356537333474391,-0.9492857273435988,-5.146100562200174,-0.5098406044860947,-6.758367797619394,-3.28231269551518,-7.710240352274087,0.5034672884051227,-1.7973438086465359,-3.338751323560467,-6.0842857576147855,-4.326391809910445,-3.990541681651027,-7.364386357216515,-7.846936358928851,-0.9888994506754817,-3.8719677552164735,0.06401045672120309,-4.475327785796656,-6.0240539331776075,-5.5422916098926365,-6.609204350394577,-1.0382417305303986,-2.3754319868113196,-4.653008861749537,-7.06532914694935,-5.98575857430561,-6.122113281201004,-2.3627528561995144,-3.1831560526885663,-0.5350033109734316,5.0,1.0,3430.618229530933,0.4181862635055953
597,-2.046512699077452,-2.273982950371396,-5.68460716356243,0.33818958178647973,-2.3932351397280356,-1.6754710141331162,-1.5841993680328037,-6.754589081227927,-6.87641800549817,-0.5553391556394525,-3.2455381423368124,-5.610957467284938,-0.9365666170946063,-2.7788957410726596,-3.259808645660527,-2.653199271739778,-3.2864466398159466,-0.1449988649355179,-0.33903530927205505,-0.2985857908364915,-1.1135650808188746,-4.260839475444353,-0.18443444243399615,-5.63990902137016,-4.210081616787799,-7.712934019521243,-0.6175248138340066,-3.208668441590552,-2.8656756865395967,-6.144808915276011,-4.19411934550093,-4.30262631428555,-7.107923062847878,-6.839187603551176,-1.6768056900903399,-4.119401489923681,-0.8714125897400772,-4.179372218695599,-6.019555042097185,-5.33240748653488,-5.916849393535742,-1.9300285502620813,-2.0744020490997688,-5.104597615611618,-6.553987463068214,-6.209868155428146,-7.034019391118777,-1.7239893358992961,-3.0605349006626774,-1.451887906180292,5.0,1.0,3126.6206408802445,0.3420328146868397
598,-1.9042853393565777,-1.6778598812647096,-7.369781464032282,0.8298700959465519,-2.4795779823789728,-2.3544218411056637,-1.8738988229505211,-6.7490930486828065,-6.010356333059811,-0.5349371125372027,-2.4935883362181346,-5.300474669346362,-1.730206014287008,-2.8769032839191295,-4.359121435261797,-2.2065180838632017,-3.2060513984642367,-0.6294192653188873,0.2553668200261952,-0.30815673903640317,-0.7401708033638876,-5.574174363237519,-1.3977449432472013,-5.86164650977373,-3.790253128583939,-6.769656030648994,-0.7478726077651802,-1.9784701762390404,-2.265337101205058,-6.745259030654388,-3.887001829466735,-4.285497526573998,-6.719603985163299,-7.158499751892859,-0.9388598647534836,-4.395746199659861,-0.6947472423064494,-4.235656531672059,-5.836091590773808,-4.739342110629462,-5.888986139981321,-0.7908374898841375,-3.0683477894054585,-5.1881617238158215,-7.443467265551218,-6.118526845191411,-6.622809258209937,-2.0894251838297304,-2.7931153405512847,-0.2785995822076526,5.0,1.0,3713.407235154067,0.020335301395276152
599,-1.546046112425402,1.8979323777458266,0.9149385340044249,-0.5941287764291943,0.830420553036324,1.1984184066402155,0.58224741803317,-0.3416015712473346,0.8241240450920366,-1.0134024729014324,-0.9760302748081506,-1.9039545834185563,-1.605096180604758,-0.7982542585548464,0.563422711241703,-0.7111682077220842,-1.2580234476964383,1.6687741961500584,-0.9163167865009201,-0.9058084336101251,1.8176507295941708,-1.4915417157637458,0.9890593995174846,-1.9790481772043895,1.427162431457461,0.7838248052867915,0.21210281693819466,1.7409431897988634,0.05049411897418876,-1.2895517376168386,0.14746316985780927,-0.8261607280804131,-1.957591788397361,1.5352028711689845,0.6256425924937843,1.7690238905891804,0.9797811910798417,-0.9311582169580319,-0.5525484886844749,0.10561554229126813,0.18753988424540635,-0.9653187040654911,-1.30145461098743,-0.5571589699944193,-1.4392709388767266,-0.44368537939334685,-0.11244666341681997,1.8753076920991214,-1.4177302018662439,0.05701888706204006,5.0,1.0,1.7175280049986956,0.08631314159464357
600,-6.478263488456775,5.772909429622959,-4.984401653392913,-3.8359862577565043,-5.678333618051306,-0.5475344698281313,-7.628250451363246,-1.0533155155089224,-3.379243027790566,-8.393207776583429,-6.115223809555253,-0.06053331196677769,-1.7940579502272447,-5.822936469090337,-3.112608762738824,-3.019080804453239,1.749040842896184,2.800569706337546,6.395072252445297,4.651646346184868,5.267878174104989,-6.27645855647843,1.7283739663345037,-7.139579379445889,1.8886188963248538,-7.23790582742903,-1.135359278035462,0.6060777402658902,3.4325939479619496,2.8942491501782857,-2.933916898806442,-7.953206935499498,7.04300418223767,-5.990126833479779,2.782239420943084,2.5713620621174176,2.238325985129236,-4.530043605386177,-7.045035907840114,-7.252505642667056,-1.885185369412591,-0.6518940413858796,-5.539656302757458,5.789447907819415,-0.5501783330307172,4.787364157195979,3.7918703637629942,-3.517936977487583,-4.198701261047678,5.000046946442495,6.0,0.0,4654.286364374349,0.821860367614058
601,-7.12579358948646,5.24979284837566,-5.106693580501492,-3.4267178402860927,-7.306565824599718,-0.24547284831377414,-7.917732090878671,0.1441992553975835,-3.8998226071054076,-7.222967567061668,-6.799698465437225,-0.8776914998384359,-1.8410818683513985,-5.820777593741013,-3.4116656237035534,-2.5081373695168785,0.9193585564973339,1.7049695757650745,5.663588890817531,4.839888313169183,5.48475241684608,-6.363444504036329,1.3890831623135873,-6.8314237591644495,2.7111529421943397,-6.4765633743512065,-2.6156930998173964,0.8972316292475748,4.744671021769872,1.8165237112055188,-2.5207439577922823,-8.38923146212476,6.435542768348022,-4.536758216784307,3.1855096053507506,2.2351181303539334,2.874815437580488,-4.945075923151994,-7.129245962221363,-8.077884840167956,-0.9155582032077669,-0.7922287849891333,-5.800872679519234,6.832621576980231,-1.6084125726259086,4.978899098591176,3.094512674488238,-3.48954108639658,-4.261317012250601,4.597346560594029,6.0,0.0,4817.930472624804,0.9157226424631015
602,-6.024961082093131,5.985048206005301,-5.302344947012398,-2.0802360376523445,-6.721394344034877,-0.7037201599370524,-8.023425871932929,-1.151537090091017,-3.776929627394802,-7.698306308190305,-5.550388718318094,-0.5690627207566528,-1.3900440194501056,-5.803142388443466,-3.1200486711526514,-3.714569639411435,0.6415925487595564,2.003616097547557,7.092577964286674,4.103270128339239,6.021440800463711,-6.310097445367597,2.522402335469954,-5.8129948627448975,2.1950212386017314,-6.656935370688939,-2.3171610906260893,1.0639453647795185,4.325599649066048,2.575247510549677,-2.9213448297743985,-7.694255762458437,7.297031099105647,-4.531936170695767,2.963336966976318,1.5533077767745074,1.8992694648230533,-4.551822835559719,-6.504467871594917,-8.141372529835898,-2.551875218433042,-1.5945741072941098,-5.9172711625539725,6.706549237611159,-1.6188111341127958,4.766741434083463,3.5144992050346886,-4.464250771756977,-5.657812956432118,4.939795454071274,6.0,0.0,5050.896342534107,0.8253442831953378
603,-7.196087926444528,5.03778402263984,-4.34500540108158,-3.5707662752720895,-6.457631448530349,-0.8091869020718376,-7.895262934279492,-0.7169844866474506,-3.9176662383990024,-8.408974744290441,-7.158292979353421,-1.1299311868386945,-2.221158399929168,-4.88202046368164,-2.7989144456679584,-2.481032648829693,1.339591704942123,1.6181162437451473,5.6501356972093175,4.504445846462299,5.37716289975374,-5.546874980777877,2.2096727038042348,-6.055624173904796,1.097328478115721,-7.395144000724611,-2.3235958962245498,0.5117059127147036,4.002788748222365,2.958396821537454,-3.249004312771127,-8.090688188756458,6.537902760978557,-4.758571600570519,2.7323386507529386,0.8542144429780892,2.632780558370315,-5.0884505796859445,-6.6523497820441335,-7.417119746060119,-1.5340813723332944,-0.961715409740253,-5.237601024865051,6.623610447477516,-1.9427486680934924,5.9041601241759825,3.7526382091563653,-3.8207569015394602,-4.913782078793133,5.509536520032409,6.0,0.0,4699.8499133465075,0.8457120277934163
604,-7.347537766293154,5.272838733906895,-5.2648400631858,-3.5203355290750067,-6.183717521944295,-1.3023562614065274,-8.750965887264336,-0.5129752911073724,-3.3818348345634233,-7.778906152056197,-6.6805167322980665,-1.0748714778287223,-1.6745285784047963,-6.41223821636576,-3.0669212614664736,-2.6365962860984564,1.3582142134006974,2.4027010317021773,5.890424228265686,3.798084140941372,4.995659384133377,-5.950708996255805,2.2806432282486004,-6.5453971331072305,1.6195508764124025,-6.9188651684793205,-1.7042083846077483,0.6492601738102134,3.4779837580378743,2.7035978940471646,-2.906922800713371,-8.18330784723535,6.506254314658301,-5.513090245166257,2.8807047392378613,1.6486675135686901,3.015247182294272,-5.304545933210601,-6.97553867174993,-7.816545691405167,-1.728713155255308,-0.7496884212214977,-5.226517705596448,7.113961374168885,-1.0145686292970377,5.284341886985597,2.8900666077884902,-4.12859839425765,-4.921179687782259,5.689040049020824,6.0,0.0,5409.9206561834035,0.8621564206041166
605,-6.038039534163217,5.703334325774448,-4.7246521351658,-3.725019771720757,-6.908030978570703,-1.2278249005053077,-7.164941850935267,0.2822028839067352,-3.804445252718545,-8.800939613861113,-6.499160254262684,-0.14892921228484768,-1.9238226200818065,-5.7985542443150955,-3.390424820033098,-2.778630721834853,1.234843600377575,1.8755265446545006,5.5155318999883,5.096671294373381,5.481753906735634,-6.09557928435114,1.7210632785508293,-5.951752190491479,1.9699295390233245,-7.667473987468722,-1.850413891676523,1.0821897520115693,3.3965532096457234,2.036141540578564,-1.519201812367845,-7.890300010590979,6.455331995013172,-4.546595158622182,3.7668660882845715,0.7019481158384835,2.91811724608432,-5.43393284250582,-7.492141005656543,-7.731731383518939,-2.3523185322058167,0.015423541724531087,-5.7024466722427025,7.608515073147958,-1.646289523692237,4.777823301677016,3.1562463224180517,-3.8384288184758004,-4.9710066657145555,5.550772713385069,6.0,0.0,4817.397005887267,0.9632361232802336
606,-6.12609421826911,4.800105619060491,-6.273172012680369,-3.530089458818005,-7.022867162633643,-1.4511471502661064,-8.092496197618216,-1.2757540537370093,-3.8906822966137993,-7.55477471618648,-6.4911559573120305,-0.5766713465636938,-1.6147910132399583,-6.954305874793064,-3.186642676813261,-4.004628439326625,0.3908701546206602,1.863983767392433,6.0547361792078505,4.410343791767913,6.551797305486561,-6.26790510761329,2.2084259127292505,-5.418732028998667,2.1123097999633442,-7.426568652479979,-1.6834037795863785,1.7657108435951394,4.934005035692972,2.5603730409121126,-2.896591077963223,-9.389660420974478,6.8450113113795075,-4.9988097341178035,2.495018738728935,1.9421765628469418,2.0487528609379404,-5.851835845118364,-6.943620430805069,-8.121068609732902,-2.3888408398576417,-1.757794130739919,-4.443287165909802,6.527669443805371,-0.9054817440450627,4.552514149416682,4.459131501710434,-3.385120362336828,-5.32947763263294,5.770139517889888,6.0,0.0,6317.231622427149,0.9265571404886249
607,-5.832571379747752,5.289809524811665,-5.079409774420059,-3.0030657080087275,-5.928460579891752,-0.30173318278744243,-8.141191228607918,-0.6635215235150205,-3.4265260672667868,-8.475508256553976,-5.703018314028648,-0.28235270292851744,-1.5836188818393846,-6.548360039985458,-3.4226993340306553,-3.573081741235759,1.49772052130577,1.4043998769938955,6.116325522764604,4.829703213192825,5.985003304248038,-6.5791627525405065,1.5501791263848141,-5.343338777095564,2.2132294994797874,-7.57159242664678,-1.113624561398562,1.8581462507402635,4.359054647644644,2.5157236178882667,-2.094381307870381,-8.139565071345144,6.8964664130691435,-4.63743405048068,3.190681977342777,1.238891482184244,2.7696208786044294,-5.364300268376735,-6.724748897662885,-6.9798940249572015,-2.2804662331832164,-2.0945088831182512,-4.707764119404361,7.428552502421982,-1.3406246052582327,5.2792707116519395,3.879339520431985,-4.174364300293483,-5.4758950393002195,5.486127232982254,6.0,0.0,5019.9228369015,0.9028208203338468
608,-7.475081041144588,5.622760049966103,-5.2928489968969155,-3.997883270026743,-5.581359372125505,-1.5621993254080437,-7.545221436236804,-0.6338914873124973,-3.830515476573992,-8.555387853199445,-6.387388138644232,-0.637792207383184,-2.6869974497017277,-5.531918244878122,-3.68571473251875,-3.8520364992356013,2.1071240276289007,1.704782713252524,6.930623222988968,3.8144244003793255,5.9415595769586975,-5.6822161609649156,1.3457897915982264,-6.668995411188106,2.169116456819685,-7.948909408676093,-1.4081179376897839,1.7564093435663215,3.6971928569747967,2.652798380206411,-2.462111631655813,-8.19196500580735,7.338981562707517,-4.5849645453610535,3.154708773946154,1.870566357461083,2.5576982233431274,-6.247428524707695,-7.218628579652726,-6.3598914478068105,-2.3316601350092507,-0.38470335873631634,-5.497833422455122,7.142976838900723,-1.248934712912262,5.221156325450942,3.341787863119357,-4.150271739922922,-3.9246369151170892,5.720189252027628,6.0,0.0,6179.905547712465,0.8055126266406285
609,-6.189819395756125,5.039343598684612,-5.522795628680088,-3.9540656462340906,-7.257164764387286,-1.1933740505348234,-8.199955900853944,0.09044391794063844,-2.851547593513648,-7.609441920604912,-6.464668119947357,-0.9075648601258093,-2.5308943826665358,-5.26852617159368,-2.9454610061948796,-4.34640986846826,1.5807158360319247,2.2254105283005017,6.528664760265077,5.31575204472384,6.064997793345647,-5.724160386212959,0.9398504425932671,-5.790070010793513,2.857629793104172,-6.769353371208648,-2.305364350864884,1.5892573730137645,3.949413407754301,2.1826580263284585,-3.45934500417217,-7.339616198763968,6.720985464882226,-4.868856578245732,3.024943056149851,2.5974378904754647,2.578936157353657,-5.739358774289822,-6.993754373927914,-6.9272095184489535,-1.7806718732864106,-0.8933619341291923,-5.1430181298440125,6.939402568214374,-2.135577988540065,4.461583313379697,2.721717304236754,-3.4742014300861395,-4.763072224670646,5.949705236699023,6.0,0.0,4707.172360466164,0.9394121762932538
610,-6.972138551557092,5.725561223949305,-4.976252179297531,-3.061316009016788,-6.359608939896969,-1.5457892753385816,-7.998100956860932,0.13921559298648278,-4.124489579265966,-7.7609489843169115,-6.114570467577841,-0.689949763760928,-2.2920909517952905,-6.720265475694664,-3.337995447393076,-3.1453323792427974,0.824253371066664,2.39370942273042,5.937500535361192,4.0020358692440325,5.612914823050966,-5.835190305548226,2.0188485637757854,-5.292586331708454,1.5808922383617414,-7.9928248005334925,-2.3422317444013325,1.4365287094005368,2.744594803273451,2.37930173516607,-2.603610704752058,-8.332258891284322,6.785659917849331,-5.255106645257028,2.38049637179211,1.2814753395337366,1.4324898967663415,-5.868518304070549,-6.239358856338136,-7.295951417702498,-1.5655037130581335,-0.8130844758368041,-5.535682999695671,7.046669712730868,-1.584107199750766,4.727050710611614,3.13023948767123,-2.834996949322962,-4.881559927597862,6.311015054185878,6.0,0.0,4805.349657952862,0.8750405035018911
611,-6.996096030964329,6.000663375155641,-4.958237858817295,-3.0489357432920676,-6.205984126386828,-1.1189293579466417,-7.988980580554365,-1.4877759578911398,-3.2135399461944285,-8.291493321367506,-6.678153413858579,-1.1261040688747834,-1.5156737818706219,-5.055852913014596,-3.381524080484678,-3.0807156184992084,0.23725083459134721,1.84089410477036,6.31208348436002,4.750620243657716,5.320491983165936,-5.893600143542549,2.84959020891655,-7.03216410176832,2.4477516808495694,-7.5246893001742015,-2.1882539224579856,1.6591736810849724,3.36754489542594,1.7312709322988553,-2.849631295688287,-7.988926709757253,6.687927514370611,-5.815330125633749,3.768577553129582,1.9829694612413358,2.785267589840941,-5.752766706961152,-7.039173875463614,-8.12468121606207,-2.0978377781668405,-1.0687468833342366,-5.203950531236475,7.188147841756945,-1.262760209670997,4.778828269816158,2.6677722879874164,-3.733697442470189,-4.608088708629692,5.882048013515534,6.0,0.0,5645.44848122537,0.9523889525394467
612,-7.074136930746888,5.09819315140935,-5.715253280371739,-3.1816145064390624,-6.546455539843072,-0.9929111562774857,-8.31489990230268,-0.8203273175314436,-3.0037510298978294,-8.011463591144137,-5.940709262092701,-0.46725959153589464,-1.9454683414476002,-5.824531239509414,-3.0637072624056283,-4.020410862361699,0.9902120855265468,2.492846704413176,7.038415217666768,3.8323370342823377,4.374606602021087,-6.424668672728797,2.282170210156104,-5.903730415775522,2.0847397912095302,-8.01916969868357,-3.4015015245316134,1.0312628915231132,4.014583853595087,3.104425528201981,-3.3053540977285483,-8.41702780394731,7.86458363933548,-4.6561368855344725,2.784326792988026,0.7504123442034065,3.5950639316958424,-5.017617851839368,-6.778173893542445,-7.6725069937235455,-2.4372640571122464,-1.4189364739269488,-4.950333796394168,7.11924505708337,-1.379984565739655,4.9782043303343935,2.977064072924683,-3.156318094229092,-4.499340598746243,5.963746589249831,6.0,0.0,5948.0125733427685,0.8483400139133771
613,-6.66093423619086,5.728754984472154,-4.678025417295892,-3.225161147554657,-6.7702757525647055,-0.9754080258266582,-7.815366954270598,-0.7627717884629654,-3.9137880127538787,-7.154391108457946,-5.863747393882756,-0.91940600475557,-2.369632756219623,-6.083841896689819,-3.0399690310872414,-3.7756021028900864,1.1727027671136248,2.9088207418682286,6.440498977156281,4.488019482039496,5.57707924219372,-6.518221675803448,1.903868671404899,-5.739005480445852,2.6125270095900373,-7.615583613264174,-1.7238427525385975,1.6973964994609239,2.9708640027410556,2.502570905159371,-3.2820635793725583,-7.7292604819810435,7.081995699258759,-5.179567014157026,2.724250257905647,2.3625265674270484,3.133147698376004,-4.788082467929651,-6.042458009936292,-7.6100671116785135,-1.1063338521469739,-0.8128501551500608,-5.227653122665753,5.807732378566388,-0.8515003621055538,5.432531791042088,3.5604969691944333,-3.5784300619176723,-5.127003732116199,4.312150694361289,6.0,0.0,4521.1154651888655,0.8108081379637189
614,-6.249189718031909,6.284190591624749,-5.254856449966494,-3.1796357423330304,-6.692558524689673,-0.3511382204543566,-7.39885833663836,-1.7052648667519184,-3.9565039163321485,-8.042480948113264,-6.270588671811284,-1.174420936419305,-2.4531448988893323,-5.879362865044004,-2.6292464734917127,-3.0319246354645983,1.7049189693522073,1.6981132462696336,6.389377685309809,4.329475004131467,6.052743862011024,-6.707154204163237,2.053041235786674,-5.717312770460865,2.1411910020253924,-7.5507932935073105,-1.0674994588827822,1.7338150727993265,4.432076622773502,2.666563591335641,-3.1516961876865093,-6.706132127658957,6.54847473235615,-5.051842477906856,2.6320794325048444,1.8228875664642505,2.9750788734839624,-4.781205369606383,-7.874574925253339,-7.448888992887811,-1.8172722117184632,-1.238139122371194,-5.221716296400043,6.581260161706305,-1.397719339933432,4.757809108823174,3.5336626111421996,-3.311627983323612,-3.3957325404265593,5.033074260364218,6.0,0.0,4316.809477026308,0.9646632417708481
615,-6.895494279107729,5.145093053356363,-5.506263909625576,-3.583283688765473,-6.328010193172723,-1.0660260763369616,-7.786871646036599,-1.9396312429714702,-4.134536479155737,-7.811466260689351,-5.94422748961416,-0.37007386009007004,-2.035124072265535,-6.705898313383062,-3.653210968934513,-3.1245613561198,1.1859587383705184,2.0113396150619693,6.211826659650839,4.285104397767479,5.62403780495308,-5.793033584877375,2.002055016300231,-6.0216523891866665,2.2997739105306683,-7.1387793476263095,-1.4689919007880397,1.6043607617781652,3.679672029186811,2.071319774757635,-3.1653613535494918,-7.717429254084345,6.22086448128637,-4.024277271197875,2.4204861157903026,1.6048154609036789,1.8303335705682482,-6.352569979623505,-7.04295200348095,-7.225782694886491,-1.038403241963758,-0.09780608140563474,-5.683838015975713,6.601514816271345,-1.9747584174704227,4.699765734930763,3.5388026521418414,-3.754348675641218,-3.986296356081953,5.163271773288156,6.0,0.0,4513.827354305438,0.8419955092180306
616,-6.091618472078887,5.944669588738954,-4.922594888402365,-3.196661829292941,-6.555394259881714,-0.7468101296283334,-7.7787341395403615,-0.8820758730088392,-4.347469491218425,-8.55827494961745,-6.358163996497906,-1.1378567825048154,-2.230308547257733,-6.010924563319765,-2.9127321030870945,-3.0869447605841596,1.7508819121148365,1.6977808311103486,6.607368054396269,5.584052557417962,6.278311678979832,-5.683015281969303,2.6617713601711297,-5.868590999165083,2.2913995433700305,-7.413521732537783,-0.8924367950495077,2.0945576685677016,3.2703671163004793,3.22333577366271,-2.42668498721876,-7.805552249175225,8.285519009142162,-4.89942490480536,2.5776959173145078,1.502953105715711,2.612590115752906,-4.558236585923957,-7.662619312966654,-6.990852684769038,-2.1426202781193893,-0.49177987889012864,-5.975970010412327,7.390474648517582,-1.818038357708706,5.316879068331153,2.653023142014069,-3.3842459542255545,-4.5170158126212545,5.4346986830883655,6.0,0.0,5940.1358377053475,0.8769479951289794
617,-6.011493759998246,6.15041255323286,-5.044860478486085,-2.328775429858381,-6.274480708390567,-0.3836503174212531,-8.064396717684897,-1.5934067441363409,-4.173599999528169,-8.155563231170104,-5.910893100367914,0.6005694009598117,-1.6626564236800556,-5.523078810076302,-3.331409275089993,-3.4132597053494025,0.8844111566988865,1.4397834589172276,6.493360054759845,4.4289942341961845,5.1289403194526875,-5.718326387653465,2.139142887079712,-6.001622773132374,1.9191759734943015,-6.97892846670862,-0.9346213295512313,0.7557207406729445,3.098985406970195,2.7081584857171643,-3.903644796860378,-7.405627886347985,6.308031237381609,-4.49042532935733,3.264295678492542,1.745271408976297,2.63637601509976,-5.690512184869834,-6.358292038600775,-7.002237511841576,-1.9590292758391332,-1.0222577363121519,-4.758107450040714,7.093790760079898,-1.225309136727149,5.173825283638508,2.878087214939956,-2.6738956546409316,-4.094540909019267,5.793685075111347,6.0,0.0,3814.6634531547393,0.8600583294934597
618,-6.246158681869999,5.685536236066076,-5.871655678200346,-3.8642222625989384,-6.917977827468486,-0.8834907964740697,-7.786387251448118,-0.6962908583218821,-3.4456325922714353,-8.257052778401128,-7.054360543573263,-0.17218900505854573,-2.68324291580027,-6.453368004708331,-2.4373386697191397,-3.1887995023209266,0.11297473894706644,1.5191648775567423,6.485922694879931,3.9713249557904,5.513347308448383,-6.1082209580337405,2.1218276739304027,-5.8420012051043235,1.332744931826801,-7.676628104969543,-1.6643544293139287,0.8230495897242178,3.707161847195516,2.5885293164503502,-2.9923733557176573,-8.45244068611745,6.413190250865357,-4.488571528364163,2.7305536565369275,1.209126770306004,2.9745913965008848,-4.865145087572904,-7.070267921782066,-7.870513605285677,-2.082673570390144,-0.7474028103152672,-5.553337795323696,6.723887651652928,-2.1424908032918455,5.049525770452777,3.8872361417630326,-3.2713235184294036,-4.142006093983623,5.951745835909133,6.0,0.0,5629.598116229078,0.814565912999325
619,-6.853297487500022,5.277712057509559,-4.643946823025191,-3.53847098786352,-6.372231762508267,-1.7548367208937516,-9.32265139472828,-0.9462508693539333,-4.575251320053761,-6.978818115538811,-6.107049698771344,-0.15313984922128743,-2.458330036792048,-5.938252733562183,-3.5557749320640193,-3.036372738195887,0.8044295646366522,1.612215002605652,6.837963696510475,4.602451408557957,6.104067328684459,-5.302486990438515,2.161569486797244,-5.256992855467723,2.5675695623015224,-7.071034244466611,-1.6992077172397753,1.3703846121683034,3.888605654379237,2.3020132442629353,-3.3263881287824706,-8.691466683999645,6.5463995481784085,-5.00227361126013,2.850308868306752,1.0422229008368804,2.384913289262517,-5.509486924831018,-7.38078462181399,-7.592679628199561,-2.1368449910437324,-1.3177049298956556,-6.368199744010538,6.662274745371362,-1.7234389774897978,4.695171607437738,3.185682556094144,-3.5034806585900307,-4.31608559928849,5.755125287817059,6.0,0.0,5205.50920007934,0.9602126919036439
620,-6.781008899878942,5.399561358874047,-5.651862998329702,-2.930595077741695,-6.216339748428953,-1.1616696415215875,-8.324056287810297,-1.0794452783875794,-3.617096975087156,-8.356764117268725,-6.247041630285255,-0.951672503766703,-1.7277612678518193,-6.439338630666263,-2.45838239612209,-3.0283917059772882,1.1455253234391047,2.9520019823705197,6.587649602895954,3.564846336168986,5.18327570762405,-5.854006413050039,0.9159760222481278,-5.738969015626413,2.7497800743285867,-8.177050569743981,-1.6946572027611828,1.1640163375485402,3.797185344619894,2.3977048283078113,-3.36047159582365,-7.988482378749065,6.811219546049644,-4.568679349059155,2.4084247346281136,1.2925458883906984,3.7777434541671466,-5.815665742996381,-6.8797787645545005,-7.906852782728835,-2.1216560811450287,-0.1115714150962458,-5.490541608010022,7.253320602565862,-1.3931689155287643,4.675609720206664,3.549875048105863,-4.085883893074237,-4.941321644158614,5.218967854527548,6.0,0.0,5330.1926046274275,0.9612984380715237
621,-6.874355670197933,4.9163830191171884,-5.304556141189696,-3.833338933365572,-6.27275151887223,-0.6261287322532749,-7.185695819886566,-0.2610458528968087,-3.5928157733204644,-7.475835758485919,-6.759708871688187,-0.8754786459177003,-2.407418852678299,-5.362983684453633,-3.5339695635161497,-3.1064032944497955,2.060742340024314,1.7498082314077252,6.125824229673674,5.159049741389083,6.103060756637865,-5.783463684152518,1.6427006263251718,-5.064043354855029,1.5732162049696798,-8.123265174032968,-1.1020901529037477,1.721283775050861,3.88322774260488,2.912367219759889,-2.9912579389225016,-9.17911607455104,6.268409919126749,-5.022591092020296,2.706980948230455,1.6484649462916232,1.6861683030355183,-4.763650857220517,-7.418375623436917,-7.452719137679951,-1.8862234021269872,-0.8073355352277448,-5.393568962056995,6.344067600629118,-1.0005003171569788,4.2386530872568855,2.924679380902176,-4.544633651309006,-5.0587072087190315,5.583597626281641,6.0,0.0,4328.837378441554,0.9845783673727238
622,-6.117021645130706,5.636608759336821,-5.610287062630531,-3.099286729670525,-6.505419252833382,-1.860649167310135,-8.093089036299245,0.24181651524391512,-3.4160992124641805,-8.063027164953231,-5.5369064032101525,0.21211172072794526,-1.792752743081366,-5.155132590563444,-2.5895007255313556,-3.601529481390732,1.0546231228259642,2.0389715156873778,5.795201235728817,4.974036255111143,4.814156609084686,-5.96947920776251,1.5970694540533954,-6.693871606982202,2.878582386374572,-7.017327305332942,-1.2853137605577767,0.5208751717008311,3.589031410872278,2.0353829096456377,-3.039685534779032,-7.619457626420215,7.169680860024852,-4.04187836198175,2.796881811706829,0.8095018012933456,1.5415459195043029,-5.150466250228117,-6.294649047796865,-7.217152447665387,-1.215880607179531,-0.2987853590465407,-5.545158018255262,6.937656852287711,-1.538821668968087,5.594962426434934,3.6428704601393482,-4.091909411324459,-5.062937893077741,5.887540556175337,6.0,0.0,4184.077059631471,0.8732216137350763
623,-6.55967043853396,4.745490401929942,-4.610957612551898,-4.164420802905427,-6.832481491421343,0.18414170548585118,-7.692124249142273,-0.422288818873227,-3.001993622780199,-8.655233316695599,-6.335894061942743,-1.3689801418449226,-1.771062769644911,-5.784158329422472,-3.113501051761486,-3.448100142327843,1.6994929741778777,1.43842348850586,6.832132769286288,3.4121141265145445,6.413148318676127,-5.735323218934028,1.5805962231273176,-5.608646150421124,2.0757530042920758,-8.21590186813622,-1.5824790628833874,1.2423715820881183,2.9755381861790147,2.379929423845433,-3.3137730959160647,-7.654180910132767,6.155566409522875,-4.953405355879857,2.1110033413012586,2.0127235422129512,3.5631275122460497,-4.9725005385998875,-6.6445427663174135,-8.054654964762154,-2.1849242579916126,-1.020448887532795,-5.4505975039518875,7.497778163082051,-0.8042729215614658,5.6635911936156615,3.1965537374044968,-4.939177876874418,-4.515851370693055,5.723139490553617,6.0,0.0,4802.873467247262,0.9813527437706464
624,-6.703489538956344,4.7117122756133565,-4.689174092383125,-2.9539879783846006,-6.47099426244469,-1.2159291425297931,-7.738998962705403,0.39846723882692925,-4.661606695033791,-7.898042241088564,-7.035025466052005,-0.9500187498569808,-2.467382285567786,-5.052146512223058,-3.7035717657446714,-2.983722957075248,1.930707814549068,1.6107492058935442,6.113346023049229,4.705272075909092,5.047227537955099,-5.758354524358462,1.5608945179890956,-6.0129363143044285,2.13693500888869,-7.800055337244135,-2.3038666844637494,1.5518933953331377,3.0190574065638227,1.9268035435039412,-2.3463480495108224,-7.839464755111641,6.633094353277553,-4.784734409524163,3.67218576754065,2.416263610732354,2.445042147220893,-5.741061146405236,-7.368234883502131,-7.90473124605564,-1.4606771641243737,-0.2657661469897018,-4.584268510878945,7.2376438182818115,-2.335682630650653,4.720737460738076,3.3197328185739416,-3.5107867742918333,-5.329682457317171,5.370470233851594,6.0,0.0,4869.331204168465,0.8846940885595467
625,-6.620382138846992,6.42933990904311,-5.110807996561242,-2.889832133129813,-6.228089959389127,-0.7376600517801029,-7.683879409655526,-0.39461642529011864,-4.531428201099193,-8.215348663894687,-6.073809137413264,-0.011232259226334751,-1.8663196959043273,-5.9447223943701175,-3.213105040010516,-2.5700562999192442,0.48656727857105686,2.105976903767957,6.190466387971108,4.829012194512579,5.671699410353538,-5.794153433366899,1.886880725543334,-6.86337215423602,2.9078823923050576,-7.429186355494784,-1.678684929398508,2.592790712444317,4.265863119132289,2.1207134419731357,-4.18727981220409,-8.48432341299534,7.270934147469048,-5.020933751920563,2.7567422558700194,1.6518733381468074,1.356145983470763,-5.4268052213293165,-7.045205849129158,-7.36715279063388,-1.936767153518868,-0.8544310042838035,-5.579383418543477,6.095359253401373,-0.9148189049657238,4.1935724672634365,3.4897818917400407,-3.112719167387797,-4.2510253369272295,5.255023410835959,6.0,0.0,5065.625384503509,0.9272476838271435
626,-6.566931763383912,5.721007050449445,-5.185741086042578,-3.3896292367008503,-6.045922967861636,-0.937690823881241,-8.465521561884966,-0.9502208807545969,-3.831542132776607,-7.854712658485553,-6.799816292015448,-0.24807606391536863,-1.6769539961325375,-6.085456391474987,-3.1982961820144666,-4.037629083351429,0.8758801677434284,1.8721549944669158,6.473636771827394,3.8753126491132686,5.451688774924312,-6.179385506877035,3.415308379229984,-6.205141565888189,2.1113607642876415,-7.220995705375887,-2.8018529376004517,1.228627511251989,3.7134963206007083,1.9626136079988208,-3.3497527127959734,-8.217575026543777,7.646537392416731,-5.493160063815617,3.0395216676799603,1.1560501124590985,2.6300167605708946,-5.140141222204281,-7.225740688744688,-7.466187638234709,-1.6820657240679888,-0.8631989271828501,-5.616323811696332,6.888223795630039,-1.5351996479031411,4.963500122729839,3.2346257032999173,-4.492659296813475,-4.689546817822167,5.957706337550958,6.0,0.0,6378.509205547967,0.8156750094424595
627,-7.037846246640043,5.435239548494964,-4.848561108298769,-3.371614637271745,-5.843173345307813,-1.83161081081225,-7.3373719629757534,-0.9649807995039418,-5.167228621629651,-8.06503747425983,-6.578411166811191,0.16683241961847783,-2.267421008544854,-4.746712765373248,-3.443361633743721,-2.79792191405648,0.42064318034404524,2.467139769211582,6.3430017354655694,5.734081653749253,4.951719164246841,-6.11029114519228,1.4292149180662985,-4.876043866600111,1.2361662612851687,-8.524838071878941,-0.5747792217948307,1.4063524603093016,4.341370276225176,2.6280420754987333,-2.6257240218986246,-8.201481293484905,5.927413879143784,-4.871370086014602,3.891611745412058,0.35421286994746093,2.2088293166735604,-5.1363200966177365,-6.509128536647098,-7.6374134794766615,-1.4850161612416446,0.0011697456211856583,-6.003774563829136,6.794113709475375,-2.0116423743216143,4.374146307464391,4.435504753336202,-3.023655580069397,-4.607128790141482,5.044902991437189,6.0,0.0,4198.782900641219,0.9704487301964916
628,-5.491977894968069,5.625193098594796,-5.008559738103415,-2.7957489472591464,-5.438624451526758,-0.11483385663281054,-7.196508242674873,-1.6265168985418375,-4.113132005634849,-8.325919873320549,-6.094905673921109,-0.6442873381618396,-2.6909917112701325,-5.7704089245662304,-3.1247675484990776,-2.369875563693212,0.7335040113001516,1.9054969770179293,6.171063758221838,4.119298143252977,7.037802692342092,-6.209001081581254,1.779605806471219,-6.273486895613697,2.0779615594210723,-8.446220130384798,-2.059231120839276,1.7361175188660036,3.736354460263871,2.0432297880585417,-2.386546024826276,-8.163715159773655,5.693688273894079,-4.866352258624439,2.3822042630107454,2.0746299108199393,3.4178488108122957,-5.381142601458022,-6.073318671790646,-7.217692889182691,-2.282695733206265,-0.35661373230372395,-5.36006751171139,7.025306048571857,-1.618357546877554,5.356226405627984,2.9314496049684147,-3.435749434898632,-5.510189041568364,5.858954544543505,6.0,0.0,4608.203451198716,0.856620665130865
629,-6.947164284908443,5.758489397685064,-4.747212673232131,-3.724346566777291,-5.954897472936521,-1.9470561706680818,-8.64272161964764,-0.24830679831282132,-4.4071278318224385,-8.223742807481235,-6.110118762211616,-0.605866366313306,-1.9680022381409312,-5.855349082745936,-2.7879349197638246,-2.753374975537501,1.0638786495859303,1.5833754363414325,5.558763070037496,5.356022761783153,4.933480459787351,-6.292820179522233,2.2093928090863844,-5.796052000786519,2.164204803943558,-7.858243304291602,-1.3705634039106376,1.1805214531201873,2.973343944408346,1.715833472385265,-2.65103827276089,-7.848373797426555,7.4603211554600355,-4.826190652716207,3.1152616647486737,2.05196275545138,2.991365143416271,-5.463886372336691,-7.1331444339272085,-6.794967197668974,-1.3284153590884134,-0.4684556811635887,-5.026497788625898,6.406065788142663,-0.21486502266687024,4.711209255588792,3.9304263772616226,-2.8556095628775338,-4.493201296164151,6.291121139841452,6.0,0.0,4875.532992121111,0.8498379162933125
630,-6.405060042159496,5.937545728064429,-5.5144547432704,-2.7543689385149706,-6.6018258997906925,-1.3245132274096516,-6.822299642733069,-0.7272483811609661,-3.710998896856541,-7.613356361071996,-5.999874922242485,-0.5625398868970222,-1.8071090669750207,-5.20823396032993,-3.828941225266115,-2.3696644568860132,0.8164166507751309,1.6663146445267976,5.574412980846474,3.969055712459703,4.650980963133831,-5.5847028590268835,2.459424848804461,-7.0528984829788985,1.6773868663518505,-7.20375788129645,-2.1350809403574758,1.1981990222264276,3.656172247262751,2.2870329413100348,-2.155860285576711,-7.142629760959372,6.77149875157176,-4.738452581966153,3.038040952714124,1.3452298624164678,1.9994523107681532,-6.034056399397056,-6.2530965685046205,-7.478417768343513,-2.7362419457596756,-1.4781736526718339,-4.923117257033779,6.914879565094985,-1.085574603536017,4.427603036189199,2.583868970762341,-4.336486949178887,-4.234445027536683,5.26288840623969,6.0,1.0,5054.9156872545955,0.004103639251565561
631,-6.700294793666886,5.964503141106842,-4.844451320844582,-3.7789808790609527,-6.221265488914604,-1.209460411515113,-7.769675059873818,-0.5982022498072133,-3.342836854792114,-8.091888468648117,-5.990532983822642,0.5319602805127077,-2.0690099849373316,-5.065432097325859,-3.5248949290219023,-3.351134607775453,0.8834616012960506,1.25162204742779,6.205944885982895,4.165896371715947,5.442639522772633,-6.682211710362775,1.3640203507568356,-4.937867760736116,1.726331050063044,-7.525984258284602,-1.8521993238356047,1.4866324951088437,3.3969794411089596,2.8968338768477855,-2.6070730554179913,-7.82986261412897,7.123638628407717,-4.274584860772646,2.5320594403640593,1.4091092774037373,3.480435519757849,-5.677475982565381,-7.348933651480993,-7.040854089216925,-2.611186628810178,-1.270528125601036,-5.932843733210938,7.681726631209928,-1.4835644195234172,5.465702442684085,3.6572448921869483,-3.7669170682234383,-5.358848608923746,6.4593811227335465,6.0,1.0,6048.3670487715335,0.4345620122243248
632,-6.234471032794222,5.903125278499301,-5.218148418280562,-3.3414328293778164,-6.28508884699811,-1.1714538516845268,-7.3626700796869695,-1.1292661918444886,-4.6711101567164794,-8.600973166702747,-6.7280016243504885,-0.38071705351327945,-2.265788527112832,-5.548287072397967,-2.229545070827829,-2.859237286386859,0.8625981466731713,1.8004174788034863,7.235542031565988,4.393938952168858,6.281356874499935,-6.2485157222942735,0.8873211030418774,-5.7025814387571545,2.308177600078258,-7.27959910625165,-2.367916287833978,2.7185609145157295,3.5378606273435946,2.1650030296083638,-2.827754292555569,-7.831665747007251,6.904722133809489,-4.425062855582683,3.28522144345147,0.9619464979180669,2.2665506582613935,-4.6978786058507636,-6.904649190212012,-7.038846769393089,-2.2477172211533643,-0.6531490115662306,-5.5698372689665865,6.455179905447923,-1.1844376416162432,4.2390535867722505,3.2821252161144554,-3.0837932690272623,-4.2781387331755925,5.145048093065234,6.0,1.0,5160.454314758572,0.38047709360580256
633,-6.762610959085739,5.0088007217592025,-4.951583503976933,-3.2647913212195703,-6.060354423847434,-1.408022347305209,-7.596098166151819,-0.5059402666819288,-4.452923407405002,-7.907181998684822,-6.118029626894808,-0.6368655349916178,-2.0837312605282277,-5.713031320044078,-2.899356676816579,-2.3181025119552094,0.8886872042041379,1.4908043180474082,5.344852964458573,4.418828347617526,5.764562871369402,-6.422686420868509,1.08209187046244,-6.729245803733836,2.3463359774936463,-8.031350073317327,-2.106429190589965,1.652081069705377,3.6857814974277647,1.135440280610853,-2.656882033398625,-7.904351576836875,6.901449439602233,-4.3388005214995005,2.9997696188037755,1.2636705568989504,2.639149162872444,-5.334659787703809,-6.608981685859337,-7.692763886250514,-2.177837107213131,-0.8523731126253843,-5.523373687497019,6.275361600289577,-0.8827247970801068,4.834687633590467,3.7436968990040986,-4.099789042428083,-5.861594779887415,4.6727856182589225,6.0,1.0,5022.442647172778,0.5090989420572182
634,-6.665397257725357,5.2891537165740985,-4.848695516414196,-3.7959111531236913,-6.4336099540952025,-0.3420378061914593,-8.359514424528967,-0.3385525264257962,-4.420143538186833,-8.032464750454062,-6.246242371163532,-0.7666734513565442,-1.367910191964181,-5.090227311055518,-3.582867129523155,-3.3113188654788166,0.8536457402900369,1.47669442934297,6.370610263922062,3.744019715527578,5.232617113635014,-6.528751629308199,2.7488072812558464,-5.794827342000653,2.075229716392041,-7.147021574077921,-1.2952312084451922,1.0888497021538133,4.051978356821668,1.5895660522287107,-3.3653127769229987,-8.603359385575851,6.476542390524635,-5.0160237998417685,2.875437023843336,1.3488864904901017,2.8949685407845354,-5.72153435627585,-6.862214751737288,-7.3223180264953385,-2.358198808625883,-1.4217987972509616,-5.5111530229302055,6.537845423186912,-2.023332740617148,5.0439803420533025,4.143461152735028,-3.1851764124907396,-5.29552572979569,5.125898951163232,6.0,1.0,5231.144071991729,0.782563307265605
635,-6.6848345112342855,4.776599492649578,-5.314566846213604,-2.399758740048783,-6.272704195993716,-1.3828997960611835,-8.444976143769715,-0.6241626654235926,-2.9787293959569916,-7.446146392085748,-6.243265076652305,-1.1077161788153294,-1.7349099209558267,-6.233407568173541,-4.278916055689608,-3.6853180466191398,1.0135171202149602,1.6866084554766108,6.671458751174582,4.479768941242557,5.671505632205781,-6.5043269680682405,1.9620475966736661,-6.736957135129232,2.3569277978467817,-7.486470394005362,-2.166620935808726,1.1119540350814825,3.785156040781464,2.0845573897067915,-3.256961635028428,-8.029942765157417,7.528191631201615,-4.950216408537614,3.4025538257641967,1.7350047373042135,2.7371388026274093,-5.347204601488003,-7.570301631877131,-6.719712124951505,-2.9805939911598545,-0.8611301334783286,-5.308430749262116,6.706691755103831,-0.9301242686740578,4.488004745579932,2.689113582677636,-3.9697672363696506,-5.444685856203874,4.931017152252311,6.0,1.0,5770.337907798793,0.7269302062648703
636,-7.059449799980742,5.985919016903483,-5.25876817350589,-3.4667848710675084,-6.089285133470385,-1.8727968949614502,-7.8679192883884586,0.22937293169531237,-3.9440835963486736,-8.534678570192312,-6.404196137478295,-0.25729931556490854,-1.727614535416282,-5.931634506649832,-3.000889794964313,-3.2663058150540603,1.107582637581113,2.4130713782789868,5.6384845287580605,5.072305762544678,5.774807860223566,-6.055005566858696,1.9260381234042518,-5.8586309722507295,2.7439240726365473,-7.737765177995013,-1.9008878961388833,1.4285252256446372,3.8451223412523596,1.9937930855528445,-2.5750225472915385,-7.631884559773507,8.233229487834643,-4.666219280869489,2.6698526287301156,0.9656748680023045,2.964802197241658,-5.114716405368581,-7.06182448417854,-7.218771875586299,-1.973002525891391,-0.52162520392269,-5.007151045978397,6.522250792505468,-1.3597913337682226,4.738210714290759,3.4064058382265405,-3.7768058391255077,-4.576593251741076,5.8966394763417735,6.0,1.0,5722.32251648567,0.7281224606241253
637,-6.727962491676797,6.125025377590173,-4.229868846599151,-2.694224619823536,-6.499068833367858,-1.253433489641933,-8.121415746845836,-0.7590281925175634,-4.1587866859019735,-7.953895077290716,-6.2741054572618955,-0.692480603963143,-1.4727132433935557,-6.073771398923423,-3.1337870776385826,-3.0684228518670693,0.906853021719718,1.51582794788039,6.55886019242007,4.271898671844801,5.901028926897933,-5.976390480936669,1.1305460768170574,-5.961175824234031,1.8662782174362331,-7.933941004570728,-1.938580847778209,1.238161346812333,4.063926720958307,2.228980762833446,-2.702773397065761,-7.628880041959296,7.106434888775592,-4.847817690274318,2.591396606436117,1.889242724775183,3.451392748216528,-5.779122690108784,-6.798372067172095,-7.931723635583375,-1.7951467684458429,-1.2149656369142343,-6.327645745662015,6.403117260512989,-1.169452597120392,5.373000399204626,3.8326392936572335,-3.5215343043435654,-5.048265120799169,5.224582685143645,6.0,1.0,6339.819104695116,0.42020453688571635
638,-6.691104272428465,5.6755126501942055,-5.375597266197442,-2.8908488856068515,-6.280791646391023,-1.0603737644825528,-8.62508556174882,-0.302945799900863,-3.0763326520413057,-7.296715385097206,-6.610522989546389,-0.7144260001422724,-3.044648158622931,-5.934652646715115,-2.8514187005672875,-3.991121075631458,1.110139505162763,2.3161184076792782,5.970097313879865,4.357033623244852,5.6097773230294425,-5.930210731331099,2.051612778109915,-6.179752207825724,2.8566799255987103,-8.178977867149934,-1.786590984876211,1.9973406397838303,4.287669228336505,2.5234684708788495,-3.565819266700145,-8.775336194606862,6.875921424781362,-5.177921598895557,2.994245572919252,1.6741019020616499,2.747547444713992,-5.459451161419594,-6.276534159910479,-7.376847038242917,-2.0827568844091373,-0.9233128307616384,-5.504457654695325,6.365500774253816,-0.4675835075285898,3.3748305108142747,2.9936591581905576,-3.841083839962498,-4.205015057627365,5.128798959370176,6.0,1.0,6490.506110538674,0.08321515988381033
639,-6.60739232306132,6.077245748723149,-6.050775119827252,-3.100618747321465,-6.883770518079269,-1.1955457048953737,-7.461872610914083,-0.5766498947815288,-3.8104387307979284,-7.5252271293253985,-6.754095787269128,-0.3273523228265641,-1.822134510852661,-6.401229094943449,-3.4932132864700614,-3.8151135756618784,0.32779804187166917,0.5959495871320706,6.613139926945851,4.873300059878909,5.277802488630842,-6.992002024948663,1.5301176763791435,-6.224194511288607,3.3875039116124306,-8.142680666433126,-1.7130764879733429,2.703318753512651,2.9232242623132842,1.9525700255318204,-3.3509690394603866,-7.744490450287221,6.722597429830575,-5.694454530106747,2.713515375518532,1.9896201528297293,3.3333322792243703,-4.758345059595502,-6.87104387004246,-7.47510666567329,-2.544107854596912,-0.05928935874120722,-5.258096274114781,6.359173209555572,-1.0559348276938014,4.882834677737136,2.8141379162511178,-3.522893394330141,-5.339550642836149,5.663013223754637,6.0,1.0,7258.783778984693,0.1447316762063208
640,-6.423770839338673,4.876279482275724,-5.266869303320044,-4.159618747736788,-6.154583991422366,-0.5736742642953502,-9.084383074526976,-0.7083717727431692,-3.5995597593712856,-6.930460724118041,-5.479376752374097,0.04270601830413867,-2.1957896319297947,-6.069649274278276,-2.8731263715042985,-2.62029067256879,1.193343215073702,1.780357297727849,6.055247475042669,4.5022657898408225,5.1157355953787755,-5.863951875798175,1.7001741041180547,-6.821124964906371,2.442115863805872,-7.198255155120639,-1.971581776339553,0.2621992109063249,4.450967741315571,2.518503863887409,-3.177179157416463,-8.028281668963848,6.85567770528522,-4.839553304715295,3.2670205855807835,1.9162863275526718,2.1312619047025008,-4.477980449036203,-6.528320597963009,-7.538200636391518,-2.0845335193456975,-0.9446734837493651,-5.037009687913869,6.417729240510267,-0.8654056277007359,5.545673515490565,3.921457717326204,-3.7361023690821975,-5.024922883553388,6.167918841828359,6.0,1.0,4805.666029829568,0.7624321767893933
641,-6.045314697071759,4.803928351741951,-5.788395994423308,-2.5114114317488556,-5.780082337580724,-1.563877910825993,-7.8385791850052025,-0.17258916218829834,-3.4212062062065667,-7.501461143768679,-6.974363046066649,-0.5841383749587323,-2.3857617385863072,-5.673355230906064,-3.3197488126828523,-3.328487530799098,0.7045052352117539,2.003084056636898,5.99027642486122,4.506069774890595,5.506341865278758,-5.365151307316053,1.5326946086723745,-5.974071477985126,2.183878330463535,-6.984211903107234,-2.10691250506801,1.413455201534179,4.1079310870366,2.437207562140293,-3.5750222850903652,-8.461220757200838,6.141174759691897,-4.80425949833019,3.030173551254692,1.270380935252508,2.2224658781227142,-5.497705001071534,-6.461325818138419,-7.129745134112795,-2.734238489115465,-0.5951852575768674,-5.579397879980954,7.648720212908669,-2.5697188939880395,5.485483204306245,3.27967284245177,-3.696486902904613,-4.395432005823401,6.109755066716161,6.0,1.0,5314.221593987437,0.32956238670908694
642,-7.069020029659168,5.630417577581345,-5.265069746795819,-3.6233560650286343,-6.690072308863009,-0.7558605644106573,-8.159965707079786,-0.8462557451663977,-4.132908829013485,-7.398140859933784,-6.031327546203377,-1.3448327905967608,-2.54491857783301,-6.082186522286008,-3.079448851233055,-3.093302950831411,0.9243449951425995,2.2109246808565612,6.2011137792109094,4.5906858731163025,4.87560114445033,-6.480892858168814,1.1252488704942252,-5.265505031250848,2.1695096529182463,-7.3842558915314305,-0.48046443634465286,2.354149432779806,3.8842029017798407,2.2492405921617613,-3.10284955500975,-7.616350123521322,6.816984237438638,-4.636990983428969,2.28644206544474,1.471159457399781,2.4946801554302027,-5.808910750562293,-7.116219487536158,-7.285161356672622,-1.6552396140531063,-0.8704605025556458,-6.37708421811935,6.3176432814674515,-0.6503031409866012,4.704763139695694,3.1737332427098863,-3.213638491756857,-4.9707941272393565,5.88626554684175,6.0,1.0,5111.305012199238,0.6920136964857454
643,-5.942930395934927,5.443627825945302,-5.336072332535149,-3.205535603863868,-6.578247334591905,-0.8599573226495644,-7.039529821304806,-2.5563146089865745,-3.9734812343840167,-8.604784385254648,-6.449485097627007,-0.9899242640744733,-3.088048142434614,-6.4440765288944,-3.4916292568194387,-2.2407603428511234,0.21342137812951034,2.183707270950355,5.6921482072720675,3.3358709603574863,5.462508310084412,-5.668592471812489,1.730339674238122,-5.702852669129802,2.8318416058471954,-7.604720211016027,-1.520485383726085,1.3913964529514917,2.91740164543552,2.6642162658654582,-3.4581987992585947,-8.149383963661899,7.268640426635485,-4.920130076457683,4.049853891266165,1.713939829530231,2.767067892092399,-4.984672883232661,-6.970748719905253,-7.761816123621286,-1.8180409522043213,-1.8008168378484153,-5.695376788501647,6.827461329557885,-1.4519379306363092,4.89796758289787,3.7263208077006023,-3.15889118833401,-5.39441323060947,5.541436827483988,6.0,1.0,5672.457601504674,0.5377418235809409
644,-6.170690193727108,5.574297172863278,-5.3939828172064015,-3.026369535753928,-6.181629089465486,-0.6087289151445764,-8.417864497218552,-1.1562097411313377,-2.9888547197567568,-7.805848398479558,-6.333000510027243,-1.6064470494275982,-2.590485518136051,-5.777704354473196,-2.989632912911631,-2.5209346038091693,1.240768571729504,1.7937465119458977,5.665634488171585,4.17724343441412,5.941523851077494,-4.9682289993436815,2.7475555579472286,-5.430406273557657,2.215309276384393,-7.292011772124118,-1.6772467535242392,1.5697748665016849,4.0769426082688085,2.434363236597186,-2.852641446117932,-7.262355937847865,7.501997925505815,-5.220164317453622,2.929984858861361,1.6425957321886204,2.6312494468725167,-5.49811156759981,-6.873235797730025,-6.938460902674261,-1.5842648840276339,-0.8202266013433848,-5.3924799547413045,6.985042905621682,-1.3436816486014143,4.928943814278425,2.9906005367642456,-4.804973381298652,-5.2074467348788405,5.440681244861089,6.0,1.0,5007.63721488145,0.503028636705729
645,-6.350652073775309,5.907086848956064,-5.102979435182745,-3.36366781234556,-6.680379225621357,-1.3148417877883434,-8.124401752435906,-1.136133448895948,-2.603324184866989,-7.574395248072144,-6.453839613389451,0.08949439237506085,-1.8449434879284479,-5.080751702720144,-3.628719868110671,-2.959986534628873,0.982109178011616,1.5103651599371952,6.310350182896432,4.244873357414374,5.369998766691936,-5.987743110069319,1.9973532669195804,-5.59796854794898,1.858415576321773,-8.875469402943622,-2.1827533340719096,1.6930824999360057,4.177465397879591,2.9688891201065157,-3.259088647831662,-7.638620216915229,6.986739200378144,-4.766948373830891,2.568077835362507,1.7583275883020144,2.772664658076289,-5.384923220911303,-7.164995416516529,-7.045737110299454,-1.601405412255041,-0.6024330791452899,-4.49196719320873,6.999291838898557,-1.3749747193168524,5.053553106417063,3.114639826909752,-3.278676195749652,-5.036851437824811,4.185887763506339,6.0,1.0,5432.546047493364,0.22044702131916172
646,-6.902186242257064,5.2520200260425245,-4.698796101181423,-2.609508342088226,-6.994618816668999,-0.8794485082250736,-8.213274386214014,-1.0367316511695284,-3.8026078145998947,-8.237766946920969,-6.152031123554689,-0.7175624921609688,-2.4420742855161444,-6.202843883821552,-3.2003896392623092,-2.3578868817796437,1.005170660985623,2.239837805590209,6.405356042397255,5.523744175444445,5.572947307142673,-5.693672252278255,2.0410618806123444,-6.0374209510601515,1.8436112370752047,-7.581564526812627,-1.3930217255013195,1.0548478233548964,3.3975153658691903,1.915831614512664,-2.6480636924692633,-7.928063408066645,6.500939253712851,-4.870830493646178,2.579735484585356,0.7215668309462191,3.3930453460621735,-6.084265656520282,-6.546447993369424,-7.8422865927559,-1.7253720394527359,-1.2078080926942385,-5.924256257651532,7.700170949139231,-1.0178735788053788,4.96941407155219,3.3495321388580557,-3.8992820708948863,-4.829576221386576,4.726259460542414,6.0,1.0,5730.65117763457,0.7173978157926901
647,-6.548574375383403,5.027604140250087,-4.532889675531116,-2.5761042117546546,-7.035176389745508,-1.4172414318452455,-7.864263690924735,-1.4375696888527734,-4.055671320512666,-7.715298056163195,-6.57089129599347,0.30913667049177307,-1.9486260634724857,-6.0944674059333135,-4.471538029519717,-2.380720333311526,0.9496600809412173,1.9772470542928842,5.686363981582396,4.882924270234952,5.690737054015315,-5.965294011858389,1.1188160114613885,-7.494366790156204,3.007044705365502,-7.026431139259899,-2.5362660938433437,0.7146196340022847,3.67089690660602,2.218481877874928,-2.80471068659333,-7.9961701556260145,7.883906177989871,-5.484612179347931,2.1187868344192484,1.980290751054091,3.0324214873708883,-5.5470206540888505,-7.1520170009513615,-7.812658165154441,-2.6056905942816373,-0.9423069679483083,-5.659586632148429,6.675695182804912,-1.5632063722849912,4.982914776367003,4.0456940392847,-4.13557465857046,-4.516787835673929,5.37863566047465,6.0,1.0,7277.8644623007585,0.1655130970746922
648,-6.532103927165499,5.450250350355003,-5.00030595315909,-3.5094667156590766,-6.4284094483767475,-1.2145293942434414,-8.194824993373901,-1.1943247945864341,-4.385093771041452,-7.349692702432097,-6.0188355662397335,-1.4262936617369841,-1.9540093291023795,-6.169203570663638,-2.6357383526088545,-3.427170225120665,0.6652926354390655,1.7643960123006992,5.425163257904881,5.077881089015815,5.066522193453737,-6.3133716559549296,2.0581522524631866,-5.463066835068906,1.9025539146025328,-7.251112307025515,-1.6534566828129014,1.1608004285305713,3.8242735518477593,3.573244317183213,-3.5863933326511606,-7.8411549130072355,7.414924930860379,-4.559803531051895,2.8212638740134794,1.8910343126812967,2.4734901118402863,-7.261029904760386,-7.059379853334655,-7.484862448933768,-2.791879504880146,0.34745772272416553,-5.520268754607651,6.071307971079759,-1.2646271307988348,3.900019264826343,3.6015110185413755,-4.002366592127212,-5.101320083445,5.45724884621573,6.0,1.0,5855.208017049321,0.3235241944603261
649,-6.842844015009696,5.5953545091669845,-4.990208117806905,-2.7971534653666055,-6.9866037449201395,-1.5103855316958565,-7.425038043997747,-0.25512467820198026,-3.9912489659680697,-7.269938894718581,-6.760559319320837,0.008535059813127743,-2.1889758911527557,-6.242559412654034,-3.169302983893922,-3.956226413369411,0.8541317623617009,1.6158332148262577,6.651616149247938,4.726035733162287,5.850825574892285,-6.855899230806639,1.879662879968269,-6.512804810819028,2.455696200644703,-7.689317529606094,-2.743488861668903,0.5896067149363471,3.725188199474633,2.3051155418270675,-2.2874312986544423,-7.03370161507212,6.24272698759332,-5.3211361402077495,2.675510626086996,1.3867035820676008,3.0585235861649935,-4.9504467843621045,-7.134005813213577,-8.043465754256491,-1.724479889206462,-0.06499154986010414,-4.767657000218534,6.7261779612274815,-2.1780747329604044,6.216975198124792,3.7506042673700235,-3.9272226489576205,-4.605335002624434,5.97707733615694,6.0,1.0,5836.158057685986,0.7948579939152829
650,-5.62966974229237,5.32692159969736,-4.9742055753836585,-2.9097844930058643,-5.8140197724758185,-0.9446480199492303,-7.815831532348606,-1.3462613116912037,-4.397217961545028,-8.056355547985719,-6.450475041228185,-0.23524679566836465,-2.1620829340040912,-5.8434199095719634,-4.274864166741612,-3.1243103515466677,0.8005896752847185,2.359249773192097,5.6530555133607265,5.185701301234605,5.629767479988214,-4.969180497320283,1.6962374143606418,-6.1718528425470724,2.0545563792167085,-7.502235026896957,-1.903710544036326,1.5214843053670748,3.965896738551857,2.6498677157133135,-2.4629621305125204,-7.586345958304661,6.841740893400255,-5.646059609417986,2.136974007242739,2.369868720389432,3.080511034141133,-5.114691774756349,-6.876997075500777,-7.525395064329477,-0.9618465808502437,-0.8523689833350468,-6.171335474008501,6.333199724284388,-0.9997365400361007,3.9695640193802566,3.9665996478018513,-2.747500396891801,-5.340196197932533,5.501911366337287,6.0,1.0,4821.319474651733,0.5885816652056967
651,-6.0756307188356455,5.143381895550884,-5.667933401911593,-4.539752248887069,-5.781952274312837,-1.4177659759416277,-7.681503443552085,-1.1882534394946973,-4.204073915888716,-7.71736289911401,-6.361446794261021,-0.6524064222099129,-2.027648281873482,-5.789947533652202,-3.8351145827732287,-3.7936860865410287,0.7578799510845369,2.560822383662148,7.011925830475936,4.8309744826012295,6.176244154396336,-5.296574829662974,1.338301860622035,-5.5771995240535555,2.667982649475498,-7.76452517348337,-1.6564216682601296,2.5504117349183524,2.778014664275472,2.2852919670458216,-2.706644904814572,-8.50647310646856,6.8736389558423205,-4.976148212850792,3.047088306668251,2.419712978381976,2.9699409687139497,-5.3694855698559865,-7.514951990901907,-7.587339955194835,-1.9357754617365963,-2.124096738120958,-5.67581275978893,6.115100355545593,-0.6304301740667306,5.662799412777492,4.534324116839432,-2.8196792528378265,-5.0426705431037,5.104055257740003,6.0,1.0,6520.917717880845,0.35604912999174615
652,-6.285516853079689,5.692785058784386,-4.48090622164082,-2.7607394304482153,-6.2046415467781895,-0.36823402252338544,-7.236567548179455,-1.07688201923041,-4.159488493034272,-7.318575265319497,-6.2560595006394255,-0.2752490570699139,-1.8892232571500582,-6.423452640478327,-3.440250203781263,-2.8029670142670784,0.8766236873668911,1.6403475068399362,5.645327564547979,4.165037805769838,5.450382790517574,-5.193969477441918,1.7863887130510079,-6.102941537423391,1.7033457487997927,-7.901084763928724,-2.0518846275391285,1.7462542039836857,2.509403104233992,1.6359731229360357,-3.227209995071752,-8.366906046464955,7.376642199316154,-4.945591115734579,3.329380287098842,1.3673218575584358,2.8333767602927846,-5.7714242073631326,-6.842260055638133,-6.8570030456565885,-1.1482151086438661,-1.2291940125738083,-5.475792817203799,7.213998376279489,-1.7572661845248507,5.000875509466105,4.246982642910091,-3.7038402544850335,-5.036481896105581,4.9562521425495,6.0,1.0,4911.11443993764,0.448530535554988
653,-5.7988556740608,5.58220564164505,-5.542958269049176,-3.889285016374083,-6.193186253677944,-0.46743190924996925,-8.140901481542498,-0.006238395277010311,-3.55274643208906,-6.972612496079622,-7.061214963334237,-0.2701900531904336,-2.2364585369939007,-5.681917195808706,-2.162214810564119,-2.8783118089136988,1.0783239183497613,1.9038605203711017,5.8937111320230855,4.514981283979727,6.258307577778501,-5.92145918420807,1.6247554720811754,-5.3085702021940895,2.4256371363884064,-7.861824178093565,-2.200796977302697,0.9501866289080083,4.988909005241774,2.6070787438278353,-3.269110727273694,-7.720708521925389,7.695599476010188,-5.746277381594606,3.1543584177493584,2.2313354841387207,2.3431674202524615,-6.106500103365384,-6.576549929361645,-6.798754080691864,-2.2599704634596467,-0.4654948710969838,-5.604405039053872,7.42440893772293,-1.1656694056788879,4.887100692619992,3.042347810178483,-4.034968840429,-5.071678385492394,5.826581880172969,6.0,1.0,6273.236902897243,0.3290043912693082
654,-6.144394716858537,5.148408406862783,-4.4976866117610586,-3.270275083877815,-6.26823447708109,-0.5953944370227855,-8.785332566201825,-1.4155229057892447,-3.7338920543347633,-8.735870200446442,-7.198937589618259,0.07238638540734232,-2.2759271955318168,-6.39429083604389,-3.576649860244961,-3.370001785013847,0.8810575676558721,1.8655516614539374,6.353416901404598,4.340255936177231,5.346485267095476,-5.113517845822453,1.4976916491783707,-5.437726604431106,0.7450319951078459,-7.568317597685269,-1.5647736436426691,1.4240206192267313,3.668107407435423,1.7034787288268132,-2.885949827390481,-7.460806044453468,7.364805776897645,-5.563104768289026,2.8563108241340043,2.7319098419685894,2.6411736468435016,-5.458799470476575,-6.230710916152436,-7.283980531607868,-1.7597897295603915,-1.435740885715642,-5.222526263504983,6.7959276011014005,-1.0101497710242584,5.026845528379338,3.6270141131667013,-2.9808138325483533,-4.945938020232934,5.960201219731423,6.0,1.0,5399.6074317093935,0.5815903935743908
655,-6.085917452059353,5.666308975553687,-5.2366156045095,-2.8790451864533915,-6.6104410924671555,-0.7248279516880712,-7.037696471091456,-0.954924999904886,-4.812736647718784,-8.480761743164265,-5.968500884763974,-0.76240321057534,-2.522567581296651,-4.940249582591179,-3.5274031021685976,-2.9657663512327246,1.0471365649099769,2.201414621219718,6.516573387722757,3.494733804840501,5.602782474670038,-5.47988565501452,1.35215315931831,-5.9213526448282625,1.0904618287134087,-7.084905235251777,-1.7686209116215186,0.32231457412474684,3.6543833570231343,2.1304503597157574,-2.9767445187387835,-7.671653600182895,5.780963989250493,-5.126333324851328,3.1703897690293443,1.4087476219399777,3.1093599568276167,-5.318186199052758,-8.47339504148376,-7.114543503683983,-2.3777726786884235,-1.225666728168889,-5.485777173360263,6.5185902488623935,-0.9856927696368594,5.9019127805872165,3.6754901909294433,-3.3251589541554525,-5.0039596569440725,5.34756449819023,6.0,1.0,5159.27820797624,0.31935750872325985
656,-6.72660162680614,5.532111150856396,-4.684196969321299,-2.4730923267808715,-6.143973379527366,-1.3578797563435527,-6.964609748015301,-1.0140886302658367,-3.5271853692799597,-7.832371650649059,-6.917745537820945,-1.728344329433155,-1.974749985195493,-5.826155611217675,-2.799165105846514,-2.567749375451539,1.3201627544112078,1.6577444534222776,6.977259185027452,4.745282087068707,5.046073101929678,-5.746644824381513,0.7563901128144608,-5.5597896504833315,3.174909008838341,-7.105260290802057,-1.3512825787258858,1.2264255072138108,3.2363156881641717,1.5568922719404759,-2.2195870126933706,-7.878363768099365,6.831171551208034,-4.31171782707173,2.916651552463919,1.9905323857600918,2.145180560240914,-5.584310309571305,-7.057913937275456,-7.209282167496712,-1.001730825968881,0.579486151686313,-4.893443021705225,6.830809364102425,-1.5086157900140438,5.435533758419023,3.8930442583561993,-4.142784790362199,-5.236364289091858,5.640244611833038,6.0,1.0,4573.52616546274,0.5361161317619055
657,-6.016315827935252,5.689800705203167,-5.277802651010108,-3.5076521983631648,-6.555440046529282,-1.6324471151537532,-8.02169745291787,-0.587655481915102,-3.5154603826598105,-7.974477411139153,-5.5038687556220305,-0.6113292524204587,-2.1248409800226544,-5.650496622589471,-2.851845441245736,-3.7350853709435463,0.7325476608479964,1.7123908908396626,6.1690054725958845,4.9846506668451145,5.319322478235645,-6.633644429386199,2.4625267672971005,-5.441219357152572,2.1752528660823076,-7.923806785383572,-2.09126191774331,1.0783352461196385,2.822586224294591,3.072895358390265,-2.2168152781288555,-8.194490628785383,6.472941267642186,-5.7911467387854625,2.2589965011058526,0.9803803711503625,2.4597627202746413,-5.376580427723261,-6.90666327199326,-7.021732254941415,-1.9777506463832335,-1.5077611216918203,-5.605455552990678,6.829968419157998,-0.98312306588119,4.124699000955745,3.484739076782653,-4.061571953842097,-4.976823828972966,5.032422700400183,6.0,1.0,5067.135302306716,0.5637724863044332
658,-6.139347377828567,5.109993427560877,-5.719781152031128,-2.954358501314805,-6.95377411709077,-1.1852602573753734,-7.844033707353713,-1.2445955467060892,-3.351160473131499,-7.883779811032319,-6.001682166335635,-0.5392185287790796,-1.255773845808182,-6.100721005383196,-3.579275803685597,-2.9514195271822805,0.5670097818173065,2.5814901540889084,5.924091731936654,5.418952162806468,5.417261029332432,-5.848648804430701,2.446013787190158,-6.465165590107278,2.712700476905902,-8.806111650597447,-2.563912451677942,1.3170460975807714,4.147643479519013,2.120299021763527,-2.6891705134665838,-7.957930621363986,6.79308023086011,-4.992775828559608,3.2856696292854237,1.6383551419871396,2.9291019303091774,-5.651207434412382,-6.872500460976195,-7.9305291250397,-1.3462936655680502,-0.9285497049069971,-7.291171280621935,6.66590833375963,-1.4190402070790744,4.372902701863767,3.8339226577734946,-3.351200253994908,-5.3172450702775285,5.147289838268512,6.0,1.0,6891.265727433819,0.48764789700723665
659,-5.794636015645644,5.677843190121807,-5.782584135689927,-2.937211858793649,-5.948998051252774,-0.8561022889045619,-8.486536176363838,-1.0823017772580878,-3.576683435883477,-7.223923003065388,-6.4107749749326715,-0.03462306529650028,-2.559677971650027,-5.691454967605841,-3.4496711928741473,-3.006511519287492,1.1802883031413551,1.9918061059636993,6.689265728141912,4.613974208822576,5.17175554647865,-4.899419575466027,2.180884667016455,-5.874118370623977,1.5562725258729682,-8.017901567828162,-1.976659638452511,1.217298314519529,3.652929651014626,1.7065431622026186,-3.1614211513458654,-7.2103262072150915,6.84377460040658,-5.246020184992499,2.6739062009203307,1.6381052519506472,2.7206371172629984,-5.357932630067498,-8.223527740423936,-7.973243170449002,-1.848775409746439,-1.312946079185509,-6.103720576446711,6.957958899416049,-1.3097940634790353,5.156847399728141,2.678481949261093,-3.92025267467799,-5.013190096261816,5.407755870206973,6.0,1.0,5820.261788649906,0.4320275713453248
660,-7.032725503908678,5.394108794263252,-5.625877287513985,-2.440004443462037,-6.959051641552547,-1.1960400189828895,-7.463793405378366,-0.9645911795819784,-3.5265965230599385,-8.341918551032201,-5.946936628473528,-1.8416083648183679,-2.1294289696117983,-4.8081217459913645,-2.7759746656454087,-2.2766013732612294,1.234870915790226,1.2297878497465888,7.253625757738251,4.685819164135156,5.341940222579823,-5.677364339042762,2.664627332892443,-5.933567984919266,3.3971080804131573,-7.558935821868737,-1.4686249626810273,2.413539984086298,4.346007376365843,1.6777148437386376,-2.9965529048870194,-7.428848502597745,7.318145704938992,-4.2397532101222835,3.1002448408041965,2.4310199714582432,3.1111301298694616,-5.642546890642391,-6.7975473636149655,-7.294752351853368,-1.515485998124419,-0.8573758324666557,-5.4369471556175535,6.918090827192602,-1.0442107108152794,3.908616482603253,2.932018402257662,-2.5987625760305075,-5.37429987324832,5.339743796172712,6.0,1.0,5735.360441464259,0.16486548073064144
661,-6.482577124658318,5.781827648922199,-5.573214484354647,-2.7378834315291183,-5.097897361353414,-2.2192659262588013,-7.873102922515594,-0.797548361317111,-3.8685789442170098,-8.418651374896577,-7.099750692434383,-0.014227206506430168,-1.193449436160224,-5.512903833924517,-3.4745663947183663,-2.9929773941057785,0.9878735831629554,1.943435973030788,6.014961059389913,5.340432226135037,4.856109620957893,-6.3321248904201815,2.3426338850808577,-5.777729120929725,1.775427372089657,-7.7450386270636615,-1.2880159751690168,1.3942359572739575,4.458532302928458,2.5579749571916834,-3.38815315433483,-7.712087233164349,7.1441724739943915,-4.2631513010771815,2.4651412591982016,1.1301429396672007,2.462132853321687,-3.957109048927486,-7.105120997703223,-8.150465907604932,-2.642801265534336,-0.07277247852928403,-4.981480355804697,6.656254319636571,-1.521571952287251,5.298217041815158,4.049583560107641,-4.525764135358577,-4.442998012068505,5.572884346937619,6.0,1.0,6143.2439369352705,0.15932918129816154
662,-7.032611059843153,4.742793071062991,-4.564809507951959,-2.8330945652350583,-6.844823208258307,-1.2160659544291585,-7.536149002613195,-0.6260310706193962,-5.003862402227958,-7.920510780327216,-7.004887753437368,-1.875151978659494,-2.1086268033366444,-6.5038408145534214,-3.473955229902871,-2.3400460020371527,1.0693012458237485,1.8885290079247217,5.980907796094365,4.648384771868121,6.168766023314017,-6.402098158891899,2.219229728319147,-6.035448962174947,2.5506679322739587,-7.776190819486857,-1.7791507809333933,1.672785853712078,3.3917722503063232,1.933153303268025,-2.559731181077872,-8.370950002413933,6.565257613446234,-5.266185379944655,2.5862848922951747,2.3100327106634566,2.7065257256672877,-5.282775357158628,-6.828706910013241,-7.705646191882398,-2.2668158298621566,-0.2883610262498768,-5.53875982766013,6.556650062580301,-2.026364132445116,4.622512867420048,3.7137035957209577,-3.8195854153006503,-5.179475794943618,5.176840931920933,6.0,1.0,6114.8949130613155,0.6365910918528354
663,-6.99552621961575,4.681899558092418,-5.078902801362115,-1.8144402243728732,-6.517990701668254,-1.2157826983247437,-8.106308529040685,-0.5279169281090668,-3.305242892132733,-8.030730892990409,-5.864488203513211,-0.873542685570812,-1.701285247225926,-5.911817458192582,-2.8062511943613178,-3.6922874461065107,0.39709128881020994,1.9948048564887195,6.794251001400374,3.923111714248509,5.645415659495941,-5.667061525709643,1.320926394091872,-7.094093172069478,1.974914294102228,-6.6533057777355005,-0.7913119553654605,0.8385297532255946,3.378864526654993,1.7161814146991698,-2.3263687390390144,-8.271308121883619,6.374298745382241,-5.090095244673811,2.3375664749486154,2.7356674114843416,2.985303169261571,-6.3006488250307,-7.653003362487375,-7.71993893630723,-1.8675820171364685,-0.5394425690699634,-5.7377163311845,6.742914907169439,-0.6042509798354533,4.49619264917428,3.2471402572387165,-3.2081665094065035,-4.412884661356492,5.512614401560379,6.0,1.0,5508.0046060310315,0.2322662222166053
664,-6.386310453783163,5.542607042336635,-5.13800398513636,-2.4855742768547895,-6.953688661540848,-1.0379887316515943,-7.577554153926721,0.18169839956129108,-4.885272170087201,-7.672417997384398,-6.658285514909461,0.13506406522875036,-2.502295140710131,-5.311257564752063,-3.409818541218661,-2.71896390359539,0.9453013680319182,1.5488782371790024,6.001335963749444,4.30769672140827,5.214456956325706,-5.570686107730175,1.5561286245590304,-6.630178332946621,1.7626276776729086,-8.497913910072832,-2.0980484362123057,2.1137170457236687,2.4053847649977063,2.3231166470795053,-3.481039613747804,-8.063310991342952,6.342241125165051,-5.310672990102294,2.9683301410597442,1.4812964509594966,2.8372468725796582,-5.23378204585253,-6.9102846004744904,-7.323073359712996,-1.7914478886220029,-0.6245789064578551,-5.68922282064571,6.793639850667358,-1.8014835752944225,4.497106278188806,3.3954802796448798,-3.2360557848578018,-4.453846615529038,5.626548348289405,6.0,1.0,5246.449628460422,0.5247702622590831
665,-6.811019679200355,5.067199567746101,-5.308908698710671,-2.6389911073802343,-6.6808938110004945,-0.6823448991316015,-7.569613169896292,-0.39349814745419387,-3.704872763347981,-7.784548023446715,-6.171091007609139,-1.3572721240326866,-2.475973667902945,-5.440872373373082,-3.946390847931499,-3.0419286839414594,0.592294838891742,2.6698760831869137,4.371935547723695,3.660148561848938,5.217674751784205,-6.0943717372348685,2.5479964534347364,-5.71128362169856,2.002987789954989,-7.133202463884285,-1.0877337479880327,0.9087876342817408,3.4181499404155438,3.1415941181682903,-2.3549466226087197,-7.974816941051762,6.766368604074175,-5.472289128155016,3.317174555210966,2.1500385750869704,3.278069740197596,-6.3965225909354615,-7.148114518790841,-7.000517775760359,-1.4009900169460543,-0.7963550344992729,-5.12817921702585,6.598246236446779,-1.466098263500882,5.433813469471168,3.505858310748272,-3.874859230882475,-5.383962740085857,5.401392318917262,6.0,1.0,5286.803009243504,0.23969342064561988
666,-7.00171215436666,5.057009533438442,-5.071776803213866,-2.8595584524375104,-6.134697549239154,-0.06841002461387813,-7.857049904475867,-1.0221835319042254,-3.808924650467106,-8.098956621537765,-7.642759578828596,-0.6540710280867134,-0.9345635769218144,-5.378299484054397,-2.956197593884413,-1.995338222171045,1.2812083640932255,0.8577044848529934,6.311092293969904,4.895781598952696,5.12755262729757,-5.521542146966088,1.627228053319007,-6.022525350014158,2.1115602172983667,-7.205313639594451,-2.879509298819567,2.017946044581419,3.4571379165792147,2.275130554208723,-3.193838851660536,-7.966604949414792,5.997711115999977,-5.225125949251117,2.294898724743275,1.3841654369569967,3.264154689723357,-5.691263289854682,-7.412431060529846,-7.003135300234585,-2.128160648808479,-0.36792521027443986,-6.112732783590809,6.078650307526501,-1.3940699290267067,5.789721380081019,2.320037432764984,-2.9735227879839803,-4.16904622304448,5.306523446877178,6.0,1.0,5407.317765248615,0.11558270273826299
667,-6.498899890888454,5.170464951148757,-5.135992226882299,-3.6390503927576665,-6.721796020795344,-0.29640074024466756,-7.753665719769264,-0.07654567077831997,-3.510296959195254,-7.601710535492632,-6.286058876132367,-0.5704009748495671,-2.579197729933416,-5.820240035351036,-2.443568265926471,-3.18047497712855,1.6064055014478016,2.1494304180303745,7.017061870264268,4.407214450602118,5.253476729194469,-5.884758607967991,2.603169588065335,-6.46884533116232,1.5174478055379543,-8.690358513601053,-2.1522998118905408,1.3544158377509687,2.2345943676076017,2.797524366595315,-3.4507902295334913,-8.129575861646265,6.16665655359588,-4.880639840320539,3.94625966149948,2.3479409910329103,2.4875627567637766,-5.146322449033377,-7.13740776851949,-6.748254170681026,-2.4086792498370038,-1.7018378395809173,-5.389106915121303,7.335855639927161,-1.6168134161351417,5.200071765483539,4.269830619773895,-3.269763447738297,-4.679331351384933,4.641033592430552,6.0,1.0,5988.648696408571,0.3231653335843756
668,-6.4765009304525405,6.392936919446442,-5.067800208760891,-3.32785420813185,-6.69308871509926,-1.2177863177770873,-7.730127826818681,-0.24772023986172553,-4.181739046823175,-7.590171219538831,-6.651656830512483,-0.4850843278081253,-2.507516975997126,-5.70210492896792,-3.04625487165184,-2.8524218979920697,-0.08513488082489173,2.3260472098060814,6.044073170326234,4.5582535236659725,5.673858987918723,-5.748654620695349,2.2762650319103153,-5.838519536541463,2.6320318115745134,-7.555954292214924,-1.127484638937655,2.4693970319343768,3.5902981985629006,2.996874453618107,-3.5148611332291373,-8.101099045398357,7.4941714925455525,-5.450133519142165,3.0613793346467437,2.2051894038453446,2.878473813811514,-5.271582396568038,-6.888155943095035,-7.300573051847046,-1.5350175454455002,-0.9519943322240965,-5.452107037414794,7.365272675740846,-0.6097963911066011,5.184659214953536,3.3819405150815083,-3.254737563156723,-4.73512083465321,6.323769184223366,6.0,1.0,6946.265607953902,0.2482156214756718
669,-5.897540465222982,4.8409461103097,-5.033147064997736,-2.6181437943190384,-6.004718490902191,-0.9265435684147346,-8.374485700066845,-1.2212283510896642,-3.9203960899024333,-7.259630309732383,-6.084133768718751,0.2406186602361957,-2.0214972790607737,-5.5203097667099605,-3.0060495954759787,-3.216452083383281,1.5918758606353225,1.7142181445768427,6.334474080694386,5.140880995536548,5.2718494009592,-6.3571101521213045,2.0513933605514354,-6.135847990956503,1.8725863409057304,-7.365936452592532,-1.7465279369371247,1.159806660861862,3.863193137144428,2.0458554007052796,-3.4891873045924178,-6.695508210485066,6.845848494228964,-5.618009577311638,3.0203937091619535,1.924069927121392,1.9145081311845433,-5.445479606918253,-7.123157535263188,-7.7771385601082414,-1.462877648649731,-0.746964567962483,-6.420640507489931,7.002404183290653,-1.4752244930197354,5.834876973402604,3.331140027034839,-4.381782174939478,-4.67588364364993,5.687981332027317,6.0,1.0,5861.342657779276,0.1947184130247698
670,-6.126777436975472,5.662105932447955,-5.340668037281163,-2.973977220549278,-6.510655558321062,-1.471315196984044,-7.489886509786633,-1.1610475816185963,-3.1344704682228337,-7.79226462668888,-6.242004729977296,-1.0098964646273951,-1.8682647731658242,-5.880493172905704,-2.845536993665748,-3.085404499637275,1.2644412942820489,2.3020737465029977,5.993901894695264,4.417938402952616,5.185336941479638,-5.666415309283388,1.0033612043893203,-6.003955757391315,2.37378573766921,-7.663306196671368,-2.3650294155485954,1.7694206004007156,4.3079546388239045,1.1799206782304401,-2.9016857865567904,-7.491988238723857,6.255975656634231,-5.10164245913138,3.26673052521333,1.4202595094225785,1.7480245414900928,-5.3587689431244225,-7.655651519763052,-8.216843300023601,-2.456037541024818,-0.7579817987768841,-5.132683746307464,7.226707429250272,-1.66068501688213,5.122143237624174,4.056527673870264,-3.746390644091086,-6.198782157096459,5.373115276876503,6.0,1.0,5668.040014798958,0.4704832341267009
671,-5.350456334679306,4.249792199064824,-4.729063341969688,-3.364805838575031,-5.704516744779671,-1.6429462111799866,-7.923054794565413,-1.880590208895069,-4.215579801458149,-8.969651771840493,-7.022803308633369,-1.672591026428181,-1.2473779364084854,-6.220500556133106,-2.2627931969081225,-2.9937306891481943,1.414733402507552,1.856435637188917,5.580492755399204,4.278968951323585,4.423794765248548,-5.377005560906256,1.793428883929467,-5.6193314275974044,3.336630128688986,-7.80764699731631,-1.7767400435895548,1.6665624398399292,3.949186008367917,2.409324692332422,-2.9252723291231857,-8.02664176287598,6.687707017336232,-5.579237449621221,3.4597202481096345,1.0151588227189645,2.477636565104117,-6.120437537689179,-7.223154784341329,-7.59579209608417,-0.928951733330797,-1.2172221248718427,-5.213082335018872,7.437232881327176,-1.7950337627357171,5.227184882535269,2.690498393513604,-4.3094248474617,-4.8136235243157675,5.832225179958482,6.0,1.0,5930.485811764764,0.19627460237068783
672,-6.008740524853592,5.419269170501797,-3.908713668831698,-2.6259096747910595,-6.811886401248274,-1.4714687629118912,-8.214688311164643,-0.5216295319889148,-3.819191233753972,-7.4240488206429465,-7.393440974502168,-0.4322665404358236,-2.270384642004665,-5.202237066762447,-2.570876293783217,-2.9294245725809267,0.9145339042339411,1.219731854279205,5.829368618586792,4.488250991647533,5.513342484342599,-5.7201425414186255,2.2981243615410403,-6.423201433395245,2.1347167315340303,-8.19686164561731,-1.449128705267792,1.3066219140248956,3.3241939578395847,2.961347411656587,-3.5950498104946975,-7.386059408730221,6.205948174542566,-5.372893793520408,4.134287583765247,2.197011056311582,3.053449793086606,-5.96430857827863,-6.992043982869176,-7.024770678440787,-1.4801977698794433,-0.5267307134534698,-6.609565074459934,7.325762974241248,-0.8930628895737442,4.814965719087438,3.316586290063876,-3.459337082970248,-4.808504938774726,6.00063277080293,6.0,1.0,5531.4894610047,0.5982164894342905
673,-6.152191430140242,5.639965855218262,-4.510529655339624,-3.3757935427934997,-5.974330519696154,-0.9077449913517284,-6.9195212159531625,-1.1426579746706955,-3.559286862121554,-8.359280061065927,-6.268890818823245,-1.3281242314239865,-1.2966982748718232,-5.634600983174146,-2.5985056058790024,-3.1324902722604855,0.93307807452949,2.2710360915119425,6.166779925478666,4.913801763055596,4.866883255061091,-5.578782890007107,1.327978952117847,-6.153827382434108,1.7861001214133077,-7.673106038170357,-1.849063343414862,0.7029278267973879,3.2537300854006546,2.202833576686858,-3.9479500498408897,-7.47021023513051,6.700328306889395,-4.9190553082991775,2.5242880183691367,2.1511587322663606,2.280091445472438,-5.0499870343057545,-6.9125066851919295,-6.977611398748328,-2.021979929078296,-0.13449745197502616,-5.232136849280767,6.426835118778864,-1.4476357138551814,4.796222663798307,3.481767449048785,-3.9046439770938903,-5.343040249633798,5.841343011535375,6.0,1.0,4297.676973470188,0.5761173182833783
674,-6.209169136137054,4.5977053619490915,-4.413345612895754,-3.9391688713332105,-6.865352528525127,0.418260140695482,-8.77658732257144,-1.5573978066395475,-3.5098460511720795,-7.5915016148757735,-6.621266258094777,-0.686373977243027,-2.4650134111049677,-6.093407997503876,-2.062576902049987,-2.089069388124692,1.7905983793968856,1.783776556904319,7.206824265266448,4.177448423301691,5.32237229069189,-6.7466221071933425,2.273323130160139,-6.616793772000792,2.653892813871855,-7.484120207306783,-1.0087038935475543,1.127960116893729,3.685145423195727,2.7915539938748064,-3.714942548409586,-8.599762168974708,6.232945299410073,-4.360910677690601,3.3412046877532267,2.000329113297508,1.6671020182669456,-5.697409060096589,-6.261773484863979,-7.170240652033385,-2.4256283381422157,-0.003723757941729633,-5.385390722509161,6.675670082603254,-2.187740610297194,4.647920960560777,2.571623234636131,-3.303940774173039,-5.663465852645539,4.922402038050359,6.0,1.0,5359.401235427955,0.5562086935640743
675,-5.97215650875814,4.614738133441677,-5.414814064745717,-3.653893110237145,-7.030584385460885,-1.0885465074655627,-7.94678130729566,-0.016254894752710247,-3.193852520303125,-7.450733364779591,-6.911451315902619,-0.0342659028022253,-2.373379370736447,-5.380356133910097,-3.045117812230748,-2.789534886381099,1.4001836522154127,1.740873991434988,6.140670017427254,4.292396321591578,5.429776634977312,-4.881544434146782,1.4269880150163825,-6.062409658763459,2.1863579767650276,-7.354562800984783,-1.4731955235933905,0.7137406118789242,3.4132678037308404,2.552724793895653,-1.99531083001933,-8.265730389077254,6.714459269921134,-5.085935907284829,3.2961705593829027,1.5955963523651893,2.9762159363028644,-5.575950138414823,-6.31300155832974,-7.756080451034633,-1.6466247047973808,-1.0728112195695463,-4.564821671168517,6.5958792220111135,-1.7538918486306123,4.181023080962222,3.7802310002140485,-3.3219874360385178,-4.599414074665324,4.96803105647229,6.0,1.0,4889.011089866627,0.08219422285856935
676,-7.264987443778667,5.243834170867861,-5.548666196445332,-3.920990114940501,-6.843265030090803,-0.7707513506811294,-7.345621672854885,-0.9036975616482236,-4.160570907794605,-7.847462647554803,-6.324960435857053,-0.8474991373468025,-1.8370225395466928,-6.126405499365967,-2.731788463631313,-4.2737121574202455,1.3321165006194726,1.3735052653190933,6.6051846016358935,4.418604587716564,5.493580994973141,-6.1172703276520295,2.136067311858738,-6.656168423265376,2.335814779366786,-8.213888826592518,-2.002751722746147,1.1450762839785202,3.5051942043797397,3.042131340160916,-3.161296697596584,-8.68360475145898,6.50602426246255,-4.714559223847623,2.5477738918599657,1.5329610589511882,2.5170414052536425,-5.457766319006996,-6.901783515267743,-7.8559326063286115,-2.3161304629013575,-0.19485553445978732,-5.165460343590571,6.256633772400025,-1.505428805089304,5.244946227795566,3.592517197030717,-3.966460857090275,-3.997093972633513,5.344596150905594,6.0,1.0,6113.785676847463,0.7549139425474329
677,-6.368085344686281,5.203381875240413,-6.064404886709109,-2.166777683500958,-5.505500983018634,-1.340871560741212,-7.000195874024329,-1.514381425675901,-3.7713500553991923,-7.899920215692684,-6.300214267840251,-0.6425545412330849,-1.1404453122547542,-5.113322589780647,-2.592356186267638,-2.46696284820037,0.8380936686801232,1.9535668241137714,5.914742391000694,4.266147628475198,4.472828921641439,-6.160178340551005,1.9328513113117944,-6.889984203123756,1.9963854667651104,-7.5985543074460615,-2.547782039665312,0.6285991854939428,2.223455089765799,2.860582763013432,-2.3316041153877562,-8.007609118653557,6.372540320216178,-4.894413222413171,2.836637531660521,1.1582810320578987,3.2696900528950374,-5.240396841446948,-7.4247660534732605,-7.655297773249609,-2.2382332785372077,-1.407586228339409,-5.009156590178354,6.56822583307282,-1.3912955397532667,5.277007107684006,4.207557196442386,-3.8925945901157575,-3.429198179708237,5.5425449372601046,6.0,1.0,4383.50446125548,0.4026717063142255
678,-6.367899011185458,4.608518989314022,-5.165128082337135,-2.3949157880980336,-6.581614639574416,-1.2585173237743401,-8.043382790393562,-1.1308242841675016,-3.9383917064881313,-8.467465132494997,-6.524196261548059,-0.7035688963386993,-1.1682627084963007,-5.572543258316027,-3.1288930937294337,-2.9408915156710798,1.757780779161703,2.0271501602612108,5.980931567125906,4.495130944282705,5.710654146685488,-5.497462935416513,2.000884433380831,-6.5819112335072285,2.61748437035911,-7.752208655050878,-1.4032786093156444,1.3466195371370842,3.090139560064892,2.1655224929317516,-3.16365675471525,-8.776357535998255,6.494460459717511,-5.018480181787049,3.190010098435714,2.67133871399925,3.173822476369862,-5.137317921607185,-7.297619453882073,-7.40046975517038,-1.6691383366778814,-0.9824842842716998,-4.905886413718463,6.35928153897699,-1.8060102267631222,5.1893643341357425,2.576970985672086,-3.585567488217977,-4.718580747299704,5.74758660322965,6.0,1.0,5271.179215703154,0.7197388954939302
679,-6.114702517557692,4.859514963930004,-5.091182489636198,-2.9763401473074502,-5.7976470808675025,-0.6646716218711006,-7.4203138863664435,-0.4846214632756427,-5.106260391537737,-7.802951479358947,-5.864929983637848,-0.23091898317578174,-1.8622717104375814,-5.779067762680453,-2.898945314512529,-2.827203813033169,0.6206730850958915,2.188033149499764,5.304257888970055,4.041499746410976,5.271806554768223,-6.546937485174153,1.706053728527671,-6.419981604619425,2.7604125646992452,-7.573916711576117,-1.0074313805591468,0.7167400752026182,3.8462453944324144,2.5194243755295633,-2.9253106248782648,-7.164992293181704,7.477354408349052,-5.078475345704999,2.67814529894418,1.6102632228834406,2.6509516003015294,-5.071167691251286,-7.684473060189657,-7.169884243181555,-2.843068383755491,-1.3247694839443027,-5.359706772149925,7.6024985703523535,-2.037883341144762,5.393437152491518,3.6481578633983163,-3.9354884367885017,-4.953037521155536,5.674635347663208,6.0,1.0,5776.563548859907,0.15886390754905114
680,-5.905769097930514,5.173202174957834,-5.204432698381037,-2.9014629477750424,-6.985413803335835,-0.7363174990647839,-9.047550812287854,-0.6682056323664822,-3.8327785163602957,-8.016679329416847,-7.506527858599537,-0.6720181030888002,-2.6156152171823894,-5.701650186197969,-2.6776189481252666,-3.609036588718471,0.8741955651168511,1.816462844969362,7.247680424842592,4.655396871303316,4.78235816053857,-6.04913989049728,2.1653082819044447,-6.418363330830055,2.6132481869097965,-7.150511901012105,-2.527130469969162,0.7694142711730989,3.7659025588501795,1.9114627341146482,-3.088499644634576,-8.209583987067658,7.490827985060083,-5.132879526286079,3.1794980066168406,1.2048129596179944,2.353703936048706,-4.949450472781466,-6.941906848081604,-7.695179476762623,-1.9138940949884748,-0.6141759449169711,-5.58150271482413,6.908671841499068,-2.273243480525185,4.51708895968673,3.4746491126852233,-3.3736390271226417,-4.700287952691237,5.257643729377025,6.0,1.0,6634.977420409548,0.4755593494547446
681,-6.277840324093444,4.894596841400822,-5.4127852660094495,-2.7318008539247334,-6.348779812722624,-2.239753270162037,-8.037403878197747,-1.5305636417659532,-4.343041745110472,-7.840070368011267,-6.175719116039737,-1.7489515042002486,-1.3804748888377347,-5.42535117090205,-3.503977027296186,-2.9304574763774407,1.0415029617827989,2.3854041192228044,5.860472149873116,4.629803069031846,5.1760999239426635,-5.803813342465271,1.5600593790239272,-6.150300219688754,2.788244894889307,-7.841286448983689,-1.6311501840562312,1.6245085992857224,4.123585766818282,2.528359637000726,-2.9107732608150543,-7.274205166989657,6.996884630864265,-5.831935533369584,2.6372021833798676,1.093076615918243,2.8124402253136,-4.639123454102519,-7.293942977072938,-6.585316194319655,-2.60988727939828,-0.4595931591812874,-4.951979438899891,6.961169204670832,-1.9352694778479913,5.430942241009107,3.6938371223540676,-2.8866276890648104,-5.116575373438749,5.480464886348168,6.0,1.0,4805.668223565897,0.7723268653418107
682,-5.564640442067779,5.871908678990038,-4.335183381649578,-2.3365473088915936,-6.247630480895885,-0.7118859002530988,-8.159650547987015,-0.4278598394337778,-4.136598865670397,-8.035488061665353,-7.790215800315887,-0.1438722372605893,-1.467677296568005,-5.544101776532417,-3.572278933462135,-4.273368488394734,0.8699360604244223,2.4001501675527397,6.366073558074237,4.65269886257017,5.729224443365907,-4.638087096346173,1.5881597538173664,-6.037049266641745,2.445079544703051,-7.350329620608401,-1.427920454844005,1.705996990287842,3.769254822466207,1.7873411386597589,-2.907823385173281,-7.505102291098699,7.0275245315616655,-4.239245329103084,2.720343272102689,2.544752045084047,2.522513235608123,-5.815922865748412,-6.773942560057164,-6.383184042133774,-1.3669504325176516,-1.1900267185104896,-5.519048342607078,6.704533080146854,-1.41488055950987,5.23319580950969,3.6834498363547454,-3.5258774546498683,-4.458817297397736,6.040386950848257,6.0,1.0,4591.246862744829,0.7989585967173496
683,-6.103900276343172,5.2597142874427,-5.067394766856313,-2.569889081289661,-6.459312021251286,-0.45195688417285096,-8.121294940512652,-0.49207504642836736,-2.1203553235335577,-8.312478751821544,-7.066223082551224,-0.1273208899926216,-2.7617550660590053,-5.593771412042924,-3.122187711707826,-2.8427892560772867,1.8968971194351638,2.605245210462916,6.205832462148423,4.197230745639037,5.719941229092852,-5.872701676321788,1.361864634900821,-6.393460066335362,2.1098609352728843,-7.643801379934104,-2.356889102895675,0.9691930543088032,4.092424658786738,1.1530071734420952,-2.500262541925879,-8.039490848998383,6.8529530705624015,-4.330953609650098,2.6184395500935453,1.92634792006621,1.7447120104721199,-4.07280884341902,-7.644513886561916,-7.056098553368504,-2.129986232334298,-1.2778795410506958,-5.8606428308069765,6.926331968562242,-1.515979849697783,4.6615313799509455,3.634211026875308,-4.58132976057159,-5.2792330733025326,5.294582701867099,6.0,1.0,6431.863419377162,0.019334899984435695
684,-6.141277214816708,5.519952621778416,-5.440052895521334,-3.2443340753123473,-6.271680670573887,-0.35071649527808646,-7.0523722435049105,-0.6863371504456557,-3.8705253585675,-8.67169274851466,-7.0965042113705294,-0.2711238803322175,-1.8574761727227636,-6.564720082539535,-2.5856543092291853,-3.423390523351536,0.457388458672799,1.963020320066232,6.228532454561196,5.3499246857497855,5.639272780921602,-5.483452755959853,2.1744041758518264,-6.598315716995031,2.381464095464221,-7.0117001035470885,-1.6381380450717173,0.24302830186874025,3.809002041071852,2.0115728330430267,-2.2140464718421184,-7.733837367545682,5.986783689937714,-5.2862407457047755,2.071760677928683,1.7708091042165357,2.483610471041909,-5.321478419794216,-7.80048343216403,-7.2599126659955076,-2.4051300323490805,0.8229504581979137,-6.227969864559289,7.414277959995891,-1.369192092711522,3.5151578306414875,4.27626403673278,-3.4814628703906667,-4.461268655851348,5.914976501139588,6.0,1.0,5776.267802786491,0.3850426667642533
685,-6.655042729093787,5.005440459477878,-5.09815709002198,-2.3001177460758484,-5.770570797841995,-1.046574407590776,-7.111107675572184,-0.6071444914320303,-4.575398302070122,-8.475496316462783,-6.8557091783666255,0.3644313254538605,-2.1277610054342633,-5.471812789367214,-3.06748248195267,-2.723486162626565,1.332146370177301,2.2889527852732328,6.7097180368787255,4.432041434700178,6.208627674708443,-5.875730208432963,2.40494272660906,-5.367752694150109,1.4266334553033841,-7.122008636676013,-1.8609693304274033,1.395300180426228,2.870277178698568,2.700353671405199,-2.809561251139095,-7.521040085670655,6.35763249779853,-5.761264840420829,2.711484545384069,1.5234692506079144,3.2758930943144398,-6.02352531023927,-6.978974738619243,-7.667404511722536,-1.76656746677805,-0.45641714533963645,-3.970131049603152,6.22834041933672,-1.2254800915829507,4.919045466136153,2.961877013614187,-4.281301511410984,-4.961259007844695,5.3918379057655725,6.0,1.0,5082.313990858657,0.23313815173888638
686,-7.026466311415324,5.93239776447902,-4.948742842083585,-3.8583476080336996,-6.429910979376554,-2.0276136229459514,-6.937671469840118,-0.5115542742015038,-4.0340603273891515,-7.409402790100044,-8.11287043503395,-0.5050567627476863,-1.0738532978114992,-5.83923343935838,-2.917047352142849,-1.8864830692998062,1.0839454365446295,1.47687078203713,5.8335540350959345,3.8350355982653515,5.4391670434704436,-6.567380839064764,1.9880312843461807,-6.281069958338753,1.4858692834613745,-7.4559899626583075,-0.8506313587343286,2.3548924085391043,3.8610459624527267,2.1165621844271167,-3.200405568377805,-8.210269684707834,6.476333232177397,-4.931951181055192,4.010467195341773,1.1327380881830205,2.4239673177549643,-5.468634450125519,-7.2376687712081464,-7.5112577853532585,-2.7330494268567387,-1.1149352165946602,-5.1522094415842865,7.068427531714858,-1.798166905922183,5.8414609080406334,3.1475214106650875,-3.731202689435252,-4.986760753111521,4.728593997766565,6.0,1.0,6789.589165697511,0.05097645465385164
687,-6.131130602580144,5.1963253933457185,-4.868365715625671,-2.781587330374051,-6.587044899223659,-0.9198591329640847,-7.875072505303299,-1.1741873965743659,-4.175456145442254,-8.04524381206306,-5.6891929388150695,-0.21995786941815643,-2.838364445216606,-5.987409824242371,-3.2332945692810715,-3.368142775841999,1.2558135437002595,2.339046135393064,5.825681164373158,4.455843785114266,5.0815846818803605,-5.439387207912876,2.1399847441211834,-6.87547576827598,2.034724938399983,-8.099769457821187,-1.7885691037158382,1.446040592545795,3.0525648094170603,1.8326837682348858,-2.967997138187792,-7.683294839200573,7.43354274981391,-4.838502911787243,3.5140938076789894,2.345140855276888,2.9726124420113096,-4.85815545832313,-6.859476752593438,-6.773931776597492,-2.4104583450488923,-1.393441573844823,-5.355054317079083,7.401113165602482,-1.3419251249174065,5.447861761664717,2.904610035588039,-3.054230318303157,-5.6797506550416985,5.762694609757133,6.0,1.0,5642.577448751337,0.4556995191544472
688,-6.696004985298888,5.9124835479349755,-5.7065600521635895,-3.328586797160952,-5.895249141566555,-0.5120895947258769,-7.883803214571685,-0.5121513626206942,-4.333802998618845,-8.228964420281494,-6.024674233466269,0.2950891832263961,-2.229357461246608,-6.476615718196866,-3.511906911625071,-2.4022449883024364,1.2473168112459696,1.9840608583385582,5.470638155336892,3.984127610461492,5.3836781548216575,-5.893957719018902,1.4963905036805352,-6.245056384754756,2.4852086247940433,-8.222411702485065,-1.5347172166306475,1.508390216546355,2.972204885746868,2.0509920690514916,-2.772608626055891,-7.603671353283113,6.809059254474485,-4.301822949108635,2.6743809985057454,2.1589791350516667,3.0829762492154766,-5.6157012661398715,-6.746889223284943,-7.260736005196709,-2.590015889655982,-0.8686287247897928,-6.011725060950992,7.224918238913001,-1.35635542767679,5.585217317178303,3.6101648356680127,-2.8043760754263984,-4.788673629071794,5.460444980657626,6.0,1.0,7314.597646350351,0.004066627759371233
689,-5.8272808753301,5.380070864002525,-5.220926698525169,-3.3573898889651677,-6.460045738249664,-2.017866450586889,-7.441494973734458,-0.9191907915543132,-4.055033081709983,-8.11268403621703,-6.0542763513478395,-1.4440196908650815,-1.481323071193442,-4.9754321077933295,-2.817355096385241,-3.4140575225534517,0.634371625020423,1.848524065910036,6.189432509738709,5.253650964313456,5.857245057811059,-6.112656143942958,1.5851473095196453,-5.921701757631098,2.8199264266838857,-8.293532638486134,-1.8251121947995217,1.3126164902705244,3.4454063675983173,1.6666361033876498,-4.019998122434643,-7.483188801567561,7.2418105095189045,-4.904406038402803,2.747505527700585,1.9600376692450219,1.8334437508609505,-5.0174722904105025,-7.4202549887152545,-6.723123436554873,-2.454503016156702,0.30894830077085245,-4.913131639862717,7.346309992838653,-1.8378874239586873,4.751595200741239,3.5982252505469217,-3.2179739391433766,-3.691511553828189,5.60478248118237,6.0,1.0,5076.673471732808,0.48902207173601736
690,-7.218299047721308,4.3801683607690105,-4.8192267915060985,-3.151291489040401,-6.067338616145368,-0.9100995072905641,-7.703888678182917,-1.378110450632331,-4.553739849260735,-8.147644916755794,-5.836481814845329,-0.7575660845895319,-2.1902868006984306,-5.769636862045743,-3.230473149269996,-3.3688451354571214,1.6976387797452541,2.7927841101834185,6.50598248163665,4.775020157408345,5.413372123659424,-5.67992214342885,1.7899387127591457,-5.531281872611917,1.4127403864151877,-7.565030677105685,-0.947508043563062,1.6039973719579135,4.320688845585086,3.1742502388331126,-2.8896914680409607,-8.485771822884875,7.408154000661021,-5.4710654037194875,1.976118978411186,1.898339588934244,2.4593205832822904,-5.582752130108841,-6.737384969285389,-8.250811865654605,-2.212497969271714,-0.17366161303044125,-5.013517927030613,6.371082545491962,-2.020904288853228,5.0768475409832385,4.137947350611305,-3.36891770917273,-4.252901301169651,6.156787531180693,6.0,1.0,5658.531207161372,0.6961451816276716
691,-6.274198509404332,5.854736060924147,-5.222106855023425,-3.4969262452578747,-5.6171522766612885,-0.8755072757765147,-7.522890699853993,-1.2084427626611913,-4.218347470313281,-7.196817802637702,-6.779407691194802,-0.3325986907794225,-2.148849816203238,-6.341747916552773,-3.959184857517672,-2.060268155689868,1.768726110077023,2.008277524565929,6.1816854356350435,4.067629185393113,5.167659418041319,-4.6905467395406095,1.7253915205757937,-5.760362649757517,2.0836958961396093,-7.928736821424973,-1.9303397861439107,1.2899384041418493,3.4247296975403,3.1314438442291164,-3.041464322150362,-7.871109846733109,6.925161600536715,-5.349413021415553,2.714571563748956,1.711385409236056,2.8554137156199366,-6.064056790768469,-7.529133295156736,-7.312761079207635,-2.0146169412127843,-0.5447495544554904,-6.517376865757223,6.622887875321106,-1.913006718020672,5.5262505160052555,2.94588935196654,-4.853145383006924,-5.653261948976796,5.6151701160637595,6.0,1.0,5711.752945212515,0.7068811719791115
692,-5.870375116344753,5.890043275621095,-5.870404156400214,-2.467907655508255,-6.43174922260987,-2.1494631656319525,-7.112793966962782,-0.6580012790267653,-3.8759929236319413,-8.04682687021396,-6.853289118789025,-0.41810406632898844,-1.2836015774178693,-6.0746918837175095,-3.358061433709455,-2.437342720133362,0.4437411446783336,2.0462752707635556,6.013706139256034,3.6346575859500017,5.452051605474624,-5.803499454432602,1.997480954847683,-6.5419060204275645,2.049665347580826,-7.89557140466576,-2.0136143774214954,1.2124276104490734,3.8545903917919397,2.636586792344202,-3.55071363628371,-7.406383859590009,7.214855858179798,-4.629053050184925,2.559756581768027,1.8945614495179066,1.6900329428800283,-5.785195250620518,-7.202515559337587,-7.6681258678783415,-1.728128006331888,0.2035049662133539,-5.283832512846399,6.752612482020955,-0.8817667840638103,5.073670066635844,3.2035033081725466,-3.6920668319171455,-5.4124348933295625,6.011976354208013,6.0,1.0,5224.673609722765,0.7634555865568307
693,-6.293294466518975,5.266421550855643,-4.95103205170964,-2.49811314109878,-5.878040020788651,-0.2421296811766256,-8.22150929670387,-1.0587402154948737,-3.4209669593662166,-8.378008295890783,-5.714748835023096,-0.9637836639433489,-2.8479388215420465,-6.735209113098409,-3.0241335330878316,-2.941593110843057,0.6970803111318168,1.7598965715328265,5.9841658790249115,3.4789066662011274,4.54647953829717,-6.084845154357568,1.9836234822414034,-6.460864484713806,2.00586105672607,-7.4715403940465785,-1.4364747292794307,1.1639907758038481,3.0256436866986958,2.677846317923874,-3.1413103382713494,-8.412873163353286,6.4779125635995385,-5.2355984615007545,2.854586121162655,2.0514023834106236,2.3274395247112465,-5.240874062751062,-7.215668960846344,-6.5562442531907035,-3.3196587927047885,-1.1245937367611594,-5.130195342500447,6.937078508407063,-1.1910969020348225,4.081947211352704,2.9540452250486737,-4.048733332387638,-4.963367796789854,4.872135930864392,6.0,1.0,4546.086411750571,0.5918910558427793
694,-6.186101038398307,5.732590589496294,-5.0661224191914505,-2.569082402868262,-6.4906966048136,-0.9994171175970926,-8.35895084111613,0.12016001671832932,-4.035154686401155,-7.540399129683001,-6.484958019597068,-1.1231615053256394,-1.852166485899236,-5.829140399371415,-4.323066953726248,-3.5738831445754498,1.7453962467441329,1.8513024682694281,6.512994144652559,4.885661789416062,6.274852538464521,-5.762263476567034,2.6886291213993756,-5.896248943954981,1.6583051628370895,-7.178705885266752,-2.5162929234042704,1.9325434043107999,3.1087205276031007,1.7455923737985306,-2.349729828946902,-7.335031193814538,7.053001513631253,-6.314376227143189,2.727765005379756,1.7339210113209351,2.2407567660454686,-4.950655561787351,-8.367472439050731,-8.21821570074794,-1.8026189570084836,-0.5186326612026795,-5.924771247231298,7.14342484674798,-0.6596684151799129,4.660366170443679,2.7641093553376805,-3.2019445096886434,-4.89491248400788,5.360711416076926,6.0,1.0,7013.843898211944,0.14777036603927104
695,-6.672126099853539,5.875505619744107,-5.543643108364907,-3.646420285834086,-7.258582013250493,-1.6001733996522671,-7.399299022274118,-0.8118289893951575,-3.373666100593878,-7.400807854353435,-6.219479521801125,-0.14758779150979962,-2.2166128794361977,-5.150807563933947,-3.18091229572224,-3.7045015727177244,1.4855537240728887,1.924473574981935,5.475288953225865,3.9400009925123913,5.72485905146775,-5.402417535410805,1.8876342667733113,-6.01683204150849,2.5149882452265944,-7.5172476340093874,-1.3453906885280056,1.839451927750484,3.8677222074357287,2.7405244258971564,-2.997364174717021,-8.474342760877185,7.071042664220827,-4.842744935902742,2.5724481566568422,2.4630273624738384,1.9971164639759302,-5.444659487682267,-6.549549100064914,-6.964899819328722,-2.3998133764116947,-0.9666912886431132,-6.083645278154978,5.554685173494146,-0.9885076101015566,5.066360241702849,4.8134815604662275,-3.339887685902795,-4.111633274029205,5.057201261981849,6.0,1.0,5122.923953169546,0.3477426568694442
696,-6.127085495639991,5.712502448221357,-5.324353694191667,-2.4828257582696196,-5.9808410900060025,-0.719733267849167,-7.792469333770537,0.2739249389491605,-4.2172274970339485,-7.391339835725179,-7.335603059703516,-0.08058452357995316,-1.7708106912955457,-5.665448517749257,-3.030461258120832,-2.7233034993703624,0.2512932387151634,1.389830718233208,6.239467965829257,4.4907168967243845,5.485603987904101,-5.5665693215499115,1.702698575773047,-6.860430194270135,2.7683331079367686,-8.08077643988632,-0.9347217145464555,1.9514472959862763,3.3371381581805757,2.474817223698614,-3.344376499921767,-7.556948611153002,6.472715786870329,-5.499681789071751,3.2796083253361985,1.6135262011009452,3.1893919228532592,-5.288726217969691,-6.64802165918355,-8.141573456931189,-2.1646594529693703,-0.6926919033304009,-5.172804433257897,7.836993128043712,-1.2825340857093919,5.41089304488417,4.009935008403222,-4.1885534831554265,-4.910578154730784,6.257140668962906,6.0,1.0,5995.744473440599,0.7087195964382987
697,-6.31055438949553,4.519695260366147,-4.590235600857038,-2.888342228417154,-6.448347479857092,-0.9508509896230929,-8.476585805535498,-0.596723645140714,-3.472360140793816,-7.971219889994195,-6.860447715293031,-0.9679009029956617,-1.655508461237267,-5.196095716162998,-2.83618332294162,-3.1962612159537427,0.956095014912961,2.2900720104367482,5.950454895155316,4.290872005101053,5.308162005908209,-4.610378062607376,2.05417740209367,-5.652356642481824,1.766228140135199,-8.083685933045755,-2.145531571142274,0.42704246475530616,3.848118247224972,2.409444741856738,-3.2015059093588594,-7.894038541163372,6.749727805114094,-4.411188726947424,2.5365846649254364,1.3462672219882696,2.179019554948211,-4.969057669864323,-6.643162301429784,-7.914872693565477,-1.416830628526125,-1.6559317594868725,-4.847654938463492,7.349221525360832,-0.730221942122578,5.16882703100351,3.024963835124738,-3.49861002604411,-4.778132172994145,5.26679211697952,6.0,1.0,4833.520495139836,0.2040370242678372
698,-6.156931283067169,5.163581766236064,-6.4104318796846975,-2.3572665752952737,-6.5416084089211175,-1.6842016990528696,-8.789496980167469,-0.5907872515082246,-2.536906619476741,-7.949183164816959,-6.048249096680829,-0.6325411522029827,-2.5127369847780465,-5.301955961442343,-4.0235768455831575,-2.7137903903729264,1.0429318003440193,1.766838176452826,6.59248257358256,4.280534199514133,5.711473920984064,-6.028941872267391,0.7436522783560431,-5.891860503391784,2.2196947351108323,-7.064829257646304,-2.2863232799885136,1.755808458984355,4.49655803102533,1.7608844918406805,-2.8697810784660702,-7.8755373358905985,7.169160346900536,-4.756085266156423,3.33365725550556,1.0477808207921087,2.369839939466791,-5.029851676162402,-6.444999125486154,-7.274288873824344,-1.3867348749760922,-0.42546478144458133,-5.921239040331528,7.25896197253331,-1.69096993484981,5.267486922119694,3.469121542448075,-3.8933258547674354,-4.489286035200107,6.534088349002225,6.0,1.0,5950.132467513525,0.35465015578318726
699,-0.7961421765763417,-1.0117526721527423,1.7053405402367026,1.566413753111056,0.7331070398999477,0.26753863799868904,0.18786352097212689,-1.1583046560529366,1.0790178727417428,1.5849204038278932,0.8866018262638864,-0.0048786003669367695,-0.23114886842322324,1.2097221112177015,1.3793252229596784,-1.0834471823490883,1.8486701656169973,-1.7643266578173056,-0.8406484539968329,-0.7513434315561316,0.8076250700839807,0.8304354447394133,1.772115066462896,0.4255326673659061,-0.5790908406938033,-0.3168030605433505,1.6259982925908334,-0.9922839900002307,-0.7883182452262809,-1.6958094866267546,-0.9940278469092756,1.642542361871663,1.37457332490271,0.5487777531204991,1.960428564679983,1.7596781433772257,1.4197513663787946,1.6845820250340746,0.663026868135629,-0.4277784599798151,0.33109646812379623,-0.49035236548461336,-0.07859284365904262,-0.5542486569057057,-1.33357014007448,1.5797652603640442,0.1722629364813253,1.2932049606463432,0.27134334068062005,-1.9733141033629256,6.0,1.0,0.537515351588839,0.4935495806567161
